# Blender 4.4.1
# www.blender.org
mtllib title_text.mtl
o テキスト
v 4.204603 0.320779 0.000000
v 4.191206 0.342040 0.000000
v 4.177747 0.362604 0.000000
v 4.164225 0.382471 -0.000000
v 4.150640 0.401640 -0.000000
v 4.136993 0.420112 -0.000000
v 4.123284 0.437886 -0.000000
v 4.109512 0.454963 -0.000000
v 4.095678 0.471342 -0.000000
v 4.081781 0.487024 -0.000000
v 4.067822 0.502008 -0.000000
v 4.053801 0.516295 -0.000000
v 4.039717 0.529885 -0.000000
v 4.037562 0.532102 -0.000000
v 4.035594 0.534257 -0.000000
v 4.033814 0.536349 -0.000000
v 4.032222 0.538379 -0.000000
v 4.030817 0.540346 -0.000000
v 4.029599 0.542251 -0.000000
v 4.028568 0.544094 -0.000000
v 4.027725 0.545874 -0.000000
v 4.027070 0.547592 -0.000000
v 4.026601 0.549247 -0.000000
v 4.026320 0.550839 -0.000000
v 4.026226 0.552369 -0.000000
v 4.026356 0.555123 -0.000000
v 4.026747 0.557637 -0.000000
v 4.027397 0.559911 -0.000000
v 4.028308 0.561946 -0.000000
v 4.029479 0.563742 -0.000000
v 4.030910 0.565298 -0.000000
v 4.032602 0.566615 -0.000000
v 4.034554 0.567692 -0.000000
v 4.036766 0.568530 -0.000000
v 4.039238 0.569129 -0.000000
v 4.041971 0.569488 -0.000000
v 4.044963 0.569608 -0.000000
v 4.046972 0.569545 -0.000000
v 4.049002 0.569358 -0.000000
v 4.051053 0.569045 -0.000000
v 4.053124 0.568608 -0.000000
v 4.055216 0.568046 -0.000000
v 4.057330 0.567359 -0.000000
v 4.059464 0.566547 -0.000000
v 4.061618 0.565610 -0.000000
v 4.063794 0.564548 -0.000000
v 4.065990 0.563362 -0.000000
v 4.068208 0.562050 -0.000000
v 4.070446 0.560614 -0.000000
v 4.098603 0.541585 -0.000000
v 4.125616 0.522224 -0.000000
v 4.151484 0.502529 -0.000000
v 4.176206 0.482501 -0.000000
v 4.199784 0.462140 -0.000000
v 4.222216 0.441446 -0.000000
v 4.243504 0.420419 -0.000000
v 4.263646 0.399058 -0.000000
v 4.282643 0.377365 -0.000000
v 4.300496 0.355339 0.000000
v 4.317203 0.332979 0.000000
v 4.332765 0.310286 0.000000
v 4.341384 0.296790 0.000000
v 4.349254 0.283534 0.000000
v 4.356374 0.270517 0.000000
v 4.362744 0.257739 0.000000
v 4.368365 0.245201 0.000000
v 4.373237 0.232902 0.000000
v 4.377359 0.220843 0.000000
v 4.380732 0.209023 0.000000
v 4.383355 0.197442 0.000000
v 4.385229 0.186101 0.000000
v 4.386353 0.174999 0.000000
v 4.386728 0.164137 0.000000
v 4.386603 0.159843 0.000000
v 4.386228 0.155705 0.000000
v 4.385603 0.151724 0.000000
v 4.384729 0.147898 0.000000
v 4.383605 0.144229 0.000000
v 4.382230 0.140716 0.000000
v 4.380606 0.137358 0.000000
v 4.378733 0.134158 0.000000
v 4.376609 0.131113 0.000000
v 4.374236 0.128224 0.000000
v 4.371613 0.125492 0.000000
v 4.368740 0.122915 0.000000
v 4.366210 0.120880 0.000000
v 4.363618 0.119022 0.000000
v 4.360964 0.117341 0.000000
v 4.358247 0.115837 0.000000
v 4.355467 0.114510 0.000000
v 4.352625 0.113359 0.000000
v 4.349721 0.112386 0.000000
v 4.346754 0.111590 0.000000
v 4.343725 0.110970 0.000000
v 4.340633 0.110528 0.000000
v 4.337479 0.110263 0.000000
v 4.334264 0.110174 0.000000
v 4.327826 0.110460 0.000000
v 4.321752 0.111319 0.000000
v 4.316042 0.112750 0.000000
v 4.310697 0.114754 0.000000
v 4.305716 0.117331 0.000000
v 4.301099 0.120479 0.000000
v 4.296846 0.124201 0.000000
v 4.292958 0.128495 0.000000
v 4.289434 0.133361 0.000000
v 4.286275 0.138800 0.000000
v 4.283480 0.144812 0.000000
v 4.281050 0.151396 0.000000
v 4.276803 0.163439 0.000000
v 4.272556 0.175088 0.000000
v 4.268309 0.186340 0.000000
v 4.264061 0.197197 0.000000
v 4.259814 0.207659 0.000000
v 4.255567 0.217725 0.000000
v 4.251320 0.227395 0.000000
v 4.247073 0.236670 0.000000
v 4.242826 0.245550 0.000000
v 4.238578 0.254033 0.000000
v 4.234331 0.262121 0.000000
v 4.230086 0.269814 0.000000
v 4.172589 0.258853 0.000000
v 4.114270 0.247954 0.000000
v 4.055128 0.237118 0.000000
v 3.995164 0.226344 0.000000
v 3.934378 0.215633 0.000000
v 3.872769 0.204984 0.000000
v 3.810338 0.194397 0.000000
v 3.747085 0.183873 0.000000
v 3.683009 0.173412 0.000000
v 3.618111 0.163013 0.000000
v 3.552391 0.152676 0.000000
v 3.485848 0.142402 0.000000
v 3.478104 0.141007 0.000000
v 3.470859 0.139571 0.000000
v 3.464113 0.138092 0.000000
v 3.457868 0.136573 0.000000
v 3.452121 0.135011 0.000000
v 3.446875 0.133408 0.000000
v 3.442128 0.131763 0.000000
v 3.437881 0.130077 0.000000
v 3.434134 0.128349 0.000000
v 3.430886 0.126579 0.000000
v 3.428138 0.124768 0.000000
v 3.425890 0.122915 0.000000
v 3.423365 0.120401 0.000000
v 3.420789 0.118106 0.000000
v 3.418161 0.116029 0.000000
v 3.415480 0.114171 0.000000
v 3.412748 0.112532 0.000000
v 3.409963 0.111111 0.000000
v 3.407126 0.109909 0.000000
v 3.404238 0.108925 0.000000
v 3.401297 0.108160 0.000000
v 3.398304 0.107613 0.000000
v 3.395260 0.107285 0.000000
v 3.392163 0.107176 0.000000
v 3.386760 0.107603 0.000000
v 3.381295 0.108883 0.000000
v 3.375768 0.111017 0.000000
v 3.370178 0.114005 0.000000
v 3.364526 0.117846 0.000000
v 3.358811 0.122541 0.000000
v 3.353033 0.128089 0.000000
v 3.347193 0.134491 0.000000
v 3.341291 0.141746 0.000000
v 3.335327 0.149855 0.000000
v 3.329300 0.158818 0.000000
v 3.323210 0.168634 0.000000
v 3.317824 0.177300 0.000000
v 3.312905 0.185809 0.000000
v 3.308455 0.194163 0.000000
v 3.304473 0.202361 0.000000
v 3.300960 0.210402 0.000000
v 3.297915 0.218287 0.000000
v 3.295339 0.226016 0.000000
v 3.293231 0.233589 0.000000
v 3.291591 0.241006 0.000000
v 3.290420 0.248266 0.000000
v 3.289718 0.255371 0.000000
v 3.289484 0.262319 0.000000
v 3.289551 0.264807 0.000000
v 3.289754 0.267274 0.000000
v 3.290092 0.269720 0.000000
v 3.290566 0.272146 0.000000
v 3.291175 0.274550 0.000000
v 3.291919 0.276934 0.000000
v 3.292799 0.279297 0.000000
v 3.293814 0.281639 0.000000
v 3.294964 0.283961 0.000000
v 3.296250 0.286261 0.000000
v 3.297671 0.288541 0.000000
v 3.299227 0.290800 0.000000
v 3.300466 0.292595 0.000000
v 3.301683 0.294235 0.000000
v 3.302881 0.295718 0.000000
v 3.304057 0.297045 0.000000
v 3.305212 0.298216 0.000000
v 3.306347 0.299231 0.000000
v 3.307461 0.300090 0.000000
v 3.308554 0.300793 0.000000
v 3.309626 0.301339 0.000000
v 3.310677 0.301730 0.000000
v 3.311708 0.301964 0.000000
v 3.312718 0.302042 0.000000
v 3.314092 0.301927 0.000000
v 3.315466 0.301584 0.000000
v 3.316840 0.301011 0.000000
v 3.318214 0.300210 0.000000
v 3.319588 0.299179 0.000000
v 3.320962 0.297920 0.000000
v 3.322336 0.296431 0.000000
v 3.323710 0.294714 0.000000
v 3.325084 0.292767 0.000000
v 3.326458 0.290591 0.000000
v 3.327832 0.288187 0.000000
v 3.329206 0.285553 0.000000
v 3.334343 0.277413 0.000000
v 3.339761 0.269981 0.000000
v 3.345461 0.263256 0.000000
v 3.351441 0.257239 0.000000
v 3.357702 0.251931 0.000000
v 3.364245 0.247330 0.000000
v 3.371068 0.243436 0.000000
v 3.378172 0.240251 0.000000
v 3.385558 0.237774 0.000000
v 3.393224 0.236004 0.000000
v 3.401172 0.234942 0.000000
v 3.409401 0.234588 0.000000
v 3.415386 0.234620 0.000000
v 3.421351 0.234713 0.000000
v 3.427295 0.234869 0.000000
v 3.433218 0.235088 0.000000
v 3.439120 0.235369 0.000000
v 3.445002 0.235713 0.000000
v 3.450862 0.236119 0.000000
v 3.456702 0.236587 0.000000
v 3.462521 0.237118 0.000000
v 3.468319 0.237711 0.000000
v 3.474096 0.238367 0.000000
v 3.479852 0.239085 0.000000
v 3.507000 0.292627 0.000000
v 3.533732 0.346574 0.000000
v 3.560047 0.400927 -0.000000
v 3.585946 0.455686 -0.000000
v 3.611428 0.510851 -0.000000
v 3.636495 0.566422 -0.000000
v 3.661144 0.622399 -0.000000
v 3.685378 0.678782 -0.000000
v 3.709194 0.735571 -0.000000
v 3.732595 0.792766 -0.000000
v 3.755579 0.850367 -0.000000
v 3.778147 0.908374 -0.000000
v 3.781140 0.915921 -0.000000
v 3.783872 0.923072 -0.000000
v 3.786344 0.929828 -0.000000
v 3.788556 0.936188 -0.000000
v 3.790508 0.942153 -0.000000
v 3.792200 0.947722 -0.000000
v 3.793631 0.952896 -0.000000
v 3.794802 0.957673 -0.000000
v 3.795713 0.962056 -0.000000
v 3.796363 0.966043 -0.000000
v 3.796754 0.969634 -0.000000
v 3.796884 0.972830 -0.000000
v 3.796385 0.979778 -0.000000
v 3.794886 0.986633 -0.000000
v 3.792387 0.993394 -0.000000
v 3.788890 1.000061 -0.000000
v 3.784393 1.006634 -0.000000
v 3.778897 1.013114 -0.000000
v 3.772401 1.019501 -0.000000
v 3.764906 1.025793 -0.000000
v 3.756412 1.031992 -0.000000
v 3.746918 1.038097 -0.000000
v 3.736426 1.044109 -0.000000
v 3.724934 1.050027 -0.000000
v 3.722300 1.051401 -0.000000
v 3.719895 1.052775 -0.000000
v 3.717720 1.054149 -0.000000
v 3.715773 1.055523 -0.000000
v 3.714056 1.056897 -0.000000
v 3.712567 1.058271 -0.000000
v 3.711307 1.059645 -0.000000
v 3.710277 1.061019 -0.000000
v 3.709475 1.062393 -0.000000
v 3.708903 1.063767 -0.000000
v 3.708559 1.065141 -0.000000
v 3.708445 1.066515 -0.000000
v 3.708773 1.069987 -0.000000
v 3.709756 1.073156 -0.000000
v 3.711396 1.076024 -0.000000
v 3.713691 1.078590 -0.000000
v 3.716642 1.080854 -0.000000
v 3.720249 1.082816 -0.000000
v 3.724512 1.084477 -0.000000
v 3.729431 1.085835 -0.000000
v 3.735005 1.086892 -0.000000
v 3.741235 1.087646 -0.000000
v 3.748121 1.088099 -0.000000
v 3.755662 1.088250 -0.000000
v 3.764823 1.087995 -0.000000
v 3.774066 1.087230 -0.000000
v 3.783393 1.085955 -0.000000
v 3.792804 1.084170 -0.000000
v 3.802297 1.081874 -0.000000
v 3.811874 1.079069 -0.000000
v 3.821534 1.075754 -0.000000
v 3.831277 1.071928 -0.000000
v 3.841104 1.067593 -0.000000
v 3.851014 1.062747 -0.000000
v 3.861007 1.057391 -0.000000
v 3.871083 1.051526 -0.000000
v 3.882814 1.044171 -0.000000
v 3.893526 1.036848 -0.000000
v 3.903217 1.029556 -0.000000
v 3.911888 1.022295 -0.000000
v 3.919539 1.015066 -0.000000
v 3.926170 1.007868 -0.000000
v 3.931781 1.000701 -0.000000
v 3.936371 0.993565 -0.000000
v 3.939942 0.986461 -0.000000
v 3.942492 0.979387 -0.000000
v 3.944022 0.972345 -0.000000
v 3.944532 0.965335 -0.000000
v 3.944330 0.960812 -0.000000
v 3.943721 0.956487 -0.000000
v 3.942706 0.952359 -0.000000
v 3.941285 0.948430 -0.000000
v 3.939458 0.944698 -0.000000
v 3.937225 0.941164 -0.000000
v 3.934586 0.937828 -0.000000
v 3.931541 0.934689 -0.000000
v 3.928091 0.931749 -0.000000
v 3.924234 0.929006 -0.000000
v 3.919971 0.926461 -0.000000
v 3.915302 0.924113 -0.000000
v 3.911279 0.921553 -0.000000
v 3.907204 0.918367 -0.000000
v 3.903076 0.914557 -0.000000
v 3.898897 0.910123 -0.000000
v 3.894665 0.905064 -0.000000
v 3.890382 0.899380 -0.000000
v 3.886046 0.893072 -0.000000
v 3.881659 0.886139 -0.000000
v 3.877219 0.878582 -0.000000
v 3.872727 0.870400 -0.000000
v 3.868184 0.861594 -0.000000
v 3.863588 0.852163 -0.000000
v 3.835285 0.793542 -0.000000
v 3.807335 0.736347 -0.000000
v 3.779740 0.680578 -0.000000
v 3.752498 0.626235 -0.000000
v 3.725610 0.573319 -0.000000
v 3.699076 0.521828 -0.000000
v 3.672897 0.471764 -0.000000
v 3.647071 0.423125 -0.000000
v 3.621599 0.375913 -0.000000
v 3.596481 0.330127 0.000000
v 3.571717 0.285767 0.000000
v 3.547306 0.242833 0.000000
v 3.596527 0.247038 0.000000
v 3.646758 0.251660 0.000000
v 3.697999 0.256698 0.000000
v 3.750249 0.262153 0.000000
v 3.803509 0.268024 0.000000
v 3.857779 0.274311 0.000000
v 3.913059 0.281015 0.000000
v 3.969348 0.288135 0.000000
v 4.026648 0.295671 0.000000
v 4.084956 0.303624 0.000000
v 4.144275 0.311993 0.000000
v 2.000372 0.801198 -0.000000
v 2.001038 0.787140 -0.000000
v 2.001787 0.772197 -0.000000
v 2.002620 0.756369 -0.000000
v 2.003536 0.739657 -0.000000
v 2.004535 0.722060 -0.000000
v 2.005618 0.703578 -0.000000
v 2.006784 0.684211 -0.000000
v 2.008033 0.663959 -0.000000
v 2.009365 0.642823 -0.000000
v 2.010781 0.620801 -0.000000
v 2.012280 0.597895 -0.000000
v 2.013862 0.574104 -0.000000
v 2.014581 0.562888 -0.000000
v 2.015237 0.552224 -0.000000
v 2.015830 0.542111 -0.000000
v 2.016361 0.532550 -0.000000
v 2.016829 0.523540 -0.000000
v 2.017236 0.515083 -0.000000
v 2.017579 0.507177 -0.000000
v 2.017860 0.499822 -0.000000
v 2.018079 0.493020 -0.000000
v 2.018235 0.486769 -0.000000
v 2.018329 0.481070 -0.000000
v 2.018359 0.475922 -0.000000
v 2.018135 0.468021 -0.000000
v 2.017464 0.460808 -0.000000
v 2.016345 0.454281 -0.000000
v 2.014778 0.448441 -0.000000
v 2.012764 0.443288 -0.000000
v 2.010302 0.438823 -0.000000
v 2.007393 0.435044 -0.000000
v 2.004036 0.431952 -0.000000
v 2.000231 0.429548 -0.000000
v 1.995979 0.427830 -0.000000
v 1.991279 0.426800 -0.000000
v 1.986131 0.426456 -0.000000
v 1.981806 0.426649 -0.000000
v 1.977575 0.427226 -0.000000
v 1.973437 0.428189 -0.000000
v 1.969393 0.429537 -0.000000
v 1.965443 0.431271 -0.000000
v 1.961586 0.433389 -0.000000
v 1.957823 0.435892 -0.000000
v 1.954153 0.438781 -0.000000
v 1.950578 0.442055 -0.000000
v 1.947096 0.445714 -0.000000
v 1.943707 0.449758 -0.000000
v 1.940413 0.454187 -0.000000
v 1.937181 0.458419 -0.000000
v 1.934230 0.462619 -0.000000
v 1.931560 0.466788 -0.000000
v 1.929171 0.470926 -0.000000
v 1.927063 0.475032 -0.000000
v 1.925236 0.479107 -0.000000
v 1.923690 0.483151 -0.000000
v 1.922426 0.487164 -0.000000
v 1.921442 0.491146 -0.000000
v 1.920739 0.495096 -0.000000
v 1.920318 0.499016 -0.000000
v 1.920177 0.502904 -0.000000
v 1.920198 0.505261 -0.000000
v 1.920260 0.507588 -0.000000
v 1.920364 0.509883 -0.000000
v 1.920510 0.512147 -0.000000
v 1.920697 0.514380 -0.000000
v 1.920926 0.516582 -0.000000
v 1.921197 0.518752 -0.000000
v 1.921509 0.520891 -0.000000
v 1.921863 0.522999 -0.000000
v 1.922259 0.525076 -0.000000
v 1.922696 0.527121 -0.000000
v 1.923175 0.529135 -0.000000
v 1.923414 0.530603 -0.000000
v 1.923633 0.532508 -0.000000
v 1.923831 0.534850 -0.000000
v 1.924008 0.537629 -0.000000
v 1.924164 0.540846 -0.000000
v 1.924299 0.544500 -0.000000
v 1.924414 0.548591 -0.000000
v 1.924507 0.553119 -0.000000
v 1.924580 0.558084 -0.000000
v 1.924632 0.563487 -0.000000
v 1.924663 0.569326 -0.000000
v 1.924674 0.575603 -0.000000
v 1.924611 0.590614 -0.000000
v 1.924424 0.606166 -0.000000
v 1.924112 0.622259 -0.000000
v 1.923674 0.638893 -0.000000
v 1.923112 0.656069 -0.000000
v 1.922425 0.673786 -0.000000
v 1.921613 0.692044 -0.000000
v 1.920677 0.710844 -0.000000
v 1.919615 0.730184 -0.000000
v 1.918428 0.750067 -0.000000
v 1.917117 0.770490 -0.000000
v 1.915680 0.791455 -0.000000
v 1.913702 0.802749 -0.000000
v 1.911017 0.813648 -0.000000
v 1.907623 0.824151 -0.000000
v 1.903522 0.834259 -0.000000
v 1.898713 0.843971 -0.000000
v 1.893196 0.853287 -0.000000
v 1.886971 0.862208 -0.000000
v 1.880038 0.870733 -0.000000
v 1.872397 0.878863 -0.000000
v 1.864049 0.886597 -0.000000
v 1.854993 0.893936 -0.000000
v 1.845229 0.900879 -0.000000
v 1.841518 0.903341 -0.000000
v 1.838129 0.905730 -0.000000
v 1.835064 0.908046 -0.000000
v 1.832321 0.910289 -0.000000
v 1.829901 0.912460 -0.000000
v 1.827803 0.914557 -0.000000
v 1.826028 0.916582 -0.000000
v 1.824576 0.918534 -0.000000
v 1.823447 0.920413 -0.000000
v 1.822640 0.922219 -0.000000
v 1.822156 0.923952 -0.000000
v 1.821995 0.925612 -0.000000
v 1.822270 0.928006 -0.000000
v 1.823098 0.930192 -0.000000
v 1.824477 0.932170 -0.000000
v 1.826408 0.933940 -0.000000
v 1.828891 0.935501 -0.000000
v 1.831925 0.936855 -0.000000
v 1.835511 0.938000 -0.000000
v 1.839649 0.938936 -0.000000
v 1.844338 0.939665 -0.000000
v 1.849580 0.940186 -0.000000
v 1.855372 0.940498 -0.000000
v 1.861717 0.940602 -0.000000
v 1.869160 0.940102 -0.000000
v 1.877248 0.938603 -0.000000
v 1.885982 0.936105 -0.000000
v 1.895361 0.932607 -0.000000
v 1.905385 0.928111 -0.000000
v 1.916055 0.922614 -0.000000
v 1.927370 0.916119 -0.000000
v 1.939330 0.908624 -0.000000
v 1.951936 0.900130 -0.000000
v 1.965188 0.890636 -0.000000
v 1.979084 0.880144 -0.000000
v 1.993626 0.868652 -0.000000
v 2.000772 0.869151 -0.000000
v 2.007721 0.869651 -0.000000
v 2.014471 0.870151 -0.000000
v 2.021024 0.870650 -0.000000
v 2.027379 0.871150 -0.000000
v 2.033536 0.871650 -0.000000
v 2.039496 0.872149 -0.000000
v 2.045257 0.872649 -0.000000
v 2.050821 0.873149 -0.000000
v 2.056187 0.873648 -0.000000
v 2.061356 0.874148 -0.000000
v 2.066326 0.874647 -0.000000
v 2.071807 0.875168 -0.000000
v 2.077756 0.875730 -0.000000
v 2.084173 0.876334 -0.000000
v 2.091059 0.876979 -0.000000
v 2.098413 0.877666 -0.000000
v 2.106236 0.878395 -0.000000
v 2.114527 0.879165 -0.000000
v 2.123287 0.879977 -0.000000
v 2.132515 0.880831 -0.000000
v 2.142211 0.881726 -0.000000
v 2.152376 0.882663 -0.000000
v 2.163010 0.883641 -0.000000
v 2.173862 0.884614 -0.000000
v 2.184182 0.885536 -0.000000
v 2.193973 0.886405 -0.000000
v 2.203232 0.887222 -0.000000
v 2.211960 0.887987 -0.000000
v 2.220158 0.888700 -0.000000
v 2.227824 0.889361 -0.000000
v 2.234960 0.889970 -0.000000
v 2.241565 0.890527 -0.000000
v 2.247639 0.891032 -0.000000
v 2.253182 0.891485 -0.000000
v 2.258194 0.891886 -0.000000
v 2.256695 1.069513 -0.000000
v 2.256216 1.078465 -0.000000
v 2.254780 1.086834 -0.000000
v 2.252386 1.094621 -0.000000
v 2.249034 1.101824 -0.000000
v 2.244724 1.108444 -0.000000
v 2.239457 1.114482 -0.000000
v 2.233232 1.119936 -0.000000
v 2.226049 1.124808 -0.000000
v 2.217909 1.129097 -0.000000
v 2.208811 1.132802 -0.000000
v 2.198756 1.135925 -0.000000
v 2.187742 1.138466 -0.000000
v 2.183313 1.139512 -0.000000
v 2.179269 1.140652 -0.000000
v 2.175610 1.141885 -0.000000
v 2.172336 1.143212 -0.000000
v 2.169448 1.144633 -0.000000
v 2.166944 1.146148 -0.000000
v 2.164826 1.147756 -0.000000
v 2.163093 1.149458 -0.000000
v 2.161745 1.151254 -0.000000
v 2.160782 1.153143 -0.000000
v 2.160204 1.155126 -0.000000
v 2.160012 1.157203 -0.000000
v 2.160157 1.159436 -0.000000
v 2.160595 1.161637 -0.000000
v 2.161323 1.163808 -0.000000
v 2.162344 1.165947 -0.000000
v 2.163655 1.168055 -0.000000
v 2.165258 1.170132 -0.000000
v 2.167153 1.172177 -0.000000
v 2.169339 1.174191 -0.000000
v 2.171816 1.176174 -0.000000
v 2.174585 1.178126 -0.000000
v 2.177645 1.180047 -0.000000
v 2.180997 1.181936 -0.000000
v 2.184005 1.183372 -0.000000
v 2.187035 1.184684 -0.000000
v 2.190085 1.185870 -0.000000
v 2.193156 1.186932 -0.000000
v 2.196247 1.187869 -0.000000
v 2.199360 1.188681 -0.000000
v 2.202493 1.189368 -0.000000
v 2.205647 1.189930 -0.000000
v 2.208822 1.190367 -0.000000
v 2.212018 1.190680 -0.000000
v 2.215234 1.190867 -0.000000
v 2.218471 1.190930 -0.000000
v 2.224759 1.190727 -0.000000
v 2.231379 1.190118 -0.000000
v 2.238333 1.189103 -0.000000
v 2.245619 1.187682 -0.000000
v 2.253239 1.185855 -0.000000
v 2.261192 1.183622 -0.000000
v 2.269478 1.180983 -0.000000
v 2.278097 1.177939 -0.000000
v 2.287049 1.174488 -0.000000
v 2.296334 1.170631 -0.000000
v 2.305953 1.166368 -0.000000
v 2.315904 1.161700 -0.000000
v 2.325960 1.156453 -0.000000
v 2.335141 1.151207 -0.000000
v 2.343448 1.145960 -0.000000
v 2.350880 1.140714 -0.000000
v 2.357438 1.135468 -0.000000
v 2.363122 1.130221 -0.000000
v 2.367931 1.124975 -0.000000
v 2.371866 1.119728 -0.000000
v 2.374926 1.114482 -0.000000
v 2.377112 1.109236 -0.000000
v 2.378424 1.103989 -0.000000
v 2.378861 1.098743 -0.000000
v 2.378705 1.095042 -0.000000
v 2.378236 1.091436 -0.000000
v 2.377455 1.087922 -0.000000
v 2.376363 1.084503 -0.000000
v 2.374957 1.081177 -0.000000
v 2.373240 1.077945 -0.000000
v 2.371210 1.074806 -0.000000
v 2.368868 1.071762 -0.000000
v 2.366213 1.068811 -0.000000
v 2.363247 1.065953 -0.000000
v 2.359968 1.063189 -0.000000
v 2.356376 1.060519 -0.000000
v 2.354685 1.059369 -0.000000
v 2.353108 1.057917 -0.000000
v 2.351645 1.056163 -0.000000
v 2.350297 1.054107 -0.000000
v 2.349064 1.051749 -0.000000
v 2.347944 1.049090 -0.000000
v 2.346940 1.046128 -0.000000
v 2.346050 1.042865 -0.000000
v 2.345274 1.039299 -0.000000
v 2.344613 1.035432 -0.000000
v 2.344067 1.031263 -0.000000
v 2.343635 1.026793 -0.000000
v 2.342136 0.897881 -0.000000
v 2.344109 0.898053 -0.000000
v 2.347778 0.898319 -0.000000
v 2.353144 0.898678 -0.000000
v 2.360207 0.899131 -0.000000
v 2.368967 0.899677 -0.000000
v 2.379423 0.900317 -0.000000
v 2.391576 0.901051 -0.000000
v 2.405426 0.901879 -0.000000
v 2.420972 0.902800 -0.000000
v 2.438216 0.903815 -0.000000
v 2.457156 0.904923 -0.000000
v 2.477793 0.906126 -0.000000
v 2.488020 0.906745 -0.000000
v 2.497967 0.907354 -0.000000
v 2.507632 0.907953 -0.000000
v 2.517016 0.908541 -0.000000
v 2.526119 0.909118 -0.000000
v 2.534941 0.909686 -0.000000
v 2.543482 0.910243 -0.000000
v 2.551742 0.910789 -0.000000
v 2.559721 0.911325 -0.000000
v 2.567419 0.911851 -0.000000
v 2.574836 0.912366 -0.000000
v 2.581971 0.912871 -0.000000
v 2.585536 0.913324 -0.000000
v 2.588987 0.913933 -0.000000
v 2.592323 0.914698 -0.000000
v 2.595545 0.915619 -0.000000
v 2.598652 0.916697 -0.000000
v 2.601645 0.917930 -0.000000
v 2.604523 0.919320 -0.000000
v 2.607287 0.920866 -0.000000
v 2.609936 0.922568 -0.000000
v 2.612471 0.924426 -0.000000
v 2.614891 0.926440 -0.000000
v 2.617197 0.928610 -0.000000
v 2.619482 0.930765 -0.000000
v 2.621839 0.932732 -0.000000
v 2.624270 0.934512 -0.000000
v 2.626773 0.936105 -0.000000
v 2.629350 0.937510 -0.000000
v 2.631999 0.938728 -0.000000
v 2.634721 0.939759 -0.000000
v 2.637516 0.940602 -0.000000
v 2.640384 0.941258 -0.000000
v 2.643325 0.941726 -0.000000
v 2.646338 0.942007 -0.000000
v 2.649425 0.942101 -0.000000
v 2.652683 0.941846 -0.000000
v 2.656461 0.941081 -0.000000
v 2.660761 0.939806 -0.000000
v 2.665580 0.938020 -0.000000
v 2.670920 0.935725 -0.000000
v 2.676781 0.932920 -0.000000
v 2.683162 0.929604 -0.000000
v 2.690063 0.925779 -0.000000
v 2.697485 0.921443 -0.000000
v 2.705428 0.916598 -0.000000
v 2.713891 0.911242 -0.000000
v 2.722874 0.905376 -0.000000
v 2.732451 0.898954 -0.000000
v 2.741195 0.892677 -0.000000
v 2.749106 0.886545 -0.000000
v 2.756184 0.880560 -0.000000
v 2.762430 0.874720 -0.000000
v 2.767843 0.869026 -0.000000
v 2.772423 0.863478 -0.000000
v 2.776170 0.858075 -0.000000
v 2.779085 0.852819 -0.000000
v 2.781167 0.847708 -0.000000
v 2.782416 0.842742 -0.000000
v 2.782832 0.837923 -0.000000
v 2.782640 0.834035 -0.000000
v 2.782062 0.830365 -0.000000
v 2.781099 0.826915 -0.000000
v 2.779751 0.823683 -0.000000
v 2.778018 0.820669 -0.000000
v 2.775900 0.817874 -0.000000
v 2.773396 0.815298 -0.000000
v 2.770508 0.812940 -0.000000
v 2.767234 0.810801 -0.000000
v 2.763575 0.808880 -0.000000
v 2.759531 0.807178 -0.000000
v 2.755102 0.805695 -0.000000
v 2.750974 0.804107 -0.000000
v 2.747087 0.802343 -0.000000
v 2.743438 0.800402 -0.000000
v 2.740029 0.798283 -0.000000
v 2.736859 0.795988 -0.000000
v 2.733929 0.793516 -0.000000
v 2.731238 0.790867 -0.000000
v 2.728786 0.788040 -0.000000
v 2.726574 0.785037 -0.000000
v 2.724602 0.781857 -0.000000
v 2.722868 0.778500 -0.000000
v 2.721375 0.774966 -0.000000
v 2.705605 0.734749 -0.000000
v 2.689522 0.695542 -0.000000
v 2.673127 0.657344 -0.000000
v 2.656420 0.620156 -0.000000
v 2.639400 0.583978 -0.000000
v 2.622069 0.548809 -0.000000
v 2.604424 0.514651 -0.000000
v 2.586468 0.481502 -0.000000
v 2.568199 0.449362 -0.000000
v 2.549618 0.418233 -0.000000
v 2.530725 0.388113 -0.000000
v 2.511519 0.359003 0.000000
v 2.480608 0.315788 0.000000
v 2.448833 0.274332 0.000000
v 2.416194 0.234635 0.000000
v 2.382691 0.196698 0.000000
v 2.348325 0.160520 0.000000
v 2.313094 0.126101 0.000000
v 2.276999 0.093441 0.000000
v 2.240040 0.062540 0.000000
v 2.202217 0.033399 0.000000
v 2.163530 0.006017 0.000000
v 2.123979 -0.019606 0.000000
v 2.083564 -0.043470 0.000000
v 2.079093 -0.045625 0.000000
v 2.074924 -0.047592 0.000000
v 2.071057 -0.049372 0.000000
v 2.067492 -0.050965 0.000000
v 2.064229 -0.052370 0.000000
v 2.061267 -0.053588 0.000000
v 2.058608 -0.054619 0.000000
v 2.056250 -0.055462 0.000000
v 2.054194 -0.056118 0.000000
v 2.052440 -0.056586 0.000000
v 2.050988 -0.056867 0.000000
v 2.049838 -0.056961 0.000000
v 2.046845 -0.056810 0.000000
v 2.044112 -0.056357 0.000000
v 2.041640 -0.055602 0.000000
v 2.039428 -0.054546 0.000000
v 2.037477 -0.053187 0.000000
v 2.035785 -0.051527 0.000000
v 2.034354 -0.049565 0.000000
v 2.033183 -0.047301 0.000000
v 2.032272 -0.044735 0.000000
v 2.031621 -0.041867 0.000000
v 2.031231 -0.038697 0.000000
v 2.031101 -0.035226 0.000000
v 2.031215 -0.033352 0.000000
v 2.031559 -0.031478 0.000000
v 2.032131 -0.029605 0.000000
v 2.032933 -0.027731 0.000000
v 2.033963 -0.025857 0.000000
v 2.035223 -0.023983 0.000000
v 2.036711 -0.022110 0.000000
v 2.038429 -0.020236 0.000000
v 2.040375 -0.018362 0.000000
v 2.042551 -0.016489 0.000000
v 2.044955 -0.014615 0.000000
v 2.047589 -0.012741 0.000000
v 2.090429 0.018669 0.000000
v 2.132010 0.051694 0.000000
v 2.172331 0.086331 0.000000
v 2.211393 0.122582 0.000000
v 2.249195 0.160447 0.000000
v 2.285737 0.199925 0.000000
v 2.321020 0.241016 0.000000
v 2.355044 0.283721 0.000000
v 2.387808 0.328040 0.000000
v 2.419312 0.373971 -0.000000
v 2.449557 0.421517 -0.000000
v 2.478542 0.470676 -0.000000
v 2.495858 0.501785 -0.000000
v 2.512331 0.532654 -0.000000
v 2.527961 0.563284 -0.000000
v 2.542748 0.593674 -0.000000
v 2.556691 0.623825 -0.000000
v 2.569792 0.653737 -0.000000
v 2.582049 0.683409 -0.000000
v 2.593463 0.712842 -0.000000
v 2.604033 0.742036 -0.000000
v 2.613761 0.770990 -0.000000
v 2.622646 0.799704 -0.000000
v 2.630687 0.828179 -0.000000
v 2.630927 0.829278 -0.000000
v 2.631145 0.830324 -0.000000
v 2.631343 0.831318 -0.000000
v 2.631520 0.832260 -0.000000
v 2.631676 0.833150 -0.000000
v 2.631812 0.833988 -0.000000
v 2.631926 0.834774 -0.000000
v 2.632020 0.835508 -0.000000
v 2.632093 0.836190 -0.000000
v 2.632145 0.836819 -0.000000
v 2.632176 0.837397 -0.000000
v 2.632186 0.837923 -0.000000
v 2.632046 0.839359 -0.000000
v 2.631624 0.840671 -0.000000
v 2.630922 0.841857 -0.000000
v 2.629938 0.842919 -0.000000
v 2.628673 0.843856 -0.000000
v 2.627127 0.844668 -0.000000
v 2.625301 0.845355 -0.000000
v 2.623193 0.845917 -0.000000
v 2.620804 0.846354 -0.000000
v 2.618134 0.846667 -0.000000
v 2.615183 0.846854 -0.000000
v 2.611950 0.846916 -0.000000
v 2.599126 0.846833 -0.000000
v 2.584636 0.846583 -0.000000
v 2.568480 0.846167 -0.000000
v 2.550659 0.845584 -0.000000
v 2.531173 0.844835 -0.000000
v 2.510020 0.843919 -0.000000
v 2.487203 0.842836 -0.000000
v 2.462720 0.841587 -0.000000
v 2.436571 0.840171 -0.000000
v 2.408757 0.838589 -0.000000
v 2.379277 0.836840 -0.000000
v 2.348132 0.834925 -0.000000
v 2.320870 0.833088 -0.000000
v 2.293295 0.831073 -0.000000
v 2.265408 0.828882 -0.000000
v 2.237208 0.826514 -0.000000
v 2.208697 0.823969 -0.000000
v 2.179873 0.821247 -0.000000
v 2.150737 0.818348 -0.000000
v 2.121288 0.815272 -0.000000
v 2.091527 0.812019 -0.000000
v 2.061455 0.808589 -0.000000
v 2.031069 0.804982 -0.000000
v 0.911372 0.233089 0.000000
v 0.930343 0.234063 0.000000
v 0.948284 0.234984 0.000000
v 0.965194 0.235853 0.000000
v 0.981074 0.236670 0.000000
v 0.995923 0.237435 0.000000
v 1.009742 0.238148 0.000000
v 1.022530 0.238809 0.000000
v 1.034287 0.239418 0.000000
v 1.045014 0.239975 0.000000
v 1.054711 0.240480 0.000000
v 1.063376 0.240933 0.000000
v 1.071012 0.241334 0.000000
v 1.075030 0.241563 0.000000
v 1.079090 0.242000 0.000000
v 1.083191 0.242645 0.000000
v 1.087334 0.243499 0.000000
v 1.091519 0.244561 0.000000
v 1.095745 0.245831 0.000000
v 1.100013 0.247309 0.000000
v 1.104322 0.248995 0.000000
v 1.108673 0.250890 0.000000
v 1.113066 0.252992 0.000000
v 1.117501 0.255303 0.000000
v 1.121977 0.257822 0.000000
v 1.124001 0.258780 0.000000
v 1.126078 0.259654 0.000000
v 1.128207 0.260446 0.000000
v 1.130388 0.261153 0.000000
v 1.132620 0.261778 0.000000
v 1.134905 0.262319 0.000000
v 1.137242 0.262777 0.000000
v 1.139631 0.263152 0.000000
v 1.142072 0.263443 0.000000
v 1.144565 0.263652 0.000000
v 1.147110 0.263777 0.000000
v 1.149708 0.263818 0.000000
v 1.153924 0.263657 0.000000
v 1.158327 0.263173 0.000000
v 1.162917 0.262366 0.000000
v 1.167695 0.261237 0.000000
v 1.172660 0.259785 0.000000
v 1.177813 0.258010 0.000000
v 1.183153 0.255912 0.000000
v 1.188681 0.253492 0.000000
v 1.194396 0.250749 0.000000
v 1.200298 0.247684 0.000000
v 1.206387 0.244295 0.000000
v 1.212664 0.240584 0.000000
v 1.219967 0.235947 0.000000
v 1.226634 0.231278 0.000000
v 1.232666 0.226578 0.000000
v 1.238063 0.221847 0.000000
v 1.242826 0.217085 0.000000
v 1.246953 0.212291 0.000000
v 1.250445 0.207466 0.000000
v 1.253303 0.202610 0.000000
v 1.255525 0.197723 0.000000
v 1.257113 0.192805 0.000000
v 1.258065 0.187855 0.000000
v 1.258383 0.182874 0.000000
v 1.258169 0.178684 0.000000
v 1.257529 0.174859 0.000000
v 1.256462 0.171398 0.000000
v 1.254968 0.168301 0.000000
v 1.253048 0.165568 0.000000
v 1.250700 0.163200 0.000000
v 1.247926 0.161196 0.000000
v 1.244725 0.159557 0.000000
v 1.241098 0.158282 0.000000
v 1.237043 0.157371 0.000000
v 1.232562 0.156824 0.000000
v 1.227654 0.156642 0.000000
v 1.224817 0.156673 0.000000
v 1.221804 0.156767 0.000000
v 1.218613 0.156923 0.000000
v 1.215246 0.157142 0.000000
v 1.211701 0.157423 0.000000
v 1.207980 0.157766 0.000000
v 1.204082 0.158172 0.000000
v 1.200006 0.158641 0.000000
v 1.195754 0.159172 0.000000
v 1.191325 0.159765 0.000000
v 1.186719 0.160421 0.000000
v 1.181935 0.161139 0.000000
v 1.165306 0.162575 0.000000
v 1.149395 0.163887 0.000000
v 1.134203 0.165074 0.000000
v 1.119728 0.166136 0.000000
v 1.105972 0.167072 0.000000
v 1.092934 0.167884 0.000000
v 1.080614 0.168571 0.000000
v 1.069013 0.169133 0.000000
v 1.058130 0.169571 0.000000
v 1.047965 0.169883 0.000000
v 1.038518 0.170070 0.000000
v 1.029790 0.170133 0.000000
v 1.012994 0.170091 0.000000
v 0.996084 0.169966 0.000000
v 0.979060 0.169758 0.000000
v 0.961920 0.169467 0.000000
v 0.944667 0.169092 0.000000
v 0.927298 0.168634 0.000000
v 0.909815 0.168093 0.000000
v 0.892218 0.167468 0.000000
v 0.874506 0.166760 0.000000
v 0.856680 0.165969 0.000000
v 0.838739 0.165095 0.000000
v 0.820684 0.164137 0.000000
v 0.797783 0.162862 0.000000
v 0.773800 0.161285 0.000000
v 0.748734 0.159406 0.000000
v 0.722585 0.157225 0.000000
v 0.695354 0.154742 0.000000
v 0.667040 0.151958 0.000000
v 0.637644 0.148871 0.000000
v 0.607165 0.145483 0.000000
v 0.575603 0.141793 0.000000
v 0.542959 0.137801 0.000000
v 0.509232 0.133507 0.000000
v 0.474423 0.128911 0.000000
v 0.468302 0.127990 0.000000
v 0.462431 0.126975 0.000000
v 0.456810 0.125866 0.000000
v 0.451439 0.124664 0.000000
v 0.446317 0.123368 0.000000
v 0.441446 0.121978 0.000000
v 0.436824 0.120495 0.000000
v 0.432452 0.118918 0.000000
v 0.428330 0.117247 0.000000
v 0.424457 0.115483 0.000000
v 0.420835 0.113625 0.000000
v 0.417462 0.111673 0.000000
v 0.414365 0.110237 0.000000
v 0.411321 0.108925 0.000000
v 0.408328 0.107738 0.000000
v 0.405387 0.106677 0.000000
v 0.402498 0.105740 0.000000
v 0.399662 0.104928 0.000000
v 0.396877 0.104241 0.000000
v 0.394145 0.103679 0.000000
v 0.391464 0.103241 0.000000
v 0.388836 0.102929 0.000000
v 0.386260 0.102742 0.000000
v 0.383735 0.102679 0.000000
v 0.378551 0.102955 0.000000
v 0.373243 0.103783 0.000000
v 0.367809 0.105162 0.000000
v 0.362250 0.107093 0.000000
v 0.356567 0.109576 0.000000
v 0.350758 0.112610 0.000000
v 0.344825 0.116196 0.000000
v 0.338766 0.120334 0.000000
v 0.332583 0.125023 0.000000
v 0.326275 0.130264 0.000000
v 0.319842 0.136057 0.000000
v 0.313284 0.142402 0.000000
v 0.305383 0.150558 0.000000
v 0.298169 0.158537 0.000000
v 0.291643 0.166339 0.000000
v 0.285803 0.173963 0.000000
v 0.280650 0.181411 0.000000
v 0.276184 0.188682 0.000000
v 0.272406 0.195777 0.000000
v 0.269314 0.202694 0.000000
v 0.266910 0.209434 0.000000
v 0.265192 0.215997 0.000000
v 0.264161 0.222383 0.000000
v 0.263818 0.228593 0.000000
v 0.263891 0.232543 0.000000
v 0.264109 0.236150 0.000000
v 0.264474 0.239413 0.000000
v 0.264984 0.242333 0.000000
v 0.265640 0.244909 0.000000
v 0.266441 0.247142 0.000000
v 0.267388 0.249032 0.000000
v 0.268481 0.250577 0.000000
v 0.269720 0.251780 0.000000
v 0.271105 0.252638 0.000000
v 0.272635 0.253154 0.000000
v 0.274311 0.253325 0.000000
v 0.276762 0.253253 0.000000
v 0.279120 0.253034 0.000000
v 0.281384 0.252670 0.000000
v 0.283554 0.252160 0.000000
v 0.285631 0.251504 0.000000
v 0.287614 0.250702 0.000000
v 0.289503 0.249755 0.000000
v 0.291299 0.248662 0.000000
v 0.293001 0.247423 0.000000
v 0.294609 0.246039 0.000000
v 0.296124 0.244509 0.000000
v 0.297545 0.242833 0.000000
v 0.304196 0.234932 0.000000
v 0.310661 0.227718 0.000000
v 0.316938 0.221191 0.000000
v 0.323027 0.215352 0.000000
v 0.328929 0.210199 0.000000
v 0.334644 0.205733 0.000000
v 0.340172 0.201955 0.000000
v 0.345512 0.198863 0.000000
v 0.350664 0.196458 0.000000
v 0.355630 0.194741 0.000000
v 0.360408 0.193710 0.000000
v 0.364998 0.193367 0.000000
v 0.371822 0.193398 0.000000
v 0.378551 0.193492 0.000000
v 0.385187 0.193648 0.000000
v 0.391730 0.193866 0.000000
v 0.398178 0.194147 0.000000
v 0.404533 0.194491 0.000000
v 0.410795 0.194897 0.000000
v 0.416962 0.195365 0.000000
v 0.423036 0.195896 0.000000
v 0.429017 0.196490 0.000000
v 0.434903 0.197145 0.000000
v 0.440696 0.197864 0.000000
v 0.453240 0.199014 0.000000
v 0.466637 0.200216 0.000000
v 0.480887 0.201471 0.000000
v 0.495991 0.202777 0.000000
v 0.511949 0.204135 0.000000
v 0.528760 0.205546 0.000000
v 0.546425 0.207008 0.000000
v 0.564944 0.208523 0.000000
v 0.584316 0.210090 0.000000
v 0.604541 0.211708 0.000000
v 0.625621 0.213379 0.000000
v 0.647554 0.215102 0.000000
v 0.673723 0.217152 0.000000
v 0.698019 0.219057 0.000000
v 0.720441 0.220817 0.000000
v 0.740989 0.222430 0.000000
v 0.759664 0.223898 0.000000
v 0.776465 0.225220 0.000000
v 0.791392 0.226396 0.000000
v 0.804445 0.227427 0.000000
v 0.815625 0.228311 0.000000
v 0.824931 0.229051 0.000000
v 0.832364 0.229644 0.000000
v 0.837922 0.230091 0.000000
v 0.843877 0.256901 0.000000
v 0.849748 0.284117 0.000000
v 0.855535 0.311738 0.000000
v 0.861240 0.339766 0.000000
v 0.866861 0.368199 0.000000
v 0.872399 0.397039 -0.000000
v 0.877853 0.426284 -0.000000
v 0.883225 0.455936 -0.000000
v 0.888513 0.485993 -0.000000
v 0.893717 0.516457 -0.000000
v 0.898839 0.547326 -0.000000
v 0.903877 0.578601 -0.000000
v 0.888159 0.577951 -0.000000
v 0.871483 0.576998 -0.000000
v 0.853849 0.575744 -0.000000
v 0.835258 0.574188 -0.000000
v 0.815709 0.572330 -0.000000
v 0.795202 0.570170 -0.000000
v 0.773738 0.567708 -0.000000
v 0.751315 0.564944 -0.000000
v 0.727936 0.561879 -0.000000
v 0.703598 0.558511 -0.000000
v 0.678303 0.554842 -0.000000
v 0.652050 0.550870 -0.000000
v 0.641605 0.549148 -0.000000
v 0.631752 0.547477 -0.000000
v 0.622493 0.545858 -0.000000
v 0.613827 0.544292 -0.000000
v 0.605754 0.542777 -0.000000
v 0.598275 0.541315 -0.000000
v 0.591389 0.539904 -0.000000
v 0.585097 0.538546 -0.000000
v 0.579397 0.537239 -0.000000
v 0.574292 0.535985 -0.000000
v 0.569779 0.534783 -0.000000
v 0.565860 0.533632 -0.000000
v 0.561420 0.532196 -0.000000
v 0.557345 0.530884 -0.000000
v 0.553634 0.529698 -0.000000
v 0.550287 0.528636 -0.000000
v 0.547305 0.527699 -0.000000
v 0.544687 0.526887 -0.000000
v 0.542433 0.526200 -0.000000
v 0.540544 0.525638 -0.000000
v 0.539019 0.525201 -0.000000
v 0.537858 0.524888 -0.000000
v 0.537062 0.524701 -0.000000
v 0.536630 0.524639 -0.000000
v 0.532164 0.524914 -0.000000
v 0.527511 0.525742 -0.000000
v 0.522671 0.527121 -0.000000
v 0.517643 0.529052 -0.000000
v 0.512428 0.531535 -0.000000
v 0.507025 0.534569 -0.000000
v 0.501435 0.538155 -0.000000
v 0.495658 0.542293 -0.000000
v 0.489694 0.546982 -0.000000
v 0.483542 0.552224 -0.000000
v 0.477202 0.558016 -0.000000
v 0.470675 0.564361 -0.000000
v 0.464570 0.570914 -0.000000
v 0.458996 0.577581 -0.000000
v 0.453953 0.584363 -0.000000
v 0.449440 0.591259 -0.000000
v 0.445458 0.598270 -0.000000
v 0.442008 0.605395 -0.000000
v 0.439088 0.612635 -0.000000
v 0.436699 0.619990 -0.000000
v 0.434841 0.627458 -0.000000
v 0.433514 0.635042 -0.000000
v 0.432717 0.642739 -0.000000
v 0.432452 0.650552 -0.000000
v 0.432556 0.653545 -0.000000
v 0.432868 0.656277 -0.000000
v 0.433389 0.658749 -0.000000
v 0.434117 0.660961 -0.000000
v 0.435054 0.662913 -0.000000
v 0.436199 0.664605 -0.000000
v 0.437552 0.666036 -0.000000
v 0.439114 0.667207 -0.000000
v 0.440883 0.668118 -0.000000
v 0.442861 0.668768 -0.000000
v 0.445047 0.669159 -0.000000
v 0.447441 0.669289 -0.000000
v 0.448592 0.669190 -0.000000
v 0.449794 0.668893 -0.000000
v 0.451048 0.668399 -0.000000
v 0.452355 0.667707 -0.000000
v 0.453713 0.666817 -0.000000
v 0.455124 0.665729 -0.000000
v 0.456586 0.664443 -0.000000
v 0.458101 0.662960 -0.000000
v 0.459667 0.661279 -0.000000
v 0.461286 0.659400 -0.000000
v 0.462957 0.657323 -0.000000
v 0.464680 0.655049 -0.000000
v 0.469884 0.647986 -0.000000
v 0.475256 0.641537 -0.000000
v 0.480793 0.635703 -0.000000
v 0.486498 0.630482 -0.000000
v 0.492369 0.625876 -0.000000
v 0.498406 0.621884 -0.000000
v 0.504610 0.618506 -0.000000
v 0.510981 0.615743 -0.000000
v 0.517518 0.613593 -0.000000
v 0.524222 0.612058 -0.000000
v 0.531092 0.611136 -0.000000
v 0.538129 0.610829 -0.000000
v 0.544260 0.610912 -0.000000
v 0.551911 0.611162 -0.000000
v 0.561082 0.611579 -0.000000
v 0.571772 0.612162 -0.000000
v 0.583983 0.612911 -0.000000
v 0.597713 0.613827 -0.000000
v 0.612963 0.614910 -0.000000
v 0.629732 0.616159 -0.000000
v 0.648022 0.617574 -0.000000
v 0.667831 0.619157 -0.000000
v 0.689160 0.620906 -0.000000
v 0.712009 0.622821 -0.000000
v 0.716834 0.623336 -0.000000
v 0.722065 0.623883 -0.000000
v 0.727701 0.624460 -0.000000
v 0.733744 0.625069 -0.000000
v 0.740193 0.625710 -0.000000
v 0.747048 0.626381 -0.000000
v 0.754308 0.627084 -0.000000
v 0.761975 0.627817 -0.000000
v 0.770047 0.628583 -0.000000
v 0.778526 0.629379 -0.000000
v 0.787410 0.630206 -0.000000
v 0.796701 0.631065 -0.000000
v 0.803774 0.631794 -0.000000
v 0.810504 0.632481 -0.000000
v 0.816890 0.633126 -0.000000
v 0.822933 0.633730 -0.000000
v 0.828632 0.634292 -0.000000
v 0.833988 0.634813 -0.000000
v 0.839000 0.635291 -0.000000
v 0.843668 0.635729 -0.000000
v 0.847994 0.636124 -0.000000
v 0.851975 0.636478 -0.000000
v 0.855613 0.636790 -0.000000
v 0.858908 0.637061 -0.000000
v 0.863197 0.637623 -0.000000
v 0.867319 0.638310 -0.000000
v 0.871274 0.639122 -0.000000
v 0.875063 0.640059 -0.000000
v 0.878686 0.641121 -0.000000
v 0.882142 0.642307 -0.000000
v 0.885431 0.643619 -0.000000
v 0.888554 0.645056 -0.000000
v 0.891510 0.646617 -0.000000
v 0.894300 0.648303 -0.000000
v 0.896923 0.650115 -0.000000
v 0.899380 0.652051 -0.000000
v 0.902810 0.655043 -0.000000
v 0.906105 0.657776 -0.000000
v 0.909264 0.660248 -0.000000
v 0.912288 0.662460 -0.000000
v 0.915176 0.664412 -0.000000
v 0.917930 0.666103 -0.000000
v 0.920548 0.667535 -0.000000
v 0.923030 0.668706 -0.000000
v 0.925378 0.669617 -0.000000
v 0.927590 0.670267 -0.000000
v 0.929667 0.670658 -0.000000
v 0.931608 0.670788 -0.000000
v 0.934450 0.670585 -0.000000
v 0.937729 0.669976 -0.000000
v 0.941445 0.668961 -0.000000
v 0.945598 0.667540 -0.000000
v 0.950189 0.665713 -0.000000
v 0.955216 0.663480 -0.000000
v 0.960681 0.660841 -0.000000
v 0.966584 0.657797 -0.000000
v 0.972923 0.654346 -0.000000
v 0.979700 0.650489 -0.000000
v 0.986913 0.646226 -0.000000
v 0.994564 0.641558 -0.000000
v 1.000909 0.637222 -0.000000
v 1.006702 0.632960 -0.000000
v 1.011943 0.628770 -0.000000
v 1.016633 0.624653 -0.000000
v 1.020770 0.620609 -0.000000
v 1.024356 0.616638 -0.000000
v 1.027391 0.612739 -0.000000
v 1.029873 0.608914 -0.000000
v 1.031804 0.605161 -0.000000
v 1.033184 0.601481 -0.000000
v 1.034011 0.597874 -0.000000
v 1.034287 0.594341 -0.000000
v 1.034084 0.591702 -0.000000
v 1.033475 0.589032 -0.000000
v 1.032460 0.586330 -0.000000
v 1.031039 0.583598 -0.000000
v 1.029212 0.580834 -0.000000
v 1.026980 0.578039 -0.000000
v 1.024341 0.575213 -0.000000
v 1.021296 0.572356 -0.000000
v 1.017845 0.569467 -0.000000
v 1.013989 0.566547 -0.000000
v 1.009726 0.563596 -0.000000
v 1.005057 0.560614 -0.000000
v 1.002377 0.558626 -0.000000
v 0.999832 0.556408 -0.000000
v 0.997422 0.553962 -0.000000
v 0.995147 0.551287 -0.000000
v 0.993008 0.548383 -0.000000
v 0.991004 0.545249 -0.000000
v 0.989136 0.541887 -0.000000
v 0.987403 0.538296 -0.000000
v 0.985805 0.534475 -0.000000
v 0.984342 0.530426 -0.000000
v 0.983015 0.526148 -0.000000
v 0.981823 0.521641 -0.000000
v 0.973204 0.485629 -0.000000
v 0.965085 0.451793 -0.000000
v 0.957465 0.420132 -0.000000
v 0.950345 0.390648 -0.000000
v 0.943725 0.363338 0.000000
v 0.937604 0.338205 0.000000
v 0.931983 0.315246 0.000000
v 0.926861 0.294464 0.000000
v 0.922239 0.275857 0.000000
v 0.918117 0.259425 0.000000
v 0.914495 0.245170 0.000000
v -0.691774 0.557616 -0.000000
v -0.667535 0.562706 -0.000000
v -0.644036 0.567734 -0.000000
v -0.621275 0.572699 -0.000000
v -0.599254 0.577602 -0.000000
v -0.577972 0.582442 -0.000000
v -0.557429 0.587220 -0.000000
v -0.537625 0.591936 -0.000000
v -0.518560 0.596589 -0.000000
v -0.500234 0.601180 -0.000000
v -0.482647 0.605708 -0.000000
v -0.465799 0.610173 -0.000000
v -0.449690 0.614577 -0.000000
v -0.444205 0.616211 -0.000000
v -0.438989 0.617866 -0.000000
v -0.434045 0.619542 -0.000000
v -0.429371 0.621239 -0.000000
v -0.424968 0.622956 -0.000000
v -0.420835 0.624695 -0.000000
v -0.416973 0.626454 -0.000000
v -0.413382 0.628234 -0.000000
v -0.410061 0.630035 -0.000000
v -0.407011 0.631856 -0.000000
v -0.404232 0.633699 -0.000000
v -0.401723 0.635562 -0.000000
v -0.398398 0.638076 -0.000000
v -0.394916 0.640371 -0.000000
v -0.391277 0.642448 -0.000000
v -0.387483 0.644306 -0.000000
v -0.383533 0.645946 -0.000000
v -0.379426 0.647367 -0.000000
v -0.375164 0.648569 -0.000000
v -0.370745 0.649553 -0.000000
v -0.366170 0.650318 -0.000000
v -0.361439 0.650864 -0.000000
v -0.356551 0.651192 -0.000000
v -0.351508 0.651301 -0.000000
v -0.343373 0.651182 -0.000000
v -0.335457 0.650823 -0.000000
v -0.327759 0.650224 -0.000000
v -0.320279 0.649386 -0.000000
v -0.313019 0.648309 -0.000000
v -0.305977 0.646992 -0.000000
v -0.299153 0.645436 -0.000000
v -0.292549 0.643640 -0.000000
v -0.286162 0.641605 -0.000000
v -0.279995 0.639330 -0.000000
v -0.274046 0.636816 -0.000000
v -0.268315 0.634063 -0.000000
v -0.262928 0.631018 -0.000000
v -0.258010 0.627880 -0.000000
v -0.253560 0.624648 -0.000000
v -0.249578 0.621322 -0.000000
v -0.246065 0.617902 -0.000000
v -0.243020 0.614389 -0.000000
v -0.240444 0.610782 -0.000000
v -0.238336 0.607082 -0.000000
v -0.236696 0.603287 -0.000000
v -0.235525 0.599400 -0.000000
v -0.234823 0.595418 -0.000000
v -0.234589 0.591343 -0.000000
v -0.234942 0.585237 -0.000000
v -0.236004 0.579663 -0.000000
v -0.237774 0.574620 -0.000000
v -0.240251 0.570107 -0.000000
v -0.243437 0.566126 -0.000000
v -0.247330 0.562675 -0.000000
v -0.251931 0.559755 -0.000000
v -0.257240 0.557366 -0.000000
v -0.263256 0.555508 -0.000000
v -0.269981 0.554181 -0.000000
v -0.277413 0.553384 -0.000000
v -0.285553 0.553119 -0.000000
v -0.295593 0.553088 -0.000000
v -0.305227 0.552994 -0.000000
v -0.314455 0.552838 -0.000000
v -0.323277 0.552619 -0.000000
v -0.331694 0.552338 -0.000000
v -0.339704 0.551995 -0.000000
v -0.347308 0.551589 -0.000000
v -0.354506 0.551120 -0.000000
v -0.361298 0.550589 -0.000000
v -0.367684 0.549996 -0.000000
v -0.373665 0.549340 -0.000000
v -0.379239 0.548622 -0.000000
v -0.397023 0.546540 -0.000000
v -0.416151 0.544042 -0.000000
v -0.436621 0.541127 -0.000000
v -0.458434 0.537796 -0.000000
v -0.481590 0.534049 -0.000000
v -0.506089 0.529885 -0.000000
v -0.531931 0.525305 -0.000000
v -0.559115 0.520308 -0.000000
v -0.587642 0.514895 -0.000000
v -0.617512 0.509066 -0.000000
v -0.648725 0.502820 -0.000000
v -0.681281 0.496158 -0.000000
v -0.675691 0.466538 -0.000000
v -0.669914 0.436387 -0.000000
v -0.663949 0.405705 -0.000000
v -0.657797 0.374492 -0.000000
v -0.651458 0.342748 0.000000
v -0.644931 0.310474 0.000000
v -0.638217 0.277668 0.000000
v -0.631315 0.244332 0.000000
v -0.624226 0.210464 0.000000
v -0.616950 0.176066 0.000000
v -0.609487 0.141137 0.000000
v -0.601836 0.105677 0.000000
v -0.599561 0.095955 0.000000
v -0.597484 0.086774 0.000000
v -0.595605 0.078134 0.000000
v -0.593924 0.070035 0.000000
v -0.592441 0.062478 0.000000
v -0.591155 0.055462 0.000000
v -0.590068 0.048987 0.000000
v -0.589178 0.043054 0.000000
v -0.588485 0.037662 0.000000
v -0.587991 0.032811 0.000000
v -0.587694 0.028501 0.000000
v -0.587595 0.024733 0.000000
v -0.587928 0.016593 0.000000
v -0.588928 0.009160 0.000000
v -0.590593 0.002436 0.000000
v -0.592925 -0.003581 0.000000
v -0.595923 -0.008890 0.000000
v -0.599587 -0.013491 0.000000
v -0.603917 -0.017384 0.000000
v -0.608914 -0.020569 0.000000
v -0.614577 -0.023047 0.000000
v -0.620906 -0.024816 0.000000
v -0.627901 -0.025878 0.000000
v -0.635562 -0.026232 0.000000
v -0.641855 -0.025763 0.000000
v -0.647741 -0.024358 0.000000
v -0.653222 -0.022016 0.000000
v -0.658297 -0.018737 0.000000
v -0.662965 -0.014521 0.000000
v -0.667228 -0.009369 0.000000
v -0.671085 -0.003279 0.000000
v -0.674535 0.003747 0.000000
v -0.677580 0.011711 0.000000
v -0.680219 0.020611 0.000000
v -0.682452 0.030448 0.000000
v -0.684279 0.041222 0.000000
v -0.693252 0.097266 0.000000
v -0.701683 0.149730 0.000000
v -0.709574 0.198613 0.000000
v -0.716923 0.243915 0.000000
v -0.723731 0.285637 0.000000
v -0.729997 0.323777 0.000000
v -0.735722 0.358336 0.000000
v -0.740906 0.389315 -0.000000
v -0.745549 0.416713 -0.000000
v -0.749650 0.440530 -0.000000
v -0.753210 0.460766 -0.000000
v -0.756229 0.477421 -0.000000
v -0.779385 0.471977 -0.000000
v -0.802385 0.466387 -0.000000
v -0.825228 0.460651 -0.000000
v -0.847916 0.454770 -0.000000
v -0.870447 0.448743 -0.000000
v -0.892823 0.442570 -0.000000
v -0.915042 0.436251 -0.000000
v -0.937105 0.429787 -0.000000
v -0.959011 0.423177 -0.000000
v -0.980762 0.416421 -0.000000
v -1.002357 0.409520 -0.000000
v -1.023795 0.402473 -0.000000
v -1.031394 0.400021 -0.000000
v -1.038451 0.397664 -0.000000
v -1.044968 0.395399 -0.000000
v -1.050943 0.393229 -0.000000
v -1.056376 0.391152 -0.000000
v -1.061269 0.389169 -0.000000
v -1.065620 0.387280 -0.000000
v -1.069430 0.385484 -0.000000
v -1.072698 0.383782 -0.000000
v -1.075426 0.382174 -0.000000
v -1.077612 0.380660 -0.000000
v -1.079257 0.379239 -0.000000
v -1.083415 0.375528 -0.000000
v -1.087647 0.372139 -0.000000
v -1.091951 0.369074 0.000000
v -1.096328 0.366331 0.000000
v -1.100778 0.363911 0.000000
v -1.105301 0.361813 0.000000
v -1.109897 0.360038 0.000000
v -1.114566 0.358586 0.000000
v -1.119307 0.357457 0.000000
v -1.124122 0.356650 0.000000
v -1.129009 0.356166 0.000000
v -1.133969 0.356005 0.000000
v -1.138575 0.356150 0.000000
v -1.143400 0.356588 0.000000
v -1.148443 0.357316 0.000000
v -1.153705 0.358336 0.000000
v -1.159186 0.359648 0.000000
v -1.164885 0.361251 0.000000
v -1.170803 0.363146 0.000000
v -1.176939 0.365332 0.000000
v -1.183294 0.367809 0.000000
v -1.189868 0.370578 0.000000
v -1.196660 0.373638 -0.000000
v -1.203671 0.376990 -0.000000
v -1.209953 0.380155 -0.000000
v -1.216058 0.383403 -0.000000
v -1.221986 0.386734 -0.000000
v -1.227738 0.390148 -0.000000
v -1.233312 0.393645 -0.000000
v -1.238709 0.397226 -0.000000
v -1.243930 0.400890 -0.000000
v -1.248973 0.404638 -0.000000
v -1.253839 0.408469 -0.000000
v -1.258529 0.412383 -0.000000
v -1.263041 0.416380 -0.000000
v -1.267377 0.420460 -0.000000
v -1.270130 0.423031 -0.000000
v -1.272644 0.425748 -0.000000
v -1.274919 0.428611 -0.000000
v -1.276954 0.431619 -0.000000
v -1.278749 0.434773 -0.000000
v -1.280306 0.438073 -0.000000
v -1.281622 0.441519 -0.000000
v -1.282700 0.445110 -0.000000
v -1.283538 0.448847 -0.000000
v -1.284136 0.452730 -0.000000
v -1.284495 0.456758 -0.000000
v -1.284615 0.460932 -0.000000
v -1.284532 0.462848 -0.000000
v -1.284282 0.464597 -0.000000
v -1.283866 0.466179 -0.000000
v -1.283283 0.467595 -0.000000
v -1.282533 0.468844 -0.000000
v -1.281617 0.469926 -0.000000
v -1.280535 0.470842 -0.000000
v -1.279285 0.471592 -0.000000
v -1.277870 0.472175 -0.000000
v -1.276287 0.472591 -0.000000
v -1.274539 0.472841 -0.000000
v -1.272623 0.472924 -0.000000
v -1.271577 0.472883 -0.000000
v -1.270437 0.472758 -0.000000
v -1.269204 0.472549 -0.000000
v -1.267877 0.472258 -0.000000
v -1.266456 0.471883 -0.000000
v -1.264941 0.471425 -0.000000
v -1.263333 0.470884 -0.000000
v -1.261631 0.470259 -0.000000
v -1.259835 0.469552 -0.000000
v -1.257946 0.468760 -0.000000
v -1.255963 0.467886 -0.000000
v -1.253886 0.466928 -0.000000
v -1.247880 0.464175 -0.000000
v -1.241853 0.461661 -0.000000
v -1.235805 0.459387 -0.000000
v -1.229736 0.457352 -0.000000
v -1.223647 0.455556 -0.000000
v -1.217536 0.454000 -0.000000
v -1.211405 0.452683 -0.000000
v -1.205253 0.451605 -0.000000
v -1.199080 0.450768 -0.000000
v -1.192886 0.450169 -0.000000
v -1.186672 0.449810 -0.000000
v -1.180437 0.449690 -0.000000
v -1.173717 0.449773 -0.000000
v -1.166800 0.450023 -0.000000
v -1.159685 0.450440 -0.000000
v -1.152373 0.451023 -0.000000
v -1.144862 0.451772 -0.000000
v -1.137154 0.452688 -0.000000
v -1.129248 0.453771 -0.000000
v -1.121145 0.455020 -0.000000
v -1.112843 0.456436 -0.000000
v -1.104344 0.458018 -0.000000
v -1.095646 0.459767 -0.000000
v -1.086751 0.461682 -0.000000
v -1.080938 0.463228 -0.000000
v -1.073740 0.465117 -0.000000
v -1.065157 0.467350 -0.000000
v -1.055190 0.469926 -0.000000
v -1.043838 0.472846 -0.000000
v -1.031102 0.476110 -0.000000
v -1.016982 0.479716 -0.000000
v -1.001477 0.483667 -0.000000
v -0.984587 0.487961 -0.000000
v -0.966313 0.492598 -0.000000
v -0.946655 0.497579 -0.000000
v -0.925612 0.502904 -0.000000
v -0.910670 0.506724 -0.000000
v -0.896070 0.510440 -0.000000
v -0.881814 0.514052 -0.000000
v -0.867902 0.517560 -0.000000
v -0.854333 0.520964 -0.000000
v -0.841108 0.524264 -0.000000
v -0.828226 0.527460 -0.000000
v -0.815688 0.530551 -0.000000
v -0.803493 0.533539 -0.000000
v -0.791642 0.536422 -0.000000
v -0.780135 0.539201 -0.000000
v -0.768970 0.541877 -0.000000
v -0.773514 0.567422 -0.000000
v -0.777902 0.591842 -0.000000
v -0.782133 0.615139 -0.000000
v -0.786208 0.637311 -0.000000
v -0.790128 0.658359 -0.000000
v -0.793891 0.678283 -0.000000
v -0.797498 0.697082 -0.000000
v -0.800948 0.714758 -0.000000
v -0.804243 0.731309 -0.000000
v -0.807381 0.746735 -0.000000
v -0.810364 0.761038 -0.000000
v -0.813190 0.774217 -0.000000
v -0.824609 0.771604 -0.000000
v -0.836632 0.768762 -0.000000
v -0.849259 0.765691 -0.000000
v -0.862489 0.762391 -0.000000
v -0.876323 0.758863 -0.000000
v -0.890761 0.755105 -0.000000
v -0.905803 0.751118 -0.000000
v -0.921449 0.746902 -0.000000
v -0.937698 0.742457 -0.000000
v -0.954551 0.737783 -0.000000
v -0.972008 0.732881 -0.000000
v -0.990068 0.727749 -0.000000
v -0.997599 0.725412 -0.000000
v -1.004704 0.723148 -0.000000
v -1.011382 0.720956 -0.000000
v -1.017632 0.718838 -0.000000
v -1.023456 0.716793 -0.000000
v -1.028854 0.714820 -0.000000
v -1.033824 0.712920 -0.000000
v -1.038368 0.711093 -0.000000
v -1.042485 0.709339 -0.000000
v -1.046175 0.707658 -0.000000
v -1.049438 0.706050 -0.000000
v -1.052275 0.704515 -0.000000
v -1.056106 0.702599 -0.000000
v -1.059853 0.700850 -0.000000
v -1.063517 0.699268 -0.000000
v -1.067098 0.697853 -0.000000
v -1.070596 0.696603 -0.000000
v -1.074010 0.695521 -0.000000
v -1.077341 0.694605 -0.000000
v -1.080589 0.693855 -0.000000
v -1.083753 0.693272 -0.000000
v -1.086835 0.692856 -0.000000
v -1.089833 0.692606 -0.000000
v -1.092747 0.692523 -0.000000
v -1.100154 0.692830 -0.000000
v -1.107633 0.693751 -0.000000
v -1.115185 0.695287 -0.000000
v -1.122810 0.697436 -0.000000
v -1.130508 0.700200 -0.000000
v -1.138278 0.703578 -0.000000
v -1.146122 0.707570 -0.000000
v -1.154038 0.712176 -0.000000
v -1.162028 0.717396 -0.000000
v -1.170090 0.723231 -0.000000
v -1.178225 0.729680 -0.000000
v -1.186433 0.736742 -0.000000
v -1.193974 0.743946 -0.000000
v -1.200860 0.750816 -0.000000
v -1.207090 0.757353 -0.000000
v -1.212665 0.763557 -0.000000
v -1.217583 0.769428 -0.000000
v -1.221846 0.774966 -0.000000
v -1.225453 0.780171 -0.000000
v -1.228404 0.785042 -0.000000
v -1.230699 0.789581 -0.000000
v -1.232339 0.793786 -0.000000
v -1.233322 0.797659 -0.000000
v -1.233650 0.801198 -0.000000
v -1.233557 0.804909 -0.000000
v -1.233275 0.808297 -0.000000
v -1.232807 0.811363 -0.000000
v -1.232151 0.814106 -0.000000
v -1.231308 0.816526 -0.000000
v -1.230278 0.818623 -0.000000
v -1.229060 0.820398 -0.000000
v -1.227654 0.821850 -0.000000
v -1.226062 0.822980 -0.000000
v -1.224282 0.823787 -0.000000
v -1.222314 0.824271 -0.000000
v -1.220160 0.824432 -0.000000
v -1.219457 0.824370 -0.000000
v -1.218598 0.824182 -0.000000
v -1.217583 0.823870 -0.000000
v -1.216412 0.823433 -0.000000
v -1.215085 0.822871 -0.000000
v -1.213602 0.822184 -0.000000
v -1.211962 0.821372 -0.000000
v -1.210166 0.820435 -0.000000
v -1.208215 0.819373 -0.000000
v -1.206107 0.818186 -0.000000
v -1.203843 0.816875 -0.000000
v -1.201422 0.815438 -0.000000
v -1.192392 0.810051 -0.000000
v -1.183539 0.805133 -0.000000
v -1.174863 0.800683 -0.000000
v -1.166363 0.796701 -0.000000
v -1.158041 0.793188 -0.000000
v -1.149895 0.790143 -0.000000
v -1.141927 0.787567 -0.000000
v -1.134135 0.785459 -0.000000
v -1.126521 0.783819 -0.000000
v -1.119083 0.782648 -0.000000
v -1.111823 0.781946 -0.000000
v -1.104739 0.781711 -0.000000
v -1.098754 0.781795 -0.000000
v -1.092539 0.782045 -0.000000
v -1.086096 0.782461 -0.000000
v -1.079423 0.783044 -0.000000
v -1.072522 0.783793 -0.000000
v -1.065391 0.784709 -0.000000
v -1.058032 0.785792 -0.000000
v -1.050443 0.787041 -0.000000
v -1.042626 0.788457 -0.000000
v -1.034579 0.790039 -0.000000
v -1.026304 0.791788 -0.000000
v -1.017799 0.793703 -0.000000
v -1.004673 0.796399 -0.000000
v -0.991026 0.799241 -0.000000
v -0.976858 0.802228 -0.000000
v -0.962171 0.805362 -0.000000
v -0.946962 0.808641 -0.000000
v -0.931234 0.812065 -0.000000
v -0.914984 0.815636 -0.000000
v -0.898215 0.819352 -0.000000
v -0.880924 0.823214 -0.000000
v -0.863114 0.827222 -0.000000
v -0.844783 0.831375 -0.000000
v -0.825931 0.835674 -0.000000
v -0.828653 0.851278 -0.000000
v -0.831573 0.867361 -0.000000
v -0.834691 0.883922 -0.000000
v -0.838006 0.900963 -0.000000
v -0.841519 0.918482 -0.000000
v -0.845230 0.936480 -0.000000
v -0.849139 0.954957 -0.000000
v -0.853246 0.973912 -0.000000
v -0.857550 0.993347 -0.000000
v -0.862052 1.013260 -0.000000
v -0.866752 1.033652 -0.000000
v -0.871650 1.054523 -0.000000
v -0.873154 1.060603 -0.000000
v -0.874918 1.066349 -0.000000
v -0.876943 1.071762 -0.000000
v -0.879228 1.076841 -0.000000
v -0.881773 1.081588 -0.000000
v -0.884578 1.086002 -0.000000
v -0.887644 1.090082 -0.000000
v -0.890970 1.093830 -0.000000
v -0.894556 1.097244 -0.000000
v -0.898402 1.100325 -0.000000
v -0.902509 1.103073 -0.000000
v -0.906875 1.105488 -0.000000
v -0.910904 1.107164 -0.000000
v -0.915245 1.108695 -0.000000
v -0.919898 1.110079 -0.000000
v -0.924863 1.111318 -0.000000
v -0.930141 1.112411 -0.000000
v -0.935730 1.113358 -0.000000
v -0.941633 1.114160 -0.000000
v -0.947847 1.114815 -0.000000
v -0.954374 1.115325 -0.000000
v -0.961213 1.115690 -0.000000
v -0.968364 1.115908 -0.000000
v -0.975828 1.115981 -0.000000
v -0.978342 1.116070 -0.000000
v -0.980637 1.116335 -0.000000
v -0.982714 1.116777 -0.000000
v -0.984572 1.117397 -0.000000
v -0.986211 1.118193 -0.000000
v -0.987632 1.119166 -0.000000
v -0.988835 1.120317 -0.000000
v -0.989818 1.121644 -0.000000
v -0.990583 1.123148 -0.000000
v -0.991130 1.124829 -0.000000
v -0.991458 1.126687 -0.000000
v -0.991567 1.128722 -0.000000
v -0.991427 1.129909 -0.000000
v -0.991005 1.131221 -0.000000
v -0.990302 1.132657 -0.000000
v -0.989319 1.134219 -0.000000
v -0.988054 1.135905 -0.000000
v -0.986508 1.137716 -0.000000
v -0.984681 1.139652 -0.000000
v -0.982573 1.141714 -0.000000
v -0.980184 1.143899 -0.000000
v -0.977514 1.146210 -0.000000
v -0.974563 1.148646 -0.000000
v -0.971331 1.151207 -0.000000
v -0.967443 1.154200 -0.000000
v -0.963524 1.156932 -0.000000
v -0.959573 1.159404 -0.000000
v -0.955592 1.161616 -0.000000
v -0.951579 1.163568 -0.000000
v -0.947535 1.165260 -0.000000
v -0.943459 1.166691 -0.000000
v -0.939353 1.167862 -0.000000
v -0.935215 1.168773 -0.000000
v -0.931046 1.169424 -0.000000
v -0.926846 1.169814 -0.000000
v -0.922614 1.169944 -0.000000
v -0.912590 1.169751 -0.000000
v -0.902503 1.169174 -0.000000
v -0.892354 1.168211 -0.000000
v -0.882142 1.166863 -0.000000
v -0.871868 1.165130 -0.000000
v -0.861532 1.163011 -0.000000
v -0.851133 1.160508 -0.000000
v -0.840671 1.157619 -0.000000
v -0.830147 1.154345 -0.000000
v -0.819561 1.150687 -0.000000
v -0.808912 1.146642 -0.000000
v -0.798200 1.142213 -0.000000
v -0.790539 1.138794 -0.000000
v -0.783544 1.135280 -0.000000
v -0.777215 1.131673 -0.000000
v -0.771552 1.127973 -0.000000
v -0.766555 1.124179 -0.000000
v -0.762225 1.120291 -0.000000
v -0.758561 1.116309 -0.000000
v -0.755563 1.112234 -0.000000
v -0.753231 1.108065 -0.000000
v -0.751566 1.103802 -0.000000
v -0.750566 1.099446 -0.000000
v -0.750233 1.094996 -0.000000
v -0.750332 1.093325 -0.000000
v -0.750629 1.091560 -0.000000
v -0.751123 1.089702 -0.000000
v -0.751816 1.087751 -0.000000
v -0.752706 1.085705 -0.000000
v -0.753793 1.083566 -0.000000
v -0.755079 1.081333 -0.000000
v -0.756562 1.079007 -0.000000
v -0.758243 1.076586 -0.000000
v -0.760122 1.074073 -0.000000
v -0.762199 1.071465 -0.000000
v -0.764473 1.068764 -0.000000
v -0.765910 1.066781 -0.000000
v -0.767222 1.064579 -0.000000
v -0.768408 1.062159 -0.000000
v -0.769470 1.059520 -0.000000
v -0.770407 1.056663 -0.000000
v -0.771219 1.053587 -0.000000
v -0.771906 1.050292 -0.000000
v -0.772468 1.046779 -0.000000
v -0.772905 1.043047 -0.000000
v -0.773217 1.039097 -0.000000
v -0.773405 1.034928 -0.000000
v -0.773467 1.030540 -0.000000
v -0.773306 1.024273 -0.000000
v -0.772822 1.016466 -0.000000
v -0.772015 1.007118 -0.000000
v -0.770886 0.996230 -0.000000
v -0.769433 0.983801 -0.000000
v -0.767659 0.969832 -0.000000
v -0.765561 0.954322 -0.000000
v -0.763141 0.937271 -0.000000
v -0.760398 0.918679 -0.000000
v -0.757333 0.898547 -0.000000
v -0.753944 0.876875 -0.000000
v -0.750233 0.853662 -0.000000
v -0.741271 0.855869 -0.000000
v -0.731121 0.858492 -0.000000
v -0.719786 0.861531 -0.000000
v -0.707263 0.864987 -0.000000
v -0.693554 0.868860 -0.000000
v -0.678658 0.873148 -0.000000
v -0.662575 0.877854 -0.000000
v -0.645306 0.882975 -0.000000
v -0.626850 0.888513 -0.000000
v -0.607207 0.894467 -0.000000
v -0.586377 0.900838 -0.000000
v -0.564361 0.907625 -0.000000
v -0.561233 0.908686 -0.000000
v -0.558095 0.909873 -0.000000
v -0.554946 0.911185 -0.000000
v -0.551787 0.912621 -0.000000
v -0.548617 0.914183 -0.000000
v -0.545437 0.915869 -0.000000
v -0.542246 0.917680 -0.000000
v -0.539045 0.919616 -0.000000
v -0.535834 0.921677 -0.000000
v -0.532612 0.923863 -0.000000
v -0.529380 0.926174 -0.000000
v -0.526138 0.928610 -0.000000
v -0.522109 0.931603 -0.000000
v -0.518018 0.934335 -0.000000
v -0.513865 0.936808 -0.000000
v -0.509649 0.939020 -0.000000
v -0.505371 0.940971 -0.000000
v -0.501030 0.942663 -0.000000
v -0.496627 0.944094 -0.000000
v -0.492161 0.945265 -0.000000
v -0.487633 0.946176 -0.000000
v -0.483042 0.946827 -0.000000
v -0.478389 0.947217 -0.000000
v -0.473674 0.947347 -0.000000
v -0.467845 0.947295 -0.000000
v -0.462098 0.947139 -0.000000
v -0.456436 0.946879 -0.000000
v -0.450856 0.946515 -0.000000
v -0.445360 0.946046 -0.000000
v -0.439947 0.945474 -0.000000
v -0.434617 0.944797 -0.000000
v -0.429371 0.944016 -0.000000
v -0.424208 0.943131 -0.000000
v -0.419128 0.942143 -0.000000
v -0.414131 0.941050 -0.000000
v -0.409218 0.939852 -0.000000
v -0.402874 0.937974 -0.000000
v -0.397081 0.935834 -0.000000
v -0.391840 0.933435 -0.000000
v -0.387150 0.930775 -0.000000
v -0.383012 0.927856 -0.000000
v -0.379426 0.924675 -0.000000
v -0.376392 0.921235 -0.000000
v -0.373909 0.917535 -0.000000
v -0.371978 0.913574 -0.000000
v -0.370599 0.909353 -0.000000
v -0.369771 0.904871 -0.000000
v -0.369496 0.900130 -0.000000
v -0.369688 0.895425 -0.000000
v -0.370266 0.891053 -0.000000
v -0.371229 0.887014 -0.000000
v -0.372577 0.883308 -0.000000
v -0.374310 0.879935 -0.000000
v -0.376428 0.876896 -0.000000
v -0.378932 0.874189 -0.000000
v -0.381820 0.871816 -0.000000
v -0.385094 0.869776 -0.000000
v -0.388753 0.868069 -0.000000
v -0.392797 0.866695 -0.000000
v -0.397226 0.865654 -0.000000
v -0.401427 0.864935 -0.000000
v -0.406533 0.864030 -0.000000
v -0.412544 0.862937 -0.000000
v -0.419461 0.861656 -0.000000
v -0.427284 0.860189 -0.000000
v -0.436012 0.858533 -0.000000
v -0.445646 0.856691 -0.000000
v -0.456186 0.854661 -0.000000
v -0.467631 0.852444 -0.000000
v -0.479982 0.850039 -0.000000
v -0.493238 0.847447 -0.000000
v -0.507401 0.844668 -0.000000
v -0.521714 0.841535 -0.000000
v -0.536922 0.838131 -0.000000
v -0.553025 0.834456 -0.000000
v -0.570024 0.830511 -0.000000
v -0.587918 0.826295 -0.000000
v -0.606707 0.821809 -0.000000
v -0.626391 0.817052 -0.000000
v -0.646971 0.812024 -0.000000
v -0.668446 0.806725 -0.000000
v -0.690816 0.801156 -0.000000
v -0.714081 0.795317 -0.000000
v -0.738242 0.789206 -0.000000
v -0.736815 0.781019 -0.000000
v -0.735285 0.772447 -0.000000
v -0.733651 0.763490 -0.000000
v -0.731913 0.754147 -0.000000
v -0.730070 0.744419 -0.000000
v -0.728123 0.734307 -0.000000
v -0.726073 0.723809 -0.000000
v -0.723918 0.712925 -0.000000
v -0.721659 0.701657 -0.000000
v -0.719296 0.690004 -0.000000
v -0.716829 0.677965 -0.000000
v -0.714258 0.665541 -0.000000
v -0.711697 0.653227 -0.000000
v -0.709261 0.641516 -0.000000
v -0.706951 0.630409 -0.000000
v -0.704765 0.619906 -0.000000
v -0.702703 0.610007 -0.000000
v -0.700767 0.600711 -0.000000
v -0.698956 0.592019 -0.000000
v -0.697270 0.583931 -0.000000
v -0.695708 0.576447 -0.000000
v -0.694272 0.569566 -0.000000
v -0.692960 0.563289 -0.000000
v -2.516017 0.695521 -0.000000
v -2.516412 0.700569 -0.000000
v -2.517599 0.705722 -0.000000
v -2.519577 0.710979 -0.000000
v -2.522346 0.716340 -0.000000
v -2.525906 0.721805 -0.000000
v -2.530257 0.727374 -0.000000
v -2.535399 0.733047 -0.000000
v -2.541332 0.738824 -0.000000
v -2.548057 0.744706 -0.000000
v -2.555573 0.750691 -0.000000
v -2.563879 0.756781 -0.000000
v -2.572978 0.762974 -0.000000
v -2.574893 0.764239 -0.000000
v -2.576642 0.765535 -0.000000
v -2.578224 0.766862 -0.000000
v -2.579640 0.768221 -0.000000
v -2.580889 0.769610 -0.000000
v -2.581971 0.771031 -0.000000
v -2.582887 0.772483 -0.000000
v -2.583637 0.773967 -0.000000
v -2.584220 0.775481 -0.000000
v -2.584636 0.777027 -0.000000
v -2.584886 0.778604 -0.000000
v -2.584969 0.780212 -0.000000
v -2.584798 0.782607 -0.000000
v -2.584282 0.784793 -0.000000
v -2.583424 0.786770 -0.000000
v -2.582221 0.788540 -0.000000
v -2.580675 0.790101 -0.000000
v -2.578786 0.791455 -0.000000
v -2.576553 0.792600 -0.000000
v -2.573977 0.793537 -0.000000
v -2.571057 0.794265 -0.000000
v -2.567794 0.794786 -0.000000
v -2.564187 0.795098 -0.000000
v -2.560236 0.795202 -0.000000
v -2.552575 0.795041 -0.000000
v -2.545080 0.794557 -0.000000
v -2.537752 0.793750 -0.000000
v -2.530590 0.792620 -0.000000
v -2.523595 0.791168 -0.000000
v -2.516767 0.789394 -0.000000
v -2.510104 0.787296 -0.000000
v -2.503609 0.784876 -0.000000
v -2.497280 0.782133 -0.000000
v -2.491117 0.779067 -0.000000
v -2.485121 0.775679 -0.000000
v -2.479292 0.771968 -0.000000
v -2.473473 0.768002 -0.000000
v -2.467758 0.763849 -0.000000
v -2.462148 0.759508 -0.000000
v -2.456641 0.754980 -0.000000
v -2.451239 0.750264 -0.000000
v -2.445940 0.745361 -0.000000
v -2.440746 0.740271 -0.000000
v -2.435656 0.734994 -0.000000
v -2.430670 0.729529 -0.000000
v -2.425787 0.723876 -0.000000
v -2.421010 0.718036 -0.000000
v -2.416336 0.712009 -0.000000
v -2.411906 0.705941 -0.000000
v -2.407862 0.699976 -0.000000
v -2.404203 0.694115 -0.000000
v -2.400929 0.688359 -0.000000
v -2.398041 0.682707 -0.000000
v -2.395537 0.677158 -0.000000
v -2.393419 0.671714 -0.000000
v -2.391686 0.666374 -0.000000
v -2.390338 0.661138 -0.000000
v -2.389375 0.656006 -0.000000
v -2.388797 0.650979 -0.000000
v -2.388605 0.646055 -0.000000
v -2.388849 0.639794 -0.000000
v -2.389583 0.634001 -0.000000
v -2.390806 0.628676 -0.000000
v -2.392519 0.623820 -0.000000
v -2.394720 0.619433 -0.000000
v -2.397411 0.615513 -0.000000
v -2.400591 0.612063 -0.000000
v -2.404260 0.609080 -0.000000
v -2.408419 0.606566 -0.000000
v -2.413066 0.604521 -0.000000
v -2.418203 0.602944 -0.000000
v -2.423830 0.601835 -0.000000
v -2.426302 0.601398 -0.000000
v -2.428723 0.600836 -0.000000
v -2.431091 0.600149 -0.000000
v -2.433407 0.599337 -0.000000
v -2.435671 0.598400 -0.000000
v -2.437883 0.597338 -0.000000
v -2.440043 0.596152 -0.000000
v -2.442151 0.594840 -0.000000
v -2.444207 0.593404 -0.000000
v -2.446211 0.591842 -0.000000
v -2.448162 0.590156 -0.000000
v -2.450062 0.588345 -0.000000
v -2.470158 0.568686 -0.000000
v -2.489972 0.549684 -0.000000
v -2.509506 0.531337 -0.000000
v -2.528758 0.513646 -0.000000
v -2.547729 0.496611 -0.000000
v -2.566420 0.480232 -0.000000
v -2.584829 0.464508 -0.000000
v -2.602957 0.449440 -0.000000
v -2.620804 0.435028 -0.000000
v -2.638370 0.421272 -0.000000
v -2.655655 0.408172 -0.000000
v -2.672659 0.395727 -0.000000
v -2.699864 0.377058 -0.000000
v -2.726268 0.359273 0.000000
v -2.751870 0.342373 0.000000
v -2.776670 0.326358 0.000000
v -2.800669 0.311228 0.000000
v -2.823867 0.296983 0.000000
v -2.846263 0.283622 0.000000
v -2.867858 0.271146 0.000000
v -2.888651 0.259556 0.000000
v -2.908642 0.248849 0.000000
v -2.927832 0.239028 0.000000
v -2.946220 0.230091 0.000000
v -2.948458 0.229134 0.000000
v -2.950676 0.228259 0.000000
v -2.952872 0.227468 0.000000
v -2.955048 0.226760 0.000000
v -2.957202 0.226136 0.000000
v -2.959337 0.225595 0.000000
v -2.961450 0.225137 0.000000
v -2.963542 0.224762 0.000000
v -2.965614 0.224470 0.000000
v -2.967664 0.224262 0.000000
v -2.969694 0.224137 0.000000
v -2.971703 0.224096 0.000000
v -2.974696 0.224215 0.000000
v -2.977428 0.224574 0.000000
v -2.979900 0.225173 0.000000
v -2.982112 0.226011 0.000000
v -2.984064 0.227088 0.000000
v -2.985756 0.228405 0.000000
v -2.987187 0.229961 0.000000
v -2.988358 0.231757 0.000000
v -2.989269 0.233792 0.000000
v -2.989919 0.236067 0.000000
v -2.990310 0.238580 0.000000
v -2.990440 0.241334 0.000000
v -2.990336 0.243436 0.000000
v -2.990023 0.245498 0.000000
v -2.989503 0.247517 0.000000
v -2.988774 0.249495 0.000000
v -2.987838 0.251431 0.000000
v -2.986692 0.253325 0.000000
v -2.985339 0.255178 0.000000
v -2.983778 0.256990 0.000000
v -2.982008 0.258759 0.000000
v -2.980031 0.260487 0.000000
v -2.977844 0.262174 0.000000
v -2.975450 0.263818 0.000000
v -2.953367 0.277652 0.000000
v -2.931335 0.291924 0.000000
v -2.909355 0.306632 0.000000
v -2.887428 0.321778 0.000000
v -2.865552 0.337361 0.000000
v -2.843729 0.353381 0.000000
v -2.821957 0.369839 0.000000
v -2.800238 0.386734 -0.000000
v -2.778570 0.404065 -0.000000
v -2.756955 0.421834 -0.000000
v -2.735392 0.440041 -0.000000
v -2.713881 0.458684 -0.000000
v -2.699302 0.472388 -0.000000
v -2.685046 0.486019 -0.000000
v -2.671113 0.499578 -0.000000
v -2.657503 0.513063 -0.000000
v -2.644215 0.526476 -0.000000
v -2.631250 0.539816 -0.000000
v -2.618608 0.553083 -0.000000
v -2.606288 0.566277 -0.000000
v -2.594291 0.579398 -0.000000
v -2.582617 0.592446 -0.000000
v -2.571265 0.605421 -0.000000
v -2.560236 0.618324 -0.000000
v -2.553174 0.627104 -0.000000
v -2.546725 0.635458 -0.000000
v -2.540890 0.643385 -0.000000
v -2.535670 0.650885 -0.000000
v -2.531064 0.657958 -0.000000
v -2.527071 0.664605 -0.000000
v -2.523694 0.670824 -0.000000
v -2.520930 0.676617 -0.000000
v -2.518780 0.681983 -0.000000
v -2.517245 0.686923 -0.000000
v -2.516324 0.691435 -0.000000
v -1.848976 1.140714 -0.000000
v -1.847431 1.140683 -0.000000
v -1.845791 1.140589 -0.000000
v -1.844058 1.140433 -0.000000
v -1.842231 1.140214 -0.000000
v -1.840310 1.139933 -0.000000
v -1.838296 1.139590 -0.000000
v -1.836188 1.139184 -0.000000
v -1.833987 1.138715 -0.000000
v -1.831691 1.138185 -0.000000
v -1.829302 1.137591 -0.000000
v -1.826820 1.136935 -0.000000
v -1.824244 1.136217 -0.000000
v -1.814781 1.133573 -0.000000
v -1.805382 1.130638 -0.000000
v -1.796044 1.127411 -0.000000
v -1.786769 1.123892 -0.000000
v -1.777557 1.120082 -0.000000
v -1.768407 1.115981 -0.000000
v -1.759320 1.111588 -0.000000
v -1.750295 1.106904 -0.000000
v -1.741332 1.101928 -0.000000
v -1.732432 1.096661 -0.000000
v -1.723594 1.091102 -0.000000
v -1.714819 1.085252 -0.000000
v -1.703806 1.077242 -0.000000
v -1.693750 1.069201 -0.000000
v -1.684652 1.061128 -0.000000
v -1.676512 1.053024 -0.000000
v -1.669329 1.044889 -0.000000
v -1.663104 1.036723 -0.000000
v -1.657837 1.028526 -0.000000
v -1.653528 1.020297 -0.000000
v -1.650176 1.012037 -0.000000
v -1.647782 1.003746 -0.000000
v -1.646345 0.995424 -0.000000
v -1.645866 0.987070 -0.000000
v -1.645955 0.983874 -0.000000
v -1.646220 0.980783 -0.000000
v -1.646663 0.977795 -0.000000
v -1.647282 0.974912 -0.000000
v -1.648078 0.972132 -0.000000
v -1.649052 0.969457 -0.000000
v -1.650202 0.966886 -0.000000
v -1.651529 0.964419 -0.000000
v -1.653033 0.962056 -0.000000
v -1.654714 0.959797 -0.000000
v -1.656573 0.957642 -0.000000
v -1.658608 0.955592 -0.000000
v -1.660252 0.954035 -0.000000
v -1.661939 0.952614 -0.000000
v -1.663667 0.951329 -0.000000
v -1.665436 0.950179 -0.000000
v -1.667248 0.949164 -0.000000
v -1.669100 0.948284 -0.000000
v -1.670995 0.947540 -0.000000
v -1.672931 0.946931 -0.000000
v -1.674909 0.946457 -0.000000
v -1.676928 0.946119 -0.000000
v -1.678989 0.945916 -0.000000
v -1.681092 0.945848 -0.000000
v -1.685339 0.946135 -0.000000
v -1.689586 0.946993 -0.000000
v -1.693833 0.948425 -0.000000
v -1.698080 0.950429 -0.000000
v -1.702327 0.953005 -0.000000
v -1.706575 0.956154 -0.000000
v -1.710822 0.959875 -0.000000
v -1.715069 0.964169 -0.000000
v -1.719316 0.969036 -0.000000
v -1.723563 0.974474 -0.000000
v -1.727810 0.980486 -0.000000
v -1.732057 0.987070 -0.000000
v -1.739115 0.998801 -0.000000
v -1.746797 1.010262 -0.000000
v -1.755104 1.021452 -0.000000
v -1.764035 1.032372 -0.000000
v -1.773591 1.043021 -0.000000
v -1.783771 1.053399 -0.000000
v -1.794576 1.063507 -0.000000
v -1.806006 1.073344 -0.000000
v -1.818060 1.082910 -0.000000
v -1.830739 1.092206 -0.000000
v -1.844042 1.101231 -0.000000
v -1.857970 1.109985 -0.000000
v -1.858928 1.110782 -0.000000
v -1.859802 1.111672 -0.000000
v -1.860593 1.112655 -0.000000
v -1.861301 1.113733 -0.000000
v -1.861926 1.114904 -0.000000
v -1.862467 1.116169 -0.000000
v -1.862925 1.117527 -0.000000
v -1.863300 1.118979 -0.000000
v -1.863591 1.120525 -0.000000
v -1.863799 1.122164 -0.000000
v -1.863924 1.123898 -0.000000
v -1.863966 1.125724 -0.000000
v -1.863862 1.128119 -0.000000
v -1.863550 1.130305 -0.000000
v -1.863029 1.132282 -0.000000
v -1.862301 1.134052 -0.000000
v -1.861364 1.135614 -0.000000
v -1.860219 1.136967 -0.000000
v -1.858865 1.138112 -0.000000
v -1.857304 1.139049 -0.000000
v -1.855534 1.139777 -0.000000
v -1.853557 1.140298 -0.000000
v -1.851370 1.140610 -0.000000
v -1.977138 1.045530 -0.000000
v -1.975431 1.045519 -0.000000
v -1.973807 1.045488 -0.000000
v -1.972266 1.045436 -0.000000
v -1.970809 1.045363 -0.000000
v -1.969435 1.045269 -0.000000
v -1.968144 1.045155 -0.000000
v -1.966937 1.045020 -0.000000
v -1.965813 1.044863 -0.000000
v -1.964772 1.044686 -0.000000
v -1.963814 1.044489 -0.000000
v -1.962940 1.044270 -0.000000
v -1.962149 1.044031 -0.000000
v -1.950709 1.039825 -0.000000
v -1.939622 1.035453 -0.000000
v -1.928890 1.030915 -0.000000
v -1.918512 1.026210 -0.000000
v -1.908488 1.021338 -0.000000
v -1.898817 1.016300 -0.000000
v -1.889501 1.011095 -0.000000
v -1.880538 1.005724 -0.000000
v -1.871930 1.000186 -0.000000
v -1.863675 0.994481 -0.000000
v -1.855774 0.988611 -0.000000
v -1.848227 0.982573 -0.000000
v -1.837692 0.973631 -0.000000
v -1.828074 0.964794 -0.000000
v -1.819372 0.956060 -0.000000
v -1.811586 0.947431 -0.000000
v -1.804715 0.938905 -0.000000
v -1.798761 0.930484 -0.000000
v -1.793723 0.922167 -0.000000
v -1.789601 0.913954 -0.000000
v -1.786394 0.905845 -0.000000
v -1.784104 0.897840 -0.000000
v -1.782730 0.889939 -0.000000
v -1.782272 0.882142 -0.000000
v -1.782538 0.875079 -0.000000
v -1.783334 0.868631 -0.000000
v -1.784661 0.862796 -0.000000
v -1.786519 0.857576 -0.000000
v -1.788908 0.852970 -0.000000
v -1.791828 0.848978 -0.000000
v -1.795279 0.845600 -0.000000
v -1.799261 0.842836 -0.000000
v -1.803773 0.840686 -0.000000
v -1.808817 0.839151 -0.000000
v -1.814391 0.838230 -0.000000
v -1.820496 0.837923 -0.000000
v -1.824629 0.838277 -0.000000
v -1.828782 0.839338 -0.000000
v -1.832956 0.841108 -0.000000
v -1.837151 0.843585 -0.000000
v -1.841367 0.846771 -0.000000
v -1.845604 0.850664 -0.000000
v -1.849861 0.855265 -0.000000
v -1.854139 0.860574 -0.000000
v -1.858439 0.866590 -0.000000
v -1.862759 0.873315 -0.000000
v -1.867099 0.880747 -0.000000
v -1.871461 0.888888 -0.000000
v -1.877519 0.899942 -0.000000
v -1.884202 0.910872 -0.000000
v -1.891510 0.921677 -0.000000
v -1.899442 0.932358 -0.000000
v -1.907998 0.942913 -0.000000
v -1.917179 0.953343 -0.000000
v -1.926985 0.963649 -0.000000
v -1.937415 0.973829 -0.000000
v -1.948470 0.983885 -0.000000
v -1.960150 0.993815 -0.000000
v -1.972454 1.003621 -0.000000
v -1.985382 1.013302 -0.000000
v -1.986819 1.014436 -0.000000
v -1.988130 1.015592 -0.000000
v -1.989317 1.016768 -0.000000
v -1.990379 1.017965 -0.000000
v -1.991316 1.019183 -0.000000
v -1.992128 1.020422 -0.000000
v -1.992815 1.021682 -0.000000
v -1.993377 1.022962 -0.000000
v -1.993814 1.024263 -0.000000
v -1.994126 1.025585 -0.000000
v -1.994314 1.026928 -0.000000
v -1.994376 1.028291 -0.000000
v -1.994256 1.031045 -0.000000
v -1.993897 1.033559 -0.000000
v -1.993299 1.035833 -0.000000
v -1.992461 1.037868 -0.000000
v -1.991383 1.039664 -0.000000
v -1.990067 1.041220 -0.000000
v -1.988510 1.042537 -0.000000
v -1.986715 1.043614 -0.000000
v -1.984680 1.044452 -0.000000
v -1.982405 1.045051 -0.000000
v -1.979891 1.045410 -0.000000
v -2.157014 0.787707 -0.000000
v -2.160725 0.790429 -0.000000
v -2.164114 0.793099 -0.000000
v -2.167179 0.795717 -0.000000
v -2.169922 0.798283 -0.000000
v -2.172342 0.800797 -0.000000
v -2.174440 0.803259 -0.000000
v -2.176215 0.805669 -0.000000
v -2.177667 0.808027 -0.000000
v -2.178796 0.810332 -0.000000
v -2.179603 0.812586 -0.000000
v -2.180087 0.814788 -0.000000
v -2.180248 0.816937 -0.000000
v -2.180097 0.819331 -0.000000
v -2.179644 0.821517 -0.000000
v -2.178890 0.823495 -0.000000
v -2.177833 0.825265 -0.000000
v -2.176475 0.826826 -0.000000
v -2.174814 0.828179 -0.000000
v -2.172852 0.829324 -0.000000
v -2.170588 0.830261 -0.000000
v -2.168022 0.830990 -0.000000
v -2.165154 0.831510 -0.000000
v -2.161985 0.831823 -0.000000
v -2.158513 0.831927 -0.000000
v -2.157446 0.831833 -0.000000
v -2.155994 0.831552 -0.000000
v -2.154157 0.831084 -0.000000
v -2.151935 0.830428 -0.000000
v -2.149327 0.829585 -0.000000
v -2.146334 0.828554 -0.000000
v -2.142956 0.827336 -0.000000
v -2.139194 0.825931 -0.000000
v -2.135045 0.824338 -0.000000
v -2.130512 0.822558 -0.000000
v -2.125593 0.820591 -0.000000
v -2.120290 0.818436 -0.000000
v -2.101183 0.809229 -0.000000
v -2.082087 0.799345 -0.000000
v -2.063001 0.788785 -0.000000
v -2.043926 0.777548 -0.000000
v -2.024861 0.765634 -0.000000
v -2.005806 0.753044 -0.000000
v -1.986762 0.739777 -0.000000
v -1.967728 0.725833 -0.000000
v -1.948705 0.711213 -0.000000
v -1.929692 0.695916 -0.000000
v -1.910689 0.679943 -0.000000
v -1.891697 0.663293 -0.000000
v -1.882635 0.655528 -0.000000
v -1.873689 0.647471 -0.000000
v -1.864856 0.639122 -0.000000
v -1.856138 0.630482 -0.000000
v -1.847535 0.621551 -0.000000
v -1.839046 0.612328 -0.000000
v -1.830671 0.602814 -0.000000
v -1.822411 0.593008 -0.000000
v -1.814266 0.582911 -0.000000
v -1.806235 0.572522 -0.000000
v -1.798319 0.561842 -0.000000
v -1.790517 0.550870 -0.000000
v -1.783095 0.539935 -0.000000
v -1.776318 0.529364 -0.000000
v -1.770187 0.519158 -0.000000
v -1.764701 0.509316 -0.000000
v -1.759861 0.499838 -0.000000
v -1.755666 0.490724 -0.000000
v -1.752116 0.481975 -0.000000
v -1.749212 0.473590 -0.000000
v -1.746953 0.465570 -0.000000
v -1.745339 0.457914 -0.000000
v -1.744371 0.450622 -0.000000
v -1.744049 0.443694 -0.000000
v -1.744150 0.439627 -0.000000
v -1.744455 0.435669 -0.000000
v -1.744962 0.431820 -0.000000
v -1.745673 0.428080 -0.000000
v -1.746586 0.424450 -0.000000
v -1.747702 0.420929 -0.000000
v -1.749022 0.417517 -0.000000
v -1.750544 0.414215 -0.000000
v -1.752270 0.411021 -0.000000
v -1.754198 0.407938 -0.000000
v -1.756329 0.404963 -0.000000
v -1.758664 0.402098 -0.000000
v -1.761149 0.399404 -0.000000
v -1.763733 0.396945 -0.000000
v -1.766416 0.394720 -0.000000
v -1.769198 0.392729 -0.000000
v -1.772079 0.390973 -0.000000
v -1.775059 0.389450 -0.000000
v -1.778137 0.388162 -0.000000
v -1.781315 0.387108 -0.000000
v -1.784591 0.386288 -0.000000
v -1.787966 0.385703 -0.000000
v -1.791441 0.385352 -0.000000
v -1.795014 0.385235 -0.000000
v -1.799047 0.385313 -0.000000
v -1.802904 0.385547 -0.000000
v -1.806584 0.385937 -0.000000
v -1.810086 0.386484 -0.000000
v -1.813412 0.387186 -0.000000
v -1.816561 0.388045 -0.000000
v -1.819533 0.389060 -0.000000
v -1.822328 0.390231 -0.000000
v -1.824946 0.391558 -0.000000
v -1.827387 0.393042 -0.000000
v -1.829651 0.394681 -0.000000
v -1.831738 0.396477 -0.000000
v -1.833269 0.397851 -0.000000
v -1.834861 0.399475 -0.000000
v -1.836516 0.401348 -0.000000
v -1.838234 0.403472 -0.000000
v -1.840014 0.405845 -0.000000
v -1.841856 0.408469 -0.000000
v -1.843761 0.411342 -0.000000
v -1.845729 0.414464 -0.000000
v -1.847759 0.417837 -0.000000
v -1.849851 0.421460 -0.000000
v -1.852006 0.425332 -0.000000
v -1.854223 0.429454 -0.000000
v -1.864585 0.449008 -0.000000
v -1.875188 0.468198 -0.000000
v -1.886029 0.487024 -0.000000
v -1.897110 0.505485 -0.000000
v -1.908430 0.523582 -0.000000
v -1.919990 0.541315 -0.000000
v -1.931789 0.558683 -0.000000
v -1.943828 0.575687 -0.000000
v -1.956106 0.592326 -0.000000
v -1.968623 0.608602 -0.000000
v -1.981380 0.624512 -0.000000
v -1.994376 0.640059 -0.000000
v -2.006613 0.653909 -0.000000
v -2.019088 0.667478 -0.000000
v -2.031803 0.680765 -0.000000
v -2.044758 0.693772 -0.000000
v -2.057952 0.706498 -0.000000
v -2.071386 0.718942 -0.000000
v -2.085058 0.731106 -0.000000
v -2.098971 0.742988 -0.000000
v -2.113122 0.754589 -0.000000
v -2.127514 0.765910 -0.000000
v -2.142144 0.776949 -0.000000
v -3.682213 0.806444 -0.000000
v -3.658183 0.808047 -0.000000
v -3.635058 0.809609 -0.000000
v -3.612839 0.811129 -0.000000
v -3.591526 0.812607 -0.000000
v -3.571118 0.814043 -0.000000
v -3.551616 0.815438 -0.000000
v -3.533019 0.816791 -0.000000
v -3.515328 0.818103 -0.000000
v -3.498543 0.819373 -0.000000
v -3.482663 0.820601 -0.000000
v -3.467689 0.821788 -0.000000
v -3.453621 0.822933 -0.000000
v -3.446095 0.823578 -0.000000
v -3.439006 0.824265 -0.000000
v -3.432354 0.824994 -0.000000
v -3.426140 0.825764 -0.000000
v -3.420362 0.826576 -0.000000
v -3.415022 0.827430 -0.000000
v -3.410120 0.828325 -0.000000
v -3.405654 0.829262 -0.000000
v -3.401625 0.830240 -0.000000
v -3.398034 0.831261 -0.000000
v -3.394880 0.832322 -0.000000
v -3.392163 0.833426 -0.000000
v -3.385397 0.836419 -0.000000
v -3.379089 0.839151 -0.000000
v -3.373239 0.841623 -0.000000
v -3.367847 0.843835 -0.000000
v -3.362913 0.845787 -0.000000
v -3.358437 0.847479 -0.000000
v -3.354419 0.848910 -0.000000
v -3.350858 0.850081 -0.000000
v -3.347756 0.850992 -0.000000
v -3.345112 0.851642 -0.000000
v -3.342926 0.852033 -0.000000
v -3.341198 0.852163 -0.000000
v -3.332699 0.852002 -0.000000
v -3.324189 0.851517 -0.000000
v -3.315669 0.850711 -0.000000
v -3.307138 0.849581 -0.000000
v -3.298598 0.848129 -0.000000
v -3.290046 0.846354 -0.000000
v -3.281484 0.844257 -0.000000
v -3.272912 0.841837 -0.000000
v -3.264329 0.839094 -0.000000
v -3.255736 0.836028 -0.000000
v -3.247133 0.832640 -0.000000
v -3.238519 0.828929 -0.000000
v -3.232653 0.826061 -0.000000
v -3.227298 0.822954 -0.000000
v -3.222452 0.819607 -0.000000
v -3.218116 0.816021 -0.000000
v -3.214291 0.812196 -0.000000
v -3.210975 0.808131 -0.000000
v -3.208170 0.803826 -0.000000
v -3.205875 0.799283 -0.000000
v -3.204089 0.794500 -0.000000
v -3.202814 0.789477 -0.000000
v -3.202049 0.784215 -0.000000
v -3.201794 0.778714 -0.000000
v -3.201898 0.776122 -0.000000
v -3.202210 0.773592 -0.000000
v -3.202731 0.771125 -0.000000
v -3.203460 0.768720 -0.000000
v -3.204396 0.766378 -0.000000
v -3.205541 0.764099 -0.000000
v -3.206895 0.761881 -0.000000
v -3.208456 0.759727 -0.000000
v -3.210226 0.757634 -0.000000
v -3.212204 0.755604 -0.000000
v -3.214390 0.753637 -0.000000
v -3.216784 0.751732 -0.000000
v -3.218663 0.750415 -0.000000
v -3.220552 0.749213 -0.000000
v -3.222452 0.748125 -0.000000
v -3.224362 0.747152 -0.000000
v -3.226283 0.746293 -0.000000
v -3.228214 0.745549 -0.000000
v -3.230155 0.744919 -0.000000
v -3.232107 0.744404 -0.000000
v -3.234069 0.744003 -0.000000
v -3.236042 0.743717 -0.000000
v -3.238024 0.743545 -0.000000
v -3.240018 0.743488 -0.000000
v -3.244718 0.743509 -0.000000
v -3.249824 0.743571 -0.000000
v -3.255335 0.743675 -0.000000
v -3.261253 0.743821 -0.000000
v -3.267577 0.744008 -0.000000
v -3.274307 0.744237 -0.000000
v -3.281442 0.744508 -0.000000
v -3.288984 0.744820 -0.000000
v -3.296932 0.745174 -0.000000
v -3.305285 0.745570 -0.000000
v -3.314045 0.746007 -0.000000
v -3.323210 0.746486 -0.000000
v -3.340246 0.747204 -0.000000
v -3.356875 0.747860 -0.000000
v -3.373098 0.748453 -0.000000
v -3.388915 0.748984 -0.000000
v -3.404327 0.749452 -0.000000
v -3.419332 0.749858 -0.000000
v -3.433931 0.750202 -0.000000
v -3.448125 0.750483 -0.000000
v -3.461912 0.750701 -0.000000
v -3.475294 0.750858 -0.000000
v -3.488269 0.750951 -0.000000
v -3.500838 0.750983 -0.000000
v -3.513996 0.750941 -0.000000
v -3.527487 0.750816 -0.000000
v -3.541310 0.750608 -0.000000
v -3.555467 0.750316 -0.000000
v -3.569957 0.749942 -0.000000
v -3.584780 0.749484 -0.000000
v -3.599937 0.748942 -0.000000
v -3.615426 0.748318 -0.000000
v -3.631248 0.747610 -0.000000
v -3.647404 0.746819 -0.000000
v -3.663893 0.745944 -0.000000
v -3.680714 0.744987 -0.000000
v -3.680439 0.729877 -0.000000
v -3.680111 0.712530 -0.000000
v -3.679731 0.692944 -0.000000
v -3.679299 0.671121 -0.000000
v -3.678815 0.647059 -0.000000
v -3.678278 0.620760 -0.000000
v -3.677690 0.592222 -0.000000
v -3.677050 0.561446 -0.000000
v -3.676358 0.528433 -0.000000
v -3.675614 0.493181 -0.000000
v -3.674817 0.455691 -0.000000
v -3.673969 0.415963 -0.000000
v -3.673823 0.408109 -0.000000
v -3.673636 0.398788 -0.000000
v -3.673407 0.387998 -0.000000
v -3.673136 0.375741 -0.000000
v -3.672824 0.362016 0.000000
v -3.672470 0.346824 0.000000
v -3.672074 0.330163 0.000000
v -3.671637 0.312035 0.000000
v -3.671158 0.292439 0.000000
v -3.670638 0.271375 0.000000
v -3.670076 0.248844 0.000000
v -3.669472 0.224845 0.000000
v -3.669233 0.213561 0.000000
v -3.669014 0.202944 0.000000
v -3.668816 0.192992 0.000000
v -3.668639 0.183707 0.000000
v -3.668483 0.175088 0.000000
v -3.668348 0.167135 0.000000
v -3.668233 0.159848 0.000000
v -3.668139 0.153228 0.000000
v -3.668067 0.147274 0.000000
v -3.668015 0.141986 0.000000
v -3.667983 0.137364 0.000000
v -3.667973 0.133408 0.000000
v -3.668103 0.123394 0.000000
v -3.668494 0.113838 0.000000
v -3.669144 0.104740 0.000000
v -3.670055 0.096100 0.000000
v -3.671226 0.087919 0.000000
v -3.672657 0.080195 0.000000
v -3.674349 0.072929 0.000000
v -3.676301 0.066121 0.000000
v -3.678513 0.059771 0.000000
v -3.680985 0.053880 0.000000
v -3.683717 0.048446 0.000000
v -3.686710 0.043470 0.000000
v -3.688860 0.040118 0.000000
v -3.691311 0.036808 0.000000
v -3.694064 0.033539 0.000000
v -3.697119 0.030312 0.000000
v -3.700477 0.027127 0.000000
v -3.704136 0.023983 0.000000
v -3.708097 0.020881 0.000000
v -3.712359 0.017821 0.000000
v -3.716924 0.014802 0.000000
v -3.721790 0.011825 0.000000
v -3.726959 0.008890 0.000000
v -3.732429 0.005996 0.000000
v -3.737113 0.003602 0.000000
v -3.741672 0.001416 0.000000
v -3.746107 -0.000562 0.000000
v -3.750416 -0.002332 0.000000
v -3.754601 -0.003893 0.000000
v -3.758660 -0.005246 0.000000
v -3.762595 -0.006391 0.000000
v -3.766405 -0.007328 0.000000
v -3.770090 -0.008057 0.000000
v -3.773650 -0.008577 0.000000
v -3.777085 -0.008890 0.000000
v -3.780396 -0.008994 0.000000
v -3.784315 -0.008760 0.000000
v -3.788078 -0.008057 0.000000
v -3.791684 -0.006886 0.000000
v -3.795135 -0.005246 0.000000
v -3.798430 -0.003138 0.000000
v -3.801569 -0.000562 0.000000
v -3.804551 0.002483 0.000000
v -3.807377 0.005996 0.000000
v -3.810047 0.009978 0.000000
v -3.812561 0.014428 0.000000
v -3.814919 0.019346 0.000000
v -3.817120 0.024733 0.000000
v -3.817974 0.027205 0.000000
v -3.819036 0.029625 0.000000
v -3.820306 0.031994 0.000000
v -3.821784 0.034310 0.000000
v -3.823470 0.036574 0.000000
v -3.825365 0.038786 0.000000
v -3.827467 0.040946 0.000000
v -3.829778 0.043054 0.000000
v -3.832297 0.045110 0.000000
v -3.835025 0.047113 0.000000
v -3.837960 0.049065 0.000000
v -3.841104 0.050965 0.000000
v -3.846595 0.054280 0.000000
v -3.853075 0.057731 0.000000
v -3.860543 0.061317 0.000000
v -3.869001 0.065039 0.000000
v -3.878448 0.068895 0.000000
v -3.888883 0.072887 0.000000
v -3.900308 0.077015 0.000000
v -3.912721 0.081277 0.000000
v -3.926123 0.085675 0.000000
v -3.940515 0.090209 0.000000
v -3.955895 0.094877 0.000000
v -3.972264 0.099681 0.000000
v -3.974658 0.100426 0.000000
v -3.976844 0.101409 0.000000
v -3.978822 0.102632 0.000000
v -3.980591 0.104095 0.000000
v -3.982152 0.105797 0.000000
v -3.983506 0.107738 0.000000
v -3.984651 0.109919 0.000000
v -3.985588 0.112339 0.000000
v -3.986316 0.114999 0.000000
v -3.986837 0.117898 0.000000
v -3.987149 0.121036 0.000000
v -3.987253 0.124414 0.000000
v -3.987149 0.126808 0.000000
v -3.986836 0.128994 0.000000
v -3.986316 0.130972 0.000000
v -3.985587 0.132742 0.000000
v -3.984651 0.134303 0.000000
v -3.983505 0.135657 0.000000
v -3.982152 0.136802 0.000000
v -3.980591 0.137738 0.000000
v -3.978821 0.138467 0.000000
v -3.976844 0.138988 0.000000
v -3.974658 0.139300 0.000000
v -3.972264 0.139404 0.000000
v -3.970843 0.139383 0.000000
v -3.969328 0.139321 0.000000
v -3.967720 0.139217 0.000000
v -3.966017 0.139071 0.000000
v -3.964222 0.138883 0.000000
v -3.962332 0.138654 0.000000
v -3.960350 0.138384 0.000000
v -3.958273 0.138072 0.000000
v -3.956103 0.137718 0.000000
v -3.953839 0.137322 0.000000
v -3.951481 0.136885 0.000000
v -3.949029 0.136406 0.000000
v -3.933124 0.133533 0.000000
v -3.917634 0.130910 0.000000
v -3.902561 0.128536 0.000000
v -3.887905 0.126413 0.000000
v -3.873665 0.124539 0.000000
v -3.859841 0.122915 0.000000
v -3.846433 0.121541 0.000000
v -3.833442 0.120417 0.000000
v -3.820868 0.119543 0.000000
v -3.808709 0.118918 0.000000
v -3.796968 0.118543 0.000000
v -3.785642 0.118418 0.000000
v -3.782378 0.118444 0.000000
v -3.779334 0.118523 0.000000
v -3.776507 0.118653 0.000000
v -3.773900 0.118835 0.000000
v -3.771511 0.119069 0.000000
v -3.769341 0.119355 0.000000
v -3.767389 0.119694 0.000000
v -3.765656 0.120084 0.000000
v -3.764141 0.120526 0.000000
v -3.762845 0.121021 0.000000
v -3.761767 0.121567 0.000000
v -3.760909 0.122166 0.000000
v -3.760190 0.122863 0.000000
v -3.759535 0.123706 0.000000
v -3.758941 0.124695 0.000000
v -3.758410 0.125830 0.000000
v -3.757942 0.127110 0.000000
v -3.757536 0.128536 0.000000
v -3.757192 0.130108 0.000000
v -3.756911 0.131826 0.000000
v -3.756692 0.133689 0.000000
v -3.756536 0.135698 0.000000
v -3.756443 0.137853 0.000000
v -3.756412 0.140153 0.000000
v -3.756293 0.151109 0.000000
v -3.756183 0.162242 0.000000
v -3.756084 0.173552 0.000000
v -3.755996 0.185039 0.000000
v -3.755918 0.196703 0.000000
v -3.755850 0.208544 0.000000
v -3.755793 0.220562 0.000000
v -3.755746 0.232756 0.000000
v -3.755709 0.245128 0.000000
v -3.755683 0.257677 0.000000
v -3.755668 0.270402 0.000000
v -3.755663 0.283305 0.000000
v -3.755673 0.309563 0.000000
v -3.755704 0.336872 0.000000
v -3.755756 0.365233 0.000000
v -3.755829 0.394645 -0.000000
v -3.755923 0.425108 -0.000000
v -3.756037 0.456623 -0.000000
v -3.756173 0.489189 -0.000000
v -3.756329 0.522806 -0.000000
v -3.756506 0.557475 -0.000000
v -3.756704 0.593195 -0.000000
v -3.756922 0.629967 -0.000000
v -3.757162 0.667790 -0.000000
v -3.773739 0.643827 -0.000000
v -3.791742 0.619407 -0.000000
v -3.811171 0.594528 -0.000000
v -3.832027 0.569191 -0.000000
v -3.854308 0.543396 -0.000000
v -3.878016 0.517144 -0.000000
v -3.903149 0.490433 -0.000000
v -3.929709 0.463264 -0.000000
v -3.957695 0.435637 -0.000000
v -3.987107 0.407553 -0.000000
v -4.017945 0.379010 -0.000000
v -4.050210 0.350009 0.000000
v -4.077201 0.326213 0.000000
v -4.104214 0.303041 0.000000
v -4.131248 0.280494 0.000000
v -4.158302 0.258572 0.000000
v -4.185377 0.237274 0.000000
v -4.212473 0.216601 0.000000
v -4.239590 0.196552 0.000000
v -4.266727 0.177128 0.000000
v -4.293886 0.158328 0.000000
v -4.321065 0.140153 0.000000
v -4.348265 0.122603 0.000000
v -4.375485 0.105677 0.000000
v -4.379019 0.104001 0.000000
v -4.382376 0.102471 0.000000
v -4.385556 0.101087 0.000000
v -4.388559 0.099848 0.000000
v -4.391386 0.098755 0.000000
v -4.394035 0.097808 0.000000
v -4.396507 0.097006 0.000000
v -4.398803 0.096350 0.000000
v -4.400921 0.095840 0.000000
v -4.402862 0.095476 0.000000
v -4.404626 0.095257 0.000000
v -4.406214 0.095184 0.000000
v -4.409446 0.095289 0.000000
v -4.412397 0.095601 0.000000
v -4.415067 0.096121 0.000000
v -4.417456 0.096850 0.000000
v -4.419564 0.097787 0.000000
v -4.421391 0.098932 0.000000
v -4.422937 0.100285 0.000000
v -4.424201 0.101846 0.000000
v -4.425185 0.103616 0.000000
v -4.425888 0.105594 0.000000
v -4.426310 0.107780 0.000000
v -4.426450 0.110174 0.000000
v -4.426310 0.112907 0.000000
v -4.425888 0.115608 0.000000
v -4.425185 0.118278 0.000000
v -4.424201 0.120917 0.000000
v -4.422937 0.123524 0.000000
v -4.421391 0.126101 0.000000
v -4.419564 0.128646 0.000000
v -4.417456 0.131160 0.000000
v -4.415067 0.133642 0.000000
v -4.412397 0.136094 0.000000
v -4.409446 0.138514 0.000000
v -4.406214 0.140903 0.000000
v -4.378213 0.161123 0.000000
v -4.350420 0.181812 0.000000
v -4.322834 0.202970 0.000000
v -4.295457 0.224595 0.000000
v -4.268289 0.246689 0.000000
v -4.241328 0.269252 0.000000
v -4.214576 0.292283 0.000000
v -4.188032 0.315782 0.000000
v -4.161695 0.339750 0.000000
v -4.135568 0.364187 0.000000
v -4.109648 0.389091 -0.000000
v -4.083936 0.414464 -0.000000
v -4.056746 0.441977 -0.000000
v -4.030390 0.469302 -0.000000
v -4.004866 0.496439 -0.000000
v -3.980174 0.523389 -0.000000
v -3.956316 0.550152 -0.000000
v -3.933290 0.576728 -0.000000
v -3.911097 0.603116 -0.000000
v -3.889737 0.629316 -0.000000
v -3.869209 0.655330 -0.000000
v -3.849514 0.681156 -0.000000
v -3.830652 0.706794 -0.000000
v -3.812623 0.732246 -0.000000
v -3.853986 0.727202 -0.000000
v -3.893380 0.722315 -0.000000
v -3.930808 0.717584 -0.000000
v -3.966268 0.713009 -0.000000
v -3.999760 0.708590 -0.000000
v -4.031286 0.704327 -0.000000
v -4.060843 0.700221 -0.000000
v -4.088434 0.696270 -0.000000
v -4.114057 0.692476 -0.000000
v -4.137712 0.688838 -0.000000
v -4.159400 0.685356 -0.000000
v -4.179121 0.682030 -0.000000
v -4.182993 0.681442 -0.000000
v -4.186865 0.680677 -0.000000
v -4.190738 0.679735 -0.000000
v -4.194610 0.678616 -0.000000
v -4.198483 0.677320 -0.000000
v -4.202355 0.675847 -0.000000
v -4.206227 0.674197 -0.000000
v -4.210100 0.672370 -0.000000
v -4.213972 0.670366 -0.000000
v -4.217844 0.668185 -0.000000
v -4.221717 0.665828 -0.000000
v -4.225589 0.663293 -0.000000
v -4.228717 0.661617 -0.000000
v -4.231855 0.660087 -0.000000
v -4.235004 0.658702 -0.000000
v -4.238164 0.657464 -0.000000
v -4.241333 0.656371 -0.000000
v -4.244514 0.655424 -0.000000
v -4.247704 0.654622 -0.000000
v -4.250905 0.653966 -0.000000
v -4.254117 0.653456 -0.000000
v -4.257338 0.653092 -0.000000
v -4.260570 0.652873 -0.000000
v -4.263813 0.652800 -0.000000
v -4.273077 0.653269 -0.000000
v -4.282383 0.654674 -0.000000
v -4.291731 0.657016 -0.000000
v -4.301120 0.660295 -0.000000
v -4.310551 0.664511 -0.000000
v -4.320024 0.669664 -0.000000
v -4.329538 0.675753 -0.000000
v -4.339094 0.682780 -0.000000
v -4.348692 0.690743 -0.000000
v -4.358331 0.699643 -0.000000
v -4.368012 0.709480 -0.000000
v -4.377734 0.720254 -0.000000
v -4.384079 0.727941 -0.000000
v -4.389872 0.735514 -0.000000
v -4.395113 0.742972 -0.000000
v -4.399802 0.750316 -0.000000
v -4.403940 0.757546 -0.000000
v -4.407526 0.764661 -0.000000
v -4.410561 0.771661 -0.000000
v -4.413043 0.778547 -0.000000
v -4.414974 0.785318 -0.000000
v -4.416353 0.791975 -0.000000
v -4.417181 0.798518 -0.000000
v -4.417457 0.804945 -0.000000
v -4.417363 0.807579 -0.000000
v -4.417082 0.809984 -0.000000
v -4.416614 0.812159 -0.000000
v -4.415958 0.814106 -0.000000
v -4.415115 0.815823 -0.000000
v -4.414085 0.817312 -0.000000
v -4.412867 0.818572 -0.000000
v -4.411462 0.819602 -0.000000
v -4.409869 0.820404 -0.000000
v -4.408089 0.820976 -0.000000
v -4.406122 0.821320 -0.000000
v -4.403966 0.821434 -0.000000
v -4.402025 0.821283 -0.000000
v -4.399948 0.820830 -0.000000
v -4.397736 0.820076 -0.000000
v -4.395389 0.819019 -0.000000
v -4.392906 0.817661 -0.000000
v -4.390288 0.816000 -0.000000
v -4.387535 0.814038 -0.000000
v -4.384646 0.811774 -0.000000
v -4.381622 0.809208 -0.000000
v -4.378463 0.806340 -0.000000
v -4.375168 0.803171 -0.000000
v -4.371738 0.799699 -0.000000
v -4.363312 0.792157 -0.000000
v -4.355021 0.785271 -0.000000
v -4.346865 0.779041 -0.000000
v -4.338844 0.773467 -0.000000
v -4.330959 0.768549 -0.000000
v -4.323209 0.764286 -0.000000
v -4.315594 0.760679 -0.000000
v -4.308115 0.757728 -0.000000
v -4.300771 0.755433 -0.000000
v -4.293563 0.753793 -0.000000
v -4.286489 0.752809 -0.000000
v -4.279552 0.752482 -0.000000
v -4.272811 0.752523 -0.000000
v -4.265832 0.752648 -0.000000
v -4.258613 0.752856 -0.000000
v -4.251155 0.753148 -0.000000
v -4.243457 0.753523 -0.000000
v -4.235520 0.753981 -0.000000
v -4.227343 0.754522 -0.000000
v -4.218927 0.755146 -0.000000
v -4.210271 0.755854 -0.000000
v -4.201376 0.756645 -0.000000
v -4.192242 0.757520 -0.000000
v -4.182868 0.758477 -0.000000
v -4.133225 0.763219 -0.000000
v -4.086226 0.767700 -0.000000
v -4.041872 0.771921 -0.000000
v -4.000161 0.775882 -0.000000
v -3.961094 0.779583 -0.000000
v -3.924671 0.783023 -0.000000
v -3.890892 0.786203 -0.000000
v -3.859757 0.789123 -0.000000
v -3.831267 0.791783 -0.000000
v -3.805420 0.794182 -0.000000
v -3.782217 0.796321 -0.000000
v -3.761659 0.798200 -0.000000
v -3.761679 0.825254 -0.000000
v -3.761742 0.850955 -0.000000
v -3.761846 0.875303 -0.000000
v -3.761992 0.898298 -0.000000
v -3.762179 0.919939 -0.000000
v -3.762408 0.940227 -0.000000
v -3.762679 0.959162 -0.000000
v -3.762991 0.976744 -0.000000
v -3.763345 0.992972 -0.000000
v -3.763740 1.007847 -0.000000
v -3.764178 1.021369 -0.000000
v -3.764656 1.033538 -0.000000
v -3.765213 1.039362 -0.000000
v -3.765885 1.044843 -0.000000
v -3.766670 1.049980 -0.000000
v -3.767571 1.054773 -0.000000
v -3.768586 1.059223 -0.000000
v -3.769715 1.063330 -0.000000
v -3.770959 1.067093 -0.000000
v -3.772318 1.070512 -0.000000
v -3.773791 1.073588 -0.000000
v -3.775378 1.076321 -0.000000
v -3.777080 1.078710 -0.000000
v -3.778897 1.080755 -0.000000
v -3.783086 1.084029 -0.000000
v -3.787911 1.087105 -0.000000
v -3.793371 1.089983 -0.000000
v -3.799466 1.092664 -0.000000
v -3.806195 1.095147 -0.000000
v -3.813560 1.097431 -0.000000
v -3.821560 1.099519 -0.000000
v -3.830194 1.101408 -0.000000
v -3.839464 1.103099 -0.000000
v -3.849369 1.104593 -0.000000
v -3.859908 1.105889 -0.000000
v -3.871083 1.106987 -0.000000
v -3.873238 1.107430 -0.000000
v -3.875205 1.108007 -0.000000
v -3.876985 1.108720 -0.000000
v -3.878578 1.109569 -0.000000
v -3.879983 1.110553 -0.000000
v -3.881201 1.111672 -0.000000
v -3.882231 1.112926 -0.000000
v -3.883075 1.114316 -0.000000
v -3.883731 1.115841 -0.000000
v -3.884199 1.117501 -0.000000
v -3.884480 1.119297 -0.000000
v -3.884574 1.121228 -0.000000
v -3.884501 1.122497 -0.000000
v -3.884282 1.123809 -0.000000
v -3.883918 1.125162 -0.000000
v -3.883408 1.126557 -0.000000
v -3.882752 1.127994 -0.000000
v -3.881951 1.129472 -0.000000
v -3.881003 1.130992 -0.000000
v -3.879910 1.132553 -0.000000
v -3.878672 1.134156 -0.000000
v -3.877287 1.135801 -0.000000
v -3.875757 1.137487 -0.000000
v -3.874081 1.139215 -0.000000
v -3.870115 1.142926 -0.000000
v -3.865961 1.146314 -0.000000
v -3.861621 1.149380 -0.000000
v -3.857093 1.152123 -0.000000
v -3.852377 1.154543 -0.000000
v -3.847474 1.156641 -0.000000
v -3.842384 1.158415 -0.000000
v -3.837106 1.159867 -0.000000
v -3.831641 1.160997 -0.000000
v -3.825989 1.161803 -0.000000
v -3.820149 1.162287 -0.000000
v -3.814122 1.162449 -0.000000
v -3.806602 1.162246 -0.000000
v -3.798779 1.161637 -0.000000
v -3.790654 1.160622 -0.000000
v -3.782228 1.159201 -0.000000
v -3.773499 1.157375 -0.000000
v -3.764469 1.155142 -0.000000
v -3.755137 1.152503 -0.000000
v -3.745503 1.149458 -0.000000
v -3.735567 1.146007 -0.000000
v -3.725329 1.142151 -0.000000
v -3.714790 1.137888 -0.000000
v -3.703948 1.133219 -0.000000
v -3.694850 1.129160 -0.000000
v -3.686544 1.124975 -0.000000
v -3.679028 1.120665 -0.000000
v -3.672303 1.116231 -0.000000
v -3.666370 1.111672 -0.000000
v -3.661228 1.106987 -0.000000
v -3.656877 1.102178 -0.000000
v -3.653316 1.097244 -0.000000
v -3.650548 1.092185 -0.000000
v -3.648570 1.087001 -0.000000
v -3.647383 1.081692 -0.000000
v -3.646987 1.076258 -0.000000
v -3.647144 1.073463 -0.000000
v -3.647612 1.070575 -0.000000
v -3.648393 1.067593 -0.000000
v -3.649486 1.064517 -0.000000
v -3.650891 1.061347 -0.000000
v -3.652609 1.058084 -0.000000
v -3.654639 1.054726 -0.000000
v -3.656981 1.051276 -0.000000
v -3.659635 1.047731 -0.000000
v -3.662602 1.044093 -0.000000
v -3.665881 1.040361 -0.000000
v -3.669472 1.036536 -0.000000
v -3.670924 1.034829 -0.000000
v -3.672283 1.032705 -0.000000
v -3.673548 1.030165 -0.000000
v -3.674719 1.027209 -0.000000
v -3.675796 1.023836 -0.000000
v -3.676780 1.020047 -0.000000
v -3.677670 1.015842 -0.000000
v -3.678466 1.011220 -0.000000
v -3.679169 1.006182 -0.000000
v -3.679778 1.000727 -0.000000
v -3.680293 0.994856 -0.000000
v -3.680714 0.988569 -0.000000
v -3.680954 0.980777 -0.000000
v -3.681172 0.971643 -0.000000
v -3.681370 0.961166 -0.000000
v -3.681547 0.949346 -0.000000
v -3.681703 0.936183 -0.000000
v -3.681838 0.921677 -0.000000
v -3.681953 0.905829 -0.000000
v -3.682046 0.888638 -0.000000
v -3.682119 0.870104 -0.000000
v -3.682171 0.850227 -0.000000
v -3.682203 0.829007 -0.000000
v 4.204603 0.320779 0.264555
v 4.191206 0.342040 0.264555
v 4.177747 0.362604 0.264555
v 4.164225 0.382471 0.264555
v 4.150640 0.401640 0.264555
v 4.136993 0.420112 0.264555
v 4.123284 0.437886 0.264555
v 4.109512 0.454963 0.264555
v 4.095678 0.471342 0.264555
v 4.081781 0.487024 0.264555
v 4.067822 0.502008 0.264555
v 4.053801 0.516295 0.264555
v 4.039717 0.529885 0.264555
v 4.037562 0.532102 0.264555
v 4.035594 0.534257 0.264555
v 4.033814 0.536349 0.264555
v 4.032222 0.538379 0.264555
v 4.030817 0.540346 0.264555
v 4.029599 0.542251 0.264555
v 4.028568 0.544094 0.264555
v 4.027725 0.545874 0.264555
v 4.027070 0.547592 0.264555
v 4.026601 0.549247 0.264555
v 4.026320 0.550839 0.264555
v 4.026226 0.552369 0.264555
v 4.026356 0.555123 0.264555
v 4.026747 0.557637 0.264555
v 4.027397 0.559911 0.264555
v 4.028308 0.561946 0.264555
v 4.029479 0.563742 0.264555
v 4.030910 0.565298 0.264555
v 4.032602 0.566615 0.264555
v 4.034554 0.567692 0.264555
v 4.036766 0.568530 0.264555
v 4.039238 0.569129 0.264555
v 4.041971 0.569488 0.264555
v 4.044963 0.569608 0.264555
v 4.046972 0.569545 0.264555
v 4.049002 0.569358 0.264555
v 4.051053 0.569045 0.264555
v 4.053124 0.568608 0.264555
v 4.055216 0.568046 0.264555
v 4.057330 0.567359 0.264555
v 4.059464 0.566547 0.264555
v 4.061618 0.565610 0.264555
v 4.063794 0.564548 0.264555
v 4.065990 0.563362 0.264555
v 4.068208 0.562050 0.264555
v 4.070446 0.560614 0.264555
v 4.098603 0.541585 0.264555
v 4.125616 0.522224 0.264555
v 4.151484 0.502529 0.264555
v 4.176206 0.482501 0.264555
v 4.199784 0.462140 0.264555
v 4.222216 0.441446 0.264555
v 4.243504 0.420419 0.264555
v 4.263646 0.399058 0.264555
v 4.282643 0.377365 0.264555
v 4.300496 0.355339 0.264555
v 4.317203 0.332979 0.264555
v 4.332765 0.310286 0.264555
v 4.341384 0.296790 0.264555
v 4.349254 0.283534 0.264555
v 4.356374 0.270517 0.264555
v 4.362744 0.257739 0.264555
v 4.368365 0.245201 0.264555
v 4.373237 0.232902 0.264555
v 4.377359 0.220843 0.264555
v 4.380732 0.209023 0.264555
v 4.383355 0.197442 0.264555
v 4.385229 0.186101 0.264555
v 4.386353 0.174999 0.264555
v 4.386728 0.164137 0.264555
v 4.386603 0.159843 0.264555
v 4.386228 0.155705 0.264555
v 4.385603 0.151724 0.264555
v 4.384729 0.147898 0.264555
v 4.383605 0.144229 0.264555
v 4.382230 0.140716 0.264555
v 4.380606 0.137358 0.264555
v 4.378733 0.134158 0.264555
v 4.376609 0.131113 0.264555
v 4.374236 0.128224 0.264555
v 4.371613 0.125492 0.264555
v 4.368740 0.122915 0.264555
v 4.366210 0.120880 0.264555
v 4.363618 0.119022 0.264555
v 4.360964 0.117341 0.264555
v 4.358247 0.115837 0.264555
v 4.355467 0.114510 0.264555
v 4.352625 0.113359 0.264555
v 4.349721 0.112386 0.264555
v 4.346754 0.111590 0.264555
v 4.343725 0.110970 0.264555
v 4.340633 0.110528 0.264555
v 4.337479 0.110263 0.264555
v 4.334264 0.110174 0.264555
v 4.327826 0.110460 0.264555
v 4.321752 0.111319 0.264555
v 4.316042 0.112750 0.264555
v 4.310697 0.114754 0.264555
v 4.305716 0.117331 0.264555
v 4.301099 0.120479 0.264555
v 4.296846 0.124201 0.264555
v 4.292958 0.128495 0.264555
v 4.289434 0.133361 0.264555
v 4.286275 0.138800 0.264555
v 4.283480 0.144812 0.264555
v 4.281050 0.151396 0.264555
v 4.276803 0.163439 0.264555
v 4.272556 0.175088 0.264555
v 4.268309 0.186340 0.264555
v 4.264061 0.197197 0.264555
v 4.259814 0.207659 0.264555
v 4.255567 0.217725 0.264555
v 4.251320 0.227395 0.264555
v 4.247073 0.236670 0.264555
v 4.242826 0.245550 0.264555
v 4.238578 0.254033 0.264555
v 4.234331 0.262121 0.264555
v 4.230086 0.269814 0.264555
v 4.172589 0.258853 0.264555
v 4.114270 0.247954 0.264555
v 4.055128 0.237118 0.264555
v 3.995164 0.226344 0.264555
v 3.934378 0.215633 0.264555
v 3.872769 0.204984 0.264555
v 3.810338 0.194397 0.264555
v 3.747085 0.183873 0.264555
v 3.683009 0.173412 0.264555
v 3.618111 0.163013 0.264555
v 3.552391 0.152676 0.264555
v 3.485848 0.142402 0.264555
v 3.478104 0.141007 0.264555
v 3.470859 0.139571 0.264555
v 3.464113 0.138092 0.264555
v 3.457868 0.136573 0.264555
v 3.452121 0.135011 0.264555
v 3.446875 0.133408 0.264555
v 3.442128 0.131763 0.264555
v 3.437881 0.130077 0.264555
v 3.434134 0.128349 0.264555
v 3.430886 0.126579 0.264555
v 3.428138 0.124768 0.264555
v 3.425890 0.122915 0.264555
v 3.423365 0.120401 0.264555
v 3.420789 0.118106 0.264555
v 3.418161 0.116029 0.264555
v 3.415480 0.114171 0.264555
v 3.412748 0.112532 0.264555
v 3.409963 0.111111 0.264555
v 3.407126 0.109909 0.264555
v 3.404238 0.108925 0.264555
v 3.401297 0.108160 0.264555
v 3.398304 0.107613 0.264555
v 3.395260 0.107285 0.264555
v 3.392163 0.107176 0.264555
v 3.386760 0.107603 0.264555
v 3.381295 0.108883 0.264555
v 3.375768 0.111017 0.264555
v 3.370178 0.114005 0.264555
v 3.364526 0.117846 0.264555
v 3.358811 0.122541 0.264555
v 3.353033 0.128089 0.264555
v 3.347193 0.134491 0.264555
v 3.341291 0.141746 0.264555
v 3.335327 0.149855 0.264555
v 3.329300 0.158818 0.264555
v 3.323210 0.168634 0.264555
v 3.317824 0.177300 0.264555
v 3.312905 0.185809 0.264555
v 3.308455 0.194163 0.264555
v 3.304473 0.202361 0.264555
v 3.300960 0.210402 0.264555
v 3.297915 0.218287 0.264555
v 3.295339 0.226016 0.264555
v 3.293231 0.233589 0.264555
v 3.291591 0.241006 0.264555
v 3.290420 0.248266 0.264555
v 3.289718 0.255371 0.264555
v 3.289484 0.262319 0.264555
v 3.289551 0.264807 0.264555
v 3.289754 0.267274 0.264555
v 3.290092 0.269720 0.264555
v 3.290566 0.272146 0.264555
v 3.291175 0.274550 0.264555
v 3.291919 0.276934 0.264555
v 3.292799 0.279297 0.264555
v 3.293814 0.281639 0.264555
v 3.294964 0.283961 0.264555
v 3.296250 0.286261 0.264555
v 3.297671 0.288541 0.264555
v 3.299227 0.290800 0.264555
v 3.300466 0.292595 0.264555
v 3.301683 0.294235 0.264555
v 3.302881 0.295718 0.264555
v 3.304057 0.297045 0.264555
v 3.305212 0.298216 0.264555
v 3.306347 0.299231 0.264555
v 3.307461 0.300090 0.264555
v 3.308554 0.300793 0.264555
v 3.309626 0.301339 0.264555
v 3.310677 0.301730 0.264555
v 3.311708 0.301964 0.264555
v 3.312718 0.302042 0.264555
v 3.314092 0.301927 0.264555
v 3.315466 0.301584 0.264555
v 3.316840 0.301011 0.264555
v 3.318214 0.300210 0.264555
v 3.319588 0.299179 0.264555
v 3.320962 0.297920 0.264555
v 3.322336 0.296431 0.264555
v 3.323710 0.294714 0.264555
v 3.325084 0.292767 0.264555
v 3.326458 0.290591 0.264555
v 3.327832 0.288187 0.264555
v 3.329206 0.285553 0.264555
v 3.334343 0.277413 0.264555
v 3.339761 0.269981 0.264555
v 3.345461 0.263256 0.264555
v 3.351441 0.257239 0.264555
v 3.357702 0.251931 0.264555
v 3.364245 0.247330 0.264555
v 3.371068 0.243436 0.264555
v 3.378172 0.240251 0.264555
v 3.385558 0.237774 0.264555
v 3.393224 0.236004 0.264555
v 3.401172 0.234942 0.264555
v 3.409401 0.234588 0.264555
v 3.415386 0.234620 0.264555
v 3.421351 0.234713 0.264555
v 3.427295 0.234869 0.264555
v 3.433218 0.235088 0.264555
v 3.439120 0.235369 0.264555
v 3.445002 0.235713 0.264555
v 3.450862 0.236119 0.264555
v 3.456702 0.236587 0.264555
v 3.462521 0.237118 0.264555
v 3.468319 0.237711 0.264555
v 3.474096 0.238367 0.264555
v 3.479852 0.239085 0.264555
v 3.507000 0.292627 0.264555
v 3.533732 0.346574 0.264555
v 3.560047 0.400927 0.264555
v 3.585946 0.455686 0.264555
v 3.611428 0.510851 0.264555
v 3.636495 0.566422 0.264555
v 3.661144 0.622399 0.264555
v 3.685378 0.678782 0.264555
v 3.709194 0.735571 0.264555
v 3.732595 0.792766 0.264555
v 3.755579 0.850367 0.264555
v 3.778147 0.908374 0.264555
v 3.781140 0.915921 0.264555
v 3.783872 0.923072 0.264555
v 3.786344 0.929828 0.264555
v 3.788556 0.936188 0.264555
v 3.790508 0.942153 0.264555
v 3.792200 0.947722 0.264555
v 3.793631 0.952896 0.264555
v 3.794802 0.957673 0.264555
v 3.795713 0.962056 0.264555
v 3.796363 0.966043 0.264555
v 3.796754 0.969634 0.264555
v 3.796884 0.972830 0.264555
v 3.796385 0.979778 0.264555
v 3.794886 0.986633 0.264555
v 3.792387 0.993394 0.264555
v 3.788890 1.000061 0.264555
v 3.784393 1.006634 0.264555
v 3.778897 1.013114 0.264555
v 3.772401 1.019501 0.264555
v 3.764906 1.025793 0.264555
v 3.756412 1.031992 0.264555
v 3.746918 1.038097 0.264555
v 3.736426 1.044109 0.264555
v 3.724934 1.050027 0.264555
v 3.722300 1.051401 0.264555
v 3.719895 1.052775 0.264555
v 3.717720 1.054149 0.264555
v 3.715773 1.055523 0.264555
v 3.714056 1.056897 0.264555
v 3.712567 1.058271 0.264555
v 3.711307 1.059645 0.264555
v 3.710277 1.061019 0.264555
v 3.709475 1.062393 0.264555
v 3.708903 1.063767 0.264555
v 3.708559 1.065141 0.264555
v 3.708445 1.066515 0.264555
v 3.708773 1.069987 0.264555
v 3.709756 1.073156 0.264555
v 3.711396 1.076024 0.264555
v 3.713691 1.078590 0.264555
v 3.716642 1.080854 0.264555
v 3.720249 1.082816 0.264555
v 3.724512 1.084477 0.264555
v 3.729431 1.085835 0.264555
v 3.735005 1.086892 0.264555
v 3.741235 1.087646 0.264555
v 3.748121 1.088099 0.264555
v 3.755662 1.088250 0.264555
v 3.764823 1.087995 0.264555
v 3.774066 1.087230 0.264555
v 3.783393 1.085955 0.264555
v 3.792804 1.084170 0.264555
v 3.802297 1.081874 0.264555
v 3.811874 1.079069 0.264555
v 3.821534 1.075754 0.264555
v 3.831277 1.071928 0.264555
v 3.841104 1.067593 0.264555
v 3.851014 1.062747 0.264555
v 3.861007 1.057391 0.264555
v 3.871083 1.051526 0.264555
v 3.882814 1.044171 0.264555
v 3.893526 1.036848 0.264555
v 3.903217 1.029556 0.264555
v 3.911888 1.022295 0.264555
v 3.919539 1.015066 0.264555
v 3.926170 1.007868 0.264555
v 3.931781 1.000701 0.264555
v 3.936371 0.993565 0.264555
v 3.939942 0.986461 0.264555
v 3.942492 0.979387 0.264555
v 3.944022 0.972345 0.264555
v 3.944532 0.965335 0.264555
v 3.944330 0.960812 0.264555
v 3.943721 0.956487 0.264555
v 3.942706 0.952359 0.264555
v 3.941285 0.948430 0.264555
v 3.939458 0.944698 0.264555
v 3.937225 0.941164 0.264555
v 3.934586 0.937828 0.264555
v 3.931541 0.934689 0.264555
v 3.928091 0.931749 0.264555
v 3.924234 0.929006 0.264555
v 3.919971 0.926461 0.264555
v 3.915302 0.924113 0.264555
v 3.911279 0.921553 0.264555
v 3.907204 0.918367 0.264555
v 3.903076 0.914557 0.264555
v 3.898897 0.910123 0.264555
v 3.894665 0.905064 0.264555
v 3.890382 0.899380 0.264555
v 3.886046 0.893072 0.264555
v 3.881659 0.886139 0.264555
v 3.877219 0.878582 0.264555
v 3.872727 0.870400 0.264555
v 3.868184 0.861594 0.264555
v 3.863588 0.852163 0.264555
v 3.835285 0.793542 0.264555
v 3.807335 0.736347 0.264555
v 3.779740 0.680578 0.264555
v 3.752498 0.626235 0.264555
v 3.725610 0.573319 0.264555
v 3.699076 0.521828 0.264555
v 3.672897 0.471764 0.264555
v 3.647071 0.423125 0.264555
v 3.621599 0.375913 0.264555
v 3.596481 0.330127 0.264555
v 3.571717 0.285767 0.264555
v 3.547306 0.242833 0.264555
v 3.596527 0.247038 0.264555
v 3.646758 0.251660 0.264555
v 3.697999 0.256698 0.264555
v 3.750249 0.262153 0.264555
v 3.803509 0.268024 0.264555
v 3.857779 0.274311 0.264555
v 3.913059 0.281015 0.264555
v 3.969348 0.288135 0.264555
v 4.026648 0.295671 0.264555
v 4.084956 0.303624 0.264555
v 4.144275 0.311993 0.264555
v 2.000372 0.801198 0.264555
v 2.001038 0.787140 0.264555
v 2.001787 0.772197 0.264555
v 2.002620 0.756369 0.264555
v 2.003536 0.739657 0.264555
v 2.004535 0.722060 0.264555
v 2.005618 0.703578 0.264555
v 2.006784 0.684211 0.264555
v 2.008033 0.663959 0.264555
v 2.009365 0.642823 0.264555
v 2.010781 0.620801 0.264555
v 2.012280 0.597895 0.264555
v 2.013862 0.574104 0.264555
v 2.014581 0.562888 0.264555
v 2.015237 0.552224 0.264555
v 2.015830 0.542111 0.264555
v 2.016361 0.532550 0.264555
v 2.016829 0.523540 0.264555
v 2.017236 0.515083 0.264555
v 2.017579 0.507177 0.264555
v 2.017860 0.499822 0.264555
v 2.018079 0.493020 0.264555
v 2.018235 0.486769 0.264555
v 2.018329 0.481070 0.264555
v 2.018359 0.475922 0.264555
v 2.018135 0.468021 0.264555
v 2.017464 0.460808 0.264555
v 2.016345 0.454281 0.264555
v 2.014778 0.448441 0.264555
v 2.012764 0.443288 0.264555
v 2.010302 0.438823 0.264555
v 2.007393 0.435044 0.264555
v 2.004036 0.431952 0.264555
v 2.000231 0.429548 0.264555
v 1.995979 0.427830 0.264555
v 1.991279 0.426800 0.264555
v 1.986131 0.426456 0.264555
v 1.981806 0.426649 0.264555
v 1.977575 0.427226 0.264555
v 1.973437 0.428189 0.264555
v 1.969393 0.429537 0.264555
v 1.965443 0.431271 0.264555
v 1.961586 0.433389 0.264555
v 1.957823 0.435892 0.264555
v 1.954153 0.438781 0.264555
v 1.950578 0.442055 0.264555
v 1.947096 0.445714 0.264555
v 1.943707 0.449758 0.264555
v 1.940413 0.454187 0.264555
v 1.937181 0.458419 0.264555
v 1.934230 0.462619 0.264555
v 1.931560 0.466788 0.264555
v 1.929171 0.470926 0.264555
v 1.927063 0.475032 0.264555
v 1.925236 0.479107 0.264555
v 1.923690 0.483151 0.264555
v 1.922426 0.487164 0.264555
v 1.921442 0.491146 0.264555
v 1.920739 0.495096 0.264555
v 1.920318 0.499016 0.264555
v 1.920177 0.502904 0.264555
v 1.920198 0.505261 0.264555
v 1.920260 0.507588 0.264555
v 1.920364 0.509883 0.264555
v 1.920510 0.512147 0.264555
v 1.920697 0.514380 0.264555
v 1.920926 0.516582 0.264555
v 1.921197 0.518752 0.264555
v 1.921509 0.520891 0.264555
v 1.921863 0.522999 0.264555
v 1.922259 0.525076 0.264555
v 1.922696 0.527121 0.264555
v 1.923175 0.529135 0.264555
v 1.923414 0.530603 0.264555
v 1.923633 0.532508 0.264555
v 1.923831 0.534850 0.264555
v 1.924008 0.537629 0.264555
v 1.924164 0.540846 0.264555
v 1.924299 0.544500 0.264555
v 1.924414 0.548591 0.264555
v 1.924507 0.553119 0.264555
v 1.924580 0.558084 0.264555
v 1.924632 0.563487 0.264555
v 1.924663 0.569326 0.264555
v 1.924674 0.575603 0.264555
v 1.924611 0.590614 0.264555
v 1.924424 0.606166 0.264555
v 1.924112 0.622259 0.264555
v 1.923674 0.638893 0.264555
v 1.923112 0.656069 0.264555
v 1.922425 0.673786 0.264555
v 1.921613 0.692044 0.264555
v 1.920677 0.710844 0.264555
v 1.919615 0.730184 0.264555
v 1.918428 0.750067 0.264555
v 1.917117 0.770490 0.264555
v 1.915680 0.791455 0.264555
v 1.913702 0.802749 0.264555
v 1.911017 0.813648 0.264555
v 1.907623 0.824151 0.264555
v 1.903522 0.834259 0.264555
v 1.898713 0.843971 0.264555
v 1.893196 0.853287 0.264555
v 1.886971 0.862208 0.264555
v 1.880038 0.870733 0.264555
v 1.872397 0.878863 0.264555
v 1.864049 0.886597 0.264555
v 1.854993 0.893936 0.264555
v 1.845229 0.900879 0.264555
v 1.841518 0.903341 0.264555
v 1.838129 0.905730 0.264555
v 1.835064 0.908046 0.264555
v 1.832321 0.910289 0.264555
v 1.829901 0.912460 0.264555
v 1.827803 0.914557 0.264555
v 1.826028 0.916582 0.264555
v 1.824576 0.918534 0.264555
v 1.823447 0.920413 0.264555
v 1.822640 0.922219 0.264555
v 1.822156 0.923952 0.264555
v 1.821995 0.925612 0.264555
v 1.822270 0.928006 0.264555
v 1.823098 0.930192 0.264555
v 1.824477 0.932170 0.264555
v 1.826408 0.933940 0.264555
v 1.828891 0.935501 0.264555
v 1.831925 0.936855 0.264555
v 1.835511 0.938000 0.264555
v 1.839649 0.938936 0.264555
v 1.844338 0.939665 0.264555
v 1.849580 0.940186 0.264555
v 1.855372 0.940498 0.264555
v 1.861717 0.940602 0.264555
v 1.869160 0.940102 0.264555
v 1.877248 0.938603 0.264555
v 1.885982 0.936105 0.264555
v 1.895361 0.932607 0.264555
v 1.905385 0.928111 0.264555
v 1.916055 0.922614 0.264555
v 1.927370 0.916119 0.264555
v 1.939330 0.908624 0.264555
v 1.951936 0.900130 0.264555
v 1.965188 0.890636 0.264555
v 1.979084 0.880144 0.264555
v 1.993626 0.868652 0.264555
v 2.000772 0.869151 0.264555
v 2.007721 0.869651 0.264555
v 2.014471 0.870151 0.264555
v 2.021024 0.870650 0.264555
v 2.027379 0.871150 0.264555
v 2.033536 0.871650 0.264555
v 2.039496 0.872149 0.264555
v 2.045257 0.872649 0.264555
v 2.050821 0.873149 0.264555
v 2.056187 0.873648 0.264555
v 2.061356 0.874148 0.264555
v 2.066326 0.874647 0.264555
v 2.071807 0.875168 0.264555
v 2.077756 0.875730 0.264555
v 2.084173 0.876334 0.264555
v 2.091059 0.876979 0.264555
v 2.098413 0.877666 0.264555
v 2.106236 0.878395 0.264555
v 2.114527 0.879165 0.264555
v 2.123287 0.879977 0.264555
v 2.132515 0.880831 0.264555
v 2.142211 0.881726 0.264555
v 2.152376 0.882663 0.264555
v 2.163010 0.883641 0.264555
v 2.173862 0.884614 0.264555
v 2.184182 0.885536 0.264555
v 2.193973 0.886405 0.264555
v 2.203232 0.887222 0.264555
v 2.211960 0.887987 0.264555
v 2.220158 0.888700 0.264555
v 2.227824 0.889361 0.264555
v 2.234960 0.889970 0.264555
v 2.241565 0.890527 0.264555
v 2.247639 0.891032 0.264555
v 2.253182 0.891485 0.264555
v 2.258194 0.891886 0.264555
v 2.256695 1.069513 0.264555
v 2.256216 1.078465 0.264555
v 2.254780 1.086834 0.264555
v 2.252386 1.094621 0.264555
v 2.249034 1.101824 0.264555
v 2.244724 1.108444 0.264555
v 2.239457 1.114482 0.264555
v 2.233232 1.119936 0.264555
v 2.226049 1.124808 0.264555
v 2.217909 1.129097 0.264555
v 2.208811 1.132802 0.264555
v 2.198756 1.135925 0.264555
v 2.187742 1.138466 0.264555
v 2.183313 1.139512 0.264555
v 2.179269 1.140652 0.264555
v 2.175610 1.141885 0.264555
v 2.172336 1.143212 0.264555
v 2.169448 1.144633 0.264555
v 2.166944 1.146148 0.264555
v 2.164826 1.147756 0.264555
v 2.163093 1.149458 0.264555
v 2.161745 1.151254 0.264555
v 2.160782 1.153143 0.264555
v 2.160204 1.155126 0.264555
v 2.160012 1.157203 0.264555
v 2.160157 1.159436 0.264555
v 2.160595 1.161637 0.264555
v 2.161323 1.163808 0.264555
v 2.162344 1.165947 0.264555
v 2.163655 1.168055 0.264555
v 2.165258 1.170132 0.264555
v 2.167153 1.172177 0.264555
v 2.169339 1.174191 0.264555
v 2.171816 1.176174 0.264555
v 2.174585 1.178126 0.264555
v 2.177645 1.180047 0.264555
v 2.180997 1.181936 0.264555
v 2.184005 1.183372 0.264555
v 2.187035 1.184684 0.264555
v 2.190085 1.185870 0.264555
v 2.193156 1.186932 0.264555
v 2.196247 1.187869 0.264555
v 2.199360 1.188681 0.264555
v 2.202493 1.189368 0.264555
v 2.205647 1.189930 0.264555
v 2.208822 1.190367 0.264555
v 2.212018 1.190680 0.264555
v 2.215234 1.190867 0.264555
v 2.218471 1.190930 0.264555
v 2.224759 1.190727 0.264555
v 2.231379 1.190118 0.264555
v 2.238333 1.189103 0.264555
v 2.245619 1.187682 0.264555
v 2.253239 1.185855 0.264555
v 2.261192 1.183622 0.264555
v 2.269478 1.180983 0.264555
v 2.278097 1.177939 0.264555
v 2.287049 1.174488 0.264555
v 2.296334 1.170631 0.264555
v 2.305953 1.166368 0.264555
v 2.315904 1.161700 0.264555
v 2.325960 1.156453 0.264555
v 2.335141 1.151207 0.264555
v 2.343448 1.145960 0.264555
v 2.350880 1.140714 0.264555
v 2.357438 1.135468 0.264555
v 2.363122 1.130221 0.264555
v 2.367931 1.124975 0.264555
v 2.371866 1.119728 0.264555
v 2.374926 1.114482 0.264555
v 2.377112 1.109236 0.264555
v 2.378424 1.103989 0.264555
v 2.378861 1.098743 0.264555
v 2.378705 1.095042 0.264555
v 2.378236 1.091436 0.264555
v 2.377455 1.087922 0.264555
v 2.376363 1.084503 0.264555
v 2.374957 1.081177 0.264555
v 2.373240 1.077945 0.264555
v 2.371210 1.074806 0.264555
v 2.368868 1.071762 0.264555
v 2.366213 1.068811 0.264555
v 2.363247 1.065953 0.264555
v 2.359968 1.063189 0.264555
v 2.356376 1.060519 0.264555
v 2.354685 1.059369 0.264555
v 2.353108 1.057917 0.264555
v 2.351645 1.056163 0.264555
v 2.350297 1.054107 0.264555
v 2.349064 1.051749 0.264555
v 2.347944 1.049090 0.264555
v 2.346940 1.046128 0.264555
v 2.346050 1.042865 0.264555
v 2.345274 1.039299 0.264555
v 2.344613 1.035432 0.264555
v 2.344067 1.031263 0.264555
v 2.343635 1.026793 0.264555
v 2.342136 0.897881 0.264555
v 2.344109 0.898053 0.264555
v 2.347778 0.898319 0.264555
v 2.353144 0.898678 0.264555
v 2.360207 0.899131 0.264555
v 2.368967 0.899677 0.264555
v 2.379423 0.900317 0.264555
v 2.391576 0.901051 0.264555
v 2.405426 0.901879 0.264555
v 2.420972 0.902800 0.264555
v 2.438216 0.903815 0.264555
v 2.457156 0.904923 0.264555
v 2.477793 0.906126 0.264555
v 2.488020 0.906745 0.264555
v 2.497967 0.907354 0.264555
v 2.507632 0.907953 0.264555
v 2.517016 0.908541 0.264555
v 2.526119 0.909118 0.264555
v 2.534941 0.909686 0.264555
v 2.543482 0.910243 0.264555
v 2.551742 0.910789 0.264555
v 2.559721 0.911325 0.264555
v 2.567419 0.911851 0.264555
v 2.574836 0.912366 0.264555
v 2.581971 0.912871 0.264555
v 2.585536 0.913324 0.264555
v 2.588987 0.913933 0.264555
v 2.592323 0.914698 0.264555
v 2.595545 0.915619 0.264555
v 2.598652 0.916697 0.264555
v 2.601645 0.917930 0.264555
v 2.604523 0.919320 0.264555
v 2.607287 0.920866 0.264555
v 2.609936 0.922568 0.264555
v 2.612471 0.924426 0.264555
v 2.614891 0.926440 0.264555
v 2.617197 0.928610 0.264555
v 2.619482 0.930765 0.264555
v 2.621839 0.932732 0.264555
v 2.624270 0.934512 0.264555
v 2.626773 0.936105 0.264555
v 2.629350 0.937510 0.264555
v 2.631999 0.938728 0.264555
v 2.634721 0.939759 0.264555
v 2.637516 0.940602 0.264555
v 2.640384 0.941258 0.264555
v 2.643325 0.941726 0.264555
v 2.646338 0.942007 0.264555
v 2.649425 0.942101 0.264555
v 2.652683 0.941846 0.264555
v 2.656461 0.941081 0.264555
v 2.660761 0.939806 0.264555
v 2.665580 0.938020 0.264555
v 2.670920 0.935725 0.264555
v 2.676781 0.932920 0.264555
v 2.683162 0.929604 0.264555
v 2.690063 0.925779 0.264555
v 2.697485 0.921443 0.264555
v 2.705428 0.916598 0.264555
v 2.713891 0.911242 0.264555
v 2.722874 0.905376 0.264555
v 2.732451 0.898954 0.264555
v 2.741195 0.892677 0.264555
v 2.749106 0.886545 0.264555
v 2.756184 0.880560 0.264555
v 2.762430 0.874720 0.264555
v 2.767843 0.869026 0.264555
v 2.772423 0.863478 0.264555
v 2.776170 0.858075 0.264555
v 2.779085 0.852819 0.264555
v 2.781167 0.847708 0.264555
v 2.782416 0.842742 0.264555
v 2.782832 0.837923 0.264555
v 2.782640 0.834035 0.264555
v 2.782062 0.830365 0.264555
v 2.781099 0.826915 0.264555
v 2.779751 0.823683 0.264555
v 2.778018 0.820669 0.264555
v 2.775900 0.817874 0.264555
v 2.773396 0.815298 0.264555
v 2.770508 0.812940 0.264555
v 2.767234 0.810801 0.264555
v 2.763575 0.808880 0.264555
v 2.759531 0.807178 0.264555
v 2.755102 0.805695 0.264555
v 2.750974 0.804107 0.264555
v 2.747087 0.802343 0.264555
v 2.743438 0.800402 0.264555
v 2.740029 0.798283 0.264555
v 2.736859 0.795988 0.264555
v 2.733929 0.793516 0.264555
v 2.731238 0.790867 0.264555
v 2.728786 0.788040 0.264555
v 2.726574 0.785037 0.264555
v 2.724602 0.781857 0.264555
v 2.722868 0.778500 0.264555
v 2.721375 0.774966 0.264555
v 2.705605 0.734749 0.264555
v 2.689522 0.695542 0.264555
v 2.673127 0.657344 0.264555
v 2.656420 0.620156 0.264555
v 2.639400 0.583978 0.264555
v 2.622069 0.548809 0.264555
v 2.604424 0.514651 0.264555
v 2.586468 0.481502 0.264555
v 2.568199 0.449362 0.264555
v 2.549618 0.418233 0.264555
v 2.530725 0.388113 0.264555
v 2.511519 0.359003 0.264555
v 2.480608 0.315788 0.264555
v 2.448833 0.274332 0.264555
v 2.416194 0.234635 0.264555
v 2.382691 0.196698 0.264555
v 2.348325 0.160520 0.264555
v 2.313094 0.126101 0.264555
v 2.276999 0.093441 0.264555
v 2.240040 0.062540 0.264555
v 2.202217 0.033399 0.264555
v 2.163530 0.006017 0.264555
v 2.123979 -0.019606 0.264555
v 2.083564 -0.043470 0.264555
v 2.079093 -0.045625 0.264555
v 2.074924 -0.047592 0.264555
v 2.071057 -0.049372 0.264555
v 2.067492 -0.050965 0.264555
v 2.064229 -0.052370 0.264555
v 2.061267 -0.053588 0.264555
v 2.058608 -0.054619 0.264555
v 2.056250 -0.055462 0.264555
v 2.054194 -0.056118 0.264555
v 2.052440 -0.056586 0.264555
v 2.050988 -0.056867 0.264555
v 2.049838 -0.056961 0.264555
v 2.046845 -0.056810 0.264555
v 2.044112 -0.056357 0.264555
v 2.041640 -0.055602 0.264555
v 2.039428 -0.054546 0.264555
v 2.037477 -0.053187 0.264555
v 2.035785 -0.051527 0.264555
v 2.034354 -0.049565 0.264555
v 2.033183 -0.047301 0.264555
v 2.032272 -0.044735 0.264555
v 2.031621 -0.041867 0.264555
v 2.031231 -0.038697 0.264555
v 2.031101 -0.035226 0.264555
v 2.031215 -0.033352 0.264555
v 2.031559 -0.031478 0.264555
v 2.032131 -0.029605 0.264555
v 2.032933 -0.027731 0.264555
v 2.033963 -0.025857 0.264555
v 2.035223 -0.023983 0.264555
v 2.036711 -0.022110 0.264555
v 2.038429 -0.020236 0.264555
v 2.040375 -0.018362 0.264555
v 2.042551 -0.016489 0.264555
v 2.044955 -0.014615 0.264555
v 2.047589 -0.012741 0.264555
v 2.090429 0.018669 0.264555
v 2.132010 0.051694 0.264555
v 2.172331 0.086331 0.264555
v 2.211393 0.122582 0.264555
v 2.249195 0.160447 0.264555
v 2.285737 0.199925 0.264555
v 2.321020 0.241016 0.264555
v 2.355044 0.283721 0.264555
v 2.387808 0.328040 0.264555
v 2.419312 0.373971 0.264555
v 2.449557 0.421517 0.264555
v 2.478542 0.470676 0.264555
v 2.495858 0.501785 0.264555
v 2.512331 0.532654 0.264555
v 2.527961 0.563284 0.264555
v 2.542748 0.593674 0.264555
v 2.556691 0.623825 0.264555
v 2.569792 0.653737 0.264555
v 2.582049 0.683409 0.264555
v 2.593463 0.712842 0.264555
v 2.604033 0.742036 0.264555
v 2.613761 0.770990 0.264555
v 2.622646 0.799704 0.264555
v 2.630687 0.828179 0.264555
v 2.630927 0.829278 0.264555
v 2.631145 0.830324 0.264555
v 2.631343 0.831318 0.264555
v 2.631520 0.832260 0.264555
v 2.631676 0.833150 0.264555
v 2.631812 0.833988 0.264555
v 2.631926 0.834774 0.264555
v 2.632020 0.835508 0.264555
v 2.632093 0.836190 0.264555
v 2.632145 0.836819 0.264555
v 2.632176 0.837397 0.264555
v 2.632186 0.837923 0.264555
v 2.632046 0.839359 0.264555
v 2.631624 0.840671 0.264555
v 2.630922 0.841857 0.264555
v 2.629938 0.842919 0.264555
v 2.628673 0.843856 0.264555
v 2.627127 0.844668 0.264555
v 2.625301 0.845355 0.264555
v 2.623193 0.845917 0.264555
v 2.620804 0.846354 0.264555
v 2.618134 0.846667 0.264555
v 2.615183 0.846854 0.264555
v 2.611950 0.846916 0.264555
v 2.599126 0.846833 0.264555
v 2.584636 0.846583 0.264555
v 2.568480 0.846167 0.264555
v 2.550659 0.845584 0.264555
v 2.531173 0.844835 0.264555
v 2.510020 0.843919 0.264555
v 2.487203 0.842836 0.264555
v 2.462720 0.841587 0.264555
v 2.436571 0.840171 0.264555
v 2.408757 0.838589 0.264555
v 2.379277 0.836840 0.264555
v 2.348132 0.834925 0.264555
v 2.320870 0.833088 0.264555
v 2.293295 0.831073 0.264555
v 2.265408 0.828882 0.264555
v 2.237208 0.826514 0.264555
v 2.208697 0.823969 0.264555
v 2.179873 0.821247 0.264555
v 2.150737 0.818348 0.264555
v 2.121288 0.815272 0.264555
v 2.091527 0.812019 0.264555
v 2.061455 0.808589 0.264555
v 2.031069 0.804982 0.264555
v 0.911372 0.233089 0.264555
v 0.930343 0.234063 0.264555
v 0.948284 0.234984 0.264555
v 0.965194 0.235853 0.264555
v 0.981074 0.236670 0.264555
v 0.995923 0.237435 0.264555
v 1.009742 0.238148 0.264555
v 1.022530 0.238809 0.264555
v 1.034287 0.239418 0.264555
v 1.045014 0.239975 0.264555
v 1.054711 0.240480 0.264555
v 1.063376 0.240933 0.264555
v 1.071012 0.241334 0.264555
v 1.075030 0.241563 0.264555
v 1.079090 0.242000 0.264555
v 1.083191 0.242645 0.264555
v 1.087334 0.243499 0.264555
v 1.091519 0.244561 0.264555
v 1.095745 0.245831 0.264555
v 1.100013 0.247309 0.264555
v 1.104322 0.248995 0.264555
v 1.108673 0.250890 0.264555
v 1.113066 0.252992 0.264555
v 1.117501 0.255303 0.264555
v 1.121977 0.257822 0.264555
v 1.124001 0.258780 0.264555
v 1.126078 0.259654 0.264555
v 1.128207 0.260446 0.264555
v 1.130388 0.261153 0.264555
v 1.132620 0.261778 0.264555
v 1.134905 0.262319 0.264555
v 1.137242 0.262777 0.264555
v 1.139631 0.263152 0.264555
v 1.142072 0.263443 0.264555
v 1.144565 0.263652 0.264555
v 1.147110 0.263777 0.264555
v 1.149708 0.263818 0.264555
v 1.153924 0.263657 0.264555
v 1.158327 0.263173 0.264555
v 1.162917 0.262366 0.264555
v 1.167695 0.261237 0.264555
v 1.172660 0.259785 0.264555
v 1.177813 0.258010 0.264555
v 1.183153 0.255912 0.264555
v 1.188681 0.253492 0.264555
v 1.194396 0.250749 0.264555
v 1.200298 0.247684 0.264555
v 1.206387 0.244295 0.264555
v 1.212664 0.240584 0.264555
v 1.219967 0.235947 0.264555
v 1.226634 0.231278 0.264555
v 1.232666 0.226578 0.264555
v 1.238063 0.221847 0.264555
v 1.242826 0.217085 0.264555
v 1.246953 0.212291 0.264555
v 1.250445 0.207466 0.264555
v 1.253303 0.202610 0.264555
v 1.255525 0.197723 0.264555
v 1.257113 0.192805 0.264555
v 1.258065 0.187855 0.264555
v 1.258383 0.182874 0.264555
v 1.258169 0.178684 0.264555
v 1.257529 0.174859 0.264555
v 1.256462 0.171398 0.264555
v 1.254968 0.168301 0.264555
v 1.253048 0.165568 0.264555
v 1.250700 0.163200 0.264555
v 1.247926 0.161196 0.264555
v 1.244725 0.159557 0.264555
v 1.241098 0.158282 0.264555
v 1.237043 0.157371 0.264555
v 1.232562 0.156824 0.264555
v 1.227654 0.156642 0.264555
v 1.224817 0.156673 0.264555
v 1.221804 0.156767 0.264555
v 1.218613 0.156923 0.264555
v 1.215246 0.157142 0.264555
v 1.211701 0.157423 0.264555
v 1.207980 0.157766 0.264555
v 1.204082 0.158172 0.264555
v 1.200006 0.158641 0.264555
v 1.195754 0.159172 0.264555
v 1.191325 0.159765 0.264555
v 1.186719 0.160421 0.264555
v 1.181935 0.161139 0.264555
v 1.165306 0.162575 0.264555
v 1.149395 0.163887 0.264555
v 1.134203 0.165074 0.264555
v 1.119728 0.166136 0.264555
v 1.105972 0.167072 0.264555
v 1.092934 0.167884 0.264555
v 1.080614 0.168571 0.264555
v 1.069013 0.169133 0.264555
v 1.058130 0.169571 0.264555
v 1.047965 0.169883 0.264555
v 1.038518 0.170070 0.264555
v 1.029790 0.170133 0.264555
v 1.012994 0.170091 0.264555
v 0.996084 0.169966 0.264555
v 0.979060 0.169758 0.264555
v 0.961920 0.169467 0.264555
v 0.944667 0.169092 0.264555
v 0.927298 0.168634 0.264555
v 0.909815 0.168093 0.264555
v 0.892218 0.167468 0.264555
v 0.874506 0.166760 0.264555
v 0.856680 0.165969 0.264555
v 0.838739 0.165095 0.264555
v 0.820684 0.164137 0.264555
v 0.797783 0.162862 0.264555
v 0.773800 0.161285 0.264555
v 0.748734 0.159406 0.264555
v 0.722585 0.157225 0.264555
v 0.695354 0.154742 0.264555
v 0.667040 0.151958 0.264555
v 0.637644 0.148871 0.264555
v 0.607165 0.145483 0.264555
v 0.575603 0.141793 0.264555
v 0.542959 0.137801 0.264555
v 0.509232 0.133507 0.264555
v 0.474423 0.128911 0.264555
v 0.468302 0.127990 0.264555
v 0.462431 0.126975 0.264555
v 0.456810 0.125866 0.264555
v 0.451439 0.124664 0.264555
v 0.446317 0.123368 0.264555
v 0.441446 0.121978 0.264555
v 0.436824 0.120495 0.264555
v 0.432452 0.118918 0.264555
v 0.428330 0.117247 0.264555
v 0.424457 0.115483 0.264555
v 0.420835 0.113625 0.264555
v 0.417462 0.111673 0.264555
v 0.414365 0.110237 0.264555
v 0.411321 0.108925 0.264555
v 0.408328 0.107738 0.264555
v 0.405387 0.106677 0.264555
v 0.402498 0.105740 0.264555
v 0.399662 0.104928 0.264555
v 0.396877 0.104241 0.264555
v 0.394145 0.103679 0.264555
v 0.391464 0.103241 0.264555
v 0.388836 0.102929 0.264555
v 0.386260 0.102742 0.264555
v 0.383735 0.102679 0.264555
v 0.378551 0.102955 0.264555
v 0.373243 0.103783 0.264555
v 0.367809 0.105162 0.264555
v 0.362250 0.107093 0.264555
v 0.356567 0.109576 0.264555
v 0.350758 0.112610 0.264555
v 0.344825 0.116196 0.264555
v 0.338766 0.120334 0.264555
v 0.332583 0.125023 0.264555
v 0.326275 0.130264 0.264555
v 0.319842 0.136057 0.264555
v 0.313284 0.142402 0.264555
v 0.305383 0.150558 0.264555
v 0.298169 0.158537 0.264555
v 0.291643 0.166339 0.264555
v 0.285803 0.173963 0.264555
v 0.280650 0.181411 0.264555
v 0.276184 0.188682 0.264555
v 0.272406 0.195777 0.264555
v 0.269314 0.202694 0.264555
v 0.266910 0.209434 0.264555
v 0.265192 0.215997 0.264555
v 0.264161 0.222383 0.264555
v 0.263818 0.228593 0.264555
v 0.263891 0.232543 0.264555
v 0.264109 0.236150 0.264555
v 0.264474 0.239413 0.264555
v 0.264984 0.242333 0.264555
v 0.265640 0.244909 0.264555
v 0.266441 0.247142 0.264555
v 0.267388 0.249032 0.264555
v 0.268481 0.250577 0.264555
v 0.269720 0.251780 0.264555
v 0.271105 0.252638 0.264555
v 0.272635 0.253154 0.264555
v 0.274311 0.253325 0.264555
v 0.276762 0.253253 0.264555
v 0.279120 0.253034 0.264555
v 0.281384 0.252670 0.264555
v 0.283554 0.252160 0.264555
v 0.285631 0.251504 0.264555
v 0.287614 0.250702 0.264555
v 0.289503 0.249755 0.264555
v 0.291299 0.248662 0.264555
v 0.293001 0.247423 0.264555
v 0.294609 0.246039 0.264555
v 0.296124 0.244509 0.264555
v 0.297545 0.242833 0.264555
v 0.304196 0.234932 0.264555
v 0.310661 0.227718 0.264555
v 0.316938 0.221191 0.264555
v 0.323027 0.215352 0.264555
v 0.328929 0.210199 0.264555
v 0.334644 0.205733 0.264555
v 0.340172 0.201955 0.264555
v 0.345512 0.198863 0.264555
v 0.350664 0.196458 0.264555
v 0.355630 0.194741 0.264555
v 0.360408 0.193710 0.264555
v 0.364998 0.193367 0.264555
v 0.371822 0.193398 0.264555
v 0.378551 0.193492 0.264555
v 0.385187 0.193648 0.264555
v 0.391730 0.193866 0.264555
v 0.398178 0.194147 0.264555
v 0.404533 0.194491 0.264555
v 0.410795 0.194897 0.264555
v 0.416962 0.195365 0.264555
v 0.423036 0.195896 0.264555
v 0.429017 0.196490 0.264555
v 0.434903 0.197145 0.264555
v 0.440696 0.197864 0.264555
v 0.453240 0.199014 0.264555
v 0.466637 0.200216 0.264555
v 0.480887 0.201471 0.264555
v 0.495991 0.202777 0.264555
v 0.511949 0.204135 0.264555
v 0.528760 0.205546 0.264555
v 0.546425 0.207008 0.264555
v 0.564944 0.208523 0.264555
v 0.584316 0.210090 0.264555
v 0.604541 0.211708 0.264555
v 0.625621 0.213379 0.264555
v 0.647554 0.215102 0.264555
v 0.673723 0.217152 0.264555
v 0.698019 0.219057 0.264555
v 0.720441 0.220817 0.264555
v 0.740989 0.222430 0.264555
v 0.759664 0.223898 0.264555
v 0.776465 0.225220 0.264555
v 0.791392 0.226396 0.264555
v 0.804445 0.227427 0.264555
v 0.815625 0.228311 0.264555
v 0.824931 0.229051 0.264555
v 0.832364 0.229644 0.264555
v 0.837922 0.230091 0.264555
v 0.843877 0.256901 0.264555
v 0.849748 0.284117 0.264555
v 0.855535 0.311738 0.264555
v 0.861240 0.339766 0.264555
v 0.866861 0.368199 0.264555
v 0.872399 0.397039 0.264555
v 0.877853 0.426284 0.264555
v 0.883225 0.455936 0.264555
v 0.888513 0.485993 0.264555
v 0.893717 0.516457 0.264555
v 0.898839 0.547326 0.264555
v 0.903877 0.578601 0.264555
v 0.888159 0.577951 0.264555
v 0.871483 0.576998 0.264555
v 0.853849 0.575744 0.264555
v 0.835258 0.574188 0.264555
v 0.815709 0.572330 0.264555
v 0.795202 0.570170 0.264555
v 0.773738 0.567708 0.264555
v 0.751315 0.564944 0.264555
v 0.727936 0.561879 0.264555
v 0.703598 0.558511 0.264555
v 0.678303 0.554842 0.264555
v 0.652050 0.550870 0.264555
v 0.641605 0.549148 0.264555
v 0.631752 0.547477 0.264555
v 0.622493 0.545858 0.264555
v 0.613827 0.544292 0.264555
v 0.605754 0.542777 0.264555
v 0.598275 0.541315 0.264555
v 0.591389 0.539904 0.264555
v 0.585097 0.538546 0.264555
v 0.579397 0.537239 0.264555
v 0.574292 0.535985 0.264555
v 0.569779 0.534783 0.264555
v 0.565860 0.533632 0.264555
v 0.561420 0.532196 0.264555
v 0.557345 0.530884 0.264555
v 0.553634 0.529698 0.264555
v 0.550287 0.528636 0.264555
v 0.547305 0.527699 0.264555
v 0.544687 0.526887 0.264555
v 0.542433 0.526200 0.264555
v 0.540544 0.525638 0.264555
v 0.539019 0.525201 0.264555
v 0.537858 0.524888 0.264555
v 0.537062 0.524701 0.264555
v 0.536630 0.524639 0.264555
v 0.532164 0.524914 0.264555
v 0.527511 0.525742 0.264555
v 0.522671 0.527121 0.264555
v 0.517643 0.529052 0.264555
v 0.512428 0.531535 0.264555
v 0.507025 0.534569 0.264555
v 0.501435 0.538155 0.264555
v 0.495658 0.542293 0.264555
v 0.489694 0.546982 0.264555
v 0.483542 0.552224 0.264555
v 0.477202 0.558016 0.264555
v 0.470675 0.564361 0.264555
v 0.464570 0.570914 0.264555
v 0.458996 0.577581 0.264555
v 0.453953 0.584363 0.264555
v 0.449440 0.591259 0.264555
v 0.445458 0.598270 0.264555
v 0.442008 0.605395 0.264555
v 0.439088 0.612635 0.264555
v 0.436699 0.619990 0.264555
v 0.434841 0.627458 0.264555
v 0.433514 0.635042 0.264555
v 0.432717 0.642739 0.264555
v 0.432452 0.650552 0.264555
v 0.432556 0.653545 0.264555
v 0.432868 0.656277 0.264555
v 0.433389 0.658749 0.264555
v 0.434117 0.660961 0.264555
v 0.435054 0.662913 0.264555
v 0.436199 0.664605 0.264555
v 0.437552 0.666036 0.264555
v 0.439114 0.667207 0.264555
v 0.440883 0.668118 0.264555
v 0.442861 0.668768 0.264555
v 0.445047 0.669159 0.264555
v 0.447441 0.669289 0.264555
v 0.448592 0.669190 0.264555
v 0.449794 0.668893 0.264555
v 0.451048 0.668399 0.264555
v 0.452355 0.667707 0.264555
v 0.453713 0.666817 0.264555
v 0.455124 0.665729 0.264555
v 0.456586 0.664443 0.264555
v 0.458101 0.662960 0.264555
v 0.459667 0.661279 0.264555
v 0.461286 0.659400 0.264555
v 0.462957 0.657323 0.264555
v 0.464680 0.655049 0.264555
v 0.469884 0.647986 0.264555
v 0.475256 0.641537 0.264555
v 0.480793 0.635703 0.264555
v 0.486498 0.630482 0.264555
v 0.492369 0.625876 0.264555
v 0.498406 0.621884 0.264555
v 0.504610 0.618506 0.264555
v 0.510981 0.615743 0.264555
v 0.517518 0.613593 0.264555
v 0.524222 0.612058 0.264555
v 0.531092 0.611136 0.264555
v 0.538129 0.610829 0.264555
v 0.544260 0.610912 0.264555
v 0.551911 0.611162 0.264555
v 0.561082 0.611579 0.264555
v 0.571772 0.612162 0.264555
v 0.583983 0.612911 0.264555
v 0.597713 0.613827 0.264555
v 0.612963 0.614910 0.264555
v 0.629732 0.616159 0.264555
v 0.648022 0.617574 0.264555
v 0.667831 0.619157 0.264555
v 0.689160 0.620906 0.264555
v 0.712009 0.622821 0.264555
v 0.716834 0.623336 0.264555
v 0.722065 0.623883 0.264555
v 0.727701 0.624460 0.264555
v 0.733744 0.625069 0.264555
v 0.740193 0.625710 0.264555
v 0.747048 0.626381 0.264555
v 0.754308 0.627084 0.264555
v 0.761975 0.627817 0.264555
v 0.770047 0.628583 0.264555
v 0.778526 0.629379 0.264555
v 0.787410 0.630206 0.264555
v 0.796701 0.631065 0.264555
v 0.803774 0.631794 0.264555
v 0.810504 0.632481 0.264555
v 0.816890 0.633126 0.264555
v 0.822933 0.633730 0.264555
v 0.828632 0.634292 0.264555
v 0.833988 0.634813 0.264555
v 0.839000 0.635291 0.264555
v 0.843668 0.635729 0.264555
v 0.847994 0.636124 0.264555
v 0.851975 0.636478 0.264555
v 0.855613 0.636790 0.264555
v 0.858908 0.637061 0.264555
v 0.863197 0.637623 0.264555
v 0.867319 0.638310 0.264555
v 0.871274 0.639122 0.264555
v 0.875063 0.640059 0.264555
v 0.878686 0.641121 0.264555
v 0.882142 0.642307 0.264555
v 0.885431 0.643619 0.264555
v 0.888554 0.645056 0.264555
v 0.891510 0.646617 0.264555
v 0.894300 0.648303 0.264555
v 0.896923 0.650115 0.264555
v 0.899380 0.652051 0.264555
v 0.902810 0.655043 0.264555
v 0.906105 0.657776 0.264555
v 0.909264 0.660248 0.264555
v 0.912288 0.662460 0.264555
v 0.915176 0.664412 0.264555
v 0.917930 0.666103 0.264555
v 0.920548 0.667535 0.264555
v 0.923030 0.668706 0.264555
v 0.925378 0.669617 0.264555
v 0.927590 0.670267 0.264555
v 0.929667 0.670658 0.264555
v 0.931608 0.670788 0.264555
v 0.934450 0.670585 0.264555
v 0.937729 0.669976 0.264555
v 0.941445 0.668961 0.264555
v 0.945598 0.667540 0.264555
v 0.950189 0.665713 0.264555
v 0.955216 0.663480 0.264555
v 0.960681 0.660841 0.264555
v 0.966584 0.657797 0.264555
v 0.972923 0.654346 0.264555
v 0.979700 0.650489 0.264555
v 0.986913 0.646226 0.264555
v 0.994564 0.641558 0.264555
v 1.000909 0.637222 0.264555
v 1.006702 0.632960 0.264555
v 1.011943 0.628770 0.264555
v 1.016633 0.624653 0.264555
v 1.020770 0.620609 0.264555
v 1.024356 0.616638 0.264555
v 1.027391 0.612739 0.264555
v 1.029873 0.608914 0.264555
v 1.031804 0.605161 0.264555
v 1.033184 0.601481 0.264555
v 1.034011 0.597874 0.264555
v 1.034287 0.594341 0.264555
v 1.034084 0.591702 0.264555
v 1.033475 0.589032 0.264555
v 1.032460 0.586330 0.264555
v 1.031039 0.583598 0.264555
v 1.029212 0.580834 0.264555
v 1.026980 0.578039 0.264555
v 1.024341 0.575213 0.264555
v 1.021296 0.572356 0.264555
v 1.017845 0.569467 0.264555
v 1.013989 0.566547 0.264555
v 1.009726 0.563596 0.264555
v 1.005057 0.560614 0.264555
v 1.002377 0.558626 0.264555
v 0.999832 0.556408 0.264555
v 0.997422 0.553962 0.264555
v 0.995147 0.551287 0.264555
v 0.993008 0.548383 0.264555
v 0.991004 0.545249 0.264555
v 0.989136 0.541887 0.264555
v 0.987403 0.538296 0.264555
v 0.985805 0.534475 0.264555
v 0.984342 0.530426 0.264555
v 0.983015 0.526148 0.264555
v 0.981823 0.521641 0.264555
v 0.973204 0.485629 0.264555
v 0.965085 0.451793 0.264555
v 0.957465 0.420132 0.264555
v 0.950345 0.390648 0.264555
v 0.943725 0.363338 0.264555
v 0.937604 0.338205 0.264555
v 0.931983 0.315246 0.264555
v 0.926861 0.294464 0.264555
v 0.922239 0.275857 0.264555
v 0.918117 0.259425 0.264555
v 0.914495 0.245170 0.264555
v -0.691774 0.557616 0.264555
v -0.667535 0.562706 0.264555
v -0.644036 0.567734 0.264555
v -0.621275 0.572699 0.264555
v -0.599254 0.577602 0.264555
v -0.577972 0.582442 0.264555
v -0.557429 0.587220 0.264555
v -0.537625 0.591936 0.264555
v -0.518560 0.596589 0.264555
v -0.500234 0.601180 0.264555
v -0.482647 0.605708 0.264555
v -0.465799 0.610173 0.264555
v -0.449690 0.614577 0.264555
v -0.444205 0.616211 0.264555
v -0.438989 0.617866 0.264555
v -0.434045 0.619542 0.264555
v -0.429371 0.621239 0.264555
v -0.424968 0.622956 0.264555
v -0.420835 0.624695 0.264555
v -0.416973 0.626454 0.264555
v -0.413382 0.628234 0.264555
v -0.410061 0.630035 0.264555
v -0.407011 0.631856 0.264555
v -0.404232 0.633699 0.264555
v -0.401723 0.635562 0.264555
v -0.398398 0.638076 0.264555
v -0.394916 0.640371 0.264555
v -0.391277 0.642448 0.264555
v -0.387483 0.644306 0.264555
v -0.383533 0.645946 0.264555
v -0.379426 0.647367 0.264555
v -0.375164 0.648569 0.264555
v -0.370745 0.649553 0.264555
v -0.366170 0.650318 0.264555
v -0.361439 0.650864 0.264555
v -0.356551 0.651192 0.264555
v -0.351508 0.651301 0.264555
v -0.343373 0.651182 0.264555
v -0.335457 0.650823 0.264555
v -0.327759 0.650224 0.264555
v -0.320279 0.649386 0.264555
v -0.313019 0.648309 0.264555
v -0.305977 0.646992 0.264555
v -0.299153 0.645436 0.264555
v -0.292549 0.643640 0.264555
v -0.286162 0.641605 0.264555
v -0.279995 0.639330 0.264555
v -0.274046 0.636816 0.264555
v -0.268315 0.634063 0.264555
v -0.262928 0.631018 0.264555
v -0.258010 0.627880 0.264555
v -0.253560 0.624648 0.264555
v -0.249578 0.621322 0.264555
v -0.246065 0.617902 0.264555
v -0.243020 0.614389 0.264555
v -0.240444 0.610782 0.264555
v -0.238336 0.607082 0.264555
v -0.236696 0.603287 0.264555
v -0.235525 0.599400 0.264555
v -0.234823 0.595418 0.264555
v -0.234589 0.591343 0.264555
v -0.234942 0.585237 0.264555
v -0.236004 0.579663 0.264555
v -0.237774 0.574620 0.264555
v -0.240251 0.570107 0.264555
v -0.243437 0.566126 0.264555
v -0.247330 0.562675 0.264555
v -0.251931 0.559755 0.264555
v -0.257240 0.557366 0.264555
v -0.263256 0.555508 0.264555
v -0.269981 0.554181 0.264555
v -0.277413 0.553384 0.264555
v -0.285553 0.553119 0.264555
v -0.295593 0.553088 0.264555
v -0.305227 0.552994 0.264555
v -0.314455 0.552838 0.264555
v -0.323277 0.552619 0.264555
v -0.331694 0.552338 0.264555
v -0.339704 0.551995 0.264555
v -0.347308 0.551589 0.264555
v -0.354506 0.551120 0.264555
v -0.361298 0.550589 0.264555
v -0.367684 0.549996 0.264555
v -0.373665 0.549340 0.264555
v -0.379239 0.548622 0.264555
v -0.397023 0.546540 0.264555
v -0.416151 0.544042 0.264555
v -0.436621 0.541127 0.264555
v -0.458434 0.537796 0.264555
v -0.481590 0.534049 0.264555
v -0.506089 0.529885 0.264555
v -0.531931 0.525305 0.264555
v -0.559115 0.520308 0.264555
v -0.587642 0.514895 0.264555
v -0.617512 0.509066 0.264555
v -0.648725 0.502820 0.264555
v -0.681281 0.496158 0.264555
v -0.675691 0.466538 0.264555
v -0.669914 0.436387 0.264555
v -0.663949 0.405705 0.264555
v -0.657797 0.374492 0.264555
v -0.651458 0.342748 0.264555
v -0.644931 0.310474 0.264555
v -0.638217 0.277668 0.264555
v -0.631315 0.244332 0.264555
v -0.624226 0.210464 0.264555
v -0.616950 0.176066 0.264555
v -0.609487 0.141137 0.264555
v -0.601836 0.105677 0.264555
v -0.599561 0.095955 0.264555
v -0.597484 0.086774 0.264555
v -0.595605 0.078134 0.264555
v -0.593924 0.070035 0.264555
v -0.592441 0.062478 0.264555
v -0.591155 0.055462 0.264555
v -0.590068 0.048987 0.264555
v -0.589178 0.043054 0.264555
v -0.588485 0.037662 0.264555
v -0.587991 0.032811 0.264555
v -0.587694 0.028501 0.264555
v -0.587595 0.024733 0.264555
v -0.587928 0.016593 0.264555
v -0.588928 0.009160 0.264555
v -0.590593 0.002436 0.264555
v -0.592925 -0.003581 0.264555
v -0.595923 -0.008890 0.264555
v -0.599587 -0.013491 0.264555
v -0.603917 -0.017384 0.264555
v -0.608914 -0.020569 0.264555
v -0.614577 -0.023047 0.264555
v -0.620906 -0.024816 0.264555
v -0.627901 -0.025878 0.264555
v -0.635562 -0.026232 0.264555
v -0.641855 -0.025763 0.264555
v -0.647741 -0.024358 0.264555
v -0.653222 -0.022016 0.264555
v -0.658297 -0.018737 0.264555
v -0.662965 -0.014521 0.264555
v -0.667228 -0.009369 0.264555
v -0.671085 -0.003279 0.264555
v -0.674535 0.003747 0.264555
v -0.677580 0.011711 0.264555
v -0.680219 0.020611 0.264555
v -0.682452 0.030448 0.264555
v -0.684279 0.041222 0.264555
v -0.693252 0.097266 0.264555
v -0.701683 0.149730 0.264555
v -0.709574 0.198613 0.264555
v -0.716923 0.243915 0.264555
v -0.723731 0.285637 0.264555
v -0.729997 0.323777 0.264555
v -0.735722 0.358336 0.264555
v -0.740906 0.389315 0.264555
v -0.745549 0.416713 0.264555
v -0.749650 0.440530 0.264555
v -0.753210 0.460766 0.264555
v -0.756229 0.477421 0.264555
v -0.779385 0.471977 0.264555
v -0.802385 0.466387 0.264555
v -0.825228 0.460651 0.264555
v -0.847916 0.454770 0.264555
v -0.870447 0.448743 0.264555
v -0.892823 0.442570 0.264555
v -0.915042 0.436251 0.264555
v -0.937105 0.429787 0.264555
v -0.959011 0.423177 0.264555
v -0.980762 0.416421 0.264555
v -1.002357 0.409520 0.264555
v -1.023795 0.402473 0.264555
v -1.031394 0.400021 0.264555
v -1.038451 0.397664 0.264555
v -1.044968 0.395399 0.264555
v -1.050943 0.393229 0.264555
v -1.056376 0.391152 0.264555
v -1.061269 0.389169 0.264555
v -1.065620 0.387280 0.264555
v -1.069430 0.385484 0.264555
v -1.072698 0.383782 0.264555
v -1.075426 0.382174 0.264555
v -1.077612 0.380660 0.264555
v -1.079257 0.379239 0.264555
v -1.083415 0.375528 0.264555
v -1.087647 0.372139 0.264555
v -1.091951 0.369074 0.264555
v -1.096328 0.366331 0.264555
v -1.100778 0.363911 0.264555
v -1.105301 0.361813 0.264555
v -1.109897 0.360038 0.264555
v -1.114566 0.358586 0.264555
v -1.119307 0.357457 0.264555
v -1.124122 0.356650 0.264555
v -1.129009 0.356166 0.264555
v -1.133969 0.356005 0.264555
v -1.138575 0.356150 0.264555
v -1.143400 0.356588 0.264555
v -1.148443 0.357316 0.264555
v -1.153705 0.358336 0.264555
v -1.159186 0.359648 0.264555
v -1.164885 0.361251 0.264555
v -1.170803 0.363146 0.264555
v -1.176939 0.365332 0.264555
v -1.183294 0.367809 0.264555
v -1.189868 0.370578 0.264555
v -1.196660 0.373638 0.264555
v -1.203671 0.376990 0.264555
v -1.209953 0.380155 0.264555
v -1.216058 0.383403 0.264555
v -1.221986 0.386734 0.264555
v -1.227738 0.390148 0.264555
v -1.233312 0.393645 0.264555
v -1.238709 0.397226 0.264555
v -1.243930 0.400890 0.264555
v -1.248973 0.404638 0.264555
v -1.253839 0.408469 0.264555
v -1.258529 0.412383 0.264555
v -1.263041 0.416380 0.264555
v -1.267377 0.420460 0.264555
v -1.270130 0.423031 0.264555
v -1.272644 0.425748 0.264555
v -1.274919 0.428611 0.264555
v -1.276954 0.431619 0.264555
v -1.278749 0.434773 0.264555
v -1.280306 0.438073 0.264555
v -1.281622 0.441519 0.264555
v -1.282700 0.445110 0.264555
v -1.283538 0.448847 0.264555
v -1.284136 0.452730 0.264555
v -1.284495 0.456758 0.264555
v -1.284615 0.460932 0.264555
v -1.284532 0.462848 0.264555
v -1.284282 0.464597 0.264555
v -1.283866 0.466179 0.264555
v -1.283283 0.467595 0.264555
v -1.282533 0.468844 0.264555
v -1.281617 0.469926 0.264555
v -1.280535 0.470842 0.264555
v -1.279285 0.471592 0.264555
v -1.277870 0.472175 0.264555
v -1.276287 0.472591 0.264555
v -1.274539 0.472841 0.264555
v -1.272623 0.472924 0.264555
v -1.271577 0.472883 0.264555
v -1.270437 0.472758 0.264555
v -1.269204 0.472549 0.264555
v -1.267877 0.472258 0.264555
v -1.266456 0.471883 0.264555
v -1.264941 0.471425 0.264555
v -1.263333 0.470884 0.264555
v -1.261631 0.470259 0.264555
v -1.259835 0.469552 0.264555
v -1.257946 0.468760 0.264555
v -1.255963 0.467886 0.264555
v -1.253886 0.466928 0.264555
v -1.247880 0.464175 0.264555
v -1.241853 0.461661 0.264555
v -1.235805 0.459387 0.264555
v -1.229736 0.457352 0.264555
v -1.223647 0.455556 0.264555
v -1.217536 0.454000 0.264555
v -1.211405 0.452683 0.264555
v -1.205253 0.451605 0.264555
v -1.199080 0.450768 0.264555
v -1.192886 0.450169 0.264555
v -1.186672 0.449810 0.264555
v -1.180437 0.449690 0.264555
v -1.173717 0.449773 0.264555
v -1.166800 0.450023 0.264555
v -1.159685 0.450440 0.264555
v -1.152373 0.451023 0.264555
v -1.144862 0.451772 0.264555
v -1.137154 0.452688 0.264555
v -1.129248 0.453771 0.264555
v -1.121145 0.455020 0.264555
v -1.112843 0.456436 0.264555
v -1.104344 0.458018 0.264555
v -1.095646 0.459767 0.264555
v -1.086751 0.461682 0.264555
v -1.080938 0.463228 0.264555
v -1.073740 0.465117 0.264555
v -1.065157 0.467350 0.264555
v -1.055190 0.469926 0.264555
v -1.043838 0.472846 0.264555
v -1.031102 0.476110 0.264555
v -1.016982 0.479716 0.264555
v -1.001477 0.483667 0.264555
v -0.984587 0.487961 0.264555
v -0.966313 0.492598 0.264555
v -0.946655 0.497579 0.264555
v -0.925612 0.502904 0.264555
v -0.910670 0.506724 0.264555
v -0.896070 0.510440 0.264555
v -0.881814 0.514052 0.264555
v -0.867902 0.517560 0.264555
v -0.854333 0.520964 0.264555
v -0.841108 0.524264 0.264555
v -0.828226 0.527460 0.264555
v -0.815688 0.530551 0.264555
v -0.803493 0.533539 0.264555
v -0.791642 0.536422 0.264555
v -0.780135 0.539201 0.264555
v -0.768970 0.541877 0.264555
v -0.773514 0.567422 0.264555
v -0.777902 0.591842 0.264555
v -0.782133 0.615139 0.264555
v -0.786208 0.637311 0.264555
v -0.790128 0.658359 0.264555
v -0.793891 0.678283 0.264555
v -0.797498 0.697082 0.264555
v -0.800948 0.714758 0.264555
v -0.804243 0.731309 0.264555
v -0.807381 0.746735 0.264555
v -0.810364 0.761038 0.264555
v -0.813190 0.774217 0.264555
v -0.824609 0.771604 0.264555
v -0.836632 0.768762 0.264555
v -0.849259 0.765691 0.264555
v -0.862489 0.762391 0.264555
v -0.876323 0.758863 0.264555
v -0.890761 0.755105 0.264555
v -0.905803 0.751118 0.264555
v -0.921449 0.746902 0.264555
v -0.937698 0.742457 0.264555
v -0.954551 0.737783 0.264555
v -0.972008 0.732881 0.264555
v -0.990068 0.727749 0.264555
v -0.997599 0.725412 0.264555
v -1.004704 0.723148 0.264555
v -1.011382 0.720956 0.264555
v -1.017632 0.718838 0.264555
v -1.023456 0.716793 0.264555
v -1.028854 0.714820 0.264555
v -1.033824 0.712920 0.264555
v -1.038368 0.711093 0.264555
v -1.042485 0.709339 0.264555
v -1.046175 0.707658 0.264555
v -1.049438 0.706050 0.264555
v -1.052275 0.704515 0.264555
v -1.056106 0.702599 0.264555
v -1.059853 0.700850 0.264555
v -1.063517 0.699268 0.264555
v -1.067098 0.697853 0.264555
v -1.070596 0.696603 0.264555
v -1.074010 0.695521 0.264555
v -1.077341 0.694605 0.264555
v -1.080589 0.693855 0.264555
v -1.083753 0.693272 0.264555
v -1.086835 0.692856 0.264555
v -1.089833 0.692606 0.264555
v -1.092747 0.692523 0.264555
v -1.100154 0.692830 0.264555
v -1.107633 0.693751 0.264555
v -1.115185 0.695287 0.264555
v -1.122810 0.697436 0.264555
v -1.130508 0.700200 0.264555
v -1.138278 0.703578 0.264555
v -1.146122 0.707570 0.264555
v -1.154038 0.712176 0.264555
v -1.162028 0.717396 0.264555
v -1.170090 0.723231 0.264555
v -1.178225 0.729680 0.264555
v -1.186433 0.736742 0.264555
v -1.193974 0.743946 0.264555
v -1.200860 0.750816 0.264555
v -1.207090 0.757353 0.264555
v -1.212665 0.763557 0.264555
v -1.217583 0.769428 0.264555
v -1.221846 0.774966 0.264555
v -1.225453 0.780171 0.264555
v -1.228404 0.785042 0.264555
v -1.230699 0.789581 0.264555
v -1.232339 0.793786 0.264555
v -1.233322 0.797659 0.264555
v -1.233650 0.801198 0.264555
v -1.233557 0.804909 0.264555
v -1.233275 0.808297 0.264555
v -1.232807 0.811363 0.264555
v -1.232151 0.814106 0.264555
v -1.231308 0.816526 0.264555
v -1.230278 0.818623 0.264555
v -1.229060 0.820398 0.264555
v -1.227654 0.821850 0.264555
v -1.226062 0.822980 0.264555
v -1.224282 0.823787 0.264555
v -1.222314 0.824271 0.264555
v -1.220160 0.824432 0.264555
v -1.219457 0.824370 0.264555
v -1.218598 0.824182 0.264555
v -1.217583 0.823870 0.264555
v -1.216412 0.823433 0.264555
v -1.215085 0.822871 0.264555
v -1.213602 0.822184 0.264555
v -1.211962 0.821372 0.264555
v -1.210166 0.820435 0.264555
v -1.208215 0.819373 0.264555
v -1.206107 0.818186 0.264555
v -1.203843 0.816875 0.264555
v -1.201422 0.815438 0.264555
v -1.192392 0.810051 0.264555
v -1.183539 0.805133 0.264555
v -1.174863 0.800683 0.264555
v -1.166363 0.796701 0.264555
v -1.158041 0.793188 0.264555
v -1.149895 0.790143 0.264555
v -1.141927 0.787567 0.264555
v -1.134135 0.785459 0.264555
v -1.126521 0.783819 0.264555
v -1.119083 0.782648 0.264555
v -1.111823 0.781946 0.264555
v -1.104739 0.781711 0.264555
v -1.098754 0.781795 0.264555
v -1.092539 0.782045 0.264555
v -1.086096 0.782461 0.264555
v -1.079423 0.783044 0.264555
v -1.072522 0.783793 0.264555
v -1.065391 0.784709 0.264555
v -1.058032 0.785792 0.264555
v -1.050443 0.787041 0.264555
v -1.042626 0.788457 0.264555
v -1.034579 0.790039 0.264555
v -1.026304 0.791788 0.264555
v -1.017799 0.793703 0.264555
v -1.004673 0.796399 0.264555
v -0.991026 0.799241 0.264555
v -0.976858 0.802228 0.264555
v -0.962171 0.805362 0.264555
v -0.946962 0.808641 0.264555
v -0.931234 0.812065 0.264555
v -0.914984 0.815636 0.264555
v -0.898215 0.819352 0.264555
v -0.880924 0.823214 0.264555
v -0.863114 0.827222 0.264555
v -0.844783 0.831375 0.264555
v -0.825931 0.835674 0.264555
v -0.828653 0.851278 0.264555
v -0.831573 0.867361 0.264555
v -0.834691 0.883922 0.264555
v -0.838006 0.900963 0.264555
v -0.841519 0.918482 0.264555
v -0.845230 0.936480 0.264555
v -0.849139 0.954957 0.264555
v -0.853246 0.973912 0.264555
v -0.857550 0.993347 0.264555
v -0.862052 1.013260 0.264555
v -0.866752 1.033652 0.264555
v -0.871650 1.054523 0.264555
v -0.873154 1.060603 0.264555
v -0.874918 1.066349 0.264555
v -0.876943 1.071762 0.264555
v -0.879228 1.076841 0.264555
v -0.881773 1.081588 0.264555
v -0.884578 1.086002 0.264555
v -0.887644 1.090082 0.264555
v -0.890970 1.093830 0.264555
v -0.894556 1.097244 0.264555
v -0.898402 1.100325 0.264555
v -0.902509 1.103073 0.264555
v -0.906875 1.105488 0.264555
v -0.910904 1.107164 0.264555
v -0.915245 1.108695 0.264555
v -0.919898 1.110079 0.264555
v -0.924863 1.111318 0.264555
v -0.930141 1.112411 0.264555
v -0.935730 1.113358 0.264555
v -0.941633 1.114160 0.264555
v -0.947847 1.114815 0.264555
v -0.954374 1.115325 0.264555
v -0.961213 1.115690 0.264555
v -0.968364 1.115908 0.264555
v -0.975828 1.115981 0.264555
v -0.978342 1.116070 0.264555
v -0.980637 1.116335 0.264555
v -0.982714 1.116777 0.264555
v -0.984572 1.117397 0.264555
v -0.986211 1.118193 0.264555
v -0.987632 1.119166 0.264555
v -0.988835 1.120317 0.264555
v -0.989818 1.121644 0.264555
v -0.990583 1.123148 0.264555
v -0.991130 1.124829 0.264555
v -0.991458 1.126687 0.264555
v -0.991567 1.128722 0.264555
v -0.991427 1.129909 0.264555
v -0.991005 1.131221 0.264555
v -0.990302 1.132657 0.264555
v -0.989319 1.134219 0.264555
v -0.988054 1.135905 0.264555
v -0.986508 1.137716 0.264555
v -0.984681 1.139652 0.264555
v -0.982573 1.141714 0.264555
v -0.980184 1.143899 0.264555
v -0.977514 1.146210 0.264555
v -0.974563 1.148646 0.264555
v -0.971331 1.151207 0.264555
v -0.967443 1.154200 0.264555
v -0.963524 1.156932 0.264555
v -0.959573 1.159404 0.264555
v -0.955592 1.161616 0.264555
v -0.951579 1.163568 0.264555
v -0.947535 1.165260 0.264555
v -0.943459 1.166691 0.264555
v -0.939353 1.167862 0.264555
v -0.935215 1.168773 0.264555
v -0.931046 1.169424 0.264555
v -0.926846 1.169814 0.264555
v -0.922614 1.169944 0.264555
v -0.912590 1.169751 0.264555
v -0.902503 1.169174 0.264555
v -0.892354 1.168211 0.264555
v -0.882142 1.166863 0.264555
v -0.871868 1.165130 0.264555
v -0.861532 1.163011 0.264555
v -0.851133 1.160508 0.264555
v -0.840671 1.157619 0.264555
v -0.830147 1.154345 0.264555
v -0.819561 1.150687 0.264555
v -0.808912 1.146642 0.264555
v -0.798200 1.142213 0.264555
v -0.790539 1.138794 0.264555
v -0.783544 1.135280 0.264555
v -0.777215 1.131673 0.264555
v -0.771552 1.127973 0.264555
v -0.766555 1.124179 0.264555
v -0.762225 1.120291 0.264555
v -0.758561 1.116309 0.264555
v -0.755563 1.112234 0.264555
v -0.753231 1.108065 0.264555
v -0.751566 1.103802 0.264555
v -0.750566 1.099446 0.264555
v -0.750233 1.094996 0.264555
v -0.750332 1.093325 0.264555
v -0.750629 1.091560 0.264555
v -0.751123 1.089702 0.264555
v -0.751816 1.087751 0.264555
v -0.752706 1.085705 0.264555
v -0.753793 1.083566 0.264555
v -0.755079 1.081333 0.264555
v -0.756562 1.079007 0.264555
v -0.758243 1.076586 0.264555
v -0.760122 1.074073 0.264555
v -0.762199 1.071465 0.264555
v -0.764473 1.068764 0.264555
v -0.765910 1.066781 0.264555
v -0.767222 1.064579 0.264555
v -0.768408 1.062159 0.264555
v -0.769470 1.059520 0.264555
v -0.770407 1.056663 0.264555
v -0.771219 1.053587 0.264555
v -0.771906 1.050292 0.264555
v -0.772468 1.046779 0.264555
v -0.772905 1.043047 0.264555
v -0.773217 1.039097 0.264555
v -0.773405 1.034928 0.264555
v -0.773467 1.030540 0.264555
v -0.773306 1.024273 0.264555
v -0.772822 1.016466 0.264555
v -0.772015 1.007118 0.264555
v -0.770886 0.996230 0.264555
v -0.769433 0.983801 0.264555
v -0.767659 0.969832 0.264555
v -0.765561 0.954322 0.264555
v -0.763141 0.937271 0.264555
v -0.760398 0.918679 0.264555
v -0.757333 0.898547 0.264555
v -0.753944 0.876875 0.264555
v -0.750233 0.853662 0.264555
v -0.741271 0.855869 0.264555
v -0.731121 0.858492 0.264555
v -0.719786 0.861531 0.264555
v -0.707263 0.864987 0.264555
v -0.693554 0.868860 0.264555
v -0.678658 0.873148 0.264555
v -0.662575 0.877854 0.264555
v -0.645306 0.882975 0.264555
v -0.626850 0.888513 0.264555
v -0.607207 0.894467 0.264555
v -0.586377 0.900838 0.264555
v -0.564361 0.907625 0.264555
v -0.561233 0.908686 0.264555
v -0.558095 0.909873 0.264555
v -0.554946 0.911185 0.264555
v -0.551787 0.912621 0.264555
v -0.548617 0.914183 0.264555
v -0.545437 0.915869 0.264555
v -0.542246 0.917680 0.264555
v -0.539045 0.919616 0.264555
v -0.535834 0.921677 0.264555
v -0.532612 0.923863 0.264555
v -0.529380 0.926174 0.264555
v -0.526138 0.928610 0.264555
v -0.522109 0.931603 0.264555
v -0.518018 0.934335 0.264555
v -0.513865 0.936808 0.264555
v -0.509649 0.939020 0.264555
v -0.505371 0.940971 0.264555
v -0.501030 0.942663 0.264555
v -0.496627 0.944094 0.264555
v -0.492161 0.945265 0.264555
v -0.487633 0.946176 0.264555
v -0.483042 0.946827 0.264555
v -0.478389 0.947217 0.264555
v -0.473674 0.947347 0.264555
v -0.467845 0.947295 0.264555
v -0.462098 0.947139 0.264555
v -0.456436 0.946879 0.264555
v -0.450856 0.946515 0.264555
v -0.445360 0.946046 0.264555
v -0.439947 0.945474 0.264555
v -0.434617 0.944797 0.264555
v -0.429371 0.944016 0.264555
v -0.424208 0.943131 0.264555
v -0.419128 0.942143 0.264555
v -0.414131 0.941050 0.264555
v -0.409218 0.939852 0.264555
v -0.402874 0.937974 0.264555
v -0.397081 0.935834 0.264555
v -0.391840 0.933435 0.264555
v -0.387150 0.930775 0.264555
v -0.383012 0.927856 0.264555
v -0.379426 0.924675 0.264555
v -0.376392 0.921235 0.264555
v -0.373909 0.917535 0.264555
v -0.371978 0.913574 0.264555
v -0.370599 0.909353 0.264555
v -0.369771 0.904871 0.264555
v -0.369496 0.900130 0.264555
v -0.369688 0.895425 0.264555
v -0.370266 0.891053 0.264555
v -0.371229 0.887014 0.264555
v -0.372577 0.883308 0.264555
v -0.374310 0.879935 0.264555
v -0.376428 0.876896 0.264555
v -0.378932 0.874189 0.264555
v -0.381820 0.871816 0.264555
v -0.385094 0.869776 0.264555
v -0.388753 0.868069 0.264555
v -0.392797 0.866695 0.264555
v -0.397226 0.865654 0.264555
v -0.401427 0.864935 0.264555
v -0.406533 0.864030 0.264555
v -0.412544 0.862937 0.264555
v -0.419461 0.861656 0.264555
v -0.427284 0.860189 0.264555
v -0.436012 0.858533 0.264555
v -0.445646 0.856691 0.264555
v -0.456186 0.854661 0.264555
v -0.467631 0.852444 0.264555
v -0.479982 0.850039 0.264555
v -0.493238 0.847447 0.264555
v -0.507401 0.844668 0.264555
v -0.521714 0.841535 0.264555
v -0.536922 0.838131 0.264555
v -0.553025 0.834456 0.264555
v -0.570024 0.830511 0.264555
v -0.587918 0.826295 0.264555
v -0.606707 0.821809 0.264555
v -0.626391 0.817052 0.264555
v -0.646971 0.812024 0.264555
v -0.668446 0.806725 0.264555
v -0.690816 0.801156 0.264555
v -0.714081 0.795317 0.264555
v -0.738242 0.789206 0.264555
v -0.736815 0.781019 0.264555
v -0.735285 0.772447 0.264555
v -0.733651 0.763490 0.264555
v -0.731913 0.754147 0.264555
v -0.730070 0.744419 0.264555
v -0.728123 0.734307 0.264555
v -0.726073 0.723809 0.264555
v -0.723918 0.712925 0.264555
v -0.721659 0.701657 0.264555
v -0.719296 0.690004 0.264555
v -0.716829 0.677965 0.264555
v -0.714258 0.665541 0.264555
v -0.711697 0.653227 0.264555
v -0.709261 0.641516 0.264555
v -0.706951 0.630409 0.264555
v -0.704765 0.619906 0.264555
v -0.702703 0.610007 0.264555
v -0.700767 0.600711 0.264555
v -0.698956 0.592019 0.264555
v -0.697270 0.583931 0.264555
v -0.695708 0.576447 0.264555
v -0.694272 0.569566 0.264555
v -0.692960 0.563289 0.264555
v -2.516017 0.695521 0.264555
v -2.516412 0.700569 0.264555
v -2.517599 0.705722 0.264555
v -2.519577 0.710979 0.264555
v -2.522346 0.716340 0.264555
v -2.525906 0.721805 0.264555
v -2.530257 0.727374 0.264555
v -2.535399 0.733047 0.264555
v -2.541332 0.738824 0.264555
v -2.548057 0.744706 0.264555
v -2.555573 0.750691 0.264555
v -2.563879 0.756781 0.264555
v -2.572978 0.762974 0.264555
v -2.574893 0.764239 0.264555
v -2.576642 0.765535 0.264555
v -2.578224 0.766862 0.264555
v -2.579640 0.768221 0.264555
v -2.580889 0.769610 0.264555
v -2.581971 0.771031 0.264555
v -2.582887 0.772483 0.264555
v -2.583637 0.773967 0.264555
v -2.584220 0.775481 0.264555
v -2.584636 0.777027 0.264555
v -2.584886 0.778604 0.264555
v -2.584969 0.780212 0.264555
v -2.584798 0.782607 0.264555
v -2.584282 0.784793 0.264555
v -2.583424 0.786770 0.264555
v -2.582221 0.788540 0.264555
v -2.580675 0.790101 0.264555
v -2.578786 0.791455 0.264555
v -2.576553 0.792600 0.264555
v -2.573977 0.793537 0.264555
v -2.571057 0.794265 0.264555
v -2.567794 0.794786 0.264555
v -2.564187 0.795098 0.264555
v -2.560236 0.795202 0.264555
v -2.552575 0.795041 0.264555
v -2.545080 0.794557 0.264555
v -2.537752 0.793750 0.264555
v -2.530590 0.792620 0.264555
v -2.523595 0.791168 0.264555
v -2.516767 0.789394 0.264555
v -2.510104 0.787296 0.264555
v -2.503609 0.784876 0.264555
v -2.497280 0.782133 0.264555
v -2.491117 0.779067 0.264555
v -2.485121 0.775679 0.264555
v -2.479292 0.771968 0.264555
v -2.473473 0.768002 0.264555
v -2.467758 0.763849 0.264555
v -2.462148 0.759508 0.264555
v -2.456641 0.754980 0.264555
v -2.451239 0.750264 0.264555
v -2.445940 0.745361 0.264555
v -2.440746 0.740271 0.264555
v -2.435656 0.734994 0.264555
v -2.430670 0.729529 0.264555
v -2.425787 0.723876 0.264555
v -2.421010 0.718036 0.264555
v -2.416336 0.712009 0.264555
v -2.411906 0.705941 0.264555
v -2.407862 0.699976 0.264555
v -2.404203 0.694115 0.264555
v -2.400929 0.688359 0.264555
v -2.398041 0.682707 0.264555
v -2.395537 0.677158 0.264555
v -2.393419 0.671714 0.264555
v -2.391686 0.666374 0.264555
v -2.390338 0.661138 0.264555
v -2.389375 0.656006 0.264555
v -2.388797 0.650979 0.264555
v -2.388605 0.646055 0.264555
v -2.388849 0.639794 0.264555
v -2.389583 0.634001 0.264555
v -2.390806 0.628676 0.264555
v -2.392519 0.623820 0.264555
v -2.394720 0.619433 0.264555
v -2.397411 0.615513 0.264555
v -2.400591 0.612063 0.264555
v -2.404260 0.609080 0.264555
v -2.408419 0.606566 0.264555
v -2.413066 0.604521 0.264555
v -2.418203 0.602944 0.264555
v -2.423830 0.601835 0.264555
v -2.426302 0.601398 0.264555
v -2.428723 0.600836 0.264555
v -2.431091 0.600149 0.264555
v -2.433407 0.599337 0.264555
v -2.435671 0.598400 0.264555
v -2.437883 0.597338 0.264555
v -2.440043 0.596152 0.264555
v -2.442151 0.594840 0.264555
v -2.444207 0.593404 0.264555
v -2.446211 0.591842 0.264555
v -2.448162 0.590156 0.264555
v -2.450062 0.588345 0.264555
v -2.470158 0.568686 0.264555
v -2.489972 0.549684 0.264555
v -2.509506 0.531337 0.264555
v -2.528758 0.513646 0.264555
v -2.547729 0.496611 0.264555
v -2.566420 0.480232 0.264555
v -2.584829 0.464508 0.264555
v -2.602957 0.449440 0.264555
v -2.620804 0.435028 0.264555
v -2.638370 0.421272 0.264555
v -2.655655 0.408172 0.264555
v -2.672659 0.395727 0.264555
v -2.699864 0.377058 0.264555
v -2.726268 0.359273 0.264555
v -2.751870 0.342373 0.264555
v -2.776670 0.326358 0.264555
v -2.800669 0.311228 0.264555
v -2.823867 0.296983 0.264555
v -2.846263 0.283622 0.264555
v -2.867858 0.271146 0.264555
v -2.888651 0.259556 0.264555
v -2.908642 0.248849 0.264555
v -2.927832 0.239028 0.264555
v -2.946220 0.230091 0.264555
v -2.948458 0.229134 0.264555
v -2.950676 0.228259 0.264555
v -2.952872 0.227468 0.264555
v -2.955048 0.226760 0.264555
v -2.957202 0.226136 0.264555
v -2.959337 0.225595 0.264555
v -2.961450 0.225137 0.264555
v -2.963542 0.224762 0.264555
v -2.965614 0.224470 0.264555
v -2.967664 0.224262 0.264555
v -2.969694 0.224137 0.264555
v -2.971703 0.224096 0.264555
v -2.974696 0.224215 0.264555
v -2.977428 0.224574 0.264555
v -2.979900 0.225173 0.264555
v -2.982112 0.226011 0.264555
v -2.984064 0.227088 0.264555
v -2.985756 0.228405 0.264555
v -2.987187 0.229961 0.264555
v -2.988358 0.231757 0.264555
v -2.989269 0.233792 0.264555
v -2.989919 0.236067 0.264555
v -2.990310 0.238580 0.264555
v -2.990440 0.241334 0.264555
v -2.990336 0.243436 0.264555
v -2.990023 0.245498 0.264555
v -2.989503 0.247517 0.264555
v -2.988774 0.249495 0.264555
v -2.987838 0.251431 0.264555
v -2.986692 0.253325 0.264555
v -2.985339 0.255178 0.264555
v -2.983778 0.256990 0.264555
v -2.982008 0.258759 0.264555
v -2.980031 0.260487 0.264555
v -2.977844 0.262174 0.264555
v -2.975450 0.263818 0.264555
v -2.953367 0.277652 0.264555
v -2.931335 0.291924 0.264555
v -2.909355 0.306632 0.264555
v -2.887428 0.321778 0.264555
v -2.865552 0.337361 0.264555
v -2.843729 0.353381 0.264555
v -2.821957 0.369839 0.264555
v -2.800238 0.386734 0.264555
v -2.778570 0.404065 0.264555
v -2.756955 0.421834 0.264555
v -2.735392 0.440041 0.264555
v -2.713881 0.458684 0.264555
v -2.699302 0.472388 0.264555
v -2.685046 0.486019 0.264555
v -2.671113 0.499578 0.264555
v -2.657503 0.513063 0.264555
v -2.644215 0.526476 0.264555
v -2.631250 0.539816 0.264555
v -2.618608 0.553083 0.264555
v -2.606288 0.566277 0.264555
v -2.594291 0.579398 0.264555
v -2.582617 0.592446 0.264555
v -2.571265 0.605421 0.264555
v -2.560236 0.618324 0.264555
v -2.553174 0.627104 0.264555
v -2.546725 0.635458 0.264555
v -2.540890 0.643385 0.264555
v -2.535670 0.650885 0.264555
v -2.531064 0.657958 0.264555
v -2.527071 0.664605 0.264555
v -2.523694 0.670824 0.264555
v -2.520930 0.676617 0.264555
v -2.518780 0.681983 0.264555
v -2.517245 0.686923 0.264555
v -2.516324 0.691435 0.264555
v -1.848976 1.140714 0.264555
v -1.847431 1.140683 0.264555
v -1.845791 1.140589 0.264555
v -1.844058 1.140433 0.264555
v -1.842231 1.140214 0.264555
v -1.840310 1.139933 0.264555
v -1.838296 1.139590 0.264555
v -1.836188 1.139184 0.264555
v -1.833987 1.138715 0.264555
v -1.831691 1.138185 0.264555
v -1.829302 1.137591 0.264555
v -1.826820 1.136935 0.264555
v -1.824244 1.136217 0.264555
v -1.814781 1.133573 0.264555
v -1.805382 1.130638 0.264555
v -1.796044 1.127411 0.264555
v -1.786769 1.123892 0.264555
v -1.777557 1.120082 0.264555
v -1.768407 1.115981 0.264555
v -1.759320 1.111588 0.264555
v -1.750295 1.106904 0.264555
v -1.741332 1.101928 0.264555
v -1.732432 1.096661 0.264555
v -1.723594 1.091102 0.264555
v -1.714819 1.085252 0.264555
v -1.703806 1.077242 0.264555
v -1.693750 1.069201 0.264555
v -1.684652 1.061128 0.264555
v -1.676512 1.053024 0.264555
v -1.669329 1.044889 0.264555
v -1.663104 1.036723 0.264555
v -1.657837 1.028526 0.264555
v -1.653528 1.020297 0.264555
v -1.650176 1.012037 0.264555
v -1.647782 1.003746 0.264555
v -1.646345 0.995424 0.264555
v -1.645866 0.987070 0.264555
v -1.645955 0.983874 0.264555
v -1.646220 0.980783 0.264555
v -1.646663 0.977795 0.264555
v -1.647282 0.974912 0.264555
v -1.648078 0.972132 0.264555
v -1.649052 0.969457 0.264555
v -1.650202 0.966886 0.264555
v -1.651529 0.964419 0.264555
v -1.653033 0.962056 0.264555
v -1.654714 0.959797 0.264555
v -1.656573 0.957642 0.264555
v -1.658608 0.955592 0.264555
v -1.660252 0.954035 0.264555
v -1.661939 0.952614 0.264555
v -1.663667 0.951329 0.264555
v -1.665436 0.950179 0.264555
v -1.667248 0.949164 0.264555
v -1.669100 0.948284 0.264555
v -1.670995 0.947540 0.264555
v -1.672931 0.946931 0.264555
v -1.674909 0.946457 0.264555
v -1.676928 0.946119 0.264555
v -1.678989 0.945916 0.264555
v -1.681092 0.945848 0.264555
v -1.685339 0.946135 0.264555
v -1.689586 0.946993 0.264555
v -1.693833 0.948425 0.264555
v -1.698080 0.950429 0.264555
v -1.702327 0.953005 0.264555
v -1.706575 0.956154 0.264555
v -1.710822 0.959875 0.264555
v -1.715069 0.964169 0.264555
v -1.719316 0.969036 0.264555
v -1.723563 0.974474 0.264555
v -1.727810 0.980486 0.264555
v -1.732057 0.987070 0.264555
v -1.739115 0.998801 0.264555
v -1.746797 1.010262 0.264555
v -1.755104 1.021452 0.264555
v -1.764035 1.032372 0.264555
v -1.773591 1.043021 0.264555
v -1.783771 1.053399 0.264555
v -1.794576 1.063507 0.264555
v -1.806006 1.073344 0.264555
v -1.818060 1.082910 0.264555
v -1.830739 1.092206 0.264555
v -1.844042 1.101231 0.264555
v -1.857970 1.109985 0.264555
v -1.858928 1.110782 0.264555
v -1.859802 1.111672 0.264555
v -1.860593 1.112655 0.264555
v -1.861301 1.113733 0.264555
v -1.861926 1.114904 0.264555
v -1.862467 1.116169 0.264555
v -1.862925 1.117527 0.264555
v -1.863300 1.118979 0.264555
v -1.863591 1.120525 0.264555
v -1.863799 1.122164 0.264555
v -1.863924 1.123898 0.264555
v -1.863966 1.125724 0.264555
v -1.863862 1.128119 0.264555
v -1.863550 1.130305 0.264555
v -1.863029 1.132282 0.264555
v -1.862301 1.134052 0.264555
v -1.861364 1.135614 0.264555
v -1.860219 1.136967 0.264555
v -1.858865 1.138112 0.264555
v -1.857304 1.139049 0.264555
v -1.855534 1.139777 0.264555
v -1.853557 1.140298 0.264555
v -1.851370 1.140610 0.264555
v -1.977138 1.045530 0.264555
v -1.975431 1.045519 0.264555
v -1.973807 1.045488 0.264555
v -1.972266 1.045436 0.264555
v -1.970809 1.045363 0.264555
v -1.969435 1.045269 0.264555
v -1.968144 1.045155 0.264555
v -1.966937 1.045020 0.264555
v -1.965813 1.044863 0.264555
v -1.964772 1.044686 0.264555
v -1.963814 1.044489 0.264555
v -1.962940 1.044270 0.264555
v -1.962149 1.044031 0.264555
v -1.950709 1.039825 0.264555
v -1.939622 1.035453 0.264555
v -1.928890 1.030915 0.264555
v -1.918512 1.026210 0.264555
v -1.908488 1.021338 0.264555
v -1.898817 1.016300 0.264555
v -1.889501 1.011095 0.264555
v -1.880538 1.005724 0.264555
v -1.871930 1.000186 0.264555
v -1.863675 0.994481 0.264555
v -1.855774 0.988611 0.264555
v -1.848227 0.982573 0.264555
v -1.837692 0.973631 0.264555
v -1.828074 0.964794 0.264555
v -1.819372 0.956060 0.264555
v -1.811586 0.947431 0.264555
v -1.804715 0.938905 0.264555
v -1.798761 0.930484 0.264555
v -1.793723 0.922167 0.264555
v -1.789601 0.913954 0.264555
v -1.786394 0.905845 0.264555
v -1.784104 0.897840 0.264555
v -1.782730 0.889939 0.264555
v -1.782272 0.882142 0.264555
v -1.782538 0.875079 0.264555
v -1.783334 0.868631 0.264555
v -1.784661 0.862796 0.264555
v -1.786519 0.857576 0.264555
v -1.788908 0.852970 0.264555
v -1.791828 0.848978 0.264555
v -1.795279 0.845600 0.264555
v -1.799261 0.842836 0.264555
v -1.803773 0.840686 0.264555
v -1.808817 0.839151 0.264555
v -1.814391 0.838230 0.264555
v -1.820496 0.837923 0.264555
v -1.824629 0.838277 0.264555
v -1.828782 0.839338 0.264555
v -1.832956 0.841108 0.264555
v -1.837151 0.843585 0.264555
v -1.841367 0.846771 0.264555
v -1.845604 0.850664 0.264555
v -1.849861 0.855265 0.264555
v -1.854139 0.860574 0.264555
v -1.858439 0.866590 0.264555
v -1.862759 0.873315 0.264555
v -1.867099 0.880747 0.264555
v -1.871461 0.888888 0.264555
v -1.877519 0.899942 0.264555
v -1.884202 0.910872 0.264555
v -1.891510 0.921677 0.264555
v -1.899442 0.932358 0.264555
v -1.907998 0.942913 0.264555
v -1.917179 0.953343 0.264555
v -1.926985 0.963649 0.264555
v -1.937415 0.973829 0.264555
v -1.948470 0.983885 0.264555
v -1.960150 0.993815 0.264555
v -1.972454 1.003621 0.264555
v -1.985382 1.013302 0.264555
v -1.986819 1.014436 0.264555
v -1.988130 1.015592 0.264555
v -1.989317 1.016768 0.264555
v -1.990379 1.017965 0.264555
v -1.991316 1.019183 0.264555
v -1.992128 1.020422 0.264555
v -1.992815 1.021682 0.264555
v -1.993377 1.022962 0.264555
v -1.993814 1.024263 0.264555
v -1.994126 1.025585 0.264555
v -1.994314 1.026928 0.264555
v -1.994376 1.028291 0.264555
v -1.994256 1.031045 0.264555
v -1.993897 1.033559 0.264555
v -1.993299 1.035833 0.264555
v -1.992461 1.037868 0.264555
v -1.991383 1.039664 0.264555
v -1.990067 1.041220 0.264555
v -1.988510 1.042537 0.264555
v -1.986715 1.043614 0.264555
v -1.984680 1.044452 0.264555
v -1.982405 1.045051 0.264555
v -1.979891 1.045410 0.264555
v -2.157014 0.787707 0.264555
v -2.160725 0.790429 0.264555
v -2.164114 0.793099 0.264555
v -2.167179 0.795717 0.264555
v -2.169922 0.798283 0.264555
v -2.172342 0.800797 0.264555
v -2.174440 0.803259 0.264555
v -2.176215 0.805669 0.264555
v -2.177667 0.808027 0.264555
v -2.178796 0.810332 0.264555
v -2.179603 0.812586 0.264555
v -2.180087 0.814788 0.264555
v -2.180248 0.816937 0.264555
v -2.180097 0.819331 0.264555
v -2.179644 0.821517 0.264555
v -2.178890 0.823495 0.264555
v -2.177833 0.825265 0.264555
v -2.176475 0.826826 0.264555
v -2.174814 0.828179 0.264555
v -2.172852 0.829324 0.264555
v -2.170588 0.830261 0.264555
v -2.168022 0.830990 0.264555
v -2.165154 0.831510 0.264555
v -2.161985 0.831823 0.264555
v -2.158513 0.831927 0.264555
v -2.157446 0.831833 0.264555
v -2.155994 0.831552 0.264555
v -2.154157 0.831084 0.264555
v -2.151935 0.830428 0.264555
v -2.149327 0.829585 0.264555
v -2.146334 0.828554 0.264555
v -2.142956 0.827336 0.264555
v -2.139194 0.825931 0.264555
v -2.135045 0.824338 0.264555
v -2.130512 0.822558 0.264555
v -2.125593 0.820591 0.264555
v -2.120290 0.818436 0.264555
v -2.101183 0.809229 0.264555
v -2.082087 0.799345 0.264555
v -2.063001 0.788785 0.264555
v -2.043926 0.777548 0.264555
v -2.024861 0.765634 0.264555
v -2.005806 0.753044 0.264555
v -1.986762 0.739777 0.264555
v -1.967728 0.725833 0.264555
v -1.948705 0.711213 0.264555
v -1.929692 0.695916 0.264555
v -1.910689 0.679943 0.264555
v -1.891697 0.663293 0.264555
v -1.882635 0.655528 0.264555
v -1.873689 0.647471 0.264555
v -1.864856 0.639122 0.264555
v -1.856138 0.630482 0.264555
v -1.847535 0.621551 0.264555
v -1.839046 0.612328 0.264555
v -1.830671 0.602814 0.264555
v -1.822411 0.593008 0.264555
v -1.814266 0.582911 0.264555
v -1.806235 0.572522 0.264555
v -1.798319 0.561842 0.264555
v -1.790517 0.550870 0.264555
v -1.783095 0.539935 0.264555
v -1.776318 0.529364 0.264555
v -1.770187 0.519158 0.264555
v -1.764701 0.509316 0.264555
v -1.759861 0.499838 0.264555
v -1.755666 0.490724 0.264555
v -1.752116 0.481975 0.264555
v -1.749212 0.473590 0.264555
v -1.746953 0.465570 0.264555
v -1.745339 0.457914 0.264555
v -1.744371 0.450622 0.264555
v -1.744049 0.443694 0.264555
v -1.744150 0.439627 0.264555
v -1.744455 0.435669 0.264555
v -1.744962 0.431820 0.264555
v -1.745673 0.428080 0.264555
v -1.746586 0.424450 0.264555
v -1.747702 0.420929 0.264555
v -1.749022 0.417517 0.264555
v -1.750544 0.414215 0.264555
v -1.752270 0.411021 0.264555
v -1.754198 0.407938 0.264555
v -1.756329 0.404963 0.264555
v -1.758664 0.402098 0.264555
v -1.761149 0.399404 0.264555
v -1.763733 0.396945 0.264555
v -1.766416 0.394720 0.264555
v -1.769198 0.392729 0.264555
v -1.772079 0.390973 0.264555
v -1.775059 0.389450 0.264555
v -1.778137 0.388162 0.264555
v -1.781315 0.387108 0.264555
v -1.784591 0.386288 0.264555
v -1.787966 0.385703 0.264555
v -1.791441 0.385352 0.264555
v -1.795014 0.385235 0.264555
v -1.799047 0.385313 0.264555
v -1.802904 0.385547 0.264555
v -1.806584 0.385937 0.264555
v -1.810086 0.386484 0.264555
v -1.813412 0.387186 0.264555
v -1.816561 0.388045 0.264555
v -1.819533 0.389060 0.264555
v -1.822328 0.390231 0.264555
v -1.824946 0.391558 0.264555
v -1.827387 0.393042 0.264555
v -1.829651 0.394681 0.264555
v -1.831738 0.396477 0.264555
v -1.833269 0.397851 0.264555
v -1.834861 0.399475 0.264555
v -1.836516 0.401348 0.264555
v -1.838234 0.403472 0.264555
v -1.840014 0.405845 0.264555
v -1.841856 0.408469 0.264555
v -1.843761 0.411342 0.264555
v -1.845729 0.414464 0.264555
v -1.847759 0.417837 0.264555
v -1.849851 0.421460 0.264555
v -1.852006 0.425332 0.264555
v -1.854223 0.429454 0.264555
v -1.864585 0.449008 0.264555
v -1.875188 0.468198 0.264555
v -1.886029 0.487024 0.264555
v -1.897110 0.505485 0.264555
v -1.908430 0.523582 0.264555
v -1.919990 0.541315 0.264555
v -1.931789 0.558683 0.264555
v -1.943828 0.575687 0.264555
v -1.956106 0.592326 0.264555
v -1.968623 0.608602 0.264555
v -1.981380 0.624512 0.264555
v -1.994376 0.640059 0.264555
v -2.006613 0.653909 0.264555
v -2.019088 0.667478 0.264555
v -2.031803 0.680765 0.264555
v -2.044758 0.693772 0.264555
v -2.057952 0.706498 0.264555
v -2.071386 0.718942 0.264555
v -2.085058 0.731106 0.264555
v -2.098971 0.742988 0.264555
v -2.113122 0.754589 0.264555
v -2.127514 0.765910 0.264555
v -2.142144 0.776949 0.264555
v -3.682213 0.806444 0.264555
v -3.658183 0.808047 0.264555
v -3.635058 0.809609 0.264555
v -3.612839 0.811129 0.264555
v -3.591526 0.812607 0.264555
v -3.571118 0.814043 0.264555
v -3.551616 0.815438 0.264555
v -3.533019 0.816791 0.264555
v -3.515328 0.818103 0.264555
v -3.498543 0.819373 0.264555
v -3.482663 0.820601 0.264555
v -3.467689 0.821788 0.264555
v -3.453621 0.822933 0.264555
v -3.446095 0.823578 0.264555
v -3.439006 0.824265 0.264555
v -3.432354 0.824994 0.264555
v -3.426140 0.825764 0.264555
v -3.420362 0.826576 0.264555
v -3.415022 0.827430 0.264555
v -3.410120 0.828325 0.264555
v -3.405654 0.829262 0.264555
v -3.401625 0.830240 0.264555
v -3.398034 0.831261 0.264555
v -3.394880 0.832322 0.264555
v -3.392163 0.833426 0.264555
v -3.385397 0.836419 0.264555
v -3.379089 0.839151 0.264555
v -3.373239 0.841623 0.264555
v -3.367847 0.843835 0.264555
v -3.362913 0.845787 0.264555
v -3.358437 0.847479 0.264555
v -3.354419 0.848910 0.264555
v -3.350858 0.850081 0.264555
v -3.347756 0.850992 0.264555
v -3.345112 0.851642 0.264555
v -3.342926 0.852033 0.264555
v -3.341198 0.852163 0.264555
v -3.332699 0.852002 0.264555
v -3.324189 0.851517 0.264555
v -3.315669 0.850711 0.264555
v -3.307138 0.849581 0.264555
v -3.298598 0.848129 0.264555
v -3.290046 0.846354 0.264555
v -3.281484 0.844257 0.264555
v -3.272912 0.841837 0.264555
v -3.264329 0.839094 0.264555
v -3.255736 0.836028 0.264555
v -3.247133 0.832640 0.264555
v -3.238519 0.828929 0.264555
v -3.232653 0.826061 0.264555
v -3.227298 0.822954 0.264555
v -3.222452 0.819607 0.264555
v -3.218116 0.816021 0.264555
v -3.214291 0.812196 0.264555
v -3.210975 0.808131 0.264555
v -3.208170 0.803826 0.264555
v -3.205875 0.799283 0.264555
v -3.204089 0.794500 0.264555
v -3.202814 0.789477 0.264555
v -3.202049 0.784215 0.264555
v -3.201794 0.778714 0.264555
v -3.201898 0.776122 0.264555
v -3.202210 0.773592 0.264555
v -3.202731 0.771125 0.264555
v -3.203460 0.768720 0.264555
v -3.204396 0.766378 0.264555
v -3.205541 0.764099 0.264555
v -3.206895 0.761881 0.264555
v -3.208456 0.759727 0.264555
v -3.210226 0.757634 0.264555
v -3.212204 0.755604 0.264555
v -3.214390 0.753637 0.264555
v -3.216784 0.751732 0.264555
v -3.218663 0.750415 0.264555
v -3.220552 0.749213 0.264555
v -3.222452 0.748125 0.264555
v -3.224362 0.747152 0.264555
v -3.226283 0.746293 0.264555
v -3.228214 0.745549 0.264555
v -3.230155 0.744919 0.264555
v -3.232107 0.744404 0.264555
v -3.234069 0.744003 0.264555
v -3.236042 0.743717 0.264555
v -3.238024 0.743545 0.264555
v -3.240018 0.743488 0.264555
v -3.244718 0.743509 0.264555
v -3.249824 0.743571 0.264555
v -3.255335 0.743675 0.264555
v -3.261253 0.743821 0.264555
v -3.267577 0.744008 0.264555
v -3.274307 0.744237 0.264555
v -3.281442 0.744508 0.264555
v -3.288984 0.744820 0.264555
v -3.296932 0.745174 0.264555
v -3.305285 0.745570 0.264555
v -3.314045 0.746007 0.264555
v -3.323210 0.746486 0.264555
v -3.340246 0.747204 0.264555
v -3.356875 0.747860 0.264555
v -3.373098 0.748453 0.264555
v -3.388915 0.748984 0.264555
v -3.404327 0.749452 0.264555
v -3.419332 0.749858 0.264555
v -3.433931 0.750202 0.264555
v -3.448125 0.750483 0.264555
v -3.461912 0.750701 0.264555
v -3.475294 0.750858 0.264555
v -3.488269 0.750951 0.264555
v -3.500838 0.750983 0.264555
v -3.513996 0.750941 0.264555
v -3.527487 0.750816 0.264555
v -3.541310 0.750608 0.264555
v -3.555467 0.750316 0.264555
v -3.569957 0.749942 0.264555
v -3.584780 0.749484 0.264555
v -3.599937 0.748942 0.264555
v -3.615426 0.748318 0.264555
v -3.631248 0.747610 0.264555
v -3.647404 0.746819 0.264555
v -3.663893 0.745944 0.264555
v -3.680714 0.744987 0.264555
v -3.680439 0.729877 0.264555
v -3.680111 0.712530 0.264555
v -3.679731 0.692944 0.264555
v -3.679299 0.671121 0.264555
v -3.678815 0.647059 0.264555
v -3.678278 0.620760 0.264555
v -3.677690 0.592222 0.264555
v -3.677050 0.561446 0.264555
v -3.676358 0.528433 0.264555
v -3.675614 0.493181 0.264555
v -3.674817 0.455691 0.264555
v -3.673969 0.415963 0.264555
v -3.673823 0.408109 0.264555
v -3.673636 0.398788 0.264555
v -3.673407 0.387998 0.264555
v -3.673136 0.375741 0.264555
v -3.672824 0.362016 0.264555
v -3.672470 0.346824 0.264555
v -3.672074 0.330163 0.264555
v -3.671637 0.312035 0.264555
v -3.671158 0.292439 0.264555
v -3.670638 0.271375 0.264555
v -3.670076 0.248844 0.264555
v -3.669472 0.224845 0.264555
v -3.669233 0.213561 0.264555
v -3.669014 0.202944 0.264555
v -3.668816 0.192992 0.264555
v -3.668639 0.183707 0.264555
v -3.668483 0.175088 0.264555
v -3.668348 0.167135 0.264555
v -3.668233 0.159848 0.264555
v -3.668139 0.153228 0.264555
v -3.668067 0.147274 0.264555
v -3.668015 0.141986 0.264555
v -3.667983 0.137364 0.264555
v -3.667973 0.133408 0.264555
v -3.668103 0.123394 0.264555
v -3.668494 0.113838 0.264555
v -3.669144 0.104740 0.264555
v -3.670055 0.096100 0.264555
v -3.671226 0.087919 0.264555
v -3.672657 0.080195 0.264555
v -3.674349 0.072929 0.264555
v -3.676301 0.066121 0.264555
v -3.678513 0.059771 0.264555
v -3.680985 0.053880 0.264555
v -3.683717 0.048446 0.264555
v -3.686710 0.043470 0.264555
v -3.688860 0.040118 0.264555
v -3.691311 0.036808 0.264555
v -3.694064 0.033539 0.264555
v -3.697119 0.030312 0.264555
v -3.700477 0.027127 0.264555
v -3.704136 0.023983 0.264555
v -3.708097 0.020881 0.264555
v -3.712359 0.017821 0.264555
v -3.716924 0.014802 0.264555
v -3.721790 0.011825 0.264555
v -3.726959 0.008890 0.264555
v -3.732429 0.005996 0.264555
v -3.737113 0.003602 0.264555
v -3.741672 0.001416 0.264555
v -3.746107 -0.000562 0.264555
v -3.750416 -0.002332 0.264555
v -3.754601 -0.003893 0.264555
v -3.758660 -0.005246 0.264555
v -3.762595 -0.006391 0.264555
v -3.766405 -0.007328 0.264555
v -3.770090 -0.008057 0.264555
v -3.773650 -0.008577 0.264555
v -3.777085 -0.008890 0.264555
v -3.780396 -0.008994 0.264555
v -3.784315 -0.008760 0.264555
v -3.788078 -0.008057 0.264555
v -3.791684 -0.006886 0.264555
v -3.795135 -0.005246 0.264555
v -3.798430 -0.003138 0.264555
v -3.801569 -0.000562 0.264555
v -3.804551 0.002483 0.264555
v -3.807377 0.005996 0.264555
v -3.810047 0.009978 0.264555
v -3.812561 0.014428 0.264555
v -3.814919 0.019346 0.264555
v -3.817120 0.024733 0.264555
v -3.817974 0.027205 0.264555
v -3.819036 0.029625 0.264555
v -3.820306 0.031994 0.264555
v -3.821784 0.034310 0.264555
v -3.823470 0.036574 0.264555
v -3.825365 0.038786 0.264555
v -3.827467 0.040946 0.264555
v -3.829778 0.043054 0.264555
v -3.832297 0.045110 0.264555
v -3.835025 0.047113 0.264555
v -3.837960 0.049065 0.264555
v -3.841104 0.050965 0.264555
v -3.846595 0.054280 0.264555
v -3.853075 0.057731 0.264555
v -3.860543 0.061317 0.264555
v -3.869001 0.065039 0.264555
v -3.878448 0.068895 0.264555
v -3.888883 0.072887 0.264555
v -3.900308 0.077015 0.264555
v -3.912721 0.081277 0.264555
v -3.926123 0.085675 0.264555
v -3.940515 0.090209 0.264555
v -3.955895 0.094877 0.264555
v -3.972264 0.099681 0.264555
v -3.974658 0.100426 0.264555
v -3.976844 0.101409 0.264555
v -3.978822 0.102632 0.264555
v -3.980591 0.104095 0.264555
v -3.982152 0.105797 0.264555
v -3.983506 0.107738 0.264555
v -3.984651 0.109919 0.264555
v -3.985588 0.112339 0.264555
v -3.986316 0.114999 0.264555
v -3.986837 0.117898 0.264555
v -3.987149 0.121036 0.264555
v -3.987253 0.124414 0.264555
v -3.987149 0.126808 0.264555
v -3.986836 0.128994 0.264555
v -3.986316 0.130972 0.264555
v -3.985587 0.132742 0.264555
v -3.984651 0.134303 0.264555
v -3.983505 0.135657 0.264555
v -3.982152 0.136802 0.264555
v -3.980591 0.137738 0.264555
v -3.978821 0.138467 0.264555
v -3.976844 0.138988 0.264555
v -3.974658 0.139300 0.264555
v -3.972264 0.139404 0.264555
v -3.970843 0.139383 0.264555
v -3.969328 0.139321 0.264555
v -3.967720 0.139217 0.264555
v -3.966017 0.139071 0.264555
v -3.964222 0.138883 0.264555
v -3.962332 0.138654 0.264555
v -3.960350 0.138384 0.264555
v -3.958273 0.138072 0.264555
v -3.956103 0.137718 0.264555
v -3.953839 0.137322 0.264555
v -3.951481 0.136885 0.264555
v -3.949029 0.136406 0.264555
v -3.933124 0.133533 0.264555
v -3.917634 0.130910 0.264555
v -3.902561 0.128536 0.264555
v -3.887905 0.126413 0.264555
v -3.873665 0.124539 0.264555
v -3.859841 0.122915 0.264555
v -3.846433 0.121541 0.264555
v -3.833442 0.120417 0.264555
v -3.820868 0.119543 0.264555
v -3.808709 0.118918 0.264555
v -3.796968 0.118543 0.264555
v -3.785642 0.118418 0.264555
v -3.782378 0.118444 0.264555
v -3.779334 0.118523 0.264555
v -3.776507 0.118653 0.264555
v -3.773900 0.118835 0.264555
v -3.771511 0.119069 0.264555
v -3.769341 0.119355 0.264555
v -3.767389 0.119694 0.264555
v -3.765656 0.120084 0.264555
v -3.764141 0.120526 0.264555
v -3.762845 0.121021 0.264555
v -3.761767 0.121567 0.264555
v -3.760909 0.122166 0.264555
v -3.760190 0.122863 0.264555
v -3.759535 0.123706 0.264555
v -3.758941 0.124695 0.264555
v -3.758410 0.125830 0.264555
v -3.757942 0.127110 0.264555
v -3.757536 0.128536 0.264555
v -3.757192 0.130108 0.264555
v -3.756911 0.131826 0.264555
v -3.756692 0.133689 0.264555
v -3.756536 0.135698 0.264555
v -3.756443 0.137853 0.264555
v -3.756412 0.140153 0.264555
v -3.756293 0.151109 0.264555
v -3.756183 0.162242 0.264555
v -3.756084 0.173552 0.264555
v -3.755996 0.185039 0.264555
v -3.755918 0.196703 0.264555
v -3.755850 0.208544 0.264555
v -3.755793 0.220562 0.264555
v -3.755746 0.232756 0.264555
v -3.755709 0.245128 0.264555
v -3.755683 0.257677 0.264555
v -3.755668 0.270402 0.264555
v -3.755663 0.283305 0.264555
v -3.755673 0.309563 0.264555
v -3.755704 0.336872 0.264555
v -3.755756 0.365233 0.264555
v -3.755829 0.394645 0.264555
v -3.755923 0.425108 0.264555
v -3.756037 0.456623 0.264555
v -3.756173 0.489189 0.264555
v -3.756329 0.522806 0.264555
v -3.756506 0.557475 0.264555
v -3.756704 0.593195 0.264555
v -3.756922 0.629967 0.264555
v -3.757162 0.667790 0.264555
v -3.773739 0.643827 0.264555
v -3.791742 0.619407 0.264555
v -3.811171 0.594528 0.264555
v -3.832027 0.569191 0.264555
v -3.854308 0.543396 0.264555
v -3.878016 0.517144 0.264555
v -3.903149 0.490433 0.264555
v -3.929709 0.463264 0.264555
v -3.957695 0.435637 0.264555
v -3.987107 0.407553 0.264555
v -4.017945 0.379010 0.264555
v -4.050210 0.350009 0.264555
v -4.077201 0.326213 0.264555
v -4.104214 0.303041 0.264555
v -4.131248 0.280494 0.264555
v -4.158302 0.258572 0.264555
v -4.185377 0.237274 0.264555
v -4.212473 0.216601 0.264555
v -4.239590 0.196552 0.264555
v -4.266727 0.177128 0.264555
v -4.293886 0.158328 0.264555
v -4.321065 0.140153 0.264555
v -4.348265 0.122603 0.264555
v -4.375485 0.105677 0.264555
v -4.379019 0.104001 0.264555
v -4.382376 0.102471 0.264555
v -4.385556 0.101087 0.264555
v -4.388559 0.099848 0.264555
v -4.391386 0.098755 0.264555
v -4.394035 0.097808 0.264555
v -4.396507 0.097006 0.264555
v -4.398803 0.096350 0.264555
v -4.400921 0.095840 0.264555
v -4.402862 0.095476 0.264555
v -4.404626 0.095257 0.264555
v -4.406214 0.095184 0.264555
v -4.409446 0.095289 0.264555
v -4.412397 0.095601 0.264555
v -4.415067 0.096121 0.264555
v -4.417456 0.096850 0.264555
v -4.419564 0.097787 0.264555
v -4.421391 0.098932 0.264555
v -4.422937 0.100285 0.264555
v -4.424201 0.101846 0.264555
v -4.425185 0.103616 0.264555
v -4.425888 0.105594 0.264555
v -4.426310 0.107780 0.264555
v -4.426450 0.110174 0.264555
v -4.426310 0.112907 0.264555
v -4.425888 0.115608 0.264555
v -4.425185 0.118278 0.264555
v -4.424201 0.120917 0.264555
v -4.422937 0.123524 0.264555
v -4.421391 0.126101 0.264555
v -4.419564 0.128646 0.264555
v -4.417456 0.131160 0.264555
v -4.415067 0.133642 0.264555
v -4.412397 0.136094 0.264555
v -4.409446 0.138514 0.264555
v -4.406214 0.140903 0.264555
v -4.378213 0.161123 0.264555
v -4.350420 0.181812 0.264555
v -4.322834 0.202970 0.264555
v -4.295457 0.224595 0.264555
v -4.268289 0.246689 0.264555
v -4.241328 0.269252 0.264555
v -4.214576 0.292283 0.264555
v -4.188032 0.315782 0.264555
v -4.161695 0.339750 0.264555
v -4.135568 0.364187 0.264555
v -4.109648 0.389091 0.264555
v -4.083936 0.414464 0.264555
v -4.056746 0.441977 0.264555
v -4.030390 0.469302 0.264555
v -4.004866 0.496439 0.264555
v -3.980174 0.523389 0.264555
v -3.956316 0.550152 0.264555
v -3.933290 0.576728 0.264555
v -3.911097 0.603116 0.264555
v -3.889737 0.629316 0.264555
v -3.869209 0.655330 0.264555
v -3.849514 0.681156 0.264555
v -3.830652 0.706794 0.264555
v -3.812623 0.732246 0.264555
v -3.853986 0.727202 0.264555
v -3.893380 0.722315 0.264555
v -3.930808 0.717584 0.264555
v -3.966268 0.713009 0.264555
v -3.999760 0.708590 0.264555
v -4.031286 0.704327 0.264555
v -4.060843 0.700221 0.264555
v -4.088434 0.696270 0.264555
v -4.114057 0.692476 0.264555
v -4.137712 0.688838 0.264555
v -4.159400 0.685356 0.264555
v -4.179121 0.682030 0.264555
v -4.182993 0.681442 0.264555
v -4.186865 0.680677 0.264555
v -4.190738 0.679735 0.264555
v -4.194610 0.678616 0.264555
v -4.198483 0.677320 0.264555
v -4.202355 0.675847 0.264555
v -4.206227 0.674197 0.264555
v -4.210100 0.672370 0.264555
v -4.213972 0.670366 0.264555
v -4.217844 0.668185 0.264555
v -4.221717 0.665828 0.264555
v -4.225589 0.663293 0.264555
v -4.228717 0.661617 0.264555
v -4.231855 0.660087 0.264555
v -4.235004 0.658702 0.264555
v -4.238164 0.657464 0.264555
v -4.241333 0.656371 0.264555
v -4.244514 0.655424 0.264555
v -4.247704 0.654622 0.264555
v -4.250905 0.653966 0.264555
v -4.254117 0.653456 0.264555
v -4.257338 0.653092 0.264555
v -4.260570 0.652873 0.264555
v -4.263813 0.652800 0.264555
v -4.273077 0.653269 0.264555
v -4.282383 0.654674 0.264555
v -4.291731 0.657016 0.264555
v -4.301120 0.660295 0.264555
v -4.310551 0.664511 0.264555
v -4.320024 0.669664 0.264555
v -4.329538 0.675753 0.264555
v -4.339094 0.682780 0.264555
v -4.348692 0.690743 0.264555
v -4.358331 0.699643 0.264555
v -4.368012 0.709480 0.264555
v -4.377734 0.720254 0.264555
v -4.384079 0.727941 0.264555
v -4.389872 0.735514 0.264555
v -4.395113 0.742972 0.264555
v -4.399802 0.750316 0.264555
v -4.403940 0.757546 0.264555
v -4.407526 0.764661 0.264555
v -4.410561 0.771661 0.264555
v -4.413043 0.778547 0.264555
v -4.414974 0.785318 0.264555
v -4.416353 0.791975 0.264555
v -4.417181 0.798518 0.264555
v -4.417457 0.804945 0.264555
v -4.417363 0.807579 0.264555
v -4.417082 0.809984 0.264555
v -4.416614 0.812159 0.264555
v -4.415958 0.814106 0.264555
v -4.415115 0.815823 0.264555
v -4.414085 0.817312 0.264555
v -4.412867 0.818572 0.264555
v -4.411462 0.819602 0.264555
v -4.409869 0.820404 0.264555
v -4.408089 0.820976 0.264555
v -4.406122 0.821320 0.264555
v -4.403966 0.821434 0.264555
v -4.402025 0.821283 0.264555
v -4.399948 0.820830 0.264555
v -4.397736 0.820076 0.264555
v -4.395389 0.819019 0.264555
v -4.392906 0.817661 0.264555
v -4.390288 0.816000 0.264555
v -4.387535 0.814038 0.264555
v -4.384646 0.811774 0.264555
v -4.381622 0.809208 0.264555
v -4.378463 0.806340 0.264555
v -4.375168 0.803171 0.264555
v -4.371738 0.799699 0.264555
v -4.363312 0.792157 0.264555
v -4.355021 0.785271 0.264555
v -4.346865 0.779041 0.264555
v -4.338844 0.773467 0.264555
v -4.330959 0.768549 0.264555
v -4.323209 0.764286 0.264555
v -4.315594 0.760679 0.264555
v -4.308115 0.757728 0.264555
v -4.300771 0.755433 0.264555
v -4.293563 0.753793 0.264555
v -4.286489 0.752809 0.264555
v -4.279552 0.752482 0.264555
v -4.272811 0.752523 0.264555
v -4.265832 0.752648 0.264555
v -4.258613 0.752856 0.264555
v -4.251155 0.753148 0.264555
v -4.243457 0.753523 0.264555
v -4.235520 0.753981 0.264555
v -4.227343 0.754522 0.264555
v -4.218927 0.755146 0.264555
v -4.210271 0.755854 0.264555
v -4.201376 0.756645 0.264555
v -4.192242 0.757520 0.264555
v -4.182868 0.758477 0.264555
v -4.133225 0.763219 0.264555
v -4.086226 0.767700 0.264555
v -4.041872 0.771921 0.264555
v -4.000161 0.775882 0.264555
v -3.961094 0.779583 0.264555
v -3.924671 0.783023 0.264555
v -3.890892 0.786203 0.264555
v -3.859757 0.789123 0.264555
v -3.831267 0.791783 0.264555
v -3.805420 0.794182 0.264555
v -3.782217 0.796321 0.264555
v -3.761659 0.798200 0.264555
v -3.761679 0.825254 0.264555
v -3.761742 0.850955 0.264555
v -3.761846 0.875303 0.264555
v -3.761992 0.898298 0.264555
v -3.762179 0.919939 0.264555
v -3.762408 0.940227 0.264555
v -3.762679 0.959162 0.264555
v -3.762991 0.976744 0.264555
v -3.763345 0.992972 0.264555
v -3.763740 1.007847 0.264555
v -3.764178 1.021369 0.264555
v -3.764656 1.033538 0.264555
v -3.765213 1.039362 0.264555
v -3.765885 1.044843 0.264555
v -3.766670 1.049980 0.264555
v -3.767571 1.054773 0.264555
v -3.768586 1.059223 0.264555
v -3.769715 1.063330 0.264555
v -3.770959 1.067093 0.264555
v -3.772318 1.070512 0.264555
v -3.773791 1.073588 0.264555
v -3.775378 1.076321 0.264555
v -3.777080 1.078710 0.264555
v -3.778897 1.080755 0.264555
v -3.783086 1.084029 0.264555
v -3.787911 1.087105 0.264555
v -3.793371 1.089983 0.264555
v -3.799466 1.092664 0.264555
v -3.806195 1.095147 0.264555
v -3.813560 1.097431 0.264555
v -3.821560 1.099519 0.264555
v -3.830194 1.101408 0.264555
v -3.839464 1.103099 0.264555
v -3.849369 1.104593 0.264555
v -3.859908 1.105889 0.264555
v -3.871083 1.106987 0.264555
v -3.873238 1.107430 0.264555
v -3.875205 1.108007 0.264555
v -3.876985 1.108720 0.264555
v -3.878578 1.109569 0.264555
v -3.879983 1.110553 0.264555
v -3.881201 1.111672 0.264555
v -3.882231 1.112926 0.264555
v -3.883075 1.114316 0.264555
v -3.883731 1.115841 0.264555
v -3.884199 1.117501 0.264555
v -3.884480 1.119297 0.264555
v -3.884574 1.121228 0.264555
v -3.884501 1.122497 0.264555
v -3.884282 1.123809 0.264555
v -3.883918 1.125162 0.264555
v -3.883408 1.126557 0.264555
v -3.882752 1.127994 0.264555
v -3.881951 1.129472 0.264555
v -3.881003 1.130992 0.264555
v -3.879910 1.132553 0.264555
v -3.878672 1.134156 0.264555
v -3.877287 1.135801 0.264555
v -3.875757 1.137487 0.264555
v -3.874081 1.139215 0.264555
v -3.870115 1.142926 0.264555
v -3.865961 1.146314 0.264555
v -3.861621 1.149380 0.264555
v -3.857093 1.152123 0.264555
v -3.852377 1.154543 0.264555
v -3.847474 1.156641 0.264555
v -3.842384 1.158415 0.264555
v -3.837106 1.159867 0.264555
v -3.831641 1.160997 0.264555
v -3.825989 1.161803 0.264555
v -3.820149 1.162287 0.264555
v -3.814122 1.162449 0.264555
v -3.806602 1.162246 0.264555
v -3.798779 1.161637 0.264555
v -3.790654 1.160622 0.264555
v -3.782228 1.159201 0.264555
v -3.773499 1.157375 0.264555
v -3.764469 1.155142 0.264555
v -3.755137 1.152503 0.264555
v -3.745503 1.149458 0.264555
v -3.735567 1.146007 0.264555
v -3.725329 1.142151 0.264555
v -3.714790 1.137888 0.264555
v -3.703948 1.133219 0.264555
v -3.694850 1.129160 0.264555
v -3.686544 1.124975 0.264555
v -3.679028 1.120665 0.264555
v -3.672303 1.116231 0.264555
v -3.666370 1.111672 0.264555
v -3.661228 1.106987 0.264555
v -3.656877 1.102178 0.264555
v -3.653316 1.097244 0.264555
v -3.650548 1.092185 0.264555
v -3.648570 1.087001 0.264555
v -3.647383 1.081692 0.264555
v -3.646987 1.076258 0.264555
v -3.647144 1.073463 0.264555
v -3.647612 1.070575 0.264555
v -3.648393 1.067593 0.264555
v -3.649486 1.064517 0.264555
v -3.650891 1.061347 0.264555
v -3.652609 1.058084 0.264555
v -3.654639 1.054726 0.264555
v -3.656981 1.051276 0.264555
v -3.659635 1.047731 0.264555
v -3.662602 1.044093 0.264555
v -3.665881 1.040361 0.264555
v -3.669472 1.036536 0.264555
v -3.670924 1.034829 0.264555
v -3.672283 1.032705 0.264555
v -3.673548 1.030165 0.264555
v -3.674719 1.027209 0.264555
v -3.675796 1.023836 0.264555
v -3.676780 1.020047 0.264555
v -3.677670 1.015842 0.264555
v -3.678466 1.011220 0.264555
v -3.679169 1.006182 0.264555
v -3.679778 1.000727 0.264555
v -3.680293 0.994856 0.264555
v -3.680714 0.988569 0.264555
v -3.680954 0.980777 0.264555
v -3.681172 0.971643 0.264555
v -3.681370 0.961166 0.264555
v -3.681547 0.949346 0.264555
v -3.681703 0.936183 0.264555
v -3.681838 0.921677 0.264555
v -3.681953 0.905829 0.264555
v -3.682046 0.888638 0.264555
v -3.682119 0.870104 0.264555
v -3.682171 0.850227 0.264555
v -3.682203 0.829007 0.264555
vn -0.0305 0.7115 -0.7020
vn 0.0028 0.7124 -0.7018
vn 0.0394 0.7121 -0.7010
vn -0.0663 0.7101 -0.7010
vn 0.0777 0.7088 -0.7012
vn -0.1095 0.7060 -0.6996
vn 0.1147 0.7035 -0.7013
vn -0.1621 0.6975 -0.6980
vn 0.1502 0.6966 -0.7015
vn -0.2262 0.6817 -0.6958
vn -0.3036 0.6537 -0.6931
vn 0.1839 0.6882 -0.7018
vn -0.3945 0.6069 -0.6899
vn 0.2157 0.6787 -0.7020
vn -0.4943 0.5330 -0.6867
vn 0.2457 0.6682 -0.7022
vn -0.5916 0.4265 -0.6842
vn -0.6696 0.2911 -0.6833
vn 0.2737 0.6569 -0.7025
vn -0.7147 0.1430 -0.6846
vn 0.2999 0.6452 -0.7027
vn -0.7259 0.0041 -0.6878
vn 0.3243 0.6330 -0.7029
vn -0.7148 -0.1184 -0.6893
vn -0.6864 -0.2274 -0.6907
vn -0.6461 -0.3212 -0.6923
vn 0.3468 0.6207 -0.7032
vn -0.5996 -0.3979 -0.6944
vn -0.5524 -0.4585 -0.6961
vn -0.5072 -0.5057 -0.6979
vn -0.4660 -0.5421 -0.6993
vn 0.3676 0.6083 -0.7034
vn -0.4289 -0.5705 -0.7004
vn -0.3960 -0.5927 -0.7014
vn -0.3668 -0.6103 -0.7021
vn -0.3410 -0.6243 -0.7028
vn 0.3898 0.5952 -0.7027
vn -0.3257 -0.6283 -0.7065
vn -0.3353 -0.6168 -0.7122
vn 0.4151 0.5786 -0.7020
vn -0.3641 -0.5993 -0.7129
vn -0.3960 -0.5776 -0.7138
vn 0.4433 0.5583 -0.7013
vn -0.4312 -0.5506 -0.7148
vn 0.4744 0.5332 -0.7004
vn -0.4695 -0.5166 -0.7161
vn 0.5086 0.5022 -0.6994
vn -0.5104 -0.4742 -0.7174
vn 0.5456 0.4636 -0.6982
vn -0.5526 -0.4216 -0.7189
vn 0.5846 0.4155 -0.6968
vn -0.5943 -0.3574 -0.7205
vn 0.6241 0.3562 -0.6954
vn -0.6323 -0.2813 -0.7219
vn 0.6616 0.2843 -0.6939
vn -0.6630 -0.1940 -0.7231
vn -0.6831 -0.0987 -0.7236
vn 0.6933 0.1993 -0.6925
vn -0.6939 -0.0107 -0.7200
vn 0.7149 0.1031 -0.6915
vn -0.6974 0.0521 -0.7148
vn 0.7197 0.0101 -0.6942
vn -0.6946 0.0944 -0.7132
vn -0.6904 0.1280 -0.7120
vn 0.7145 -0.0661 -0.6965
vn -0.6857 0.1553 -0.7111
vn 0.7052 -0.1360 -0.6959
vn -0.6810 0.1776 -0.7104
vn 0.6878 -0.2083 -0.6954
vn -0.6764 0.1962 -0.7099
vn 0.6618 -0.2807 -0.6951
vn 0.6276 -0.3505 -0.6951
vn -0.6720 0.2120 -0.7095
vn 0.5864 -0.4154 -0.6954
vn -0.6680 0.2254 -0.7092
vn 0.5400 -0.4734 -0.6959
vn 0.4907 -0.5234 -0.6966
vn -0.6643 0.2370 -0.7089
vn 0.4405 -0.5653 -0.6974
vn 0.3912 -0.5995 -0.6982
vn -0.6608 0.2471 -0.7087
vn 0.3441 -0.6268 -0.6991
vn 0.3433 -0.6047 -0.7186
vn 0.4016 -0.5683 -0.7182
vn -0.6576 0.2560 -0.7085
vn 0.4518 -0.5316 -0.7164
vn 0.4918 -0.4969 -0.7150
vn -0.6588 0.2588 -0.7064
vn 0.5236 -0.4650 -0.7138
vn 0.5492 -0.4361 -0.7129
vn -0.6570 0.2589 -0.7081
vn 0.5698 -0.4102 -0.7120
vn 0.5866 -0.3870 -0.7114
vn 0.6005 -0.3662 -0.7108
vn 0.6119 -0.3477 -0.7104
vn 0.6216 -0.3309 -0.7100
vn 0.6298 -0.3158 -0.7097
vn 0.6358 -0.3084 -0.7075
vn 0.6365 -0.3092 -0.7066
vn -0.6547 0.2645 -0.7081
vn 0.6350 -0.3123 -0.7066
vn -0.6524 0.2702 -0.7081
vn 0.6335 -0.3155 -0.7065
vn -0.6500 0.2760 -0.7081
vn 0.6318 -0.3189 -0.7065
vn -0.6475 0.2817 -0.7081
vn 0.6300 -0.3224 -0.7065
vn -0.6449 0.2874 -0.7081
vn 0.6282 -0.3261 -0.7064
vn -0.0611 0.7144 -0.6971
vn -0.0031 0.7150 -0.6992
vn 0.0439 0.7124 -0.7004
vn 0.0866 0.7084 -0.7005
vn -0.1316 0.7066 -0.6953
vn 0.1275 0.7019 -0.7008
vn -0.2129 0.6884 -0.6934
vn 0.1662 0.6935 -0.7010
vn 0.2027 0.6834 -0.7013
vn -0.3032 0.6557 -0.6915
vn 0.2369 0.6721 -0.7016
vn -0.3984 0.6045 -0.6898
vn 0.2688 0.6596 -0.7019
vn -0.4910 0.5332 -0.6889
vn 0.2982 0.6465 -0.7022
vn -0.6423 0.2932 -0.7081
vn 0.3252 0.6330 -0.7025
vn -0.5723 0.4448 -0.6889
vn 0.3502 0.6193 -0.7028
vn -0.6355 0.3466 -0.6899
vn 0.3731 0.6054 -0.7030
vn 0.3904 0.5927 -0.7044
vn -0.6788 0.2474 -0.6914
vn 0.4057 0.5829 -0.7040
vn -0.7037 0.1547 -0.6934
vn -0.7151 0.0723 -0.6953
vn -0.7189 -0.0051 -0.6951
vn -0.7144 -0.0847 -0.6946
vn -0.7000 -0.1605 -0.6958
vn -0.6803 -0.2256 -0.6973
vn -0.6582 -0.2808 -0.6985
vn -0.6351 -0.3276 -0.6995
vn -0.6122 -0.3666 -0.7006
vn -0.5905 -0.3992 -0.7014
vn 0.4221 0.5713 -0.7039
vn -0.5700 -0.4268 -0.7021
vn -0.5510 -0.4502 -0.7026
vn -0.5334 -0.4702 -0.7032
vn -0.5172 -0.4873 -0.7036
vn -0.5016 -0.5035 -0.7035
vn -0.4957 -0.4999 -0.7102
vn 0.4389 0.5587 -0.7037
vn 0.6262 -0.3300 -0.7064
vn -0.5089 -0.4866 -0.7100
vn -0.6396 0.2990 -0.7081
vn 0.4559 0.5451 -0.7036
vn -0.5213 -0.4736 -0.7099
vn -0.5327 -0.4609 -0.7098
vn 0.4733 0.5303 -0.7034
vn 0.6241 -0.3340 -0.7064
vn -0.5434 -0.4485 -0.7097
vn 0.4909 0.5142 -0.7033
vn -0.6369 0.3048 -0.7081
vn -0.5533 -0.4364 -0.7096
vn 0.5086 0.4969 -0.7031
vn -0.5625 -0.4246 -0.7094
vn 0.6218 -0.3383 -0.7063
vn 0.5263 0.4783 -0.7030
vn -0.5710 -0.4132 -0.7093
vn -0.5790 -0.4021 -0.7092
vn -0.6341 0.3106 -0.7081
vn 0.5440 0.4584 -0.7028
vn -0.5864 -0.3914 -0.7091
vn 0.5615 0.4370 -0.7027
vn 0.6194 -0.3428 -0.7063
vn -0.5933 -0.3811 -0.7091
vn 0.5786 0.4143 -0.7026
vn -0.6312 0.3164 -0.7082
vn -0.2876 0.1326 -0.9485
vn 0.5927 0.3923 -0.7034
vn 0.6168 -0.3475 -0.7062
vn -0.1003 0.6995 -0.7076
vn -0.0971 0.6999 -0.7076
vn 0.6052 0.3727 -0.7035
vn -0.0938 0.7003 -0.7076
vn -0.1081 0.7147 -0.6910
vn 0.0023 0.7243 -0.6895
vn 0.1183 0.7146 -0.6894
vn -0.2061 0.6914 -0.6925
vn 0.2274 0.6866 -0.6906
vn -0.2892 0.6589 -0.6944
vn 0.3212 0.6460 -0.6925
vn -0.3576 0.6227 -0.6960
vn 0.3979 0.5997 -0.6943
vn -0.4129 0.5855 -0.6976
vn 0.4584 0.5524 -0.6962
vn -0.4570 0.5501 -0.6990
vn -0.4924 0.5171 -0.7001
vn 0.5056 0.5074 -0.6978
vn -0.5208 0.4870 -0.7011
vn 0.5421 0.4660 -0.6993
vn -0.5436 0.4601 -0.7020
vn 0.6177 0.3521 -0.7032
vn 0.5705 0.4290 -0.7004
vn -0.5627 0.4357 -0.7025
vn -0.0904 0.7007 -0.7077
vn 0.5927 0.3959 -0.7014
vn -0.5781 0.4138 -0.7033
vn 0.6102 0.3668 -0.7022
vn -0.3213 0.4569 -0.8295
vn -0.5822 0.4015 -0.7070
vn -0.5956 0.3904 -0.7020
vn 0.6243 0.3411 -0.7028
vn -0.6133 0.3623 -0.7018
vn 0.6048 0.3478 -0.7165
vn -0.0869 0.7012 -0.7077
vn -0.6305 0.3322 -0.7015
vn 0.2235 0.1431 -0.9642
vn 0.5787 0.3929 -0.7147
vn -0.6465 0.3000 -0.7014
vn 0.6305 0.3294 -0.7028
vn -0.6613 0.2662 -0.7013
vn -0.0832 0.7016 -0.7077
vn -0.6747 0.2307 -0.7011
vn 0.5492 0.4320 -0.7154
vn -0.6863 0.1939 -0.7010
vn -0.6959 0.1560 -0.7010
vn -0.0794 0.7020 -0.7077
vn -0.7036 0.1172 -0.7009
vn -0.2129 -0.4532 -0.8656
vn 0.6433 0.3044 -0.7025
vn 0.5142 0.4720 -0.7161
vn 0.1312 -0.6952 -0.7067
vn -0.6205 -0.3341 -0.7094
vn -0.7089 0.0781 -0.7009
vn -0.0754 0.7024 -0.7078
vn -0.7121 0.0388 -0.7010
vn -0.7138 -0.0024 -0.7004
vn 0.4731 0.5121 -0.7168
vn -0.7127 -0.0472 -0.6999
vn -0.0712 0.7028 -0.7078
vn -0.6272 -0.3217 -0.7093
vn 0.1287 -0.6957 -0.7067
vn 0.6560 0.2768 -0.7022
vn 0.4260 0.5512 -0.7174
vn -0.0669 0.7032 -0.7078
vn -0.7079 -0.0920 -0.7003
vn -0.6333 -0.3100 -0.7092
vn 0.3732 0.5877 -0.7179
vn -0.0624 0.7036 -0.7078
vn -0.7008 -0.1339 -0.7007
vn 0.1263 -0.6961 -0.7067
vn 0.3152 0.6204 -0.7182
vn -0.6387 -0.2989 -0.7090
vn 0.6684 0.2465 -0.7018
vn 0.2532 0.6480 -0.7183
vn -0.6919 -0.1726 -0.7011
vn 0.1891 0.6697 -0.7181
vn -0.0835 0.7009 -0.7084
vn -0.0757 0.7018 -0.7084
vn 0.1246 0.6850 -0.7178
vn -0.0680 0.7026 -0.7083
vn -0.0603 0.7033 -0.7084
vn 0.1239 -0.6966 -0.7067
vn -0.6436 -0.2886 -0.7089
vn -0.0526 0.7039 -0.7083
vn -0.0450 0.7045 -0.7083
vn 0.0612 0.6940 -0.7174
vn -0.0374 0.7049 -0.7083
vn -0.0298 0.7053 -0.7083
vn -0.0223 0.7055 -0.7083
vn 0.0132 0.7015 -0.7126
vn -0.0148 0.7058 -0.7083
vn -0.0074 0.7059 -0.7083
vn -0.6816 -0.2083 -0.7015
vn 0.6802 0.2131 -0.7014
vn -0.6480 -0.2790 -0.7088
vn 0.1216 -0.6969 -0.7067
vn -0.6703 -0.2410 -0.7019
vn 0.6910 0.1767 -0.7009
vn -0.6584 -0.2708 -0.7023
vn -0.6519 -0.2698 -0.7086
vn 0.1194 -0.6973 -0.7067
vn -0.6462 -0.2980 -0.7026
vn 0.7003 0.1371 -0.7005
vn -0.6555 -0.2613 -0.7085
vn 0.1172 -0.6977 -0.7068
vn -0.6339 -0.3226 -0.7029
vn 0.7078 0.0942 -0.7001
vn -0.6588 -0.2532 -0.7085
vn 0.1150 -0.6980 -0.7068
vn -0.6216 -0.3451 -0.7032
vn -0.6618 -0.2455 -0.7084
vn 0.7128 0.0483 -0.6997
vn -0.6095 -0.3655 -0.7035
vn 0.1130 -0.6984 -0.7068
vn -0.6006 -0.3730 -0.7072
vn -0.6645 -0.2383 -0.7083
vn 0.7141 0.0019 -0.7000
vn 0.1109 -0.6987 -0.7068
vn -0.5974 -0.3859 -0.7030
vn 0.7126 -0.0426 -0.7003
vn -0.6667 -0.2406 -0.7055
vn 0.1089 -0.6990 -0.7068
vn 0.7089 -0.0877 -0.6998
vn -0.5822 -0.4095 -0.7024
vn 0.7018 -0.1351 -0.6994
vn 0.1162 -0.6946 -0.7099
vn 0.6909 -0.1845 -0.6990
vn -0.6611 -0.2751 -0.6980
vn -0.5635 -0.4360 -0.7017
vn 0.6756 -0.2353 -0.6987
vn -0.6358 -0.3316 -0.6970
vn 0.6558 -0.2864 -0.6985
vn 0.1311 -0.6928 -0.7091
vn -0.5404 -0.4657 -0.7008
vn 0.1440 -0.6900 -0.7094
vn 0.6316 -0.3369 -0.6983
vn 0.1587 -0.6864 -0.7097
vn -0.6020 -0.3914 -0.6960
vn 0.1755 -0.6818 -0.7101
vn 0.6029 -0.3859 -0.6983
vn 0.1951 -0.6760 -0.7106
vn 0.2178 -0.6683 -0.7113
vn -0.5116 -0.4987 -0.6997
vn 0.5705 -0.4322 -0.6984
vn 0.2445 -0.6581 -0.7121
vn -0.5585 -0.4528 -0.6950
vn 0.2762 -0.6442 -0.7133
vn 0.5350 -0.4753 -0.6985
vn 0.3140 -0.6250 -0.7147
vn -0.5046 -0.5132 -0.6943
vn 0.3591 -0.5979 -0.7166
vn 0.4972 -0.5143 -0.6988
vn -0.4753 -0.5350 -0.6985
vn 0.4126 -0.5589 -0.7193
vn 0.4617 -0.5434 -0.7011
vn 0.4676 -0.5159 -0.7178
vn -0.4408 -0.5695 -0.6938
vn 0.4890 -0.5192 -0.7009
vn 0.4314 -0.5679 -0.7009
vn -0.4295 -0.5742 -0.6970
vn 0.3989 -0.5915 -0.7007
vn -0.3690 -0.6185 -0.6937
vn 0.4588 -0.5466 -0.7005
vn 0.3639 -0.6139 -0.7005
vn 0.4249 -0.5738 -0.7001
vn -0.3719 -0.6150 -0.6954
vn 0.3267 -0.6346 -0.7004
vn -0.2923 -0.6580 -0.6940
vn 0.3874 -0.6002 -0.6998
vn 0.2879 -0.6532 -0.7004
vn -0.2141 -0.6868 -0.6946
vn 0.2475 -0.6696 -0.7002
vn 0.3464 -0.6251 -0.6995
vn -0.3001 -0.6549 -0.6936
vn 0.2060 -0.6835 -0.7003
vn -0.1378 -0.7052 -0.6955
vn 0.3021 -0.6480 -0.6992
vn 0.1641 -0.6946 -0.7004
vn 0.1221 -0.7032 -0.7004
vn -0.0662 -0.7145 -0.6965
vn 0.2550 -0.6681 -0.6990
vn -0.2129 -0.6899 -0.6919
vn 0.0804 -0.7090 -0.7006
vn 0.0397 -0.7122 -0.7008
vn -0.0060 -0.7150 -0.6991
vn 0.2055 -0.6851 -0.6989
vn 0.1544 -0.6983 -0.6989
vn -0.1113 -0.7147 -0.6905
vn 0.1027 -0.7078 -0.6989
vn 0.0509 -0.7132 -0.6991
vn -0.0157 -0.7193 -0.6945
vn -0.0276 0.7109 -0.7028
vn 0.0046 0.7128 -0.7013
vn 0.0442 0.7123 -0.7005
vn -0.0553 0.7094 -0.7027
vn 0.0842 0.7080 -0.7012
vn -0.0832 0.7066 -0.7027
vn -0.1109 0.7028 -0.7027
vn 0.1197 0.7023 -0.7018
vn -0.1386 0.6979 -0.7027
vn -0.1660 0.6918 -0.7027
vn 0.1512 0.6956 -0.7023
vn -0.1930 0.6848 -0.7027
vn -0.2195 0.6767 -0.7028
vn 0.1791 0.6885 -0.7028
vn -0.2452 0.6677 -0.7029
vn -0.2703 0.6580 -0.7029
vn 0.2040 0.6811 -0.7032
vn -0.2945 0.6473 -0.7030
vn 0.2262 0.6736 -0.7036
vn -0.3295 0.6341 -0.6996
vn -0.3644 0.6121 -0.7018
vn 0.2460 0.6663 -0.7039
vn -0.3951 0.5935 -0.7011
vn -0.4289 0.5706 -0.7003
vn 0.2639 0.6591 -0.7042
vn -0.4658 0.5422 -0.6994
vn 0.2799 0.6522 -0.7045
vn -0.5054 0.5069 -0.6983
vn -0.5473 0.4631 -0.6971
vn 0.2944 0.6455 -0.7047
vn -0.5899 0.4095 -0.6959
vn -0.6308 0.3453 -0.6948
vn 0.3159 0.6379 -0.7024
vn -0.6677 0.2702 -0.6937
vn -0.6966 0.1853 -0.6931
vn 0.3411 0.6243 -0.7028
vn -0.7152 0.0939 -0.6926
vn -0.7238 -0.0099 -0.6899
vn -0.7146 -0.1359 -0.6862
vn 0.3668 0.6103 -0.7022
vn -0.6758 -0.2680 -0.6866
vn -0.6156 -0.3839 -0.6882
vn -0.5442 -0.4764 -0.6906
vn 0.3960 0.5927 -0.7014
vn -0.4714 -0.5453 -0.6931
vn -0.4038 -0.5944 -0.6955
vn -0.3440 -0.6287 -0.6975
vn 0.4289 0.5705 -0.7004
vn -0.2923 -0.6526 -0.6991
vn -0.2481 -0.6692 -0.7004
vn -0.2106 -0.6809 -0.7015
vn 0.4660 0.5421 -0.6992
vn -0.1784 -0.6891 -0.7023
vn -0.1609 -0.6892 -0.7065
vn -0.1822 -0.6743 -0.7156
vn -0.2351 -0.6564 -0.7169
vn 0.5073 0.5056 -0.6978
vn -0.2937 -0.6307 -0.7183
vn 0.5524 0.4584 -0.6962
vn -0.3572 -0.5952 -0.7198
vn 0.5997 0.3978 -0.6944
vn -0.4234 -0.5482 -0.7213
vn -0.4894 -0.4883 -0.7225
vn 0.6460 0.3212 -0.6924
vn 0.6865 0.2274 -0.6906
vn -0.5510 -0.4164 -0.7232
vn 0.7147 0.1183 -0.6893
vn -0.6038 -0.3349 -0.7234
vn 0.7205 0.0148 -0.6933
vn -0.6450 -0.2479 -0.7229
vn 0.7140 -0.0614 -0.6974
vn 0.7061 -0.1241 -0.6972
vn -0.6732 -0.1605 -0.7218
vn 0.6922 -0.1870 -0.6971
vn 0.6724 -0.2489 -0.6970
vn -0.6892 -0.0773 -0.7204
vn 0.6472 -0.3080 -0.6973
vn 0.6178 -0.3629 -0.6976
vn -0.7016 -0.0217 -0.7122
vn 0.5849 -0.4131 -0.6980
vn 0.5499 -0.4578 -0.6986
vn 0.5141 -0.4968 -0.6992
vn -0.3275 0.2998 -0.8961
vn 0.5999 -0.3523 -0.7184
vn 0.5574 -0.4130 -0.7202
vn 0.5009 -0.4770 -0.7222
vn 0.4287 -0.5404 -0.7240
vn 0.4784 -0.5307 -0.6997
vn 0.4432 -0.5596 -0.7003
vn 0.4125 -0.5800 -0.7024
vn 0.6310 -0.2973 -0.7166
vn 0.6534 -0.2480 -0.7153
vn 0.6696 -0.2046 -0.7140
vn 0.6810 -0.1669 -0.7130
vn 0.6891 -0.1338 -0.7122
vn 0.6948 -0.1048 -0.7115
vn 0.6987 -0.0795 -0.7109
vn 0.6963 -0.0376 -0.7168
vn 0.2730 0.2944 -0.9158
vn -0.0440 0.7126 -0.7001
vn 0.0171 0.7187 -0.6951
vn 0.0998 0.7133 -0.6937
vn -0.0893 0.7086 -0.6999
vn 0.1732 0.6956 -0.6973
vn -0.1359 0.7015 -0.6996
vn -0.1830 0.6908 -0.6995
vn 0.2258 0.6778 -0.6997
vn -0.0250 0.7108 -0.7029
vn 0.0182 0.7160 -0.6978
vn 0.0898 0.7141 -0.6943
vn -0.2299 0.6767 -0.6994
vn -0.0544 0.7100 -0.7021
vn -0.0901 0.7075 -0.7010
vn 0.1642 0.6985 -0.6965
vn 0.2647 0.6618 -0.7014
vn -0.2760 0.6592 -0.6994
vn -0.1338 0.7020 -0.6995
vn -0.1882 0.6914 -0.6975
vn -0.3205 0.6387 -0.6995
vn 0.2236 0.6799 -0.6984
vn 0.2942 0.6480 -0.7026
vn -0.2563 0.6719 -0.6949
vn -0.3631 0.6155 -0.6996
vn -0.3403 0.6372 -0.6915
vn 0.2711 0.6608 -0.6999
vn -0.4030 0.5898 -0.6998
vn 0.3173 0.6360 -0.7034
vn -0.4405 0.5775 -0.6873
vn -0.4399 0.5625 -0.7000
vn -0.5495 0.4809 -0.6832
vn 0.3359 0.6257 -0.7041
vn -0.4738 0.5339 -0.7003
vn 0.3093 0.6425 -0.7011
vn -0.6481 0.3419 -0.6804
vn -0.4848 0.5146 -0.7072
vn -0.7122 0.1729 -0.6803
vn 0.3510 0.6167 -0.7046
vn -0.4640 0.5242 -0.7140
vn 0.3404 0.6255 -0.7020
vn -0.7293 0.0064 -0.6842
vn -0.4310 0.5516 -0.7141
vn 0.3636 0.6090 -0.7050
vn -0.7135 -0.1332 -0.6879
vn -0.3963 0.5771 -0.7141
vn -0.6801 -0.2454 -0.6908
vn 0.3660 0.6100 -0.7028
vn -0.3603 0.6003 -0.7140
vn -0.6386 -0.3330 -0.6938
vn 0.3742 0.6022 -0.7052
vn -0.3233 0.6211 -0.7139
vn -0.5964 -0.3996 -0.6962
vn -0.2858 0.6394 -0.7138
vn -0.5568 -0.4499 -0.6982
vn -0.2484 0.6551 -0.7136
vn -0.2112 0.6681 -0.7134
vn 0.3833 0.5961 -0.7055
vn -0.5214 -0.4884 -0.6998
vn 0.3874 0.5960 -0.7034
vn -0.1747 0.6789 -0.7131
vn -0.1394 0.6873 -0.7129
vn -0.4903 -0.5177 -0.7011
vn -0.1052 0.6937 -0.7126
vn -0.0689 0.6973 -0.7134
vn -0.0494 0.7052 -0.7073
vn -0.4633 -0.5409 -0.7020
vn -0.0486 0.7053 -0.7072
vn -0.0478 0.7054 -0.7072
vn -0.0470 0.7054 -0.7072
vn 0.3910 0.5908 -0.7057
vn -0.0463 0.7055 -0.7072
vn -0.4397 -0.5592 -0.7028
vn -0.0457 0.7055 -0.7072
vn -0.0451 0.7056 -0.7072
vn -0.0445 0.7056 -0.7072
vn 0.4053 0.5833 -0.7039
vn -0.0440 0.7057 -0.7072
vn -0.4191 -0.5741 -0.7034
vn -0.0435 0.7057 -0.7072
vn -0.0430 0.7057 -0.7072
vn -0.0419 0.7056 -0.7074
vn -0.0412 0.7059 -0.7071
vn -0.4010 -0.5862 -0.7039
vn 0.4052 0.5839 -0.7035
vn -0.0414 0.7059 -0.7071
vn -0.0417 0.7059 -0.7071
vn -0.3983 -0.5798 -0.7108
vn -0.0420 0.7059 -0.7070
vn -0.0424 0.7059 -0.7070
vn -0.0429 0.7059 -0.7070
vn -0.4233 -0.5573 -0.7143
vn -0.0436 0.7059 -0.7070
vn 0.4206 0.5719 -0.7043
vn -0.0446 0.7059 -0.7069
vn -0.0462 0.7059 -0.7068
vn 0.4253 0.5701 -0.7030
vn -0.0492 0.7060 -0.7065
vn -0.0564 0.7065 -0.7055
vn -0.4582 -0.5286 -0.7146
vn 0.4479 0.5532 -0.7024
vn -0.0570 0.7050 -0.7069
vn -0.0581 0.7049 -0.7069
vn -0.0590 0.7048 -0.7070
vn 0.4338 0.5615 -0.7046
vn -0.0598 0.7047 -0.7070
vn -0.0604 0.7046 -0.7070
vn -0.0610 0.7046 -0.7070
vn -0.0615 0.7045 -0.7070
vn -0.0620 0.7045 -0.7070
vn -0.0623 0.7044 -0.7070
vn -0.4926 -0.4961 -0.7150
vn 0.4736 0.5325 -0.7015
vn -0.0627 0.7044 -0.7070
vn -0.0630 0.7043 -0.7071
vn -0.0640 0.7045 -0.7068
vn -0.0648 0.7042 -0.7071
vn -0.0650 0.7041 -0.7071
vn -0.0651 0.7041 -0.7071
vn -0.0652 0.7041 -0.7071
vn 0.5025 0.5067 -0.7005
vn 0.1778 0.5758 -0.7980
vn -0.0653 0.7041 -0.7071
vn -0.0655 0.7041 -0.7071
vn -0.5261 -0.4601 -0.7153
vn -0.0657 0.7041 -0.7071
vn -0.0659 0.7041 -0.7071
vn -0.0661 0.7041 -0.7071
vn -0.0664 0.7040 -0.7071
vn -0.0667 0.7040 -0.7070
vn -0.0688 0.7043 -0.7065
vn 0.5349 0.4740 -0.6994
vn -0.0693 0.7033 -0.7075
vn -0.0667 0.7035 -0.7075
vn -0.0643 0.7038 -0.7075
vn -0.0622 0.7040 -0.7074
vn -0.0600 0.7042 -0.7074
vn -0.0581 0.7044 -0.7074
vn -0.0563 0.7046 -0.7074
vn -0.0546 0.7047 -0.7074
vn -0.5579 -0.4206 -0.7155
vn -0.0529 0.7049 -0.7073
vn -0.0515 0.7050 -0.7073
vn -0.0500 0.7051 -0.7073
vn 0.5710 0.4325 -0.6978
vn 0.6097 0.3792 -0.6960
vn -0.5873 -0.3781 -0.7156
vn 0.6494 0.3110 -0.6939
vn -0.6139 -0.3332 -0.7157
vn 0.6863 0.2249 -0.6917
vn -0.0045 -0.7042 -0.7100
vn -0.0289 -0.7015 -0.7121
vn 0.7143 0.1198 -0.6895
vn 0.0084 -0.7058 -0.7083
vn -0.0630 -0.6982 -0.7132
vn 0.0152 -0.7060 -0.7081
vn -0.1037 -0.6920 -0.7144
vn 0.0206 -0.7060 -0.7079
vn -0.1528 -0.6810 -0.7162
vn 0.0251 -0.7060 -0.7077
vn -0.2123 -0.6624 -0.7184
vn 0.0289 -0.7060 -0.7077
vn -0.2835 -0.6320 -0.7213
vn 0.0320 -0.7059 -0.7076
vn -0.3663 -0.5835 -0.7248
vn -0.6371 -0.2865 -0.7156
vn 0.0348 -0.7059 -0.7075
vn -0.4570 -0.5102 -0.7286
vn -0.5462 -0.4075 -0.7318
vn 0.0371 -0.7058 -0.7075
vn 0.7216 0.0132 -0.6922
vn -0.6203 -0.2791 -0.7330
vn 0.0392 -0.7057 -0.7074
vn -0.6672 -0.1381 -0.7320
vn 0.0410 -0.7056 -0.7074
vn -0.6930 -0.0271 -0.7204
vn 0.0426 -0.7056 -0.7073
vn -0.7027 0.0255 -0.7110
vn 0.7149 -0.0737 -0.6953
vn -0.7022 0.0478 -0.7104
vn 0.0454 -0.7050 -0.7078
vn -0.7012 0.0664 -0.7098
vn -0.6999 0.0822 -0.7094
vn -0.6987 0.0954 -0.7090
vn 0.0495 -0.7047 -0.7077
vn -0.6970 0.1071 -0.7090
vn -0.6566 -0.2389 -0.7154
vn 0.7033 -0.1530 -0.6943
vn -0.6959 0.1174 -0.7085
vn -0.6943 0.1262 -0.7085
vn 0.0534 -0.7045 -0.7077
vn -0.6930 0.1342 -0.7083
vn -0.6919 0.1409 -0.7081
vn 0.0572 -0.7042 -0.7077
vn 0.6807 -0.2359 -0.6935
vn -0.6905 0.1473 -0.7082
vn -0.6793 0.1700 -0.7139
vn 0.0610 -0.7039 -0.7077
vn -0.6754 0.1998 -0.7099
vn 0.6464 -0.3190 -0.6931
vn 0.0646 -0.7036 -0.7077
vn -0.6723 -0.1912 -0.7152
vn 0.0682 -0.7032 -0.7077
vn 0.6009 -0.3981 -0.6931
vn 0.0717 -0.7029 -0.7077
vn 0.5464 -0.4695 -0.6936
vn 0.0751 -0.7026 -0.7076
vn 0.4864 -0.5303 -0.6944
vn 0.4244 -0.5800 -0.6954
vn 0.0784 -0.7022 -0.7076
vn -0.6843 -0.1440 -0.7149
vn 0.3634 -0.6187 -0.6965
vn 0.0817 -0.7019 -0.7076
vn 0.3057 -0.6479 -0.6977
vn 0.2525 -0.6693 -0.6987
vn 0.0849 -0.7015 -0.7076
vn 0.2376 -0.6607 -0.7121
vn 0.2706 -0.6460 -0.7138
vn 0.3402 -0.2867 -0.8956
vn 0.3091 -0.6279 -0.7142
vn -0.6898 -0.0838 -0.7191
vn 0.3490 -0.6061 -0.7148
vn 0.7060 0.0344 -0.7074
vn 0.3897 -0.5803 -0.7151
vn -0.6704 0.2163 -0.7098
vn 0.4303 -0.5503 -0.7156
vn 0.4704 -0.5160 -0.7158
vn 0.5089 -0.4778 -0.7161
vn -0.7051 -0.0468 -0.7076
vn 0.5450 -0.4360 -0.7162
vn 0.5780 -0.3912 -0.7162
vn 0.7059 0.0363 -0.7074
vn 0.6072 -0.3444 -0.7160
vn 0.6322 -0.2963 -0.7159
vn 0.6522 -0.2656 -0.7100
vn 0.6579 -0.2639 -0.7053
vn 0.7058 0.0379 -0.7073
vn -0.6651 0.2321 -0.7097
vn -0.7053 -0.0437 -0.7076
vn 0.7058 0.0394 -0.7073
vn -0.7054 -0.0404 -0.7076
vn -0.6597 0.2473 -0.7096
vn 0.7057 0.0407 -0.7073
vn 0.6537 -0.2743 -0.7053
vn -0.7056 -0.0369 -0.7077
vn 0.7057 0.0419 -0.7073
vn -0.6542 0.2619 -0.7096
vn -0.7057 -0.0333 -0.7077
vn 0.7056 0.0430 -0.7073
vn 0.6492 -0.2851 -0.7052
vn -0.7059 -0.0294 -0.7078
vn 0.7056 0.0440 -0.7073
vn -0.6485 0.2759 -0.7095
vn -0.7060 -0.0252 -0.7078
vn 0.7055 0.0449 -0.7072
vn 0.6442 -0.2962 -0.7051
vn -0.7061 -0.0208 -0.7078
vn -0.6427 0.2893 -0.7094
vn 0.7055 0.0458 -0.7072
vn -0.7061 -0.0161 -0.7079
vn -0.6368 0.3021 -0.7093
vn -0.7062 -0.0111 -0.7079
vn 0.7055 0.0465 -0.7072
vn 0.6389 -0.3077 -0.7051
vn -0.7062 -0.0057 -0.7080
vn 0.7059 0.0461 -0.7068
vn -0.6309 0.3144 -0.7093
vn -0.7064 -0.0009 -0.7078
vn 0.6332 -0.3195 -0.7050
vn -0.7067 0.0025 -0.7075
vn 0.7060 0.0444 -0.7068
vn -0.7066 0.0053 -0.7076
vn -0.7065 0.0086 -0.7077
vn -0.6250 0.3262 -0.7092
vn 0.7062 0.0424 -0.7068
vn -0.7063 0.0124 -0.7078
vn -0.7060 0.0172 -0.7080
vn 0.7063 0.0403 -0.7068
vn 0.6270 -0.3317 -0.7049
vn -0.7057 0.0229 -0.7081
vn -0.7051 0.0301 -0.7084
vn 0.7065 0.0380 -0.7067
vn -0.7043 0.0395 -0.7088
vn -0.7028 0.0521 -0.7095
vn -0.7002 0.0698 -0.7105
vn -0.6191 0.3375 -0.7091
vn 0.7067 0.0354 -0.7067
vn -0.6951 0.0965 -0.7124
vn -0.6852 0.1371 -0.7153
vn -0.6923 0.1563 -0.7045
vn -0.6955 0.1406 -0.7046
vn -0.6985 0.1252 -0.7046
vn 0.7069 0.0323 -0.7066
vn -0.7009 0.1099 -0.7047
vn -0.7030 0.0952 -0.7048
vn -0.7048 0.0806 -0.7048
vn -0.7062 0.0663 -0.7049
vn 0.7071 0.0288 -0.7065
vn 0.6203 -0.3442 -0.7048
vn -0.7073 0.0525 -0.7050
vn -0.7082 0.0389 -0.7050
vn -0.7087 0.0255 -0.7050
vn -0.7090 0.0126 -0.7051
vn 0.7073 0.0249 -0.7064
vn -0.7120 -0.0097 -0.7021
vn -0.7131 -0.0511 -0.6992
vn -0.6111 0.3502 -0.7099
vn 0.7076 0.0202 -0.7063
vn -0.7076 -0.1009 -0.6994
vn -0.6988 -0.1484 -0.6997
vn 0.7079 0.0146 -0.7062
vn -0.6875 -0.1930 -0.7001
vn -0.6740 -0.2347 -0.7004
vn 0.7083 0.0079 -0.7059
vn -0.6589 -0.2734 -0.7008
vn 0.6130 -0.3571 -0.7047
vn 0.7109 -0.0080 -0.7033
vn -0.6426 -0.3087 -0.7012
vn 0.7129 -0.0432 -0.6999
vn -0.6257 -0.3410 -0.7016
vn -0.6084 -0.3702 -0.7020
vn -0.5997 0.3674 -0.7109
vn 0.7094 -0.0937 -0.6985
vn -0.5911 -0.3967 -0.7023
vn -0.5739 -0.4205 -0.7027
vn 0.7006 -0.1537 -0.6968
vn -0.5635 -0.4247 -0.7085
vn 0.6832 -0.2244 -0.6949
vn -0.5599 -0.4422 -0.7006
vn -0.5326 -0.4757 -0.7001
vn 0.6052 -0.3704 -0.7046
vn 0.6531 -0.3061 -0.6926
vn -0.5005 -0.5102 -0.6995
vn 0.6051 -0.3965 -0.6904
vn -0.4631 -0.5452 -0.6988
vn 0.5350 -0.4897 -0.6884
vn -0.4200 -0.5798 -0.6982
vn -0.3711 -0.6128 -0.6977
vn 0.4418 -0.5765 -0.6873
vn -0.3169 -0.6430 -0.6973
vn 0.3313 -0.6462 -0.6875
vn -0.2578 -0.6692 -0.6969
vn 0.2142 -0.6927 -0.6887
vn -0.1949 -0.6903 -0.6968
vn -0.1299 -0.7054 -0.6968
vn 0.1018 -0.7159 -0.6907
vn -0.0645 -0.7141 -0.6970
vn 0.0080 -0.7192 -0.6948
vn -0.5867 0.3876 -0.7110
vn 0.5968 -0.3840 -0.7045
vn 0.5862 -0.4028 -0.7029
vn -0.5727 0.4079 -0.7111
vn 0.5712 -0.4230 -0.7034
vn -0.5576 0.4281 -0.7112
vn 0.5568 -0.4421 -0.7033
vn -0.5416 0.4480 -0.7113
vn 0.5412 -0.4612 -0.7032
vn -0.5246 0.4677 -0.7113
vn 0.5244 -0.4803 -0.7030
vn -0.5067 0.4871 -0.7114
vn 0.5065 -0.4994 -0.7029
vn 0.4873 -0.5182 -0.7028
vn -0.4878 0.5059 -0.7114
vn 0.4669 -0.5368 -0.7027
vn -0.4681 0.5242 -0.7115
vn 0.4454 -0.5549 -0.7026
vn -0.4476 0.5418 -0.7115
vn 0.4228 -0.5724 -0.7026
vn -0.4264 0.5586 -0.7115
vn 0.3991 -0.5892 -0.7025
vn -0.4131 0.5719 -0.7087
vn 0.3745 -0.6052 -0.7025
vn -0.4253 0.5710 -0.7022
vn -0.4515 0.5511 -0.7017
vn -0.4802 0.5274 -0.7009
vn -0.5110 0.4986 -0.7002
vn 0.3379 -0.6316 -0.6977
vn -0.5437 0.4642 -0.6992
vn -0.5777 0.4227 -0.6983
vn -0.6122 0.3730 -0.6972
vn -0.6453 0.3145 -0.6962
vn -0.6752 0.2467 -0.6952
vn -0.6991 0.1703 -0.6944
vn -0.7149 0.0871 -0.6938
vn -0.7178 0.0084 -0.6962
vn -0.7141 -0.0572 -0.6977
vn -0.7074 -0.1235 -0.6959
vn -0.6914 -0.2005 -0.6941
vn 0.3048 -0.6391 -0.7062
vn -0.6622 -0.2872 -0.6921
vn 0.2992 -0.6419 -0.7060
vn -0.6154 -0.3804 -0.6903
vn 0.2926 -0.6451 -0.7058
vn 0.2847 -0.6489 -0.7056
vn -0.5484 -0.4738 -0.6890
vn 0.2750 -0.6534 -0.7053
vn -0.4627 -0.5582 -0.6888
vn 0.2631 -0.6588 -0.7048
vn -0.3644 -0.6263 -0.6892
vn 0.2479 -0.6654 -0.7041
vn -0.2621 -0.6739 -0.6907
vn 0.2277 -0.6735 -0.7032
vn 0.2002 -0.6837 -0.7017
vn -0.1647 -0.7023 -0.6925
vn 0.1601 -0.6966 -0.6994
vn -0.0771 -0.7153 -0.6945
vn 0.0977 -0.7123 -0.6950
vn 0.0112 -0.7213 -0.6926
vn -0.0908 0.7143 -0.6939
vn 0.0016 0.7220 -0.6919
vn 0.0914 0.7135 -0.6947
vn -0.1678 0.6981 -0.6961
vn 0.1599 0.6981 -0.6979
vn -0.2307 0.6782 -0.6977
vn 0.2098 0.6826 -0.7001
vn -0.2820 0.6569 -0.6992
vn -0.0831 0.7156 -0.6936
vn 0.0114 0.7221 -0.6917
vn 0.1182 0.7142 -0.6899
vn 0.2192 0.6874 -0.6924
vn -0.1768 0.7003 -0.6916
vn 0.2471 0.6683 -0.7016
vn 0.3005 0.6534 -0.6948
vn -0.2796 0.6679 -0.6898
vn -0.3237 0.6361 -0.7004
vn 0.3648 0.6176 -0.6968
vn -0.3848 0.6145 -0.6887
vn 0.4149 0.5830 -0.6986
vn 0.2760 0.6558 -0.7027
vn -0.3576 0.6165 -0.7015
vn -0.4828 0.5412 -0.6885
vn 0.4542 0.5512 -0.6999
vn -0.3857 0.5984 -0.7022
vn -0.5651 0.4534 -0.6893
vn 0.4850 0.5226 -0.7012
vn 0.2988 0.6448 -0.7035
vn -0.6269 0.3600 -0.6909
vn 0.5098 0.4973 -0.7020
vn -0.4092 0.5818 -0.7029
vn 0.3171 0.6353 -0.7042
vn 0.5298 0.4747 -0.7028
vn -0.6689 0.2693 -0.6928
vn -0.4289 0.5668 -0.7035
vn 0.5463 0.4549 -0.7033
vn -0.6944 0.1868 -0.6949
vn 0.3323 0.6270 -0.7046
vn -0.4456 0.5531 -0.7039
vn 0.5599 0.4372 -0.7039
vn -0.7081 0.1148 -0.6967
vn 0.3450 0.6197 -0.7050
vn -0.4600 0.5407 -0.7043
vn 0.5676 0.4242 -0.7056
vn -0.7138 0.0531 -0.6983
vn 0.5512 0.4320 -0.7139
vn -0.4477 0.5399 -0.7128
vn 0.3557 0.6133 -0.7053
vn -0.7147 0.0003 -0.6995
vn -0.4157 0.5631 -0.7142
vn -0.7131 -0.0490 -0.6994
vn 0.3648 0.6076 -0.7055
vn -0.3802 0.5879 -0.7140
vn -0.3448 0.6097 -0.7137
vn 0.5228 0.4650 -0.7145
vn -0.3102 0.6285 -0.7133
vn 0.3869 0.5987 -0.7013
vn -0.2766 0.6444 -0.7130
vn -0.2439 0.6577 -0.7127
vn -0.7080 -0.0985 -0.6993
vn -0.2127 0.6689 -0.7123
vn 0.4113 0.5799 -0.7032
vn 0.4898 0.4987 -0.7151
vn -0.1831 0.6779 -0.7119
vn -0.1550 0.6852 -0.7116
vn -0.1285 0.6910 -0.7113
vn -0.1035 0.6955 -0.7111
vn -0.0744 0.6976 -0.7126
vn 0.4331 0.5646 -0.7026
vn -0.0592 0.7050 -0.7067
vn -0.0616 0.7048 -0.7068
vn -0.0635 0.7045 -0.7068
vn -0.0652 0.7044 -0.7068
vn -0.0666 0.7041 -0.7069
vn 0.4516 0.5327 -0.7157
vn -0.0678 0.7041 -0.7069
vn -0.6994 -0.1480 -0.6992
vn -0.0689 0.7039 -0.7070
vn -0.0699 0.7038 -0.7070
vn -0.0707 0.7037 -0.7070
vn -0.0714 0.7036 -0.7070
vn 0.4574 0.5459 -0.7020
vn -0.0722 0.7035 -0.7070
vn -0.0687 0.7026 -0.7083
vn -0.0653 0.7042 -0.7070
vn 0.4081 0.5660 -0.7163
vn -0.0658 0.7041 -0.7070
vn -0.0665 0.7041 -0.7070
vn 0.4846 0.5231 -0.7011
vn -0.0671 0.7040 -0.7070
vn -0.0677 0.7040 -0.7070
vn -0.6872 -0.1968 -0.6993
vn -0.0685 0.7039 -0.7070
vn -0.0694 0.7039 -0.7069
vn 0.3593 0.5975 -0.7169
vn -0.0704 0.7037 -0.7070
vn -0.0715 0.7037 -0.7069
vn 0.5147 0.4948 -0.7002
vn -0.0728 0.7036 -0.7069
vn -0.0743 0.7034 -0.7069
vn -0.0668 0.7014 -0.7097
vn -0.0584 0.7045 -0.7073
vn 0.3055 0.6262 -0.7173
vn -0.0570 0.7046 -0.7073
vn 0.5479 0.4596 -0.6990
vn -0.6717 -0.2442 -0.6994
vn -0.0554 0.7046 -0.7074
vn 0.2476 0.6510 -0.7175
vn -0.0535 0.7048 -0.7074
vn 0.5838 0.4155 -0.6976
vn -0.0513 0.7049 -0.7075
vn 0.1867 0.6709 -0.7177
vn -0.0485 0.7050 -0.7076
vn -0.0451 0.7051 -0.7077
vn 0.1242 0.6853 -0.7176
vn -0.0409 0.7052 -0.7079
vn 0.6212 0.3602 -0.6960
vn -0.6533 -0.2895 -0.6996
vn -0.0353 0.7052 -0.7081
vn 0.0616 0.6940 -0.7173
vn -0.0275 0.7051 -0.7085
vn -0.0163 0.7048 -0.7093
vn 0.0105 0.7005 -0.7136
vn 0.6581 0.2915 -0.6943
vn -0.6324 -0.3322 -0.6998
vn 0.6910 0.2078 -0.6924
vn 0.7147 0.1092 -0.6909
vn -0.6095 -0.3720 -0.7001
vn 0.7237 0.0004 -0.6901
vn 0.7148 -0.1084 -0.6909
vn 0.6912 -0.2076 -0.6922
vn -0.5852 -0.4085 -0.7004
vn 0.6577 -0.2933 -0.6938
vn 0.6192 -0.3644 -0.6955
vn -0.5601 -0.4418 -0.7008
vn 0.5797 -0.4218 -0.6971
vn -0.2804 -0.2490 -0.9270
vn 0.5415 -0.4678 -0.6985
vn 0.0347 -0.7045 -0.7089
vn -0.6973 0.1140 -0.7076
vn 0.5057 -0.5045 -0.6998
vn 0.0452 -0.7041 -0.7087
vn -0.5346 -0.4719 -0.7011
vn 0.0545 -0.7036 -0.7085
vn 0.0628 -0.7030 -0.7084
vn 0.4732 -0.5338 -0.7008
vn 0.0704 -0.7024 -0.7083
vn 0.4439 -0.5574 -0.7017
vn 0.0772 -0.7018 -0.7081
vn -0.5092 -0.4985 -0.7016
vn 0.0834 -0.7012 -0.7081
vn 0.4175 -0.5765 -0.7023
vn 0.0891 -0.7006 -0.7080
vn 0.3939 -0.5922 -0.7030
vn 0.0943 -0.7000 -0.7079
vn -0.4873 -0.5171 -0.7036
vn 0.3966 -0.5757 -0.7151
vn 0.0991 -0.6994 -0.7078
vn 0.4376 -0.5439 -0.7161
vn 0.4785 -0.5087 -0.7158
vn 0.1035 -0.6988 -0.7078
vn -0.4704 -0.5331 -0.7032
vn 0.5153 -0.4718 -0.7154
vn 0.1102 -0.6970 -0.7086
vn 0.5480 -0.4340 -0.7151
vn -0.4507 -0.5505 -0.7027
vn 0.5766 -0.3961 -0.7146
vn 0.1165 -0.6969 -0.7076
vn 0.1199 -0.6963 -0.7077
vn 0.6011 -0.3587 -0.7141
vn 0.1237 -0.6956 -0.7077
vn -0.6968 0.1173 -0.7076
vn -0.4275 -0.5695 -0.7021
vn 0.1279 -0.6947 -0.7079
vn 0.6219 -0.3225 -0.7136
vn 0.1329 -0.6936 -0.7080
vn 0.1386 -0.6923 -0.7081
vn -0.4001 -0.5899 -0.7014
vn 0.6392 -0.2877 -0.7132
vn 0.1453 -0.6908 -0.7083
vn 0.1533 -0.6888 -0.7086
vn 0.1630 -0.6863 -0.7089
vn 0.6536 -0.2546 -0.7127
vn -0.3675 -0.6117 -0.7006
vn 0.1748 -0.6829 -0.7093
vn 0.1899 -0.6782 -0.7100
vn 0.2075 -0.6727 -0.7102
vn -0.3287 -0.6344 -0.6996
vn 0.6654 -0.2233 -0.7123
vn 0.2172 -0.6731 -0.7070
vn 0.2161 -0.6735 -0.7069
vn -0.2823 -0.6576 -0.6985
vn 0.2146 -0.6740 -0.7069
vn 0.6750 -0.1938 -0.7119
vn 0.2130 -0.6746 -0.7068
vn -0.2269 -0.6800 -0.6972
vn 0.2108 -0.6754 -0.7067
vn 0.2080 -0.6764 -0.7066
vn -0.1615 -0.6998 -0.6959
vn 0.2041 -0.6778 -0.7064
vn 0.1985 -0.6799 -0.7060
vn 0.6831 -0.1720 -0.7098
vn -0.0853 -0.7145 -0.6944
vn 0.1899 -0.6830 -0.7053
vn 0.1738 -0.6892 -0.7034
vn 0.0295 -0.7280 -0.6849
vn 0.1330 -0.7043 -0.6973
vn 0.6877 -0.1648 -0.7070
vn -0.6962 0.1207 -0.7077
vn -0.6955 0.1242 -0.7077
vn 0.6876 -0.1652 -0.7070
vn -0.6949 0.1277 -0.7077
vn 0.6875 -0.1657 -0.7070
vn -0.6942 0.1314 -0.7077
vn 0.6874 -0.1663 -0.7070
vn -0.6935 0.1351 -0.7077
vn 0.6872 -0.1670 -0.7070
vn -0.6927 0.1390 -0.7077
vn 0.6871 -0.1678 -0.7070
vn -0.6919 0.1429 -0.7077
vn 0.6869 -0.1687 -0.7069
vn 0.6866 -0.1699 -0.7069
vn -0.6910 0.1469 -0.7078
vn 0.6863 -0.1713 -0.7068
vn -0.6901 0.1511 -0.7078
vn 0.6859 -0.1732 -0.7068
vn -0.0230 0.7104 -0.7034
vn 0.0080 0.7130 -0.7011
vn 0.0527 0.7130 -0.6992
vn -0.0471 0.7094 -0.7032
vn 0.1009 0.7071 -0.6999
vn -0.0718 0.7074 -0.7032
vn -0.0973 0.7045 -0.7030
vn 0.1439 0.6989 -0.7006
vn -0.1236 0.7005 -0.7029
vn -0.1504 0.6954 -0.7027
vn 0.1821 0.6893 -0.7012
vn -0.1780 0.6890 -0.7026
vn -0.2057 0.6812 -0.7026
vn 0.2160 0.6788 -0.7018
vn -0.2339 0.6723 -0.7023
vn -0.2622 0.6617 -0.7024
vn 0.2461 0.6679 -0.7023
vn -0.2904 0.6500 -0.7022
vn 0.6854 -0.1757 -0.7066
vn -0.3284 0.6350 -0.6992
vn 0.2728 0.6570 -0.7028
vn -0.3351 0.6185 -0.7108
vn -0.3263 0.3748 -0.8678
vn 0.2964 0.6462 -0.7032
vn -0.3143 0.6291 -0.7110
vn 0.3175 0.6357 -0.7036
vn -0.1548 0.7140 -0.6828
vn -0.0261 0.7208 -0.6927
vn 0.0435 0.7128 -0.7001
vn 0.0898 0.7088 -0.6997
vn -0.3114 0.6615 -0.6822
vn 0.1386 0.7014 -0.6992
vn -0.2921 0.6395 -0.7111
vn 0.1897 0.6898 -0.6988
vn -0.4490 0.5754 -0.6836
vn 0.2421 0.6735 -0.6984
vn -0.5521 0.4725 -0.6870
vn 0.2949 0.6524 -0.6982
vn -0.2684 0.6495 -0.7114
vn 0.3364 0.6256 -0.7039
vn 0.3469 0.6265 -0.6980
vn -0.6204 0.3720 -0.6905
vn 0.3972 0.5959 -0.6979
vn -0.6620 0.2834 -0.6938
vn -0.2430 0.6592 -0.7116
vn 0.4446 0.5613 -0.6981
vn 0.3533 0.6159 -0.7042
vn 0.4882 0.5235 -0.6983
vn -0.2160 0.6683 -0.7118
vn -0.6861 0.2099 -0.6966
vn 0.5275 0.4835 -0.6985
vn -0.1874 0.6767 -0.7120
vn 0.2692 0.2197 -0.9377
vn -0.6996 0.1499 -0.6986
vn -0.1572 0.6841 -0.7122
vn 0.5405 0.4566 -0.7067
vn 0.3714 0.6059 -0.7035
vn -0.1254 0.6904 -0.7125
vn 0.5312 0.4614 -0.7106
vn -0.0921 0.6955 -0.7126
vn -0.7067 0.1011 -0.7003
vn -0.0575 0.6990 -0.7128
vn -0.0386 0.7055 -0.7076
vn -0.0370 0.7061 -0.7071
vn -0.0368 0.7061 -0.7071
vn 0.3952 0.5924 -0.7020
vn -0.0367 0.7061 -0.7071
vn -0.0366 0.7061 -0.7071
vn -0.0365 0.7061 -0.7071
vn -0.7101 0.0611 -0.7014
vn -0.0365 0.7062 -0.7071
vn -0.0364 0.7062 -0.7071
vn -0.0363 0.7062 -0.7071
vn -0.7112 0.0281 -0.7024
vn 0.4236 0.5732 -0.7014
vn 0.5153 0.4784 -0.7111
vn -0.7151 -0.0131 -0.6989
vn 0.4546 0.5499 -0.7007
vn -0.0565 0.7048 -0.7072
vn -0.0561 0.7048 -0.7071
vn -0.0559 0.7048 -0.7072
vn -0.7144 -0.0772 -0.6955
vn -0.0557 0.7049 -0.7071
vn 0.4964 0.4971 -0.7117
vn -0.0556 0.7049 -0.7071
vn 0.4882 0.5214 -0.6998
vn -0.0555 0.7049 -0.7071
vn -0.0554 0.7049 -0.7071
vn -0.0553 0.7049 -0.7071
vn -0.7021 -0.1482 -0.6965
vn 0.5243 0.4866 -0.6988
vn 0.4738 0.5177 -0.7124
vn -0.0552 0.7049 -0.7071
vn -0.0553 0.7050 -0.7071
vn 0.5621 0.4441 -0.6977
vn -0.6847 -0.2113 -0.6975
vn 0.4464 0.5403 -0.7133
vn -0.0556 0.7050 -0.7070
vn -0.0561 0.7050 -0.7070
vn 0.6004 0.3927 -0.6966
vn -0.0567 0.7049 -0.7070
vn 0.4131 0.5649 -0.7144
vn -0.0573 0.7049 -0.7070
vn -0.6642 -0.2664 -0.6985
vn -0.0580 0.7048 -0.7070
vn 0.6376 0.3314 -0.6955
vn -0.0587 0.7048 -0.7070
vn 0.3723 0.5910 -0.7156
vn -0.0596 0.7047 -0.7070
vn -0.0604 0.7047 -0.7070
vn -0.0615 0.7046 -0.7069
vn -0.6420 -0.3140 -0.6994
vn 0.6709 0.2599 -0.6945
vn 0.3223 0.6179 -0.7172
vn -0.0626 0.7045 -0.7069
vn -0.0639 0.7044 -0.7069
vn -0.0762 0.7066 -0.7035
vn 0.2609 0.6442 -0.7190
vn -0.0825 0.7008 -0.7085
vn 0.6978 0.1790 -0.6936
vn -0.0739 0.7019 -0.7084
vn -0.0656 0.7027 -0.7084
vn 0.1867 0.6674 -0.7209
vn -0.0574 0.7035 -0.7084
vn -0.6195 -0.3548 -0.7003
vn -0.0495 0.7041 -0.7083
vn -0.0419 0.7047 -0.7083
vn 0.0988 0.6838 -0.7230
vn -0.0344 0.7051 -0.7083
vn -0.0271 0.7054 -0.7083
vn -0.0201 0.7057 -0.7082
vn 0.0244 0.6976 -0.7161
vn -0.0132 0.7059 -0.7082
vn -0.0065 0.7060 -0.7082
vn 0.7150 0.0912 -0.6932
vn -0.5973 -0.3896 -0.7010
vn 0.7195 0.0046 -0.6944
vn 0.7153 -0.0779 -0.6944
vn -0.5759 -0.4194 -0.7017
vn 0.7021 -0.1662 -0.6924
vn 0.6732 -0.2644 -0.6905
vn -0.5558 -0.4449 -0.7022
vn 0.0035 -0.7066 -0.7076
vn -0.0017 -0.7060 -0.7082
vn -0.0095 -0.7056 -0.7085
vn 0.6248 -0.3669 -0.6892
vn 0.0069 -0.7065 -0.7077
vn -0.0178 -0.7057 -0.7083
vn 0.0103 -0.7065 -0.7076
vn -0.0250 -0.7056 -0.7082
vn 0.0137 -0.7064 -0.7076
vn -0.0313 -0.7055 -0.7080
vn 0.0170 -0.7064 -0.7076
vn -0.0367 -0.7053 -0.7079
vn 0.0202 -0.7063 -0.7076
vn 0.0235 -0.7062 -0.7076
vn -0.0416 -0.7051 -0.7078
vn 0.5561 -0.4654 -0.6886
vn 0.0267 -0.7061 -0.7076
vn -0.0459 -0.7050 -0.7078
vn 0.0298 -0.7060 -0.7076
vn -0.0498 -0.7048 -0.7077
vn 0.0329 -0.7059 -0.7076
vn -0.5368 -0.4669 -0.7028
vn -0.0534 -0.7046 -0.7076
vn 0.0359 -0.7057 -0.7076
vn 0.4710 -0.5507 -0.6891
vn 0.0384 -0.7058 -0.7074
vn -0.0566 -0.7044 -0.7076
vn 0.0428 -0.7047 -0.7082
vn -0.0594 -0.7042 -0.7075
vn 0.3778 -0.6170 -0.6904
vn 0.0496 -0.7043 -0.7081
vn -0.0821 -0.6951 -0.7142
vn 0.0557 -0.7040 -0.7081
vn 0.2848 -0.6631 -0.6922
vn -0.1024 -0.7005 -0.7063
vn -0.0969 -0.7014 -0.7062
vn -0.0909 -0.7022 -0.7061
vn 0.1986 -0.6919 -0.6942
vn 0.0614 -0.7036 -0.7080
vn -0.0844 -0.7032 -0.7060
vn -0.0772 -0.7041 -0.7059
vn -0.5191 -0.4858 -0.7033
vn 0.1223 -0.7075 -0.6961
vn -0.0692 -0.7050 -0.7058
vn -0.0605 -0.7060 -0.7057
vn -0.0510 -0.7069 -0.7055
vn 0.0567 -0.7141 -0.6977
vn 0.0666 -0.7032 -0.7079
vn -0.0403 -0.7078 -0.7053
vn -0.0284 -0.7085 -0.7051
vn 0.0093 -0.7124 -0.7017
vn -0.0149 -0.7092 -0.7048
vn 0.0714 -0.7027 -0.7079
vn 0.0759 -0.7023 -0.7078
vn -0.5024 -0.5027 -0.7035
vn 0.0800 -0.7019 -0.7077
vn 0.0839 -0.7015 -0.7077
vn -0.4852 -0.5198 -0.7031
vn 0.0875 -0.7011 -0.7077
vn 0.0909 -0.7007 -0.7076
vn -0.4655 -0.5381 -0.7026
vn 0.0986 -0.6981 -0.7091
vn -0.4428 -0.5576 -0.7021
vn 0.1124 -0.6956 -0.7096
vn 0.1282 -0.6927 -0.7098
vn 0.1451 -0.6891 -0.7100
vn 0.1632 -0.6848 -0.7102
vn -0.4164 -0.5783 -0.7016
vn 0.1829 -0.6795 -0.7105
vn 0.2040 -0.6732 -0.7108
vn 0.2267 -0.6655 -0.7111
vn 0.2513 -0.6562 -0.7115
vn -0.3858 -0.5999 -0.7009
vn 0.2775 -0.6451 -0.7119
vn 0.3057 -0.6317 -0.7124
vn -0.3501 -0.6223 -0.7002
vn 0.3358 -0.6157 -0.7129
vn 0.3307 -0.6362 -0.6971
vn -0.3087 -0.6446 -0.6994
vn 0.2899 -0.6483 -0.7041
vn 0.2716 -0.6564 -0.7038
vn -0.2609 -0.6664 -0.6985
vn 0.2516 -0.6646 -0.7036
vn 0.2303 -0.6724 -0.7035
vn -0.2059 -0.6863 -0.6976
vn 0.2076 -0.6800 -0.7032
vn 0.1831 -0.6873 -0.7030
vn -0.1437 -0.7028 -0.6967
vn 0.1569 -0.6939 -0.7027
vn 0.1291 -0.6998 -0.7025
vn -0.0745 -0.7143 -0.6959
vn 0.0994 -0.7050 -0.7022
vn 0.0678 -0.7089 -0.7020
vn -0.0101 -0.7156 -0.6984
vn 0.0347 -0.7115 -0.7018
vn -0.0440 0.7126 -0.7002
vn -0.0041 0.7126 -0.7015
vn 0.0272 0.7108 -0.7029
vn -0.0881 0.7085 -0.7002
vn 0.0539 0.7092 -0.7029
vn -0.1319 0.7016 -0.7002
vn 0.0801 0.7067 -0.7030
vn -0.1747 0.6921 -0.7003
vn 0.1057 0.7032 -0.7031
vn -0.2162 0.6802 -0.7004
vn 0.1305 0.6989 -0.7032
vn -0.2560 0.6661 -0.7006
vn -0.2938 0.6500 -0.7008
vn 0.1546 0.6939 -0.7033
vn -0.3293 0.6326 -0.7010
vn 0.1778 0.6882 -0.7034
vn -0.3623 0.6139 -0.7013
vn 0.2002 0.6819 -0.7035
vn -0.3929 0.5945 -0.7016
vn 0.2216 0.6751 -0.7036
vn -0.4211 0.5746 -0.7018
vn 0.2422 0.6679 -0.7037
vn -0.4362 0.5585 -0.7055
vn -0.4461 0.5515 -0.7049
vn 0.2619 0.6603 -0.7039
vn -0.4582 0.5420 -0.7045
vn 0.2804 0.6525 -0.7040
vn -0.4721 0.5305 -0.7040
vn -0.4885 0.5164 -0.7034
vn 0.3051 0.6435 -0.7020
vn -0.5076 0.4986 -0.7026
vn -0.5303 0.4760 -0.7015
vn 0.3366 0.6284 -0.7012
vn -0.5574 0.4463 -0.7001
vn -0.5899 0.4059 -0.6980
vn 0.3721 0.6091 -0.7003
vn -0.6278 0.3499 -0.6953
vn -0.6702 0.2702 -0.6913
vn 0.4119 0.5843 -0.6992
vn -0.7110 0.1547 -0.6860
vn -0.7250 0.0231 -0.6884
vn -0.7156 -0.0820 -0.6937
vn 0.4561 0.5521 -0.6980
vn -0.7007 -0.1749 -0.6917
vn -0.6688 -0.2769 -0.6900
vn 0.5043 0.5104 -0.6965
vn -0.6165 -0.3814 -0.6888
vn -0.5440 -0.4796 -0.6885
vn -0.4566 -0.5625 -0.6892
vn 0.5550 0.4572 -0.6950
vn -0.3632 -0.6252 -0.6908
vn -0.2723 -0.6678 -0.6928
vn -0.1890 -0.6941 -0.6947
vn -0.1159 -0.7080 -0.6966
vn -0.0538 -0.7138 -0.6983
vn -0.0142 -0.7046 -0.7094
vn 0.6058 0.3901 -0.6934
vn -0.0160 -0.7098 -0.7042
vn -0.0295 -0.7039 -0.7097
vn -0.0462 -0.7028 -0.7099
vn -0.0643 -0.7011 -0.7102
vn -0.0843 -0.6986 -0.7105
vn -0.1061 -0.6953 -0.7108
vn -0.1300 -0.6908 -0.7112
vn -0.1563 -0.6849 -0.7117
vn 0.6528 0.3083 -0.6920
vn -0.1851 -0.6772 -0.7122
vn -0.2167 -0.6671 -0.7128
vn -0.2512 -0.6542 -0.7134
vn 0.6908 0.2129 -0.6910
vn -0.3018 -0.6251 -0.7198
vn -0.3630 -0.5954 -0.7167
vn 0.7152 0.1082 -0.6905
vn -0.4122 -0.5623 -0.7169
vn -0.4588 -0.5250 -0.7168
vn 0.7215 0.0056 -0.6924
vn -0.5017 -0.4844 -0.7167
vn 0.7142 -0.0810 -0.6952
vn -0.5403 -0.4415 -0.7164
vn 0.7010 -0.1518 -0.6968
vn 0.6839 -0.2120 -0.6981
vn -0.5741 -0.3972 -0.7160
vn 0.6648 -0.2623 -0.6994
vn 0.6457 -0.3042 -0.7004
vn -0.6031 -0.3526 -0.7155
vn 0.6269 -0.3395 -0.7013
vn 0.6089 -0.3692 -0.7021
vn -0.6272 -0.3088 -0.7150
vn 0.5923 -0.3942 -0.7027
vn 0.5768 -0.4157 -0.7032
vn -0.6470 -0.2662 -0.7145
vn 0.5625 -0.4341 -0.7037
vn 0.5494 -0.4499 -0.7041
vn -0.6629 -0.2255 -0.7139
vn 0.5505 -0.4303 -0.7154
vn 0.5819 -0.3831 -0.7173
vn 0.6134 -0.3323 -0.7164
vn -0.6753 -0.1870 -0.7134
vn 0.6382 -0.2843 -0.7154
vn 0.6572 -0.2397 -0.7146
vn -0.6861 -0.1654 -0.7085
vn 0.6716 -0.1986 -0.7138
vn 0.6824 -0.1611 -0.7131
vn -0.6883 -0.1601 -0.7075
vn 0.6901 -0.1271 -0.7124
vn 0.6957 -0.0963 -0.7119
vn 0.6995 -0.0686 -0.7114
vn 0.7019 -0.0435 -0.7109
vn 0.7033 -0.0208 -0.7106
vn 0.7026 0.0041 -0.7116
vn -0.6889 -0.1573 -0.7076
vn 0.7023 0.0308 -0.7112
vn 0.7024 0.0521 -0.7098
vn 0.7020 0.0667 -0.7091
vn -0.6896 -0.1543 -0.7076
vn 0.7014 0.0774 -0.7086
vn 0.7008 0.0855 -0.7082
vn -0.6902 -0.1512 -0.7076
vn 0.7002 0.0918 -0.7080
vn -0.6909 -0.1479 -0.7076
vn 0.6997 0.0970 -0.7078
vn -0.6916 -0.1445 -0.7077
vn 0.6992 0.1012 -0.7077
vn -0.0396 0.7122 -0.7009
vn -0.0066 0.7111 -0.7030
vn 0.0128 0.7090 -0.7051
vn 0.0259 0.7087 -0.7050
vn -0.0799 0.7089 -0.7007
vn 0.0394 0.7082 -0.7049
vn 0.0532 0.7073 -0.7049
vn -0.1205 0.7032 -0.7007
vn 0.0674 0.7061 -0.7048
vn -0.1609 0.6951 -0.7007
vn 0.0820 0.7047 -0.7047
vn 0.0969 0.7028 -0.7047
vn -0.2008 0.6846 -0.7007
vn 0.1122 0.7006 -0.7046
vn -0.2399 0.6719 -0.7007
vn 0.1277 0.6980 -0.7046
vn 0.1436 0.6950 -0.7045
vn -0.2776 0.6571 -0.7008
vn 0.1599 0.6915 -0.7044
vn 0.1856 0.6879 -0.7017
vn -0.3138 0.6405 -0.7009
vn 0.2253 0.6779 -0.6997
vn -0.3482 0.6223 -0.7011
vn 0.2730 0.6613 -0.6987
vn 0.6988 0.1047 -0.7076
vn -0.3804 0.6028 -0.7013
vn -0.6923 -0.1408 -0.7077
vn 0.3262 0.6381 -0.6975
vn -0.4105 0.5826 -0.7015
vn 0.3844 0.6062 -0.6962
vn -0.4236 0.5670 -0.7065
vn 0.4466 0.5637 -0.6948
vn -0.4165 0.5681 -0.7098
vn 0.5101 0.5086 -0.6936
vn -0.4026 0.5779 -0.7099
vn 0.5712 0.4405 -0.6926
vn -0.3879 0.5877 -0.7100
vn -0.3724 0.5975 -0.7101
vn 0.6257 0.3602 -0.6920
vn -0.3559 0.6074 -0.7102
vn 0.6984 0.1078 -0.7076
vn -0.6931 -0.1369 -0.7078
vn -0.3386 0.6171 -0.7104
vn 0.6692 0.2709 -0.6919
vn -0.3204 0.6266 -0.7105
vn -0.3011 0.6359 -0.7106
vn 0.6992 0.1780 -0.6924
vn -0.2809 0.6450 -0.7107
vn -0.2597 0.6536 -0.7109
vn -0.2374 0.6619 -0.7110
vn 0.7154 0.0865 -0.6933
vn -0.2168 0.6697 -0.7103
vn -0.2075 0.6757 -0.7074
vn 0.7178 0.0062 -0.6962
vn -0.6938 -0.1328 -0.7078
vn -0.2059 0.6762 -0.7074
vn 0.7144 -0.0617 -0.6970
vn 0.6981 0.1104 -0.7075
vn 0.7063 -0.1305 -0.6957
vn -0.2041 0.6767 -0.7074
vn 0.6892 -0.2068 -0.6944
vn -0.2020 0.6773 -0.7075
vn 0.6605 -0.2884 -0.6932
vn -0.6946 -0.1284 -0.7078
vn 0.6183 -0.3720 -0.6923
vn -0.1997 0.6779 -0.7075
vn 0.5625 -0.4526 -0.6919
vn -0.1970 0.6786 -0.7076
vn 0.4952 -0.5252 -0.6921
vn 0.2241 0.3380 -0.9141
vn 0.4205 -0.5859 -0.6927
vn -0.1938 0.6795 -0.7077
vn 0.3433 -0.6331 -0.6938
vn 0.2680 -0.6671 -0.6950
vn -0.1900 0.6804 -0.7078
vn 0.1978 -0.6899 -0.6964
vn -0.6954 -0.1238 -0.7079
vn 0.1420 -0.6996 -0.7003
vn 0.1212 -0.6960 -0.7078
vn -0.1854 0.6815 -0.7079
vn 0.1249 -0.6955 -0.7076
vn 0.1276 -0.6951 -0.7075
vn 0.1295 -0.6949 -0.7074
vn 0.1310 -0.6946 -0.7073
vn -0.1798 0.6828 -0.7081
vn 0.1323 -0.6945 -0.7073
vn 0.1332 -0.6943 -0.7073
vn -0.1727 0.6844 -0.7084
vn 0.1341 -0.6942 -0.7072
vn 0.1348 -0.6940 -0.7072
vn 0.1354 -0.6939 -0.7072
vn -0.3656 0.2432 -0.8984
vn 0.1359 -0.6938 -0.7072
vn 0.1432 -0.6899 -0.7096
vn 0.1527 -0.6899 -0.7076
vn 0.1558 -0.6893 -0.7076
vn 0.1585 -0.6887 -0.7075
vn -0.1567 0.6894 -0.7073
vn 0.1609 -0.6882 -0.7075
vn -0.1557 0.6896 -0.7073
vn 0.1631 -0.6877 -0.7074
vn -0.1547 0.6898 -0.7073
vn 0.1651 -0.6872 -0.7074
vn -0.1140 0.7159 -0.6889
vn 0.0048 0.7245 -0.6893
vn 0.1090 0.7126 -0.6930
vn 0.1819 0.6927 -0.6979
vn -0.2378 0.6867 -0.6869
vn 0.2297 0.6757 -0.7005
vn 0.2633 0.6614 -0.7022
vn -0.3624 0.6307 -0.6862
vn 0.2880 0.6498 -0.7034
vn -0.1535 0.6900 -0.7073
vn -0.4733 0.5514 -0.6870
vn 0.3068 0.6403 -0.7042
vn 0.3215 0.6324 -0.7047
vn -0.5613 0.4589 -0.6887
vn 0.1669 -0.6868 -0.7074
vn 0.3335 0.6258 -0.7051
vn 0.3433 0.6200 -0.7055
vn -0.6239 0.3647 -0.6912
vn 0.3513 0.6152 -0.7058
vn -0.1523 0.6903 -0.7073
vn -0.6645 0.2778 -0.6937
vn 0.3582 0.6110 -0.7059
vn 0.1685 -0.6865 -0.7074
vn 0.3617 0.6079 -0.7069
vn -0.6891 0.2019 -0.6960
vn -0.1510 0.6906 -0.7073
vn 0.3511 0.6097 -0.7106
vn -0.7029 0.1375 -0.6979
vn -0.1497 0.6909 -0.7073
vn 0.1701 -0.6861 -0.7073
vn -0.7097 0.0836 -0.6995
vn 0.3313 0.6204 -0.7109
vn -0.1482 0.6911 -0.7073
vn -0.7125 0.0385 -0.7006
vn 0.1714 -0.6858 -0.7073
vn -0.1467 0.6914 -0.7074
vn 0.3096 0.6312 -0.7112
vn -0.7194 -0.0242 -0.6941
vn -0.1450 0.6918 -0.7074
vn -0.7134 -0.1228 -0.6900
vn 0.1727 -0.6855 -0.7073
vn 0.2857 0.6420 -0.7115
vn -0.1432 0.6921 -0.7074
vn -0.6861 -0.2199 -0.6935
vn 0.2596 0.6526 -0.7118
vn -0.1492 0.6933 -0.7050
vn 0.3733 -0.2420 -0.8956
vn -0.6552 -0.2926 -0.6964
vn -0.1505 0.6894 -0.7086
vn 0.2309 0.6629 -0.7122
vn -0.1410 0.6913 -0.7087
vn 0.1996 0.6726 -0.7126
vn -0.1309 0.6932 -0.7088
vn -0.6257 -0.3471 -0.6986
vn 0.6959 0.1228 -0.7076
vn -0.1201 0.6950 -0.7089
vn 0.1654 0.6814 -0.7130
vn -0.1086 0.6968 -0.7090
vn -0.0962 0.6984 -0.7092
vn 0.1283 0.6888 -0.7135
vn -0.5989 -0.3884 -0.7003
vn -0.0829 0.7000 -0.7093
vn 0.0882 0.6947 -0.7139
vn -0.0687 0.7014 -0.7095
vn -0.0534 0.7025 -0.7097
vn 0.0453 0.6984 -0.7143
vn -0.0368 0.7034 -0.7098
vn -0.0191 0.7039 -0.7101
vn 0.0067 0.7017 -0.7125
vn -0.2273 -0.3567 -0.9061
vn 0.6955 0.1255 -0.7075
vn -0.5754 -0.4204 -0.7015
vn -0.5549 -0.4457 -0.7025
vn 0.1600 -0.6879 -0.7079
vn -0.6912 -0.1462 -0.7077
vn 0.6950 0.1280 -0.7075
vn 0.1647 -0.6869 -0.7078
vn -0.5370 -0.4660 -0.7032
vn 0.1690 -0.6859 -0.7078
vn 0.1728 -0.6851 -0.7077
vn -0.5214 -0.4825 -0.7038
vn 0.6946 0.1304 -0.7075
vn 0.1763 -0.6842 -0.7077
vn -0.6920 -0.1426 -0.7077
vn 0.1795 -0.6834 -0.7076
vn -0.5077 -0.4962 -0.7043
vn 0.1825 -0.6827 -0.7076
vn 0.6942 0.1326 -0.7074
vn 0.1852 -0.6820 -0.7075
vn -0.4956 -0.5077 -0.7047
vn 0.1877 -0.6813 -0.7075
vn -0.6928 -0.1394 -0.7076
vn 0.6939 0.1345 -0.7074
vn -0.4788 -0.5281 -0.7013
vn 0.1900 -0.6807 -0.7075
vn 0.1921 -0.6801 -0.7075
vn -0.4532 -0.5486 -0.7026
vn 0.6935 0.1364 -0.7074
vn 0.2007 -0.6752 -0.7098
vn -0.6933 -0.1367 -0.7075
vn -0.4300 -0.5675 -0.7022
vn 0.2119 -0.6737 -0.7080
vn 0.2173 -0.6719 -0.7081
vn 0.6932 0.1381 -0.7074
vn -0.4038 -0.5869 -0.7018
vn 0.2234 -0.6698 -0.7082
vn 0.2302 -0.6673 -0.7083
vn 0.2380 -0.6643 -0.7085
vn -0.3743 -0.6067 -0.7013
vn 0.2470 -0.6608 -0.7088
vn 0.2574 -0.6565 -0.7090
vn -0.6939 -0.1343 -0.7075
vn 0.6929 0.1397 -0.7074
vn 0.2696 -0.6512 -0.7094
vn -0.3413 -0.6264 -0.7008
vn 0.2840 -0.6445 -0.7099
vn 0.3014 -0.6358 -0.7105
vn 0.3226 -0.6244 -0.7114
vn -0.3043 -0.6457 -0.7003
vn 0.3281 -0.6304 -0.7035
vn 0.3090 -0.6394 -0.7041
vn -0.2632 -0.6640 -0.6998
vn 0.2911 -0.6480 -0.7038
vn 0.6926 0.1412 -0.7073
vn 0.2714 -0.6567 -0.7036
vn -0.2179 -0.6808 -0.6993
vn 0.2502 -0.6653 -0.7034
vn 0.2271 -0.6739 -0.7030
vn -0.1684 -0.6951 -0.6989
vn -0.6943 -0.1322 -0.7074
vn 0.2018 -0.6822 -0.7028
vn 0.1745 -0.6900 -0.7025
vn -0.1151 -0.7064 -0.6984
vn 0.1447 -0.6972 -0.7021
vn 0.1122 -0.7035 -0.7017
vn -0.0586 -0.7136 -0.6981
vn 0.0773 -0.7085 -0.7014
vn 0.0398 -0.7121 -0.7010
vn -0.0046 -0.7148 -0.6993
vn 0.6924 0.1426 -0.7073
vn -0.6947 -0.1303 -0.7074
vn 0.6923 0.1436 -0.7072
vn 0.6923 0.1440 -0.7071
vn -0.6951 -0.1286 -0.7074
vn -0.0315 0.7114 -0.7020
vn -0.0025 0.7111 -0.7031
vn 0.0213 0.7102 -0.7037
vn -0.0647 0.7095 -0.7018
vn 0.0437 0.7094 -0.7035
vn -0.0997 0.7057 -0.7014
vn 0.0672 0.7077 -0.7033
vn -0.1363 0.6999 -0.7011
vn 0.0918 0.7051 -0.7031
vn -0.1744 0.6916 -0.7009
vn 0.1176 0.7015 -0.7029
vn -0.2136 0.6808 -0.7006
vn 0.1445 0.6966 -0.7027
vn -0.2537 0.6672 -0.7004
vn 0.1725 0.6905 -0.7025
vn -0.2940 0.6506 -0.7002
vn 0.2015 0.6828 -0.7023
vn -0.3342 0.6311 -0.7001
vn 0.2314 0.6735 -0.7021
vn -0.3737 0.6086 -0.7000
vn 0.2620 0.6623 -0.7019
vn -0.4121 0.5833 -0.6999
vn 0.2930 0.6494 -0.7017
vn -0.4234 0.5651 -0.7081
vn -0.6954 -0.1270 -0.7073
vn 0.3307 0.6333 -0.6997
vn -0.4028 0.5737 -0.7131
vn 0.3673 0.6111 -0.7011
vn -0.3739 0.5938 -0.7125
vn -0.3475 0.6104 -0.7118
vn 0.4019 0.5899 -0.7004
vn 0.6922 0.1441 -0.7071
vn -0.3237 0.6240 -0.7113
vn -0.3020 0.6352 -0.7108
vn 0.4393 0.5636 -0.6996
vn -0.2824 0.6447 -0.7104
vn -0.2645 0.6526 -0.7101
vn 0.4792 0.5313 -0.6986
vn -0.2482 0.6593 -0.7098
vn 0.5210 0.4917 -0.6977
vn -0.2334 0.6649 -0.7095
vn 0.6923 0.1442 -0.7071
vn -0.2198 0.6698 -0.7093
vn 0.5636 0.4439 -0.6967
vn -0.2073 0.6739 -0.7091
vn -0.1935 0.6774 -0.7097
vn -0.6956 -0.1257 -0.7073
vn -0.1836 0.6819 -0.7080
vn 0.6051 0.3870 -0.6958
vn 0.6434 0.3211 -0.6949
vn -0.1785 0.6834 -0.7079
vn 0.6922 0.1442 -0.7071
vn 0.6759 0.2469 -0.6944
vn -0.1739 0.6846 -0.7078
vn 0.7004 0.1666 -0.6941
vn -0.1696 0.6858 -0.7078
vn 0.6922 0.1443 -0.7071
vn 0.7150 0.0833 -0.6942
vn -0.1656 0.6868 -0.7077
vn 0.7196 -0.0001 -0.6944
vn 0.6922 0.1444 -0.7071
vn -0.1619 0.6877 -0.7077
vn -0.6959 -0.1244 -0.7073
vn 0.7158 -0.0885 -0.6927
vn -0.1584 0.6886 -0.7077
vn 0.6983 -0.1879 -0.6907
vn 0.6922 0.1445 -0.7071
vn -0.1551 0.6894 -0.7076
vn 0.6618 -0.2953 -0.6891
vn -0.1521 0.6901 -0.7076
vn 0.6921 0.1446 -0.7071
vn 0.6035 -0.4027 -0.6882
vn -0.1492 0.6907 -0.7076
vn 0.5256 -0.4998 -0.6884
vn 0.6921 0.1447 -0.7071
vn -0.1465 0.6913 -0.7075
vn -0.3689 0.2416 -0.8975
vn 0.4356 -0.5786 -0.6896
vn 0.2331 0.3567 -0.9046
vn 0.3427 -0.6360 -0.6914
vn 0.2546 -0.6740 -0.6935
vn 0.1758 -0.6967 -0.6955
vn 0.1077 -0.7086 -0.6973
vn 0.0147 -0.7061 -0.7080
vn 0.0094 -0.7062 -0.7079
vn 0.0498 -0.7135 -0.6988
vn 0.0045 -0.7063 -0.7079
vn 0.0127 -0.7103 -0.7038
vn 0.0205 -0.7058 -0.7081
vn 0.0269 -0.7055 -0.7082
vn 0.0339 -0.7051 -0.7083
vn 0.0418 -0.7045 -0.7084
vn 0.0504 -0.7038 -0.7086
vn 0.0601 -0.7029 -0.7088
vn 0.0711 -0.7016 -0.7090
vn 0.0835 -0.7000 -0.7092
vn 0.0864 -0.7031 -0.7058
vn 0.0867 -0.7003 -0.7086
vn 0.0955 -0.6993 -0.7084
vn 0.1031 -0.6984 -0.7082
vn -0.1654 0.6877 -0.7069
vn 0.1097 -0.6975 -0.7081
vn -0.1666 0.6874 -0.7069
vn 0.1156 -0.6967 -0.7080
vn -0.1678 0.6871 -0.7069
vn 0.1208 -0.6959 -0.7079
vn -0.1688 0.6868 -0.7069
vn -0.1698 0.6866 -0.7069
vn 0.1255 -0.6952 -0.7078
vn -0.1708 0.6863 -0.7070
vn 0.1297 -0.6945 -0.7078
vn -0.1717 0.6861 -0.7070
vn -0.1725 0.6859 -0.7070
vn 0.1335 -0.6938 -0.7077
vn -0.1733 0.6857 -0.7070
vn 0.1370 -0.6932 -0.7076
vn -0.1741 0.6855 -0.7070
vn -0.1748 0.6853 -0.7070
vn 0.1402 -0.6926 -0.7076
vn -0.1742 0.6850 -0.7074
vn -0.1736 0.6855 -0.7071
vn 0.3572 -0.2398 -0.9027
vn -0.1738 0.6855 -0.7071
vn -0.2267 -0.3458 -0.9105
vn 0.6944 0.1320 -0.7074
vn -0.1741 0.6854 -0.7071
vn -0.1744 0.6853 -0.7070
vn -0.1748 0.6852 -0.7070
vn -0.1753 0.6851 -0.7070
vn 0.1642 -0.6869 -0.7080
vn -0.6955 -0.1242 -0.7077
vn -0.1759 0.6850 -0.7070
vn -0.0664 0.7148 -0.6962
vn -0.0015 0.7161 -0.6979
vn 0.0530 0.7128 -0.6993
vn 0.0986 0.7068 -0.7006
vn -0.1766 0.6848 -0.7070
vn -0.1426 0.7053 -0.6944
vn 0.1359 0.6993 -0.7018
vn -0.2297 0.6840 -0.6924
vn 0.1671 0.6919 -0.7024
vn 0.1936 0.6842 -0.7031
vn -0.3247 0.6462 -0.6907
vn 0.1694 -0.6856 -0.7080
vn 0.2161 0.6769 -0.7036
vn -0.4218 0.5890 -0.6893
vn 0.2357 0.6699 -0.7040
vn 0.2523 0.6633 -0.7045
vn -0.5125 0.5125 -0.6889
vn 0.2671 0.6574 -0.7046
vn -0.1775 0.6846 -0.7069
vn -0.5889 0.4219 -0.6894
vn 0.2801 0.6515 -0.7051
vn -0.6462 0.3247 -0.6906
vn 0.2915 0.6463 -0.7052
vn 0.2953 0.6422 -0.7074
vn -0.6840 0.2296 -0.6924
vn -0.1788 0.6844 -0.7069
vn 0.2819 0.6442 -0.7110
vn 0.6940 0.1339 -0.7074
vn 0.1746 -0.6843 -0.7080
vn -0.7053 0.1426 -0.6944
vn -0.1807 0.6840 -0.7067
vn -0.7148 0.0664 -0.6962
vn 0.2591 0.6536 -0.7111
vn -0.1640 0.6822 -0.7125
vn -0.7150 0.0052 -0.6991
vn -0.1438 0.6908 -0.7086
vn 0.2355 0.6624 -0.7112
vn -0.7125 -0.0420 -0.7004
vn -0.6962 -0.1212 -0.7075
vn 0.1799 -0.6829 -0.7080
vn -0.1341 0.6926 -0.7087
vn 0.2112 0.6704 -0.7113
vn -0.1238 0.6944 -0.7088
vn 0.1862 0.6777 -0.7113
vn -0.7090 -0.0861 -0.7000
vn -0.1130 0.6962 -0.7089
vn 0.1605 0.6842 -0.7114
vn -0.1016 0.6979 -0.7090
vn 0.1852 -0.6815 -0.7080
vn 0.1345 0.6898 -0.7114
vn -0.0895 0.6994 -0.7091
vn -0.7022 -0.1326 -0.6996
vn -0.0766 0.7008 -0.7092
vn 0.1079 0.6944 -0.7115
vn -0.0630 0.7020 -0.7093
vn 0.0810 0.6980 -0.7114
vn -0.0486 0.7030 -0.7095
vn 0.0541 0.7006 -0.7115
vn -0.0333 0.7038 -0.7096
vn 0.0270 0.7022 -0.7115
vn -0.0171 0.7042 -0.7098
vn 0.0024 0.7035 -0.7107
vn -0.6916 -0.1811 -0.6992
vn 0.1905 -0.6800 -0.7080
vn -0.6770 -0.2305 -0.6990
vn 0.1959 -0.6785 -0.7080
vn -0.6582 -0.2805 -0.6987
vn -0.6967 -0.1190 -0.7074
vn -0.6349 -0.3298 -0.6986
vn 0.6937 0.1358 -0.7074
vn 0.2013 -0.6769 -0.7080
vn -0.6078 -0.3778 -0.6985
vn -0.5768 -0.4234 -0.6986
vn 0.2067 -0.6753 -0.7080
vn -0.5430 -0.4658 -0.6987
vn -0.5068 -0.5045 -0.6990
vn 0.2122 -0.6735 -0.7080
vn -0.4833 -0.5156 -0.7075
vn -0.4790 -0.5247 -0.7037
vn -0.6971 -0.1174 -0.7073
vn 0.2177 -0.6718 -0.7080
vn -0.4632 -0.5386 -0.7038
vn -0.4473 -0.5518 -0.7039
vn 0.2192 -0.6729 -0.7065
vn -0.4315 -0.5641 -0.7040
vn 0.6933 0.1376 -0.7074
vn -0.4158 -0.5757 -0.7041
vn 0.2202 -0.6707 -0.7083
vn -0.4002 -0.5865 -0.7042
vn 0.2276 -0.6680 -0.7085
vn 0.2362 -0.6648 -0.7087
vn -0.3849 -0.5965 -0.7042
vn 0.2463 -0.6608 -0.7090
vn -0.3698 -0.6059 -0.7043
vn 0.2582 -0.6558 -0.7094
vn 0.2725 -0.6495 -0.7099
vn -0.3550 -0.6146 -0.7044
vn -0.6973 -0.1161 -0.7073
vn 0.2901 -0.6410 -0.7106
vn 0.3121 -0.6295 -0.7116
vn -0.3405 -0.6227 -0.7045
vn 0.3401 -0.6131 -0.7131
vn 0.3765 -0.5885 -0.7154
vn -0.3263 -0.6301 -0.7046
vn 0.4254 -0.5492 -0.7193
vn 0.4654 -0.5300 -0.7089
vn -0.3126 -0.6368 -0.7048
vn 0.4604 -0.5445 -0.7011
vn -0.2988 -0.6437 -0.7046
vn 0.4300 -0.5692 -0.7008
vn 0.6930 0.1393 -0.7074
vn -0.2836 -0.6508 -0.7043
vn 0.3966 -0.5933 -0.7005
vn -0.2668 -0.6581 -0.7041
vn 0.3603 -0.6164 -0.7002
vn -0.2482 -0.6656 -0.7038
vn 0.3210 -0.6379 -0.7000
vn -0.2277 -0.6733 -0.7035
vn 0.2791 -0.6576 -0.6998
vn -0.2047 -0.6810 -0.7031
vn 0.2349 -0.6748 -0.6996
vn -0.1792 -0.6885 -0.7027
vn 0.1890 -0.6891 -0.6996
vn -0.1506 -0.6958 -0.7022
vn 0.1419 -0.7003 -0.6996
vn -0.1187 -0.7025 -0.7017
vn -0.6975 -0.1151 -0.7073
vn 0.0943 -0.7083 -0.6996
vn -0.0832 -0.7081 -0.7012
vn 0.0468 -0.7129 -0.6997
vn -0.0435 -0.7123 -0.7005
vn 0.0003 -0.7142 -0.7000
vn 0.6927 0.1409 -0.7074
vn -0.6977 -0.1142 -0.7072
vn 0.6923 0.1425 -0.7074
vn -0.6978 -0.1135 -0.7072
vn 0.6920 0.1441 -0.7074
vn 0.6917 0.1456 -0.7073
vn -0.6980 -0.1129 -0.7072
vn 0.6914 0.1470 -0.7073
vn -0.6980 -0.1124 -0.7072
vn 0.6911 0.1484 -0.7073
vn -0.6981 -0.1120 -0.7072
vn 0.6880 0.1547 -0.7091
vn 0.6899 0.1588 -0.7063
vn -0.6987 -0.1152 -0.7060
vn 0.6912 0.1533 -0.7062
vn 0.6927 0.1472 -0.7060
vn 0.6943 0.1402 -0.7059
vn 0.6961 0.1321 -0.7057
vn 0.6981 0.1226 -0.7054
vn 0.7003 0.1113 -0.7051
vn 0.7027 0.0978 -0.7047
vn 0.7054 0.0812 -0.7042
vn -0.6996 -0.1386 -0.7009
vn 0.7082 0.0604 -0.7034
vn 0.7110 0.0338 -0.7024
vn -0.6911 -0.1807 -0.6998
vn 0.7145 -0.0052 -0.6996
vn 0.7145 -0.0625 -0.6968
vn -0.6777 -0.2297 -0.6985
vn 0.7063 -0.1345 -0.6950
vn -0.6574 -0.2864 -0.6970
vn 0.6873 -0.2173 -0.6931
vn -0.6272 -0.3513 -0.6951
vn 0.6532 -0.3090 -0.6912
vn -0.5833 -0.4234 -0.6931
vn 0.6003 -0.4048 -0.6897
vn 0.5276 -0.4970 -0.6889
vn -0.5220 -0.4998 -0.6912
vn 0.4385 -0.5770 -0.6890
vn -0.4407 -0.5748 -0.6894
vn 0.3406 -0.6386 -0.6901
vn -0.3405 -0.6403 -0.6885
vn 0.2425 -0.6802 -0.6917
vn -0.2275 -0.6886 -0.6885
vn 0.1513 -0.7042 -0.6937
vn -0.1113 -0.7156 -0.6896
vn 0.0706 -0.7150 -0.6955
vn -0.0102 -0.7201 -0.6938
vn -0.0084 0.7141 -0.7000
vn 0.0275 0.7107 -0.7029
vn 0.0522 0.7088 -0.7035
vn -0.1428 0.7054 -0.6943
vn 0.0741 0.7065 -0.7038
vn 0.0936 0.7038 -0.7042
vn -0.2296 0.6839 -0.6925
vn 0.1109 0.7010 -0.7045
vn 0.1267 0.6981 -0.7047
vn -0.3246 0.6463 -0.6906
vn 0.1410 0.6952 -0.7049
vn 0.1536 0.6922 -0.7052
vn -0.4217 0.5890 -0.6894
vn 0.1653 0.6895 -0.7052
vn 0.1761 0.6865 -0.7055
vn -0.5125 0.5127 -0.6889
vn 0.1857 0.6839 -0.7056
vn -0.5890 0.4217 -0.6893
vn 0.1901 0.6812 -0.7070
vn 0.2015 0.6813 -0.7037
vn -0.6464 0.3245 -0.6906
vn -0.6839 0.2296 -0.6925
vn 0.2219 0.6749 -0.7037
vn -0.7054 0.1428 -0.6943
vn 0.2421 0.6679 -0.7038
vn -0.7144 0.0073 -0.6997
vn 0.2618 0.6604 -0.7038
vn -0.7117 -0.0338 -0.7016
vn -0.7096 -0.0706 -0.7010
vn 0.2810 0.6524 -0.7038
vn -0.7050 -0.1110 -0.7005
vn -0.6974 -0.1555 -0.6997
vn 0.2999 0.6439 -0.7039
vn -0.6854 -0.2038 -0.6990
vn -0.6687 -0.2553 -0.6983
vn -0.6461 -0.3099 -0.6975
vn 0.3182 0.6350 -0.7039
vn -0.6166 -0.3660 -0.6971
vn -0.5802 -0.4224 -0.6964
vn -0.5364 -0.4771 -0.6962
vn -0.4864 -0.5282 -0.6960
vn 0.3360 0.6257 -0.7040
vn -0.4236 -0.5840 -0.6925
vn -0.3845 -0.5887 -0.7111
vn 0.3532 0.6161 -0.7040
vn 0.3699 0.6062 -0.7041
vn -0.4052 -0.5744 -0.7112
vn 0.3860 0.5960 -0.7041
vn -0.4263 -0.5587 -0.7114
vn 0.4068 0.5839 -0.7025
vn 0.4320 0.5662 -0.7020
vn -0.4476 -0.5415 -0.7116
vn 0.4593 0.5451 -0.7014
vn -0.4691 -0.5228 -0.7118
vn 0.4886 0.5198 -0.7007
vn -0.4906 -0.5024 -0.7120
vn 0.5199 0.4897 -0.6999
vn -0.5120 -0.4804 -0.7121
vn 0.5527 0.4537 -0.6991
vn -0.0665 0.7148 -0.6962
vn -0.0132 0.7125 -0.7015
vn 0.0090 0.7085 -0.7057
vn 0.0187 0.7085 -0.7055
vn 0.0297 0.7083 -0.7053
vn 0.0419 0.7079 -0.7051
vn -0.1427 0.7054 -0.6943
vn 0.0554 0.7072 -0.7049
vn 0.0707 0.7062 -0.7045
vn 0.0886 0.7046 -0.7040
vn -0.2297 0.6839 -0.6924
vn 0.1087 0.7020 -0.7038
vn 0.5863 0.4108 -0.6982
vn 0.1312 0.6987 -0.7033
vn 0.1582 0.6941 -0.7023
vn 0.1897 0.6867 -0.7017
vn -0.3246 0.6462 -0.6906
vn 0.2265 0.6767 -0.7005
vn 0.2526 0.6632 -0.7045
vn -0.5330 -0.4567 -0.7123
vn -0.5126 0.5126 -0.6889
vn -0.5890 0.4217 -0.6894
vn 0.2684 0.6571 -0.7044
vn 0.6196 0.3604 -0.6973
vn -0.7054 0.1426 -0.6944
vn 0.2849 0.6503 -0.7042
vn -0.5535 -0.4314 -0.7124
vn -0.7168 -0.0007 -0.6972
vn 0.3018 0.6428 -0.7041
vn 0.6512 0.3018 -0.6964
vn -0.7143 -0.0661 -0.6967
vn -0.7050 -0.1322 -0.6968
vn 0.3193 0.6344 -0.7040
vn -0.6897 -0.1968 -0.6969
vn -0.6687 -0.2585 -0.6972
vn -0.6431 -0.3158 -0.6976
vn -0.6143 -0.3679 -0.6981
vn -0.5732 -0.4045 -0.7126
vn 0.3374 0.6251 -0.7038
vn -0.5831 -0.4145 -0.6987
vn 0.6789 0.2351 -0.6955
vn -0.5510 -0.4554 -0.6993
vn -0.5187 -0.4910 -0.6999
vn -0.4872 -0.5213 -0.7006
vn 0.3559 0.6149 -0.7037
vn -0.4569 -0.5476 -0.7010
vn -0.4327 -0.5628 -0.7043
vn -0.4302 -0.5568 -0.7105
vn 0.7008 0.1612 -0.6949
vn 0.3749 0.6037 -0.7035
vn -0.5921 -0.3762 -0.7126
vn 0.3944 0.5913 -0.7034
vn 0.7148 0.0819 -0.6945
vn -0.4471 -0.5431 -0.7107
vn 0.4141 0.5778 -0.7033
vn -0.6031 -0.3758 -0.7036
vn 0.7163 0.0106 -0.6977
vn 0.4342 0.5631 -0.7031
vn -0.4645 -0.5281 -0.7109
vn 0.4518 0.5482 -0.7039
vn -0.5899 -0.3984 -0.7024
vn 0.7123 -0.0404 -0.7007
vn -0.4822 -0.5117 -0.7111
vn 0.7091 -0.0829 -0.7002
vn 0.4710 0.5333 -0.7027
vn 0.7028 -0.1274 -0.6999
vn -0.5718 -0.4249 -0.7017
vn 0.6932 -0.1734 -0.6996
vn 0.6799 -0.2208 -0.6993
vn -0.5499 -0.4541 -0.7010
vn -0.5002 -0.4939 -0.7113
vn 0.4932 0.5135 -0.7022
vn 0.6626 -0.2685 -0.6992
vn 0.6417 -0.3156 -0.6990
vn -0.5231 -0.4860 -0.7002
vn 0.6170 -0.3616 -0.6990
vn 0.5171 0.4903 -0.7016
vn 0.5889 -0.4057 -0.6990
vn -0.4901 -0.5206 -0.6992
vn -0.5184 -0.4744 -0.7115
vn 0.5579 -0.4473 -0.6991
vn -0.4495 -0.5574 -0.6980
vn 0.5246 -0.4855 -0.6993
vn 0.4965 -0.5083 -0.7036
vn -0.4000 -0.5954 -0.6968
vn 0.5427 0.4629 -0.7009
vn 0.4754 -0.5321 -0.7006
vn 0.4431 -0.5596 -0.7004
vn -0.5366 -0.4534 -0.7117
vn -0.3401 -0.6329 -0.6955
vn 0.4079 -0.5861 -0.7001
vn 0.3694 -0.6114 -0.6998
vn -0.2690 -0.6675 -0.6943
vn 0.3281 -0.6347 -0.6996
vn 0.2842 -0.6558 -0.6994
vn -0.1869 -0.6961 -0.6932
vn 0.2380 -0.6740 -0.6994
vn 0.1906 -0.6889 -0.6994
vn 0.5698 0.4304 -0.7001
vn -0.0959 -0.7149 -0.6926
vn 0.1424 -0.7004 -0.6994
vn 0.0941 -0.7083 -0.6996
vn -0.0126 -0.7179 -0.6961
vn 0.0466 -0.7128 -0.6998
vn -0.5548 -0.4306 -0.7119
vn 0.5980 0.3918 -0.6992
vn -0.5727 -0.4061 -0.7121
vn 0.6265 0.3463 -0.6983
vn 0.6542 0.2929 -0.6973
vn -0.5902 -0.3798 -0.7123
vn 0.6796 0.2310 -0.6962
vn -0.6072 -0.3517 -0.7125
vn 0.7005 0.1606 -0.6953
vn -0.6208 -0.3364 -0.7082
vn 0.7146 0.0829 -0.6946
vn 0.7176 0.0075 -0.6964
vn -0.6206 -0.3473 -0.7030
vn 0.7141 -0.0574 -0.6977
vn -0.6069 -0.3719 -0.7024
vn 0.7074 -0.1238 -0.6959
vn -0.5898 -0.3999 -0.7016
vn 0.6914 -0.2009 -0.6940
vn -0.5683 -0.4315 -0.7007
vn 0.6619 -0.2879 -0.6921
vn -0.5408 -0.4671 -0.6995
vn 0.6149 -0.3813 -0.6903
vn -0.5054 -0.5072 -0.6981
vn 0.5478 -0.4745 -0.6891
vn -0.4596 -0.5511 -0.6965
vn 0.4619 -0.5588 -0.6887
vn -0.4004 -0.5977 -0.6945
vn 0.3636 -0.6266 -0.6893
vn -0.3249 -0.6441 -0.6925
vn 0.2615 -0.6742 -0.6907
vn -0.2314 -0.6853 -0.6905
vn 0.1642 -0.7024 -0.6926
vn -0.1210 -0.7145 -0.6891
vn 0.0768 -0.7153 -0.6946
vn -0.0127 -0.7216 -0.6922
vn -0.0458 0.7132 -0.6995
vn 0.0208 0.7196 -0.6941
vn 0.0999 0.7114 -0.6957
vn 0.1559 0.6963 -0.7006
vn -0.0991 0.7091 -0.6981
vn 0.1885 0.6858 -0.7029
vn -0.1623 0.6992 -0.6963
vn 0.2097 0.6783 -0.7042
vn -0.2363 0.6797 -0.6943
vn 0.2246 0.6728 -0.7050
vn -0.3206 0.6466 -0.6921
vn 0.2356 0.6684 -0.7055
vn -0.4122 0.5949 -0.6901
vn 0.2441 0.6650 -0.7058
vn -0.5045 0.5212 -0.6884
vn 0.2508 0.6622 -0.7061
vn -0.5879 0.4261 -0.6877
vn 0.2563 0.6600 -0.7063
vn -0.6530 0.3165 -0.6881
vn 0.2608 0.6580 -0.7064
vn -0.6952 0.2031 -0.6896
vn 0.2646 0.6564 -0.7065
vn -0.7159 0.0963 -0.6915
vn 0.2895 0.6527 -0.7001
vn -0.7219 -0.0043 -0.6919
vn 0.3175 0.6354 -0.7039
vn -0.7147 -0.1048 -0.6915
vn -0.6928 -0.1993 -0.6930
vn -0.6626 -0.2799 -0.6948
vn -0.6285 -0.3464 -0.6964
vn 0.3352 0.6261 -0.7040
vn -0.5938 -0.4005 -0.6979
vn -0.5602 -0.4441 -0.6992
vn -0.5290 -0.4792 -0.7003
vn -0.5005 -0.5077 -0.7013
vn 0.3521 0.6167 -0.7041
vn -0.4746 -0.5309 -0.7021
vn -0.4513 -0.5501 -0.7027
vn -0.4303 -0.5659 -0.7032
vn -0.4168 -0.5721 -0.7064
vn 0.3684 0.6070 -0.7042
vn -0.4189 -0.5669 -0.7094
vn 0.3838 0.5972 -0.7043
vn -0.4302 -0.5583 -0.7094
vn -0.4413 -0.5496 -0.7094
vn 0.3986 0.5874 -0.7043
vn -0.4523 -0.5406 -0.7094
vn 0.4126 0.5775 -0.7044
vn -0.4631 -0.5313 -0.7094
vn 0.4260 0.5676 -0.7045
vn -0.4738 -0.5219 -0.7094
vn 0.4386 0.5578 -0.7046
vn -0.4842 -0.5122 -0.7094
vn 0.4507 0.5480 -0.7047
vn -0.4944 -0.5024 -0.7094
vn 0.4621 0.5383 -0.7048
vn -0.5043 -0.4924 -0.7094
vn -0.5141 -0.4822 -0.7094
vn 0.4623 0.5334 -0.7084
vn -0.5236 -0.4719 -0.7093
vn 0.4685 0.5333 -0.7043
vn 0.4813 0.5217 -0.7044
vn -0.5339 -0.4589 -0.7102
vn 0.4936 0.5100 -0.7045
vn -0.5453 -0.4465 -0.7094
vn 0.5054 0.4983 -0.7045
vn 0.5167 0.4865 -0.7046
vn -0.5543 -0.4353 -0.7094
vn 0.5274 0.4747 -0.7046
vn 0.5377 0.4630 -0.7047
vn -0.5630 -0.4241 -0.7094
vn 0.5474 0.4513 -0.7047
vn 0.5567 0.4397 -0.7048
vn -0.5713 -0.4129 -0.7093
vn 0.5656 0.4281 -0.7048
vn -0.5792 -0.4017 -0.7093
vn 0.5740 0.4167 -0.7049
vn 0.5827 0.4049 -0.7047
vn -0.5869 -0.3906 -0.7093
vn 0.5927 0.3910 -0.7042
vn -0.5942 -0.3794 -0.7092
vn 0.6035 0.3746 -0.7038
vn 0.6151 0.3561 -0.7035
vn -0.6011 -0.3684 -0.7092
vn 0.6274 0.3349 -0.7030
vn 0.6402 0.3107 -0.7025
vn -0.6078 -0.3574 -0.7092
vn 0.6536 0.2829 -0.7020
vn 0.6673 0.2508 -0.7013
vn -0.6141 -0.3464 -0.7091
vn 0.6809 0.2136 -0.7005
vn 0.6938 0.1706 -0.6997
vn -0.6201 -0.3356 -0.7091
vn 0.7051 0.1209 -0.6987
vn 0.7136 0.0638 -0.6976
vn 0.7149 0.0077 -0.6992
vn -0.6244 -0.3334 -0.7064
vn 0.7119 -0.0363 -0.7013
vn 0.7092 -0.0740 -0.7011
vn 0.7044 -0.1132 -0.7008
vn 0.6968 -0.1537 -0.7006
vn -0.6217 -0.3402 -0.7055
vn 0.6866 -0.1950 -0.7004
vn -0.6167 -0.3496 -0.7053
vn 0.6736 -0.2368 -0.7002
vn -0.6109 -0.3601 -0.7051
vn 0.6575 -0.2784 -0.7001
vn -0.6040 -0.3721 -0.7048
vn 0.6387 -0.3194 -0.7000
vn -0.5959 -0.3853 -0.7045
vn 0.6172 -0.3592 -0.7000
vn -0.5865 -0.4002 -0.7041
vn 0.5932 -0.3974 -0.7001
vn -0.5751 -0.4174 -0.7036
vn 0.5672 -0.4336 -0.7002
vn -0.5610 -0.4371 -0.7030
vn 0.5393 -0.4677 -0.7003
vn -0.5437 -0.4597 -0.7022
vn 0.5090 -0.5011 -0.6999
vn -0.5218 -0.4857 -0.7013
vn -0.4938 -0.5160 -0.7000
vn 0.4747 -0.5342 -0.6995
vn -0.4683 -0.5329 -0.7048
vn 0.4365 -0.5662 -0.6992
vn -0.4440 -0.5621 -0.6978
vn 0.3945 -0.5966 -0.6989
vn -0.3962 -0.5963 -0.6982
vn -0.3479 -0.6253 -0.6985
vn 0.3492 -0.6243 -0.6988
vn -0.3000 -0.6491 -0.6991
vn 0.3011 -0.6490 -0.6986
vn -0.2537 -0.6680 -0.6996
vn 0.2509 -0.6700 -0.6986
vn -0.2094 -0.6826 -0.7001
vn 0.1996 -0.6869 -0.6988
vn -0.1676 -0.6936 -0.7006
vn -0.1287 -0.7013 -0.7012
vn 0.1480 -0.6997 -0.6989
vn -0.0926 -0.7065 -0.7016
vn 0.0970 -0.7083 -0.6992
vn -0.0591 -0.7096 -0.7021
vn 0.0476 -0.7130 -0.6995
vn -0.0284 -0.7111 -0.7025
vn 0.0048 -0.7129 -0.7013
vn -0.0402 0.7126 -0.7004
vn -0.0019 0.7124 -0.7018
vn 0.0304 0.7113 -0.7022
vn -0.0872 0.7097 -0.6991
vn 0.0619 0.7094 -0.7021
vn -0.1433 0.7021 -0.6976
vn 0.0945 0.7060 -0.7019
vn -0.2100 0.6871 -0.6955
vn 0.1280 0.7009 -0.7017
vn -0.2882 0.6605 -0.6933
vn 0.1621 0.6939 -0.7016
vn -0.3766 0.6172 -0.6908
vn -0.4704 0.5517 -0.6887
vn 0.1967 0.6851 -0.7014
vn -0.5610 0.4618 -0.6870
vn 0.2316 0.6742 -0.7013
vn -0.6369 0.3506 -0.6866
vn 0.2663 0.6613 -0.7013
vn -0.6890 0.2288 -0.6877
vn 0.3006 0.6465 -0.7012
vn -0.7160 0.1094 -0.6895
vn -0.7204 0.0071 -0.6936
vn 0.3343 0.6297 -0.7012
vn -0.7147 -0.0749 -0.6954
vn 0.3669 0.6113 -0.7012
vn -0.7028 -0.1499 -0.6954
vn -0.6831 -0.2228 -0.6955
vn 0.3910 0.5934 -0.7036
vn -0.6563 -0.2913 -0.6960
vn -0.6243 -0.3536 -0.6966
vn -0.5888 -0.4087 -0.6973
vn 0.4089 0.5810 -0.7037
vn -0.5515 -0.4567 -0.6980
vn -0.5139 -0.4974 -0.6989
vn -0.4772 -0.5317 -0.6997
vn 0.4263 0.5684 -0.7037
vn -0.4420 -0.5604 -0.7004
vn -0.4089 -0.5842 -0.7011
vn -0.3929 -0.5860 -0.7087
vn 0.4430 0.5554 -0.7038
vn -0.4057 -0.5742 -0.7111
vn 0.4592 0.5420 -0.7038
vn -0.4266 -0.5582 -0.7116
vn 0.4748 0.5283 -0.7039
vn -0.4497 -0.5388 -0.7123
vn 0.4898 0.5144 -0.7039
vn 0.5042 0.5002 -0.7040
vn -0.4754 -0.5151 -0.7132
vn 0.5180 0.4859 -0.7040
vn -0.5037 -0.4860 -0.7142
vn 0.5311 0.4715 -0.7041
vn -0.5345 -0.4500 -0.7154
vn 0.5436 0.4569 -0.7041
vn -0.5673 -0.4053 -0.7169
vn 0.5554 0.4424 -0.7042
vn -0.6010 -0.3498 -0.7186
vn 0.5676 0.4271 -0.7039
vn -0.6337 -0.2817 -0.7205
vn 0.5815 0.4092 -0.7032
vn -0.6620 -0.1998 -0.7224
vn 0.5962 0.3880 -0.7029
vn -0.6816 -0.1046 -0.7242
vn -0.6890 -0.0011 -0.7247
vn 0.6113 0.3644 -0.7025
vn -0.6857 0.0953 -0.7216
vn 0.6267 0.3381 -0.7021
vn -0.6737 0.1730 -0.7185
vn 0.6421 0.3087 -0.7017
vn -0.6577 0.2335 -0.7162
vn 0.6574 0.2760 -0.7012
vn -0.6409 0.2809 -0.7144
vn 0.6720 0.2395 -0.7007
vn -0.6247 0.3184 -0.7130
vn 0.6856 0.1993 -0.7002
vn -0.6096 0.3484 -0.7120
vn 0.6974 0.1550 -0.6997
vn -0.5959 0.3729 -0.7112
vn 0.7069 0.1068 -0.6992
vn -0.5836 0.3930 -0.7106
vn 0.7133 0.0548 -0.6987
vn 0.7157 -0.0000 -0.6985
vn -0.5725 0.4098 -0.7101
vn 0.7142 -0.0591 -0.6974
vn -0.5626 0.4241 -0.7097
vn 0.7069 -0.1256 -0.6961
vn -0.5536 0.4363 -0.7094
vn 0.6909 -0.2005 -0.6946
vn 0.6633 -0.2820 -0.6932
vn -0.5417 0.4492 -0.7105
vn 0.6216 -0.3670 -0.6921
vn 0.5649 -0.4504 -0.6914
vn -0.5339 0.4617 -0.7084
vn 0.4948 -0.5265 -0.6913
vn 0.4155 -0.5905 -0.6918
vn 0.3324 -0.6399 -0.6929
vn 0.2510 -0.6746 -0.6942
vn -0.5287 0.4677 -0.7083
vn 0.1751 -0.6967 -0.6957
vn 0.1303 -0.6972 -0.7049
vn 0.1403 -0.6868 -0.7131
vn 0.1770 -0.6782 -0.7133
vn 0.2137 -0.6675 -0.7133
vn 0.2500 -0.6547 -0.7134
vn 0.2858 -0.6399 -0.7134
vn 0.3205 -0.6233 -0.7133
vn 0.3540 -0.6049 -0.7133
vn 0.3861 -0.5852 -0.7131
vn 0.4164 -0.5641 -0.7130
vn 0.4450 -0.5421 -0.7128
vn -0.5235 0.4735 -0.7083
vn 0.4715 -0.5195 -0.7126
vn 0.4902 -0.5076 -0.7086
vn 0.4927 -0.5087 -0.7060
vn -0.5185 0.4791 -0.7083
vn 0.4876 -0.5137 -0.7059
vn -0.5135 0.4844 -0.7082
vn -0.5087 0.4895 -0.7082
vn 0.4821 -0.5189 -0.7059
vn -0.5039 0.4945 -0.7082
vn 0.4763 -0.5244 -0.7058
vn -0.4993 0.4992 -0.7082
vn 0.4701 -0.5300 -0.7057
vn -0.4947 0.5038 -0.7081
vn -0.4902 0.5082 -0.7081
vn 0.4636 -0.5358 -0.7057
vn -0.4858 0.5125 -0.7081
vn 0.4566 -0.5419 -0.7056
vn -0.4707 0.5215 -0.7117
vn 0.4491 -0.5482 -0.7055
vn -0.4587 0.5362 -0.7086
vn 0.4412 -0.5548 -0.7054
vn -0.4517 0.5421 -0.7086
vn 0.4326 -0.5616 -0.7053
vn -0.4444 0.5481 -0.7086
vn 0.4235 -0.5686 -0.7052
vn 0.4109 -0.5797 -0.7037
vn -0.4370 0.5540 -0.7086
vn 0.3981 -0.5856 -0.7061
vn -0.4293 0.5599 -0.7087
vn 0.3929 -0.5892 -0.7061
vn -0.4215 0.5658 -0.7087
vn 0.3872 -0.5930 -0.7060
vn -0.4134 0.5717 -0.7087
vn 0.3810 -0.5971 -0.7059
vn -0.4051 0.5775 -0.7087
vn 0.3743 -0.6015 -0.7058
vn -0.3966 0.5834 -0.7088
vn 0.3669 -0.6062 -0.7057
vn -0.3879 0.5892 -0.7088
vn 0.3588 -0.6111 -0.7055
vn -0.3790 0.5949 -0.7088
vn 0.3499 -0.6165 -0.7054
vn -0.3905 0.5951 -0.7024
vn 0.3400 -0.6222 -0.7052
vn -0.4199 0.5765 -0.7009
vn -0.4531 0.5516 -0.7003
vn -0.4879 0.5219 -0.6997
vn 0.3290 -0.6283 -0.7050
vn -0.5242 0.4867 -0.6988
vn -0.5608 0.4451 -0.6982
vn -0.5964 0.3972 -0.6975
vn -0.6305 0.3422 -0.6967
vn -0.6606 0.2806 -0.6963
vn -0.6855 0.2140 -0.6959
vn 0.3167 -0.6348 -0.7048
vn -0.7036 0.1437 -0.6959
vn -0.7145 0.0717 -0.6959
vn -0.7176 0.0008 -0.6964
vn -0.7151 -0.0723 -0.6952
vn 0.2959 -0.6481 -0.7017
vn -0.7037 -0.1546 -0.6934
vn -0.6788 -0.2474 -0.6914
vn -0.6355 -0.3466 -0.6899
vn -0.5723 -0.4448 -0.6889
vn 0.2700 -0.6570 -0.7039
vn -0.4910 -0.5332 -0.6889
vn 0.2508 -0.6647 -0.7037
vn -0.3984 -0.6045 -0.6898
vn 0.2304 -0.6722 -0.7036
vn 0.2089 -0.6793 -0.7035
vn -0.3032 -0.6557 -0.6915
vn 0.1862 -0.6860 -0.7033
vn 0.1626 -0.6921 -0.7032
vn -0.2129 -0.6884 -0.6934
vn 0.1381 -0.6976 -0.7031
vn -0.1316 -0.7066 -0.6953
vn 0.1124 -0.7023 -0.7029
vn 0.0856 -0.7063 -0.7028
vn -0.0610 -0.7144 -0.6970
vn 0.0578 -0.7092 -0.7027
vn 0.0291 -0.7111 -0.7025
vn -0.0069 -0.7137 -0.7004
vn -0.0391 0.7122 -0.7009
vn -0.0000 0.7131 -0.7011
vn 0.0373 0.7117 -0.7014
vn -0.0799 0.7091 -0.7005
vn 0.0718 0.7086 -0.7019
vn -0.1227 0.7033 -0.7002
vn 0.1033 0.7043 -0.7023
vn -0.1671 0.6944 -0.6999
vn 0.1320 0.6991 -0.7027
vn -0.2125 0.6822 -0.6997
vn 0.1582 0.6933 -0.7031
vn -0.2583 0.6664 -0.6994
vn 0.1821 0.6871 -0.7034
vn -0.3040 0.6469 -0.6993
vn 0.2038 0.6807 -0.7037
vn -0.3486 0.6241 -0.6992
vn 0.2236 0.6741 -0.7039
vn -0.3917 0.5980 -0.6993
vn 0.2416 0.6676 -0.7042
vn -0.4323 0.5692 -0.6994
vn -0.4702 0.5381 -0.6995
vn 0.2582 0.6612 -0.7044
vn -0.4992 0.5083 -0.7017
vn 0.2734 0.6548 -0.7046
vn -0.5184 0.4863 -0.7034
vn 0.2845 0.6490 -0.7056
vn -0.5355 0.4681 -0.7030
vn -0.5540 0.4468 -0.7024
vn -0.5738 0.4221 -0.7019
vn 0.3055 0.6435 -0.7018
vn -0.5947 0.3933 -0.7012
vn -0.6170 0.3591 -0.7003
vn -0.6396 0.3188 -0.6995
vn 0.3379 0.6279 -0.7011
vn -0.6621 0.2717 -0.6985
vn -0.6833 0.2164 -0.6974
vn -0.7014 0.1525 -0.6963
vn 0.3743 0.6080 -0.7002
vn -0.7144 0.0799 -0.6952
vn -0.7186 0.0031 -0.6954
vn -0.7150 -0.0731 -0.6953
vn 0.4149 0.5824 -0.6991
vn -0.7035 -0.1536 -0.6939
vn -0.6799 -0.2409 -0.6926
vn 0.4598 0.5492 -0.6978
vn -0.6419 -0.3309 -0.6918
vn -0.5893 -0.4178 -0.6915
vn -0.5246 -0.4963 -0.6917
vn -0.4519 -0.5623 -0.6926
vn 0.5083 0.5066 -0.6964
vn -0.3767 -0.6139 -0.6937
vn -0.3032 -0.6519 -0.6951
vn -0.2347 -0.6781 -0.6965
vn -0.1730 -0.6949 -0.6979
vn -0.1076 -0.7104 -0.6955
vn -0.0774 -0.7001 -0.7099
vn 0.5590 0.4523 -0.6949
vn -0.0955 -0.6975 -0.7102
vn -0.1156 -0.6941 -0.7106
vn -0.1383 -0.6894 -0.7111
vn 0.6094 0.3845 -0.6934
vn -0.1638 -0.6832 -0.7116
vn -0.1926 -0.6750 -0.7123
vn -0.2253 -0.6639 -0.7131
vn 0.6553 0.3026 -0.6921
vn -0.2623 -0.6491 -0.7140
vn -0.3039 -0.6295 -0.7151
vn 0.6920 0.2082 -0.6912
vn -0.3504 -0.6032 -0.7165
vn -0.4018 -0.5683 -0.7180
vn 0.7152 0.1054 -0.6909
vn -0.4692 -0.4998 -0.7280
vn 0.7210 0.0060 -0.6929
vn -0.5433 -0.4328 -0.7194
vn -0.5853 -0.3773 -0.7177
vn -0.6170 -0.3262 -0.7161
vn 0.7143 -0.0777 -0.6955
vn -0.6406 -0.2803 -0.7149
vn 0.7020 -0.1484 -0.6965
vn 0.6847 -0.2109 -0.6976
vn -0.6582 -0.2393 -0.7138
vn 0.6646 -0.2649 -0.6987
vn -0.6712 -0.2031 -0.7129
vn 0.6431 -0.3114 -0.6996
vn -0.6809 -0.1712 -0.7121
vn 0.6214 -0.3510 -0.7005
vn -0.6880 -0.1431 -0.7115
vn 0.6002 -0.3848 -0.7012
vn -0.6932 -0.1181 -0.7110
vn 0.5799 -0.4136 -0.7019
vn 0.5608 -0.4383 -0.7025
vn -0.6972 -0.0960 -0.7105
vn 0.5428 -0.4595 -0.7030
vn -0.6999 -0.0764 -0.7101
vn 0.5261 -0.4779 -0.7034
vn 0.5231 -0.4675 -0.7127
vn -0.6991 -0.0471 -0.7135
vn 0.5556 -0.4111 -0.7227
vn 0.6043 -0.3425 -0.7194
vn -0.7059 -0.0253 -0.7079
vn 0.6368 -0.2841 -0.7168
vn 0.6585 -0.2353 -0.7149
vn 0.6732 -0.1947 -0.7133
vn 0.6832 -0.1609 -0.7123
vn 0.6902 -0.1324 -0.7114
vn 0.6951 -0.1083 -0.7107
vn 0.6985 -0.0877 -0.7102
vn -0.7064 -0.0171 -0.7076
vn 0.7009 -0.0698 -0.7098
vn 0.7027 -0.0543 -0.7094
vn 0.7022 -0.0343 -0.7112
vn -0.7065 -0.0140 -0.7076
vn 0.7061 -0.0193 -0.7079
vn 0.7064 -0.0151 -0.7077
vn -0.7066 -0.0113 -0.7075
vn 0.7066 -0.0120 -0.7076
vn 0.7067 -0.0095 -0.7075
vn -0.7067 -0.0091 -0.7075
vn 0.7068 -0.0075 -0.7074
vn -0.7068 -0.0070 -0.7074
vn 0.7069 -0.0059 -0.7073
vn 0.7069 -0.0045 -0.7073
vn -0.7068 -0.0053 -0.7074
vn 0.7069 -0.0033 -0.7073
vn -0.7069 -0.0038 -0.7073
vn 0.7070 -0.0023 -0.7073
vn -0.7069 -0.0024 -0.7073
vn 0.7070 -0.0015 -0.7072
vn -0.0903 0.7125 -0.6958
vn -0.0201 0.7171 -0.6967
vn 0.0270 0.7108 -0.7029
vn -0.1482 0.6986 -0.7000
vn 0.0537 0.7092 -0.7029
vn -0.1854 0.6875 -0.7021
vn 0.0802 0.7067 -0.7029
vn -0.2112 0.6786 -0.7035
vn -0.7069 -0.0011 -0.7073
vn 0.1063 0.7032 -0.7030
vn 0.7070 -0.0007 -0.7072
vn -0.2300 0.6716 -0.7044
vn 0.1319 0.6988 -0.7031
vn -0.2444 0.6658 -0.7049
vn 0.1568 0.6935 -0.7031
vn -0.2557 0.6611 -0.7054
vn 0.1812 0.6875 -0.7032
vn -0.2648 0.6572 -0.7057
vn 0.2048 0.6808 -0.7033
vn -0.2723 0.6539 -0.7059
vn 0.2277 0.6734 -0.7034
vn -0.2785 0.6510 -0.7061
vn -0.2839 0.6486 -0.7062
vn 0.2497 0.6654 -0.7035
vn -0.2748 0.6478 -0.7106
vn 0.2708 0.6570 -0.7036
vn -0.2435 0.6563 -0.7141
vn 0.2975 0.6473 -0.7018
vn -0.2079 0.6702 -0.7125
vn -0.1790 0.6795 -0.7115
vn -0.1552 0.6862 -0.7106
vn -0.1355 0.6910 -0.7101
vn 0.2799 0.2990 -0.9123
vn 0.3366 0.6307 -0.6992
vn -0.1189 0.6945 -0.7096
vn -0.1047 0.6971 -0.7092
vn -0.0924 0.6992 -0.7089
vn 0.3833 0.6045 -0.6984
vn -0.0818 0.7008 -0.7087
vn -0.3314 0.3023 -0.8938
vn -0.0725 0.7020 -0.7085
vn -0.0642 0.7029 -0.7084
vn -0.0588 0.7042 -0.7076
vn 0.4324 0.5715 -0.6975
vn -0.0566 0.7046 -0.7073
vn -0.0552 0.7047 -0.7073
vn -0.0812 0.7156 -0.6938
vn 0.0090 0.7211 -0.6927
vn 0.1052 0.7142 -0.6920
vn -0.1730 0.7009 -0.6919
vn 0.1930 0.6931 -0.6945
vn -0.2743 0.6698 -0.6900
vn 0.2633 0.6674 -0.6966
vn -0.0539 0.7049 -0.7073
vn -0.3786 0.6181 -0.6889
vn 0.3189 0.6406 -0.6985
vn 0.4828 0.5307 -0.6966
vn -0.4768 0.5465 -0.6885
vn -0.0528 0.7050 -0.7073
vn 0.3629 0.6152 -0.6999
vn -0.5603 0.4594 -0.6892
vn -0.0518 0.7050 -0.7073
vn 0.3981 0.5916 -0.7011
vn -0.6236 0.3660 -0.6908
vn -0.0509 0.7051 -0.7072
vn 0.5328 0.4815 -0.6959
vn 0.4264 0.5704 -0.7020
vn -0.6669 0.2747 -0.6926
vn -0.0500 0.7052 -0.7072
vn -0.6936 0.1909 -0.6946
vn -0.0493 0.7053 -0.7072
vn 0.4496 0.5513 -0.7027
vn 0.5804 0.4239 -0.6953
vn -0.7079 0.1173 -0.6965
vn 0.4689 0.5342 -0.7034
vn -0.0479 0.7054 -0.7072
vn -0.7139 0.0543 -0.6981
vn -0.0474 0.7054 -0.7072
vn 0.4850 0.5190 -0.7039
vn 0.6231 0.3589 -0.6950
vn -0.7157 -0.0026 -0.6984
vn 0.4987 0.5054 -0.7042
vn -0.7137 -0.0603 -0.6979
vn 0.6588 0.2883 -0.6949
vn 0.4827 0.5071 -0.7141
vn 0.4590 0.5323 -0.7113
vn 0.6862 0.2145 -0.6951
vn -0.7060 -0.1176 -0.6984
vn -0.0646 0.7042 -0.7070
vn -0.0651 0.7042 -0.7070
vn 0.7046 0.1402 -0.6956
vn -0.0655 0.7041 -0.7070
vn 0.4377 0.5494 -0.7117
vn -0.6945 -0.1708 -0.6989
vn 0.7145 0.0684 -0.6962
vn -0.0662 0.7040 -0.7071
vn -0.6801 -0.2193 -0.6995
vn 0.4135 0.5673 -0.7122
vn 0.7166 0.0022 -0.6975
vn -0.0666 0.7040 -0.7071
vn -0.0668 0.7040 -0.7071
vn 0.3859 0.5858 -0.7127
vn 0.7138 -0.0582 -0.6979
vn -0.6638 -0.2632 -0.7001
vn 0.7067 -0.1179 -0.6976
vn -0.0669 0.7040 -0.7071
vn 0.6941 -0.1781 -0.6975
vn 0.3545 0.6046 -0.7133
vn -0.0671 0.7039 -0.7071
vn -0.6461 -0.3026 -0.7007
vn 0.6761 -0.2371 -0.6976
vn 0.6533 -0.2940 -0.6976
vn 0.3187 0.6234 -0.7140
vn -0.0672 0.7039 -0.7071
vn 0.6261 -0.3476 -0.6979
vn -0.6280 -0.3376 -0.7012
vn 0.2782 0.6417 -0.7147
vn 0.5957 -0.3968 -0.6983
vn -0.0696 0.7044 -0.7064
vn 0.5631 -0.4412 -0.6988
vn 0.2326 0.6589 -0.7154
vn 0.5292 -0.4806 -0.6993
vn -0.0696 0.7030 -0.7078
vn 0.1817 0.6739 -0.7161
vn 0.4950 -0.5150 -0.6998
vn -0.6096 -0.3688 -0.7016
vn -0.0650 0.7033 -0.7079
vn -0.0601 0.7037 -0.7079
vn -0.0549 0.7041 -0.7080
vn 0.4612 -0.5448 -0.7003
vn 0.1255 0.6858 -0.7169
vn -0.0494 0.7045 -0.7080
vn -0.0437 0.7048 -0.7081
vn -0.0375 0.7051 -0.7081
vn 0.0645 0.6936 -0.7175
vn 0.4273 -0.5719 -0.7002
vn -0.0310 0.7053 -0.7082
vn -0.0240 0.7055 -0.7083
vn -0.0165 0.7057 -0.7083
vn 0.0144 0.7009 -0.7131
vn -0.0085 0.7057 -0.7084
vn 0.0002 -0.7065 -0.7077
vn 0.3956 -0.5921 -0.7021
vn 0.0044 -0.7064 -0.7078
vn -0.0034 -0.7066 -0.7077
vn -0.0067 -0.7066 -0.7076
vn 0.0086 -0.7064 -0.7078
vn -0.0097 -0.7066 -0.7076
vn 0.0126 -0.7064 -0.7077
vn -0.0126 -0.7065 -0.7076
vn 0.0164 -0.7063 -0.7077
vn -0.0153 -0.7065 -0.7075
vn 0.3683 -0.6097 -0.7019
vn -0.5915 -0.3964 -0.7022
vn 0.0200 -0.7063 -0.7077
vn -0.0179 -0.7065 -0.7075
vn 0.0235 -0.7062 -0.7077
vn -0.0203 -0.7064 -0.7075
vn 0.0268 -0.7061 -0.7076
vn -0.0226 -0.7064 -0.7075
vn 0.3389 -0.6268 -0.7017
vn -0.0248 -0.7063 -0.7074
vn 0.0300 -0.7060 -0.7076
vn -0.0268 -0.7063 -0.7074
vn 0.0331 -0.7059 -0.7076
vn 0.3073 -0.6431 -0.7014
vn -0.0288 -0.7062 -0.7074
vn 0.0360 -0.7057 -0.7076
vn -0.0333 -0.7052 -0.7082
vn 0.2737 -0.6583 -0.7012
vn 0.0388 -0.7056 -0.7075
vn -0.0361 -0.7065 -0.7068
vn 0.2384 -0.6721 -0.7011
vn -0.0344 -0.7065 -0.7068
vn 0.3196 -0.2965 -0.9000
vn -0.0325 -0.7067 -0.7068
vn 0.2012 -0.6843 -0.7009
vn -0.0304 -0.7068 -0.7067
vn 0.7069 0.0131 -0.7072
vn 0.1625 -0.6946 -0.7008
vn -0.0280 -0.7069 -0.7067
vn -0.0255 -0.7071 -0.7067
vn 0.1227 -0.7029 -0.7007
vn -0.0225 -0.7073 -0.7066
vn -0.0192 -0.7074 -0.7066
vn 0.0821 -0.7087 -0.7007
vn -0.0154 -0.7076 -0.7065
vn 0.0411 -0.7123 -0.7006
vn -0.0110 -0.7078 -0.7063
vn -0.0059 -0.7079 -0.7062
vn 0.0086 -0.7107 -0.7034
vn -0.5738 -0.4208 -0.7026
vn -0.1951 -0.1164 -0.9739
vn -0.5568 -0.4425 -0.7030
vn 0.0863 -0.7016 -0.7073
vn -0.5717 0.4127 -0.7091
vn 0.7069 0.0135 -0.7072
vn -0.5390 -0.4652 -0.7022
vn 0.0878 -0.7014 -0.7074
vn 0.0895 -0.7011 -0.7074
vn -0.5181 -0.4883 -0.7023
vn 0.0914 -0.7008 -0.7074
vn 0.0936 -0.7005 -0.7075
vn 0.7069 0.0139 -0.7072
vn -0.4957 -0.5117 -0.7018
vn 0.0960 -0.7002 -0.7075
vn -0.5644 0.4228 -0.7091
vn 0.0987 -0.6997 -0.7076
vn 0.1018 -0.6992 -0.7076
vn -0.4696 -0.5365 -0.7012
vn 0.1054 -0.6986 -0.7077
vn 0.7069 0.0141 -0.7071
vn 0.1097 -0.6978 -0.7078
vn -0.4394 -0.5623 -0.7006
vn 0.1147 -0.6968 -0.7080
vn 0.1122 -0.7000 -0.7053
vn -0.4043 -0.5888 -0.6999
vn 0.1208 -0.6916 -0.7121
vn 0.1510 -0.6857 -0.7120
vn -0.5572 0.4323 -0.7090
vn -0.0485 -0.1572 -0.9864
vn 0.1805 -0.6786 -0.7120
vn 0.2090 -0.6706 -0.7118
vn 0.2364 -0.6615 -0.7117
vn 0.2627 -0.6517 -0.7116
vn 0.2877 -0.6412 -0.7114
vn -0.3637 -0.6155 -0.6992
vn 0.3115 -0.6301 -0.7113
vn 0.3342 -0.6186 -0.7111
vn 0.7069 0.0143 -0.7071
vn 0.3554 -0.6068 -0.7109
vn -0.3173 -0.6415 -0.6984
vn 0.3755 -0.5947 -0.7108
vn 0.5781 -0.4129 -0.7037
vn -0.7070 -0.0043 -0.7072
vn 0.3659 -0.6163 -0.6974
vn -0.2645 -0.6657 -0.6977
vn 0.3239 -0.6333 -0.7028
vn 0.2992 -0.6455 -0.7027
vn -0.2055 -0.6869 -0.6971
vn 0.2731 -0.6572 -0.7025
vn 0.2459 -0.6679 -0.7025
vn 0.2177 -0.6778 -0.7023
vn -0.1409 -0.7036 -0.6965
vn 0.1884 -0.6865 -0.7023
vn 0.1583 -0.6942 -0.7022
vn -0.5502 0.4413 -0.7089
vn -0.0718 -0.7143 -0.6961
vn 0.1273 -0.7006 -0.7021
vn 0.0958 -0.7056 -0.7021
vn 0.0641 -0.7092 -0.7021
vn -0.0100 -0.7151 -0.6990
vn 0.0321 -0.7114 -0.7021
vn 0.7069 0.0145 -0.7071
vn 0.5657 -0.4293 -0.7040
vn -0.7071 -0.0041 -0.7071
vn -0.5433 0.4499 -0.7088
vn 0.7069 0.0146 -0.7071
vn 0.5539 -0.4441 -0.7042
vn -0.5365 0.4580 -0.7088
vn 0.5426 -0.4575 -0.7044
vn -0.7071 -0.0038 -0.7071
vn 0.7069 0.0148 -0.7071
vn -0.5299 0.4657 -0.7087
vn 0.5318 -0.4697 -0.7046
vn 0.7069 0.0149 -0.7071
vn -0.7070 -0.0034 -0.7072
vn -0.5235 0.4731 -0.7086
vn 0.5216 -0.4808 -0.7048
vn 0.7069 0.0150 -0.7071
vn -0.5172 0.4801 -0.7086
vn -0.7070 -0.0031 -0.7072
vn 0.5119 -0.4909 -0.7050
vn -0.5110 0.4867 -0.7085
vn 0.7070 0.0151 -0.7071
vn 0.5026 -0.5002 -0.7051
vn -0.7070 -0.0028 -0.7072
vn -0.5050 0.4930 -0.7085
vn 0.4939 -0.5087 -0.7052
vn -0.7070 -0.0024 -0.7072
vn 0.7073 0.0141 -0.7068
vn -0.4988 0.4992 -0.7085
vn 0.4855 -0.5165 -0.7054
vn -0.7070 -0.0020 -0.7072
vn 0.7068 0.0137 -0.7073
vn -0.4923 0.5055 -0.7086
vn 0.7068 0.0146 -0.7072
vn 0.4776 -0.5236 -0.7055
vn 0.7068 0.0153 -0.7072
vn -0.7070 -0.0015 -0.7072
vn -0.4854 0.5121 -0.7086
vn 0.7069 0.0159 -0.7072
vn 0.4709 -0.5290 -0.7060
vn 0.7069 0.0163 -0.7072
vn -0.7070 -0.0010 -0.7072
vn -0.4784 0.5186 -0.7086
vn 0.7069 0.0166 -0.7072
vn 0.4650 -0.5347 -0.7056
vn 0.7069 0.0169 -0.7071
vn -0.4713 0.5251 -0.7086
vn -0.7070 -0.0005 -0.7072
vn 0.7069 0.0172 -0.7071
vn 0.4577 -0.5411 -0.7055
vn -0.4640 0.5315 -0.7087
vn 0.7069 0.0174 -0.7071
vn -0.7070 -0.0000 -0.7072
vn 0.4501 -0.5475 -0.7055
vn 0.7069 0.0175 -0.7071
vn -0.4566 0.5379 -0.7087
vn -0.7070 0.0006 -0.7072
vn 0.4422 -0.5539 -0.7055
vn 0.7069 0.0177 -0.7071
vn -0.7070 0.0011 -0.7072
vn -0.4490 0.5442 -0.7087
vn 0.4341 -0.5603 -0.7054
vn -0.7070 0.0018 -0.7072
vn 0.7074 0.0164 -0.7067
vn -0.4412 0.5505 -0.7087
vn -0.7070 0.0024 -0.7072
vn 0.4257 -0.5667 -0.7054
vn -0.7070 0.0030 -0.7072
vn 0.7070 0.0148 -0.7071
vn -0.4333 0.5567 -0.7087
vn -0.7070 0.0037 -0.7072
vn 0.4170 -0.5732 -0.7054
vn 0.7070 0.0143 -0.7070
vn -0.7070 0.0044 -0.7072
vn -0.4253 0.5629 -0.7087
vn 0.7071 0.0138 -0.7070
vn -0.7070 0.0051 -0.7072
vn 0.4080 -0.5797 -0.7053
vn 0.7071 0.0131 -0.7070
vn -0.7070 0.0058 -0.7072
vn 0.7071 0.0124 -0.7070
vn -0.4171 0.5689 -0.7087
vn 0.3988 -0.5861 -0.7053
vn 0.7071 0.0116 -0.7070
vn -0.7069 0.0066 -0.7072
vn 0.7072 0.0106 -0.7069
vn -0.7070 0.0073 -0.7072
vn -0.4179 0.5720 -0.7058
vn 0.7073 0.0093 -0.7069
vn 0.3892 -0.5925 -0.7053
vn 0.7073 0.0077 -0.7069
vn -0.7068 0.0086 -0.7074
vn 0.7074 0.0059 -0.7068
vn 0.7076 0.0033 -0.7066
vn -0.4379 0.5623 -0.7015
vn -0.7035 0.0199 -0.7105
vn 0.3794 -0.5989 -0.7052
vn -0.0102 0.7135 -0.7006
vn 0.0198 0.7097 -0.7042
vn 0.0374 0.7088 -0.7045
vn 0.0532 0.7075 -0.7048
vn 0.0672 0.7060 -0.7050
vn 0.0796 0.7044 -0.7053
vn -0.2298 0.6839 -0.6924
vn 0.0905 0.7030 -0.7054
vn 0.1005 0.7015 -0.7056
vn -0.4675 0.5387 -0.7009
vn -0.3246 0.6462 -0.6907
vn 0.1097 0.7000 -0.7057
vn 0.1181 0.6985 -0.7058
vn -0.7019 0.0424 -0.7110
vn -0.4217 0.5891 -0.6893
vn 0.1255 0.6970 -0.7060
vn 0.7088 -0.0037 -0.7054
vn 0.1324 0.6957 -0.7060
vn 0.1303 0.6934 -0.7087
vn -0.5125 0.5126 -0.6889
vn 0.1217 0.6953 -0.7083
vn -0.4989 0.5107 -0.7002
vn -0.6993 0.0682 -0.7116
vn -0.5891 0.4217 -0.6893
vn -0.6462 0.3245 -0.6907
vn -0.6952 0.0976 -0.7122
vn -0.5316 0.4776 -0.6995
vn 0.1138 0.6966 -0.7084
vn 0.7100 -0.0191 -0.7040
vn -0.6885 0.1315 -0.7132
vn -0.5650 0.4387 -0.6988
vn -0.7053 0.1427 -0.6944
vn 0.1055 0.6978 -0.7085
vn -0.6789 0.1707 -0.7141
vn -0.7148 0.0665 -0.6962
vn -0.5984 0.3933 -0.6980
vn 0.0966 0.6990 -0.7086
vn -0.6645 0.2158 -0.7154
vn -0.6436 0.2676 -0.7170
vn -0.7152 0.0045 -0.6989
vn 0.0872 0.7001 -0.7087
vn -0.6305 0.3411 -0.6972
vn -0.6135 0.3267 -0.7189
vn -0.5718 0.3918 -0.7208
vn 0.0771 0.7012 -0.7088
vn -0.7131 -0.0464 -0.6995
vn -0.5143 0.4609 -0.7232
vn -0.6596 0.2822 -0.6966
vn 0.7094 -0.0398 -0.7037
vn 0.0664 0.7022 -0.7089
vn -0.4379 0.5309 -0.7256
vn 0.3447 -0.6315 -0.6945
vn -0.3545 0.5926 -0.7233
vn -0.2814 0.6355 -0.7190
vn 0.0548 0.7031 -0.7090
vn -0.7089 -0.0988 -0.6984
vn -0.2224 0.6614 -0.7163
vn -0.6844 0.2171 -0.6961
vn -0.1749 0.6777 -0.7142
vn 0.0425 0.7038 -0.7091
vn -0.1371 0.6879 -0.7127
vn -0.1060 0.6944 -0.7117
vn 0.0293 0.7043 -0.7093
vn -0.0802 0.6987 -0.7109
vn -0.0588 0.7015 -0.7103
vn 0.0151 0.7046 -0.7095
vn -0.0407 0.7032 -0.7098
vn -0.0253 0.7044 -0.7094
vn 0.0011 0.7050 -0.7093
vn -0.0120 0.7050 -0.7091
vn -0.7030 0.1470 -0.6958
vn -0.6992 -0.1582 -0.6972
vn -0.7146 0.0739 -0.6956
vn -0.6822 -0.2248 -0.6958
vn 0.7081 -0.0626 -0.7033
vn -0.7190 -0.0026 -0.6950
vn -0.6551 -0.2976 -0.6945
vn -0.7158 -0.0895 -0.6925
vn -0.6158 -0.3744 -0.6933
vn -0.6978 -0.1902 -0.6905
vn -0.5630 -0.4512 -0.6924
vn -0.4973 -0.5234 -0.6920
vn 0.2989 -0.6427 -0.7054
vn -0.6605 -0.2985 -0.6889
vn 0.7058 -0.0877 -0.7030
vn -0.4208 -0.5866 -0.6920
vn 0.2885 -0.6477 -0.7052
vn -0.6012 -0.4062 -0.6882
vn -0.3383 -0.6370 -0.6926
vn 0.2768 -0.6530 -0.7050
vn -0.5226 -0.5030 -0.6884
vn -0.2552 -0.6735 -0.6938
vn 0.2633 -0.6590 -0.7046
vn -0.2051 -0.6786 -0.7053
vn -0.4321 -0.5811 -0.6896
vn 0.2475 -0.6654 -0.7042
vn -0.2019 -0.6766 -0.7081
vn -0.3393 -0.6377 -0.6915
vn 0.2292 -0.6724 -0.7038
vn 0.2074 -0.6801 -0.7031
vn -0.2519 -0.6749 -0.6936
vn 0.1811 -0.6883 -0.7024
vn -0.1737 -0.6971 -0.6956
vn 0.1492 -0.6970 -0.7014
vn -0.1063 -0.7087 -0.6975
vn 0.7023 -0.1153 -0.7025
vn 0.1098 -0.7054 -0.7002
vn -0.0492 -0.7134 -0.6990
vn 0.0606 -0.7131 -0.6985
vn 0.0048 -0.7157 -0.6984
vn -0.2086 -0.6744 -0.7083
vn -0.2161 -0.6719 -0.7084
vn 0.6971 -0.1457 -0.7020
vn -0.2246 -0.6689 -0.7086
vn -0.2344 -0.6652 -0.7089
vn 0.6898 -0.1791 -0.7015
vn -0.2457 -0.6608 -0.7092
vn 0.6799 -0.2157 -0.7009
vn -0.2590 -0.6553 -0.7096
vn -0.2748 -0.6482 -0.7102
vn 0.6666 -0.2557 -0.7002
vn -0.2939 -0.6390 -0.7109
vn -0.3172 -0.6267 -0.7118
vn 0.6491 -0.2989 -0.6995
vn -0.3460 -0.6096 -0.7132
vn -0.3656 -0.6052 -0.7072
vn 0.6266 -0.3453 -0.6987
vn -0.3761 -0.5929 -0.7120
vn -0.4021 -0.5752 -0.7124
vn 0.6034 -0.3748 -0.7039
vn -0.4294 -0.5544 -0.7129
vn -0.4579 -0.5306 -0.7133
vn 0.5881 -0.4057 -0.6996
vn -0.4871 -0.5031 -0.7139
vn -0.5168 -0.4719 -0.7143
vn 0.5603 -0.4426 -0.7001
vn -0.5462 -0.4366 -0.7149
vn 0.5322 -0.4753 -0.7006
vn -0.5751 -0.3969 -0.7153
vn -0.6025 -0.3531 -0.7157
vn 0.5044 -0.5040 -0.7011
vn -0.6277 -0.3054 -0.7161
vn 0.4775 -0.5289 -0.7016
vn -0.6498 -0.2543 -0.7163
vn -0.6674 -0.2514 -0.7009
vn 0.4517 -0.5506 -0.7020
vn -0.6523 -0.2894 -0.7005
vn 0.4271 -0.5694 -0.7024
vn 0.4037 -0.5857 -0.7028
vn -0.6335 -0.3304 -0.6996
vn 0.3817 -0.5999 -0.7032
vn 0.3610 -0.6123 -0.7035
vn -0.6091 -0.3755 -0.6986
vn 0.3416 -0.6229 -0.7038
vn -0.5773 -0.4245 -0.6975
vn 0.3270 -0.6288 -0.7055
vn -0.5366 -0.4766 -0.6963
vn 0.3150 -0.6362 -0.7043
vn 0.2982 -0.6446 -0.7040
vn -0.4856 -0.5302 -0.6951
vn 0.2797 -0.6531 -0.7038
vn -0.4231 -0.5825 -0.6941
vn 0.2593 -0.6618 -0.7034
vn 0.2367 -0.6705 -0.7032
vn -0.3496 -0.6302 -0.6933
vn 0.2119 -0.6791 -0.7028
vn -0.2667 -0.6700 -0.6928
vn 0.1845 -0.6875 -0.7024
vn 0.1542 -0.6953 -0.7020
vn -0.1779 -0.6988 -0.6928
vn 0.1207 -0.7024 -0.7015
vn -0.0878 -0.7153 -0.6933
vn 0.0839 -0.7081 -0.7011
vn 0.0436 -0.7123 -0.7005
vn -0.0101 -0.7170 -0.6970
vn -0.0305 0.7115 0.7020
vn 0.0394 0.7121 0.7010
vn 0.0028 0.7124 0.7018
vn -0.0663 0.7101 0.7010
vn 0.0777 0.7088 0.7012
vn -0.1095 0.7060 0.6996
vn 0.1147 0.7035 0.7013
vn -0.1621 0.6975 0.6980
vn 0.1502 0.6966 0.7015
vn -0.2262 0.6817 0.6958
vn -0.3036 0.6537 0.6931
vn 0.1839 0.6882 0.7018
vn -0.3945 0.6069 0.6899
vn 0.2157 0.6787 0.7020
vn -0.4943 0.5330 0.6867
vn 0.2457 0.6682 0.7022
vn -0.5916 0.4265 0.6842
vn -0.6696 0.2911 0.6833
vn 0.2737 0.6569 0.7025
vn -0.7147 0.1430 0.6846
vn 0.2999 0.6452 0.7027
vn -0.7259 0.0041 0.6878
vn 0.3243 0.6330 0.7029
vn -0.7148 -0.1184 0.6893
vn -0.6864 -0.2274 0.6907
vn -0.6461 -0.3212 0.6923
vn 0.3468 0.6207 0.7032
vn -0.5996 -0.3979 0.6944
vn -0.5524 -0.4585 0.6961
vn -0.5072 -0.5057 0.6979
vn -0.4660 -0.5421 0.6993
vn 0.3676 0.6083 0.7034
vn -0.4289 -0.5705 0.7004
vn -0.3960 -0.5927 0.7014
vn -0.3668 -0.6103 0.7021
vn -0.3410 -0.6243 0.7028
vn 0.3898 0.5952 0.7027
vn -0.3257 -0.6283 0.7065
vn -0.3353 -0.6168 0.7122
vn 0.4151 0.5786 0.7020
vn -0.3641 -0.5993 0.7129
vn -0.3960 -0.5776 0.7138
vn 0.4433 0.5583 0.7013
vn -0.4312 -0.5506 0.7148
vn 0.4744 0.5332 0.7004
vn -0.4695 -0.5166 0.7161
vn 0.5086 0.5022 0.6994
vn -0.5104 -0.4742 0.7174
vn 0.5456 0.4636 0.6982
vn -0.5526 -0.4216 0.7189
vn 0.5846 0.4155 0.6968
vn -0.5943 -0.3574 0.7205
vn 0.6241 0.3562 0.6954
vn -0.6323 -0.2813 0.7219
vn 0.6616 0.2843 0.6939
vn -0.6630 -0.1940 0.7231
vn -0.6831 -0.0987 0.7236
vn 0.6933 0.1993 0.6925
vn -0.6939 -0.0107 0.7200
vn 0.7149 0.1031 0.6915
vn -0.6974 0.0521 0.7148
vn 0.7197 0.0101 0.6942
vn -0.6946 0.0944 0.7132
vn -0.6904 0.1280 0.7120
vn 0.7145 -0.0661 0.6965
vn -0.6857 0.1553 0.7111
vn 0.7052 -0.1360 0.6959
vn -0.6810 0.1776 0.7104
vn 0.6878 -0.2083 0.6954
vn -0.6764 0.1962 0.7099
vn 0.6618 -0.2807 0.6951
vn 0.6276 -0.3505 0.6951
vn -0.6720 0.2120 0.7095
vn 0.5864 -0.4154 0.6954
vn -0.6680 0.2254 0.7092
vn 0.5400 -0.4734 0.6959
vn 0.4907 -0.5234 0.6966
vn -0.6643 0.2370 0.7089
vn 0.4405 -0.5653 0.6974
vn 0.3912 -0.5995 0.6982
vn -0.6608 0.2471 0.7087
vn 0.3441 -0.6268 0.6991
vn 0.3433 -0.6047 0.7186
vn 0.4016 -0.5683 0.7182
vn -0.6576 0.2560 0.7085
vn 0.4518 -0.5316 0.7164
vn 0.4918 -0.4969 0.7150
vn -0.6588 0.2588 0.7064
vn 0.5236 -0.4650 0.7138
vn 0.5492 -0.4361 0.7129
vn -0.6570 0.2589 0.7081
vn 0.5698 -0.4102 0.7120
vn 0.5866 -0.3870 0.7114
vn 0.6005 -0.3662 0.7108
vn 0.6119 -0.3477 0.7104
vn 0.6216 -0.3309 0.7100
vn 0.6298 -0.3158 0.7097
vn 0.6358 -0.3084 0.7075
vn 0.6365 -0.3092 0.7066
vn -0.6547 0.2645 0.7081
vn 0.6350 -0.3123 0.7066
vn -0.6524 0.2702 0.7081
vn 0.6335 -0.3155 0.7065
vn -0.6500 0.2760 0.7081
vn 0.6318 -0.3189 0.7065
vn -0.6475 0.2817 0.7081
vn 0.6300 -0.3224 0.7065
vn -0.6449 0.2874 0.7081
vn 0.6282 -0.3261 0.7064
vn -0.0611 0.7144 0.6971
vn 0.0439 0.7124 0.7004
vn -0.0031 0.7150 0.6992
vn 0.0866 0.7084 0.7005
vn -0.1316 0.7066 0.6953
vn 0.1275 0.7019 0.7008
vn -0.2129 0.6884 0.6934
vn 0.1662 0.6935 0.7010
vn 0.2027 0.6834 0.7013
vn -0.3032 0.6557 0.6915
vn 0.2369 0.6721 0.7016
vn -0.3984 0.6045 0.6898
vn 0.2688 0.6596 0.7019
vn -0.4910 0.5332 0.6889
vn 0.2982 0.6465 0.7022
vn -0.6423 0.2932 0.7081
vn 0.3252 0.6330 0.7025
vn -0.5723 0.4448 0.6889
vn 0.3502 0.6193 0.7028
vn -0.6355 0.3466 0.6899
vn 0.3731 0.6054 0.7030
vn 0.3904 0.5927 0.7044
vn -0.6788 0.2474 0.6914
vn 0.4057 0.5829 0.7040
vn -0.7037 0.1547 0.6934
vn -0.7151 0.0723 0.6953
vn -0.7189 -0.0051 0.6951
vn -0.7144 -0.0847 0.6946
vn -0.7000 -0.1605 0.6958
vn -0.6803 -0.2256 0.6973
vn -0.6582 -0.2808 0.6985
vn -0.6351 -0.3276 0.6995
vn -0.6122 -0.3666 0.7006
vn -0.5905 -0.3992 0.7014
vn 0.4221 0.5713 0.7039
vn -0.5700 -0.4268 0.7021
vn -0.5510 -0.4502 0.7026
vn -0.5334 -0.4702 0.7032
vn -0.5172 -0.4873 0.7036
vn -0.5016 -0.5035 0.7035
vn -0.4957 -0.4999 0.7102
vn 0.4389 0.5587 0.7037
vn 0.6262 -0.3300 0.7064
vn -0.5089 -0.4866 0.7100
vn -0.6396 0.2990 0.7081
vn 0.4559 0.5451 0.7036
vn -0.5213 -0.4736 0.7099
vn -0.5327 -0.4609 0.7098
vn 0.4733 0.5303 0.7034
vn 0.6241 -0.3340 0.7064
vn -0.5434 -0.4485 0.7097
vn 0.4909 0.5142 0.7033
vn -0.6369 0.3048 0.7081
vn -0.5533 -0.4364 0.7096
vn 0.5086 0.4969 0.7031
vn -0.5625 -0.4246 0.7094
vn 0.6218 -0.3383 0.7063
vn 0.5263 0.4783 0.7030
vn -0.5710 -0.4132 0.7093
vn -0.5790 -0.4021 0.7092
vn -0.6341 0.3106 0.7081
vn 0.5440 0.4584 0.7028
vn -0.5864 -0.3914 0.7091
vn 0.5615 0.4370 0.7027
vn 0.6194 -0.3428 0.7063
vn -0.5933 -0.3811 0.7091
vn 0.5786 0.4143 0.7026
vn -0.6312 0.3164 0.7082
vn -0.2876 0.1326 0.9485
vn 0.5927 0.3923 0.7034
vn 0.6168 -0.3475 0.7062
vn -0.1003 0.6995 0.7076
vn -0.0971 0.6999 0.7076
vn 0.6052 0.3727 0.7035
vn -0.0938 0.7003 0.7076
vn -0.1081 0.7147 0.6910
vn 0.1183 0.7146 0.6894
vn 0.0023 0.7243 0.6895
vn -0.2061 0.6914 0.6925
vn 0.2274 0.6866 0.6906
vn -0.2892 0.6589 0.6944
vn 0.3212 0.6460 0.6925
vn -0.3576 0.6227 0.6960
vn 0.3979 0.5997 0.6943
vn -0.4129 0.5855 0.6976
vn 0.4584 0.5524 0.6962
vn -0.4570 0.5501 0.6990
vn -0.4924 0.5171 0.7001
vn 0.5056 0.5074 0.6978
vn -0.5208 0.4870 0.7011
vn 0.5421 0.4660 0.6993
vn -0.5436 0.4601 0.7020
vn 0.6177 0.3521 0.7032
vn 0.5705 0.4290 0.7004
vn -0.5627 0.4357 0.7025
vn -0.0904 0.7007 0.7077
vn 0.5927 0.3959 0.7014
vn -0.5781 0.4138 0.7033
vn 0.6102 0.3668 0.7022
vn -0.3213 0.4569 0.8295
vn -0.5822 0.4015 0.7070
vn -0.5956 0.3904 0.7020
vn 0.6243 0.3411 0.7028
vn -0.6133 0.3623 0.7018
vn 0.6048 0.3478 0.7165
vn -0.0869 0.7012 0.7077
vn -0.6305 0.3322 0.7015
vn 0.2235 0.1431 0.9642
vn 0.5787 0.3929 0.7147
vn -0.6465 0.3000 0.7014
vn 0.6305 0.3294 0.7028
vn -0.6613 0.2662 0.7013
vn -0.0832 0.7016 0.7077
vn -0.6747 0.2307 0.7011
vn 0.5492 0.4320 0.7154
vn -0.6863 0.1939 0.7010
vn -0.6959 0.1560 0.7010
vn -0.0794 0.7020 0.7077
vn -0.7036 0.1172 0.7009
vn -0.2129 -0.4532 0.8656
vn 0.6433 0.3044 0.7025
vn 0.5142 0.4720 0.7161
vn 0.1312 -0.6952 0.7067
vn -0.6205 -0.3341 0.7094
vn -0.7089 0.0781 0.7009
vn -0.0754 0.7024 0.7078
vn -0.7121 0.0388 0.7010
vn -0.7138 -0.0024 0.7004
vn 0.4731 0.5121 0.7168
vn -0.7127 -0.0472 0.6999
vn -0.0712 0.7028 0.7078
vn -0.6273 -0.3217 0.7093
vn 0.1287 -0.6957 0.7067
vn 0.6560 0.2768 0.7022
vn 0.4260 0.5512 0.7174
vn -0.0669 0.7032 0.7078
vn -0.7079 -0.0920 0.7003
vn -0.6333 -0.3100 0.7092
vn 0.3732 0.5877 0.7179
vn -0.0624 0.7036 0.7078
vn -0.7008 -0.1339 0.7007
vn 0.1263 -0.6961 0.7067
vn 0.3152 0.6204 0.7182
vn -0.6387 -0.2989 0.7090
vn 0.6684 0.2465 0.7018
vn 0.2532 0.6480 0.7183
vn -0.6919 -0.1726 0.7011
vn 0.1891 0.6697 0.7181
vn -0.0835 0.7009 0.7084
vn -0.0757 0.7018 0.7084
vn 0.1246 0.6850 0.7178
vn -0.0680 0.7026 0.7083
vn -0.0603 0.7033 0.7084
vn 0.1239 -0.6966 0.7067
vn -0.6436 -0.2886 0.7089
vn -0.0526 0.7039 0.7083
vn -0.0450 0.7045 0.7083
vn 0.0612 0.6940 0.7174
vn -0.0374 0.7049 0.7083
vn -0.0298 0.7053 0.7083
vn -0.0223 0.7055 0.7083
vn 0.0132 0.7015 0.7126
vn -0.0148 0.7058 0.7083
vn -0.0074 0.7059 0.7083
vn -0.6816 -0.2083 0.7015
vn 0.6802 0.2131 0.7014
vn -0.6480 -0.2790 0.7088
vn 0.1216 -0.6969 0.7067
vn -0.6703 -0.2410 0.7019
vn 0.6910 0.1767 0.7009
vn -0.6584 -0.2708 0.7023
vn -0.6519 -0.2698 0.7086
vn 0.1194 -0.6973 0.7067
vn -0.6462 -0.2980 0.7026
vn 0.7003 0.1371 0.7005
vn -0.6555 -0.2613 0.7085
vn 0.1172 -0.6977 0.7068
vn -0.6339 -0.3226 0.7029
vn 0.7078 0.0942 0.7001
vn -0.6588 -0.2532 0.7085
vn 0.1150 -0.6980 0.7068
vn -0.6216 -0.3451 0.7032
vn -0.6618 -0.2455 0.7084
vn 0.7128 0.0483 0.6997
vn -0.6095 -0.3655 0.7035
vn 0.1130 -0.6984 0.7068
vn -0.6006 -0.3730 0.7072
vn -0.6645 -0.2383 0.7083
vn 0.7141 0.0019 0.7000
vn 0.1109 -0.6987 0.7068
vn -0.5974 -0.3859 0.7030
vn 0.7126 -0.0426 0.7003
vn -0.6667 -0.2406 0.7055
vn 0.1089 -0.6990 0.7068
vn 0.7089 -0.0877 0.6998
vn -0.5822 -0.4095 0.7024
vn 0.7018 -0.1351 0.6994
vn 0.1162 -0.6946 0.7099
vn 0.6909 -0.1845 0.6990
vn -0.6611 -0.2751 0.6980
vn -0.5635 -0.4360 0.7017
vn 0.6756 -0.2353 0.6987
vn -0.6358 -0.3316 0.6970
vn 0.6558 -0.2864 0.6985
vn 0.1311 -0.6928 0.7091
vn -0.5404 -0.4657 0.7008
vn 0.1440 -0.6900 0.7094
vn 0.6316 -0.3369 0.6983
vn 0.1587 -0.6864 0.7097
vn -0.6020 -0.3914 0.6960
vn 0.1755 -0.6818 0.7101
vn 0.6029 -0.3859 0.6983
vn 0.1951 -0.6760 0.7106
vn 0.2178 -0.6683 0.7113
vn -0.5116 -0.4987 0.6997
vn 0.5705 -0.4322 0.6984
vn 0.2445 -0.6581 0.7121
vn -0.5585 -0.4528 0.6950
vn 0.2762 -0.6442 0.7133
vn 0.5350 -0.4753 0.6985
vn 0.3140 -0.6250 0.7147
vn -0.5046 -0.5132 0.6943
vn 0.3591 -0.5979 0.7166
vn 0.4972 -0.5143 0.6988
vn -0.4753 -0.5350 0.6985
vn 0.4126 -0.5589 0.7193
vn 0.4617 -0.5434 0.7011
vn 0.4676 -0.5159 0.7178
vn -0.4408 -0.5695 0.6938
vn 0.4890 -0.5192 0.7009
vn 0.4314 -0.5679 0.7009
vn -0.4295 -0.5742 0.6970
vn 0.3989 -0.5915 0.7007
vn -0.3690 -0.6185 0.6937
vn 0.4588 -0.5466 0.7005
vn 0.3639 -0.6139 0.7005
vn 0.4249 -0.5738 0.7001
vn -0.3719 -0.6150 0.6954
vn 0.3267 -0.6346 0.7004
vn -0.2923 -0.6580 0.6940
vn 0.3874 -0.6002 0.6998
vn 0.2879 -0.6532 0.7004
vn -0.2141 -0.6868 0.6946
vn 0.2475 -0.6696 0.7002
vn 0.3464 -0.6251 0.6995
vn -0.3001 -0.6549 0.6936
vn 0.2060 -0.6835 0.7003
vn -0.1378 -0.7052 0.6955
vn 0.3021 -0.6480 0.6992
vn 0.1641 -0.6946 0.7004
vn 0.1221 -0.7032 0.7004
vn -0.0662 -0.7145 0.6965
vn 0.2550 -0.6681 0.6990
vn -0.2129 -0.6899 0.6919
vn 0.0804 -0.7090 0.7006
vn 0.0397 -0.7122 0.7008
vn -0.0060 -0.7150 0.6991
vn 0.2055 -0.6851 0.6989
vn 0.1544 -0.6983 0.6989
vn -0.1113 -0.7147 0.6905
vn 0.1027 -0.7078 0.6989
vn 0.0509 -0.7132 0.6991
vn -0.0157 -0.7193 0.6945
vn -0.0276 0.7109 0.7028
vn 0.0442 0.7123 0.7005
vn 0.0046 0.7128 0.7013
vn -0.0553 0.7094 0.7027
vn 0.0842 0.7080 0.7012
vn -0.0832 0.7066 0.7027
vn -0.1109 0.7028 0.7027
vn 0.1197 0.7023 0.7018
vn -0.1386 0.6979 0.7027
vn -0.1660 0.6918 0.7027
vn 0.1512 0.6956 0.7023
vn -0.1930 0.6848 0.7027
vn -0.2195 0.6767 0.7028
vn 0.1791 0.6885 0.7028
vn -0.2452 0.6677 0.7029
vn -0.2703 0.6580 0.7029
vn 0.2040 0.6811 0.7032
vn -0.2945 0.6473 0.7030
vn 0.2262 0.6736 0.7036
vn -0.3295 0.6341 0.6996
vn -0.3644 0.6121 0.7018
vn 0.2460 0.6663 0.7039
vn -0.3951 0.5935 0.7011
vn -0.4289 0.5706 0.7003
vn 0.2639 0.6591 0.7042
vn -0.4658 0.5422 0.6994
vn 0.2799 0.6522 0.7045
vn -0.5054 0.5069 0.6983
vn -0.5473 0.4631 0.6971
vn 0.2944 0.6455 0.7047
vn -0.5899 0.4095 0.6959
vn -0.6308 0.3453 0.6948
vn 0.3159 0.6379 0.7024
vn -0.6677 0.2702 0.6937
vn -0.6966 0.1853 0.6931
vn 0.3411 0.6243 0.7028
vn -0.7152 0.0939 0.6926
vn -0.7238 -0.0099 0.6899
vn -0.7146 -0.1359 0.6862
vn 0.3668 0.6103 0.7022
vn -0.6758 -0.2680 0.6866
vn -0.6156 -0.3839 0.6882
vn -0.5442 -0.4764 0.6906
vn 0.3960 0.5927 0.7014
vn -0.4714 -0.5453 0.6931
vn -0.4038 -0.5944 0.6955
vn -0.3440 -0.6287 0.6975
vn 0.4289 0.5705 0.7004
vn -0.2923 -0.6526 0.6991
vn -0.2481 -0.6692 0.7004
vn -0.2106 -0.6809 0.7015
vn 0.4660 0.5421 0.6992
vn -0.1784 -0.6891 0.7023
vn -0.1609 -0.6892 0.7065
vn -0.1822 -0.6743 0.7156
vn -0.2351 -0.6564 0.7169
vn 0.5073 0.5056 0.6978
vn -0.2937 -0.6307 0.7183
vn 0.5524 0.4584 0.6962
vn -0.3572 -0.5952 0.7198
vn 0.5997 0.3978 0.6944
vn -0.4234 -0.5482 0.7213
vn -0.4894 -0.4883 0.7225
vn 0.6460 0.3212 0.6924
vn 0.6865 0.2274 0.6906
vn -0.5510 -0.4164 0.7232
vn 0.7147 0.1183 0.6893
vn -0.6038 -0.3349 0.7234
vn 0.7205 0.0148 0.6933
vn -0.6450 -0.2479 0.7229
vn 0.7140 -0.0614 0.6974
vn 0.7061 -0.1241 0.6972
vn -0.6732 -0.1605 0.7218
vn 0.6922 -0.1870 0.6971
vn 0.6724 -0.2489 0.6970
vn -0.6892 -0.0773 0.7204
vn 0.6472 -0.3080 0.6973
vn 0.6178 -0.3629 0.6976
vn -0.7016 -0.0217 0.7122
vn 0.5849 -0.4131 0.6980
vn 0.5499 -0.4578 0.6986
vn 0.5141 -0.4968 0.6992
vn -0.3275 0.2998 0.8961
vn 0.5999 -0.3523 0.7184
vn 0.5574 -0.4130 0.7202
vn 0.5009 -0.4770 0.7222
vn 0.4287 -0.5404 0.7240
vn 0.4783 -0.5307 0.6997
vn 0.4432 -0.5596 0.7003
vn 0.4124 -0.5801 0.7025
vn 0.6310 -0.2972 0.7165
vn 0.6534 -0.2480 0.7153
vn 0.6696 -0.2046 0.7140
vn 0.6810 -0.1669 0.7130
vn 0.6891 -0.1338 0.7122
vn 0.6948 -0.1048 0.7115
vn 0.6987 -0.0795 0.7109
vn 0.6963 -0.0376 0.7168
vn 0.2730 0.2944 0.9158
vn -0.0440 0.7126 0.7001
vn 0.0998 0.7133 0.6937
vn 0.0171 0.7187 0.6951
vn -0.0893 0.7086 0.6999
vn 0.1732 0.6956 0.6973
vn -0.1359 0.7015 0.6996
vn -0.1830 0.6908 0.6995
vn 0.2258 0.6778 0.6997
vn -0.0250 0.7108 0.7029
vn 0.0898 0.7141 0.6943
vn 0.0182 0.7160 0.6978
vn -0.2299 0.6767 0.6994
vn -0.0544 0.7100 0.7021
vn -0.0901 0.7075 0.7010
vn 0.1642 0.6985 0.6965
vn 0.2647 0.6618 0.7014
vn -0.2760 0.6592 0.6994
vn -0.1338 0.7020 0.6995
vn -0.1882 0.6914 0.6975
vn -0.3205 0.6387 0.6995
vn 0.2236 0.6799 0.6984
vn 0.2942 0.6480 0.7026
vn -0.2563 0.6719 0.6949
vn -0.3631 0.6155 0.6996
vn -0.3403 0.6372 0.6915
vn 0.2711 0.6608 0.6999
vn -0.4030 0.5898 0.6998
vn 0.3173 0.6360 0.7034
vn -0.4405 0.5775 0.6873
vn -0.4399 0.5625 0.7000
vn -0.5495 0.4809 0.6832
vn 0.3359 0.6257 0.7041
vn -0.4738 0.5339 0.7003
vn 0.3093 0.6425 0.7011
vn -0.6481 0.3419 0.6804
vn -0.4848 0.5146 0.7072
vn -0.7122 0.1729 0.6803
vn 0.3510 0.6167 0.7046
vn -0.4640 0.5242 0.7140
vn 0.3404 0.6255 0.7020
vn -0.7293 0.0064 0.6842
vn -0.4310 0.5516 0.7141
vn 0.3636 0.6090 0.7050
vn -0.7135 -0.1332 0.6879
vn -0.3963 0.5771 0.7141
vn -0.6801 -0.2454 0.6908
vn 0.3660 0.6100 0.7028
vn -0.3603 0.6003 0.7140
vn -0.6386 -0.3330 0.6938
vn 0.3742 0.6022 0.7052
vn -0.3233 0.6211 0.7139
vn -0.5964 -0.3996 0.6962
vn -0.2858 0.6394 0.7138
vn -0.5568 -0.4499 0.6982
vn -0.2484 0.6551 0.7136
vn -0.2112 0.6681 0.7134
vn 0.3833 0.5961 0.7055
vn -0.5214 -0.4884 0.6998
vn 0.3874 0.5960 0.7034
vn -0.1747 0.6789 0.7131
vn -0.1394 0.6873 0.7129
vn -0.4903 -0.5177 0.7011
vn -0.1052 0.6937 0.7126
vn -0.0689 0.6973 0.7134
vn -0.0494 0.7052 0.7073
vn -0.4633 -0.5409 0.7020
vn -0.0486 0.7053 0.7072
vn -0.0478 0.7054 0.7072
vn -0.0470 0.7054 0.7072
vn 0.3910 0.5908 0.7057
vn -0.0463 0.7055 0.7072
vn -0.4397 -0.5592 0.7028
vn -0.0457 0.7055 0.7072
vn -0.0451 0.7056 0.7072
vn -0.0445 0.7056 0.7072
vn 0.4053 0.5833 0.7039
vn -0.0440 0.7057 0.7072
vn -0.4191 -0.5741 0.7034
vn -0.0435 0.7057 0.7072
vn -0.0430 0.7057 0.7072
vn -0.0419 0.7056 0.7074
vn -0.0412 0.7059 0.7071
vn -0.4010 -0.5862 0.7039
vn 0.4052 0.5839 0.7035
vn -0.0414 0.7059 0.7071
vn -0.0417 0.7059 0.7071
vn -0.3983 -0.5798 0.7108
vn -0.0420 0.7059 0.7070
vn -0.0424 0.7059 0.7070
vn -0.0429 0.7059 0.7070
vn -0.4233 -0.5573 0.7143
vn -0.0436 0.7059 0.7070
vn 0.4206 0.5719 0.7043
vn -0.0446 0.7059 0.7069
vn -0.0462 0.7059 0.7068
vn 0.4253 0.5701 0.7030
vn -0.0492 0.7060 0.7065
vn -0.0564 0.7065 0.7055
vn -0.4582 -0.5286 0.7146
vn 0.4479 0.5532 0.7024
vn -0.0570 0.7050 0.7069
vn -0.0581 0.7049 0.7069
vn -0.0590 0.7048 0.7070
vn 0.4338 0.5615 0.7046
vn -0.0598 0.7047 0.7070
vn -0.0604 0.7046 0.7070
vn -0.0610 0.7046 0.7070
vn -0.0615 0.7045 0.7070
vn -0.0620 0.7045 0.7070
vn -0.0623 0.7044 0.7070
vn -0.4926 -0.4961 0.7150
vn 0.4736 0.5325 0.7015
vn -0.0627 0.7044 0.7070
vn -0.0630 0.7043 0.7071
vn -0.0640 0.7045 0.7068
vn -0.0648 0.7042 0.7071
vn -0.0650 0.7041 0.7071
vn -0.0651 0.7041 0.7071
vn -0.0652 0.7041 0.7071
vn 0.5025 0.5067 0.7005
vn 0.1778 0.5758 0.7980
vn -0.0653 0.7041 0.7071
vn -0.0655 0.7041 0.7071
vn -0.5261 -0.4601 0.7153
vn -0.0657 0.7041 0.7071
vn -0.0659 0.7041 0.7071
vn -0.0661 0.7041 0.7071
vn -0.0664 0.7040 0.7071
vn -0.0667 0.7040 0.7070
vn -0.0688 0.7043 0.7065
vn 0.5349 0.4740 0.6994
vn -0.0693 0.7033 0.7075
vn -0.0667 0.7035 0.7075
vn -0.0643 0.7038 0.7075
vn -0.0622 0.7040 0.7074
vn -0.0600 0.7042 0.7074
vn -0.0581 0.7044 0.7074
vn -0.0563 0.7046 0.7074
vn -0.0546 0.7047 0.7074
vn -0.5579 -0.4206 0.7155
vn -0.0529 0.7049 0.7073
vn -0.0515 0.7050 0.7073
vn -0.0500 0.7051 0.7073
vn 0.5710 0.4325 0.6978
vn 0.6097 0.3792 0.6960
vn -0.5873 -0.3781 0.7156
vn 0.6494 0.3110 0.6939
vn -0.6139 -0.3332 0.7157
vn 0.6863 0.2249 0.6917
vn -0.0045 -0.7042 0.7100
vn -0.0289 -0.7015 0.7121
vn 0.7143 0.1198 0.6895
vn 0.0084 -0.7058 0.7083
vn -0.0630 -0.6982 0.7132
vn 0.0152 -0.7060 0.7081
vn -0.1037 -0.6920 0.7144
vn 0.0206 -0.7060 0.7079
vn -0.1528 -0.6810 0.7162
vn 0.0251 -0.7060 0.7078
vn -0.2123 -0.6624 0.7184
vn 0.0289 -0.7060 0.7077
vn -0.2835 -0.6320 0.7213
vn 0.0320 -0.7059 0.7076
vn -0.3663 -0.5835 0.7248
vn -0.6371 -0.2865 0.7156
vn 0.0348 -0.7059 0.7075
vn -0.4570 -0.5102 0.7286
vn -0.5462 -0.4075 0.7318
vn 0.0371 -0.7058 0.7075
vn 0.7216 0.0132 0.6922
vn -0.6203 -0.2791 0.7330
vn 0.0392 -0.7057 0.7074
vn -0.6672 -0.1381 0.7320
vn 0.0410 -0.7056 0.7074
vn -0.6930 -0.0271 0.7204
vn 0.0426 -0.7056 0.7073
vn -0.7027 0.0255 0.7110
vn 0.7149 -0.0737 0.6953
vn -0.7022 0.0478 0.7104
vn 0.0454 -0.7050 0.7078
vn -0.7012 0.0664 0.7098
vn -0.6999 0.0822 0.7094
vn -0.6987 0.0954 0.7090
vn 0.0495 -0.7047 0.7077
vn -0.6970 0.1071 0.7090
vn -0.6566 -0.2389 0.7154
vn 0.7033 -0.1530 0.6943
vn -0.6959 0.1174 0.7085
vn -0.6943 0.1262 0.7085
vn 0.0534 -0.7045 0.7077
vn -0.6930 0.1342 0.7083
vn -0.6919 0.1409 0.7081
vn 0.0572 -0.7042 0.7077
vn 0.6807 -0.2359 0.6935
vn -0.6905 0.1473 0.7082
vn -0.6793 0.1700 0.7139
vn 0.0610 -0.7039 0.7077
vn -0.6754 0.1998 0.7099
vn 0.6464 -0.3190 0.6931
vn 0.0646 -0.7036 0.7077
vn -0.6723 -0.1912 0.7152
vn 0.0682 -0.7032 0.7077
vn 0.6009 -0.3981 0.6931
vn 0.0717 -0.7029 0.7077
vn 0.5464 -0.4695 0.6936
vn 0.0751 -0.7026 0.7076
vn 0.4864 -0.5303 0.6944
vn 0.4244 -0.5800 0.6954
vn 0.0784 -0.7022 0.7076
vn -0.6843 -0.1440 0.7149
vn 0.3634 -0.6187 0.6965
vn 0.0817 -0.7019 0.7076
vn 0.3057 -0.6479 0.6977
vn 0.2525 -0.6693 0.6987
vn 0.0849 -0.7015 0.7076
vn 0.2376 -0.6607 0.7121
vn 0.2706 -0.6460 0.7138
vn 0.3402 -0.2867 0.8956
vn 0.3091 -0.6279 0.7142
vn -0.6898 -0.0838 0.7191
vn 0.3490 -0.6061 0.7148
vn 0.7060 0.0344 0.7074
vn 0.3897 -0.5803 0.7151
vn -0.6704 0.2163 0.7098
vn 0.4303 -0.5503 0.7156
vn 0.4704 -0.5160 0.7158
vn 0.5089 -0.4778 0.7161
vn -0.7051 -0.0468 0.7076
vn 0.5450 -0.4360 0.7162
vn 0.5780 -0.3912 0.7162
vn 0.7059 0.0363 0.7074
vn 0.6072 -0.3444 0.7160
vn 0.6322 -0.2963 0.7159
vn 0.6522 -0.2656 0.7100
vn 0.6579 -0.2639 0.7053
vn 0.7058 0.0379 0.7073
vn -0.6651 0.2321 0.7097
vn -0.7053 -0.0437 0.7076
vn 0.7058 0.0394 0.7073
vn -0.7054 -0.0404 0.7076
vn -0.6597 0.2473 0.7096
vn 0.7057 0.0407 0.7073
vn 0.6537 -0.2743 0.7053
vn -0.7056 -0.0369 0.7077
vn 0.7057 0.0419 0.7073
vn -0.6542 0.2619 0.7096
vn -0.7057 -0.0333 0.7077
vn 0.7056 0.0430 0.7073
vn 0.6492 -0.2851 0.7052
vn -0.7059 -0.0294 0.7078
vn 0.7056 0.0440 0.7073
vn -0.6485 0.2759 0.7095
vn -0.7060 -0.0252 0.7078
vn 0.7055 0.0449 0.7072
vn 0.6442 -0.2962 0.7051
vn -0.7061 -0.0208 0.7078
vn -0.6427 0.2893 0.7094
vn 0.7055 0.0458 0.7072
vn -0.7061 -0.0161 0.7079
vn -0.6368 0.3021 0.7093
vn -0.7062 -0.0111 0.7079
vn 0.7055 0.0465 0.7072
vn 0.6389 -0.3077 0.7051
vn -0.7062 -0.0057 0.7080
vn 0.7059 0.0461 0.7068
vn -0.6309 0.3144 0.7093
vn -0.7064 -0.0009 0.7078
vn 0.6332 -0.3195 0.7050
vn -0.7067 0.0025 0.7075
vn 0.7060 0.0444 0.7068
vn -0.7066 0.0053 0.7076
vn -0.7065 0.0086 0.7077
vn -0.6250 0.3262 0.7092
vn 0.7062 0.0424 0.7068
vn -0.7063 0.0124 0.7078
vn -0.7060 0.0172 0.7080
vn 0.7063 0.0403 0.7068
vn 0.6270 -0.3317 0.7049
vn -0.7057 0.0229 0.7081
vn -0.7051 0.0301 0.7084
vn 0.7065 0.0380 0.7067
vn -0.7043 0.0395 0.7088
vn -0.7028 0.0521 0.7095
vn -0.7002 0.0698 0.7105
vn -0.6191 0.3375 0.7091
vn 0.7067 0.0354 0.7067
vn -0.6951 0.0965 0.7124
vn -0.6852 0.1371 0.7153
vn -0.6923 0.1563 0.7045
vn -0.6955 0.1406 0.7046
vn -0.6985 0.1252 0.7046
vn 0.7069 0.0323 0.7066
vn -0.7009 0.1099 0.7047
vn -0.7030 0.0952 0.7048
vn -0.7048 0.0806 0.7048
vn -0.7062 0.0663 0.7049
vn 0.7071 0.0288 0.7065
vn 0.6203 -0.3442 0.7048
vn -0.7073 0.0525 0.7050
vn -0.7082 0.0389 0.7050
vn -0.7087 0.0255 0.7050
vn -0.7090 0.0126 0.7051
vn 0.7073 0.0249 0.7064
vn -0.7120 -0.0097 0.7021
vn -0.7131 -0.0511 0.6992
vn -0.6111 0.3502 0.7099
vn 0.7076 0.0202 0.7063
vn -0.7076 -0.1009 0.6994
vn -0.6988 -0.1484 0.6997
vn 0.7079 0.0147 0.7062
vn -0.6875 -0.1930 0.7001
vn -0.6740 -0.2347 0.7004
vn 0.7083 0.0079 0.7059
vn -0.6589 -0.2734 0.7008
vn 0.6130 -0.3571 0.7047
vn 0.7109 -0.0080 0.7033
vn -0.6426 -0.3087 0.7012
vn 0.7129 -0.0432 0.6999
vn -0.6257 -0.3410 0.7016
vn -0.6084 -0.3702 0.7020
vn -0.5997 0.3674 0.7109
vn 0.7094 -0.0937 0.6985
vn -0.5911 -0.3967 0.7023
vn -0.5739 -0.4205 0.7027
vn 0.7006 -0.1537 0.6968
vn -0.5635 -0.4247 0.7085
vn 0.6832 -0.2244 0.6949
vn -0.5599 -0.4422 0.7006
vn -0.5326 -0.4757 0.7001
vn 0.6052 -0.3704 0.7046
vn 0.6531 -0.3061 0.6926
vn -0.5005 -0.5102 0.6995
vn 0.6051 -0.3965 0.6904
vn -0.4631 -0.5452 0.6988
vn 0.5350 -0.4897 0.6884
vn -0.4200 -0.5798 0.6982
vn -0.3711 -0.6128 0.6977
vn 0.4418 -0.5765 0.6873
vn -0.3169 -0.6430 0.6973
vn 0.3313 -0.6462 0.6875
vn -0.2578 -0.6692 0.6969
vn 0.2142 -0.6927 0.6887
vn -0.1949 -0.6903 0.6968
vn -0.1299 -0.7054 0.6968
vn 0.1018 -0.7159 0.6907
vn -0.0645 -0.7141 0.6970
vn 0.0080 -0.7192 0.6948
vn -0.5867 0.3876 0.7110
vn 0.5968 -0.3840 0.7045
vn 0.5862 -0.4028 0.7029
vn -0.5727 0.4079 0.7111
vn 0.5712 -0.4230 0.7034
vn -0.5576 0.4281 0.7112
vn 0.5568 -0.4421 0.7033
vn -0.5416 0.4480 0.7113
vn 0.5412 -0.4612 0.7032
vn -0.5246 0.4677 0.7113
vn 0.5244 -0.4803 0.7030
vn -0.5067 0.4871 0.7114
vn 0.5065 -0.4994 0.7029
vn 0.4873 -0.5182 0.7028
vn -0.4878 0.5059 0.7114
vn 0.4669 -0.5368 0.7027
vn -0.4681 0.5242 0.7115
vn 0.4454 -0.5549 0.7026
vn -0.4476 0.5418 0.7115
vn 0.4228 -0.5724 0.7026
vn -0.4264 0.5586 0.7115
vn 0.3991 -0.5892 0.7025
vn -0.4131 0.5719 0.7087
vn 0.3745 -0.6052 0.7025
vn -0.4253 0.5710 0.7022
vn -0.4515 0.5511 0.7017
vn -0.4802 0.5274 0.7009
vn -0.5110 0.4986 0.7002
vn 0.3379 -0.6316 0.6977
vn -0.5437 0.4642 0.6992
vn -0.5777 0.4227 0.6983
vn -0.6122 0.3730 0.6972
vn -0.6453 0.3145 0.6962
vn -0.6752 0.2467 0.6952
vn -0.6991 0.1703 0.6944
vn -0.7149 0.0871 0.6938
vn -0.7178 0.0084 0.6962
vn -0.7141 -0.0572 0.6977
vn -0.7074 -0.1235 0.6959
vn -0.6914 -0.2005 0.6941
vn 0.3048 -0.6391 0.7062
vn -0.6622 -0.2872 0.6921
vn 0.2992 -0.6419 0.7060
vn -0.6154 -0.3804 0.6903
vn 0.2926 -0.6451 0.7058
vn 0.2847 -0.6489 0.7056
vn -0.5484 -0.4738 0.6890
vn 0.2750 -0.6534 0.7053
vn -0.4627 -0.5582 0.6888
vn 0.2631 -0.6588 0.7048
vn -0.3644 -0.6263 0.6892
vn 0.2479 -0.6654 0.7041
vn -0.2621 -0.6739 0.6907
vn 0.2277 -0.6735 0.7032
vn 0.2002 -0.6837 0.7017
vn -0.1647 -0.7023 0.6925
vn 0.1601 -0.6966 0.6994
vn -0.0771 -0.7153 0.6945
vn 0.0977 -0.7123 0.6950
vn 0.0112 -0.7213 0.6926
vn -0.0908 0.7143 0.6939
vn 0.0914 0.7135 0.6947
vn 0.0016 0.7220 0.6919
vn -0.1678 0.6981 0.6961
vn 0.1599 0.6981 0.6979
vn -0.2307 0.6782 0.6977
vn 0.2098 0.6826 0.7001
vn -0.2820 0.6569 0.6992
vn -0.0831 0.7156 0.6936
vn 0.1182 0.7142 0.6899
vn 0.0114 0.7221 0.6917
vn 0.2192 0.6874 0.6924
vn -0.1768 0.7003 0.6916
vn 0.2471 0.6683 0.7016
vn 0.3005 0.6534 0.6948
vn -0.2796 0.6679 0.6898
vn -0.3237 0.6361 0.7004
vn 0.3648 0.6176 0.6968
vn -0.3848 0.6145 0.6887
vn 0.4149 0.5830 0.6986
vn 0.2760 0.6558 0.7027
vn -0.3576 0.6165 0.7015
vn -0.4828 0.5412 0.6885
vn 0.4542 0.5512 0.6999
vn -0.3857 0.5984 0.7022
vn -0.5651 0.4534 0.6893
vn 0.4850 0.5226 0.7012
vn 0.2988 0.6448 0.7035
vn -0.6269 0.3600 0.6909
vn 0.5098 0.4973 0.7020
vn -0.4092 0.5818 0.7029
vn 0.3171 0.6353 0.7042
vn 0.5298 0.4747 0.7028
vn -0.6689 0.2693 0.6928
vn -0.4289 0.5668 0.7035
vn 0.5463 0.4549 0.7033
vn -0.6944 0.1868 0.6949
vn 0.3323 0.6270 0.7046
vn -0.4456 0.5531 0.7039
vn 0.5599 0.4372 0.7039
vn -0.7081 0.1148 0.6967
vn 0.3450 0.6197 0.7050
vn -0.4600 0.5407 0.7043
vn 0.5676 0.4242 0.7056
vn -0.7138 0.0531 0.6983
vn 0.5512 0.4320 0.7139
vn -0.4477 0.5399 0.7128
vn 0.3557 0.6133 0.7053
vn -0.7147 0.0003 0.6995
vn -0.4157 0.5631 0.7142
vn -0.7131 -0.0490 0.6994
vn 0.3648 0.6076 0.7055
vn -0.3802 0.5879 0.7140
vn -0.3448 0.6097 0.7137
vn 0.5228 0.4650 0.7145
vn -0.3102 0.6285 0.7133
vn 0.3869 0.5987 0.7013
vn -0.2766 0.6444 0.7130
vn -0.2439 0.6577 0.7127
vn -0.7080 -0.0985 0.6993
vn -0.2127 0.6689 0.7123
vn 0.4113 0.5799 0.7032
vn 0.4898 0.4987 0.7151
vn -0.1831 0.6779 0.7119
vn -0.1550 0.6852 0.7116
vn -0.1285 0.6910 0.7113
vn -0.1035 0.6955 0.7111
vn -0.0744 0.6976 0.7126
vn 0.4331 0.5646 0.7026
vn -0.0592 0.7050 0.7067
vn -0.0616 0.7048 0.7068
vn -0.0635 0.7045 0.7068
vn -0.0652 0.7044 0.7068
vn -0.0666 0.7041 0.7069
vn 0.4516 0.5327 0.7157
vn -0.0678 0.7041 0.7069
vn -0.6994 -0.1480 0.6992
vn -0.0689 0.7039 0.7070
vn -0.0699 0.7038 0.7070
vn -0.0707 0.7037 0.7070
vn -0.0714 0.7036 0.7070
vn 0.4574 0.5459 0.7020
vn -0.0722 0.7035 0.7070
vn -0.0687 0.7026 0.7083
vn -0.0653 0.7042 0.7070
vn 0.4081 0.5660 0.7163
vn -0.0658 0.7041 0.7070
vn -0.0665 0.7041 0.7070
vn 0.4846 0.5231 0.7011
vn -0.0671 0.7040 0.7070
vn -0.0677 0.7040 0.7070
vn -0.6872 -0.1968 0.6993
vn -0.0685 0.7039 0.7070
vn -0.0694 0.7039 0.7069
vn 0.3593 0.5975 0.7169
vn -0.0704 0.7037 0.7070
vn -0.0715 0.7037 0.7069
vn 0.5147 0.4948 0.7002
vn -0.0728 0.7036 0.7069
vn -0.0743 0.7034 0.7069
vn -0.0668 0.7014 0.7097
vn -0.0584 0.7045 0.7073
vn 0.3055 0.6262 0.7173
vn -0.0570 0.7046 0.7073
vn 0.5479 0.4596 0.6990
vn -0.6717 -0.2442 0.6994
vn -0.0554 0.7046 0.7074
vn 0.2476 0.6510 0.7175
vn -0.0535 0.7048 0.7074
vn 0.5838 0.4155 0.6976
vn -0.0513 0.7049 0.7075
vn 0.1867 0.6709 0.7177
vn -0.0485 0.7050 0.7076
vn -0.0451 0.7051 0.7077
vn 0.1242 0.6853 0.7176
vn -0.0409 0.7052 0.7079
vn 0.6212 0.3602 0.6960
vn -0.6533 -0.2895 0.6996
vn -0.0353 0.7052 0.7081
vn 0.0616 0.6940 0.7173
vn -0.0275 0.7051 0.7085
vn -0.0163 0.7048 0.7093
vn 0.0105 0.7005 0.7136
vn 0.6581 0.2915 0.6943
vn -0.6324 -0.3322 0.6998
vn 0.6910 0.2078 0.6924
vn 0.7147 0.1092 0.6909
vn -0.6095 -0.3720 0.7001
vn 0.7237 0.0004 0.6901
vn 0.7148 -0.1084 0.6909
vn 0.6912 -0.2076 0.6922
vn -0.5852 -0.4085 0.7004
vn 0.6577 -0.2933 0.6938
vn 0.6192 -0.3644 0.6955
vn -0.5601 -0.4418 0.7008
vn 0.5797 -0.4218 0.6971
vn -0.2804 -0.2490 0.9270
vn 0.5415 -0.4678 0.6985
vn 0.0347 -0.7045 0.7089
vn -0.6973 0.1140 0.7076
vn 0.5057 -0.5045 0.6998
vn 0.0452 -0.7041 0.7087
vn -0.5346 -0.4719 0.7011
vn 0.0545 -0.7036 0.7085
vn 0.0628 -0.7030 0.7084
vn 0.4732 -0.5338 0.7008
vn 0.0704 -0.7024 0.7083
vn 0.4439 -0.5574 0.7017
vn 0.0772 -0.7018 0.7081
vn -0.5092 -0.4985 0.7016
vn 0.0834 -0.7012 0.7081
vn 0.4175 -0.5765 0.7023
vn 0.0891 -0.7006 0.7080
vn 0.3939 -0.5922 0.7030
vn 0.0943 -0.7000 0.7079
vn -0.4873 -0.5171 0.7036
vn 0.3966 -0.5757 0.7151
vn 0.0991 -0.6994 0.7078
vn 0.4376 -0.5439 0.7161
vn 0.4785 -0.5087 0.7158
vn 0.1035 -0.6988 0.7078
vn -0.4704 -0.5331 0.7032
vn 0.5153 -0.4718 0.7154
vn 0.1102 -0.6970 0.7086
vn 0.5480 -0.4340 0.7151
vn -0.4507 -0.5505 0.7027
vn 0.5766 -0.3961 0.7146
vn 0.1165 -0.6969 0.7076
vn 0.1199 -0.6963 0.7077
vn 0.6011 -0.3587 0.7141
vn 0.1237 -0.6956 0.7077
vn -0.6968 0.1173 0.7076
vn -0.4275 -0.5695 0.7021
vn 0.1279 -0.6947 0.7079
vn 0.6219 -0.3225 0.7136
vn 0.1329 -0.6936 0.7080
vn 0.1386 -0.6923 0.7081
vn -0.4001 -0.5899 0.7014
vn 0.6392 -0.2877 0.7132
vn 0.1453 -0.6908 0.7083
vn 0.1533 -0.6888 0.7086
vn 0.1630 -0.6863 0.7089
vn 0.6536 -0.2546 0.7127
vn -0.3675 -0.6117 0.7006
vn 0.1748 -0.6829 0.7093
vn 0.1899 -0.6782 0.7100
vn 0.2075 -0.6727 0.7102
vn -0.3287 -0.6344 0.6996
vn 0.6654 -0.2233 0.7123
vn 0.2172 -0.6731 0.7070
vn 0.2161 -0.6735 0.7069
vn -0.2823 -0.6576 0.6985
vn 0.2146 -0.6740 0.7069
vn 0.6750 -0.1938 0.7119
vn 0.2130 -0.6746 0.7068
vn -0.2269 -0.6800 0.6972
vn 0.2108 -0.6754 0.7067
vn 0.2080 -0.6764 0.7066
vn -0.1615 -0.6998 0.6959
vn 0.2041 -0.6778 0.7064
vn 0.1985 -0.6799 0.7060
vn 0.6831 -0.1720 0.7098
vn -0.0853 -0.7145 0.6944
vn 0.1899 -0.6829 0.7053
vn 0.1738 -0.6892 0.7034
vn 0.0295 -0.7280 0.6849
vn 0.1330 -0.7043 0.6973
vn 0.6877 -0.1648 0.7070
vn -0.6962 0.1207 0.7077
vn -0.6955 0.1242 0.7077
vn 0.6876 -0.1652 0.7070
vn -0.6949 0.1277 0.7077
vn 0.6875 -0.1657 0.7070
vn -0.6942 0.1314 0.7077
vn 0.6874 -0.1663 0.7070
vn -0.6935 0.1351 0.7077
vn 0.6872 -0.1670 0.7070
vn -0.6927 0.1390 0.7077
vn 0.6871 -0.1678 0.7070
vn -0.6919 0.1429 0.7077
vn 0.6869 -0.1687 0.7069
vn 0.6866 -0.1699 0.7069
vn -0.6910 0.1469 0.7078
vn 0.6863 -0.1713 0.7068
vn -0.6901 0.1511 0.7078
vn 0.6859 -0.1732 0.7068
vn -0.0230 0.7104 0.7034
vn 0.0527 0.7130 0.6992
vn 0.0080 0.7130 0.7011
vn -0.0471 0.7094 0.7032
vn 0.1009 0.7071 0.6999
vn -0.0718 0.7074 0.7032
vn -0.0973 0.7045 0.7030
vn 0.1439 0.6989 0.7006
vn -0.1236 0.7005 0.7029
vn -0.1504 0.6954 0.7027
vn 0.1821 0.6893 0.7012
vn -0.1780 0.6890 0.7026
vn -0.2057 0.6812 0.7026
vn 0.2160 0.6788 0.7018
vn -0.2339 0.6723 0.7023
vn -0.2622 0.6617 0.7024
vn 0.2461 0.6679 0.7023
vn -0.2904 0.6500 0.7022
vn 0.6854 -0.1757 0.7066
vn -0.3284 0.6350 0.6992
vn 0.2728 0.6570 0.7028
vn -0.3351 0.6185 0.7108
vn -0.3263 0.3748 0.8678
vn 0.2964 0.6462 0.7032
vn -0.3143 0.6291 0.7110
vn 0.3175 0.6357 0.7036
vn -0.1548 0.7140 0.6828
vn 0.0435 0.7128 0.7001
vn -0.0261 0.7208 0.6927
vn 0.0898 0.7088 0.6997
vn -0.3114 0.6615 0.6822
vn 0.1386 0.7014 0.6992
vn -0.2921 0.6395 0.7111
vn 0.1897 0.6898 0.6988
vn -0.4490 0.5754 0.6836
vn 0.2421 0.6735 0.6984
vn -0.5521 0.4725 0.6870
vn 0.2949 0.6524 0.6982
vn -0.2684 0.6495 0.7114
vn 0.3364 0.6256 0.7039
vn 0.3469 0.6265 0.6980
vn -0.6204 0.3720 0.6905
vn 0.3972 0.5959 0.6979
vn -0.6620 0.2834 0.6938
vn -0.2430 0.6592 0.7116
vn 0.4446 0.5613 0.6981
vn 0.3533 0.6159 0.7042
vn 0.4882 0.5235 0.6983
vn -0.2160 0.6683 0.7118
vn -0.6861 0.2099 0.6966
vn 0.5275 0.4835 0.6985
vn -0.1874 0.6767 0.7120
vn 0.2692 0.2197 0.9377
vn -0.6996 0.1499 0.6986
vn -0.1572 0.6841 0.7122
vn 0.5405 0.4566 0.7067
vn 0.3714 0.6059 0.7035
vn -0.1254 0.6904 0.7125
vn 0.5312 0.4614 0.7106
vn -0.0921 0.6955 0.7126
vn -0.7067 0.1011 0.7003
vn -0.0575 0.6990 0.7128
vn -0.0386 0.7055 0.7076
vn -0.0370 0.7061 0.7071
vn -0.0368 0.7061 0.7071
vn 0.3952 0.5924 0.7020
vn -0.0367 0.7061 0.7071
vn -0.0366 0.7061 0.7071
vn -0.0365 0.7061 0.7071
vn -0.7101 0.0611 0.7014
vn -0.0365 0.7062 0.7071
vn -0.0364 0.7062 0.7071
vn -0.0363 0.7062 0.7071
vn -0.7112 0.0281 0.7024
vn 0.4236 0.5732 0.7014
vn 0.5153 0.4784 0.7111
vn -0.7151 -0.0131 0.6989
vn 0.4546 0.5499 0.7007
vn -0.0565 0.7048 0.7072
vn -0.0561 0.7048 0.7071
vn -0.0559 0.7048 0.7072
vn -0.7144 -0.0772 0.6955
vn -0.0557 0.7049 0.7071
vn 0.4964 0.4971 0.7117
vn -0.0556 0.7049 0.7071
vn 0.4882 0.5214 0.6998
vn -0.0555 0.7049 0.7071
vn -0.0554 0.7049 0.7071
vn -0.0553 0.7049 0.7071
vn -0.7021 -0.1482 0.6965
vn 0.5243 0.4866 0.6988
vn 0.4738 0.5177 0.7124
vn -0.0552 0.7049 0.7071
vn -0.0553 0.7050 0.7071
vn 0.5621 0.4441 0.6977
vn -0.6847 -0.2113 0.6975
vn 0.4464 0.5403 0.7133
vn -0.0556 0.7050 0.7070
vn -0.0561 0.7050 0.7070
vn 0.6004 0.3927 0.6966
vn -0.0567 0.7049 0.7070
vn 0.4131 0.5649 0.7144
vn -0.0573 0.7049 0.7070
vn -0.6642 -0.2664 0.6985
vn -0.0580 0.7048 0.7070
vn 0.6376 0.3314 0.6955
vn -0.0587 0.7048 0.7070
vn 0.3723 0.5910 0.7156
vn -0.0596 0.7047 0.7070
vn -0.0604 0.7047 0.7070
vn -0.0615 0.7046 0.7069
vn -0.6420 -0.3140 0.6994
vn 0.6709 0.2599 0.6945
vn 0.3223 0.6179 0.7172
vn -0.0626 0.7045 0.7069
vn -0.0639 0.7044 0.7069
vn -0.0762 0.7066 0.7035
vn 0.2609 0.6442 0.7190
vn -0.0825 0.7008 0.7085
vn 0.6978 0.1790 0.6936
vn -0.0739 0.7019 0.7084
vn -0.0656 0.7027 0.7084
vn 0.1867 0.6674 0.7209
vn -0.0574 0.7035 0.7084
vn -0.6195 -0.3548 0.7003
vn -0.0495 0.7041 0.7083
vn -0.0419 0.7047 0.7083
vn 0.0988 0.6838 0.7230
vn -0.0344 0.7051 0.7083
vn -0.0271 0.7054 0.7083
vn -0.0201 0.7057 0.7082
vn 0.0244 0.6976 0.7161
vn -0.0132 0.7059 0.7082
vn -0.0065 0.7060 0.7082
vn 0.7150 0.0912 0.6932
vn -0.5973 -0.3896 0.7010
vn 0.7195 0.0046 0.6944
vn 0.7153 -0.0779 0.6944
vn -0.5759 -0.4194 0.7017
vn 0.7021 -0.1662 0.6924
vn 0.6732 -0.2644 0.6905
vn -0.5558 -0.4449 0.7022
vn 0.0035 -0.7066 0.7076
vn -0.0017 -0.7060 0.7082
vn -0.0095 -0.7056 0.7085
vn 0.6248 -0.3669 0.6892
vn 0.0069 -0.7065 0.7077
vn -0.0178 -0.7057 0.7083
vn 0.0103 -0.7065 0.7076
vn -0.0250 -0.7056 0.7082
vn 0.0137 -0.7064 0.7076
vn -0.0313 -0.7055 0.7080
vn 0.0170 -0.7064 0.7076
vn -0.0367 -0.7053 0.7079
vn 0.0202 -0.7063 0.7076
vn 0.0235 -0.7062 0.7076
vn -0.0416 -0.7051 0.7078
vn 0.5561 -0.4654 0.6886
vn 0.0267 -0.7061 0.7076
vn -0.0459 -0.7050 0.7078
vn 0.0298 -0.7060 0.7076
vn -0.0498 -0.7048 0.7077
vn 0.0329 -0.7059 0.7076
vn -0.5368 -0.4669 0.7028
vn -0.0534 -0.7046 0.7076
vn 0.0359 -0.7057 0.7076
vn 0.4710 -0.5507 0.6891
vn 0.0384 -0.7058 0.7074
vn -0.0566 -0.7044 0.7076
vn 0.0428 -0.7047 0.7082
vn -0.0594 -0.7042 0.7075
vn 0.3778 -0.6170 0.6904
vn 0.0496 -0.7043 0.7081
vn -0.0821 -0.6951 0.7142
vn 0.0557 -0.7040 0.7081
vn 0.2848 -0.6631 0.6922
vn -0.1024 -0.7005 0.7063
vn -0.0969 -0.7014 0.7062
vn -0.0909 -0.7022 0.7061
vn 0.1986 -0.6919 0.6942
vn 0.0614 -0.7036 0.7080
vn -0.0844 -0.7032 0.7060
vn -0.0772 -0.7041 0.7059
vn -0.5191 -0.4858 0.7033
vn 0.1223 -0.7075 0.6961
vn -0.0692 -0.7050 0.7058
vn -0.0605 -0.7060 0.7057
vn -0.0510 -0.7069 0.7055
vn 0.0567 -0.7141 0.6977
vn 0.0666 -0.7032 0.7079
vn -0.0403 -0.7078 0.7053
vn -0.0284 -0.7085 0.7051
vn 0.0093 -0.7124 0.7017
vn -0.0149 -0.7092 0.7048
vn 0.0714 -0.7027 0.7079
vn 0.0759 -0.7023 0.7078
vn -0.5024 -0.5027 0.7035
vn 0.0800 -0.7019 0.7077
vn 0.0839 -0.7015 0.7077
vn -0.4852 -0.5198 0.7031
vn 0.0875 -0.7011 0.7077
vn 0.0909 -0.7007 0.7076
vn -0.4655 -0.5381 0.7026
vn 0.0986 -0.6981 0.7091
vn -0.4428 -0.5576 0.7021
vn 0.1124 -0.6956 0.7096
vn 0.1282 -0.6927 0.7098
vn 0.1451 -0.6891 0.7100
vn 0.1632 -0.6848 0.7102
vn -0.4164 -0.5783 0.7016
vn 0.1829 -0.6795 0.7105
vn 0.2040 -0.6732 0.7108
vn 0.2267 -0.6655 0.7111
vn 0.2513 -0.6562 0.7115
vn -0.3858 -0.5999 0.7009
vn 0.2775 -0.6451 0.7119
vn 0.3057 -0.6317 0.7124
vn -0.3501 -0.6223 0.7002
vn 0.3358 -0.6157 0.7129
vn 0.3307 -0.6362 0.6971
vn -0.3087 -0.6446 0.6994
vn 0.2899 -0.6483 0.7041
vn 0.2716 -0.6564 0.7038
vn -0.2609 -0.6664 0.6985
vn 0.2516 -0.6646 0.7036
vn 0.2303 -0.6724 0.7035
vn -0.2059 -0.6863 0.6976
vn 0.2076 -0.6800 0.7032
vn 0.1831 -0.6873 0.7030
vn -0.1437 -0.7028 0.6967
vn 0.1569 -0.6939 0.7027
vn 0.1291 -0.6998 0.7025
vn -0.0745 -0.7143 0.6959
vn 0.0994 -0.7050 0.7022
vn 0.0678 -0.7089 0.7020
vn -0.0101 -0.7156 0.6984
vn 0.0347 -0.7115 0.7018
vn -0.0440 0.7126 0.7002
vn 0.0272 0.7108 0.7029
vn -0.0041 0.7126 0.7015
vn -0.0881 0.7085 0.7002
vn 0.0539 0.7092 0.7029
vn -0.1319 0.7016 0.7002
vn 0.0801 0.7067 0.7030
vn -0.1747 0.6921 0.7003
vn 0.1057 0.7032 0.7031
vn -0.2162 0.6802 0.7004
vn 0.1305 0.6989 0.7032
vn -0.2560 0.6661 0.7006
vn -0.2938 0.6500 0.7008
vn 0.1546 0.6939 0.7033
vn -0.3293 0.6326 0.7010
vn 0.1778 0.6882 0.7034
vn -0.3623 0.6139 0.7013
vn 0.2002 0.6819 0.7035
vn -0.3929 0.5945 0.7016
vn 0.2216 0.6751 0.7036
vn -0.4211 0.5746 0.7018
vn 0.2422 0.6679 0.7037
vn -0.4362 0.5585 0.7055
vn -0.4461 0.5515 0.7049
vn 0.2619 0.6603 0.7039
vn -0.4582 0.5420 0.7045
vn 0.2804 0.6525 0.7040
vn -0.4721 0.5305 0.7040
vn -0.4885 0.5164 0.7034
vn 0.3051 0.6435 0.7020
vn -0.5076 0.4986 0.7026
vn -0.5303 0.4760 0.7015
vn 0.3366 0.6284 0.7012
vn -0.5574 0.4463 0.7001
vn -0.5899 0.4059 0.6980
vn 0.3721 0.6091 0.7003
vn -0.6278 0.3499 0.6953
vn -0.6702 0.2702 0.6913
vn 0.4119 0.5843 0.6992
vn -0.7110 0.1547 0.6860
vn -0.7250 0.0231 0.6884
vn -0.7156 -0.0820 0.6937
vn 0.4561 0.5521 0.6980
vn -0.7007 -0.1749 0.6917
vn -0.6688 -0.2769 0.6900
vn 0.5043 0.5104 0.6965
vn -0.6165 -0.3814 0.6888
vn -0.5440 -0.4796 0.6885
vn -0.4566 -0.5625 0.6892
vn 0.5550 0.4572 0.6950
vn -0.3632 -0.6252 0.6908
vn -0.2723 -0.6678 0.6928
vn -0.1890 -0.6941 0.6947
vn -0.1159 -0.7080 0.6966
vn -0.0538 -0.7138 0.6983
vn -0.0142 -0.7046 0.7094
vn 0.6058 0.3901 0.6934
vn -0.0160 -0.7098 0.7042
vn -0.0295 -0.7039 0.7097
vn -0.0462 -0.7028 0.7099
vn -0.0643 -0.7011 0.7102
vn -0.0843 -0.6986 0.7105
vn -0.1061 -0.6953 0.7108
vn -0.1300 -0.6908 0.7112
vn -0.1563 -0.6849 0.7117
vn 0.6528 0.3083 0.6920
vn -0.1851 -0.6772 0.7122
vn -0.2167 -0.6671 0.7128
vn -0.2512 -0.6542 0.7134
vn 0.6908 0.2129 0.6910
vn -0.3018 -0.6251 0.7198
vn -0.3630 -0.5954 0.7167
vn 0.7152 0.1082 0.6905
vn -0.4122 -0.5623 0.7169
vn -0.4588 -0.5250 0.7168
vn 0.7215 0.0056 0.6924
vn -0.5017 -0.4844 0.7167
vn 0.7142 -0.0810 0.6952
vn -0.5403 -0.4415 0.7164
vn 0.7010 -0.1518 0.6968
vn 0.6839 -0.2120 0.6981
vn -0.5741 -0.3972 0.7160
vn 0.6648 -0.2623 0.6994
vn 0.6457 -0.3042 0.7004
vn -0.6031 -0.3526 0.7155
vn 0.6269 -0.3395 0.7013
vn 0.6089 -0.3692 0.7021
vn -0.6273 -0.3088 0.7150
vn 0.5923 -0.3942 0.7027
vn 0.5768 -0.4157 0.7032
vn -0.6470 -0.2662 0.7145
vn 0.5625 -0.4341 0.7037
vn 0.5494 -0.4499 0.7041
vn -0.6629 -0.2255 0.7139
vn 0.5505 -0.4303 0.7154
vn 0.5819 -0.3831 0.7173
vn 0.6134 -0.3323 0.7164
vn -0.6753 -0.1870 0.7134
vn 0.6382 -0.2843 0.7154
vn 0.6572 -0.2397 0.7146
vn -0.6861 -0.1654 0.7085
vn 0.6716 -0.1986 0.7138
vn 0.6824 -0.1611 0.7131
vn -0.6883 -0.1601 0.7075
vn 0.6901 -0.1271 0.7124
vn 0.6957 -0.0963 0.7119
vn 0.6995 -0.0686 0.7114
vn 0.7019 -0.0435 0.7109
vn 0.7033 -0.0208 0.7106
vn 0.7026 0.0041 0.7116
vn -0.6889 -0.1573 0.7076
vn 0.7023 0.0308 0.7112
vn 0.7024 0.0521 0.7098
vn 0.7020 0.0667 0.7090
vn -0.6896 -0.1543 0.7076
vn 0.7014 0.0774 0.7086
vn 0.7008 0.0855 0.7082
vn -0.6902 -0.1512 0.7076
vn 0.7002 0.0918 0.7080
vn -0.6909 -0.1479 0.7076
vn 0.6997 0.0970 0.7078
vn -0.6916 -0.1445 0.7077
vn 0.6992 0.1012 0.7077
vn -0.0396 0.7122 0.7009
vn 0.0128 0.7090 0.7051
vn -0.0066 0.7111 0.7030
vn 0.0259 0.7087 0.7050
vn -0.0799 0.7089 0.7007
vn 0.0394 0.7082 0.7049
vn 0.0532 0.7073 0.7049
vn -0.1205 0.7032 0.7007
vn 0.0674 0.7061 0.7048
vn -0.1609 0.6951 0.7007
vn 0.0820 0.7047 0.7047
vn 0.0969 0.7028 0.7047
vn -0.2008 0.6846 0.7007
vn 0.1122 0.7006 0.7046
vn -0.2399 0.6719 0.7007
vn 0.1277 0.6980 0.7046
vn 0.1436 0.6950 0.7045
vn -0.2776 0.6571 0.7008
vn 0.1599 0.6915 0.7044
vn 0.1856 0.6879 0.7017
vn -0.3138 0.6405 0.7009
vn 0.2253 0.6779 0.6997
vn -0.3482 0.6223 0.7011
vn 0.2730 0.6613 0.6987
vn 0.6988 0.1047 0.7076
vn -0.3804 0.6028 0.7013
vn -0.6923 -0.1408 0.7077
vn 0.3262 0.6381 0.6975
vn -0.4105 0.5826 0.7015
vn 0.3844 0.6062 0.6962
vn -0.4236 0.5670 0.7065
vn 0.4466 0.5637 0.6948
vn -0.4165 0.5681 0.7098
vn 0.5101 0.5086 0.6936
vn -0.4026 0.5779 0.7099
vn 0.5712 0.4405 0.6926
vn -0.3879 0.5877 0.7100
vn -0.3724 0.5975 0.7101
vn 0.6257 0.3602 0.6920
vn -0.3559 0.6074 0.7102
vn 0.6984 0.1078 0.7076
vn -0.6931 -0.1369 0.7078
vn -0.3386 0.6171 0.7104
vn 0.6692 0.2709 0.6919
vn -0.3204 0.6266 0.7105
vn -0.3011 0.6359 0.7106
vn 0.6992 0.1780 0.6924
vn -0.2809 0.6450 0.7107
vn -0.2597 0.6536 0.7109
vn -0.2374 0.6619 0.7110
vn 0.7154 0.0865 0.6933
vn -0.2168 0.6697 0.7103
vn -0.2075 0.6757 0.7074
vn 0.7178 0.0062 0.6962
vn -0.6938 -0.1328 0.7078
vn -0.2059 0.6762 0.7074
vn 0.7144 -0.0617 0.6970
vn 0.6981 0.1104 0.7075
vn 0.7063 -0.1305 0.6957
vn -0.2041 0.6767 0.7074
vn 0.6892 -0.2068 0.6944
vn -0.2020 0.6773 0.7075
vn 0.6605 -0.2884 0.6932
vn -0.6946 -0.1284 0.7078
vn 0.6183 -0.3720 0.6923
vn -0.1997 0.6779 0.7075
vn 0.5625 -0.4526 0.6919
vn -0.1970 0.6786 0.7076
vn 0.4952 -0.5252 0.6921
vn 0.2241 0.3380 0.9141
vn 0.4205 -0.5859 0.6927
vn -0.1938 0.6795 0.7077
vn 0.3433 -0.6331 0.6938
vn 0.2680 -0.6671 0.6950
vn -0.1900 0.6804 0.7078
vn 0.1978 -0.6899 0.6964
vn -0.6954 -0.1238 0.7079
vn 0.1420 -0.6996 0.7003
vn 0.1212 -0.6960 0.7078
vn -0.1854 0.6815 0.7079
vn 0.1249 -0.6955 0.7076
vn 0.1276 -0.6951 0.7075
vn 0.1295 -0.6949 0.7074
vn 0.1310 -0.6946 0.7073
vn -0.1798 0.6828 0.7081
vn 0.1323 -0.6945 0.7073
vn 0.1332 -0.6943 0.7073
vn -0.1727 0.6844 0.7084
vn 0.1341 -0.6942 0.7072
vn 0.1348 -0.6940 0.7072
vn 0.1354 -0.6939 0.7072
vn -0.3656 0.2432 0.8984
vn 0.1359 -0.6938 0.7072
vn 0.1432 -0.6899 0.7096
vn 0.1527 -0.6899 0.7076
vn 0.1558 -0.6893 0.7076
vn 0.1585 -0.6887 0.7075
vn -0.1567 0.6894 0.7073
vn 0.1609 -0.6882 0.7075
vn -0.1557 0.6896 0.7073
vn 0.1631 -0.6877 0.7074
vn -0.1547 0.6898 0.7073
vn 0.1651 -0.6872 0.7074
vn -0.1140 0.7159 0.6889
vn 0.1090 0.7126 0.6930
vn 0.0048 0.7245 0.6893
vn 0.1819 0.6927 0.6979
vn -0.2378 0.6867 0.6869
vn 0.2297 0.6757 0.7005
vn 0.2633 0.6614 0.7022
vn -0.3624 0.6307 0.6862
vn 0.2880 0.6498 0.7034
vn -0.1535 0.6900 0.7073
vn -0.4733 0.5514 0.6870
vn 0.3068 0.6403 0.7042
vn 0.3215 0.6324 0.7047
vn -0.5613 0.4589 0.6887
vn 0.1669 -0.6868 0.7074
vn 0.3335 0.6258 0.7051
vn 0.3433 0.6200 0.7055
vn -0.6239 0.3647 0.6912
vn 0.3513 0.6152 0.7058
vn -0.1523 0.6903 0.7073
vn -0.6645 0.2778 0.6937
vn 0.3582 0.6110 0.7059
vn 0.1685 -0.6865 0.7074
vn 0.3617 0.6079 0.7069
vn -0.6891 0.2019 0.6960
vn -0.1510 0.6906 0.7073
vn 0.3511 0.6097 0.7106
vn -0.7029 0.1375 0.6979
vn -0.1497 0.6909 0.7073
vn 0.1701 -0.6861 0.7073
vn -0.7097 0.0836 0.6995
vn 0.3313 0.6204 0.7109
vn -0.1482 0.6911 0.7073
vn -0.7125 0.0385 0.7006
vn 0.1714 -0.6858 0.7073
vn -0.1467 0.6914 0.7074
vn 0.3096 0.6312 0.7112
vn -0.7194 -0.0242 0.6941
vn -0.1450 0.6918 0.7074
vn -0.7134 -0.1228 0.6900
vn 0.1727 -0.6855 0.7073
vn 0.2857 0.6420 0.7115
vn -0.1432 0.6921 0.7074
vn -0.6861 -0.2199 0.6935
vn 0.2596 0.6526 0.7118
vn -0.1492 0.6933 0.7050
vn 0.3733 -0.2420 0.8956
vn -0.6552 -0.2926 0.6964
vn -0.1505 0.6894 0.7086
vn 0.2309 0.6629 0.7122
vn -0.1410 0.6913 0.7087
vn 0.1996 0.6726 0.7126
vn -0.1309 0.6932 0.7088
vn -0.6257 -0.3471 0.6986
vn 0.6959 0.1228 0.7076
vn -0.1201 0.6950 0.7089
vn 0.1654 0.6814 0.7130
vn -0.1086 0.6968 0.7090
vn -0.0962 0.6984 0.7092
vn 0.1283 0.6888 0.7135
vn -0.5989 -0.3884 0.7003
vn -0.0829 0.7000 0.7093
vn 0.0882 0.6947 0.7139
vn -0.0687 0.7014 0.7095
vn -0.0534 0.7025 0.7097
vn 0.0453 0.6984 0.7143
vn -0.0368 0.7034 0.7098
vn -0.0191 0.7039 0.7101
vn 0.0067 0.7017 0.7125
vn -0.2273 -0.3567 0.9061
vn 0.6955 0.1255 0.7075
vn -0.5754 -0.4204 0.7015
vn -0.5549 -0.4457 0.7025
vn 0.1600 -0.6879 0.7079
vn -0.6912 -0.1462 0.7077
vn 0.6950 0.1280 0.7075
vn 0.1647 -0.6869 0.7078
vn -0.5370 -0.4659 0.7032
vn 0.1690 -0.6859 0.7078
vn 0.1728 -0.6851 0.7077
vn -0.5214 -0.4825 0.7038
vn 0.6946 0.1304 0.7075
vn 0.1763 -0.6842 0.7077
vn -0.6920 -0.1426 0.7077
vn 0.1795 -0.6834 0.7076
vn -0.5077 -0.4962 0.7043
vn 0.1825 -0.6827 0.7076
vn 0.6942 0.1326 0.7074
vn 0.1852 -0.6820 0.7075
vn -0.4957 -0.5077 0.7047
vn 0.1877 -0.6813 0.7075
vn -0.6928 -0.1394 0.7076
vn 0.6939 0.1345 0.7074
vn -0.4788 -0.5281 0.7013
vn 0.1900 -0.6807 0.7075
vn 0.1921 -0.6801 0.7075
vn -0.4532 -0.5486 0.7026
vn 0.6935 0.1364 0.7074
vn 0.2007 -0.6752 0.7098
vn -0.6933 -0.1367 0.7075
vn -0.4300 -0.5675 0.7022
vn 0.2119 -0.6737 0.7080
vn 0.2173 -0.6719 0.7081
vn 0.6932 0.1381 0.7074
vn -0.4038 -0.5869 0.7018
vn 0.2234 -0.6697 0.7082
vn 0.2302 -0.6673 0.7083
vn 0.2380 -0.6643 0.7085
vn -0.3743 -0.6067 0.7013
vn 0.2470 -0.6608 0.7088
vn 0.2574 -0.6565 0.7090
vn -0.6939 -0.1343 0.7075
vn 0.6929 0.1397 0.7074
vn 0.2696 -0.6512 0.7094
vn -0.3413 -0.6264 0.7008
vn 0.2840 -0.6445 0.7099
vn 0.3014 -0.6358 0.7105
vn 0.3226 -0.6244 0.7114
vn -0.3043 -0.6457 0.7003
vn 0.3281 -0.6304 0.7035
vn 0.3090 -0.6394 0.7041
vn -0.2632 -0.6640 0.6998
vn 0.2911 -0.6480 0.7038
vn 0.6926 0.1412 0.7073
vn 0.2714 -0.6567 0.7036
vn -0.2179 -0.6808 0.6993
vn 0.2502 -0.6653 0.7034
vn 0.2271 -0.6739 0.7030
vn -0.1684 -0.6951 0.6989
vn -0.6943 -0.1322 0.7074
vn 0.2018 -0.6822 0.7028
vn 0.1745 -0.6900 0.7025
vn -0.1151 -0.7064 0.6984
vn 0.1447 -0.6972 0.7021
vn 0.1122 -0.7035 0.7017
vn -0.0586 -0.7136 0.6981
vn 0.0773 -0.7085 0.7014
vn 0.0398 -0.7121 0.7010
vn -0.0046 -0.7148 0.6993
vn 0.6924 0.1426 0.7073
vn -0.6947 -0.1303 0.7074
vn 0.6923 0.1436 0.7072
vn 0.6923 0.1440 0.7071
vn -0.6951 -0.1286 0.7074
vn -0.0315 0.7114 0.7020
vn 0.0213 0.7102 0.7037
vn -0.0025 0.7111 0.7031
vn -0.0647 0.7095 0.7018
vn 0.0437 0.7094 0.7035
vn -0.0997 0.7057 0.7014
vn 0.0672 0.7077 0.7033
vn -0.1363 0.6999 0.7011
vn 0.0918 0.7051 0.7031
vn -0.1744 0.6916 0.7009
vn 0.1176 0.7015 0.7029
vn -0.2136 0.6808 0.7006
vn 0.1445 0.6966 0.7027
vn -0.2537 0.6672 0.7004
vn 0.1725 0.6905 0.7025
vn -0.2940 0.6506 0.7002
vn 0.2015 0.6828 0.7023
vn -0.3342 0.6311 0.7001
vn 0.2314 0.6735 0.7021
vn -0.3737 0.6086 0.7000
vn 0.2620 0.6623 0.7019
vn -0.4121 0.5833 0.6999
vn 0.2930 0.6494 0.7017
vn -0.4234 0.5651 0.7081
vn -0.6954 -0.1270 0.7073
vn 0.3307 0.6333 0.6997
vn -0.4028 0.5737 0.7131
vn 0.3673 0.6111 0.7011
vn -0.3739 0.5938 0.7125
vn -0.3475 0.6104 0.7118
vn 0.4019 0.5899 0.7004
vn 0.6922 0.1441 0.7071
vn -0.3237 0.6240 0.7113
vn -0.3020 0.6352 0.7108
vn 0.4393 0.5636 0.6996
vn -0.2824 0.6447 0.7104
vn -0.2645 0.6526 0.7101
vn 0.4792 0.5313 0.6986
vn -0.2482 0.6593 0.7098
vn 0.5210 0.4917 0.6977
vn -0.2334 0.6649 0.7095
vn 0.6923 0.1442 0.7071
vn -0.2198 0.6698 0.7093
vn 0.5636 0.4439 0.6967
vn -0.2073 0.6739 0.7091
vn -0.1935 0.6774 0.7097
vn -0.6956 -0.1257 0.7073
vn -0.1836 0.6819 0.7080
vn 0.6051 0.3870 0.6958
vn 0.6434 0.3211 0.6949
vn -0.1785 0.6834 0.7079
vn 0.6922 0.1442 0.7071
vn 0.6759 0.2469 0.6944
vn -0.1739 0.6846 0.7078
vn 0.7004 0.1666 0.6941
vn -0.1696 0.6858 0.7078
vn 0.6922 0.1443 0.7071
vn 0.7150 0.0833 0.6942
vn -0.1656 0.6868 0.7077
vn 0.7196 -0.0001 0.6944
vn 0.6922 0.1444 0.7071
vn -0.1619 0.6877 0.7077
vn -0.6959 -0.1244 0.7073
vn 0.7158 -0.0885 0.6927
vn -0.1584 0.6886 0.7077
vn 0.6983 -0.1879 0.6907
vn 0.6922 0.1445 0.7071
vn -0.1551 0.6894 0.7076
vn 0.6618 -0.2953 0.6891
vn -0.1521 0.6901 0.7076
vn 0.6921 0.1446 0.7071
vn 0.6035 -0.4027 0.6882
vn -0.1492 0.6907 0.7076
vn 0.5256 -0.4998 0.6884
vn 0.6921 0.1447 0.7071
vn -0.1465 0.6913 0.7075
vn -0.3689 0.2416 0.8975
vn 0.4356 -0.5786 0.6896
vn 0.2332 0.3567 0.9046
vn 0.3427 -0.6360 0.6914
vn 0.2546 -0.6740 0.6935
vn 0.1758 -0.6967 0.6955
vn 0.1077 -0.7086 0.6973
vn 0.0147 -0.7061 0.7080
vn 0.0094 -0.7062 0.7079
vn 0.0498 -0.7135 0.6988
vn 0.0045 -0.7063 0.7079
vn 0.0127 -0.7103 0.7038
vn 0.0205 -0.7058 0.7081
vn 0.0269 -0.7055 0.7082
vn 0.0339 -0.7051 0.7083
vn 0.0418 -0.7045 0.7084
vn 0.0504 -0.7038 0.7086
vn 0.0601 -0.7029 0.7088
vn 0.0711 -0.7016 0.7090
vn 0.0835 -0.7000 0.7092
vn 0.0864 -0.7031 0.7058
vn 0.0867 -0.7003 0.7086
vn 0.0955 -0.6993 0.7084
vn 0.1031 -0.6984 0.7082
vn -0.1654 0.6877 0.7069
vn 0.1097 -0.6975 0.7081
vn -0.1666 0.6874 0.7069
vn 0.1156 -0.6967 0.7080
vn -0.1678 0.6871 0.7069
vn 0.1208 -0.6959 0.7079
vn -0.1688 0.6868 0.7069
vn -0.1698 0.6866 0.7069
vn 0.1255 -0.6952 0.7078
vn -0.1708 0.6863 0.7070
vn 0.1297 -0.6945 0.7078
vn -0.1717 0.6861 0.7070
vn -0.1725 0.6859 0.7070
vn 0.1335 -0.6938 0.7077
vn -0.1733 0.6857 0.7070
vn 0.1370 -0.6932 0.7076
vn -0.1741 0.6855 0.7070
vn -0.1748 0.6853 0.7070
vn 0.1402 -0.6926 0.7076
vn -0.1742 0.6850 0.7074
vn -0.1736 0.6855 0.7071
vn 0.3572 -0.2398 0.9027
vn -0.1738 0.6855 0.7071
vn -0.2267 -0.3458 0.9105
vn 0.6944 0.1320 0.7074
vn -0.1741 0.6854 0.7071
vn -0.1744 0.6853 0.7070
vn -0.1748 0.6852 0.7070
vn -0.1753 0.6851 0.7070
vn 0.1642 -0.6869 0.7080
vn -0.6955 -0.1242 0.7077
vn -0.1759 0.6850 0.7070
vn -0.0664 0.7148 0.6962
vn 0.0530 0.7128 0.6993
vn -0.0015 0.7161 0.6979
vn 0.0986 0.7068 0.7006
vn -0.1766 0.6848 0.7070
vn -0.1426 0.7053 0.6944
vn 0.1359 0.6993 0.7018
vn -0.2297 0.6840 0.6924
vn 0.1671 0.6919 0.7024
vn 0.1936 0.6842 0.7031
vn -0.3247 0.6462 0.6907
vn 0.1694 -0.6856 0.7080
vn 0.2161 0.6769 0.7036
vn -0.4218 0.5890 0.6893
vn 0.2357 0.6699 0.7040
vn 0.2523 0.6633 0.7045
vn -0.5125 0.5125 0.6889
vn 0.2671 0.6574 0.7046
vn -0.1775 0.6846 0.7069
vn -0.5889 0.4219 0.6894
vn 0.2801 0.6515 0.7051
vn -0.6462 0.3247 0.6906
vn 0.2915 0.6463 0.7052
vn 0.2953 0.6422 0.7074
vn -0.6840 0.2296 0.6924
vn -0.1788 0.6844 0.7069
vn 0.2819 0.6442 0.7110
vn 0.6940 0.1339 0.7074
vn 0.1746 -0.6843 0.7080
vn -0.7053 0.1426 0.6944
vn -0.1807 0.6840 0.7067
vn -0.7148 0.0664 0.6962
vn 0.2591 0.6536 0.7111
vn -0.1640 0.6822 0.7125
vn -0.7150 0.0052 0.6991
vn -0.1438 0.6908 0.7086
vn 0.2355 0.6624 0.7112
vn -0.7125 -0.0420 0.7004
vn -0.6962 -0.1212 0.7075
vn 0.1799 -0.6829 0.7080
vn -0.1341 0.6926 0.7087
vn 0.2112 0.6704 0.7113
vn -0.1238 0.6944 0.7088
vn 0.1862 0.6777 0.7113
vn -0.7090 -0.0861 0.7000
vn -0.1130 0.6962 0.7089
vn 0.1605 0.6842 0.7114
vn -0.1016 0.6979 0.7090
vn 0.1852 -0.6815 0.7080
vn 0.1345 0.6898 0.7114
vn -0.0895 0.6994 0.7091
vn -0.7022 -0.1326 0.6996
vn -0.0766 0.7008 0.7092
vn 0.1079 0.6944 0.7115
vn -0.0630 0.7020 0.7093
vn 0.0810 0.6980 0.7114
vn -0.0486 0.7030 0.7095
vn 0.0541 0.7006 0.7115
vn -0.0333 0.7038 0.7096
vn 0.0270 0.7022 0.7115
vn -0.0171 0.7042 0.7098
vn 0.0024 0.7035 0.7107
vn -0.6916 -0.1811 0.6992
vn 0.1905 -0.6800 0.7080
vn -0.6770 -0.2305 0.6990
vn 0.1959 -0.6785 0.7080
vn -0.6582 -0.2805 0.6987
vn -0.6967 -0.1190 0.7074
vn -0.6349 -0.3298 0.6986
vn 0.6937 0.1358 0.7074
vn 0.2013 -0.6769 0.7080
vn -0.6078 -0.3778 0.6985
vn -0.5768 -0.4234 0.6986
vn 0.2067 -0.6753 0.7080
vn -0.5430 -0.4658 0.6987
vn -0.5068 -0.5045 0.6990
vn 0.2122 -0.6735 0.7080
vn -0.4833 -0.5156 0.7075
vn -0.4790 -0.5247 0.7037
vn -0.6971 -0.1174 0.7073
vn 0.2177 -0.6718 0.7080
vn -0.4632 -0.5386 0.7038
vn -0.4473 -0.5518 0.7039
vn 0.2192 -0.6729 0.7065
vn -0.4315 -0.5641 0.7040
vn 0.6933 0.1376 0.7074
vn -0.4158 -0.5757 0.7041
vn 0.2202 -0.6707 0.7083
vn -0.4002 -0.5865 0.7042
vn 0.2276 -0.6680 0.7085
vn 0.2362 -0.6648 0.7087
vn -0.3849 -0.5965 0.7042
vn 0.2463 -0.6608 0.7090
vn -0.3698 -0.6059 0.7043
vn 0.2582 -0.6558 0.7094
vn 0.2725 -0.6495 0.7099
vn -0.3550 -0.6146 0.7044
vn -0.6973 -0.1161 0.7073
vn 0.2901 -0.6410 0.7106
vn 0.3121 -0.6295 0.7116
vn -0.3405 -0.6227 0.7045
vn 0.3401 -0.6131 0.7131
vn 0.3765 -0.5885 0.7154
vn -0.3263 -0.6301 0.7046
vn 0.4254 -0.5492 0.7193
vn 0.4654 -0.5300 0.7089
vn -0.3126 -0.6368 0.7048
vn 0.4604 -0.5445 0.7011
vn -0.2988 -0.6437 0.7046
vn 0.4300 -0.5692 0.7008
vn 0.6930 0.1393 0.7074
vn -0.2836 -0.6508 0.7043
vn 0.3966 -0.5933 0.7005
vn -0.2668 -0.6581 0.7041
vn 0.3603 -0.6164 0.7002
vn -0.2482 -0.6656 0.7038
vn 0.3210 -0.6379 0.7000
vn -0.2277 -0.6733 0.7035
vn 0.2791 -0.6576 0.6998
vn -0.2047 -0.6810 0.7031
vn 0.2349 -0.6748 0.6996
vn -0.1792 -0.6885 0.7027
vn 0.1890 -0.6891 0.6996
vn -0.1506 -0.6958 0.7022
vn 0.1419 -0.7003 0.6996
vn -0.1187 -0.7025 0.7017
vn -0.6975 -0.1151 0.7073
vn 0.0943 -0.7083 0.6996
vn -0.0832 -0.7081 0.7012
vn 0.0468 -0.7129 0.6997
vn -0.0435 -0.7123 0.7005
vn 0.0003 -0.7142 0.7000
vn 0.6927 0.1409 0.7074
vn -0.6977 -0.1142 0.7072
vn 0.6923 0.1425 0.7074
vn -0.6978 -0.1135 0.7072
vn 0.6920 0.1441 0.7074
vn 0.6917 0.1456 0.7073
vn -0.6980 -0.1129 0.7072
vn 0.6914 0.1470 0.7073
vn -0.6980 -0.1124 0.7072
vn 0.6911 0.1484 0.7073
vn -0.6981 -0.1120 0.7072
vn 0.6880 0.1547 0.7091
vn 0.6899 0.1588 0.7063
vn -0.6987 -0.1152 0.7060
vn 0.6912 0.1533 0.7062
vn 0.6927 0.1472 0.7060
vn 0.6943 0.1402 0.7059
vn 0.6961 0.1321 0.7057
vn 0.6981 0.1226 0.7054
vn 0.7003 0.1113 0.7051
vn 0.7027 0.0978 0.7047
vn 0.7054 0.0812 0.7042
vn -0.6996 -0.1386 0.7009
vn 0.7082 0.0604 0.7034
vn 0.7110 0.0338 0.7024
vn -0.6911 -0.1807 0.6998
vn 0.7145 -0.0052 0.6996
vn 0.7145 -0.0625 0.6968
vn -0.6777 -0.2297 0.6985
vn 0.7063 -0.1345 0.6950
vn -0.6574 -0.2864 0.6970
vn 0.6873 -0.2173 0.6931
vn -0.6272 -0.3513 0.6951
vn 0.6532 -0.3090 0.6912
vn -0.5833 -0.4234 0.6931
vn 0.6003 -0.4048 0.6897
vn 0.5276 -0.4970 0.6889
vn -0.5220 -0.4998 0.6912
vn 0.4385 -0.5770 0.6890
vn -0.4407 -0.5748 0.6894
vn 0.3406 -0.6386 0.6901
vn -0.3405 -0.6403 0.6885
vn 0.2425 -0.6802 0.6917
vn -0.2275 -0.6886 0.6885
vn 0.1513 -0.7042 0.6937
vn -0.1113 -0.7156 0.6896
vn 0.0706 -0.7150 0.6955
vn -0.0102 -0.7201 0.6938
vn 0.0275 0.7107 0.7029
vn -0.0084 0.7141 0.7000
vn 0.0522 0.7088 0.7035
vn -0.1428 0.7054 0.6943
vn 0.0741 0.7065 0.7038
vn 0.0936 0.7038 0.7042
vn -0.2296 0.6839 0.6925
vn 0.1109 0.7010 0.7045
vn 0.1267 0.6981 0.7047
vn -0.3246 0.6463 0.6906
vn 0.1410 0.6952 0.7049
vn 0.1536 0.6922 0.7052
vn -0.4217 0.5890 0.6894
vn 0.1653 0.6895 0.7052
vn 0.1761 0.6865 0.7055
vn -0.5125 0.5127 0.6889
vn 0.1857 0.6839 0.7056
vn -0.5890 0.4217 0.6893
vn 0.1901 0.6812 0.7070
vn 0.2015 0.6813 0.7037
vn -0.6464 0.3245 0.6906
vn -0.6839 0.2296 0.6925
vn 0.2219 0.6749 0.7037
vn -0.7054 0.1428 0.6943
vn 0.2421 0.6679 0.7038
vn -0.7144 0.0073 0.6997
vn 0.2618 0.6604 0.7038
vn -0.7117 -0.0338 0.7016
vn -0.7096 -0.0706 0.7010
vn 0.2810 0.6524 0.7038
vn -0.7050 -0.1110 0.7005
vn -0.6974 -0.1555 0.6997
vn 0.2999 0.6439 0.7039
vn -0.6854 -0.2038 0.6990
vn -0.6687 -0.2553 0.6983
vn -0.6461 -0.3099 0.6975
vn 0.3182 0.6350 0.7039
vn -0.6166 -0.3660 0.6971
vn -0.5802 -0.4224 0.6964
vn -0.5364 -0.4771 0.6962
vn -0.4864 -0.5282 0.6960
vn 0.3360 0.6257 0.7040
vn -0.4236 -0.5840 0.6925
vn -0.3845 -0.5887 0.7111
vn 0.3532 0.6161 0.7040
vn 0.3699 0.6062 0.7041
vn -0.4052 -0.5744 0.7112
vn 0.3860 0.5960 0.7041
vn -0.4263 -0.5587 0.7114
vn 0.4068 0.5839 0.7025
vn 0.4320 0.5662 0.7020
vn -0.4476 -0.5415 0.7116
vn 0.4593 0.5451 0.7014
vn -0.4691 -0.5228 0.7118
vn 0.4886 0.5198 0.7007
vn -0.4906 -0.5024 0.7120
vn 0.5199 0.4897 0.6999
vn -0.5120 -0.4804 0.7121
vn 0.5527 0.4537 0.6991
vn -0.0665 0.7148 0.6962
vn 0.0090 0.7085 0.7057
vn -0.0132 0.7125 0.7015
vn 0.0187 0.7085 0.7055
vn 0.0297 0.7083 0.7053
vn 0.0420 0.7079 0.7051
vn -0.1427 0.7054 0.6943
vn 0.0554 0.7072 0.7049
vn 0.0707 0.7062 0.7045
vn 0.0886 0.7046 0.7040
vn -0.2297 0.6839 0.6924
vn 0.1087 0.7020 0.7038
vn 0.5863 0.4108 0.6982
vn 0.1312 0.6987 0.7033
vn 0.1582 0.6941 0.7023
vn 0.1897 0.6867 0.7017
vn -0.3246 0.6462 0.6906
vn 0.2265 0.6767 0.7005
vn 0.2526 0.6632 0.7045
vn -0.5330 -0.4567 0.7123
vn -0.5126 0.5126 0.6889
vn -0.5890 0.4217 0.6894
vn 0.2684 0.6571 0.7044
vn 0.6196 0.3604 0.6973
vn -0.7054 0.1426 0.6944
vn 0.2849 0.6503 0.7042
vn -0.5535 -0.4314 0.7124
vn -0.7168 -0.0007 0.6972
vn 0.3018 0.6428 0.7041
vn 0.6512 0.3018 0.6964
vn -0.7143 -0.0661 0.6967
vn -0.7050 -0.1322 0.6968
vn 0.3193 0.6344 0.7040
vn -0.6897 -0.1968 0.6969
vn -0.6687 -0.2585 0.6972
vn -0.6431 -0.3158 0.6976
vn -0.6143 -0.3679 0.6981
vn -0.5732 -0.4045 0.7126
vn 0.3374 0.6251 0.7038
vn -0.5831 -0.4145 0.6987
vn 0.6789 0.2351 0.6955
vn -0.5510 -0.4554 0.6993
vn -0.5187 -0.4910 0.6999
vn -0.4872 -0.5213 0.7006
vn 0.3559 0.6149 0.7037
vn -0.4569 -0.5476 0.7010
vn -0.4327 -0.5628 0.7043
vn -0.4302 -0.5568 0.7105
vn 0.7008 0.1612 0.6949
vn 0.3749 0.6037 0.7035
vn -0.5921 -0.3762 0.7126
vn 0.3944 0.5913 0.7034
vn 0.7148 0.0819 0.6945
vn -0.4471 -0.5431 0.7107
vn 0.4141 0.5778 0.7033
vn -0.6031 -0.3758 0.7036
vn 0.7163 0.0106 0.6977
vn 0.4342 0.5631 0.7031
vn -0.4645 -0.5281 0.7109
vn 0.4518 0.5482 0.7039
vn -0.5899 -0.3984 0.7024
vn 0.7123 -0.0404 0.7007
vn -0.4822 -0.5117 0.7111
vn 0.7091 -0.0829 0.7002
vn 0.4710 0.5333 0.7027
vn 0.7028 -0.1274 0.6999
vn -0.5718 -0.4249 0.7017
vn 0.6932 -0.1734 0.6996
vn 0.6799 -0.2208 0.6993
vn -0.5499 -0.4541 0.7010
vn -0.5002 -0.4939 0.7113
vn 0.4932 0.5135 0.7022
vn 0.6626 -0.2685 0.6992
vn 0.6417 -0.3156 0.6990
vn -0.5231 -0.4860 0.7002
vn 0.6170 -0.3616 0.6990
vn 0.5171 0.4903 0.7016
vn 0.5889 -0.4057 0.6990
vn -0.4901 -0.5206 0.6992
vn -0.5184 -0.4744 0.7115
vn 0.5579 -0.4473 0.6991
vn -0.4495 -0.5574 0.6980
vn 0.5246 -0.4855 0.6993
vn 0.4965 -0.5083 0.7036
vn -0.4000 -0.5954 0.6968
vn 0.5427 0.4629 0.7009
vn 0.4754 -0.5321 0.7006
vn 0.4431 -0.5596 0.7004
vn -0.5366 -0.4534 0.7117
vn -0.3401 -0.6329 0.6955
vn 0.4079 -0.5861 0.7001
vn 0.3694 -0.6114 0.6998
vn -0.2690 -0.6675 0.6943
vn 0.3281 -0.6347 0.6996
vn 0.2842 -0.6558 0.6994
vn -0.1869 -0.6961 0.6932
vn 0.2380 -0.6740 0.6994
vn 0.1906 -0.6889 0.6994
vn 0.5698 0.4304 0.7001
vn -0.0959 -0.7149 0.6926
vn 0.1424 -0.7004 0.6994
vn 0.0941 -0.7083 0.6996
vn -0.0126 -0.7179 0.6961
vn 0.0466 -0.7128 0.6998
vn -0.5548 -0.4306 0.7119
vn 0.5980 0.3918 0.6992
vn -0.5727 -0.4061 0.7121
vn 0.6265 0.3463 0.6983
vn 0.6542 0.2929 0.6973
vn -0.5902 -0.3798 0.7123
vn 0.6796 0.2310 0.6962
vn -0.6072 -0.3517 0.7125
vn 0.7005 0.1606 0.6953
vn -0.6208 -0.3364 0.7082
vn 0.7146 0.0829 0.6946
vn 0.7176 0.0075 0.6964
vn -0.6206 -0.3473 0.7030
vn 0.7141 -0.0574 0.6977
vn -0.6069 -0.3719 0.7024
vn 0.7074 -0.1238 0.6959
vn -0.5898 -0.3999 0.7016
vn 0.6914 -0.2009 0.6940
vn -0.5682 -0.4315 0.7007
vn 0.6619 -0.2879 0.6921
vn -0.5408 -0.4671 0.6995
vn 0.6149 -0.3813 0.6903
vn -0.5054 -0.5072 0.6981
vn 0.5478 -0.4745 0.6891
vn -0.4596 -0.5511 0.6965
vn 0.4619 -0.5588 0.6887
vn -0.4004 -0.5977 0.6945
vn 0.3636 -0.6266 0.6893
vn -0.3249 -0.6441 0.6925
vn 0.2615 -0.6742 0.6907
vn -0.2314 -0.6853 0.6905
vn 0.1642 -0.7024 0.6926
vn -0.1210 -0.7145 0.6891
vn 0.0768 -0.7153 0.6946
vn -0.0127 -0.7216 0.6922
vn -0.0458 0.7132 0.6995
vn 0.0999 0.7114 0.6957
vn 0.0208 0.7196 0.6941
vn 0.1559 0.6963 0.7006
vn -0.0991 0.7091 0.6981
vn 0.1885 0.6858 0.7029
vn -0.1623 0.6992 0.6963
vn 0.2097 0.6783 0.7042
vn -0.2363 0.6797 0.6943
vn 0.2246 0.6728 0.7050
vn -0.3206 0.6466 0.6921
vn 0.2356 0.6684 0.7055
vn -0.4122 0.5949 0.6901
vn 0.2441 0.6650 0.7058
vn -0.5045 0.5212 0.6884
vn 0.2508 0.6622 0.7061
vn -0.5879 0.4261 0.6877
vn 0.2563 0.6600 0.7063
vn -0.6530 0.3165 0.6881
vn 0.2608 0.6580 0.7064
vn -0.6952 0.2031 0.6896
vn 0.2646 0.6564 0.7065
vn -0.7159 0.0963 0.6915
vn 0.2895 0.6527 0.7001
vn -0.7219 -0.0043 0.6919
vn 0.3175 0.6354 0.7039
vn -0.7147 -0.1048 0.6915
vn -0.6928 -0.1993 0.6930
vn -0.6626 -0.2799 0.6948
vn -0.6285 -0.3464 0.6964
vn 0.3352 0.6261 0.7040
vn -0.5938 -0.4005 0.6979
vn -0.5602 -0.4441 0.6992
vn -0.5290 -0.4792 0.7003
vn -0.5005 -0.5077 0.7013
vn 0.3521 0.6167 0.7041
vn -0.4746 -0.5309 0.7021
vn -0.4513 -0.5501 0.7027
vn -0.4303 -0.5659 0.7032
vn -0.4168 -0.5721 0.7064
vn 0.3684 0.6070 0.7042
vn -0.4189 -0.5669 0.7094
vn 0.3838 0.5972 0.7043
vn -0.4302 -0.5583 0.7094
vn -0.4413 -0.5496 0.7094
vn 0.3986 0.5874 0.7043
vn -0.4523 -0.5406 0.7094
vn 0.4126 0.5775 0.7044
vn -0.4631 -0.5313 0.7094
vn 0.4260 0.5676 0.7045
vn -0.4738 -0.5219 0.7094
vn 0.4386 0.5578 0.7046
vn -0.4842 -0.5122 0.7094
vn 0.4507 0.5480 0.7047
vn -0.4944 -0.5024 0.7094
vn 0.4621 0.5383 0.7048
vn -0.5043 -0.4924 0.7094
vn -0.5141 -0.4822 0.7094
vn 0.4623 0.5334 0.7084
vn -0.5236 -0.4719 0.7093
vn 0.4685 0.5333 0.7043
vn 0.4813 0.5217 0.7044
vn -0.5339 -0.4589 0.7102
vn 0.4936 0.5100 0.7045
vn -0.5453 -0.4465 0.7094
vn 0.5054 0.4983 0.7045
vn 0.5167 0.4865 0.7046
vn -0.5543 -0.4353 0.7094
vn 0.5274 0.4747 0.7046
vn 0.5377 0.4630 0.7047
vn -0.5630 -0.4241 0.7094
vn 0.5474 0.4513 0.7047
vn 0.5567 0.4397 0.7048
vn -0.5713 -0.4129 0.7093
vn 0.5656 0.4281 0.7048
vn -0.5792 -0.4017 0.7093
vn 0.5740 0.4167 0.7049
vn 0.5827 0.4049 0.7047
vn -0.5869 -0.3906 0.7093
vn 0.5927 0.3910 0.7042
vn -0.5942 -0.3794 0.7092
vn 0.6035 0.3746 0.7038
vn 0.6151 0.3561 0.7035
vn -0.6011 -0.3684 0.7092
vn 0.6274 0.3349 0.7030
vn 0.6402 0.3107 0.7025
vn -0.6078 -0.3574 0.7092
vn 0.6536 0.2829 0.7020
vn 0.6673 0.2508 0.7013
vn -0.6141 -0.3464 0.7091
vn 0.6809 0.2136 0.7005
vn 0.6938 0.1706 0.6997
vn -0.6201 -0.3356 0.7091
vn 0.7051 0.1209 0.6987
vn 0.7136 0.0638 0.6976
vn 0.7149 0.0077 0.6992
vn -0.6244 -0.3334 0.7064
vn 0.7119 -0.0363 0.7013
vn 0.7092 -0.0740 0.7011
vn 0.7044 -0.1132 0.7008
vn 0.6968 -0.1537 0.7006
vn -0.6217 -0.3402 0.7055
vn 0.6866 -0.1950 0.7004
vn -0.6167 -0.3496 0.7053
vn 0.6736 -0.2368 0.7002
vn -0.6109 -0.3601 0.7051
vn 0.6575 -0.2784 0.7001
vn -0.6040 -0.3721 0.7048
vn 0.6387 -0.3194 0.7000
vn -0.5959 -0.3853 0.7045
vn 0.6172 -0.3592 0.7000
vn -0.5865 -0.4002 0.7041
vn 0.5932 -0.3974 0.7001
vn -0.5751 -0.4174 0.7036
vn 0.5672 -0.4336 0.7002
vn -0.5610 -0.4371 0.7030
vn 0.5393 -0.4677 0.7003
vn -0.5437 -0.4597 0.7022
vn 0.5090 -0.5011 0.6999
vn -0.5218 -0.4857 0.7013
vn -0.4938 -0.5160 0.7000
vn 0.4747 -0.5342 0.6995
vn -0.4683 -0.5329 0.7048
vn 0.4365 -0.5662 0.6992
vn -0.4440 -0.5621 0.6978
vn 0.3945 -0.5966 0.6989
vn -0.3962 -0.5963 0.6982
vn -0.3479 -0.6253 0.6985
vn 0.3492 -0.6243 0.6988
vn -0.3000 -0.6491 0.6991
vn 0.3011 -0.6490 0.6986
vn -0.2537 -0.6680 0.6996
vn 0.2509 -0.6700 0.6986
vn -0.2094 -0.6826 0.7001
vn 0.1996 -0.6869 0.6988
vn -0.1676 -0.6936 0.7006
vn -0.1287 -0.7013 0.7012
vn 0.1480 -0.6997 0.6989
vn -0.0926 -0.7065 0.7016
vn 0.0970 -0.7083 0.6992
vn -0.0591 -0.7096 0.7021
vn 0.0476 -0.7130 0.6995
vn -0.0284 -0.7111 0.7025
vn 0.0048 -0.7129 0.7013
vn -0.0402 0.7126 0.7004
vn 0.0304 0.7113 0.7022
vn -0.0019 0.7124 0.7018
vn -0.0872 0.7097 0.6991
vn 0.0619 0.7094 0.7021
vn -0.1433 0.7021 0.6976
vn 0.0945 0.7060 0.7019
vn -0.2100 0.6871 0.6955
vn 0.1280 0.7009 0.7017
vn -0.2882 0.6605 0.6933
vn 0.1621 0.6939 0.7016
vn -0.3766 0.6172 0.6908
vn -0.4704 0.5517 0.6887
vn 0.1967 0.6851 0.7014
vn -0.5610 0.4618 0.6870
vn 0.2316 0.6742 0.7013
vn -0.6369 0.3506 0.6866
vn 0.2663 0.6613 0.7013
vn -0.6890 0.2288 0.6877
vn 0.3006 0.6465 0.7012
vn -0.7160 0.1094 0.6895
vn -0.7204 0.0071 0.6936
vn 0.3343 0.6297 0.7012
vn -0.7147 -0.0749 0.6954
vn 0.3669 0.6113 0.7012
vn -0.7028 -0.1499 0.6954
vn -0.6831 -0.2228 0.6955
vn 0.3910 0.5934 0.7036
vn -0.6563 -0.2913 0.6960
vn -0.6243 -0.3536 0.6966
vn -0.5888 -0.4087 0.6973
vn 0.4089 0.5810 0.7037
vn -0.5515 -0.4567 0.6980
vn -0.5139 -0.4974 0.6989
vn -0.4772 -0.5317 0.6997
vn 0.4263 0.5684 0.7037
vn -0.4420 -0.5604 0.7004
vn -0.4089 -0.5842 0.7011
vn -0.3929 -0.5860 0.7087
vn 0.4430 0.5554 0.7038
vn -0.4057 -0.5742 0.7111
vn 0.4592 0.5420 0.7038
vn -0.4266 -0.5582 0.7116
vn 0.4748 0.5283 0.7039
vn -0.4497 -0.5388 0.7123
vn 0.4898 0.5144 0.7039
vn 0.5042 0.5002 0.7040
vn -0.4754 -0.5151 0.7132
vn 0.5180 0.4859 0.7040
vn -0.5037 -0.4860 0.7142
vn 0.5311 0.4715 0.7041
vn -0.5345 -0.4500 0.7154
vn 0.5436 0.4569 0.7041
vn -0.5673 -0.4053 0.7169
vn 0.5554 0.4424 0.7042
vn -0.6010 -0.3498 0.7186
vn 0.5676 0.4271 0.7039
vn -0.6337 -0.2817 0.7205
vn 0.5815 0.4092 0.7032
vn -0.6620 -0.1998 0.7224
vn 0.5962 0.3880 0.7029
vn -0.6816 -0.1046 0.7242
vn -0.6890 -0.0011 0.7247
vn 0.6113 0.3644 0.7025
vn -0.6857 0.0953 0.7216
vn 0.6267 0.3381 0.7021
vn -0.6737 0.1730 0.7185
vn 0.6421 0.3087 0.7017
vn -0.6577 0.2335 0.7162
vn 0.6574 0.2760 0.7012
vn -0.6409 0.2809 0.7144
vn 0.6720 0.2395 0.7007
vn -0.6247 0.3184 0.7130
vn 0.6856 0.1993 0.7002
vn -0.6096 0.3484 0.7120
vn 0.6974 0.1550 0.6997
vn -0.5959 0.3729 0.7112
vn 0.7069 0.1068 0.6992
vn -0.5836 0.3930 0.7106
vn 0.7133 0.0548 0.6987
vn 0.7157 -0.0000 0.6985
vn -0.5725 0.4098 0.7101
vn 0.7142 -0.0591 0.6974
vn -0.5626 0.4241 0.7097
vn 0.7069 -0.1256 0.6961
vn -0.5536 0.4363 0.7094
vn 0.6909 -0.2005 0.6946
vn 0.6633 -0.2820 0.6932
vn -0.5417 0.4492 0.7105
vn 0.6216 -0.3670 0.6921
vn 0.5649 -0.4504 0.6914
vn -0.5339 0.4617 0.7084
vn 0.4948 -0.5265 0.6913
vn 0.4155 -0.5905 0.6918
vn 0.3324 -0.6399 0.6929
vn 0.2510 -0.6746 0.6942
vn -0.5287 0.4677 0.7083
vn 0.1751 -0.6967 0.6957
vn 0.1303 -0.6972 0.7049
vn 0.1403 -0.6868 0.7131
vn 0.1770 -0.6782 0.7133
vn 0.2137 -0.6675 0.7133
vn 0.2500 -0.6547 0.7134
vn 0.2858 -0.6399 0.7134
vn 0.3205 -0.6233 0.7133
vn 0.3540 -0.6049 0.7133
vn 0.3861 -0.5852 0.7131
vn 0.4164 -0.5641 0.7130
vn 0.4450 -0.5421 0.7128
vn -0.5235 0.4735 0.7083
vn 0.4715 -0.5195 0.7126
vn 0.4902 -0.5076 0.7086
vn 0.4927 -0.5087 0.7060
vn -0.5185 0.4791 0.7083
vn 0.4876 -0.5137 0.7059
vn -0.5135 0.4844 0.7082
vn -0.5087 0.4895 0.7082
vn 0.4821 -0.5189 0.7059
vn -0.5039 0.4945 0.7082
vn 0.4763 -0.5244 0.7058
vn -0.4993 0.4992 0.7082
vn 0.4701 -0.5300 0.7057
vn -0.4947 0.5038 0.7081
vn -0.4902 0.5082 0.7081
vn 0.4636 -0.5358 0.7057
vn -0.4858 0.5125 0.7081
vn 0.4566 -0.5419 0.7056
vn -0.4707 0.5215 0.7117
vn 0.4491 -0.5482 0.7055
vn -0.4587 0.5362 0.7086
vn 0.4412 -0.5548 0.7054
vn -0.4517 0.5421 0.7086
vn 0.4326 -0.5616 0.7053
vn -0.4444 0.5481 0.7086
vn 0.4235 -0.5686 0.7052
vn 0.4109 -0.5797 0.7037
vn -0.4370 0.5540 0.7086
vn 0.3981 -0.5856 0.7061
vn -0.4293 0.5599 0.7087
vn 0.3929 -0.5892 0.7061
vn -0.4215 0.5658 0.7087
vn 0.3872 -0.5930 0.7060
vn -0.4134 0.5717 0.7087
vn 0.3810 -0.5971 0.7059
vn -0.4051 0.5775 0.7087
vn 0.3743 -0.6015 0.7058
vn -0.3966 0.5834 0.7088
vn 0.3669 -0.6062 0.7057
vn -0.3879 0.5892 0.7088
vn 0.3588 -0.6111 0.7055
vn -0.3790 0.5949 0.7088
vn 0.3499 -0.6165 0.7054
vn -0.3905 0.5951 0.7024
vn 0.3400 -0.6222 0.7052
vn -0.4199 0.5765 0.7009
vn -0.4531 0.5516 0.7003
vn -0.4879 0.5219 0.6997
vn 0.3290 -0.6283 0.7050
vn -0.5242 0.4867 0.6988
vn -0.5608 0.4451 0.6982
vn -0.5964 0.3972 0.6975
vn -0.6305 0.3422 0.6967
vn -0.6606 0.2806 0.6963
vn -0.6855 0.2140 0.6959
vn 0.3167 -0.6348 0.7048
vn -0.7036 0.1437 0.6959
vn -0.7145 0.0717 0.6959
vn -0.7176 0.0008 0.6964
vn -0.7151 -0.0723 0.6952
vn 0.2959 -0.6481 0.7017
vn -0.7037 -0.1546 0.6934
vn -0.6788 -0.2474 0.6914
vn -0.6355 -0.3466 0.6899
vn -0.5723 -0.4448 0.6889
vn 0.2700 -0.6570 0.7039
vn -0.4910 -0.5332 0.6889
vn 0.2508 -0.6647 0.7037
vn -0.3984 -0.6045 0.6898
vn 0.2304 -0.6722 0.7036
vn 0.2089 -0.6793 0.7035
vn -0.3032 -0.6557 0.6915
vn 0.1862 -0.6860 0.7033
vn 0.1626 -0.6921 0.7032
vn -0.2129 -0.6884 0.6934
vn 0.1381 -0.6976 0.7031
vn -0.1316 -0.7066 0.6953
vn 0.1124 -0.7023 0.7029
vn 0.0856 -0.7063 0.7028
vn -0.0610 -0.7144 0.6970
vn 0.0578 -0.7092 0.7027
vn 0.0291 -0.7111 0.7025
vn -0.0069 -0.7137 0.7004
vn -0.0391 0.7122 0.7009
vn 0.0373 0.7117 0.7014
vn -0.0000 0.7131 0.7011
vn -0.0799 0.7091 0.7005
vn 0.0718 0.7086 0.7019
vn -0.1227 0.7033 0.7002
vn 0.1033 0.7043 0.7023
vn -0.1671 0.6944 0.6999
vn 0.1320 0.6991 0.7027
vn -0.2125 0.6822 0.6997
vn 0.1582 0.6933 0.7031
vn -0.2583 0.6664 0.6994
vn 0.1821 0.6871 0.7034
vn -0.3040 0.6469 0.6993
vn 0.2038 0.6807 0.7037
vn -0.3486 0.6241 0.6992
vn 0.2236 0.6741 0.7039
vn -0.3917 0.5980 0.6993
vn 0.2416 0.6676 0.7042
vn -0.4323 0.5692 0.6994
vn -0.4702 0.5381 0.6995
vn 0.2582 0.6612 0.7044
vn -0.4992 0.5083 0.7017
vn 0.2734 0.6548 0.7046
vn -0.5184 0.4863 0.7034
vn 0.2845 0.6490 0.7056
vn -0.5355 0.4681 0.7030
vn -0.5540 0.4468 0.7024
vn -0.5738 0.4221 0.7019
vn 0.3055 0.6435 0.7018
vn -0.5947 0.3933 0.7012
vn -0.6170 0.3591 0.7003
vn -0.6396 0.3188 0.6995
vn 0.3379 0.6279 0.7011
vn -0.6621 0.2717 0.6985
vn -0.6833 0.2164 0.6974
vn -0.7014 0.1525 0.6963
vn 0.3743 0.6080 0.7002
vn -0.7144 0.0799 0.6952
vn -0.7186 0.0031 0.6954
vn -0.7150 -0.0731 0.6953
vn 0.4149 0.5824 0.6991
vn -0.7035 -0.1536 0.6939
vn -0.6799 -0.2409 0.6926
vn 0.4598 0.5492 0.6978
vn -0.6419 -0.3309 0.6918
vn -0.5893 -0.4178 0.6915
vn -0.5246 -0.4963 0.6917
vn -0.4519 -0.5623 0.6926
vn 0.5083 0.5066 0.6964
vn -0.3767 -0.6139 0.6937
vn -0.3032 -0.6519 0.6951
vn -0.2347 -0.6781 0.6965
vn -0.1730 -0.6949 0.6979
vn -0.1076 -0.7104 0.6955
vn -0.0774 -0.7001 0.7099
vn 0.5590 0.4523 0.6949
vn -0.0955 -0.6975 0.7102
vn -0.1156 -0.6941 0.7106
vn -0.1383 -0.6894 0.7111
vn 0.6094 0.3845 0.6934
vn -0.1638 -0.6832 0.7116
vn -0.1926 -0.6750 0.7123
vn -0.2253 -0.6639 0.7131
vn 0.6553 0.3026 0.6921
vn -0.2623 -0.6491 0.7140
vn -0.3039 -0.6295 0.7151
vn 0.6920 0.2082 0.6912
vn -0.3504 -0.6032 0.7165
vn -0.4018 -0.5683 0.7180
vn 0.7152 0.1054 0.6909
vn -0.4692 -0.4998 0.7280
vn 0.7210 0.0060 0.6929
vn -0.5433 -0.4328 0.7194
vn -0.5853 -0.3773 0.7177
vn -0.6170 -0.3262 0.7162
vn 0.7143 -0.0777 0.6955
vn -0.6406 -0.2803 0.7149
vn 0.7020 -0.1484 0.6965
vn 0.6847 -0.2109 0.6976
vn -0.6582 -0.2393 0.7138
vn 0.6646 -0.2649 0.6987
vn -0.6712 -0.2031 0.7129
vn 0.6431 -0.3114 0.6996
vn -0.6809 -0.1712 0.7121
vn 0.6214 -0.3510 0.7005
vn -0.6880 -0.1431 0.7115
vn 0.6002 -0.3848 0.7012
vn -0.6932 -0.1181 0.7110
vn 0.5799 -0.4136 0.7019
vn 0.5608 -0.4383 0.7025
vn -0.6972 -0.0960 0.7105
vn 0.5428 -0.4595 0.7030
vn -0.6999 -0.0764 0.7101
vn 0.5261 -0.4779 0.7034
vn 0.5231 -0.4675 0.7127
vn -0.6991 -0.0471 0.7135
vn 0.5556 -0.4111 0.7227
vn 0.6043 -0.3425 0.7194
vn -0.7059 -0.0253 0.7079
vn 0.6368 -0.2841 0.7168
vn 0.6585 -0.2353 0.7149
vn 0.6732 -0.1947 0.7133
vn 0.6832 -0.1609 0.7123
vn 0.6902 -0.1324 0.7114
vn 0.6951 -0.1083 0.7107
vn 0.6985 -0.0877 0.7102
vn -0.7064 -0.0171 0.7076
vn 0.7009 -0.0698 0.7098
vn 0.7027 -0.0543 0.7094
vn 0.7022 -0.0343 0.7112
vn -0.7065 -0.0140 0.7076
vn 0.7061 -0.0193 0.7079
vn 0.7064 -0.0151 0.7077
vn -0.7066 -0.0113 0.7075
vn 0.7066 -0.0120 0.7076
vn 0.7067 -0.0095 0.7075
vn -0.7067 -0.0091 0.7075
vn 0.7068 -0.0075 0.7074
vn -0.7068 -0.0070 0.7074
vn 0.7069 -0.0059 0.7073
vn 0.7069 -0.0045 0.7073
vn -0.7068 -0.0053 0.7074
vn 0.7069 -0.0033 0.7073
vn -0.7069 -0.0038 0.7073
vn 0.7070 -0.0023 0.7073
vn -0.7069 -0.0024 0.7073
vn 0.7070 -0.0015 0.7072
vn -0.0903 0.7125 0.6958
vn 0.0270 0.7108 0.7029
vn -0.0201 0.7171 0.6967
vn -0.1482 0.6986 0.7000
vn 0.0537 0.7092 0.7029
vn -0.1854 0.6875 0.7021
vn 0.0802 0.7067 0.7029
vn -0.2112 0.6786 0.7035
vn -0.7069 -0.0011 0.7073
vn 0.1063 0.7032 0.7030
vn 0.7070 -0.0007 0.7072
vn -0.2300 0.6716 0.7044
vn 0.1319 0.6988 0.7031
vn -0.2444 0.6658 0.7049
vn 0.1568 0.6935 0.7031
vn -0.2557 0.6611 0.7054
vn 0.1812 0.6875 0.7032
vn -0.2648 0.6572 0.7057
vn 0.2048 0.6808 0.7033
vn -0.2723 0.6539 0.7059
vn 0.2277 0.6734 0.7034
vn -0.2785 0.6510 0.7061
vn -0.2839 0.6486 0.7062
vn 0.2497 0.6654 0.7035
vn -0.2748 0.6478 0.7106
vn 0.2708 0.6570 0.7036
vn -0.2435 0.6563 0.7141
vn 0.2975 0.6473 0.7018
vn -0.2079 0.6702 0.7125
vn -0.1790 0.6795 0.7115
vn -0.1552 0.6862 0.7106
vn -0.1355 0.6910 0.7101
vn 0.2799 0.2990 0.9123
vn 0.3366 0.6307 0.6992
vn -0.1189 0.6945 0.7096
vn -0.1047 0.6971 0.7092
vn -0.0924 0.6992 0.7089
vn 0.3833 0.6045 0.6984
vn -0.0818 0.7008 0.7087
vn -0.3314 0.3023 0.8938
vn -0.0725 0.7020 0.7085
vn -0.0642 0.7029 0.7084
vn -0.0588 0.7042 0.7076
vn 0.4324 0.5715 0.6975
vn -0.0566 0.7046 0.7073
vn -0.0552 0.7047 0.7073
vn -0.0812 0.7156 0.6938
vn 0.1052 0.7142 0.6920
vn 0.0090 0.7211 0.6927
vn -0.1730 0.7009 0.6919
vn 0.1930 0.6931 0.6945
vn -0.2743 0.6698 0.6900
vn 0.2633 0.6674 0.6966
vn -0.0539 0.7049 0.7073
vn -0.3786 0.6181 0.6889
vn 0.3189 0.6406 0.6985
vn 0.4828 0.5307 0.6966
vn -0.4768 0.5465 0.6885
vn -0.0528 0.7050 0.7073
vn 0.3629 0.6152 0.6999
vn -0.5603 0.4594 0.6892
vn -0.0518 0.7050 0.7073
vn 0.3981 0.5916 0.7011
vn -0.6236 0.3660 0.6908
vn -0.0509 0.7051 0.7072
vn 0.5328 0.4815 0.6959
vn 0.4264 0.5704 0.7020
vn -0.6669 0.2747 0.6926
vn -0.0500 0.7052 0.7072
vn -0.6936 0.1909 0.6946
vn -0.0493 0.7053 0.7072
vn 0.4496 0.5513 0.7027
vn 0.5804 0.4239 0.6953
vn -0.7079 0.1173 0.6965
vn 0.4689 0.5342 0.7034
vn -0.0479 0.7054 0.7072
vn -0.7139 0.0543 0.6981
vn -0.0474 0.7054 0.7072
vn 0.4850 0.5190 0.7039
vn 0.6231 0.3589 0.6950
vn -0.7157 -0.0026 0.6984
vn 0.4987 0.5054 0.7042
vn -0.7137 -0.0603 0.6979
vn 0.6588 0.2883 0.6949
vn 0.4827 0.5071 0.7141
vn 0.4590 0.5323 0.7113
vn 0.6862 0.2145 0.6951
vn -0.7060 -0.1176 0.6984
vn -0.0646 0.7042 0.7070
vn -0.0651 0.7042 0.7070
vn 0.7046 0.1402 0.6956
vn -0.0655 0.7041 0.7070
vn 0.4377 0.5494 0.7117
vn -0.6945 -0.1708 0.6989
vn 0.7145 0.0684 0.6962
vn -0.0662 0.7040 0.7071
vn -0.6801 -0.2193 0.6995
vn 0.4135 0.5673 0.7122
vn 0.7166 0.0022 0.6975
vn -0.0666 0.7040 0.7071
vn -0.0668 0.7040 0.7071
vn 0.3859 0.5858 0.7127
vn 0.7138 -0.0582 0.6979
vn -0.6638 -0.2632 0.7001
vn 0.7067 -0.1179 0.6976
vn -0.0669 0.7040 0.7071
vn 0.6941 -0.1781 0.6975
vn 0.3545 0.6046 0.7133
vn -0.0671 0.7039 0.7071
vn -0.6461 -0.3026 0.7007
vn 0.6761 -0.2371 0.6976
vn 0.6533 -0.2940 0.6976
vn 0.3187 0.6234 0.7140
vn -0.0672 0.7039 0.7071
vn 0.6261 -0.3476 0.6979
vn -0.6280 -0.3376 0.7012
vn 0.2782 0.6417 0.7147
vn 0.5957 -0.3968 0.6983
vn -0.0696 0.7044 0.7064
vn 0.5631 -0.4412 0.6988
vn 0.2326 0.6589 0.7154
vn 0.5292 -0.4806 0.6993
vn -0.0696 0.7030 0.7078
vn 0.1817 0.6739 0.7161
vn 0.4950 -0.5150 0.6998
vn -0.6096 -0.3688 0.7016
vn -0.0650 0.7033 0.7079
vn -0.0601 0.7037 0.7079
vn -0.0549 0.7041 0.7080
vn 0.4612 -0.5448 0.7003
vn 0.1255 0.6858 0.7169
vn -0.0494 0.7045 0.7080
vn -0.0437 0.7048 0.7081
vn -0.0375 0.7051 0.7081
vn 0.0645 0.6936 0.7175
vn 0.4273 -0.5719 0.7002
vn -0.0310 0.7054 0.7082
vn -0.0240 0.7055 0.7083
vn -0.0165 0.7057 0.7083
vn 0.0144 0.7009 0.7131
vn -0.0085 0.7057 0.7084
vn 0.0002 -0.7065 0.7077
vn 0.3956 -0.5921 0.7021
vn 0.0044 -0.7064 0.7078
vn -0.0034 -0.7066 0.7077
vn -0.0067 -0.7066 0.7076
vn 0.0086 -0.7064 0.7078
vn -0.0097 -0.7066 0.7076
vn 0.0126 -0.7064 0.7077
vn -0.0126 -0.7065 0.7076
vn 0.0164 -0.7063 0.7077
vn -0.0153 -0.7065 0.7075
vn 0.3683 -0.6097 0.7019
vn -0.5915 -0.3964 0.7022
vn 0.0200 -0.7063 0.7077
vn -0.0179 -0.7065 0.7075
vn 0.0235 -0.7062 0.7077
vn -0.0203 -0.7064 0.7075
vn 0.0268 -0.7061 0.7076
vn -0.0226 -0.7064 0.7075
vn 0.3389 -0.6268 0.7017
vn -0.0248 -0.7063 0.7074
vn 0.0300 -0.7060 0.7076
vn -0.0268 -0.7063 0.7074
vn 0.0331 -0.7059 0.7076
vn 0.3073 -0.6431 0.7014
vn -0.0288 -0.7062 0.7074
vn 0.0360 -0.7057 0.7076
vn -0.0333 -0.7052 0.7082
vn 0.2737 -0.6583 0.7012
vn 0.0388 -0.7056 0.7075
vn -0.0361 -0.7065 0.7068
vn 0.2384 -0.6721 0.7011
vn -0.0344 -0.7065 0.7068
vn 0.3196 -0.2965 0.9000
vn -0.0325 -0.7067 0.7068
vn 0.2012 -0.6843 0.7009
vn -0.0304 -0.7068 0.7067
vn 0.7069 0.0131 0.7072
vn 0.1625 -0.6946 0.7008
vn -0.0280 -0.7069 0.7067
vn -0.0255 -0.7071 0.7067
vn 0.1227 -0.7029 0.7007
vn -0.0225 -0.7072 0.7066
vn -0.0192 -0.7074 0.7066
vn 0.0821 -0.7087 0.7007
vn -0.0154 -0.7076 0.7065
vn 0.0411 -0.7123 0.7006
vn -0.0110 -0.7078 0.7063
vn -0.0059 -0.7079 0.7062
vn 0.0086 -0.7107 0.7034
vn -0.5738 -0.4208 0.7026
vn -0.1951 -0.1164 0.9739
vn -0.5568 -0.4425 0.7030
vn 0.0863 -0.7016 0.7073
vn -0.5717 0.4127 0.7091
vn 0.7069 0.0135 0.7072
vn -0.5390 -0.4652 0.7022
vn 0.0878 -0.7014 0.7074
vn 0.0895 -0.7011 0.7074
vn -0.5181 -0.4883 0.7023
vn 0.0914 -0.7008 0.7074
vn 0.0936 -0.7005 0.7075
vn 0.7069 0.0139 0.7072
vn -0.4957 -0.5117 0.7018
vn 0.0960 -0.7002 0.7075
vn -0.5644 0.4228 0.7091
vn 0.0987 -0.6997 0.7076
vn 0.1018 -0.6992 0.7076
vn -0.4696 -0.5365 0.7012
vn 0.1054 -0.6986 0.7077
vn 0.7069 0.0141 0.7071
vn 0.1097 -0.6978 0.7078
vn -0.4394 -0.5623 0.7006
vn 0.1147 -0.6968 0.7080
vn 0.1122 -0.7000 0.7053
vn -0.4043 -0.5888 0.6999
vn 0.1208 -0.6916 0.7121
vn 0.1510 -0.6857 0.7120
vn -0.5572 0.4323 0.7090
vn -0.0485 -0.1572 0.9864
vn 0.1805 -0.6786 0.7120
vn 0.2090 -0.6706 0.7118
vn 0.2364 -0.6615 0.7117
vn 0.2627 -0.6517 0.7116
vn 0.2877 -0.6412 0.7114
vn -0.3637 -0.6155 0.6992
vn 0.3115 -0.6301 0.7113
vn 0.3342 -0.6186 0.7111
vn 0.7069 0.0143 0.7071
vn 0.3554 -0.6068 0.7109
vn -0.3173 -0.6415 0.6984
vn 0.3755 -0.5947 0.7108
vn 0.5781 -0.4129 0.7037
vn -0.7070 -0.0043 0.7072
vn 0.3659 -0.6163 0.6974
vn -0.2645 -0.6657 0.6977
vn 0.3239 -0.6333 0.7028
vn 0.2992 -0.6455 0.7027
vn -0.2055 -0.6869 0.6971
vn 0.2731 -0.6572 0.7025
vn 0.2459 -0.6679 0.7025
vn 0.2177 -0.6778 0.7023
vn -0.1409 -0.7036 0.6965
vn 0.1884 -0.6865 0.7023
vn 0.1583 -0.6942 0.7022
vn -0.5502 0.4413 0.7089
vn -0.0718 -0.7143 0.6961
vn 0.1273 -0.7006 0.7021
vn 0.0958 -0.7056 0.7021
vn 0.0641 -0.7092 0.7021
vn -0.0100 -0.7151 0.6990
vn 0.0321 -0.7114 0.7021
vn 0.7069 0.0145 0.7071
vn 0.5657 -0.4293 0.7040
vn -0.7071 -0.0041 0.7071
vn -0.5433 0.4499 0.7088
vn 0.7069 0.0146 0.7071
vn 0.5539 -0.4441 0.7042
vn -0.5365 0.4580 0.7088
vn 0.5426 -0.4575 0.7044
vn -0.7071 -0.0038 0.7071
vn 0.7069 0.0148 0.7071
vn -0.5299 0.4657 0.7087
vn 0.5318 -0.4697 0.7046
vn 0.7069 0.0149 0.7071
vn -0.7070 -0.0034 0.7072
vn -0.5235 0.4731 0.7086
vn 0.5216 -0.4808 0.7048
vn 0.7069 0.0150 0.7071
vn -0.5172 0.4801 0.7086
vn -0.7071 -0.0031 0.7072
vn 0.5119 -0.4909 0.7050
vn -0.5110 0.4867 0.7085
vn 0.7070 0.0151 0.7071
vn 0.5026 -0.5002 0.7051
vn -0.7070 -0.0028 0.7072
vn -0.5050 0.4930 0.7085
vn 0.4939 -0.5087 0.7052
vn -0.7070 -0.0024 0.7072
vn 0.7073 0.0141 0.7068
vn -0.4988 0.4992 0.7085
vn 0.4855 -0.5165 0.7054
vn -0.7070 -0.0020 0.7072
vn 0.7068 0.0137 0.7073
vn -0.4923 0.5055 0.7086
vn 0.7068 0.0146 0.7072
vn 0.4776 -0.5236 0.7055
vn 0.7068 0.0153 0.7072
vn -0.7070 -0.0015 0.7072
vn -0.4854 0.5121 0.7086
vn 0.7069 0.0159 0.7072
vn 0.4709 -0.5290 0.7060
vn 0.7069 0.0163 0.7072
vn -0.7070 -0.0010 0.7072
vn -0.4784 0.5186 0.7086
vn 0.7069 0.0166 0.7072
vn 0.4650 -0.5347 0.7056
vn 0.7069 0.0169 0.7071
vn -0.4713 0.5251 0.7086
vn -0.7070 -0.0005 0.7072
vn 0.7069 0.0172 0.7071
vn 0.4577 -0.5411 0.7055
vn -0.4640 0.5315 0.7087
vn 0.7069 0.0174 0.7071
vn -0.7070 -0.0000 0.7072
vn 0.4501 -0.5475 0.7055
vn 0.7069 0.0175 0.7071
vn -0.4566 0.5379 0.7087
vn -0.7070 0.0006 0.7072
vn 0.4422 -0.5539 0.7055
vn 0.7069 0.0177 0.7071
vn -0.7070 0.0011 0.7072
vn -0.4490 0.5442 0.7087
vn 0.4341 -0.5603 0.7054
vn -0.7070 0.0018 0.7072
vn 0.7074 0.0164 0.7067
vn -0.4412 0.5505 0.7087
vn -0.7070 0.0024 0.7072
vn 0.4257 -0.5667 0.7054
vn -0.7070 0.0030 0.7072
vn 0.7070 0.0148 0.7071
vn -0.4333 0.5567 0.7087
vn -0.7070 0.0037 0.7072
vn 0.4170 -0.5732 0.7054
vn 0.7070 0.0143 0.7070
vn -0.7070 0.0044 0.7072
vn -0.4253 0.5629 0.7087
vn 0.7071 0.0138 0.7070
vn -0.7070 0.0051 0.7072
vn 0.4080 -0.5797 0.7053
vn 0.7071 0.0131 0.7070
vn -0.7070 0.0058 0.7072
vn 0.7071 0.0124 0.7070
vn -0.4171 0.5689 0.7087
vn 0.3988 -0.5861 0.7053
vn 0.7071 0.0116 0.7070
vn -0.7069 0.0066 0.7072
vn 0.7072 0.0106 0.7069
vn -0.7070 0.0073 0.7072
vn -0.4179 0.5720 0.7058
vn 0.7073 0.0093 0.7069
vn 0.3892 -0.5925 0.7053
vn 0.7073 0.0077 0.7069
vn -0.7068 0.0086 0.7074
vn 0.7074 0.0059 0.7068
vn 0.7076 0.0033 0.7066
vn -0.4379 0.5623 0.7015
vn -0.7035 0.0199 0.7105
vn 0.3794 -0.5989 0.7052
vn 0.0198 0.7097 0.7042
vn -0.0102 0.7135 0.7006
vn 0.0374 0.7088 0.7045
vn 0.0532 0.7075 0.7048
vn 0.0672 0.7060 0.7050
vn 0.0796 0.7044 0.7053
vn -0.2298 0.6839 0.6924
vn 0.0905 0.7030 0.7054
vn 0.1005 0.7015 0.7056
vn -0.4675 0.5387 0.7009
vn -0.3246 0.6462 0.6907
vn 0.1097 0.7000 0.7057
vn 0.1181 0.6985 0.7058
vn -0.7019 0.0424 0.7110
vn -0.4217 0.5891 0.6893
vn 0.1255 0.6970 0.7060
vn 0.7088 -0.0037 0.7054
vn 0.1324 0.6957 0.7060
vn 0.1303 0.6934 0.7087
vn -0.5125 0.5126 0.6889
vn 0.1217 0.6953 0.7083
vn -0.4989 0.5107 0.7002
vn -0.6993 0.0682 0.7116
vn -0.5891 0.4217 0.6893
vn -0.6462 0.3245 0.6907
vn -0.6952 0.0976 0.7122
vn -0.5316 0.4776 0.6995
vn 0.1138 0.6966 0.7084
vn 0.7100 -0.0191 0.7040
vn -0.6885 0.1315 0.7132
vn -0.5650 0.4387 0.6988
vn -0.7053 0.1427 0.6944
vn 0.1055 0.6978 0.7085
vn -0.6789 0.1707 0.7141
vn -0.7148 0.0665 0.6962
vn -0.5984 0.3933 0.6980
vn 0.0966 0.6990 0.7086
vn -0.6645 0.2158 0.7154
vn -0.6436 0.2676 0.7170
vn -0.7152 0.0045 0.6989
vn 0.0872 0.7001 0.7087
vn -0.6305 0.3411 0.6972
vn -0.6135 0.3267 0.7189
vn -0.5718 0.3918 0.7208
vn 0.0771 0.7012 0.7088
vn -0.7131 -0.0464 0.6995
vn -0.5143 0.4609 0.7232
vn -0.6596 0.2822 0.6966
vn 0.7094 -0.0398 0.7037
vn 0.0664 0.7022 0.7089
vn -0.4379 0.5309 0.7256
vn 0.3447 -0.6315 0.6945
vn -0.3545 0.5926 0.7233
vn -0.2814 0.6355 0.7190
vn 0.0548 0.7031 0.7090
vn -0.7089 -0.0988 0.6984
vn -0.2224 0.6614 0.7163
vn -0.6844 0.2171 0.6961
vn -0.1749 0.6777 0.7142
vn 0.0425 0.7038 0.7091
vn -0.1371 0.6879 0.7127
vn -0.1060 0.6944 0.7117
vn 0.0293 0.7043 0.7093
vn -0.0802 0.6987 0.7109
vn -0.0588 0.7015 0.7103
vn 0.0151 0.7046 0.7095
vn -0.0407 0.7032 0.7098
vn -0.0253 0.7044 0.7094
vn 0.0011 0.7050 0.7093
vn -0.0120 0.7050 0.7091
vn -0.7030 0.1470 0.6958
vn -0.6992 -0.1582 0.6972
vn -0.7146 0.0739 0.6956
vn -0.6822 -0.2248 0.6958
vn 0.7081 -0.0626 0.7033
vn -0.7190 -0.0026 0.6950
vn -0.6551 -0.2976 0.6945
vn -0.7158 -0.0895 0.6925
vn -0.6158 -0.3744 0.6933
vn -0.6978 -0.1902 0.6905
vn -0.5630 -0.4512 0.6924
vn -0.4973 -0.5234 0.6920
vn 0.2989 -0.6427 0.7054
vn -0.6605 -0.2985 0.6889
vn 0.7058 -0.0877 0.7030
vn -0.4208 -0.5866 0.6920
vn 0.2885 -0.6477 0.7052
vn -0.6012 -0.4062 0.6882
vn -0.3383 -0.6370 0.6926
vn 0.2768 -0.6530 0.7050
vn -0.5226 -0.5030 0.6884
vn -0.2552 -0.6735 0.6938
vn 0.2633 -0.6590 0.7046
vn -0.2051 -0.6786 0.7053
vn -0.4321 -0.5811 0.6896
vn 0.2475 -0.6654 0.7042
vn -0.2019 -0.6766 0.7081
vn -0.3393 -0.6377 0.6915
vn 0.2292 -0.6724 0.7038
vn 0.2074 -0.6801 0.7031
vn -0.2519 -0.6749 0.6936
vn 0.1811 -0.6883 0.7024
vn -0.1737 -0.6971 0.6956
vn 0.1492 -0.6970 0.7014
vn -0.1063 -0.7087 0.6975
vn 0.7023 -0.1153 0.7025
vn 0.1098 -0.7054 0.7002
vn -0.0492 -0.7134 0.6990
vn 0.0606 -0.7131 0.6985
vn 0.0048 -0.7157 0.6984
vn -0.2086 -0.6744 0.7083
vn -0.2161 -0.6719 0.7084
vn 0.6971 -0.1457 0.7020
vn -0.2246 -0.6689 0.7086
vn -0.2344 -0.6652 0.7089
vn 0.6898 -0.1791 0.7015
vn -0.2457 -0.6608 0.7092
vn 0.6799 -0.2157 0.7009
vn -0.2590 -0.6553 0.7096
vn -0.2748 -0.6482 0.7102
vn 0.6666 -0.2557 0.7002
vn -0.2939 -0.6390 0.7109
vn -0.3172 -0.6267 0.7118
vn 0.6491 -0.2989 0.6995
vn -0.3460 -0.6096 0.7132
vn -0.3656 -0.6052 0.7072
vn 0.6266 -0.3453 0.6987
vn -0.3761 -0.5929 0.7120
vn -0.4021 -0.5752 0.7124
vn 0.6034 -0.3748 0.7039
vn -0.4294 -0.5544 0.7129
vn -0.4579 -0.5306 0.7133
vn 0.5881 -0.4057 0.6996
vn -0.4871 -0.5031 0.7139
vn -0.5168 -0.4719 0.7143
vn 0.5603 -0.4426 0.7001
vn -0.5462 -0.4366 0.7149
vn 0.5322 -0.4753 0.7006
vn -0.5751 -0.3969 0.7153
vn -0.6025 -0.3531 0.7157
vn 0.5044 -0.5040 0.7011
vn -0.6277 -0.3054 0.7161
vn 0.4775 -0.5289 0.7016
vn -0.6498 -0.2543 0.7163
vn -0.6674 -0.2514 0.7009
vn 0.4517 -0.5506 0.7020
vn -0.6523 -0.2894 0.7005
vn 0.4271 -0.5694 0.7024
vn 0.4037 -0.5857 0.7028
vn -0.6335 -0.3304 0.6996
vn 0.3817 -0.5999 0.7032
vn 0.3610 -0.6123 0.7035
vn -0.6091 -0.3755 0.6986
vn 0.3416 -0.6229 0.7038
vn -0.5773 -0.4245 0.6975
vn 0.3270 -0.6288 0.7055
vn -0.5366 -0.4766 0.6963
vn 0.3150 -0.6362 0.7043
vn 0.2982 -0.6446 0.7040
vn -0.4856 -0.5302 0.6951
vn 0.2797 -0.6531 0.7038
vn -0.4231 -0.5825 0.6941
vn 0.2593 -0.6618 0.7034
vn 0.2367 -0.6705 0.7032
vn -0.3496 -0.6302 0.6933
vn 0.2119 -0.6791 0.7028
vn -0.2667 -0.6700 0.6928
vn 0.1845 -0.6875 0.7024
vn 0.1542 -0.6953 0.7020
vn -0.1779 -0.6988 0.6928
vn 0.1207 -0.7024 0.7015
vn -0.0878 -0.7153 0.6933
vn 0.0839 -0.7081 0.7011
vn 0.0436 -0.7123 0.7005
vn -0.0101 -0.7170 0.6970
vt 0.805930 0.000000
vt 0.808625 0.000000
vt 0.811321 0.000000
vt 0.803235 0.000000
vt 0.814016 0.000000
vt 0.800539 0.000000
vt 0.816712 0.000000
vt 0.797844 0.000000
vt 0.819407 0.000000
vt 0.795148 0.000000
vt 0.792453 0.000000
vt 0.822102 0.000000
vt 0.789757 0.000000
vt 0.824798 0.000000
vt 0.787062 0.000000
vt 0.827493 0.000000
vt 0.784367 0.000000
vt 0.781671 0.000000
vt 0.830189 0.000000
vt 0.778976 0.000000
vt 0.832884 0.000000
vt 0.776280 0.000000
vt 0.835580 0.000000
vt 0.773585 0.000000
vt 0.770889 0.000000
vt 0.768194 0.000000
vt 0.838275 0.000000
vt 0.765499 0.000000
vt 0.762803 0.000000
vt 0.760108 0.000000
vt 0.757412 0.000000
vt 0.840970 0.000000
vt 0.754717 0.000000
vt 0.752022 0.000000
vt 0.749326 0.000000
vt 0.746631 0.000000
vt 0.843666 0.000000
vt 0.743935 0.000000
vt 0.741240 0.000000
vt 0.846361 0.000000
vt 0.738544 0.000000
vt 0.735849 0.000000
vt 0.849057 0.000000
vt 0.733154 0.000000
vt 0.851752 0.000000
vt 0.730458 0.000000
vt 0.854447 0.000000
vt 0.727763 0.000000
vt 0.857143 0.000000
vt 0.725067 0.000000
vt 0.859838 0.000000
vt 0.722372 0.000000
vt 0.862534 0.000000
vt 0.719677 0.000000
vt 0.865229 0.000000
vt 0.716981 0.000000
vt 0.714286 0.000000
vt 0.867925 0.000000
vt 0.711590 0.000000
vt 0.870620 0.000000
vt 0.708895 0.000000
vt 0.873315 0.000000
vt 0.706199 0.000000
vt 0.703504 0.000000
vt 0.876011 0.000000
vt 0.700809 0.000000
vt 0.878706 0.000000
vt 0.698113 0.000000
vt 0.881402 0.000000
vt 0.695418 0.000000
vt 0.884097 0.000000
vt 0.886792 0.000000
vt 0.692722 0.000000
vt 0.889488 0.000000
vt 0.690027 0.000000
vt 0.892183 0.000000
vt 0.894879 0.000000
vt 0.687332 0.000000
vt 0.897574 0.000000
vt 0.900270 0.000000
vt 0.684636 0.000000
vt 0.902965 0.000000
vt 0.905660 0.000000
vt 0.908356 0.000000
vt 0.681941 0.000000
vt 0.911051 0.000000
vt 0.913747 0.000000
vt 0.679245 0.000000
vt 0.916442 0.000000
vt 0.919137 0.000000
vt 0.676550 0.000000
vt 0.921833 0.000000
vt 0.924528 0.000000
vt 0.927224 0.000000
vt 0.929919 0.000000
vt 0.932615 0.000000
vt 0.935310 0.000000
vt 0.938005 0.000000
vt 0.940701 0.000000
vt 0.673854 0.000000
vt 0.943396 0.000000
vt 0.671159 0.000000
vt 0.946092 0.000000
vt 0.668464 0.000000
vt 0.948787 0.000000
vt 0.665768 0.000000
vt 0.951482 0.000000
vt 0.663073 0.000000
vt 0.954178 0.000000
vt 0.094340 0.000000
vt 0.097035 0.000000
vt 0.099730 0.000000
vt 0.102426 0.000000
vt 0.091644 0.000000
vt 0.105121 0.000000
vt 0.088949 0.000000
vt 0.107817 0.000000
vt 0.110512 0.000000
vt 0.086253 0.000000
vt 0.113208 0.000000
vt 0.083558 0.000000
vt 0.115903 0.000000
vt 0.080863 0.000000
vt 0.118598 0.000000
vt 0.660377 0.000000
vt 0.121294 0.000000
vt 0.078167 0.000000
vt 0.123989 0.000000
vt 0.075472 0.000000
vt 0.126685 0.000000
vt 0.129380 0.000000
vt 0.072776 0.000000
vt 0.132075 0.000000
vt 0.070081 0.000000
vt 0.067385 0.000000
vt 0.064690 0.000000
vt 0.061995 0.000000
vt 0.059299 0.000000
vt 0.056604 0.000000
vt 0.053908 0.000000
vt 0.051213 0.000000
vt 0.048518 0.000000
vt 0.045822 0.000000
vt 0.134771 0.000000
vt 0.043127 0.000000
vt 0.040431 0.000000
vt 0.037736 0.000000
vt 0.035040 0.000000
vt 0.032345 0.000000
vt 0.029650 0.000000
vt 0.137466 0.000000
vt 0.956873 0.000000
vt 0.026954 0.000000
vt 0.657682 0.000000
vt 0.140162 0.000000
vt 0.024259 0.000000
vt 0.021563 0.000000
vt 0.142857 0.000000
vt 0.959569 0.000000
vt 0.018868 0.000000
vt 0.145553 0.000000
vt 0.654987 0.000000
vt 0.016173 0.000000
vt 0.148248 0.000000
vt 0.013477 0.000000
vt 0.962264 0.000000
vt 0.150943 0.000000
vt 0.010782 0.000000
vt 0.008086 0.000000
vt 0.652291 0.000000
vt 0.153639 0.000000
vt 0.005391 0.000000
vt 0.156334 0.000000
vt 0.964960 0.000000
vt 0.002695 0.000000
vt 0.159030 0.000000
vt 0.649596 0.000000
vt 0.000000 0.000000
vt 0.161725 0.000000
vt 0.967655 0.000000
vt 1.000000 0.000000
vt 0.997305 0.000000
vt 0.164420 0.000000
vt 0.994609 0.000000
vt 0.547170 0.000000
vt 0.549865 0.000000
vt 0.552561 0.000000
vt 0.544474 0.000000
vt 0.555256 0.000000
vt 0.541779 0.000000
vt 0.557952 0.000000
vt 0.539084 0.000000
vt 0.560647 0.000000
vt 0.536388 0.000000
vt 0.563342 0.000000
vt 0.533693 0.000000
vt 0.530997 0.000000
vt 0.566038 0.000000
vt 0.528302 0.000000
vt 0.568733 0.000000
vt 0.525606 0.000000
vt 0.167116 0.000000
vt 0.571429 0.000000
vt 0.522911 0.000000
vt 0.991914 0.000000
vt 0.574124 0.000000
vt 0.520216 0.000000
vt 0.576819 0.000000
vt 0.646900 0.000000
vt 0.517520 0.000000
vt 0.514825 0.000000
vt 0.579515 0.000000
vt 0.512129 0.000000
vt 0.582210 0.000000
vt 0.989218 0.000000
vt 0.509434 0.000000
vt 0.970350 0.000000
vt 0.584906 0.000000
vt 0.506739 0.000000
vt 0.169811 0.000000
vt 0.504043 0.000000
vt 0.986523 0.000000
vt 0.501348 0.000000
vt 0.587601 0.000000
vt 0.498652 0.000000
vt 0.495957 0.000000
vt 0.983827 0.000000
vt 0.493261 0.000000
vt 0.323450 0.000000
vt 0.172507 0.000000
vt 0.590297 0.000000
vt 0.326146 0.000000
vt 0.320755 0.000000
vt 0.490566 0.000000
vt 0.981132 0.000000
vt 0.487871 0.000000
vt 0.485175 0.000000
vt 0.592992 0.000000
vt 0.482480 0.000000
vt 0.978437 0.000000
vt 0.318059 0.000000
vt 0.328841 0.000000
vt 0.175202 0.000000
vt 0.595687 0.000000
vt 0.975741 0.000000
vt 0.479784 0.000000
vt 0.315364 0.000000
vt 0.598383 0.000000
vt 0.973046 0.000000
vt 0.477089 0.000000
vt 0.331536 0.000000
vt 0.601078 0.000000
vt 0.312668 0.000000
vt 0.177898 0.000000
vt 0.603774 0.000000
vt 0.474394 0.000000
vt 0.606469 0.000000
vt 0.644205 0.000000
vt 0.641509 0.000000
vt 0.609164 0.000000
vt 0.638814 0.000000
vt 0.636119 0.000000
vt 0.334232 0.000000
vt 0.309973 0.000000
vt 0.633423 0.000000
vt 0.630728 0.000000
vt 0.611860 0.000000
vt 0.628032 0.000000
vt 0.625337 0.000000
vt 0.622642 0.000000
vt 0.614555 0.000000
vt 0.619946 0.000000
vt 0.617251 0.000000
vt 0.471698 0.000000
vt 0.180593 0.000000
vt 0.307278 0.000000
vt 0.336927 0.000000
vt 0.469003 0.000000
vt 0.183288 0.000000
vt 0.466307 0.000000
vt 0.304582 0.000000
vt 0.339623 0.000000
vt 0.463612 0.000000
vt 0.185984 0.000000
vt 0.301887 0.000000
vt 0.342318 0.000000
vt 0.460916 0.000000
vt 0.188679 0.000000
vt 0.299191 0.000000
vt 0.345013 0.000000
vt 0.458221 0.000000
vt 0.296496 0.000000
vt 0.191375 0.000000
vt 0.455526 0.000000
vt 0.347709 0.000000
vt 0.452830 0.000000
vt 0.293801 0.000000
vt 0.194070 0.000000
vt 0.350404 0.000000
vt 0.450135 0.000000
vt 0.196765 0.000000
vt 0.291105 0.000000
vt 0.353100 0.000000
vt 0.199461 0.000000
vt 0.447439 0.000000
vt 0.202156 0.000000
vt 0.355795 0.000000
vt 0.204852 0.000000
vt 0.288410 0.000000
vt 0.444744 0.000000
vt 0.207547 0.000000
vt 0.285714 0.000000
vt 0.210243 0.000000
vt 0.358491 0.000000
vt 0.442049 0.000000
vt 0.361186 0.000000
vt 0.212938 0.000000
vt 0.363881 0.000000
vt 0.283019 0.000000
vt 0.366577 0.000000
vt 0.215633 0.000000
vt 0.369272 0.000000
vt 0.371968 0.000000
vt 0.439353 0.000000
vt 0.218329 0.000000
vt 0.374663 0.000000
vt 0.280323 0.000000
vt 0.377358 0.000000
vt 0.221024 0.000000
vt 0.380054 0.000000
vt 0.277628 0.000000
vt 0.382749 0.000000
vt 0.223720 0.000000
vt 0.436658 0.000000
vt 0.385445 0.000000
vt 0.226415 0.000000
vt 0.388140 0.000000
vt 0.274933 0.000000
vt 0.390836 0.000000
vt 0.229111 0.000000
vt 0.433962 0.000000
vt 0.231806 0.000000
vt 0.272237 0.000000
vt 0.393531 0.000000
vt 0.234501 0.000000
vt 0.396226 0.000000
vt 0.431267 0.000000
vt 0.237197 0.000000
vt 0.269542 0.000000
vt 0.398922 0.000000
vt 0.239892 0.000000
vt 0.266846 0.000000
vt 0.242588 0.000000
vt 0.401617 0.000000
vt 0.428571 0.000000
vt 0.245283 0.000000
vt 0.264151 0.000000
vt 0.404313 0.000000
vt 0.247978 0.000000
vt 0.250674 0.000000
vt 0.261456 0.000000
vt 0.407008 0.000000
vt 0.425876 0.000000
vt 0.253369 0.000000
vt 0.256065 0.000000
vt 0.258760 0.000000
vt 0.409703 0.000000
vt 0.412399 0.000000
vt 0.423181 0.000000
vt 0.415094 0.000000
vt 0.417790 0.000000
vt 0.420485 0.000000
vt 0.451485 0.000000
vt 0.453465 0.000000
vt 0.455446 0.000000
vt 0.449505 0.000000
vt 0.457426 0.000000
vt 0.447525 0.000000
vt 0.445545 0.000000
vt 0.459406 0.000000
vt 0.443564 0.000000
vt 0.441584 0.000000
vt 0.461386 0.000000
vt 0.439604 0.000000
vt 0.437624 0.000000
vt 0.463366 0.000000
vt 0.435644 0.000000
vt 0.433663 0.000000
vt 0.465347 0.000000
vt 0.431683 0.000000
vt 0.467327 0.000000
vt 0.429703 0.000000
vt 0.427723 0.000000
vt 0.469307 0.000000
vt 0.425743 0.000000
vt 0.423762 0.000000
vt 0.471287 0.000000
vt 0.421782 0.000000
vt 0.473267 0.000000
vt 0.419802 0.000000
vt 0.417822 0.000000
vt 0.475248 0.000000
vt 0.415842 0.000000
vt 0.413861 0.000000
vt 0.477228 0.000000
vt 0.411881 0.000000
vt 0.409901 0.000000
vt 0.479208 0.000000
vt 0.407921 0.000000
vt 0.405941 0.000000
vt 0.403960 0.000000
vt 0.481188 0.000000
vt 0.401980 0.000000
vt 0.400000 0.000000
vt 0.398020 0.000000
vt 0.483168 0.000000
vt 0.396040 0.000000
vt 0.394059 0.000000
vt 0.392079 0.000000
vt 0.485149 0.000000
vt 0.390099 0.000000
vt 0.388119 0.000000
vt 0.386139 0.000000
vt 0.487129 0.000000
vt 0.384158 0.000000
vt 0.382178 0.000000
vt 0.380198 0.000000
vt 0.378218 0.000000
vt 0.489109 0.000000
vt 0.376238 0.000000
vt 0.491089 0.000000
vt 0.374257 0.000000
vt 0.493069 0.000000
vt 0.372277 0.000000
vt 0.370297 0.000000
vt 0.495050 0.000000
vt 0.497030 0.000000
vt 0.368317 0.000000
vt 0.499010 0.000000
vt 0.366337 0.000000
vt 0.500990 0.000000
vt 0.364356 0.000000
vt 0.502970 0.000000
vt 0.504951 0.000000
vt 0.362376 0.000000
vt 0.506931 0.000000
vt 0.508911 0.000000
vt 0.360396 0.000000
vt 0.510891 0.000000
vt 0.512871 0.000000
vt 0.358416 0.000000
vt 0.514852 0.000000
vt 0.516832 0.000000
vt 0.518812 0.000000
vt 0.356436 0.000000
vt 0.532673 0.000000
vt 0.530693 0.000000
vt 0.528713 0.000000
vt 0.526733 0.000000
vt 0.520792 0.000000
vt 0.522772 0.000000
vt 0.524752 0.000000
vt 0.534653 0.000000
vt 0.536634 0.000000
vt 0.538614 0.000000
vt 0.540594 0.000000
vt 0.542574 0.000000
vt 0.544554 0.000000
vt 0.546535 0.000000
vt 0.548515 0.000000
vt 0.550495 0.000000
vt 0.643564 0.000000
vt 0.645545 0.000000
vt 0.647525 0.000000
vt 0.641584 0.000000
vt 0.649505 0.000000
vt 0.639604 0.000000
vt 0.637624 0.000000
vt 0.651485 0.000000
vt 0.259406 0.000000
vt 0.261386 0.000000
vt 0.263366 0.000000
vt 0.635644 0.000000
vt 0.257426 0.000000
vt 0.255446 0.000000
vt 0.265347 0.000000
vt 0.653465 0.000000
vt 0.633663 0.000000
vt 0.253465 0.000000
vt 0.251485 0.000000
vt 0.631683 0.000000
vt 0.267327 0.000000
vt 0.655446 0.000000
vt 0.249505 0.000000
vt 0.629703 0.000000
vt 0.247525 0.000000
vt 0.269307 0.000000
vt 0.627723 0.000000
vt 0.657426 0.000000
vt 0.245545 0.000000
vt 0.625743 0.000000
vt 0.243564 0.000000
vt 0.659406 0.000000
vt 0.623762 0.000000
vt 0.271287 0.000000
vt 0.241584 0.000000
vt 0.621782 0.000000
vt 0.239604 0.000000
vt 0.661386 0.000000
vt 0.619802 0.000000
vt 0.273267 0.000000
vt 0.237624 0.000000
vt 0.617822 0.000000
vt 0.663366 0.000000
vt 0.235644 0.000000
vt 0.615842 0.000000
vt 0.233663 0.000000
vt 0.275248 0.000000
vt 0.613861 0.000000
vt 0.231683 0.000000
vt 0.665347 0.000000
vt 0.611881 0.000000
vt 0.229703 0.000000
vt 0.609901 0.000000
vt 0.227723 0.000000
vt 0.607921 0.000000
vt 0.605941 0.000000
vt 0.667327 0.000000
vt 0.225743 0.000000
vt 0.277228 0.000000
vt 0.603960 0.000000
vt 0.601980 0.000000
vt 0.223762 0.000000
vt 0.600000 0.000000
vt 0.598020 0.000000
vt 0.596040 0.000000
vt 0.221782 0.000000
vt 0.594059 0.000000
vt 0.592079 0.000000
vt 0.590099 0.000000
vt 0.669307 0.000000
vt 0.588119 0.000000
vt 0.219802 0.000000
vt 0.586139 0.000000
vt 0.584158 0.000000
vt 0.582178 0.000000
vt 0.279208 0.000000
vt 0.580198 0.000000
vt 0.217822 0.000000
vt 0.578218 0.000000
vt 0.576238 0.000000
vt 0.574257 0.000000
vt 0.572277 0.000000
vt 0.215842 0.000000
vt 0.671287 0.000000
vt 0.570297 0.000000
vt 0.568317 0.000000
vt 0.213861 0.000000
vt 0.566337 0.000000
vt 0.564356 0.000000
vt 0.562376 0.000000
vt 0.211881 0.000000
vt 0.560396 0.000000
vt 0.281188 0.000000
vt 0.558416 0.000000
vt 0.556436 0.000000
vt 0.673267 0.000000
vt 0.554455 0.000000
vt 0.552475 0.000000
vt 0.209901 0.000000
vt 0.675248 0.000000
vt 0.354455 0.000000
vt 0.352475 0.000000
vt 0.350495 0.000000
vt 0.283168 0.000000
vt 0.348515 0.000000
vt 0.346535 0.000000
vt 0.344554 0.000000
vt 0.342574 0.000000
vt 0.340594 0.000000
vt 0.338614 0.000000
vt 0.207921 0.000000
vt 0.677228 0.000000
vt 0.336634 0.000000
vt 0.334653 0.000000
vt 0.332673 0.000000
vt 0.330693 0.000000
vt 0.328713 0.000000
vt 0.326733 0.000000
vt 0.324752 0.000000
vt 0.679208 0.000000
vt 0.285149 0.000000
vt 0.322772 0.000000
vt 0.320792 0.000000
vt 0.205941 0.000000
vt 0.318812 0.000000
vt 0.316832 0.000000
vt 0.314851 0.000000
vt 0.312871 0.000000
vt 0.310891 0.000000
vt 0.308911 0.000000
vt 0.681188 0.000000
vt 0.306931 0.000000
vt 0.304951 0.000000
vt 0.302970 0.000000
vt 0.300990 0.000000
vt 0.299010 0.000000
vt 0.297030 0.000000
vt 0.295050 0.000000
vt 0.293069 0.000000
vt 0.203960 0.000000
vt 0.291089 0.000000
vt 0.289109 0.000000
vt 0.287129 0.000000
vt 0.683168 0.000000
vt 0.685149 0.000000
vt 0.201980 0.000000
vt 0.687129 0.000000
vt 0.200000 0.000000
vt 0.689109 0.000000
vt 0.954455 0.000000
vt 0.952475 0.000000
vt 0.691089 0.000000
vt 0.956436 0.000000
vt 0.950495 0.000000
vt 0.958416 0.000000
vt 0.948515 0.000000
vt 0.960396 0.000000
vt 0.946535 0.000000
vt 0.962376 0.000000
vt 0.944554 0.000000
vt 0.964356 0.000000
vt 0.942574 0.000000
vt 0.966337 0.000000
vt 0.940594 0.000000
vt 0.198020 0.000000
vt 0.968317 0.000000
vt 0.938614 0.000000
vt 0.936634 0.000000
vt 0.970297 0.000000
vt 0.693069 0.000000
vt 0.934653 0.000000
vt 0.972277 0.000000
vt 0.932673 0.000000
vt 0.974257 0.000000
vt 0.930693 0.000000
vt 0.976238 0.000000
vt 0.928713 0.000000
vt 0.695050 0.000000
vt 0.926733 0.000000
vt 0.978218 0.000000
vt 0.924752 0.000000
vt 0.922772 0.000000
vt 0.920792 0.000000
vt 0.980198 0.000000
vt 0.918812 0.000000
vt 0.196040 0.000000
vt 0.697030 0.000000
vt 0.916832 0.000000
vt 0.914851 0.000000
vt 0.982178 0.000000
vt 0.912871 0.000000
vt 0.910891 0.000000
vt 0.984158 0.000000
vt 0.699010 0.000000
vt 0.908911 0.000000
vt 0.906931 0.000000
vt 0.986139 0.000000
vt 0.904950 0.000000
vt 0.700990 0.000000
vt 0.988119 0.000000
vt 0.194059 0.000000
vt 0.990099 0.000000
vt 0.702970 0.000000
vt 0.992079 0.000000
vt 0.704951 0.000000
vt 0.994059 0.000000
vt 0.706931 0.000000
vt 0.708911 0.000000
vt 0.996040 0.000000
vt 0.192079 0.000000
vt 0.710891 0.000000
vt 0.998020 0.000000
vt 0.712871 0.000000
vt 0.714851 0.000000
vt 0.716832 0.000000
vt 0.718812 0.000000
vt 0.720792 0.000000
vt 0.190099 0.000000
vt 0.722772 0.000000
vt 0.001980 0.000000
vt 0.724752 0.000000
vt 0.902970 0.000000
vt 0.726733 0.000000
vt 0.728713 0.000000
vt 0.730693 0.000000
vt 0.188119 0.000000
vt 0.732673 0.000000
vt 0.734653 0.000000
vt 0.003960 0.000000
vt 0.736634 0.000000
vt 0.738614 0.000000
vt 0.740594 0.000000
vt 0.742574 0.000000
vt 0.005941 0.000000
vt 0.900990 0.000000
vt 0.186139 0.000000
vt 0.007921 0.000000
vt 0.184158 0.000000
vt 0.899010 0.000000
vt 0.009901 0.000000
vt 0.744554 0.000000
vt 0.182178 0.000000
vt 0.011881 0.000000
vt 0.897030 0.000000
vt 0.180198 0.000000
vt 0.013861 0.000000
vt 0.746535 0.000000
vt 0.178218 0.000000
vt 0.015842 0.000000
vt 0.895050 0.000000
vt 0.176238 0.000000
vt 0.017822 0.000000
vt 0.748515 0.000000
vt 0.174257 0.000000
vt 0.893069 0.000000
vt 0.019802 0.000000
vt 0.172277 0.000000
vt 0.891089 0.000000
vt 0.170297 0.000000
vt 0.021782 0.000000
vt 0.750495 0.000000
vt 0.168317 0.000000
vt 0.023762 0.000000
vt 0.889109 0.000000
vt 0.166337 0.000000
vt 0.752475 0.000000
vt 0.164356 0.000000
vt 0.025743 0.000000
vt 0.162376 0.000000
vt 0.160396 0.000000
vt 0.887129 0.000000
vt 0.027723 0.000000
vt 0.158416 0.000000
vt 0.156436 0.000000
vt 0.029703 0.000000
vt 0.754455 0.000000
vt 0.154455 0.000000
vt 0.152475 0.000000
vt 0.031683 0.000000
vt 0.150495 0.000000
vt 0.148515 0.000000
vt 0.146535 0.000000
vt 0.885149 0.000000
vt 0.033663 0.000000
vt 0.144554 0.000000
vt 0.142574 0.000000
vt 0.140594 0.000000
vt 0.138614 0.000000
vt 0.136634 0.000000
vt 0.035644 0.000000
vt 0.134653 0.000000
vt 0.132673 0.000000
vt 0.130693 0.000000
vt 0.128713 0.000000
vt 0.037624 0.000000
vt 0.756436 0.000000
vt 0.126733 0.000000
vt 0.124752 0.000000
vt 0.122772 0.000000
vt 0.120792 0.000000
vt 0.039604 0.000000
vt 0.118812 0.000000
vt 0.116832 0.000000
vt 0.883168 0.000000
vt 0.041584 0.000000
vt 0.114851 0.000000
vt 0.112871 0.000000
vt 0.043564 0.000000
vt 0.110891 0.000000
vt 0.108911 0.000000
vt 0.045545 0.000000
vt 0.106931 0.000000
vt 0.758416 0.000000
vt 0.047525 0.000000
vt 0.104950 0.000000
vt 0.049505 0.000000
vt 0.102970 0.000000
vt 0.100990 0.000000
vt 0.881188 0.000000
vt 0.051485 0.000000
vt 0.099010 0.000000
vt 0.097030 0.000000
vt 0.053465 0.000000
vt 0.095050 0.000000
vt 0.055446 0.000000
vt 0.093069 0.000000
vt 0.091089 0.000000
vt 0.760396 0.000000
vt 0.057426 0.000000
vt 0.089109 0.000000
vt 0.059406 0.000000
vt 0.087129 0.000000
vt 0.061386 0.000000
vt 0.085149 0.000000
vt 0.083168 0.000000
vt 0.063366 0.000000
vt 0.081188 0.000000
vt 0.065347 0.000000
vt 0.079208 0.000000
vt 0.067327 0.000000
vt 0.077228 0.000000
vt 0.075248 0.000000
vt 0.069307 0.000000
vt 0.073267 0.000000
vt 0.071287 0.000000
vt 0.879208 0.000000
vt 0.762376 0.000000
vt 0.764356 0.000000
vt 0.877228 0.000000
vt 0.766337 0.000000
vt 0.875248 0.000000
vt 0.768317 0.000000
vt 0.873267 0.000000
vt 0.770297 0.000000
vt 0.871287 0.000000
vt 0.772277 0.000000
vt 0.869307 0.000000
vt 0.774257 0.000000
vt 0.776238 0.000000
vt 0.867327 0.000000
vt 0.778218 0.000000
vt 0.865347 0.000000
vt 0.780198 0.000000
vt 0.863366 0.000000
vt 0.782178 0.000000
vt 0.861386 0.000000
vt 0.784158 0.000000
vt 0.859406 0.000000
vt 0.786139 0.000000
vt 0.857426 0.000000
vt 0.855446 0.000000
vt 0.853465 0.000000
vt 0.851485 0.000000
vt 0.788119 0.000000
vt 0.849505 0.000000
vt 0.847525 0.000000
vt 0.845545 0.000000
vt 0.843564 0.000000
vt 0.841584 0.000000
vt 0.839604 0.000000
vt 0.837624 0.000000
vt 0.835644 0.000000
vt 0.833663 0.000000
vt 0.831683 0.000000
vt 0.829703 0.000000
vt 0.790099 0.000000
vt 0.827723 0.000000
vt 0.792079 0.000000
vt 0.825743 0.000000
vt 0.794059 0.000000
vt 0.796040 0.000000
vt 0.823762 0.000000
vt 0.798020 0.000000
vt 0.821782 0.000000
vt 0.800000 0.000000
vt 0.819802 0.000000
vt 0.801980 0.000000
vt 0.817822 0.000000
vt 0.803960 0.000000
vt 0.805941 0.000000
vt 0.815842 0.000000
vt 0.807921 0.000000
vt 0.813861 0.000000
vt 0.809901 0.000000
vt 0.811881 0.000000
vt 0.871520 0.000000
vt 0.873662 0.000000
vt 0.875803 0.000000
vt 0.869379 0.000000
vt 0.877944 0.000000
vt 0.867238 0.000000
vt 0.880086 0.000000
vt 0.865096 0.000000
vt 0.691649 0.000000
vt 0.693790 0.000000
vt 0.695931 0.000000
vt 0.698073 0.000000
vt 0.689507 0.000000
vt 0.882227 0.000000
vt 0.700214 0.000000
vt 0.687366 0.000000
vt 0.862955 0.000000
vt 0.702355 0.000000
vt 0.685225 0.000000
vt 0.704497 0.000000
vt 0.884368 0.000000
vt 0.860814 0.000000
vt 0.683084 0.000000
vt 0.706638 0.000000
vt 0.858672 0.000000
vt 0.680942 0.000000
vt 0.708779 0.000000
vt 0.886510 0.000000
vt 0.678801 0.000000
vt 0.710921 0.000000
vt 0.856531 0.000000
vt 0.888651 0.000000
vt 0.713062 0.000000
vt 0.676660 0.000000
vt 0.854390 0.000000
vt 0.715203 0.000000
vt 0.674518 0.000000
vt 0.890792 0.000000
vt 0.852248 0.000000
vt 0.717345 0.000000
vt 0.672377 0.000000
vt 0.892934 0.000000
vt 0.850107 0.000000
vt 0.719486 0.000000
vt 0.670236 0.000000
vt 0.721627 0.000000
vt 0.847966 0.000000
vt 0.895075 0.000000
vt 0.668094 0.000000
vt 0.845824 0.000000
vt 0.665953 0.000000
vt 0.897216 0.000000
vt 0.843683 0.000000
vt 0.841542 0.000000
vt 0.723769 0.000000
vt 0.839400 0.000000
vt 0.899358 0.000000
vt 0.837259 0.000000
vt 0.835118 0.000000
vt 0.663812 0.000000
vt 0.832976 0.000000
vt 0.901499 0.000000
vt 0.725910 0.000000
vt 0.830835 0.000000
vt 0.828694 0.000000
vt 0.826552 0.000000
vt 0.824411 0.000000
vt 0.822270 0.000000
vt 0.903640 0.000000
vt 0.820129 0.000000
vt 0.817987 0.000000
vt 0.815846 0.000000
vt 0.813704 0.000000
vt 0.811563 0.000000
vt 0.728051 0.000000
vt 0.809422 0.000000
vt 0.661670 0.000000
vt 0.807281 0.000000
vt 0.805139 0.000000
vt 0.802998 0.000000
vt 0.800857 0.000000
vt 0.905782 0.000000
vt 0.798715 0.000000
vt 0.796574 0.000000
vt 0.794433 0.000000
vt 0.730193 0.000000
vt 0.792291 0.000000
vt 0.790150 0.000000
vt 0.907923 0.000000
vt 0.788009 0.000000
vt 0.785867 0.000000
vt 0.659529 0.000000
vt 0.783726 0.000000
vt 0.781585 0.000000
vt 0.732334 0.000000
vt 0.779443 0.000000
vt 0.777302 0.000000
vt 0.910064 0.000000
vt 0.775161 0.000000
vt 0.773019 0.000000
vt 0.770878 0.000000
vt 0.768737 0.000000
vt 0.734475 0.000000
vt 0.766595 0.000000
vt 0.912206 0.000000
vt 0.657388 0.000000
vt 0.764454 0.000000
vt 0.736617 0.000000
vt 0.762313 0.000000
vt 0.914347 0.000000
vt 0.760171 0.000000
vt 0.738758 0.000000
vt 0.758030 0.000000
vt 0.755889 0.000000
vt 0.740899 0.000000
vt 0.753747 0.000000
vt 0.916488 0.000000
vt 0.655246 0.000000
vt 0.751606 0.000000
vt 0.743041 0.000000
vt 0.749465 0.000000
vt 0.747323 0.000000
vt 0.745182 0.000000
vt 0.918630 0.000000
vt 0.653105 0.000000
vt 0.920771 0.000000
vt 0.922912 0.000000
vt 0.650964 0.000000
vt 0.925054 0.000000
vt 0.927195 0.000000
vt 0.929336 0.000000
vt 0.648822 0.000000
vt 0.931477 0.000000
vt 0.933619 0.000000
vt 0.646681 0.000000
vt 0.935760 0.000000
vt 0.539615 0.000000
vt 0.937901 0.000000
vt 0.541756 0.000000
vt 0.537473 0.000000
vt 0.940043 0.000000
vt 0.543897 0.000000
vt 0.644540 0.000000
vt 0.546039 0.000000
vt 0.548180 0.000000
vt 0.942184 0.000000
vt 0.550321 0.000000
vt 0.944326 0.000000
vt 0.552463 0.000000
vt 0.642398 0.000000
vt 0.554604 0.000000
vt 0.946467 0.000000
vt 0.556745 0.000000
vt 0.948608 0.000000
vt 0.558887 0.000000
vt 0.640257 0.000000
vt 0.950749 0.000000
vt 0.561028 0.000000
vt 0.952891 0.000000
vt 0.955032 0.000000
vt 0.563169 0.000000
vt 0.638116 0.000000
vt 0.957173 0.000000
vt 0.565310 0.000000
vt 0.959315 0.000000
vt 0.635974 0.000000
vt 0.961456 0.000000
vt 0.567452 0.000000
vt 0.569593 0.000000
vt 0.963597 0.000000
vt 0.571734 0.000000
vt 0.535332 0.000000
vt 0.633833 0.000000
vt 0.573876 0.000000
vt 0.965739 0.000000
vt 0.576017 0.000000
vt 0.578158 0.000000
vt 0.631692 0.000000
vt 0.967880 0.000000
vt 0.580300 0.000000
vt 0.582441 0.000000
vt 0.584582 0.000000
vt 0.970021 0.000000
vt 0.629550 0.000000
vt 0.586724 0.000000
vt 0.588865 0.000000
vt 0.591006 0.000000
vt 0.627409 0.000000
vt 0.972163 0.000000
vt 0.593148 0.000000
vt 0.595289 0.000000
vt 0.625268 0.000000
vt 0.597430 0.000000
vt 0.974304 0.000000
vt 0.599572 0.000000
vt 0.623126 0.000000
vt 0.601713 0.000000
vt 0.603854 0.000000
vt 0.620985 0.000000
vt 0.605996 0.000000
vt 0.608137 0.000000
vt 0.976445 0.000000
vt 0.618844 0.000000
vt 0.610278 0.000000
vt 0.612420 0.000000
vt 0.616702 0.000000
vt 0.614561 0.000000
vt 0.978587 0.000000
vt 0.533191 0.000000
vt 0.531049 0.000000
vt 0.980728 0.000000
vt 0.528908 0.000000
vt 0.982869 0.000000
vt 0.526767 0.000000
vt 0.985011 0.000000
vt 0.524625 0.000000
vt 0.987152 0.000000
vt 0.522484 0.000000
vt 0.989293 0.000000
vt 0.520343 0.000000
vt 0.991435 0.000000
vt 0.993576 0.000000
vt 0.518201 0.000000
vt 0.995717 0.000000
vt 0.516060 0.000000
vt 0.997859 0.000000
vt 0.074946 0.000000
vt 0.077088 0.000000
vt 0.079229 0.000000
vt 0.072805 0.000000
vt 0.081370 0.000000
vt 0.070664 0.000000
vt 0.068522 0.000000
vt 0.083512 0.000000
vt 0.066381 0.000000
vt 0.064240 0.000000
vt 0.085653 0.000000
vt 0.062098 0.000000
vt 0.059957 0.000000
vt 0.087794 0.000000
vt 0.057816 0.000000
vt 0.055675 0.000000
vt 0.089936 0.000000
vt 0.053533 0.000000
vt 0.051392 0.000000
vt 0.092077 0.000000
vt 0.049251 0.000000
vt 0.513919 0.000000
vt 0.094218 0.000000
vt 0.047109 0.000000
vt 0.096360 0.000000
vt 0.383298 0.000000
vt 0.385439 0.000000
vt 0.387580 0.000000
vt 0.389722 0.000000
vt 0.381156 0.000000
vt 0.391863 0.000000
vt 0.044968 0.000000
vt 0.394004 0.000000
vt 0.379015 0.000000
vt 0.396146 0.000000
vt 0.376874 0.000000
vt 0.398287 0.000000
vt 0.042827 0.000000
vt 0.098501 0.000000
vt 0.400428 0.000000
vt 0.374732 0.000000
vt 0.402570 0.000000
vt 0.372591 0.000000
vt 0.040685 0.000000
vt 0.404711 0.000000
vt 0.100642 0.000000
vt 0.406852 0.000000
vt 0.038544 0.000000
vt 0.370450 0.000000
vt 0.408994 0.000000
vt 0.036403 0.000000
vt 0.368308 0.000000
vt 0.034261 0.000000
vt 0.411135 0.000000
vt 0.102784 0.000000
vt 0.032120 0.000000
vt 0.413276 0.000000
vt 0.029979 0.000000
vt 0.366167 0.000000
vt 0.027837 0.000000
vt 0.025696 0.000000
vt 0.023555 0.000000
vt 0.021413 0.000000
vt 0.104925 0.000000
vt 0.019272 0.000000
vt 0.017131 0.000000
vt 0.014989 0.000000
vt 0.364026 0.000000
vt 0.012848 0.000000
vt 0.010707 0.000000
vt 0.008565 0.000000
vt 0.006424 0.000000
vt 0.361884 0.000000
vt 0.107066 0.000000
vt 0.004283 0.000000
vt 0.002141 0.000000
vt 0.415418 0.000000
vt 0.359743 0.000000
vt 0.109208 0.000000
vt 0.511777 0.000000
vt 0.509636 0.000000
vt 0.507495 0.000000
vt 0.357602 0.000000
vt 0.505353 0.000000
vt 0.417559 0.000000
vt 0.503212 0.000000
vt 0.111349 0.000000
vt 0.501071 0.000000
vt 0.498929 0.000000
vt 0.496788 0.000000
vt 0.494647 0.000000
vt 0.355460 0.000000
vt 0.113490 0.000000
vt 0.419700 0.000000
vt 0.492505 0.000000
vt 0.490364 0.000000
vt 0.488223 0.000000
vt 0.115632 0.000000
vt 0.353319 0.000000
vt 0.421842 0.000000
vt 0.486081 0.000000
vt 0.483940 0.000000
vt 0.117773 0.000000
vt 0.481799 0.000000
vt 0.423983 0.000000
vt 0.479657 0.000000
vt 0.351178 0.000000
vt 0.477516 0.000000
vt 0.119914 0.000000
vt 0.475375 0.000000
vt 0.426124 0.000000
vt 0.473233 0.000000
vt 0.471092 0.000000
vt 0.468951 0.000000
vt 0.349036 0.000000
vt 0.122056 0.000000
vt 0.428266 0.000000
vt 0.466809 0.000000
vt 0.464668 0.000000
vt 0.462527 0.000000
vt 0.430407 0.000000
vt 0.460385 0.000000
vt 0.124197 0.000000
vt 0.458244 0.000000
vt 0.456103 0.000000
vt 0.432548 0.000000
vt 0.453961 0.000000
vt 0.346895 0.000000
vt 0.451820 0.000000
vt 0.449679 0.000000
vt 0.434690 0.000000
vt 0.447537 0.000000
vt 0.445396 0.000000
vt 0.443255 0.000000
vt 0.436831 0.000000
vt 0.441114 0.000000
vt 0.438972 0.000000
vt 0.126338 0.000000
vt 0.344754 0.000000
vt 0.128480 0.000000
vt 0.130621 0.000000
vt 0.342612 0.000000
vt 0.132762 0.000000
vt 0.134904 0.000000
vt 0.340471 0.000000
vt 0.207709 0.000000
vt 0.205567 0.000000
vt 0.203426 0.000000
vt 0.137045 0.000000
vt 0.209850 0.000000
vt 0.201285 0.000000
vt 0.211991 0.000000
vt 0.199143 0.000000
vt 0.214133 0.000000
vt 0.197002 0.000000
vt 0.216274 0.000000
vt 0.194861 0.000000
vt 0.218415 0.000000
vt 0.220557 0.000000
vt 0.192719 0.000000
vt 0.139186 0.000000
vt 0.222698 0.000000
vt 0.190578 0.000000
vt 0.224839 0.000000
vt 0.188437 0.000000
vt 0.226981 0.000000
vt 0.338330 0.000000
vt 0.186296 0.000000
vt 0.229122 0.000000
vt 0.141328 0.000000
vt 0.231263 0.000000
vt 0.184154 0.000000
vt 0.233405 0.000000
vt 0.182013 0.000000
vt 0.143469 0.000000
vt 0.235546 0.000000
vt 0.179872 0.000000
vt 0.237687 0.000000
vt 0.145610 0.000000
vt 0.177730 0.000000
vt 0.175589 0.000000
vt 0.173448 0.000000
vt 0.147752 0.000000
vt 0.239829 0.000000
vt 0.171306 0.000000
vt 0.169165 0.000000
vt 0.336188 0.000000
vt 0.149893 0.000000
vt 0.167024 0.000000
vt 0.164882 0.000000
vt 0.162741 0.000000
vt 0.152034 0.000000
vt 0.241970 0.000000
vt 0.160600 0.000000
vt 0.158458 0.000000
vt 0.154176 0.000000
vt 0.156317 0.000000
vt 0.244111 0.000000
vt 0.246253 0.000000
vt 0.334047 0.000000
vt 0.248394 0.000000
vt 0.250535 0.000000
vt 0.331906 0.000000
vt 0.252677 0.000000
vt 0.254818 0.000000
vt 0.329764 0.000000
vt 0.256959 0.000000
vt 0.327623 0.000000
vt 0.259101 0.000000
vt 0.261242 0.000000
vt 0.263383 0.000000
vt 0.265525 0.000000
vt 0.325482 0.000000
vt 0.267666 0.000000
vt 0.269807 0.000000
vt 0.271949 0.000000
vt 0.274090 0.000000
vt 0.323340 0.000000
vt 0.276231 0.000000
vt 0.278373 0.000000
vt 0.321199 0.000000
vt 0.280514 0.000000
vt 0.282655 0.000000
vt 0.319058 0.000000
vt 0.284797 0.000000
vt 0.286938 0.000000
vt 0.316916 0.000000
vt 0.289079 0.000000
vt 0.291221 0.000000
vt 0.314775 0.000000
vt 0.293362 0.000000
vt 0.295503 0.000000
vt 0.312634 0.000000
vt 0.297645 0.000000
vt 0.299786 0.000000
vt 0.310493 0.000000
vt 0.301927 0.000000
vt 0.304069 0.000000
vt 0.308351 0.000000
vt 0.306210 0.000000
vt 0.736457 0.000000
vt 0.737921 0.000000
vt 0.739385 0.000000
vt 0.734993 0.000000
vt 0.740849 0.000000
vt 0.733529 0.000000
vt 0.742313 0.000000
vt 0.732064 0.000000
vt 0.743777 0.000000
vt 0.730600 0.000000
vt 0.745242 0.000000
vt 0.729136 0.000000
vt 0.727672 0.000000
vt 0.746706 0.000000
vt 0.726208 0.000000
vt 0.748170 0.000000
vt 0.724744 0.000000
vt 0.749634 0.000000
vt 0.723280 0.000000
vt 0.751098 0.000000
vt 0.721816 0.000000
vt 0.752562 0.000000
vt 0.720351 0.000000
vt 0.718887 0.000000
vt 0.754026 0.000000
vt 0.717423 0.000000
vt 0.755490 0.000000
vt 0.715959 0.000000
vt 0.714495 0.000000
vt 0.756955 0.000000
vt 0.713031 0.000000
vt 0.711567 0.000000
vt 0.758419 0.000000
vt 0.710102 0.000000
vt 0.708638 0.000000
vt 0.759883 0.000000
vt 0.707174 0.000000
vt 0.705710 0.000000
vt 0.761347 0.000000
vt 0.704246 0.000000
vt 0.702782 0.000000
vt 0.701318 0.000000
vt 0.762811 0.000000
vt 0.699854 0.000000
vt 0.698389 0.000000
vt 0.764275 0.000000
vt 0.696925 0.000000
vt 0.695461 0.000000
vt 0.693997 0.000000
vt 0.765739 0.000000
vt 0.692533 0.000000
vt 0.691069 0.000000
vt 0.689605 0.000000
vt 0.688141 0.000000
vt 0.686676 0.000000
vt 0.683748 0.000000
vt 0.767204 0.000000
vt 0.685212 0.000000
vt 0.682284 0.000000
vt 0.680820 0.000000
vt 0.679356 0.000000
vt 0.677892 0.000000
vt 0.676428 0.000000
vt 0.674963 0.000000
vt 0.673499 0.000000
vt 0.768668 0.000000
vt 0.672035 0.000000
vt 0.670571 0.000000
vt 0.669107 0.000000
vt 0.770132 0.000000
vt 0.667643 0.000000
vt 0.666179 0.000000
vt 0.771596 0.000000
vt 0.664715 0.000000
vt 0.663250 0.000000
vt 0.773060 0.000000
vt 0.661786 0.000000
vt 0.774524 0.000000
vt 0.660322 0.000000
vt 0.775988 0.000000
vt 0.777452 0.000000
vt 0.658858 0.000000
vt 0.778917 0.000000
vt 0.780381 0.000000
vt 0.657394 0.000000
vt 0.781845 0.000000
vt 0.783309 0.000000
vt 0.655930 0.000000
vt 0.784773 0.000000
vt 0.786237 0.000000
vt 0.654466 0.000000
vt 0.787701 0.000000
vt 0.789165 0.000000
vt 0.653001 0.000000
vt 0.790630 0.000000
vt 0.792094 0.000000
vt 0.793558 0.000000
vt 0.651537 0.000000
vt 0.795022 0.000000
vt 0.796486 0.000000
vt 0.650073 0.000000
vt 0.797950 0.000000
vt 0.799414 0.000000
vt 0.648609 0.000000
vt 0.800878 0.000000
vt 0.802343 0.000000
vt 0.803807 0.000000
vt 0.805271 0.000000
vt 0.806735 0.000000
vt 0.808199 0.000000
vt 0.647145 0.000000
vt 0.809663 0.000000
vt 0.811127 0.000000
vt 0.812591 0.000000
vt 0.645681 0.000000
vt 0.814056 0.000000
vt 0.815520 0.000000
vt 0.644217 0.000000
vt 0.816984 0.000000
vt 0.642753 0.000000
vt 0.818448 0.000000
vt 0.641288 0.000000
vt 0.819912 0.000000
vt 0.877013 0.000000
vt 0.878477 0.000000
vt 0.879941 0.000000
vt 0.881406 0.000000
vt 0.875549 0.000000
vt 0.882870 0.000000
vt 0.884334 0.000000
vt 0.874085 0.000000
vt 0.885798 0.000000
vt 0.872621 0.000000
vt 0.887262 0.000000
vt 0.888726 0.000000
vt 0.871157 0.000000
vt 0.890190 0.000000
vt 0.869693 0.000000
vt 0.891654 0.000000
vt 0.893119 0.000000
vt 0.868228 0.000000
vt 0.894583 0.000000
vt 0.896047 0.000000
vt 0.866764 0.000000
vt 0.897511 0.000000
vt 0.865300 0.000000
vt 0.898975 0.000000
vt 0.821376 0.000000
vt 0.863836 0.000000
vt 0.639824 0.000000
vt 0.900439 0.000000
vt 0.862372 0.000000
vt 0.901903 0.000000
vt 0.860908 0.000000
vt 0.903368 0.000000
vt 0.859444 0.000000
vt 0.904832 0.000000
vt 0.857979 0.000000
vt 0.906296 0.000000
vt 0.856515 0.000000
vt 0.855051 0.000000
vt 0.907760 0.000000
vt 0.853587 0.000000
vt 0.822840 0.000000
vt 0.638360 0.000000
vt 0.852123 0.000000
vt 0.909224 0.000000
vt 0.850659 0.000000
vt 0.849195 0.000000
vt 0.910688 0.000000
vt 0.847731 0.000000
vt 0.846266 0.000000
vt 0.844802 0.000000
vt 0.912152 0.000000
vt 0.843338 0.000000
vt 0.841874 0.000000
vt 0.913616 0.000000
vt 0.636896 0.000000
vt 0.840410 0.000000
vt 0.915081 0.000000
vt 0.824305 0.000000
vt 0.916545 0.000000
vt 0.838946 0.000000
vt 0.918009 0.000000
vt 0.837482 0.000000
vt 0.919473 0.000000
vt 0.635432 0.000000
vt 0.920937 0.000000
vt 0.836018 0.000000
vt 0.922401 0.000000
vt 0.834553 0.000000
vt 0.923865 0.000000
vt 0.825769 0.000000
vt 0.925329 0.000000
vt 0.833089 0.000000
vt 0.926794 0.000000
vt 0.928258 0.000000
vt 0.831625 0.000000
vt 0.929722 0.000000
vt 0.633968 0.000000
vt 0.931186 0.000000
vt 0.932650 0.000000
vt 0.830161 0.000000
vt 0.934114 0.000000
vt 0.935578 0.000000
vt 0.937042 0.000000
vt 0.938507 0.000000
vt 0.828697 0.000000
vt 0.939971 0.000000
vt 0.941435 0.000000
vt 0.827233 0.000000
vt 0.942899 0.000000
vt 0.944363 0.000000
vt 0.945827 0.000000
vt 0.632504 0.000000
vt 0.947291 0.000000
vt 0.948756 0.000000
vt 0.950220 0.000000
vt 0.951684 0.000000
vt 0.953148 0.000000
vt 0.631040 0.000000
vt 0.954612 0.000000
vt 0.629575 0.000000
vt 0.956076 0.000000
vt 0.628111 0.000000
vt 0.957540 0.000000
vt 0.560761 0.000000
vt 0.562225 0.000000
vt 0.563690 0.000000
vt 0.565154 0.000000
vt 0.559297 0.000000
vt 0.566618 0.000000
vt 0.568082 0.000000
vt 0.557833 0.000000
vt 0.569546 0.000000
vt 0.626647 0.000000
vt 0.556369 0.000000
vt 0.571010 0.000000
vt 0.572474 0.000000
vt 0.554905 0.000000
vt 0.959004 0.000000
vt 0.573938 0.000000
vt 0.575403 0.000000
vt 0.553441 0.000000
vt 0.576867 0.000000
vt 0.625183 0.000000
vt 0.551977 0.000000
vt 0.578331 0.000000
vt 0.960469 0.000000
vt 0.579795 0.000000
vt 0.550512 0.000000
vt 0.623719 0.000000
vt 0.581259 0.000000
vt 0.549048 0.000000
vt 0.622255 0.000000
vt 0.961933 0.000000
vt 0.547584 0.000000
vt 0.582723 0.000000
vt 0.620791 0.000000
vt 0.546120 0.000000
vt 0.963397 0.000000
vt 0.619326 0.000000
vt 0.584187 0.000000
vt 0.544656 0.000000
vt 0.617862 0.000000
vt 0.543192 0.000000
vt 0.964861 0.000000
vt 0.585652 0.000000
vt 0.616398 0.000000
vt 0.541728 0.000000
vt 0.587116 0.000000
vt 0.614934 0.000000
vt 0.966325 0.000000
vt 0.540264 0.000000
vt 0.613470 0.000000
vt 0.588580 0.000000
vt 0.612006 0.000000
vt 0.590044 0.000000
vt 0.610542 0.000000
vt 0.538799 0.000000
vt 0.967789 0.000000
vt 0.609078 0.000000
vt 0.591508 0.000000
vt 0.607613 0.000000
vt 0.606149 0.000000
vt 0.592972 0.000000
vt 0.537335 0.000000
vt 0.604685 0.000000
vt 0.594436 0.000000
vt 0.603221 0.000000
vt 0.601757 0.000000
vt 0.595900 0.000000
vt 0.600293 0.000000
vt 0.598829 0.000000
vt 0.597365 0.000000
vt 0.456808 0.000000
vt 0.969253 0.000000
vt 0.535871 0.000000
vt 0.534407 0.000000
vt 0.458272 0.000000
vt 0.455344 0.000000
vt 0.970717 0.000000
vt 0.459736 0.000000
vt 0.532943 0.000000
vt 0.461201 0.000000
vt 0.462665 0.000000
vt 0.531479 0.000000
vt 0.972182 0.000000
vt 0.464129 0.000000
vt 0.453880 0.000000
vt 0.465593 0.000000
vt 0.530015 0.000000
vt 0.467057 0.000000
vt 0.973646 0.000000
vt 0.468521 0.000000
vt 0.528551 0.000000
vt 0.469985 0.000000
vt 0.452416 0.000000
vt 0.975110 0.000000
vt 0.527086 0.000000
vt 0.471449 0.000000
vt 0.472914 0.000000
vt 0.525622 0.000000
vt 0.976574 0.000000
vt 0.474378 0.000000
vt 0.450952 0.000000
vt 0.524158 0.000000
vt 0.475842 0.000000
vt 0.477306 0.000000
vt 0.978038 0.000000
vt 0.522694 0.000000
vt 0.478770 0.000000
vt 0.480234 0.000000
vt 0.481698 0.000000
vt 0.521230 0.000000
vt 0.483163 0.000000
vt 0.484627 0.000000
vt 0.449488 0.000000
vt 0.979502 0.000000
vt 0.486091 0.000000
vt 0.519766 0.000000
vt 0.487555 0.000000
vt 0.489019 0.000000
vt 0.490483 0.000000
vt 0.518302 0.000000
vt 0.491947 0.000000
vt 0.493411 0.000000
vt 0.516837 0.000000
vt 0.494876 0.000000
vt 0.980966 0.000000
vt 0.496340 0.000000
vt 0.515373 0.000000
vt 0.497804 0.000000
vt 0.499268 0.000000
vt 0.513909 0.000000
vt 0.448023 0.000000
vt 0.500732 0.000000
vt 0.502196 0.000000
vt 0.512445 0.000000
vt 0.503660 0.000000
vt 0.505124 0.000000
vt 0.510981 0.000000
vt 0.506589 0.000000
vt 0.508053 0.000000
vt 0.509517 0.000000
vt 0.982430 0.000000
vt 0.446559 0.000000
vt 0.983895 0.000000
vt 0.985359 0.000000
vt 0.445095 0.000000
vt 0.986823 0.000000
vt 0.051245 0.000000
vt 0.052709 0.000000
vt 0.054173 0.000000
vt 0.049780 0.000000
vt 0.055637 0.000000
vt 0.048316 0.000000
vt 0.057101 0.000000
vt 0.046852 0.000000
vt 0.058565 0.000000
vt 0.045388 0.000000
vt 0.060029 0.000000
vt 0.043924 0.000000
vt 0.061493 0.000000
vt 0.042460 0.000000
vt 0.062958 0.000000
vt 0.040996 0.000000
vt 0.064422 0.000000
vt 0.039531 0.000000
vt 0.065886 0.000000
vt 0.038067 0.000000
vt 0.067350 0.000000
vt 0.988287 0.000000
vt 0.036603 0.000000
vt 0.068814 0.000000
vt 0.035139 0.000000
vt 0.443631 0.000000
vt 0.070278 0.000000
vt 0.033675 0.000000
vt 0.071742 0.000000
vt 0.032211 0.000000
vt 0.030747 0.000000
vt 0.073206 0.000000
vt 0.989751 0.000000
vt 0.029283 0.000000
vt 0.027818 0.000000
vt 0.074671 0.000000
vt 0.026354 0.000000
vt 0.024890 0.000000
vt 0.076135 0.000000
vt 0.023426 0.000000
vt 0.077599 0.000000
vt 0.021962 0.000000
vt 0.991215 0.000000
vt 0.020498 0.000000
vt 0.079063 0.000000
vt 0.019034 0.000000
vt 0.017570 0.000000
vt 0.442167 0.000000
vt 0.016105 0.000000
vt 0.080527 0.000000
vt 0.081991 0.000000
vt 0.014641 0.000000
vt 0.992679 0.000000
vt 0.083455 0.000000
vt 0.013177 0.000000
vt 0.084919 0.000000
vt 0.011713 0.000000
vt 0.994143 0.000000
vt 0.086384 0.000000
vt 0.010249 0.000000
vt 0.087848 0.000000
vt 0.995608 0.000000
vt 0.008785 0.000000
vt 0.440703 0.000000
vt 0.089312 0.000000
vt 0.007321 0.000000
vt 0.090776 0.000000
vt 0.997072 0.000000
vt 0.005857 0.000000
vt 0.092240 0.000000
vt 0.004392 0.000000
vt 0.998536 0.000000
vt 0.093704 0.000000
vt 0.002928 0.000000
vt 0.095168 0.000000
vt 0.001464 0.000000
vt 0.439239 0.000000
vt 0.096633 0.000000
vt 0.098097 0.000000
vt 0.099561 0.000000
vt 0.101025 0.000000
vt 0.102489 0.000000
vt 0.109810 0.000000
vt 0.108346 0.000000
vt 0.103953 0.000000
vt 0.106881 0.000000
vt 0.105417 0.000000
vt 0.111274 0.000000
vt 0.112738 0.000000
vt 0.114202 0.000000
vt 0.115666 0.000000
vt 0.117130 0.000000
vt 0.118594 0.000000
vt 0.120059 0.000000
vt 0.121523 0.000000
vt 0.122987 0.000000
vt 0.124451 0.000000
vt 0.125915 0.000000
vt 0.127379 0.000000
vt 0.437775 0.000000
vt 0.128843 0.000000
vt 0.436310 0.000000
vt 0.130307 0.000000
vt 0.434846 0.000000
vt 0.131772 0.000000
vt 0.433382 0.000000
vt 0.431918 0.000000
vt 0.133236 0.000000
vt 0.430454 0.000000
vt 0.134700 0.000000
vt 0.428990 0.000000
vt 0.427526 0.000000
vt 0.136164 0.000000
vt 0.426061 0.000000
vt 0.137628 0.000000
vt 0.424597 0.000000
vt 0.423133 0.000000
vt 0.139092 0.000000
vt 0.421669 0.000000
vt 0.420205 0.000000
vt 0.140556 0.000000
vt 0.418741 0.000000
vt 0.228404 0.000000
vt 0.142020 0.000000
vt 0.417277 0.000000
vt 0.415813 0.000000
vt 0.414348 0.000000
vt 0.412884 0.000000
vt 0.229868 0.000000
vt 0.226940 0.000000
vt 0.411420 0.000000
vt 0.349927 0.000000
vt 0.351391 0.000000
vt 0.352855 0.000000
vt 0.354319 0.000000
vt 0.409956 0.000000
vt 0.348463 0.000000
vt 0.355783 0.000000
vt 0.346999 0.000000
vt 0.357247 0.000000
vt 0.358712 0.000000
vt 0.345534 0.000000
vt 0.231332 0.000000
vt 0.360176 0.000000
vt 0.344070 0.000000
vt 0.361640 0.000000
vt 0.363104 0.000000
vt 0.342606 0.000000
vt 0.364568 0.000000
vt 0.408492 0.000000
vt 0.341142 0.000000
vt 0.366032 0.000000
vt 0.339678 0.000000
vt 0.367496 0.000000
vt 0.368960 0.000000
vt 0.338214 0.000000
vt 0.407028 0.000000
vt 0.370425 0.000000
vt 0.143485 0.000000
vt 0.232796 0.000000
vt 0.336750 0.000000
vt 0.405564 0.000000
vt 0.335286 0.000000
vt 0.371889 0.000000
vt 0.404100 0.000000
vt 0.333821 0.000000
vt 0.402635 0.000000
vt 0.373353 0.000000
vt 0.332357 0.000000
vt 0.225476 0.000000
vt 0.234261 0.000000
vt 0.401171 0.000000
vt 0.374817 0.000000
vt 0.399707 0.000000
vt 0.376281 0.000000
vt 0.330893 0.000000
vt 0.398243 0.000000
vt 0.377745 0.000000
vt 0.396779 0.000000
vt 0.235725 0.000000
vt 0.379209 0.000000
vt 0.395315 0.000000
vt 0.329429 0.000000
vt 0.393851 0.000000
vt 0.380673 0.000000
vt 0.392387 0.000000
vt 0.382138 0.000000
vt 0.390922 0.000000
vt 0.383602 0.000000
vt 0.389458 0.000000
vt 0.385066 0.000000
vt 0.387994 0.000000
vt 0.386530 0.000000
vt 0.327965 0.000000
vt 0.237189 0.000000
vt 0.326501 0.000000
vt 0.238653 0.000000
vt 0.325037 0.000000
vt 0.224012 0.000000
vt 0.323572 0.000000
vt 0.144949 0.000000
vt 0.240117 0.000000
vt 0.322108 0.000000
vt 0.320644 0.000000
vt 0.241581 0.000000
vt 0.319180 0.000000
vt 0.317716 0.000000
vt 0.243045 0.000000
vt 0.316252 0.000000
vt 0.314788 0.000000
vt 0.222548 0.000000
vt 0.244510 0.000000
vt 0.313324 0.000000
vt 0.311859 0.000000
vt 0.245974 0.000000
vt 0.310395 0.000000
vt 0.146413 0.000000
vt 0.308931 0.000000
vt 0.247438 0.000000
vt 0.307467 0.000000
vt 0.248902 0.000000
vt 0.250366 0.000000
vt 0.306003 0.000000
vt 0.251830 0.000000
vt 0.304539 0.000000
vt 0.253294 0.000000
vt 0.254758 0.000000
vt 0.303075 0.000000
vt 0.221083 0.000000
vt 0.256223 0.000000
vt 0.257687 0.000000
vt 0.301611 0.000000
vt 0.259151 0.000000
vt 0.260615 0.000000
vt 0.300146 0.000000
vt 0.262079 0.000000
vt 0.263543 0.000000
vt 0.298682 0.000000
vt 0.265007 0.000000
vt 0.297218 0.000000
vt 0.266471 0.000000
vt 0.147877 0.000000
vt 0.295754 0.000000
vt 0.267936 0.000000
vt 0.294290 0.000000
vt 0.269400 0.000000
vt 0.292826 0.000000
vt 0.270864 0.000000
vt 0.291362 0.000000
vt 0.272328 0.000000
vt 0.289898 0.000000
vt 0.273792 0.000000
vt 0.288433 0.000000
vt 0.275256 0.000000
vt 0.286969 0.000000
vt 0.276720 0.000000
vt 0.285505 0.000000
vt 0.219619 0.000000
vt 0.278184 0.000000
vt 0.284041 0.000000
vt 0.279649 0.000000
vt 0.282577 0.000000
vt 0.281113 0.000000
vt 0.149341 0.000000
vt 0.218155 0.000000
vt 0.150805 0.000000
vt 0.216691 0.000000
vt 0.152269 0.000000
vt 0.153734 0.000000
vt 0.215227 0.000000
vt 0.155198 0.000000
vt 0.213763 0.000000
vt 0.156662 0.000000
vt 0.212299 0.000000
vt 0.158126 0.000000
vt 0.159590 0.000000
vt 0.210835 0.000000
vt 0.161054 0.000000
vt 0.162518 0.000000
vt 0.163982 0.000000
vt 0.165447 0.000000
vt 0.166911 0.000000
vt 0.168375 0.000000
vt 0.169839 0.000000
vt 0.171303 0.000000
vt 0.209370 0.000000
vt 0.172767 0.000000
vt 0.174231 0.000000
vt 0.207906 0.000000
vt 0.175695 0.000000
vt 0.177160 0.000000
vt 0.206442 0.000000
vt 0.178624 0.000000
vt 0.204978 0.000000
vt 0.180088 0.000000
vt 0.203514 0.000000
vt 0.181552 0.000000
vt 0.202050 0.000000
vt 0.183016 0.000000
vt 0.184480 0.000000
vt 0.200586 0.000000
vt 0.185944 0.000000
vt 0.199122 0.000000
vt 0.187408 0.000000
vt 0.197657 0.000000
vt 0.188873 0.000000
vt 0.196193 0.000000
vt 0.190337 0.000000
vt 0.194729 0.000000
vt 0.191801 0.000000
vt 0.193265 0.000000
vt 0.554731 0.000000
vt 0.356215 0.000000
vt 0.358070 0.000000
vt 0.359926 0.000000
vt 0.552876 0.000000
vt 0.361781 0.000000
vt 0.363636 0.000000
vt 0.551020 0.000000
vt 0.365492 0.000000
vt 0.367347 0.000000
vt 0.549165 0.000000
vt 0.369202 0.000000
vt 0.371058 0.000000
vt 0.547310 0.000000
vt 0.372913 0.000000
vt 0.374768 0.000000
vt 0.545455 0.000000
vt 0.376623 0.000000
vt 0.543599 0.000000
vt 0.378479 0.000000
vt 0.380334 0.000000
vt 0.541744 0.000000
vt 0.539889 0.000000
vt 0.382189 0.000000
vt 0.538033 0.000000
vt 0.384045 0.000000
vt 0.536178 0.000000
vt 0.534323 0.000000
vt 0.385900 0.000000
vt 0.532468 0.000000
vt 0.530612 0.000000
vt 0.387755 0.000000
vt 0.528757 0.000000
vt 0.526902 0.000000
vt 0.389610 0.000000
vt 0.525046 0.000000
vt 0.523191 0.000000
vt 0.521336 0.000000
vt 0.391466 0.000000
vt 0.519481 0.000000
vt 0.517625 0.000000
vt 0.515770 0.000000
vt 0.513915 0.000000
vt 0.393321 0.000000
vt 0.512059 0.000000
vt 0.510204 0.000000
vt 0.395176 0.000000
vt 0.397032 0.000000
vt 0.508349 0.000000
vt 0.398887 0.000000
vt 0.506494 0.000000
vt 0.400742 0.000000
vt 0.402597 0.000000
vt 0.504638 0.000000
vt 0.404453 0.000000
vt 0.502783 0.000000
vt 0.406308 0.000000
vt 0.500928 0.000000
vt 0.408163 0.000000
vt 0.499072 0.000000
vt 0.410019 0.000000
vt 0.732839 0.000000
vt 0.556586 0.000000
vt 0.558442 0.000000
vt 0.560297 0.000000
vt 0.562152 0.000000
vt 0.564007 0.000000
vt 0.730983 0.000000
vt 0.565863 0.000000
vt 0.567718 0.000000
vt 0.569573 0.000000
vt 0.729128 0.000000
vt 0.411874 0.000000
vt 0.573284 0.000000
vt 0.575139 0.000000
vt 0.576994 0.000000
vt 0.727273 0.000000
vt 0.578850 0.000000
vt 0.580705 0.000000
vt 0.725417 0.000000
vt 0.497217 0.000000
vt 0.723562 0.000000
vt 0.721707 0.000000
vt 0.582560 0.000000
vt 0.719852 0.000000
vt 0.717996 0.000000
vt 0.413729 0.000000
vt 0.716141 0.000000
vt 0.584416 0.000000
vt 0.495362 0.000000
vt 0.712430 0.000000
vt 0.586271 0.000000
vt 0.415584 0.000000
vt 0.710575 0.000000
vt 0.708720 0.000000
vt 0.588126 0.000000
vt 0.706865 0.000000
vt 0.705009 0.000000
vt 0.703154 0.000000
vt 0.701299 0.000000
vt 0.493506 0.000000
vt 0.589981 0.000000
vt 0.699443 0.000000
vt 0.417440 0.000000
vt 0.697588 0.000000
vt 0.695733 0.000000
vt 0.693878 0.000000
vt 0.591837 0.000000
vt 0.692022 0.000000
vt 0.690167 0.000000
vt 0.688312 0.000000
vt 0.419295 0.000000
vt 0.593692 0.000000
vt 0.491651 0.000000
vt 0.595547 0.000000
vt 0.421150 0.000000
vt 0.686456 0.000000
vt 0.597403 0.000000
vt 0.489796 0.000000
vt 0.423006 0.000000
vt 0.599258 0.000000
vt 0.684601 0.000000
vt 0.601113 0.000000
vt 0.487941 0.000000
vt 0.424861 0.000000
vt 0.682746 0.000000
vt 0.426716 0.000000
vt 0.602968 0.000000
vt 0.486085 0.000000
vt 0.430427 0.000000
vt 0.432282 0.000000
vt 0.484230 0.000000
vt 0.680891 0.000000
vt 0.604824 0.000000
vt 0.434137 0.000000
vt 0.435993 0.000000
vt 0.482375 0.000000
vt 0.437848 0.000000
vt 0.606679 0.000000
vt 0.439703 0.000000
vt 0.480519 0.000000
vt 0.679035 0.000000
vt 0.441558 0.000000
vt 0.478664 0.000000
vt 0.443414 0.000000
vt 0.445269 0.000000
vt 0.476809 0.000000
vt 0.608534 0.000000
vt 0.447124 0.000000
vt 0.448980 0.000000
vt 0.677180 0.000000
vt 0.474954 0.000000
vt 0.450835 0.000000
vt 0.452690 0.000000
vt 0.473098 0.000000
vt 0.454545 0.000000
vt 0.456401 0.000000
vt 0.471243 0.000000
vt 0.458256 0.000000
vt 0.460111 0.000000
vt 0.610390 0.000000
vt 0.469388 0.000000
vt 0.461967 0.000000
vt 0.463822 0.000000
vt 0.467532 0.000000
vt 0.465677 0.000000
vt 0.675325 0.000000
vt 0.612245 0.000000
vt 0.673469 0.000000
vt 0.614100 0.000000
vt 0.615955 0.000000
vt 0.671614 0.000000
vt 0.617811 0.000000
vt 0.669759 0.000000
vt 0.619666 0.000000
vt 0.667904 0.000000
vt 0.621521 0.000000
vt 0.623377 0.000000
vt 0.666048 0.000000
vt 0.625232 0.000000
vt 0.664193 0.000000
vt 0.627087 0.000000
vt 0.662338 0.000000
vt 0.628942 0.000000
vt 0.660482 0.000000
vt 0.630798 0.000000
vt 0.658627 0.000000
vt 0.632653 0.000000
vt 0.656772 0.000000
vt 0.634508 0.000000
vt 0.654917 0.000000
vt 0.636364 0.000000
vt 0.653061 0.000000
vt 0.638219 0.000000
vt 0.651206 0.000000
vt 0.640074 0.000000
vt 0.649351 0.000000
vt 0.641930 0.000000
vt 0.647495 0.000000
vt 0.643785 0.000000
vt 0.645640 0.000000
vt 0.777366 0.000000
vt 0.779221 0.000000
vt 0.781076 0.000000
vt 0.782931 0.000000
vt 0.775510 0.000000
vt 0.784787 0.000000
vt 0.773655 0.000000
vt 0.786642 0.000000
vt 0.771800 0.000000
vt 0.788497 0.000000
vt 0.769944 0.000000
vt 0.790353 0.000000
vt 0.768089 0.000000
vt 0.792208 0.000000
vt 0.766234 0.000000
vt 0.794063 0.000000
vt 0.764378 0.000000
vt 0.795918 0.000000
vt 0.762523 0.000000
vt 0.797774 0.000000
vt 0.760668 0.000000
vt 0.799629 0.000000
vt 0.758813 0.000000
vt 0.801484 0.000000
vt 0.756957 0.000000
vt 0.803340 0.000000
vt 0.755102 0.000000
vt 0.753247 0.000000
vt 0.751391 0.000000
vt 0.749536 0.000000
vt 0.805195 0.000000
vt 0.747681 0.000000
vt 0.745826 0.000000
vt 0.743970 0.000000
vt 0.742115 0.000000
vt 0.807050 0.000000
vt 0.740260 0.000000
vt 0.738404 0.000000
vt 0.736549 0.000000
vt 0.734694 0.000000
vt 0.808905 0.000000
vt 0.810761 0.000000
vt 0.998145 0.000000
vt 0.996289 0.000000
vt 0.812616 0.000000
vt 0.994434 0.000000
vt 0.814471 0.000000
vt 0.992579 0.000000
vt 0.816327 0.000000
vt 0.990724 0.000000
vt 0.818182 0.000000
vt 0.988868 0.000000
vt 0.820037 0.000000
vt 0.987013 0.000000
vt 0.821892 0.000000
vt 0.985158 0.000000
vt 0.983302 0.000000
vt 0.823748 0.000000
vt 0.981447 0.000000
vt 0.825603 0.000000
vt 0.827458 0.000000
vt 0.979592 0.000000
vt 0.829314 0.000000
vt 0.977737 0.000000
vt 0.831169 0.000000
vt 0.833024 0.000000
vt 0.975881 0.000000
vt 0.834879 0.000000
vt 0.836735 0.000000
vt 0.974026 0.000000
vt 0.838590 0.000000
vt 0.840445 0.000000
vt 0.972171 0.000000
vt 0.842301 0.000000
vt 0.970315 0.000000
vt 0.844156 0.000000
vt 0.846011 0.000000
vt 0.968460 0.000000
vt 0.847866 0.000000
vt 0.966605 0.000000
vt 0.849722 0.000000
vt 0.851577 0.000000
vt 0.964750 0.000000
vt 0.853432 0.000000
vt 0.855288 0.000000
vt 0.962894 0.000000
vt 0.858998 0.000000
vt 0.961039 0.000000
vt 0.860853 0.000000
vt 0.862709 0.000000
vt 0.959184 0.000000
vt 0.864564 0.000000
vt 0.866419 0.000000
vt 0.868275 0.000000
vt 0.957328 0.000000
vt 0.870130 0.000000
vt 0.871985 0.000000
vt 0.873840 0.000000
vt 0.875696 0.000000
vt 0.955473 0.000000
vt 0.877551 0.000000
vt 0.953618 0.000000
vt 0.879406 0.000000
vt 0.951762 0.000000
vt 0.881262 0.000000
vt 0.949907 0.000000
vt 0.883117 0.000000
vt 0.948052 0.000000
vt 0.884972 0.000000
vt 0.946197 0.000000
vt 0.886827 0.000000
vt 0.944341 0.000000
vt 0.888683 0.000000
vt 0.942486 0.000000
vt 0.890538 0.000000
vt 0.940631 0.000000
vt 0.892393 0.000000
vt 0.938776 0.000000
vt 0.936920 0.000000
vt 0.894249 0.000000
vt 0.935065 0.000000
vt 0.896104 0.000000
vt 0.933210 0.000000
vt 0.897959 0.000000
vt 0.931354 0.000000
vt 0.929499 0.000000
vt 0.899814 0.000000
vt 0.927644 0.000000
vt 0.901670 0.000000
vt 0.925789 0.000000
vt 0.903525 0.000000
vt 0.923933 0.000000
vt 0.905380 0.000000
vt 0.922078 0.000000
vt 0.920223 0.000000
vt 0.907236 0.000000
vt 0.918367 0.000000
vt 0.909091 0.000000
vt 0.916512 0.000000
vt 0.910946 0.000000
vt 0.914657 0.000000
vt 0.912802 0.000000
vt 0.064935 0.000000
vt 0.066790 0.000000
vt 0.068646 0.000000
vt 0.063080 0.000000
vt 0.070501 0.000000
vt 0.061224 0.000000
vt 0.072356 0.000000
vt 0.059369 0.000000
vt 0.074212 0.000000
vt 0.057514 0.000000
vt 0.076067 0.000000
vt 0.055659 0.000000
vt 0.053803 0.000000
vt 0.077922 0.000000
vt 0.051948 0.000000
vt 0.079777 0.000000
vt 0.050093 0.000000
vt 0.081633 0.000000
vt 0.048237 0.000000
vt 0.083488 0.000000
vt 0.046382 0.000000
vt 0.044527 0.000000
vt 0.085343 0.000000
vt 0.042672 0.000000
vt 0.087199 0.000000
vt 0.040816 0.000000
vt 0.038961 0.000000
vt 0.089054 0.000000
vt 0.037106 0.000000
vt 0.035250 0.000000
vt 0.033395 0.000000
vt 0.090909 0.000000
vt 0.031540 0.000000
vt 0.029685 0.000000
vt 0.027829 0.000000
vt 0.092764 0.000000
vt 0.025974 0.000000
vt 0.024119 0.000000
vt 0.022263 0.000000
vt 0.094620 0.000000
vt 0.020408 0.000000
vt 0.096475 0.000000
vt 0.018553 0.000000
vt 0.098330 0.000000
vt 0.016698 0.000000
vt 0.100186 0.000000
vt 0.102041 0.000000
vt 0.014842 0.000000
vt 0.103896 0.000000
vt 0.012987 0.000000
vt 0.105751 0.000000
vt 0.011132 0.000000
vt 0.107607 0.000000
vt 0.009276 0.000000
vt 0.109462 0.000000
vt 0.007421 0.000000
vt 0.111317 0.000000
vt 0.005566 0.000000
vt 0.113173 0.000000
vt 0.003711 0.000000
vt 0.115028 0.000000
vt 0.001855 0.000000
vt 0.116883 0.000000
vt 0.354360 0.000000
vt 0.118738 0.000000
vt 0.352505 0.000000
vt 0.120594 0.000000
vt 0.350649 0.000000
vt 0.122449 0.000000
vt 0.348794 0.000000
vt 0.124304 0.000000
vt 0.346939 0.000000
vt 0.126160 0.000000
vt 0.345083 0.000000
vt 0.128015 0.000000
vt 0.343228 0.000000
vt 0.129870 0.000000
vt 0.341373 0.000000
vt 0.131725 0.000000
vt 0.133581 0.000000
vt 0.339518 0.000000
vt 0.135436 0.000000
vt 0.337662 0.000000
vt 0.137291 0.000000
vt 0.335807 0.000000
vt 0.139147 0.000000
vt 0.141002 0.000000
vt 0.333952 0.000000
vt 0.144712 0.000000
vt 0.332096 0.000000
vt 0.146568 0.000000
vt 0.148423 0.000000
vt 0.150278 0.000000
vt 0.152134 0.000000
vt 0.330241 0.000000
vt 0.153989 0.000000
vt 0.155844 0.000000
vt 0.157699 0.000000
vt 0.159555 0.000000
vt 0.161410 0.000000
vt 0.163265 0.000000
vt 0.165121 0.000000
vt 0.166976 0.000000
vt 0.168831 0.000000
vt 0.170686 0.000000
vt 0.172542 0.000000
vt 0.174397 0.000000
vt 0.328386 0.000000
vt 0.176252 0.000000
vt 0.178108 0.000000
vt 0.179963 0.000000
vt 0.326531 0.000000
vt 0.181818 0.000000
vt 0.324675 0.000000
vt 0.322820 0.000000
vt 0.183673 0.000000
vt 0.320965 0.000000
vt 0.185529 0.000000
vt 0.319109 0.000000
vt 0.187384 0.000000
vt 0.317254 0.000000
vt 0.315399 0.000000
vt 0.189239 0.000000
vt 0.313544 0.000000
vt 0.191095 0.000000
vt 0.311688 0.000000
vt 0.192950 0.000000
vt 0.309833 0.000000
vt 0.194805 0.000000
vt 0.307978 0.000000
vt 0.196660 0.000000
vt 0.306122 0.000000
vt 0.198516 0.000000
vt 0.200371 0.000000
vt 0.304267 0.000000
vt 0.202226 0.000000
vt 0.302412 0.000000
vt 0.204082 0.000000
vt 0.300557 0.000000
vt 0.205937 0.000000
vt 0.298701 0.000000
vt 0.207792 0.000000
vt 0.296846 0.000000
vt 0.209647 0.000000
vt 0.294991 0.000000
vt 0.211503 0.000000
vt 0.293135 0.000000
vt 0.213358 0.000000
vt 0.291280 0.000000
vt 0.215213 0.000000
vt 0.289425 0.000000
vt 0.217069 0.000000
vt 0.287570 0.000000
vt 0.283859 0.000000
vt 0.218924 0.000000
vt 0.282004 0.000000
vt 0.280148 0.000000
vt 0.278293 0.000000
vt 0.276438 0.000000
vt 0.274583 0.000000
vt 0.272727 0.000000
vt 0.220779 0.000000
vt 0.270872 0.000000
vt 0.269017 0.000000
vt 0.267161 0.000000
vt 0.265306 0.000000
vt 0.222635 0.000000
vt 0.263451 0.000000
vt 0.261596 0.000000
vt 0.259740 0.000000
vt 0.257885 0.000000
vt 0.224490 0.000000
vt 0.256030 0.000000
vt 0.226345 0.000000
vt 0.254174 0.000000
vt 0.228200 0.000000
vt 0.230056 0.000000
vt 0.252319 0.000000
vt 0.231911 0.000000
vt 0.233766 0.000000
vt 0.250464 0.000000
vt 0.235622 0.000000
vt 0.248609 0.000000
vt 0.237477 0.000000
vt 0.239332 0.000000
vt 0.246753 0.000000
vt 0.241187 0.000000
vt 0.243043 0.000000
vt 0.244898 0.000000
vt 0.908953 0.000000
vt 0.910470 0.000000
vt 0.911988 0.000000
vt 0.907436 0.000000
vt 0.913505 0.000000
vt 0.905918 0.000000
vt 0.915023 0.000000
vt 0.904401 0.000000
vt 0.916540 0.000000
vt 0.902883 0.000000
vt 0.918058 0.000000
vt 0.901366 0.000000
vt 0.919575 0.000000
vt 0.899848 0.000000
vt 0.921093 0.000000
vt 0.898331 0.000000
vt 0.922610 0.000000
vt 0.896813 0.000000
vt 0.924127 0.000000
vt 0.895296 0.000000
vt 0.893778 0.000000
vt 0.925645 0.000000
vt 0.892261 0.000000
vt 0.927162 0.000000
vt 0.890744 0.000000
vt 0.928680 0.000000
vt 0.889226 0.000000
vt 0.887709 0.000000
vt 0.886191 0.000000
vt 0.930197 0.000000
vt 0.884674 0.000000
vt 0.883156 0.000000
vt 0.881639 0.000000
vt 0.931715 0.000000
vt 0.880121 0.000000
vt 0.878604 0.000000
vt 0.877087 0.000000
vt 0.933232 0.000000
vt 0.875569 0.000000
vt 0.874052 0.000000
vt 0.872534 0.000000
vt 0.934750 0.000000
vt 0.871017 0.000000
vt 0.869499 0.000000
vt 0.936267 0.000000
vt 0.867982 0.000000
vt 0.866464 0.000000
vt 0.864947 0.000000
vt 0.863429 0.000000
vt 0.937784 0.000000
vt 0.861912 0.000000
vt 0.860395 0.000000
vt 0.858877 0.000000
vt 0.857360 0.000000
vt 0.855842 0.000000
vt 0.854325 0.000000
vt 0.939302 0.000000
vt 0.852807 0.000000
vt 0.851290 0.000000
vt 0.849772 0.000000
vt 0.940819 0.000000
vt 0.848255 0.000000
vt 0.846738 0.000000
vt 0.845220 0.000000
vt 0.942337 0.000000
vt 0.843703 0.000000
vt 0.842185 0.000000
vt 0.943854 0.000000
vt 0.840668 0.000000
vt 0.839150 0.000000
vt 0.945372 0.000000
vt 0.837633 0.000000
vt 0.946889 0.000000
vt 0.836115 0.000000
vt 0.834598 0.000000
vt 0.833080 0.000000
vt 0.948407 0.000000
vt 0.831563 0.000000
vt 0.949924 0.000000
vt 0.951442 0.000000
vt 0.830046 0.000000
vt 0.952959 0.000000
vt 0.828528 0.000000
vt 0.954476 0.000000
vt 0.827011 0.000000
vt 0.955994 0.000000
vt 0.825493 0.000000
vt 0.957511 0.000000
vt 0.823976 0.000000
vt 0.959029 0.000000
vt 0.960546 0.000000
vt 0.822458 0.000000
vt 0.962064 0.000000
vt 0.820941 0.000000
vt 0.963581 0.000000
vt 0.965099 0.000000
vt 0.819423 0.000000
vt 0.966616 0.000000
vt 0.968134 0.000000
vt 0.817906 0.000000
vt 0.969651 0.000000
vt 0.971168 0.000000
vt 0.972686 0.000000
vt 0.974203 0.000000
vt 0.816388 0.000000
vt 0.975721 0.000000
vt 0.977238 0.000000
vt 0.978756 0.000000
vt 0.814871 0.000000
vt 0.980273 0.000000
vt 0.981791 0.000000
vt 0.983308 0.000000
vt 0.813354 0.000000
vt 0.984825 0.000000
vt 0.986343 0.000000
vt 0.811836 0.000000
vt 0.987860 0.000000
vt 0.989378 0.000000
vt 0.810319 0.000000
vt 0.990895 0.000000
vt 0.808801 0.000000
vt 0.992413 0.000000
vt 0.993930 0.000000
vt 0.807284 0.000000
vt 0.995448 0.000000
vt 0.805766 0.000000
vt 0.996965 0.000000
vt 0.804249 0.000000
vt 0.998483 0.000000
vt 0.053111 0.000000
vt 0.054628 0.000000
vt 0.056146 0.000000
vt 0.051593 0.000000
vt 0.057663 0.000000
vt 0.050076 0.000000
vt 0.059181 0.000000
vt 0.048558 0.000000
vt 0.802731 0.000000
vt 0.060698 0.000000
vt 0.047041 0.000000
vt 0.062215 0.000000
vt 0.045524 0.000000
vt 0.063733 0.000000
vt 0.044006 0.000000
vt 0.065250 0.000000
vt 0.042489 0.000000
vt 0.066768 0.000000
vt 0.040971 0.000000
vt 0.068285 0.000000
vt 0.039454 0.000000
vt 0.037936 0.000000
vt 0.069803 0.000000
vt 0.036419 0.000000
vt 0.071320 0.000000
vt 0.034901 0.000000
vt 0.072838 0.000000
vt 0.033384 0.000000
vt 0.031866 0.000000
vt 0.030349 0.000000
vt 0.028832 0.000000
vt 0.074355 0.000000
vt 0.027314 0.000000
vt 0.025797 0.000000
vt 0.024279 0.000000
vt 0.075873 0.000000
vt 0.022762 0.000000
vt 0.801214 0.000000
vt 0.021244 0.000000
vt 0.019727 0.000000
vt 0.018209 0.000000
vt 0.077390 0.000000
vt 0.016692 0.000000
vt 0.015175 0.000000
vt 0.726859 0.000000
vt 0.728376 0.000000
vt 0.729894 0.000000
vt 0.725341 0.000000
vt 0.731411 0.000000
vt 0.723824 0.000000
vt 0.732929 0.000000
vt 0.013657 0.000000
vt 0.722307 0.000000
vt 0.734446 0.000000
vt 0.078907 0.000000
vt 0.720789 0.000000
vt 0.012140 0.000000
vt 0.735964 0.000000
vt 0.719272 0.000000
vt 0.010622 0.000000
vt 0.737481 0.000000
vt 0.717754 0.000000
vt 0.009105 0.000000
vt 0.080425 0.000000
vt 0.738998 0.000000
vt 0.716237 0.000000
vt 0.007587 0.000000
vt 0.714719 0.000000
vt 0.006070 0.000000
vt 0.740516 0.000000
vt 0.004552 0.000000
vt 0.081942 0.000000
vt 0.713202 0.000000
vt 0.742033 0.000000
vt 0.003035 0.000000
vt 0.711684 0.000000
vt 0.001517 0.000000
vt 0.743551 0.000000
vt 0.083460 0.000000
vt 0.710167 0.000000
vt 0.745068 0.000000
vt 0.708649 0.000000
vt 0.084977 0.000000
vt 0.746586 0.000000
vt 0.748103 0.000000
vt 0.086495 0.000000
vt 0.707132 0.000000
vt 0.799697 0.000000
vt 0.798179 0.000000
vt 0.088012 0.000000
vt 0.796662 0.000000
vt 0.749621 0.000000
vt 0.705615 0.000000
vt 0.795144 0.000000
vt 0.089530 0.000000
vt 0.793627 0.000000
vt 0.792109 0.000000
vt 0.704097 0.000000
vt 0.751138 0.000000
vt 0.091047 0.000000
vt 0.790592 0.000000
vt 0.789074 0.000000
vt 0.752656 0.000000
vt 0.092564 0.000000
vt 0.702580 0.000000
vt 0.094082 0.000000
vt 0.787557 0.000000
vt 0.095599 0.000000
vt 0.754173 0.000000
vt 0.786039 0.000000
vt 0.701062 0.000000
vt 0.097117 0.000000
vt 0.098634 0.000000
vt 0.755690 0.000000
vt 0.784522 0.000000
vt 0.100152 0.000000
vt 0.699545 0.000000
vt 0.757208 0.000000
vt 0.101669 0.000000
vt 0.783005 0.000000
vt 0.103187 0.000000
vt 0.758725 0.000000
vt 0.104704 0.000000
vt 0.781487 0.000000
vt 0.760243 0.000000
vt 0.106222 0.000000
vt 0.698027 0.000000
vt 0.779970 0.000000
vt 0.778452 0.000000
vt 0.776935 0.000000
vt 0.107739 0.000000
vt 0.761760 0.000000
vt 0.775417 0.000000
vt 0.773900 0.000000
vt 0.772382 0.000000
vt 0.763278 0.000000
vt 0.109256 0.000000
vt 0.770865 0.000000
vt 0.769347 0.000000
vt 0.767830 0.000000
vt 0.764795 0.000000
vt 0.766313 0.000000
vt 0.163885 0.000000
vt 0.110774 0.000000
vt 0.165402 0.000000
vt 0.162367 0.000000
vt 0.160850 0.000000
vt 0.166920 0.000000
vt 0.159332 0.000000
vt 0.168437 0.000000
vt 0.157815 0.000000
vt 0.169954 0.000000
vt 0.156297 0.000000
vt 0.112291 0.000000
vt 0.696510 0.000000
vt 0.171472 0.000000
vt 0.154780 0.000000
vt 0.172989 0.000000
vt 0.153263 0.000000
vt 0.174507 0.000000
vt 0.151745 0.000000
vt 0.113809 0.000000
vt 0.150228 0.000000
vt 0.176024 0.000000
vt 0.148710 0.000000
vt 0.177542 0.000000
vt 0.115326 0.000000
vt 0.147193 0.000000
vt 0.179059 0.000000
vt 0.145675 0.000000
vt 0.116844 0.000000
vt 0.180577 0.000000
vt 0.144158 0.000000
vt 0.118361 0.000000
vt 0.142640 0.000000
vt 0.182094 0.000000
vt 0.141123 0.000000
vt 0.119879 0.000000
vt 0.139605 0.000000
vt 0.183612 0.000000
vt 0.121396 0.000000
vt 0.138088 0.000000
vt 0.136571 0.000000
vt 0.122914 0.000000
vt 0.135053 0.000000
vt 0.133536 0.000000
vt 0.124431 0.000000
vt 0.132018 0.000000
vt 0.125948 0.000000
vt 0.130501 0.000000
vt 0.128983 0.000000
vt 0.127466 0.000000
vt 0.694992 0.000000
vt 0.619120 0.000000
vt 0.693475 0.000000
vt 0.620637 0.000000
vt 0.617602 0.000000
vt 0.185129 0.000000
vt 0.691958 0.000000
vt 0.622155 0.000000
vt 0.623672 0.000000
vt 0.690440 0.000000
vt 0.625190 0.000000
vt 0.626707 0.000000
vt 0.186646 0.000000
vt 0.688923 0.000000
vt 0.628225 0.000000
vt 0.616085 0.000000
vt 0.629742 0.000000
vt 0.631260 0.000000
vt 0.687405 0.000000
vt 0.632777 0.000000
vt 0.188164 0.000000
vt 0.634294 0.000000
vt 0.685888 0.000000
vt 0.635812 0.000000
vt 0.637329 0.000000
vt 0.684370 0.000000
vt 0.638847 0.000000
vt 0.640364 0.000000
vt 0.614568 0.000000
vt 0.491654 0.000000
vt 0.641882 0.000000
vt 0.643399 0.000000
vt 0.644917 0.000000
vt 0.646434 0.000000
vt 0.647951 0.000000
vt 0.682853 0.000000
vt 0.649469 0.000000
vt 0.650986 0.000000
vt 0.189681 0.000000
vt 0.652504 0.000000
vt 0.681335 0.000000
vt 0.654021 0.000000
vt 0.493171 0.000000
vt 0.490137 0.000000
vt 0.655539 0.000000
vt 0.679818 0.000000
vt 0.657056 0.000000
vt 0.658574 0.000000
vt 0.678300 0.000000
vt 0.660091 0.000000
vt 0.661609 0.000000
vt 0.663126 0.000000
vt 0.676783 0.000000
vt 0.664643 0.000000
vt 0.666161 0.000000
vt 0.613050 0.000000
vt 0.675266 0.000000
vt 0.667678 0.000000
vt 0.669196 0.000000
vt 0.670713 0.000000
vt 0.673748 0.000000
vt 0.672231 0.000000
vt 0.191199 0.000000
vt 0.494689 0.000000
vt 0.488619 0.000000
vt 0.611533 0.000000
vt 0.192716 0.000000
vt 0.496206 0.000000
vt 0.610015 0.000000
vt 0.497724 0.000000
vt 0.487102 0.000000
vt 0.194234 0.000000
vt 0.608498 0.000000
vt 0.499241 0.000000
vt 0.195751 0.000000
vt 0.485584 0.000000
vt 0.606980 0.000000
vt 0.500759 0.000000
vt 0.197269 0.000000
vt 0.605463 0.000000
vt 0.484067 0.000000
vt 0.502276 0.000000
vt 0.603945 0.000000
vt 0.198786 0.000000
vt 0.503794 0.000000
vt 0.482549 0.000000
vt 0.602428 0.000000
vt 0.505311 0.000000
vt 0.481032 0.000000
vt 0.200303 0.000000
vt 0.600910 0.000000
vt 0.506829 0.000000
vt 0.479514 0.000000
vt 0.201821 0.000000
vt 0.599393 0.000000
vt 0.203338 0.000000
vt 0.508346 0.000000
vt 0.204856 0.000000
vt 0.477997 0.000000
vt 0.597876 0.000000
vt 0.206373 0.000000
vt 0.509863 0.000000
vt 0.207891 0.000000
vt 0.476480 0.000000
vt 0.596358 0.000000
vt 0.209408 0.000000
vt 0.511381 0.000000
vt 0.210926 0.000000
vt 0.594841 0.000000
vt 0.474962 0.000000
vt 0.212443 0.000000
vt 0.512898 0.000000
vt 0.593323 0.000000
vt 0.213961 0.000000
vt 0.473445 0.000000
vt 0.514416 0.000000
vt 0.215478 0.000000
vt 0.591806 0.000000
vt 0.471927 0.000000
vt 0.515933 0.000000
vt 0.216995 0.000000
vt 0.470410 0.000000
vt 0.590288 0.000000
vt 0.517451 0.000000
vt 0.468892 0.000000
vt 0.218513 0.000000
vt 0.588771 0.000000
vt 0.467375 0.000000
vt 0.518968 0.000000
vt 0.465857 0.000000
vt 0.220030 0.000000
vt 0.587253 0.000000
vt 0.464340 0.000000
vt 0.520486 0.000000
vt 0.221548 0.000000
vt 0.462822 0.000000
vt 0.585736 0.000000
vt 0.223065 0.000000
vt 0.461305 0.000000
vt 0.522003 0.000000
vt 0.224583 0.000000
vt 0.459788 0.000000
vt 0.226100 0.000000
vt 0.584219 0.000000
vt 0.523520 0.000000
vt 0.227618 0.000000
vt 0.458270 0.000000
vt 0.229135 0.000000
vt 0.456753 0.000000
vt 0.582701 0.000000
vt 0.230653 0.000000
vt 0.525038 0.000000
vt 0.232170 0.000000
vt 0.455235 0.000000
vt 0.233687 0.000000
vt 0.235205 0.000000
vt 0.581184 0.000000
vt 0.453718 0.000000
vt 0.526555 0.000000
vt 0.380880 0.000000
vt 0.382398 0.000000
vt 0.383915 0.000000
vt 0.385432 0.000000
vt 0.386950 0.000000
vt 0.379363 0.000000
vt 0.388467 0.000000
vt 0.389985 0.000000
vt 0.377845 0.000000
vt 0.391502 0.000000
vt 0.393020 0.000000
vt 0.579666 0.000000
vt 0.376328 0.000000
vt 0.394537 0.000000
vt 0.396055 0.000000
vt 0.452200 0.000000
vt 0.374810 0.000000
vt 0.397572 0.000000
vt 0.236722 0.000000
vt 0.399090 0.000000
vt 0.400607 0.000000
vt 0.373293 0.000000
vt 0.402124 0.000000
vt 0.578149 0.000000
vt 0.450683 0.000000
vt 0.371775 0.000000
vt 0.370258 0.000000
vt 0.449165 0.000000
vt 0.576631 0.000000
vt 0.403642 0.000000
vt 0.238240 0.000000
vt 0.368741 0.000000
vt 0.447648 0.000000
vt 0.575114 0.000000
vt 0.367223 0.000000
vt 0.405159 0.000000
vt 0.446131 0.000000
vt 0.365706 0.000000
vt 0.573596 0.000000
vt 0.406677 0.000000
vt 0.444613 0.000000
vt 0.443096 0.000000
vt 0.364188 0.000000
vt 0.408194 0.000000
vt 0.572079 0.000000
vt 0.441578 0.000000
vt 0.440061 0.000000
vt 0.409712 0.000000
vt 0.362671 0.000000
vt 0.438543 0.000000
vt 0.570561 0.000000
vt 0.239757 0.000000
vt 0.411229 0.000000
vt 0.437026 0.000000
vt 0.528073 0.000000
vt 0.435508 0.000000
vt 0.433991 0.000000
vt 0.412747 0.000000
vt 0.361153 0.000000
vt 0.432473 0.000000
vt 0.569044 0.000000
vt 0.430956 0.000000
vt 0.414264 0.000000
vt 0.429439 0.000000
vt 0.427921 0.000000
vt 0.415781 0.000000
vt 0.426404 0.000000
vt 0.424886 0.000000
vt 0.417299 0.000000
vt 0.423369 0.000000
vt 0.421851 0.000000
vt 0.418816 0.000000
vt 0.420334 0.000000
vt 0.567527 0.000000
vt 0.359636 0.000000
vt 0.566009 0.000000
vt 0.358118 0.000000
vt 0.241275 0.000000
vt 0.564492 0.000000
vt 0.356601 0.000000
vt 0.562974 0.000000
vt 0.355083 0.000000
vt 0.561457 0.000000
vt 0.353566 0.000000
vt 0.352049 0.000000
vt 0.529590 0.000000
vt 0.559939 0.000000
vt 0.242792 0.000000
vt 0.350531 0.000000
vt 0.531108 0.000000
vt 0.558422 0.000000
vt 0.349014 0.000000
vt 0.532625 0.000000
vt 0.556904 0.000000
vt 0.347496 0.000000
vt 0.534143 0.000000
vt 0.345979 0.000000
vt 0.555387 0.000000
vt 0.535660 0.000000
vt 0.344461 0.000000
vt 0.553869 0.000000
vt 0.537178 0.000000
vt 0.538695 0.000000
vt 0.552352 0.000000
vt 0.540212 0.000000
vt 0.550835 0.000000
vt 0.541730 0.000000
vt 0.549317 0.000000
vt 0.244310 0.000000
vt 0.543247 0.000000
vt 0.547800 0.000000
vt 0.544765 0.000000
vt 0.546282 0.000000
vt 0.342944 0.000000
vt 0.341426 0.000000
vt 0.245827 0.000000
vt 0.339909 0.000000
vt 0.338392 0.000000
vt 0.247344 0.000000
vt 0.336874 0.000000
vt 0.248862 0.000000
vt 0.335357 0.000000
vt 0.333839 0.000000
vt 0.250379 0.000000
vt 0.332322 0.000000
vt 0.330804 0.000000
vt 0.251897 0.000000
vt 0.329287 0.000000
vt 0.327769 0.000000
vt 0.253414 0.000000
vt 0.326252 0.000000
vt 0.324734 0.000000
vt 0.254932 0.000000
vt 0.323217 0.000000
vt 0.321700 0.000000
vt 0.256449 0.000000
vt 0.320182 0.000000
vt 0.318665 0.000000
vt 0.257967 0.000000
vt 0.317147 0.000000
vt 0.259484 0.000000
vt 0.315630 0.000000
vt 0.314112 0.000000
vt 0.261002 0.000000
vt 0.312595 0.000000
vt 0.262519 0.000000
vt 0.311077 0.000000
vt 0.309560 0.000000
vt 0.264036 0.000000
vt 0.308042 0.000000
vt 0.265554 0.000000
vt 0.267071 0.000000
vt 0.306525 0.000000
vt 0.268589 0.000000
vt 0.270106 0.000000
vt 0.305008 0.000000
vt 0.271624 0.000000
vt 0.303490 0.000000
vt 0.273141 0.000000
vt 0.301973 0.000000
vt 0.274659 0.000000
vt 0.276176 0.000000
vt 0.300455 0.000000
vt 0.277693 0.000000
vt 0.298938 0.000000
vt 0.279211 0.000000
vt 0.280728 0.000000
vt 0.297420 0.000000
vt 0.282246 0.000000
vt 0.295903 0.000000
vt 0.283763 0.000000
vt 0.285281 0.000000
vt 0.294385 0.000000
vt 0.286798 0.000000
vt 0.292868 0.000000
vt 0.288316 0.000000
vt 0.289833 0.000000
vt 0.291351 0.000000
s 1
usemtl マテリアル.001
f 300/1/1 301/2/2 302/3/3
f 299/4/4 300/1/1 302/3/3
f 299/4/4 302/3/3 303/5/5
f 298/6/6 299/4/4 303/5/5
f 298/6/6 303/5/5 304/7/7
f 297/8/8 298/6/6 304/7/7
f 297/8/8 304/7/7 305/9/9
f 296/10/10 297/8/8 305/9/9
f 295/11/11 296/10/10 305/9/9
f 295/11/11 305/9/9 306/12/12
f 294/13/13 295/11/11 306/12/12
f 294/13/13 306/12/12 307/14/14
f 293/15/15 294/13/13 307/14/14
f 293/15/15 307/14/14 308/16/16
f 292/17/17 293/15/15 308/16/16
f 291/18/18 292/17/17 308/16/16
f 291/18/18 308/16/16 309/19/19
f 290/20/20 291/18/18 309/19/19
f 290/20/20 309/19/19 310/21/21
f 289/22/22 290/20/20 310/21/21
f 289/22/22 310/21/21 311/23/23
f 288/24/24 289/22/22 311/23/23
f 287/25/25 288/24/24 311/23/23
f 286/26/26 287/25/25 311/23/23
f 286/26/26 311/23/23 312/27/27
f 285/28/28 286/26/26 312/27/27
f 284/29/29 285/28/28 312/27/27
f 283/30/30 284/29/29 312/27/27
f 282/31/31 283/30/30 312/27/27
f 282/31/31 312/27/27 313/32/32
f 281/33/33 282/31/31 313/32/32
f 280/34/34 281/33/33 313/32/32
f 279/35/35 280/34/34 313/32/32
f 278/36/36 279/35/35 313/32/32
f 278/36/36 313/32/32 314/37/37
f 277/38/38 278/36/36 314/37/37
f 276/39/39 277/38/38 314/37/37
f 276/39/39 314/37/37 315/40/40
f 275/41/41 276/39/39 315/40/40
f 274/42/42 275/41/41 315/40/40
f 274/42/42 315/40/40 316/43/43
f 273/44/44 274/42/42 316/43/43
f 273/44/44 316/43/43 317/45/45
f 272/46/46 273/44/44 317/45/45
f 272/46/46 317/45/45 318/47/47
f 271/48/48 272/46/46 318/47/47
f 271/48/48 318/47/47 319/49/49
f 270/50/50 271/48/48 319/49/49
f 270/50/50 319/49/49 320/51/51
f 269/52/52 270/50/50 320/51/51
f 269/52/52 320/51/51 321/53/53
f 268/54/54 269/52/52 321/53/53
f 268/54/54 321/53/53 322/55/55
f 267/56/56 268/54/54 322/55/55
f 266/57/57 267/56/56 322/55/55
f 266/57/57 322/55/55 323/58/58
f 265/59/59 266/57/57 323/58/58
f 265/59/59 323/58/58 324/60/60
f 264/61/61 265/59/59 324/60/60
f 264/61/61 324/60/60 325/62/62
f 263/63/63 264/61/61 325/62/62
f 262/64/64 263/63/63 325/62/62
f 262/64/64 325/62/62 326/65/65
f 261/66/66 262/64/64 326/65/65
f 261/66/66 326/65/65 327/67/67
f 260/68/68 261/66/66 327/67/67
f 260/68/68 327/67/67 328/69/69
f 259/70/70 260/68/68 328/69/69
f 259/70/70 328/69/69 329/71/71
f 259/70/70 329/71/71 330/72/72
f 258/73/73 259/70/70 330/72/72
f 258/73/73 330/72/72 331/74/74
f 257/75/75 258/73/73 331/74/74
f 257/75/75 331/74/74 332/76/76
f 257/75/75 332/76/76 333/77/77
f 256/78/78 257/75/75 333/77/77
f 256/78/78 333/77/77 334/79/79
f 256/78/78 334/79/79 335/80/80
f 255/81/81 256/78/78 335/80/80
f 255/81/81 335/80/80 336/82/82
f 255/81/81 336/82/82 337/83/83
f 255/81/81 337/83/83 338/84/84
f 254/85/85 255/81/81 338/84/84
f 254/85/85 338/84/84 339/86/86
f 254/85/85 339/86/86 340/87/87
f 253/88/88 254/85/85 340/87/87
f 253/88/88 340/87/87 341/89/89
f 253/88/88 341/89/89 342/90/90
f 252/91/91 253/88/88 342/90/90
f 252/91/91 342/90/90 343/92/92
f 252/91/91 343/92/92 344/93/93
f 252/91/91 344/93/93 345/94/94
f 252/91/91 345/94/94 346/95/95
f 252/91/91 346/95/95 347/96/96
f 252/91/91 347/96/96 348/97/97
f 252/91/91 348/97/97 349/98/98
f 252/91/91 349/98/98 350/99/99
f 251/100/100 252/91/91 350/99/99
f 251/100/100 350/99/99 351/101/101
f 250/102/102 251/100/100 351/101/101
f 250/102/102 351/101/101 352/103/103
f 249/104/104 250/102/102 352/103/103
f 249/104/104 352/103/103 353/105/105
f 248/106/106 249/104/104 353/105/105
f 248/106/106 353/105/105 354/107/107
f 247/108/108 248/106/106 354/107/107
f 247/108/108 354/107/107 355/109/109
f 36/110/110 37/111/111 38/112/112
f 36/110/110 38/112/112 39/113/113
f 35/114/114 36/110/110 39/113/113
f 35/114/114 39/113/113 40/115/115
f 34/116/116 35/114/114 40/115/115
f 34/116/116 40/115/115 41/117/117
f 34/116/116 41/117/117 42/118/118
f 33/119/119 34/116/116 42/118/118
f 33/119/119 42/118/118 43/120/120
f 32/121/121 33/119/119 43/120/120
f 32/121/121 43/120/120 44/122/122
f 31/123/123 32/121/121 44/122/122
f 31/123/123 44/122/122 45/124/124
f 246/125/125 247/108/108 355/109/109
f 31/123/123 45/124/124 46/126/126
f 30/127/127 31/123/123 46/126/126
f 30/127/127 46/126/126 47/128/128
f 29/129/129 30/127/127 47/128/128
f 29/129/129 47/128/128 48/130/130
f 29/129/129 48/130/130 49/131/131
f 28/132/132 29/129/129 49/131/131
f 28/132/132 49/131/131 50/133/133
f 27/134/134 28/132/132 50/133/133
f 26/135/135 27/134/134 50/133/133
f 25/136/136 26/135/135 50/133/133
f 24/137/137 25/136/136 50/133/133
f 23/138/138 24/137/137 50/133/133
f 22/139/139 23/138/138 50/133/133
f 21/140/140 22/139/139 50/133/133
f 20/141/141 21/140/140 50/133/133
f 19/142/142 20/141/141 50/133/133
f 18/143/143 19/142/142 50/133/133
f 18/143/143 50/133/133 51/144/144
f 17/145/145 18/143/143 51/144/144
f 16/146/146 17/145/145 51/144/144
f 15/147/147 16/146/146 51/144/144
f 14/148/148 15/147/147 51/144/144
f 13/149/149 14/148/148 51/144/144
f 12/150/150 13/149/149 51/144/144
f 12/150/150 51/144/144 52/151/151
f 246/125/125 355/109/109 356/152/152
f 11/153/153 12/150/150 52/151/151
f 245/154/154 246/125/125 356/152/152
f 11/153/153 52/151/151 53/155/155
f 10/156/156 11/153/153 53/155/155
f 9/157/157 10/156/156 53/155/155
f 9/157/157 53/155/155 54/158/158
f 245/154/154 356/152/152 357/159/159
f 8/160/160 9/157/157 54/158/158
f 8/160/160 54/158/158 55/161/161
f 244/162/162 245/154/154 357/159/159
f 7/163/163 8/160/160 55/161/161
f 7/163/163 55/161/161 56/164/164
f 6/165/165 7/163/163 56/164/164
f 244/162/162 357/159/159 358/166/166
f 6/165/165 56/164/164 57/167/167
f 5/168/168 6/165/165 57/167/167
f 4/169/169 5/168/168 57/167/167
f 243/170/170 244/162/162 358/166/166
f 4/169/169 57/167/167 58/171/171
f 3/172/172 4/169/169 58/171/171
f 3/172/172 58/171/171 59/173/173
f 243/170/170 358/166/166 359/174/174
f 2/175/175 3/172/172 59/173/173
f 2/175/175 59/173/173 60/176/176
f 242/177/177 243/170/170 359/174/174
f 1/178/178 2/175/175 60/176/176
f 1/178/178 60/176/176 61/179/179
f 242/177/177 359/174/174 360/180/180
f 372/181/181 1/178/178 61/179/179
f 371/182/182 372/181/181 61/179/179
f 371/182/182 61/179/179 62/183/183
f 370/184/184 371/182/182 62/183/183
f 204/185/185 205/186/186 206/187/187
f 203/188/188 204/185/185 206/187/187
f 203/188/188 206/187/187 207/189/189
f 202/190/190 203/188/188 207/189/189
f 202/190/190 207/189/189 208/191/191
f 201/192/192 202/190/190 208/191/191
f 201/192/192 208/191/191 209/193/193
f 200/194/194 201/192/192 209/193/193
f 200/194/194 209/193/193 210/195/195
f 199/196/196 200/194/194 210/195/195
f 198/197/197 199/196/196 210/195/195
f 198/197/197 210/195/195 211/198/198
f 197/199/199 198/197/197 211/198/198
f 197/199/199 211/198/198 212/200/200
f 196/201/201 197/199/199 212/200/200
f 370/184/184 62/183/183 63/202/202
f 196/201/201 212/200/200 213/203/203
f 195/204/204 196/201/201 213/203/203
f 369/205/205 370/184/184 63/202/202
f 195/204/204 213/203/203 214/206/206
f 194/207/207 195/204/204 214/206/206
f 194/207/207 214/206/206 215/208/208
f 241/209/209 242/177/177 360/180/180
f 193/210/210 194/207/207 215/208/208
f 192/211/211 193/210/210 215/208/208
f 192/211/211 215/208/208 216/212/212
f 191/213/213 192/211/211 216/212/212
f 191/213/213 216/212/212 217/214/214
f 368/215/215 369/205/205 63/202/202
f 190/216/216 191/213/213 217/214/214
f 241/209/209 360/180/180 361/217/217
f 190/216/216 217/214/214 218/218/218
f 189/219/219 190/216/216 218/218/218
f 368/215/215 63/202/202 64/220/220
f 188/221/221 189/219/219 218/218/218
f 367/222/222 368/215/215 64/220/220
f 187/223/223 188/221/221 218/218/218
f 187/223/223 218/218/218 219/224/224
f 186/225/225 187/223/223 219/224/224
f 185/226/226 186/225/225 219/224/224
f 366/227/227 367/222/222 64/220/220
f 184/228/228 185/226/226 219/224/224
f 366/227/227 64/220/220 121/229/229
f 121/229/229 64/220/220 65/230/230
f 184/228/228 219/224/224 220/231/231
f 366/227/227 121/229/229 122/232/232
f 120/233/233 121/229/229 65/230/230
f 183/234/234 184/228/228 220/231/231
f 365/235/235 366/227/227 122/232/232
f 182/236/236 183/234/234 220/231/231
f 181/237/237 182/236/236 220/231/231
f 181/237/237 220/231/231 221/238/238
f 180/239/239 181/237/237 221/238/238
f 364/240/240 365/235/235 122/232/232
f 119/241/241 120/233/233 65/230/230
f 364/240/240 122/232/232 123/242/242
f 119/241/241 65/230/230 66/243/243
f 180/239/239 221/238/238 222/244/244
f 363/245/245 364/240/240 123/242/242
f 179/246/246 180/239/239 222/244/244
f 118/247/247 119/241/241 66/243/243
f 179/246/246 222/244/244 223/248/248
f 362/249/249 363/245/245 123/242/242
f 178/250/250 179/246/246 223/248/248
f 362/249/249 123/242/242 124/251/251
f 178/250/250 223/248/248 224/252/252
f 361/217/217 362/249/249 124/251/251
f 117/253/253 118/247/247 66/243/243
f 117/253/253 66/243/243 67/254/254
f 178/250/250 224/252/252 225/255/255
f 241/209/209 361/217/217 124/251/251
f 177/256/256 178/250/250 225/255/255
f 177/256/256 225/255/255 226/257/257
f 240/258/258 241/209/209 124/251/251
f 239/259/259 240/258/258 124/251/251
f 177/256/256 226/257/257 227/260/260
f 238/261/261 239/259/259 124/251/251
f 237/262/262 238/261/261 124/251/251
f 237/262/262 124/251/251 125/263/263
f 116/264/264 117/253/253 67/254/254
f 236/265/265 237/262/262 125/263/263
f 235/266/266 236/265/265 125/263/263
f 177/256/256 227/260/260 228/267/267
f 234/268/268 235/266/266 125/263/263
f 233/269/269 234/268/268 125/263/263
f 232/270/270 233/269/269 125/263/263
f 177/256/256 228/267/267 229/271/271
f 231/272/272 232/270/270 125/263/263
f 230/273/273 231/272/272 125/263/263
f 229/271/271 230/273/273 125/263/263
f 177/256/256 229/271/271 125/263/263
f 176/274/274 177/256/256 125/263/263
f 116/264/264 67/254/254 68/275/275
f 115/276/276 116/264/264 68/275/275
f 176/274/274 125/263/263 126/277/277
f 175/278/278 176/274/274 126/277/277
f 115/276/276 68/275/275 69/279/279
f 174/280/280 175/278/278 126/277/277
f 114/281/281 115/276/276 69/279/279
f 174/280/280 126/277/277 127/282/282
f 173/283/283 174/280/280 127/282/282
f 114/281/281 69/279/279 70/284/284
f 113/285/285 114/281/281 70/284/284
f 173/283/283 127/282/282 128/286/286
f 172/287/287 173/283/283 128/286/286
f 113/285/285 70/284/284 71/288/288
f 112/289/289 113/285/285 71/288/288
f 172/287/287 128/286/286 129/290/290
f 171/291/291 172/287/287 129/290/290
f 111/292/292 112/289/289 71/288/288
f 111/292/292 71/288/288 72/293/293
f 170/294/294 171/291/291 129/290/290
f 170/294/294 129/290/290 130/295/295
f 169/296/296 170/294/294 130/295/295
f 110/297/297 111/292/292 72/293/293
f 110/297/297 72/293/293 73/298/298
f 169/296/296 130/295/295 131/299/299
f 168/300/300 169/296/296 131/299/299
f 110/297/297 73/298/298 74/301/301
f 109/302/302 110/297/297 74/301/301
f 168/300/300 131/299/299 132/303/303
f 109/302/302 74/301/301 75/304/304
f 167/305/305 168/300/300 132/303/303
f 109/302/302 75/304/304 76/306/306
f 167/305/305 132/303/303 133/307/307
f 109/302/302 76/306/306 77/308/308
f 108/309/309 109/302/302 77/308/308
f 166/310/310 167/305/305 133/307/307
f 108/309/309 77/308/308 78/311/311
f 107/312/312 108/309/309 78/311/311
f 107/312/312 78/311/311 79/313/313
f 166/310/310 133/307/307 134/314/314
f 165/315/315 166/310/310 134/314/314
f 165/315/315 134/314/314 135/316/316
f 107/312/312 79/313/313 80/317/317
f 165/315/315 135/316/316 136/318/318
f 106/319/319 107/312/312 80/317/317
f 165/315/315 136/318/318 137/320/320
f 106/319/319 80/317/317 81/321/321
f 165/315/315 137/320/320 138/322/322
f 165/315/315 138/322/322 139/323/323
f 164/324/324 165/315/315 139/323/323
f 106/319/319 81/321/321 82/325/325
f 164/324/324 139/323/323 140/326/326
f 105/327/327 106/319/319 82/325/325
f 164/324/324 140/326/326 141/328/328
f 105/327/327 82/325/325 83/329/329
f 164/324/324 141/328/328 142/330/330
f 104/331/331 105/327/327 83/329/329
f 164/324/324 142/330/330 143/332/332
f 104/331/331 83/329/329 84/333/333
f 163/334/334 164/324/324 143/332/332
f 163/334/334 143/332/332 144/335/335
f 104/331/331 84/333/333 85/336/336
f 163/334/334 144/335/335 145/337/337
f 103/338/338 104/331/331 85/336/336
f 163/334/334 145/337/337 146/339/339
f 103/338/338 85/336/336 86/340/340
f 162/341/341 163/334/334 146/339/339
f 103/338/338 86/340/340 87/342/342
f 102/343/343 103/338/338 87/342/342
f 162/341/341 146/339/339 147/344/344
f 102/343/343 87/342/342 88/345/345
f 162/341/341 147/344/344 148/346/346
f 161/347/347 162/341/341 148/346/346
f 102/343/343 88/345/345 89/348/348
f 101/349/349 102/343/343 89/348/348
f 161/347/347 148/346/346 149/350/350
f 101/349/349 89/348/348 90/351/351
f 100/352/352 101/349/349 90/351/351
f 100/352/352 90/351/351 91/353/353
f 161/347/347 149/350/350 150/354/354
f 160/355/355 161/347/347 150/354/354
f 100/352/352 91/353/353 92/356/356
f 99/357/357 100/352/352 92/356/356
f 160/355/355 150/354/354 151/358/358
f 99/357/357 92/356/356 93/359/359
f 99/357/357 93/359/359 94/360/360
f 98/361/361 99/357/357 94/360/360
f 160/355/355 151/358/358 152/362/362
f 159/363/363 160/355/355 152/362/362
f 98/361/361 94/360/360 95/364/364
f 98/361/361 95/364/364 96/365/365
f 97/366/366 98/361/361 96/365/365
f 159/363/363 152/362/362 153/367/367
f 159/363/363 153/367/367 154/368/368
f 158/369/369 159/363/363 154/368/368
f 158/369/369 154/368/368 155/370/370
f 158/369/369 155/370/370 156/371/371
f 157/372/372 158/369/369 156/371/371
f 601/373/373 602/374/374 603/375/375
f 600/376/376 601/373/373 603/375/375
f 600/376/376 603/375/375 604/377/377
f 599/378/378 600/376/376 604/377/377
f 598/379/379 599/378/378 604/377/377
f 598/379/379 604/377/377 605/380/380
f 597/381/381 598/379/379 605/380/380
f 596/382/382 597/381/381 605/380/380
f 596/382/382 605/380/380 606/383/383
f 595/384/384 596/382/382 606/383/383
f 594/385/385 595/384/384 606/383/383
f 594/385/385 606/383/383 607/386/386
f 593/387/387 594/385/385 607/386/386
f 592/388/388 593/387/387 607/386/386
f 592/388/388 607/386/386 608/389/389
f 591/390/390 592/388/388 608/389/389
f 591/390/390 608/389/389 609/391/391
f 590/392/392 591/390/390 609/391/391
f 589/393/393 590/392/392 609/391/391
f 589/393/393 609/391/391 610/394/394
f 588/395/395 589/393/393 610/394/394
f 587/396/396 588/395/395 610/394/394
f 587/396/396 610/394/394 611/397/397
f 586/398/398 587/396/396 611/397/397
f 586/398/398 611/397/397 612/399/399
f 585/400/400 586/398/398 612/399/399
f 584/401/401 585/400/400 612/399/399
f 584/401/401 612/399/399 613/402/402
f 583/403/403 584/401/401 613/402/402
f 582/404/404 583/403/403 613/402/402
f 582/404/404 613/402/402 614/405/405
f 581/406/406 582/404/404 614/405/405
f 580/407/407 581/406/406 614/405/405
f 580/407/407 614/405/405 615/408/408
f 579/409/409 580/407/407 615/408/408
f 578/410/410 579/409/409 615/408/408
f 577/411/411 578/410/410 615/408/408
f 577/411/411 615/408/408 616/412/412
f 576/413/413 577/411/411 616/412/412
f 575/414/414 576/413/413 616/412/412
f 574/415/415 575/414/414 616/412/412
f 574/415/415 616/412/412 617/416/416
f 573/417/417 574/415/415 617/416/416
f 572/418/418 573/417/417 617/416/416
f 571/419/419 572/418/418 617/416/416
f 571/419/419 617/416/416 618/420/420
f 570/421/421 571/419/419 618/420/420
f 569/422/422 570/421/421 618/420/420
f 568/423/423 569/422/422 618/420/420
f 568/423/423 618/420/420 619/424/424
f 567/425/425 568/423/423 619/424/424
f 566/426/426 567/425/425 619/424/424
f 565/427/427 566/426/426 619/424/424
f 564/428/428 565/427/427 619/424/424
f 564/428/428 619/424/424 620/429/429
f 563/430/430 564/428/428 620/429/429
f 563/430/430 620/429/429 621/431/431
f 562/432/432 563/430/430 621/431/431
f 562/432/432 621/431/431 622/433/433
f 561/434/434 562/432/432 622/433/433
f 560/435/435 561/434/434 622/433/433
f 560/435/435 622/433/433 623/436/436
f 560/435/435 623/436/436 624/437/437
f 559/438/438 560/435/435 624/437/437
f 559/438/438 624/437/437 625/439/439
f 558/440/440 559/438/438 625/439/439
f 558/440/440 625/439/439 626/441/441
f 557/442/442 558/440/440 626/441/441
f 557/442/442 626/441/441 627/443/443
f 557/442/442 627/443/443 628/444/444
f 556/445/445 557/442/442 628/444/444
f 556/445/445 628/444/444 629/446/446
f 556/445/445 629/446/446 630/447/447
f 555/448/448 556/445/445 630/447/447
f 555/448/448 630/447/447 631/449/449
f 555/448/448 631/449/449 632/450/450
f 554/451/451 555/448/448 632/450/450
f 554/451/451 632/450/450 633/452/452
f 554/451/451 633/452/452 634/453/453
f 554/451/451 634/453/453 635/454/454
f 553/455/455 554/451/451 642/456/456
f 642/456/456 554/451/451 641/457/457
f 641/457/457 554/451/451 640/458/458
f 640/458/458 554/451/451 639/459/459
f 639/459/459 554/451/451 635/454/454
f 639/459/459 635/454/454 636/460/460
f 639/459/459 636/460/460 637/461/461
f 639/459/459 637/461/461 638/462/462
f 553/455/455 642/456/456 643/463/463
f 553/455/455 643/463/463 644/464/464
f 553/455/455 644/464/464 645/465/465
f 553/455/455 645/465/465 646/466/466
f 553/455/455 646/466/466 647/467/467
f 553/455/455 647/467/467 648/468/468
f 553/455/455 648/468/468 649/469/469
f 553/455/455 649/469/469 650/470/470
f 553/455/455 650/470/470 651/471/471
f 698/472/472 699/473/473 700/474/474
f 697/475/475 698/472/472 700/474/474
f 697/475/475 700/474/474 701/476/476
f 696/477/477 697/475/475 701/476/476
f 695/478/478 696/477/477 701/476/476
f 695/478/478 701/476/476 702/479/479
f 504/480/480 505/481/481 506/482/482
f 694/483/483 695/478/478 702/479/479
f 503/484/484 504/480/480 506/482/482
f 502/485/485 503/484/484 506/482/482
f 502/485/485 506/482/482 507/486/486
f 694/483/483 702/479/479 703/487/487
f 693/488/488 694/483/483 703/487/487
f 501/489/489 502/485/485 507/486/486
f 500/490/490 501/489/489 507/486/486
f 692/491/491 693/488/488 703/487/487
f 500/490/490 507/486/486 508/492/492
f 692/491/491 703/487/487 704/493/493
f 499/494/494 500/490/490 508/492/492
f 691/495/495 692/491/491 704/493/493
f 498/496/496 499/494/494 508/492/492
f 498/496/496 508/492/492 509/497/497
f 690/498/498 691/495/495 704/493/493
f 690/498/498 704/493/493 705/499/499
f 497/500/500 498/496/496 509/497/497
f 689/501/501 690/498/498 705/499/499
f 496/502/502 497/500/500 509/497/497
f 689/501/501 705/499/499 706/503/503
f 688/504/504 689/501/501 706/503/503
f 496/502/502 509/497/497 510/505/505
f 495/506/506 496/502/502 510/505/505
f 687/507/507 688/504/504 706/503/503
f 494/508/508 495/506/506 510/505/505
f 687/507/507 706/503/503 707/509/509
f 686/510/510 687/507/507 707/509/509
f 494/508/508 510/505/505 511/511/511
f 493/512/512 494/508/508 511/511/511
f 685/513/513 686/510/510 707/509/509
f 685/513/513 707/509/509 708/514/514
f 492/515/515 493/512/512 511/511/511
f 684/516/516 685/513/513 708/514/514
f 491/517/517 492/515/515 511/511/511
f 491/517/517 511/511/511 512/518/518
f 683/519/519 684/516/516 708/514/514
f 490/520/520 491/517/517 512/518/518
f 683/519/519 708/514/514 709/521/521
f 682/522/522 683/519/519 709/521/521
f 489/523/523 490/520/520 512/518/518
f 681/524/524 682/522/522 709/521/521
f 488/525/525 489/523/523 512/518/518
f 680/526/526 681/524/524 709/521/521
f 679/527/527 680/526/526 709/521/521
f 679/527/527 709/521/521 710/528/528
f 487/529/529 488/525/525 512/518/518
f 487/529/529 512/518/518 513/530/530
f 678/531/531 679/527/527 710/528/528
f 677/532/532 678/531/531 710/528/528
f 486/533/533 487/529/529 513/530/530
f 676/534/534 677/532/532 710/528/528
f 675/535/535 676/534/534 710/528/528
f 674/536/536 675/535/535 710/528/528
f 485/537/537 486/533/533 513/530/530
f 673/538/538 674/536/536 710/528/528
f 672/539/539 673/538/538 710/528/528
f 671/540/540 672/539/539 710/528/528
f 671/540/540 710/528/528 711/541/541
f 670/542/542 671/540/540 711/541/541
f 484/543/543 485/537/537 513/530/530
f 669/544/544 670/542/542 711/541/541
f 668/545/545 669/544/544 711/541/541
f 667/546/546 668/545/545 711/541/541
f 484/543/543 513/530/530 514/547/547
f 666/548/548 667/546/546 711/541/541
f 483/549/549 484/543/543 514/547/547
f 665/550/550 666/548/548 711/541/541
f 664/551/551 665/550/550 711/541/541
f 663/552/552 664/551/551 711/541/541
f 662/553/553 663/552/552 711/541/541
f 482/554/554 483/549/549 514/547/547
f 662/553/553 711/541/541 712/555/555
f 661/556/556 662/553/553 712/555/555
f 660/557/557 661/556/556 712/555/555
f 481/558/558 482/554/554 514/547/547
f 659/559/559 660/557/557 712/555/555
f 658/560/560 659/559/559 712/555/555
f 657/561/561 658/560/560 712/555/555
f 480/562/562 481/558/558 514/547/547
f 656/563/563 657/561/561 712/555/555
f 480/562/562 514/547/547 515/564/564
f 655/565/565 656/563/563 712/555/555
f 654/566/566 655/565/565 712/555/555
f 654/566/566 712/555/555 713/567/567
f 653/568/568 654/566/566 713/567/567
f 652/569/569 653/568/568 713/567/567
f 651/471/471 652/569/569 713/567/567
f 553/455/455 651/471/471 713/567/567
f 479/570/570 480/562/562 515/564/564
f 553/455/455 713/567/567 714/571/571
f 552/572/572 553/455/455 714/571/571
f 551/573/573 552/572/572 714/571/571
f 550/574/574 551/573/573 714/571/571
f 479/570/570 515/564/564 516/575/575
f 549/576/576 550/574/574 714/571/571
f 548/577/577 549/576/576 714/571/571
f 547/578/578 548/577/577 714/571/571
f 546/579/579 547/578/578 714/571/571
f 545/580/580 546/579/579 714/571/571
f 544/581/581 545/580/580 714/571/571
f 478/582/582 479/570/570 516/575/575
f 544/581/581 714/571/571 715/583/583
f 543/584/584 544/581/581 715/583/583
f 542/585/585 543/584/584 715/583/583
f 541/586/586 542/585/585 715/583/583
f 540/587/587 541/586/586 715/583/583
f 539/588/588 540/587/587 715/583/583
f 538/589/589 539/588/588 715/583/583
f 537/590/590 538/589/589 715/583/583
f 537/590/590 715/583/583 716/591/591
f 478/582/582 516/575/575 517/592/592
f 536/593/593 537/590/590 716/591/591
f 535/594/594 536/593/593 716/591/591
f 477/595/595 478/582/582 517/592/592
f 534/596/596 535/594/594 716/591/591
f 533/597/597 534/596/596 716/591/591
f 532/598/598 533/597/597 716/591/591
f 531/599/599 532/598/598 716/591/591
f 530/600/600 531/599/599 716/591/591
f 529/601/601 530/600/600 716/591/591
f 529/601/601 716/591/591 717/602/602
f 528/603/603 529/601/601 717/602/602
f 527/604/604 528/603/603 717/602/602
f 526/605/605 527/604/604 717/602/602
f 525/606/606 526/605/605 717/602/602
f 524/607/607 525/606/606 717/602/602
f 523/608/608 524/607/607 717/602/602
f 522/609/609 523/608/608 717/602/602
f 521/610/610 522/609/609 717/602/602
f 476/611/611 477/595/595 517/592/592
f 520/612/612 521/610/610 717/602/602
f 519/613/613 520/612/612 717/602/602
f 518/614/614 519/613/613 717/602/602
f 517/592/592 518/614/614 717/602/602
f 517/592/592 717/602/602 718/615/615
f 476/611/611 517/592/592 718/615/615
f 476/611/611 718/615/615 719/616/616
f 475/617/617 476/611/611 719/616/616
f 475/617/617 719/616/616 720/618/618
f 474/619/619 475/617/617 720/618/618
f 474/619/619 720/618/618 721/620/620
f 474/619/619 721/620/620 855/621/621
f 855/621/621 721/620/620 854/622/622
f 854/622/622 721/620/620 722/623/623
f 474/619/619 855/621/621 856/624/624
f 853/625/625 854/622/622 722/623/623
f 474/619/619 856/624/624 857/626/626
f 852/627/627 853/625/625 722/623/623
f 474/619/619 857/626/626 858/628/628
f 851/629/629 852/627/627 722/623/623
f 474/619/619 858/628/628 859/630/630
f 850/631/631 851/629/629 722/623/623
f 474/619/619 859/630/630 860/632/632
f 849/633/633 850/631/631 722/623/623
f 474/619/619 860/632/632 861/634/634
f 848/635/635 849/633/633 722/623/623
f 473/636/636 474/619/619 861/634/634
f 473/636/636 861/634/634 862/637/637
f 847/638/638 848/635/635 722/623/623
f 846/639/639 847/638/638 722/623/623
f 473/636/636 862/637/637 863/640/640
f 846/639/639 722/623/623 723/641/641
f 845/642/642 846/639/639 723/641/641
f 473/636/636 863/640/640 864/643/643
f 844/644/644 845/642/642 723/641/641
f 473/636/636 864/643/643 865/645/645
f 843/646/646 844/644/644 723/641/641
f 473/636/636 865/645/645 866/647/647
f 842/648/648 843/646/646 723/641/641
f 842/648/648 723/641/641 724/649/649
f 841/650/650 842/648/648 724/649/649
f 473/636/636 866/647/647 867/651/651
f 840/652/652 841/650/650 724/649/649
f 839/653/653 840/652/652 724/649/649
f 838/654/654 839/653/653 724/649/649
f 473/636/636 867/651/651 868/655/655
f 837/656/656 838/654/654 724/649/649
f 472/657/657 473/636/636 868/655/655
f 837/656/656 724/649/649 725/658/658
f 836/659/659 837/656/656 725/658/658
f 835/660/660 836/659/659 725/658/658
f 472/657/657 868/655/655 869/661/661
f 834/662/662 835/660/660 725/658/658
f 833/663/663 834/662/662 725/658/658
f 472/657/657 869/661/661 870/664/664
f 833/663/663 725/658/658 726/665/665
f 832/666/666 833/663/663 726/665/665
f 831/667/667 832/666/666 726/665/665
f 472/657/657 870/664/664 871/668/668
f 830/669/669 831/667/667 726/665/665
f 830/669/669 726/665/665 727/670/670
f 472/657/657 871/668/668 872/671/671
f 471/672/672 472/657/657 872/671/671
f 471/672/672 872/671/671 873/673/673
f 830/669/669 727/670/670 728/674/674
f 471/672/672 873/673/673 874/675/675
f 830/669/669 728/674/674 729/676/676
f 471/672/672 874/675/675 875/677/677
f 830/669/669 729/676/676 730/678/678
f 830/669/669 730/678/678 731/679/679
f 471/672/672 875/677/677 876/680/680
f 470/681/681 471/672/672 876/680/680
f 830/669/669 731/679/679 732/682/682
f 470/681/681 876/680/680 877/683/683
f 830/669/669 732/682/682 733/684/684
f 830/669/669 733/684/684 734/685/685
f 470/681/681 877/683/683 878/181/686
f 830/669/669 734/685/685 735/686/687
f 830/669/669 735/686/687 736/687/688
f 470/681/681 878/181/686 373/178/689
f 830/669/669 736/687/688 737/688/690
f 469/689/691 470/681/681 373/178/689
f 830/669/669 737/688/690 738/690/692
f 469/689/691 373/178/689 374/691/693
f 830/669/669 738/690/692 739/692/694
f 829/693/695 830/669/669 739/692/694
f 829/693/695 739/692/694 740/694/696
f 829/693/695 740/694/696 741/695/697
f 829/693/695 741/695/697 742/696/698
f 468/697/699 469/689/691 374/691/693
f 829/693/695 742/696/698 743/698/700
f 829/693/695 743/698/700 744/699/701
f 468/697/699 374/691/693 375/700/702
f 829/693/695 744/699/701 745/701/703
f 829/693/695 745/701/703 746/702/704
f 829/693/695 746/702/704 747/703/705
f 829/693/695 747/703/705 748/704/706
f 468/697/699 375/700/702 376/705/707
f 828/706/708 829/693/695 748/704/706
f 467/707/709 468/697/699 376/705/707
f 467/707/709 376/705/707 377/708/710
f 466/709/711 467/707/709 377/708/710
f 827/710/712 828/706/708 748/704/706
f 466/709/711 377/708/710 378/711/713
f 827/710/712 748/704/706 749/712/714
f 465/713/715 466/709/711 378/711/713
f 465/713/715 378/711/713 379/714/716
f 826/715/717 827/710/712 749/712/714
f 464/716/718 465/713/715 379/714/716
f 464/716/718 379/714/716 380/717/719
f 826/715/717 749/712/714 750/718/720
f 463/719/721 464/716/718 380/717/719
f 463/719/721 380/717/719 381/720/722
f 825/721/723 826/715/717 750/718/720
f 462/722/724 463/719/721 381/720/722
f 462/722/724 381/720/722 382/723/725
f 825/721/723 750/718/720 751/724/726
f 461/725/727 462/722/724 382/723/725
f 824/726/728 825/721/723 751/724/726
f 461/725/727 382/723/725 383/727/729
f 460/728/730 461/725/727 383/727/729
f 823/729/731 824/726/728 751/724/726
f 459/730/732 460/728/730 383/727/729
f 459/730/732 383/727/729 384/731/733
f 823/729/731 751/724/726 752/732/734
f 458/733/735 459/730/732 384/731/733
f 458/733/735 384/731/733 385/734/736
f 822/735/737 823/729/731 752/732/734
f 457/736/738 458/733/735 385/734/736
f 822/735/737 752/732/734 753/737/739
f 456/738/740 457/736/738 385/734/736
f 456/738/740 385/734/736 386/739/741
f 455/740/742 456/738/740 386/739/741
f 454/741/743 455/740/742 386/739/741
f 821/742/744 822/735/737 753/737/739
f 454/741/743 386/739/741 387/743/745
f 453/744/746 454/741/743 387/743/745
f 452/745/747 453/744/746 387/743/745
f 452/745/747 387/743/745 388/746/748
f 821/742/744 753/737/739 754/747/749
f 451/748/750 452/745/747 388/746/748
f 450/749/751 451/748/750 388/746/748
f 450/749/751 388/746/748 389/750/752
f 449/751/753 450/749/751 389/750/752
f 448/752/754 449/751/753 389/750/752
f 447/753/755 448/752/754 389/750/752
f 820/754/756 821/742/744 754/747/749
f 447/753/755 389/750/752 390/755/757
f 446/756/758 447/753/755 390/755/757
f 445/757/759 446/756/758 390/755/757
f 444/758/760 445/757/759 390/755/757
f 443/759/761 444/758/760 390/755/757
f 442/760/762 443/759/761 390/755/757
f 442/760/762 390/755/757 391/761/763
f 441/762/764 442/760/762 391/761/763
f 440/763/765 441/762/764 391/761/763
f 439/764/766 440/763/765 391/761/763
f 438/765/767 439/764/766 391/761/763
f 438/765/767 391/761/763 392/766/768
f 820/754/756 754/747/749 755/767/769
f 437/768/770 438/765/767 392/766/768
f 436/769/771 437/768/770 392/766/768
f 435/770/772 436/769/771 392/766/768
f 434/771/773 435/770/772 392/766/768
f 434/771/773 392/766/768 393/772/774
f 433/773/775 434/771/773 393/772/774
f 432/774/776 433/773/775 393/772/774
f 819/775/777 820/754/756 755/767/769
f 432/774/776 393/772/774 394/776/778
f 431/777/779 432/774/776 394/776/778
f 430/778/780 431/777/779 394/776/778
f 430/778/780 394/776/778 395/779/781
f 429/780/782 430/778/780 395/779/781
f 428/781/783 429/780/782 395/779/781
f 428/781/783 395/779/781 396/782/784
f 427/783/785 428/781/783 396/782/784
f 819/775/777 755/767/769 756/784/786
f 427/783/785 396/782/784 397/785/787
f 426/786/788 427/783/785 397/785/787
f 426/786/788 397/785/787 398/787/789
f 425/788/790 426/786/788 398/787/789
f 424/789/791 425/788/790 398/787/789
f 818/790/792 819/775/777 756/784/786
f 424/789/791 398/787/789 399/791/793
f 423/792/794 424/789/791 399/791/793
f 422/793/795 423/792/794 399/791/793
f 422/793/795 399/791/793 400/794/796
f 421/795/797 422/793/795 400/794/796
f 421/795/797 400/794/796 401/796/798
f 420/797/799 421/795/797 401/796/798
f 419/798/800 420/797/799 401/796/798
f 818/790/792 756/784/786 757/799/801
f 419/798/800 401/796/798 402/800/802
f 418/801/803 419/798/800 402/800/802
f 418/801/803 402/800/802 403/802/804
f 417/803/805 418/801/803 403/802/804
f 417/803/805 403/802/804 404/804/806
f 416/805/807 417/803/805 404/804/806
f 415/806/808 416/805/807 404/804/806
f 415/806/808 404/804/806 405/807/809
f 414/808/810 415/806/808 405/807/809
f 414/808/810 405/807/809 406/809/811
f 413/810/812 414/808/810 406/809/811
f 413/810/812 406/809/811 407/811/813
f 412/812/814 413/810/812 407/811/813
f 411/813/815 412/812/814 407/811/813
f 411/813/815 407/811/813 408/814/816
f 410/815/817 411/813/815 408/814/816
f 410/815/817 408/814/816 409/816/818
f 817/817/819 818/790/792 757/799/801
f 817/817/819 757/799/801 758/818/820
f 817/817/819 758/818/820 759/819/821
f 816/820/822 817/817/819 759/819/821
f 816/820/822 759/819/821 760/821/823
f 815/822/824 816/820/822 760/821/823
f 815/822/824 760/821/823 761/823/825
f 814/824/826 815/822/824 761/823/825
f 814/824/826 761/823/825 762/825/827
f 813/826/828 814/824/826 762/825/827
f 813/826/828 762/825/827 763/827/829
f 812/828/830 813/826/828 763/827/829
f 812/828/830 763/827/829 764/829/831
f 812/828/830 764/829/831 765/830/832
f 811/831/833 812/828/830 765/830/832
f 811/831/833 765/830/832 766/832/834
f 810/833/835 811/831/833 766/832/834
f 810/833/835 766/832/834 767/834/836
f 809/835/837 810/833/835 767/834/836
f 809/835/837 767/834/836 768/836/838
f 808/837/839 809/835/837 768/836/838
f 808/837/839 768/836/838 769/838/840
f 807/839/841 808/837/839 769/838/840
f 807/839/841 769/838/840 770/840/842
f 806/841/843 807/839/841 770/840/842
f 805/842/844 806/841/843 770/840/842
f 804/843/845 805/842/844 770/840/842
f 803/844/846 804/843/845 770/840/842
f 803/844/846 770/840/842 771/845/847
f 802/846/848 803/844/846 771/845/847
f 801/847/849 802/846/848 771/845/847
f 800/848/850 801/847/849 771/845/847
f 799/849/851 800/848/850 771/845/847
f 798/850/852 799/849/851 771/845/847
f 797/851/853 798/850/852 771/845/847
f 796/852/854 797/851/853 771/845/847
f 795/853/855 796/852/854 771/845/847
f 794/854/856 795/853/855 771/845/847
f 793/855/857 794/854/856 771/845/847
f 792/856/858 793/855/857 771/845/847
f 792/856/858 771/845/847 772/857/859
f 791/858/860 792/856/858 772/857/859
f 791/858/860 772/857/859 773/859/861
f 790/860/862 791/858/860 773/859/861
f 790/860/862 773/859/861 774/861/863
f 790/860/862 774/861/863 775/862/864
f 789/863/865 790/860/862 775/862/864
f 789/863/865 775/862/864 776/864/866
f 788/865/867 789/863/865 776/864/866
f 788/865/867 776/864/866 777/866/868
f 787/867/869 788/865/867 777/866/868
f 787/867/869 777/866/868 778/868/870
f 786/869/871 787/867/869 778/868/870
f 786/869/871 778/868/870 779/870/872
f 786/869/871 779/870/872 780/871/873
f 785/872/874 786/869/871 780/871/873
f 785/872/874 780/871/873 781/873/875
f 784/874/876 785/872/874 781/873/875
f 784/874/876 781/873/875 782/875/877
f 783/876/878 784/874/876 782/875/877
f 1286/877/879 1287/878/880 1288/879/881
f 1285/880/882 1286/877/879 1288/879/881
f 1285/880/882 1288/879/881 1289/881/883
f 1284/882/884 1285/880/882 1289/881/883
f 1284/882/884 1289/881/883 1290/883/885
f 1283/884/886 1284/882/884 1290/883/885
f 1202/885/887 1203/886/888 1204/887/889
f 1202/885/887 1204/887/889 1205/888/890
f 1201/889/891 1202/885/887 1205/888/890
f 1283/884/886 1290/883/885 1291/890/892
f 1201/889/891 1205/888/890 1206/891/893
f 1200/892/894 1201/889/891 1206/891/893
f 1282/893/895 1283/884/886 1291/890/892
f 1200/892/894 1206/891/893 1207/894/896
f 1199/895/897 1200/892/894 1207/894/896
f 1199/895/897 1207/894/896 1208/896/898
f 1282/893/895 1291/890/892 1292/897/899
f 1281/898/900 1282/893/895 1292/897/899
f 1198/899/901 1199/895/897 1208/896/898
f 1198/899/901 1208/896/898 1209/900/902
f 1280/901/903 1281/898/900 1292/897/899
f 1197/902/904 1198/899/901 1209/900/902
f 1197/902/904 1209/900/902 1210/903/905
f 1280/901/903 1292/897/899 1293/904/906
f 1196/905/907 1197/902/904 1210/903/905
f 1196/905/907 1210/903/905 1211/906/908
f 1279/907/909 1280/901/903 1293/904/906
f 1279/907/909 1293/904/906 1294/908/910
f 1196/905/907 1211/906/908 1212/909/911
f 1195/910/912 1196/905/907 1212/909/911
f 1278/911/913 1279/907/909 1294/908/910
f 1195/910/912 1212/909/911 1213/912/914
f 1194/913/915 1195/910/912 1213/912/914
f 1278/911/913 1294/908/910 1295/914/916
f 1277/915/917 1278/911/913 1295/914/916
f 1194/913/915 1213/912/914 1214/916/918
f 1193/917/919 1194/913/915 1214/916/918
f 1277/915/917 1295/914/916 1296/918/920
f 1276/919/921 1277/915/917 1296/918/920
f 1193/917/919 1214/916/918 1215/920/922
f 1192/921/923 1193/917/919 1215/920/922
f 1192/921/923 1215/920/922 1216/922/924
f 1275/923/925 1276/919/921 1296/918/920
f 1275/923/925 1296/918/920 1297/924/926
f 1191/925/927 1192/921/923 1216/922/924
f 1274/926/928 1275/923/925 1297/924/926
f 1190/927/929 1191/925/927 1216/922/924
f 1274/926/928 1297/924/926 1298/928/930
f 1273/929/931 1274/926/928 1298/928/930
f 1272/930/932 1273/929/931 1298/928/930
f 1190/927/929 1216/922/924 1217/931/933
f 1271/932/934 1272/930/932 1298/928/930
f 1271/932/934 1298/928/930 1299/933/935
f 1270/934/936 1271/932/934 1299/933/935
f 1269/935/937 1270/934/936 1299/933/935
f 1189/936/938 1190/927/929 1217/931/933
f 1268/937/939 1269/935/937 1299/933/935
f 1268/937/939 1299/933/935 1300/938/940
f 1189/936/938 1217/931/933 1218/939/941
f 1267/940/942 1268/937/939 1300/938/940
f 1266/941/943 1267/940/942 1300/938/940
f 1265/942/944 1266/941/943 1300/938/940
f 1264/943/945 1265/942/944 1300/938/940
f 1263/944/946 1264/943/945 1300/938/940
f 1263/944/946 1300/938/940 1301/945/947
f 1262/946/948 1263/944/946 1301/945/947
f 1261/947/949 1262/946/948 1301/945/947
f 1260/948/950 1261/947/949 1301/945/947
f 1259/949/951 1260/948/950 1301/945/947
f 1258/950/952 1259/949/951 1301/945/947
f 1189/936/938 1218/939/941 1219/951/953
f 1257/952/954 1258/950/952 1301/945/947
f 1188/953/955 1189/936/938 1219/951/953
f 1256/954/956 1257/952/954 1301/945/947
f 1255/955/957 1256/954/956 1301/945/947
f 1254/956/958 1255/955/957 1301/945/947
f 1253/957/959 1254/956/958 1301/945/947
f 1253/957/959 1301/945/947 1302/958/960
f 1252/959/961 1253/957/959 1302/958/960
f 1251/960/962 1252/959/961 1302/958/960
f 1250/961/963 1251/960/962 1302/958/960
f 1188/953/955 1219/951/953 1220/962/964
f 1249/963/965 1250/961/963 1302/958/960
f 1248/964/966 1249/963/965 1302/958/960
f 1248/964/966 1302/958/960 1303/965/967
f 1247/966/968 1248/964/966 1303/965/967
f 1246/967/969 1247/966/968 1303/965/967
f 1187/968/970 1188/953/955 1220/962/964
f 1245/969/971 1246/967/969 1303/965/967
f 1244/970/972 1245/969/971 1303/965/967
f 1187/968/970 1220/962/964 1221/971/973
f 1243/972/974 1244/970/972 1303/965/967
f 1242/973/975 1243/972/974 1303/965/967
f 1242/973/975 1303/965/967 1304/974/976
f 1241/975/977 1242/973/975 1304/974/976
f 1240/976/978 1241/975/977 1304/974/976
f 1239/977/979 1240/976/978 1304/974/976
f 1238/978/980 1239/977/979 1304/974/976
f 1187/968/970 1221/971/973 1222/979/981
f 1237/980/982 1238/978/980 1304/974/976
f 1237/980/982 1304/974/976 1305/981/983
f 1186/982/984 1187/968/970 1222/979/981
f 1236/983/985 1237/980/982 1305/981/983
f 1186/982/984 1222/979/981 1223/984/986
f 1235/985/987 1236/983/985 1305/981/983
f 1235/985/987 1305/981/983 1306/986/988
f 1234/987/989 1235/985/987 1306/986/988
f 1186/982/984 1223/984/986 1224/988/990
f 1233/989/991 1234/987/989 1306/986/988
f 1232/990/992 1233/989/991 1306/986/988
f 1186/982/984 1224/988/990 1225/991/993
f 1231/992/994 1232/990/992 1306/986/988
f 1231/992/994 1306/986/988 1307/993/995
f 1185/994/996 1186/982/984 1225/991/993
f 1230/995/997 1231/992/994 1307/993/995
f 1185/994/996 1225/991/993 1226/996/998
f 1229/997/999 1230/995/997 1307/993/995
f 1228/998/1000 1229/997/999 1307/993/995
f 1185/994/996 1226/996/998 1227/999/1001
f 1227/999/1001 1228/998/1000 1307/993/995
f 1185/994/996 1227/999/1001 1307/993/995
f 1185/994/996 1307/993/995 1308/1000/1002
f 1184/1001/1003 1185/994/996 1308/1000/1002
f 1184/1001/1003 1308/1000/1002 1309/1002/1004
f 1184/1001/1003 1309/1002/1004 1310/1003/1005
f 1183/1004/1006 1184/1001/1003 1310/1003/1005
f 1183/1004/1006 1310/1003/1005 1311/1005/1007
f 1183/1004/1006 1311/1005/1007 1312/1006/1008
f 1183/1004/1006 1312/1006/1008 1313/1007/1009
f 1182/1008/1010 1183/1004/1006 1313/1007/1009
f 1182/1008/1010 1313/1007/1009 1314/1009/1011
f 1182/1008/1010 1314/1009/1011 1315/1010/1012
f 1181/1011/1013 1182/1008/1010 1315/1010/1012
f 1181/1011/1013 1315/1010/1012 1316/1012/1014
f 1181/1011/1013 1316/1012/1014 1131/1013/1015
f 1131/1013/1015 1316/1012/1014 1317/1014/1016
f 1181/1011/1013 1131/1013/1015 1132/1015/1017
f 1130/1016/1018 1131/1013/1015 1317/1014/1016
f 1130/1016/1018 1317/1014/1016 1318/1017/1019
f 1181/1011/1013 1132/1015/1017 1133/1018/1020
f 1180/1019/1021 1181/1011/1013 1133/1018/1020
f 1180/1019/1021 1133/1018/1020 1134/1020/1022
f 1180/1019/1021 1134/1020/1022 1135/1021/1023
f 1130/1016/1018 1318/1017/1019 1319/1022/1024
f 1180/1019/1021 1135/1021/1023 1136/1023/1025
f 1130/1016/1018 1319/1022/1024 1320/1024/1026
f 1180/1019/1021 1136/1023/1025 1137/1025/1027
f 1179/1026/1028 1180/1019/1021 1137/1025/1027
f 1179/1026/1028 1137/1025/1027 1138/1027/1029
f 1130/1016/1018 1320/1024/1026 1321/1028/1030
f 1179/1026/1028 1138/1027/1029 1139/1029/1031
f 1130/1016/1018 1321/1028/1030 1322/1030/1032
f 1179/1026/1028 1139/1029/1031 1140/1031/1033
f 1178/1032/1034 1179/1026/1028 1140/1031/1033
f 1130/1016/1018 1322/1030/1032 1323/1033/1035
f 1178/1032/1034 1140/1031/1033 1141/1034/1036
f 1130/1016/1018 1323/1033/1035 1324/1035/1037
f 1130/1016/1018 1324/1035/1037 1325/1036/1038
f 1178/1032/1034 1141/1034/1036 1142/1037/1039
f 1177/1038/1040 1178/1032/1034 1142/1037/1039
f 1130/1016/1018 1325/1036/1038 1326/1039/1041
f 1177/1038/1040 1142/1037/1039 1143/1040/1042
f 1130/1016/1018 1326/1039/1041 1327/1041/1043
f 1176/1042/1044 1177/1038/1040 1143/1040/1042
f 1130/1016/1018 1327/1041/1043 1328/1043/1045
f 1176/1042/1044 1143/1040/1042 1144/1044/1046
f 1176/1042/1044 1144/1044/1046 1145/1045/1047
f 1130/1016/1018 1328/1043/1045 1329/1046/1048
f 1176/1042/1044 1145/1045/1047 1146/1047/1049
f 1129/1048/1050 1130/1016/1018 1329/1046/1048
f 1175/1049/1051 1176/1042/1044 1146/1047/1049
f 1175/1049/1051 1146/1047/1049 1147/1050/1052
f 1129/1048/1050 1329/1046/1048 1330/1051/1053
f 1175/1049/1051 1147/1050/1052 1148/1052/1054
f 1175/1049/1051 1148/1052/1054 1149/1053/1055
f 1174/1054/1056 1175/1049/1051 1149/1053/1055
f 1129/1048/1050 1330/1051/1053 1331/1055/1057
f 1174/1054/1056 1149/1053/1055 1150/1056/1058
f 1174/1054/1056 1150/1056/1058 1151/1057/1059
f 1174/1054/1056 1151/1057/1059 1152/1058/1060
f 1129/1048/1050 1331/1055/1057 1332/1059/1061
f 1173/1060/1062 1174/1054/1056 1152/1058/1060
f 1173/1060/1062 1152/1058/1060 1153/1061/1063
f 1173/1060/1062 1153/1061/1063 1154/1062/1064
f 1173/1060/1062 1154/1062/1064 1155/1063/1065
f 1172/1064/1066 1173/1060/1062 1155/1063/1065
f 1129/1048/1050 1332/1059/1061 1333/1065/1067
f 1172/1064/1066 1155/1063/1065 1156/1066/1068
f 1172/1064/1066 1156/1066/1068 1157/1067/1069
f 1171/1068/1070 1172/1064/1066 1157/1067/1069
f 1171/1068/1070 1157/1067/1069 1158/1069/1071
f 1129/1048/1050 1333/1065/1067 1334/1070/1072
f 1171/1068/1070 1158/1069/1071 1159/1071/1073
f 1170/1072/1074 1171/1068/1070 1159/1071/1073
f 1170/1072/1074 1159/1071/1073 1160/1073/1075
f 1170/1072/1074 1160/1073/1075 1161/1074/1076
f 1169/1075/1077 1170/1072/1074 1161/1074/1076
f 1169/1075/1077 1161/1074/1076 1162/1076/1078
f 1169/1075/1077 1162/1076/1078 1163/1077/1079
f 1129/1048/1050 1334/1070/1072 1335/1078/1080
f 1168/1079/1081 1169/1075/1077 1163/1077/1079
f 1168/1079/1081 1163/1077/1079 1164/1080/1082
f 1168/1079/1081 1164/1080/1082 1165/1081/1083
f 1167/1082/1084 1168/1079/1081 1165/1081/1083
f 1167/1082/1084 1165/1081/1083 1166/1083/1085
f 1129/1048/1050 1335/1078/1080 1336/1084/1086
f 1128/1085/1087 1129/1048/1050 1336/1084/1086
f 1127/1086/1088 1128/1085/1087 1336/1084/1086
f 1127/1086/1088 1336/1084/1086 1337/1087/1089
f 1126/1088/1090 1127/1086/1088 1337/1087/1089
f 1126/1088/1090 1337/1087/1089 1338/1089/1091
f 1125/1090/1092 1126/1088/1090 1338/1089/1091
f 1125/1090/1092 1338/1089/1091 1339/1091/1093
f 1124/1092/1094 1125/1090/1092 1339/1091/1093
f 1124/1092/1094 1339/1091/1093 1340/1093/1095
f 1123/1094/1096 1124/1092/1094 1340/1093/1095
f 1123/1094/1096 1340/1093/1095 1341/1095/1097
f 1122/1096/1098 1123/1094/1096 1341/1095/1097
f 1122/1096/1098 1341/1095/1097 1342/1097/1099
f 1122/1096/1098 1342/1097/1099 1343/1098/1100
f 1121/1099/1101 1122/1096/1098 1343/1098/1100
f 1121/1099/1101 1343/1098/1100 1344/1100/1102
f 1120/1101/1103 1121/1099/1101 1344/1100/1102
f 1120/1101/1103 1344/1100/1102 1345/1102/1104
f 914/1103/1105 915/1104/1106 916/1105/1107
f 913/1106/1108 914/1103/1105 916/1105/1107
f 913/1106/1108 916/1105/1107 917/1107/1109
f 912/1108/1110 913/1106/1108 917/1107/1109
f 911/1109/1111 912/1108/1110 917/1107/1109
f 911/1109/1111 917/1107/1109 918/1110/1112
f 910/1111/1113 911/1109/1111 918/1110/1112
f 909/1112/1114 910/1111/1113 918/1110/1112
f 909/1112/1114 918/1110/1112 919/1113/1115
f 908/1114/1116 909/1112/1114 919/1113/1115
f 907/1115/1117 908/1114/1116 919/1113/1115
f 907/1115/1117 919/1113/1115 920/1116/1118
f 906/1117/1119 907/1115/1117 920/1116/1118
f 905/1118/1120 906/1117/1119 920/1116/1118
f 905/1118/1120 920/1116/1118 921/1119/1121
f 904/1120/1122 905/1118/1120 921/1119/1121
f 1120/1101/1103 1345/1102/1104 1346/181/1123
f 903/1121/1124 904/1120/1122 921/1119/1121
f 903/1121/1124 921/1119/1121 922/1122/1125
f 902/1123/1126 903/1121/1124 922/1122/1125
f 1119/1124/1127 1120/1101/1103 1346/181/1123
f 902/1123/1126 922/1122/1125 923/1125/1128
f 901/1126/1129 902/1123/1126 923/1125/1128
f 901/1126/1129 923/1125/1128 924/1127/1130
f 1058/1128/1131 1059/1129/1132 1060/1130/1133
f 1058/1128/1131 1060/1130/1133 1061/1131/1134
f 1057/1132/1135 1058/1128/1131 1061/1131/1134
f 1057/1132/1135 1061/1131/1134 1062/1133/1136
f 900/1134/1137 901/1126/1129 924/1127/1130
f 1057/1132/1135 1062/1133/1136 1063/1135/1138
f 1056/1136/1139 1057/1132/1135 1063/1135/1138
f 1056/1136/1139 1063/1135/1138 1064/1137/1140
f 1055/1138/1141 1056/1136/1139 1064/1137/1140
f 1055/1138/1141 1064/1137/1140 1065/1139/1142
f 899/1140/1143 900/1134/1137 924/1127/1130
f 899/1140/1143 924/1127/1130 925/1141/1144
f 1055/1138/1141 1065/1139/1142 1066/1142/1145
f 1054/1143/1146 1055/1138/1141 1066/1142/1145
f 1054/1143/1146 1066/1142/1145 1067/1144/1147
f 1053/1145/1148 1054/1143/1146 1067/1144/1147
f 898/1146/1149 899/1140/1143 925/1141/1144
f 1053/1145/1148 1067/1144/1147 1068/1147/1150
f 898/1146/1149 925/1141/1144 926/1148/1151
f 1053/1145/1148 1068/1147/1150 1069/1149/1152
f 897/1150/1153 898/1146/1149 926/1148/1151
f 1052/1151/1154 1053/1145/1148 1069/1149/1152
f 1052/1151/1154 1069/1149/1152 1070/1152/1155
f 896/1153/1156 897/1150/1153 926/1148/1151
f 1119/1124/1127 1346/181/1123 879/178/1157
f 1051/1154/1158 1052/1151/1154 1070/1152/1155
f 895/1155/1159 896/1153/1156 926/1148/1151
f 1051/1154/1158 1070/1152/1155 1071/1156/1160
f 895/1155/1159 926/1148/1151 927/1157/1161
f 894/1158/1162 895/1155/1159 927/1157/1161
f 1051/1154/1158 1071/1156/1160 1072/1159/1163
f 893/1160/1164 894/1158/1162 927/1157/1161
f 1050/1161/1165 1051/1154/1158 1072/1159/1163
f 892/1162/1166 893/1160/1164 927/1157/1161
f 891/1163/1167 892/1162/1166 927/1157/1161
f 890/1164/1168 891/1163/1167 927/1157/1161
f 889/1165/1169 890/1164/1168 927/1157/1161
f 889/1165/1169 927/1157/1161 928/1166/1170
f 888/1167/1171 889/1165/1169 928/1166/1170
f 887/1168/1172 888/1167/1171 928/1166/1170
f 886/1169/1173 887/1168/1172 928/1166/1170
f 1049/1170/1174 1050/1161/1165 1072/1159/1163
f 885/1171/1175 886/1169/1173 928/1166/1170
f 884/1172/1176 885/1171/1175 928/1166/1170
f 883/1173/1176 884/1172/1176 928/1166/1170
f 882/1174/1177 883/1173/1176 928/1166/1170
f 1048/1175/1178 1049/1170/1174 1072/1159/1163
f 882/1174/1177 928/1166/1170 929/1176/1179
f 881/1177/1177 882/1174/1177 929/1176/1179
f 880/1178/1177 881/1177/1177 929/1176/1179
f 1048/1175/1178 1072/1159/1163 1073/1179/1180
f 879/178/1157 880/1178/1177 929/1176/1179
f 1119/1124/1127 879/178/1157 929/1176/1179
f 1047/1180/1181 1048/1175/1178 1073/1179/1180
f 1119/1124/1127 929/1176/1179 930/1181/1182
f 1118/1182/1183 1119/1124/1127 930/1181/1182
f 1117/1183/1184 1118/1182/1183 930/1181/1182
f 1116/1184/1185 1117/1183/1184 930/1181/1182
f 1046/1185/1186 1047/1180/1181 1073/1179/1180
f 1115/1186/1187 1116/1184/1185 930/1181/1182
f 1046/1185/1186 1073/1179/1180 1074/1187/1188
f 1114/1188/1189 1115/1186/1187 930/1181/1182
f 1114/1188/1189 930/1181/1182 931/1189/1190
f 1113/1190/1191 1114/1188/1189 931/1189/1190
f 1112/1191/1192 1113/1190/1191 931/1189/1190
f 1111/1192/1192 1112/1191/1192 931/1189/1190
f 1110/1193/1193 1111/1192/1192 931/1189/1190
f 1045/1194/1194 1046/1185/1186 1074/1187/1188
f 1110/1193/1193 931/1189/1190 932/1195/1195
f 1045/1194/1194 1074/1187/1188 1075/1196/1196
f 1109/1197/1193 1110/1193/1193 932/1195/1195
f 1108/1198/1197 1109/1197/1193 932/1195/1195
f 1107/1199/1198 1108/1198/1197 932/1195/1195
f 1107/1199/1198 932/1195/1195 933/1200/1199
f 1044/1201/1200 1045/1194/1194 1075/1196/1196
f 1044/1201/1200 1075/1196/1196 1076/1202/1201
f 1106/1203/1202 1107/1199/1198 933/1200/1199
f 1105/1204/1203 1106/1203/1202 933/1200/1199
f 1105/1204/1203 933/1200/1199 934/1205/1204
f 1104/1206/1205 1105/1204/1203 934/1205/1204
f 1044/1201/1200 1076/1202/1201 1077/1207/1206
f 1103/1208/1207 1104/1206/1205 934/1205/1204
f 1043/1209/1208 1044/1201/1200 1077/1207/1206
f 1102/1210/1209 1103/1208/1207 934/1205/1204
f 1102/1210/1209 934/1205/1204 935/1211/1210
f 1101/1212/1211 1102/1210/1209 935/1211/1210
f 1043/1209/1208 1077/1207/1206 1078/1213/1212
f 1100/1214/1213 1101/1212/1211 935/1211/1210
f 1099/1215/1214 1100/1214/1213 935/1211/1210
f 1098/1216/1215 1099/1215/1214 935/1211/1210
f 1042/1217/1216 1043/1209/1208 1078/1213/1212
f 1098/1216/1215 935/1211/1210 936/1218/1217
f 1042/1217/1216 1078/1213/1212 1079/1219/1218
f 1097/1220/1219 1098/1216/1215 936/1218/1217
f 1096/1221/1220 1097/1220/1219 936/1218/1217
f 1095/1222/1221 1096/1221/1220 936/1218/1217
f 1042/1217/1216 1079/1219/1218 1080/1223/1222
f 1094/1224/1223 1095/1222/1221 936/1218/1217
f 1094/1224/1223 936/1218/1217 937/1225/1224
f 1093/1226/1225 1094/1224/1223 937/1225/1224
f 1092/1227/1226 1093/1226/1225 937/1225/1224
f 1042/1217/1216 1080/1223/1222 1081/1228/1227
f 1091/1229/1228 1092/1227/1226 937/1225/1224
f 1041/1230/1229 1042/1217/1216 1081/1228/1227
f 1090/1231/1230 1091/1229/1228 937/1225/1224
f 1089/1232/1231 1090/1231/1230 937/1225/1224
f 1041/1230/1229 1081/1228/1227 1082/1233/1232
f 1088/1234/1233 1089/1232/1231 937/1225/1224
f 1087/1235/1234 1088/1234/1233 937/1225/1224
f 1086/1236/1235 1087/1235/1234 937/1225/1224
f 1041/1230/1229 1082/1233/1232 1083/1237/1236
f 1085/1238/1237 1086/1236/1235 937/1225/1224
f 1084/1239/1238 1085/1238/1237 937/1225/1224
f 1083/1237/1236 1084/1239/1238 937/1225/1224
f 1041/1230/1229 1083/1237/1236 937/1225/1224
f 1041/1230/1229 937/1225/1224 938/1240/1239
f 1040/1241/1240 1041/1230/1229 938/1240/1239
f 1040/1241/1240 938/1240/1239 939/1242/1241
f 1040/1241/1240 939/1242/1241 940/1243/1242
f 1039/1244/1243 1040/1241/1240 940/1243/1242
f 1039/1244/1243 940/1243/1242 941/1245/1244
f 1039/1244/1243 941/1245/1244 942/1246/1245
f 1038/1247/1246 1039/1244/1243 942/1246/1245
f 1038/1247/1246 942/1246/1245 976/1248/1247
f 976/1248/1247 942/1246/1245 975/1249/1248
f 975/1249/1248 942/1246/1245 974/1250/1249
f 974/1250/1249 942/1246/1245 943/1251/1250
f 1038/1247/1246 976/1248/1247 977/1252/1251
f 973/1253/1252 974/1250/1249 943/1251/1250
f 1038/1247/1246 977/1252/1251 978/1254/1253
f 972/1255/1254 973/1253/1252 943/1251/1250
f 1038/1247/1246 978/1254/1253 979/1256/1255
f 971/1257/1256 972/1255/1254 943/1251/1250
f 1038/1247/1246 979/1256/1255 980/1258/1257
f 970/1259/1258 971/1257/1256 943/1251/1250
f 1038/1247/1246 980/1258/1257 981/1260/1259
f 1038/1247/1246 981/1260/1259 982/1261/1260
f 969/1262/1261 970/1259/1258 943/1251/1250
f 969/1262/1261 943/1251/1250 944/1263/1262
f 1038/1247/1246 982/1261/1260 983/1264/1263
f 968/1265/1264 969/1262/1261 944/1263/1262
f 1038/1247/1246 983/1264/1263 984/1266/1265
f 967/1267/1266 968/1265/1264 944/1263/1262
f 1038/1247/1246 984/1266/1265 985/1268/1267
f 1037/1269/1268 1038/1247/1246 985/1268/1267
f 966/1270/1269 967/1267/1266 944/1263/1262
f 1037/1269/1268 985/1268/1267 986/1271/1270
f 966/1270/1269 944/1263/1262 945/1272/1271
f 1037/1269/1268 986/1271/1270 987/1273/1272
f 965/1274/1273 966/1270/1269 945/1272/1271
f 1037/1269/1268 987/1273/1272 988/1275/1274
f 964/1276/1275 965/1274/1273 945/1272/1271
f 964/1276/1275 945/1272/1271 946/1277/1276
f 1037/1269/1268 988/1275/1274 989/1278/1277
f 963/1279/1278 964/1276/1275 946/1277/1276
f 1037/1269/1268 989/1278/1277 990/1280/1279
f 963/1279/1278 946/1277/1276 947/1281/1280
f 962/1282/1281 963/1279/1278 947/1281/1280
f 961/1283/1282 962/1282/1281 947/1281/1280
f 960/1284/1283 961/1283/1282 947/1281/1280
f 960/1284/1283 947/1281/1280 948/1285/1284
f 1037/1269/1268 990/1280/1279 991/1286/1285
f 959/1287/1286 960/1284/1283 948/1285/1284
f 958/1288/1287 959/1287/1286 948/1285/1284
f 1036/1289/1288 1037/1269/1268 991/1286/1285
f 958/1288/1287 948/1285/1284 949/1290/1289
f 957/1291/1290 958/1288/1287 949/1290/1289
f 956/1292/1291 957/1291/1290 949/1290/1289
f 955/1293/1292 956/1292/1291 949/1290/1289
f 955/1293/1292 949/1290/1289 950/1294/1293
f 1036/1289/1288 991/1286/1285 992/1295/1294
f 954/1296/1295 955/1293/1292 950/1294/1293
f 953/1297/1296 954/1296/1295 950/1294/1293
f 953/1297/1296 950/1294/1293 951/1298/1297
f 952/1299/1298 953/1297/1296 951/1298/1297
f 1036/1289/1288 992/1295/1294 993/1300/1299
f 1036/1289/1288 993/1300/1299 994/1301/1300
f 1035/1302/1301 1036/1289/1288 994/1301/1300
f 1035/1302/1301 994/1301/1300 995/1303/1302
f 1035/1302/1301 995/1303/1302 996/1304/1303
f 1034/1305/1304 1035/1302/1301 996/1304/1303
f 1034/1305/1304 996/1304/1303 997/1306/1305
f 1034/1305/1304 997/1306/1305 998/1307/1306
f 1033/1308/1307 1034/1305/1304 998/1307/1306
f 1033/1308/1307 998/1307/1306 999/1309/1308
f 1032/1310/1309 1033/1308/1307 999/1309/1308
f 1032/1310/1309 999/1309/1308 1000/1311/1310
f 1032/1310/1309 1000/1311/1310 1001/1312/1311
f 1032/1310/1309 1001/1312/1311 1002/1313/1312
f 1032/1310/1309 1002/1313/1312 1003/1314/1313
f 1031/1315/1314 1032/1310/1309 1003/1314/1313
f 1031/1315/1314 1003/1314/1313 1004/1316/1315
f 1031/1315/1314 1004/1316/1315 1005/1317/1316
f 1031/1315/1314 1005/1317/1316 1006/1318/1317
f 1031/1315/1314 1006/1318/1317 1007/1319/1318
f 1030/1320/1319 1031/1315/1314 1007/1319/1318
f 1030/1320/1319 1007/1319/1318 1008/1321/1320
f 1030/1320/1319 1008/1321/1320 1009/1322/1321
f 1029/1323/1322 1030/1320/1319 1009/1322/1321
f 1029/1323/1322 1009/1322/1321 1010/1324/1323
f 1029/1323/1322 1010/1324/1323 1011/1325/1324
f 1028/1326/1325 1029/1323/1322 1011/1325/1324
f 1028/1326/1325 1011/1325/1324 1012/1327/1326
f 1028/1326/1325 1012/1327/1326 1013/1328/1327
f 1027/1329/1328 1028/1326/1325 1013/1328/1327
f 1027/1329/1328 1013/1328/1327 1014/1330/1329
f 1027/1329/1328 1014/1330/1329 1015/1331/1330
f 1026/1332/1331 1027/1329/1328 1015/1331/1330
f 1026/1332/1331 1015/1331/1330 1016/1333/1332
f 1026/1332/1331 1016/1333/1332 1017/1334/1333
f 1025/1335/1334 1026/1332/1331 1017/1334/1333
f 1025/1335/1334 1017/1334/1333 1018/1336/1335
f 1025/1335/1334 1018/1336/1335 1019/1337/1336
f 1024/1338/1337 1025/1335/1334 1019/1337/1336
f 1024/1338/1337 1019/1337/1336 1020/1339/1338
f 1024/1338/1337 1020/1339/1338 1021/1340/1339
f 1023/1341/1340 1024/1338/1337 1021/1340/1339
f 1023/1341/1340 1021/1340/1339 1022/1342/1341
f 1850/1343/1342 1851/1344/1343 1852/1345/1344
f 1849/1346/1345 1850/1343/1342 1852/1345/1344
f 1849/1346/1345 1852/1345/1344 1853/1347/1346
f 1848/1348/1347 1849/1346/1345 1853/1347/1346
f 1848/1348/1347 1853/1347/1346 1854/1349/1348
f 1847/1350/1349 1848/1348/1347 1854/1349/1348
f 1847/1350/1349 1854/1349/1348 1855/1351/1350
f 1846/1352/1351 1847/1350/1349 1855/1351/1350
f 1846/1352/1351 1855/1351/1350 1856/1353/1352
f 1845/1354/1353 1846/1352/1351 1856/1353/1352
f 1844/1355/1354 1845/1354/1353 1856/1353/1352
f 1844/1355/1354 1856/1353/1352 1857/1356/1355
f 1843/1357/1356 1844/1355/1354 1857/1356/1355
f 1843/1357/1356 1857/1356/1355 1858/1358/1357
f 1842/1359/1358 1843/1357/1356 1858/1358/1357
f 1842/1359/1358 1858/1358/1357 1859/1360/1359
f 1841/1361/1360 1842/1359/1358 1859/1360/1359
f 1841/1361/1360 1859/1360/1359 1860/1362/1361
f 1840/1363/1362 1841/1361/1360 1860/1362/1361
f 1840/1363/1362 1860/1362/1361 1861/1364/1363
f 1839/1365/1364 1840/1363/1362 1861/1364/1363
f 1838/1366/1365 1839/1365/1364 1861/1364/1363
f 1838/1366/1365 1861/1364/1363 1862/1367/1366
f 1837/1368/1367 1838/1366/1365 1862/1367/1366
f 1837/1368/1367 1862/1367/1366 1863/1369/1368
f 1836/1370/1369 1837/1368/1367 1863/1369/1368
f 1835/1371/1370 1836/1370/1369 1863/1369/1368
f 1835/1371/1370 1863/1369/1368 1864/1372/1371
f 1834/1373/1372 1835/1371/1370 1864/1372/1371
f 1833/1374/1373 1834/1373/1372 1864/1372/1371
f 1833/1374/1373 1864/1372/1371 1865/1375/1374
f 1832/1376/1375 1833/1374/1373 1865/1375/1374
f 1831/1377/1376 1832/1376/1375 1865/1375/1374
f 1831/1377/1376 1865/1375/1374 1866/1378/1377
f 1830/1379/1378 1831/1377/1376 1866/1378/1377
f 1829/1380/1379 1830/1379/1378 1866/1378/1377
f 1829/1380/1379 1866/1378/1377 1867/1381/1380
f 1828/1382/1381 1829/1380/1379 1867/1381/1380
f 1827/1383/1382 1828/1382/1381 1867/1381/1380
f 1826/1384/1383 1827/1383/1382 1867/1381/1380
f 1826/1384/1383 1867/1381/1380 1868/1385/1384
f 1825/1386/1385 1826/1384/1383 1868/1385/1384
f 1824/1387/1386 1825/1386/1385 1868/1385/1384
f 1824/1387/1386 1868/1385/1384 1869/1388/1387
f 1823/1389/1388 1824/1387/1386 1869/1388/1387
f 1822/1390/1389 1823/1389/1388 1869/1388/1387
f 1821/1391/1390 1822/1390/1389 1869/1388/1387
f 1821/1391/1390 1869/1388/1387 1870/1392/1391
f 1820/1393/1392 1821/1391/1390 1870/1392/1391
f 1819/1394/1393 1820/1393/1392 1870/1392/1391
f 1818/1395/1394 1819/1394/1393 1870/1392/1391
f 1817/1396/1395 1818/1395/1394 1870/1392/1391
f 1816/1397/1396 1817/1396/1395 1870/1392/1391
f 1816/1397/1396 1870/1392/1391 1814/1398/1397
f 1814/1398/1397 1870/1392/1391 1871/1399/1398
f 1815/1400/1399 1816/1397/1396 1814/1398/1397
f 1813/1401/1400 1814/1398/1397 1871/1399/1398
f 1812/1402/1401 1813/1401/1400 1871/1399/1398
f 1811/1403/1402 1812/1402/1401 1871/1399/1398
f 1810/1404/1403 1811/1403/1402 1871/1399/1398
f 1809/1405/1404 1810/1404/1403 1871/1399/1398
f 1808/1406/1405 1809/1405/1404 1871/1399/1398
f 1807/1407/1406 1808/1406/1405 1871/1399/1398
f 1807/1407/1406 1871/1399/1398 1872/1408/1407
f 1806/1409/1408 1807/1407/1406 1872/1408/1407
f 1805/1410/1409 1806/1409/1408 1872/1408/1407
f 1804/1411/1410 1805/1410/1409 1872/1408/1407
f 1804/1411/1410 1872/1408/1407 1873/1412/1411
f 1803/1413/1412 1804/1411/1410 1873/1412/1411
f 1802/1414/1413 1803/1413/1412 1873/1412/1411
f 1802/1414/1413 1873/1412/1411 1874/1415/1414
f 1801/1416/1415 1802/1414/1413 1874/1415/1414
f 1800/1417/1416 1801/1416/1415 1874/1415/1414
f 1800/1417/1416 1874/1415/1414 1875/1418/1417
f 1799/1419/1418 1800/1417/1416 1875/1418/1417
f 1799/1419/1418 1875/1418/1417 1876/1420/1419
f 1798/1421/1420 1799/1419/1418 1876/1420/1419
f 1798/1421/1420 1876/1420/1419 1877/1422/1421
f 1798/1421/1420 1877/1422/1421 1878/1423/1422
f 1797/1424/1423 1798/1421/1420 1878/1423/1422
f 1797/1424/1423 1878/1423/1422 1879/1425/1424
f 1797/1424/1423 1879/1425/1424 1880/1426/1425
f 1796/1427/1426 1797/1424/1423 1880/1426/1425
f 1796/1427/1426 1880/1426/1425 1881/1428/1427
f 1796/1427/1426 1881/1428/1427 1882/1429/1428
f 1795/1430/1429 1796/1427/1426 1882/1429/1428
f 1795/1430/1429 1882/1429/1428 1883/1431/1430
f 1795/1430/1429 1883/1431/1430 1884/1432/1431
f 1794/1433/1432 1795/1430/1429 1884/1432/1431
f 1794/1433/1432 1884/1432/1431 1885/1434/1433
f 1794/1433/1432 1885/1434/1433 1886/1435/1434
f 1793/1436/1435 1794/1433/1432 1886/1435/1434
f 1793/1436/1435 1886/1435/1434 1887/1437/1436
f 1793/1436/1435 1887/1437/1436 1888/1438/1437
f 1793/1436/1435 1888/1438/1437 1889/1439/1438
f 1792/1440/1439 1793/1436/1435 1889/1439/1438
f 1792/1440/1439 1889/1439/1438 1890/1441/1440
f 1792/1440/1439 1890/1441/1440 1891/1442/1441
f 1791/1443/1442 1792/1440/1439 1891/1442/1441
f 1791/1443/1442 1891/1442/1441 1892/1444/1443
f 1791/1443/1442 1892/1444/1443 1893/1445/1444
f 1790/1446/1445 1791/1443/1442 1893/1445/1444
f 1790/1446/1445 1893/1445/1444 1894/1447/1446
f 1790/1446/1445 1894/1447/1446 1895/1448/1447
f 1790/1446/1445 1895/1448/1447 1896/1449/1448
f 1790/1446/1445 1896/1449/1448 1897/1450/1449
f 1790/1446/1445 1897/1450/1449 1898/1451/1450
f 1790/1446/1445 1898/1451/1450 1899/1452/1451
f 1789/1453/1452 1790/1446/1445 1899/1452/1451
f 1789/1453/1452 1899/1452/1451 1900/1454/1453
f 1789/1453/1452 1900/1454/1453 1901/1455/1454
f 1789/1453/1452 1901/1455/1454 1902/1456/1455
f 1788/1457/1456 1789/1453/1452 1902/1456/1455
f 1788/1457/1456 1902/1456/1455 1903/1458/1457
f 1788/1457/1456 1903/1458/1457 1904/1459/1458
f 1787/1460/1459 1788/1457/1456 1904/1459/1458
f 1787/1460/1459 1904/1459/1458 1905/1461/1460
f 1786/1462/1461 1787/1460/1459 1905/1461/1460
f 1786/1462/1461 1905/1461/1460 1906/1463/1462
f 1785/1464/1463 1786/1462/1461 1906/1463/1462
f 1785/1464/1463 1906/1463/1462 1907/1465/1464
f 1946/1466/1465 1947/1467/1466 1948/1468/1467
f 1946/1466/1465 1948/1468/1467 1949/1469/1468
f 1945/1470/1469 1946/1466/1465 1949/1469/1468
f 1945/1470/1469 1949/1469/1468 1950/1471/1470
f 1945/1470/1469 1950/1471/1470 1951/1472/1471
f 1944/1473/1472 1945/1470/1469 1951/1472/1471
f 1944/1473/1472 1951/1472/1471 1952/1474/1473
f 1943/1475/1474 1944/1473/1472 1952/1474/1473
f 1943/1475/1474 1952/1474/1473 1953/1476/1475
f 1943/1475/1474 1953/1476/1475 1954/1477/1476
f 1942/1478/1477 1943/1475/1474 1954/1477/1476
f 1942/1478/1477 1954/1477/1476 1955/1479/1478
f 1941/1480/1479 1942/1478/1477 1955/1479/1478
f 1941/1480/1479 1955/1479/1478 1956/1481/1480
f 1941/1480/1479 1956/1481/1480 1957/1482/1481
f 1940/1483/1482 1941/1480/1479 1957/1482/1481
f 1940/1483/1482 1957/1482/1481 1958/1484/1483
f 1940/1483/1482 1958/1484/1483 1959/1485/1484
f 1939/1486/1485 1940/1483/1482 1959/1485/1484
f 1939/1486/1485 1959/1485/1484 1960/1487/1486
f 1938/1488/1487 1939/1486/1485 1960/1487/1486
f 1938/1488/1487 1960/1487/1486 1961/1489/1488
f 1785/1464/1463 1907/1465/1464 1908/1490/1489
f 1937/1491/1490 1938/1488/1487 1961/1489/1488
f 1784/1492/1491 1785/1464/1463 1908/1490/1489
f 1937/1491/1490 1961/1489/1488 1962/1493/1492
f 1936/1494/1493 1937/1491/1490 1962/1493/1492
f 1936/1494/1493 1962/1493/1492 1963/1495/1494
f 1935/1496/1495 1936/1494/1493 1963/1495/1494
f 1935/1496/1495 1963/1495/1494 1964/1497/1496
f 1934/1498/1497 1935/1496/1495 1964/1497/1496
f 1934/1498/1497 1964/1497/1496 1965/1499/1498
f 1933/1500/1499 1934/1498/1497 1965/1499/1498
f 1933/1500/1499 1965/1499/1498 1966/1501/1500
f 1932/1502/1501 1933/1500/1499 1966/1501/1500
f 1931/1503/1502 1932/1502/1501 1966/1501/1500
f 1931/1503/1502 1966/1501/1500 1967/1504/1503
f 1930/1505/1504 1931/1503/1502 1967/1504/1503
f 1784/1492/1491 1908/1490/1489 1909/1506/1505
f 1783/1507/1506 1784/1492/1491 1909/1506/1505
f 1929/1508/1507 1930/1505/1504 1967/1504/1503
f 1929/1508/1507 1967/1504/1503 1968/1509/1508
f 1928/1510/1509 1929/1508/1507 1968/1509/1508
f 1927/1511/1510 1928/1510/1509 1968/1509/1508
f 1927/1511/1510 1968/1509/1508 1969/1512/1511
f 1926/1513/1512 1927/1511/1510 1969/1512/1511
f 1925/1514/1513 1926/1513/1512 1969/1512/1511
f 1924/1515/1514 1925/1514/1513 1969/1512/1511
f 1924/1515/1514 1969/1512/1511 1970/1516/1515
f 1923/1517/1516 1924/1515/1514 1970/1516/1515
f 1922/1518/1517 1923/1517/1516 1970/1516/1515
f 1922/1518/1517 1970/1516/1515 1971/1519/1518
f 1782/1520/1519 1783/1507/1506 1909/1506/1505
f 1921/1521/1520 1922/1518/1517 1971/1519/1518
f 1921/1521/1520 1971/1519/1518 1972/1522/1521
f 1782/1520/1519 1909/1506/1505 1910/1523/1522
f 1921/1521/1520 1972/1522/1521 1973/1524/1523
f 1920/1525/1524 1921/1521/1520 1973/1524/1523
f 1920/1525/1524 1973/1524/1523 1974/1526/1525
f 1919/1527/1526 1920/1525/1524 1974/1526/1525
f 1919/1527/1526 1974/1526/1525 1975/1528/1527
f 1781/1529/1528 1782/1520/1519 1910/1523/1522
f 1919/1527/1526 1975/1528/1527 1976/1530/1529
f 1918/1531/1530 1919/1527/1526 1976/1530/1529
f 1918/1531/1530 1976/1530/1529 1977/1532/1531
f 1917/1533/1532 1918/1531/1530 1977/1532/1531
f 1917/1533/1532 1977/1532/1531 1978/1534/1533
f 1781/1529/1528 1910/1523/1522 1911/1535/1534
f 1917/1533/1532 1978/1534/1533 1979/1536/1535
f 1916/1537/1536 1917/1533/1532 1979/1536/1535
f 1916/1537/1536 1979/1536/1535 1980/1538/1537
f 1916/1537/1536 1980/1538/1537 1981/1539/1538
f 1915/1540/1539 1916/1537/1536 1981/1539/1538
f 1915/1540/1539 1981/1539/1538 1982/1541/1540
f 1780/1542/1541 1781/1529/1528 1911/1535/1534
f 1915/1540/1539 1982/1541/1540 1983/1543/1542
f 1915/1540/1539 1983/1543/1542 1984/1544/1543
f 1914/1545/1544 1915/1540/1539 1984/1544/1543
f 1914/1545/1544 1984/1544/1543 1985/1546/1545
f 1914/1545/1544 1985/1546/1545 1986/1547/1546
f 1914/1545/1544 1986/1547/1546 1987/1548/1547
f 1914/1545/1544 1987/1548/1547 1988/1549/1548
f 1913/1550/1549 1914/1545/1544 1988/1549/1548
f 1913/1550/1549 1988/1549/1548 1989/1551/1550
f 1913/1550/1549 1989/1551/1550 1990/1552/1551
f 1912/1553/1552 1913/1550/1549 1990/1552/1551
f 1912/1553/1552 1990/1552/1551 1991/1554/1553
f 1911/1535/1534 1912/1553/1552 1991/1554/1553
f 1911/1535/1534 1991/1554/1553 1992/1555/1554
f 1780/1542/1541 1911/1535/1534 1992/1555/1554
f 1780/1542/1541 1992/1555/1554 1993/1556/1555
f 1779/1557/1556 1780/1542/1541 1993/1556/1555
f 1779/1557/1556 1993/1556/1555 1994/1558/1557
f 1779/1557/1556 1994/1558/1557 1995/1559/1558
f 1779/1557/1556 1995/1559/1558 1996/1560/1559
f 1779/1557/1556 1996/1560/1559 1997/1561/1560
f 1779/1557/1556 1997/1561/1560 1998/1562/1561
f 1778/1563/1562 1779/1557/1556 1998/1562/1561
f 1778/1563/1562 1998/1562/1561 1999/1564/1563
f 1777/1565/1564 1778/1563/1562 1999/1564/1563
f 1777/1565/1564 1999/1564/1563 2000/1566/1565
f 1776/1567/1566 1777/1565/1564 2000/1566/1565
f 1776/1567/1566 2000/1566/1565 2001/1568/1567
f 1730/1569/1568 1731/1570/1569 1732/1571/1570
f 1730/1569/1568 1732/1571/1570 1733/1572/1571
f 1729/1573/1572 1730/1569/1568 1733/1572/1571
f 1729/1573/1572 1733/1572/1571 1734/1574/1573
f 1729/1573/1572 1734/1574/1573 1735/1575/1574
f 1728/1576/1575 1729/1573/1572 1735/1575/1574
f 1728/1576/1575 1735/1575/1574 1736/1577/1576
f 1775/1578/1577 1776/1567/1566 2001/1568/1567
f 1727/1579/1578 1728/1576/1575 1736/1577/1576
f 1727/1579/1578 1736/1577/1576 1737/1580/1579
f 1727/1579/1578 1737/1580/1579 1738/1581/1580
f 1726/1582/1581 1727/1579/1578 1738/1581/1580
f 1775/1578/1577 2001/1568/1567 2002/1583/1582
f 1726/1582/1581 1738/1581/1580 1739/1584/1583
f 1726/1582/1581 1739/1584/1583 1740/1585/1584
f 1725/1586/1585 1726/1582/1581 1740/1585/1584
f 1725/1586/1585 1740/1585/1584 1741/1587/1586
f 1774/1588/1587 1775/1578/1577 2002/1583/1582
f 1724/1589/1588 1725/1586/1585 1741/1587/1586
f 1724/1589/1588 1741/1587/1586 1742/1590/1589
f 1774/1588/1587 2002/1583/1582 2003/1591/1590
f 1724/1589/1588 1742/1590/1589 1743/1592/1591
f 1723/1593/1592 1724/1589/1588 1743/1592/1591
f 1773/1594/1593 1774/1588/1587 2003/1591/1590
f 1723/1593/1592 1743/1592/1591 1744/1595/1594
f 1722/1596/1595 1723/1593/1592 1744/1595/1594
f 1772/1597/1596 1773/1594/1593 2003/1591/1590
f 1772/1597/1596 2003/1591/1590 2004/1598/1597
f 1721/1599/1598 1722/1596/1595 1744/1595/1594
f 1721/1599/1598 1744/1595/1594 1745/1600/1599
f 1771/1601/1600 1772/1597/1596 2004/1598/1597
f 1720/1602/1601 1721/1599/1598 1745/1600/1599
f 1771/1601/1600 2004/1598/1597 2005/1603/1602
f 1770/1604/1603 1771/1601/1600 2005/1603/1602
f 1720/1602/1601 1745/1600/1599 1746/1605/1604
f 1719/1606/1605 1720/1602/1601 1746/1605/1604
f 1769/1607/1606 1770/1604/1603 2005/1603/1602
f 1718/1608/1607 1719/1606/1605 1746/1605/1604
f 1769/1607/1606 2005/1603/1602 2006/1609/1608
f 1718/1608/1607 1746/1605/1604 1747/1610/1609
f 1768/1611/1610 1769/1607/1606 2006/1609/1608
f 1717/1612/1611 1718/1608/1607 1747/1610/1609
f 1717/1612/1611 1747/1610/1609 1748/1613/1612
f 1767/1614/1613 1768/1611/1610 2006/1609/1608
f 1767/1614/1613 2006/1609/1608 2007/1615/1614
f 1716/1616/1615 1717/1612/1611 1748/1613/1612
f 1766/1617/1616 1767/1614/1613 2007/1615/1614
f 1716/1616/1615 1748/1613/1612 1749/1618/1617
f 1765/1619/1618 1766/1617/1616 2007/1615/1614
f 1716/1616/1615 1749/1618/1617 1750/1620/1619
f 1764/1621/1620 1765/1619/1618 2007/1615/1614
f 1715/1622/1621 1716/1616/1615 1750/1620/1619
f 1764/1621/1620 2007/1615/1614 2008/1623/1622
f 1763/1624/1623 1764/1621/1620 2008/1623/1622
f 1715/1622/1621 1750/1620/1619 1751/1625/1624
f 1762/1626/1625 1763/1624/1623 2008/1623/1622
f 1761/1627/1626 1762/1626/1625 2008/1623/1622
f 1715/1622/1621 1751/1625/1624 1752/1628/1627
f 1714/1629/1628 1715/1622/1621 1752/1628/1627
f 1760/1630/1629 1761/1627/1626 2008/1623/1622
f 1714/1629/1628 1752/1628/1627 1753/1631/1630
f 1759/1632/1631 1760/1630/1629 2008/1623/1622
f 1758/1633/1632 1759/1632/1631 2008/1623/1622
f 1714/1629/1628 1753/1631/1630 1754/1634/1633
f 1757/1635/1634 1758/1633/1632 2008/1623/1622
f 1756/1636/1635 1757/1635/1634 2008/1623/1622
f 1714/1629/1628 1754/1634/1633 1755/1637/1636
f 1755/1637/1636 1756/1636/1635 2008/1623/1622
f 1714/1629/1628 1755/1637/1636 2008/1623/1622
f 1714/1629/1628 2008/1623/1622 1659/1638/1637
f 1659/1638/1637 2008/1623/1622 2009/1639/1638
f 1713/1640/1639 1714/1629/1628 1659/1638/1637
f 1712/1641/1640 1713/1640/1639 1659/1638/1637
f 1712/1641/1640 1659/1638/1637 1660/1642/1641
f 1658/1643/1642 1659/1638/1637 2009/1639/1638
f 1658/1643/1642 2009/1639/1638 2010/1644/1643
f 1712/1641/1640 1660/1642/1641 1661/1645/1644
f 1711/1646/1645 1712/1641/1640 1661/1645/1644
f 1711/1646/1645 1661/1645/1644 1662/1647/1646
f 1711/1646/1645 1662/1647/1646 1663/1648/1647
f 1710/1649/1648 1711/1646/1645 1663/1648/1647
f 1658/1643/1642 2010/1644/1643 2011/1650/1649
f 1710/1649/1648 1663/1648/1647 1664/1651/1650
f 1657/1652/1651 1658/1643/1642 2011/1650/1649
f 1710/1649/1648 1664/1651/1650 1665/1653/1652
f 1709/1654/1653 1710/1649/1648 1665/1653/1652
f 1709/1654/1653 1665/1653/1652 1666/1655/1654
f 1657/1652/1651 2011/1650/1649 2012/1656/1655
f 1709/1654/1653 1666/1655/1654 1667/1657/1656
f 1708/1658/1657 1709/1654/1653 1667/1657/1656
f 1708/1658/1657 1667/1657/1656 1668/1659/1658
f 1656/1660/1659 1657/1652/1651 2012/1656/1655
f 1656/1660/1659 2012/1656/1655 2013/1661/1660
f 1707/1662/1661 1708/1658/1657 1668/1659/1658
f 1707/1662/1661 1668/1659/1658 1669/1663/1662
f 1707/1662/1661 1669/1663/1662 1670/1664/1663
f 1706/1665/1664 1707/1662/1661 1670/1664/1663
f 1656/1660/1659 2013/1661/1660 2014/1666/1665
f 1706/1665/1664 1670/1664/1663 1671/1667/1666
f 1655/1668/1667 1656/1660/1659 2014/1666/1665
f 1705/1669/1668 1706/1665/1664 1671/1667/1666
f 1705/1669/1668 1671/1667/1666 1672/1670/1669
f 1705/1669/1668 1672/1670/1669 1673/1671/1670
f 1655/1668/1667 2014/1666/1665 2015/1672/1671
f 1704/1673/1672 1705/1669/1668 1673/1671/1670
f 1704/1673/1672 1673/1671/1670 1674/1674/1673
f 1704/1673/1672 1674/1674/1673 1675/1675/1674
f 1704/1673/1672 1675/1675/1674 1676/1676/1675
f 1703/1677/1676 1704/1673/1672 1676/1676/1675
f 1703/1677/1676 1676/1676/1675 1677/1678/1677
f 1703/1677/1676 1677/1678/1677 1678/1679/1678
f 1654/1680/1679 1655/1668/1667 2015/1672/1671
f 1654/1680/1679 2015/1672/1671 2016/1681/1680
f 1703/1677/1676 1678/1679/1678 1679/1682/1681
f 1702/1683/1682 1703/1677/1676 1679/1682/1681
f 1702/1683/1682 1679/1682/1681 1680/1684/1683
f 1702/1683/1682 1680/1684/1683 1681/1685/1684
f 1702/1683/1682 1681/1685/1684 1682/1686/1685
f 1701/1687/1686 1702/1683/1682 1682/1686/1685
f 1701/1687/1686 1682/1686/1685 1683/1688/1687
f 1701/1687/1686 1683/1688/1687 1684/1689/1688
f 1700/1690/1689 1701/1687/1686 1684/1689/1688
f 1700/1690/1689 1684/1689/1688 1685/1691/1690
f 1654/1680/1679 2016/1681/1680 2017/1692/1691
f 1700/1690/1689 1685/1691/1690 1686/1693/1692
f 1699/1694/1693 1700/1690/1689 1686/1693/1692
f 1699/1694/1693 1686/1693/1692 1687/1695/1694
f 1699/1694/1693 1687/1695/1694 1688/1696/1695
f 1698/1697/1696 1699/1694/1693 1688/1696/1695
f 1653/1698/1697 1654/1680/1679 2017/1692/1691
f 1698/1697/1696 1688/1696/1695 1689/1699/1698
f 1698/1697/1696 1689/1699/1698 1690/1700/1699
f 1697/1701/1700 1698/1697/1696 1690/1700/1699
f 1697/1701/1700 1690/1700/1699 1691/1702/1701
f 1697/1701/1700 1691/1702/1701 1692/1703/1702
f 1696/1704/1703 1697/1701/1700 1692/1703/1702
f 1696/1704/1703 1692/1703/1702 1693/1705/1704
f 1696/1704/1703 1693/1705/1704 1694/1706/1705
f 1695/1707/1706 1696/1704/1703 1694/1706/1705
f 1653/1698/1697 2017/1692/1691 2018/1708/1707
f 1652/1709/1708 1653/1698/1697 2018/1708/1707
f 1652/1709/1708 2018/1708/1707 2019/1710/1709
f 1652/1709/1708 2019/1710/1709 2020/1711/1710
f 1651/1712/1711 1652/1709/1708 2020/1711/1710
f 1651/1712/1711 2020/1711/1710 2021/1713/1710
f 1382/1714/1712 1383/1715/1713 1384/1716/1714
f 1381/1717/1715 1382/1714/1712 1384/1716/1714
f 1381/1717/1715 1384/1716/1714 1385/1718/1716
f 1380/1719/1717 1381/1717/1715 1385/1718/1716
f 1380/1719/1717 1385/1718/1716 1386/1720/1718
f 1379/1721/1719 1380/1719/1717 1386/1720/1718
f 1379/1721/1719 1386/1720/1718 1387/1722/1720
f 1378/1723/1721 1379/1721/1719 1387/1722/1720
f 1378/1723/1721 1387/1722/1720 1388/1724/1722
f 1377/1725/1723 1378/1723/1721 1388/1724/1722
f 1377/1725/1723 1388/1724/1722 1389/1726/1724
f 1376/1727/1725 1377/1725/1723 1389/1726/1724
f 1376/1727/1725 1389/1726/1724 1390/1728/1726
f 1375/1729/1727 1376/1727/1725 1390/1728/1726
f 1375/1729/1727 1390/1728/1726 1391/1730/1728
f 1374/1731/1729 1375/1729/1727 1391/1730/1728
f 1374/1731/1729 1391/1730/1728 1392/1732/1730
f 1373/1733/1731 1374/1731/1729 1392/1732/1730
f 1373/1733/1731 1392/1732/1730 1393/1734/1732
f 1651/1712/1711 2021/1713/1710 2022/1735/1710
f 1372/1736/1733 1373/1733/1731 1393/1734/1732
f 1372/1736/1733 1393/1734/1732 1394/1737/1734
f 1371/1738/1735 1372/1736/1733 1394/1737/1734
f 1650/1739/1736 1651/1712/1711 2022/1735/1710
f 1371/1738/1735 1394/1737/1734 1395/1740/1737
f 1370/1741/1738 1371/1738/1735 1395/1740/1737
f 1370/1741/1738 1395/1740/1737 1396/1742/1739
f 1369/1743/1740 1370/1741/1738 1396/1742/1739
f 1368/1744/1741 1369/1743/1740 1396/1742/1739
f 1368/1744/1741 1396/1742/1739 1397/1745/1742
f 1650/1739/1736 2022/1735/1710 2023/1746/1743
f 1367/1747/1744 1368/1744/1741 1397/1745/1742
f 1366/1748/1745 1367/1747/1744 1397/1745/1742
f 1366/1748/1745 1397/1745/1742 1398/1749/1746
f 1365/1750/1747 1366/1748/1745 1398/1749/1746
f 1364/1751/1748 1365/1750/1747 1398/1749/1746
f 1364/1751/1748 1398/1749/1746 1399/1752/1749
f 1363/1753/1750 1364/1751/1748 1399/1752/1749
f 1363/1753/1750 1399/1752/1749 1400/1754/1751
f 1362/1755/1752 1363/1753/1750 1400/1754/1751
f 1650/1739/1736 2023/1746/1743 2024/1756/1753
f 1361/1757/1754 1362/1755/1752 1400/1754/1751
f 1361/1757/1754 1400/1754/1751 1401/1758/1755
f 1360/1759/1756 1361/1757/1754 1401/1758/1755
f 1359/1760/1757 1360/1759/1756 1401/1758/1755
f 1649/1761/1758 1650/1739/1736 2024/1756/1753
f 1358/1762/1759 1359/1760/1757 1401/1758/1755
f 1358/1762/1759 1401/1758/1755 1402/1763/1760
f 1358/1762/1759 1402/1763/1760 1403/1764/1761
f 1357/1765/1762 1358/1762/1759 1403/1764/1761
f 1649/1761/1758 2024/1756/1753 2025/1766/1763
f 1357/1765/1762 1403/1764/1761 1404/1767/1764
f 1356/1768/1765 1357/1765/1762 1404/1767/1764
f 1356/1768/1765 1404/1767/1764 1405/1769/1766
f 1355/1770/1767 1356/1768/1765 1405/1769/1766
f 1649/1761/1758 2025/1766/1763 2026/1771/1768
f 1355/1770/1767 1405/1769/1766 1406/1772/1769
f 1354/1773/1770 1355/1770/1767 1406/1772/1769
f 1354/1773/1770 1406/1772/1769 1407/1774/1771
f 1649/1761/1758 2026/1771/1768 2027/1775/1772
f 1353/1776/1773 1354/1773/1770 1407/1774/1771
f 1648/1777/1774 1649/1761/1758 2027/1775/1772
f 1353/1776/1773 1407/1774/1771 1408/1778/1775
f 1352/1779/1776 1353/1776/1773 1408/1778/1775
f 1352/1779/1776 1408/1778/1775 1409/1780/1777
f 1648/1777/1774 2027/1775/1772 2028/1781/1778
f 1351/1782/1779 1352/1779/1776 1409/1780/1777
f 1351/1782/1779 1409/1780/1777 1410/1783/1780
f 1350/1784/1781 1351/1782/1779 1410/1783/1780
f 1648/1777/1774 2028/1781/1778 2029/1785/1782
f 1350/1784/1781 1410/1783/1780 1411/1786/1783
f 1349/1787/1784 1350/1784/1781 1411/1786/1783
f 1349/1787/1784 1411/1786/1783 1412/1788/1785
f 1648/1777/1774 2029/1785/1782 2030/181/1786
f 1348/1789/1787 1349/1787/1784 1412/1788/1785
f 1647/1790/1788 1648/1777/1774 2030/181/1786
f 1348/1789/1787 1412/1788/1785 1413/1791/1789
f 1647/1790/1788 2030/181/1786 1347/178/1790
f 1347/178/1790 1348/1789/1787 1413/1791/1789
f 1347/178/1790 1413/1791/1789 1414/1792/1791
f 1347/178/1790 1414/1792/1791 1415/1793/1792
f 1647/1790/1788 1347/178/1790 1415/1793/1792
f 1647/1790/1788 1415/1793/1792 1416/1794/1793
f 1647/1790/1788 1416/1794/1793 1417/1795/1794
f 1647/1790/1788 1417/1795/1794 1422/1796/1795
f 1422/1796/1795 1417/1795/1794 1421/1797/1796
f 1421/1797/1796 1417/1795/1794 1418/1798/1797
f 1421/1797/1796 1418/1798/1797 1420/1799/1798
f 1420/1799/1798 1418/1798/1797 1419/1800/1799
f 1647/1790/1788 1422/1796/1795 1423/1801/1800
f 1647/1790/1788 1423/1801/1800 1424/1802/1801
f 1647/1790/1788 1424/1802/1801 1425/1803/1802
f 1647/1790/1788 1425/1803/1802 1426/1804/1803
f 1647/1790/1788 1426/1804/1803 1427/1805/1804
f 1647/1790/1788 1427/1805/1804 1428/1806/1805
f 1647/1790/1788 1428/1806/1805 1429/1807/1806
f 1647/1790/1788 1429/1807/1806 1430/1808/1807
f 1647/1790/1788 1430/1808/1807 1431/1809/1808
f 1647/1790/1788 1431/1809/1808 1432/1810/1809
f 1647/1790/1788 1432/1810/1809 1433/1811/1810
f 1647/1790/1788 1433/1811/1810 1434/1812/1811
f 1646/1813/1812 1647/1790/1788 1434/1812/1811
f 1646/1813/1812 1434/1812/1811 1435/1814/1813
f 1645/1815/1814 1646/1813/1812 1435/1814/1813
f 1645/1815/1814 1435/1814/1813 1436/1816/1815
f 1644/1817/1816 1645/1815/1814 1436/1816/1815
f 1644/1817/1816 1436/1816/1815 1437/1818/1817
f 1643/1819/1818 1644/1817/1816 1437/1818/1817
f 1642/1820/1819 1643/1819/1818 1437/1818/1817
f 1642/1820/1819 1437/1818/1817 1438/1821/1820
f 1641/1822/1821 1642/1820/1819 1438/1821/1820
f 1641/1822/1821 1438/1821/1820 1439/1823/1822
f 1640/1824/1823 1641/1822/1821 1439/1823/1822
f 1639/1825/1824 1640/1824/1823 1439/1823/1822
f 1639/1825/1824 1439/1823/1822 1440/1826/1825
f 1638/1827/1826 1639/1825/1824 1440/1826/1825
f 1638/1827/1826 1440/1826/1825 1441/1828/1827
f 1637/1829/1828 1638/1827/1826 1441/1828/1827
f 1636/1830/1829 1637/1829/1828 1441/1828/1827
f 1636/1830/1829 1441/1828/1827 1442/1831/1830
f 1635/1832/1831 1636/1830/1829 1442/1831/1830
f 1634/1833/1832 1635/1832/1831 1442/1831/1830
f 1634/1833/1832 1442/1831/1830 1443/1834/1833
f 1633/1835/1834 1634/1833/1832 1443/1834/1833
f 1633/1835/1834 1443/1834/1833 1503/1836/1835
f 1503/1836/1835 1443/1834/1833 1444/1837/1836
f 1632/1838/1837 1633/1835/1834 1503/1836/1835
f 1631/1839/1838 1632/1838/1837 1503/1836/1835
f 1630/1840/1839 1631/1839/1838 1503/1836/1835
f 1629/1841/1840 1630/1840/1839 1503/1836/1835
f 1629/1841/1840 1503/1836/1835 1504/1842/1841
f 1502/1843/1842 1503/1836/1835 1444/1837/1836
f 1628/1844/1843 1629/1841/1840 1504/1842/1841
f 1586/1845/1844 1587/1846/1845 1588/1847/1846
f 1586/1845/1844 1588/1847/1846 1589/1848/1847
f 1627/1849/1848 1628/1844/1843 1504/1842/1841
f 1585/1850/1849 1586/1845/1844 1589/1848/1847
f 1585/1850/1849 1589/1848/1847 1590/1851/1850
f 1584/1852/1851 1585/1850/1849 1590/1851/1850
f 1584/1852/1851 1590/1851/1850 1591/1853/1852
f 1584/1852/1851 1591/1853/1852 1592/1854/1853
f 1583/1855/1854 1584/1852/1851 1592/1854/1853
f 1627/1849/1848 1504/1842/1841 1505/1856/1855
f 1583/1855/1854 1592/1854/1853 1593/1857/1856
f 1582/1858/1857 1583/1855/1854 1593/1857/1856
f 1582/1858/1857 1593/1857/1856 1594/1859/1858
f 1582/1858/1857 1594/1859/1858 1595/1860/1859
f 1581/1861/1860 1582/1858/1857 1595/1860/1859
f 1581/1861/1860 1595/1860/1859 1596/1862/1861
f 1626/1863/1862 1627/1849/1848 1505/1856/1855
f 1580/1864/1863 1581/1861/1860 1596/1862/1861
f 1580/1864/1863 1596/1862/1861 1597/1865/1864
f 1579/1866/1865 1580/1864/1863 1597/1865/1864
f 1579/1866/1865 1597/1865/1864 1598/1867/1866
f 1579/1866/1865 1598/1867/1866 1599/1868/1867
f 1578/1869/1868 1579/1866/1865 1599/1868/1867
f 1625/1870/1869 1626/1863/1862 1505/1856/1855
f 1578/1869/1868 1599/1868/1867 1600/1871/1870
f 1502/1843/1842 1444/1837/1836 1445/1872/1871
f 1625/1870/1869 1505/1856/1855 1506/1873/1872
f 1577/1874/1873 1578/1869/1868 1600/1871/1870
f 1624/1875/1874 1625/1870/1869 1506/1873/1872
f 1576/1876/1875 1577/1874/1873 1600/1871/1870
f 1576/1876/1875 1600/1871/1870 1601/1877/1876
f 1623/1878/1877 1624/1875/1874 1506/1873/1872
f 1575/1879/1878 1576/1876/1875 1601/1877/1876
f 1622/1880/1879 1623/1878/1877 1506/1873/1872
f 1575/1879/1878 1601/1877/1876 1602/1881/1880
f 1574/1882/1881 1575/1879/1878 1602/1881/1880
f 1501/1883/1882 1502/1843/1842 1445/1872/1871
f 1622/1880/1879 1506/1873/1872 1507/1884/1883
f 1621/1885/1884 1622/1880/1879 1507/1884/1883
f 1574/1882/1881 1602/1881/1880 1603/1886/1885
f 1620/1887/1886 1621/1885/1884 1507/1884/1883
f 1574/1882/1881 1603/1886/1885 1604/1888/1887
f 1573/1889/1888 1574/1882/1881 1604/1888/1887
f 1619/1890/1889 1620/1887/1886 1507/1884/1883
f 1573/1889/1888 1604/1888/1887 1605/1891/1890
f 1618/1892/1891 1619/1890/1889 1507/1884/1883
f 1618/1892/1891 1507/1884/1883 1508/1893/1892
f 1573/1889/1888 1605/1891/1890 1606/1894/1893
f 1617/1895/1894 1618/1892/1891 1508/1893/1892
f 1572/1896/1895 1573/1889/1888 1606/1894/1893
f 1616/1897/1896 1617/1895/1894 1508/1893/1892
f 1572/1896/1895 1606/1894/1893 1607/1898/1897
f 1615/1899/1898 1616/1897/1896 1508/1893/1892
f 1572/1896/1895 1607/1898/1897 1608/1900/1899
f 1614/1901/1900 1615/1899/1898 1508/1893/1892
f 1572/1896/1895 1608/1900/1899 1609/1902/1901
f 1613/1903/1902 1614/1901/1900 1508/1893/1892
f 1572/1896/1895 1609/1902/1901 1610/1904/1903
f 1612/1905/1904 1613/1903/1902 1508/1893/1892
f 1572/1896/1895 1610/1904/1903 1611/1906/1905
f 1611/1906/1905 1612/1905/1904 1508/1893/1892
f 1572/1896/1895 1611/1906/1905 1508/1893/1892
f 1571/1907/1906 1572/1896/1895 1508/1893/1892
f 1571/1907/1906 1508/1893/1892 1509/1908/1907
f 1570/1909/1908 1571/1907/1906 1509/1908/1907
f 1570/1909/1908 1509/1908/1907 1510/1910/1909
f 1569/1911/1910 1570/1909/1908 1510/1910/1909
f 1500/1912/1911 1501/1883/1882 1445/1872/1871
f 1568/1913/1912 1569/1911/1910 1510/1910/1909
f 1500/1912/1911 1445/1872/1871 1446/1914/1913
f 1568/1913/1912 1510/1910/1909 1511/1915/1914
f 1567/1916/1915 1568/1913/1912 1511/1915/1914
f 1566/1917/1916 1567/1916/1915 1511/1915/1914
f 1566/1917/1916 1511/1915/1914 1512/1918/1917
f 1565/1919/1918 1566/1917/1916 1512/1918/1917
f 1564/1920/1919 1565/1919/1918 1512/1918/1917
f 1564/1920/1919 1512/1918/1917 1513/1921/1920
f 1563/1922/1921 1564/1920/1919 1513/1921/1920
f 1562/1923/1922 1563/1922/1921 1513/1921/1920
f 1499/1924/1923 1500/1912/1911 1446/1914/1913
f 1562/1923/1922 1513/1921/1920 1514/1925/1924
f 1561/1926/1925 1562/1923/1922 1514/1925/1924
f 1560/1927/1926 1561/1926/1925 1514/1925/1924
f 1560/1927/1926 1514/1925/1924 1515/1928/1927
f 1559/1929/1928 1560/1927/1926 1515/1928/1927
f 1499/1924/1923 1446/1914/1913 1447/1930/1929
f 1558/1931/1930 1559/1929/1928 1515/1928/1927
f 1558/1931/1930 1515/1928/1927 1516/1932/1931
f 1557/1933/1932 1558/1931/1930 1516/1932/1931
f 1557/1933/1932 1516/1932/1931 1517/1934/1933
f 1557/1933/1932 1517/1934/1933 1518/1935/1934
f 1556/1936/1935 1557/1933/1932 1518/1935/1934
f 1556/1936/1935 1518/1935/1934 1519/1937/1936
f 1555/1938/1937 1556/1936/1935 1519/1937/1936
f 1555/1938/1937 1519/1937/1936 1520/1939/1938
f 1555/1938/1937 1520/1939/1938 1521/1940/1939
f 1554/1941/1940 1555/1938/1937 1521/1940/1939
f 1498/1942/1941 1499/1924/1923 1447/1930/1929
f 1554/1941/1940 1521/1940/1939 1522/1943/1942
f 1554/1941/1940 1522/1943/1942 1523/1944/1943
f 1553/1945/1944 1554/1941/1940 1523/1944/1943
f 1553/1945/1944 1523/1944/1943 1524/1946/1945
f 1553/1945/1944 1524/1946/1945 1525/1947/1946
f 1552/1948/1947 1553/1945/1944 1525/1947/1946
f 1552/1948/1947 1525/1947/1946 1526/1949/1948
f 1552/1948/1947 1526/1949/1948 1527/1950/1949
f 1551/1951/1950 1552/1948/1947 1527/1950/1949
f 1551/1951/1950 1527/1950/1949 1528/1952/1951
f 1550/1953/1952 1551/1951/1950 1528/1952/1951
f 1550/1953/1952 1528/1952/1951 1529/1954/1953
f 1498/1942/1941 1447/1930/1929 1448/1955/1954
f 1549/1956/1955 1550/1953/1952 1529/1954/1953
f 1549/1956/1955 1529/1954/1953 1530/1957/1956
f 1548/1958/1957 1549/1956/1955 1530/1957/1956
f 1548/1958/1957 1530/1957/1956 1531/1959/1958
f 1547/1960/1959 1548/1958/1957 1531/1959/1958
f 1547/1960/1959 1531/1959/1958 1532/1961/1960
f 1546/1962/1961 1547/1960/1959 1532/1961/1960
f 1546/1962/1961 1532/1961/1960 1533/1963/1962
f 1545/1964/1963 1546/1962/1961 1533/1963/1962
f 1545/1964/1963 1533/1963/1962 1534/1965/1964
f 1544/1966/1965 1545/1964/1963 1534/1965/1964
f 1544/1966/1965 1534/1965/1964 1535/1967/1966
f 1543/1968/1967 1544/1966/1965 1535/1967/1966
f 1543/1968/1967 1535/1967/1966 1536/1969/1968
f 1542/1970/1969 1543/1968/1967 1536/1969/1968
f 1497/1971/1970 1498/1942/1941 1448/1955/1954
f 1542/1970/1969 1536/1969/1968 1537/1972/1971
f 1541/1973/1972 1542/1970/1969 1537/1972/1971
f 1541/1973/1972 1537/1972/1971 1538/1974/1973
f 1540/1975/1974 1541/1973/1972 1538/1974/1973
f 1540/1975/1974 1538/1974/1973 1539/1976/1975
f 1497/1971/1970 1448/1955/1954 1449/1977/1976
f 1496/1978/1977 1497/1971/1970 1449/1977/1976
f 1496/1978/1977 1449/1977/1976 1450/1979/1978
f 1495/1980/1979 1496/1978/1977 1450/1979/1978
f 1495/1980/1979 1450/1979/1978 1451/1981/1980
f 1495/1980/1979 1451/1981/1980 1452/1982/1981
f 1494/1983/1982 1495/1980/1979 1452/1982/1981
f 1494/1983/1982 1452/1982/1981 1453/1984/1983
f 1493/1985/1984 1494/1983/1982 1453/1984/1983
f 1493/1985/1984 1453/1984/1983 1454/1986/1985
f 1492/1987/1986 1493/1985/1984 1454/1986/1985
f 1492/1987/1986 1454/1986/1985 1455/1988/1987
f 1492/1987/1986 1455/1988/1987 1456/1989/1988
f 1491/1990/1989 1492/1987/1986 1456/1989/1988
f 1491/1990/1989 1456/1989/1988 1457/1991/1990
f 1491/1990/1989 1457/1991/1990 1458/1992/1991
f 1491/1990/1989 1458/1992/1991 1459/1993/1992
f 1491/1990/1989 1459/1993/1992 1460/1994/1993
f 1491/1990/1989 1460/1994/1993 1461/1995/1994
f 1491/1990/1989 1461/1995/1994 1462/1996/1995
f 1491/1990/1989 1462/1996/1995 1463/1997/1996
f 1491/1990/1989 1463/1997/1996 1464/1998/1997
f 1490/1999/1998 1491/1990/1989 1464/1998/1997
f 1490/1999/1998 1464/1998/1997 1465/2000/1999
f 1490/1999/1998 1465/2000/1999 1466/2001/2000
f 1489/2002/2001 1490/1999/1998 1466/2001/2000
f 1489/2002/2001 1466/2001/2000 1467/2003/2002
f 1489/2002/2001 1467/2003/2002 1468/2004/2003
f 1488/2005/2004 1489/2002/2001 1468/2004/2003
f 1488/2005/2004 1468/2004/2003 1469/2006/2005
f 1487/2007/2006 1488/2005/2004 1469/2006/2005
f 1487/2007/2006 1469/2006/2005 1470/2008/2007
f 1486/2009/2008 1487/2007/2006 1470/2008/2007
f 1486/2009/2008 1470/2008/2007 1471/2010/2009
f 1485/2011/2010 1486/2009/2008 1471/2010/2009
f 1485/2011/2010 1471/2010/2009 1472/2012/2011
f 1485/2011/2010 1472/2012/2011 1473/2013/2012
f 1484/2014/2013 1485/2011/2010 1473/2013/2012
f 1484/2014/2013 1473/2013/2012 1474/2015/2014
f 1483/2016/2015 1484/2014/2013 1474/2015/2014
f 1483/2016/2015 1474/2015/2014 1475/2017/2016
f 1482/2018/2017 1483/2016/2015 1475/2017/2016
f 1482/2018/2017 1475/2017/2016 1476/2019/2018
f 1481/2020/2019 1482/2018/2017 1476/2019/2018
f 1481/2020/2019 1476/2019/2018 1477/2021/2020
f 1480/2022/2021 1481/2020/2019 1477/2021/2020
f 1480/2022/2021 1477/2021/2020 1478/2023/2022
f 1479/2024/2023 1480/2022/2021 1478/2023/2022
f 2330/2025/1844 2223/2026/2024 2224/2027/2025
f 2330/2025/1844 2224/2027/2025 2225/2028/2026
f 2329/2029/2027 2330/2025/1844 2225/2028/2026
f 2329/2029/2027 2225/2028/2026 2226/2030/2028
f 2329/2029/2027 2226/2030/2028 2227/2031/2029
f 2328/2032/2030 2329/2029/2027 2227/2031/2029
f 2328/2032/2030 2227/2031/2029 2228/2033/2031
f 2328/2032/2030 2228/2033/2031 2229/2034/2032
f 2327/2035/2033 2328/2032/2030 2229/2034/2032
f 2327/2035/2033 2229/2034/2032 2230/2036/2034
f 2327/2035/2033 2230/2036/2034 2231/2037/2035
f 2326/2038/2036 2327/2035/2033 2231/2037/2035
f 2326/2038/2036 2231/2037/2035 2232/2039/2037
f 2326/2038/2036 2232/2039/2037 2233/2040/2038
f 2325/2041/2039 2326/2038/2036 2233/2040/2038
f 2325/2041/2039 2233/2040/2038 2234/2042/2040
f 2324/2043/2041 2325/2041/2039 2234/2042/2040
f 2324/2043/2041 2234/2042/2040 2235/2044/2042
f 2324/2043/2041 2235/2044/2042 2236/2045/2043
f 2323/2046/2044 2324/2043/2041 2236/2045/2043
f 2322/2047/2045 2323/2046/2044 2236/2045/2043
f 2322/2047/2045 2236/2045/2043 2237/2048/2046
f 2321/2049/2047 2322/2047/2045 2237/2048/2046
f 2321/2049/2047 2237/2048/2046 2238/2050/2048
f 2320/2051/1875 2321/2049/2047 2238/2050/2048
f 2319/2052/2049 2320/2051/1875 2238/2050/2048
f 2319/2052/2049 2238/2050/2048 2239/2053/2050
f 2318/2054/2051 2319/2052/2049 2239/2053/2050
f 2317/2055/2052 2318/2054/2051 2239/2053/2050
f 2317/2055/2052 2239/2053/2050 2240/2056/2053
f 2316/2057/2054 2317/2055/2052 2240/2056/2053
f 2315/2058/2055 2316/2057/2054 2240/2056/2053
f 2315/2058/2055 2240/2056/2053 2241/2059/2056
f 2314/2060/2057 2315/2058/2055 2241/2059/2056
f 2313/2061/2058 2314/2060/2057 2241/2059/2056
f 2312/2062/2059 2313/2061/2058 2241/2059/2056
f 2312/2062/2059 2241/2059/2056 2242/2063/2060
f 2311/2064/2061 2312/2062/2059 2242/2063/2060
f 2310/2065/2062 2311/2064/2061 2242/2063/2060
f 2309/2066/2063 2310/2065/2062 2242/2063/2060
f 2308/2067/2064 2309/2066/2063 2242/2063/2060
f 2308/2067/2064 2242/2063/2060 2243/2068/2065
f 2307/2069/2066 2308/2067/2064 2243/2068/2065
f 2306/2070/2067 2307/2069/2066 2243/2068/2065
f 2306/2070/2067 2243/2068/2065 2244/2071/2068
f 2306/2070/2067 2244/2071/2068 2245/2072/2069
f 2305/2073/2070 2306/2070/2067 2245/2072/2069
f 2305/2073/2070 2245/2072/2069 2246/2074/2071
f 2304/2075/2072 2305/2073/2070 2246/2074/2071
f 2304/2075/2072 2246/2074/2071 2247/2076/2073
f 2304/2075/2072 2247/2076/2073 2248/2077/2074
f 2303/2078/2075 2304/2075/2072 2248/2077/2074
f 2303/2078/2075 2248/2077/2074 2249/2079/2076
f 2302/2080/2077 2303/2078/2075 2249/2079/2076
f 2302/2080/2077 2249/2079/2076 2250/2081/2078
f 2301/2082/2079 2302/2080/2077 2250/2081/2078
f 2301/2082/2079 2250/2081/2078 2251/2083/2080
f 2300/2084/2081 2301/2082/2079 2251/2083/2080
f 2300/2084/2081 2251/2083/2080 2252/2085/2082
f 2426/2086/2083 2331/2087/2084 2332/2088/2085
f 2426/2086/2083 2332/2088/2085 2333/2089/2086
f 2426/2086/2083 2333/2089/2086 2334/2090/2087
f 2426/2086/2083 2334/2090/2087 2335/2091/2088
f 2425/2092/2089 2426/2086/2083 2335/2091/2088
f 2425/2092/2089 2335/2091/2088 2336/2093/2090
f 2425/2092/2089 2336/2093/2090 2337/2094/2091
f 2425/2092/2089 2337/2094/2091 2338/2095/2092
f 2424/2096/2093 2425/2092/2089 2338/2095/2092
f 2424/2096/2093 2338/2095/2092 2339/203/2094
f 2300/2084/2081 2252/2085/2082 2253/2097/2095
f 2424/2096/2093 2339/203/2094 2340/2098/2096
f 2424/2096/2093 2340/2098/2096 2341/2099/2097
f 2424/2096/2093 2341/2099/2097 2342/2100/2098
f 2423/2101/2099 2424/2096/2093 2342/2100/2098
f 2423/2101/2099 2342/2100/2098 2343/2102/2100
f 2423/2101/2099 2343/2102/2100 2344/2103/2101
f 2422/2104/2036 2423/2101/2099 2344/2103/2101
f 2299/2105/2102 2300/2084/2081 2253/2097/2095
f 2421/2106/2103 2422/2104/2036 2344/2103/2101
f 2420/2107/2104 2421/2106/2103 2344/2103/2101
f 2420/2107/2104 2344/2103/2101 2345/2108/2105
f 2419/2109/1865 2420/2107/2104 2345/2108/2105
f 2418/2110/1868 2419/2109/1865 2345/2108/2105
f 2299/2105/2102 2253/2097/2095 2254/2111/2106
f 2417/2112/2107 2418/2110/1868 2345/2108/2105
f 2417/2112/2107 2345/2108/2105 2346/2113/2108
f 2416/57/1875 2417/2112/2107 2346/2113/2108
f 2298/2114/2109 2299/2105/2102 2254/2111/2106
f 2415/2115/2110 2416/57/1875 2346/2113/2108
f 2415/2115/2110 2346/2113/2108 2347/2116/2111
f 2298/2114/2109 2254/2111/2106 2255/2117/2112
f 2414/2118/2113 2415/2115/2110 2347/2116/2111
f 2413/2119/2114 2414/2118/2113 2347/2116/2111
f 2413/2119/2114 2347/2116/2111 2348/2120/2115
f 2412/2121/2116 2413/2119/2114 2348/2120/2115
f 2411/2122/2117 2412/2121/2116 2348/2120/2115
f 2410/2123/2118 2411/2122/2117 2348/2120/2115
f 2409/2124/2119 2410/2123/2118 2348/2120/2115
f 2297/2125/2120 2298/2114/2109 2255/2117/2112
f 2409/2124/2119 2348/2120/2115 2349/2126/2121
f 2408/2127/2122 2409/2124/2119 2349/2126/2121
f 2297/2125/2120 2255/2117/2112 2256/2128/2123
f 2407/2129/2124 2408/2127/2122 2349/2126/2121
f 2406/2130/2125 2407/2129/2124 2349/2126/2121
f 2405/2131/2126 2406/2130/2125 2349/2126/2121
f 2405/2131/2126 2349/2126/2121 2350/2132/2127
f 2404/2133/2128 2405/2131/2126 2350/2132/2127
f 2403/2134/2129 2404/2133/2128 2350/2132/2127
f 2402/2135/2130 2403/2134/2129 2350/2132/2127
f 2297/2125/2120 2256/2128/2123 2257/2136/2131
f 2402/2135/2130 2350/2132/2127 2351/2137/2132
f 2296/2138/2133 2297/2125/2120 2257/2136/2131
f 2402/2135/2130 2351/2137/2132 2352/2139/2134
f 2296/2138/2133 2257/2136/2131 2258/2140/2135
f 2401/2141/2136 2402/2135/2130 2352/2139/2134
f 2401/2141/2136 2352/2139/2134 2353/2142/2137
f 2295/2143/2138 2296/2138/2133 2258/2140/2135
f 2295/2143/2138 2258/2140/2135 2259/2144/2139
f 2401/2141/2136 2353/2142/2137 2354/2145/2140
f 2400/2146/2141 2401/2141/2136 2354/2145/2140
f 2400/2146/2141 2354/2145/2140 2355/2147/2142
f 2294/2148/2143 2295/2143/2138 2259/2144/2139
f 2294/2148/2143 2259/2144/2139 2260/2149/2144
f 2399/2150/2145 2400/2146/2141 2355/2147/2142
f 2294/2148/2143 2260/2149/2144 2261/2151/2146
f 2399/2150/2145 2355/2147/2142 2356/2152/2147
f 2294/2148/2143 2261/2151/2146 2262/355/2148
f 2293/2153/2149 2294/2148/2143 2262/355/2148
f 2293/2153/2149 2262/355/2148 2263/2154/2150
f 2293/2153/2149 2263/2154/2150 2264/2155/2151
f 2292/2156/2152 2293/2153/2149 2264/2155/2151
f 2398/2157/2153 2399/2150/2145 2356/2152/2147
f 2398/2157/2153 2356/2152/2147 2357/2158/2154
f 2292/2156/2152 2264/2155/2151 2265/2159/2155
f 2292/2156/2152 2265/2159/2155 2266/2160/2156
f 2291/2161/2157 2292/2156/2152 2266/2160/2156
f 2291/2161/2157 2266/2160/2156 2267/2162/2158
f 2398/2157/2153 2357/2158/2154 2358/2163/2159
f 2291/2161/2157 2267/2162/2158 2268/2164/2160
f 2290/2165/2161 2291/2161/2157 2268/2164/2160
f 2397/2166/2162 2398/2157/2153 2358/2163/2159
f 2290/2165/2161 2268/2164/2160 2269/2167/2163
f 2289/2168/2164 2290/2165/2161 2269/2167/2163
f 2289/2168/2164 2269/2167/2163 2270/2169/2165
f 2289/2168/2164 2270/2169/2165 2271/2170/2166
f 2288/2171/2167 2289/2168/2164 2271/2170/2166
f 2397/2166/2162 2358/2163/2159 2359/2172/2168
f 2288/2171/2167 2271/2170/2166 2272/2173/2169
f 2288/2171/2167 2272/2173/2169 2273/2174/2170
f 2396/2175/2171 2397/2166/2162 2359/2172/2168
f 2287/2176/2172 2288/2171/2167 2273/2174/2170
f 2287/2176/2172 2273/2174/2170 2274/2177/2173
f 2287/2176/2172 2274/2177/2173 2275/2178/2174
f 2286/2179/2175 2287/2176/2172 2275/2178/2174
f 2286/2179/2175 2275/2178/2174 2276/2180/2176
f 2286/2179/2175 2276/2180/2176 2277/2181/2177
f 2285/2182/2178 2286/2179/2175 2277/2181/2177
f 2285/2182/2178 2277/2181/2177 2278/2183/2179
f 2285/2182/2178 2278/2183/2179 2279/2184/2180
f 2396/2175/2171 2359/2172/2168 2360/2185/2181
f 2284/2186/2182 2285/2182/2178 2279/2184/2180
f 2284/2186/2182 2279/2184/2180 2280/2187/2183
f 2284/2186/2182 2280/2187/2183 2281/2188/2184
f 2283/2189/2185 2284/2186/2182 2281/2188/2184
f 2283/2189/2185 2281/2188/2184 2282/2190/2186
f 2395/2191/2187 2396/2175/2171 2360/2185/2181
f 2395/2191/2187 2360/2185/2181 2361/2192/2188
f 2394/2193/2189 2395/2191/2187 2361/2192/2188
f 2394/2193/2189 2361/2192/2188 2362/2194/2190
f 2394/2193/2189 2362/2194/2190 2363/2195/2191
f 2393/2196/2192 2394/2193/2189 2363/2195/2191
f 2393/2196/2192 2363/2195/2191 2364/2197/2193
f 2392/2198/2194 2393/2196/2192 2364/2197/2193
f 2392/2198/2194 2364/2197/2193 2365/2199/2195
f 2391/2200/2196 2392/2198/2194 2365/2199/2195
f 2391/2200/2196 2365/2199/2195 2366/2201/2197
f 2391/2200/2196 2366/2201/2197 2367/2202/2198
f 2390/2203/2199 2391/2200/2196 2367/2202/2198
f 2390/2203/2199 2367/2202/2198 2368/2204/2200
f 2389/2205/2201 2390/2203/2199 2368/2204/2200
f 2389/2205/2201 2368/2204/2200 2369/2206/2202
f 2388/2207/2203 2389/2205/2201 2369/2206/2202
f 2388/2207/2203 2369/2206/2202 2370/2208/2204
f 2387/2209/2205 2388/2207/2203 2370/2208/2204
f 2387/2209/2205 2370/2208/2204 2371/2210/2206
f 2386/2211/2207 2387/2209/2205 2371/2210/2206
f 2386/2211/2207 2371/2210/2206 2372/2212/2208
f 2385/2213/2209 2386/2211/2207 2372/2212/2208
f 2385/2213/2209 2372/2212/2208 2373/2214/2210
f 2384/2215/2211 2385/2213/2209 2373/2214/2210
f 2384/2215/2211 2373/2214/2210 2374/2216/2212
f 2383/2217/2213 2384/2215/2211 2374/2216/2212
f 2383/2217/2213 2374/2216/2212 2375/2218/2214
f 2382/2219/2215 2383/2217/2213 2375/2218/2214
f 2382/2219/2215 2375/2218/2214 2376/2220/2216
f 2381/2221/2217 2382/2219/2215 2376/2220/2216
f 2381/2221/2217 2376/2220/2216 2377/2222/2218
f 2380/2223/2219 2381/2221/2217 2377/2222/2218
f 2380/2223/2219 2377/2222/2218 2378/2224/2220
f 2379/2225/2221 2380/2223/2219 2378/2224/2220
f 2450/2226/2222 2451/2227/2223 2452/2228/2224
f 2450/2226/2222 2452/2228/2224 2453/2229/2225
f 2449/2230/2226 2450/2226/2222 2453/2229/2225
f 2449/2230/2226 2453/2229/2225 2454/2231/2227
f 2448/2232/2228 2449/2230/2226 2454/2231/2227
f 2448/2232/2228 2454/2231/2227 2455/2233/2229
f 2447/2234/2230 2448/2232/2228 2455/2233/2229
f 2447/2234/2230 2455/2233/2229 2456/2235/2231
f 2446/2236/2232 2447/2234/2230 2456/2235/2231
f 2446/2236/2232 2456/2235/2231 2457/2237/2233
f 2445/2238/2234 2446/2236/2232 2457/2237/2233
f 2445/2238/2234 2457/2237/2233 2458/2239/2235
f 2444/2240/2236 2445/2238/2234 2458/2239/2235
f 2444/2240/2236 2458/2239/2235 2459/2241/2237
f 2443/2242/2238 2444/2240/2236 2459/2241/2237
f 2443/2242/2238 2459/2241/2237 2460/2243/2239
f 2442/2244/2240 2443/2242/2238 2460/2243/2239
f 2442/2244/2240 2460/2243/2239 2461/2245/2241
f 2441/2246/2242 2442/2244/2240 2461/2245/2241
f 2441/2246/2242 2461/2245/2241 2462/2247/2243
f 2440/2248/2244 2441/2246/2242 2462/2247/2243
f 2440/2248/2244 2462/2247/2243 2463/2249/2245
f 2439/2250/2246 2440/2248/2244 2463/2249/2245
f 2439/2250/2246 2463/2249/2245 2464/2251/2247
f 2438/2252/2248 2439/2250/2246 2464/2251/2247
f 2437/2253/2249 2438/2252/2248 2464/2251/2247
f 2436/2254/2250 2437/2253/2249 2464/2251/2247
f 2435/2255/2251 2436/2254/2250 2464/2251/2247
f 2435/2255/2251 2464/2251/2247 2465/2256/2252
f 2434/2257/2253 2435/2255/2251 2465/2256/2252
f 2433/2258/2254 2434/2257/2253 2465/2256/2252
f 2432/2259/2255 2433/2258/2254 2465/2256/2252
f 2431/2260/2256 2432/2259/2255 2465/2256/2252
f 2431/2260/2256 2465/2256/2252 2466/2261/2257
f 2430/2262/2258 2431/2260/2256 2466/2261/2257
f 2429/2263/2259 2430/2262/2258 2466/2261/2257
f 2428/2264/2260 2429/2263/2259 2466/2261/2257
f 2427/2265/2261 2428/2264/2260 2466/2261/2257
f 2427/2265/2261 2466/2261/2257 2467/2266/2262
f 2570/181/2263 2427/2265/2261 2467/2266/2262
f 2570/181/2263 2467/2266/2262 2468/2267/2264
f 2569/2268/2265 2570/181/2263 2468/2267/2264
f 2568/2269/2266 2569/2268/2265 2468/2267/2264
f 2568/2269/2266 2468/2267/2264 2469/2270/2267
f 2567/2271/2268 2568/2269/2266 2469/2270/2267
f 2567/2271/2268 2469/2270/2267 2470/2272/2269
f 2566/2273/2270 2567/2271/2268 2470/2272/2269
f 2566/2273/2270 2470/2272/2269 2471/2274/2271
f 2565/2275/2272 2566/2273/2270 2471/2274/2271
f 2565/2275/2272 2471/2274/2271 2472/2276/2273
f 2564/2277/2274 2565/2275/2272 2472/2276/2273
f 2564/2277/2274 2472/2276/2273 2473/2278/2275
f 2563/2279/2276 2564/2277/2274 2473/2278/2275
f 2563/2279/2276 2473/2278/2275 2474/2280/2277
f 2562/2281/2278 2563/2279/2276 2474/2280/2277
f 2561/2282/2279 2562/2281/2278 2474/2280/2277
f 2561/2282/2279 2474/2280/2277 2475/2283/2280
f 2560/2284/2281 2561/2282/2279 2475/2283/2280
f 2560/2284/2281 2475/2283/2280 2476/2285/2282
f 2560/2284/2281 2476/2285/2282 2477/2286/2283
f 2559/2287/2284 2560/2284/2281 2477/2286/2283
f 2559/2287/2284 2477/2286/2283 2478/2288/2285
f 2558/2289/2286 2559/2287/2284 2478/2288/2285
f 2558/2289/2286 2478/2288/2285 2479/2290/2287
f 2558/2289/2286 2479/2290/2287 2480/2291/2288
f 2557/2292/2289 2558/2289/2286 2480/2291/2288
f 2557/2292/2289 2480/2291/2288 2481/2293/2290
f 2557/2292/2289 2481/2293/2290 2482/2294/2291
f 2556/2295/2292 2557/2292/2289 2482/2294/2291
f 2556/2295/2292 2482/2294/2291 2483/2296/2293
f 2556/2295/2292 2483/2296/2293 2484/2297/2294
f 2555/2298/2295 2556/2295/2292 2484/2297/2294
f 2555/2298/2295 2484/2297/2294 2485/2299/2296
f 2554/2300/2297 2555/2298/2295 2485/2299/2296
f 2554/2300/2297 2485/2299/2296 2486/2301/2298
f 2554/2300/2297 2486/2301/2298 2487/2302/2299
f 2553/2303/2300 2554/2300/2297 2487/2302/2299
f 2553/2303/2300 2487/2302/2299 2488/2304/2301
f 2552/2305/2302 2553/2303/2300 2488/2304/2301
f 2552/2305/2302 2488/2304/2301 2489/2306/2303
f 2552/2305/2302 2489/2306/2303 2490/2307/2304
f 2551/2308/2305 2552/2305/2302 2490/2307/2304
f 2551/2308/2305 2490/2307/2304 2491/2309/2306
f 2551/2308/2305 2491/2309/2306 2492/2310/2307
f 2550/2311/2308 2551/2308/2305 2492/2310/2307
f 2550/2311/2308 2492/2310/2307 2493/49/2309
f 2550/2311/2308 2493/49/2309 2494/2312/2310
f 2549/2313/2311 2550/2311/2308 2494/2312/2310
f 2549/2313/2311 2494/2312/2310 2495/2314/2312
f 2549/2313/2311 2495/2314/2312 2496/2315/2313
f 2548/2316/2314 2549/2313/2311 2496/2315/2313
f 2548/2316/2314 2496/2315/2313 2497/2317/2315
f 2548/2316/2314 2497/2317/2315 2498/2318/2316
f 2548/2316/2314 2498/2318/2316 2499/2319/2317
f 2547/2320/2318 2548/2316/2314 2499/2319/2317
f 2547/2320/2318 2499/2319/2317 2500/2321/2319
f 2547/2320/2318 2500/2321/2319 2501/2322/2320
f 2547/2320/2318 2501/2322/2320 2502/2323/2321
f 2547/2320/2318 2502/2323/2321 2503/2324/2322
f 2546/2325/2323 2547/2320/2318 2503/2324/2322
f 2546/2325/2323 2503/2324/2322 2504/2326/2324
f 2545/2327/2325 2546/2325/2323 2504/2326/2324
f 2545/2327/2325 2504/2326/2324 2505/2328/2326
f 2544/2329/2327 2545/2327/2325 2505/2328/2326
f 2544/2329/2327 2505/2328/2326 2506/2330/2328
f 2543/2331/2329 2544/2329/2327 2506/2330/2328
f 2543/2331/2329 2506/2330/2328 2507/2332/2330
f 2542/2333/2331 2543/2331/2329 2507/2332/2330
f 2542/2333/2331 2507/2332/2330 2508/2334/2332
f 2541/2335/2333 2542/2333/2331 2508/2334/2332
f 2541/2335/2333 2508/2334/2332 2509/2336/2334
f 2540/2337/2335 2541/2335/2333 2509/2336/2334
f 2540/2337/2335 2509/2336/2334 2510/2338/2336
f 2539/2339/2337 2540/2337/2335 2510/2338/2336
f 2539/2339/2337 2510/2338/2336 2511/2340/2338
f 2538/2341/2339 2539/2339/2337 2511/2340/2338
f 2538/2341/2339 2511/2340/2338 2512/2342/2340
f 2537/2343/2341 2538/2341/2339 2512/2342/2340
f 2536/2344/2342 2537/2343/2341 2512/2342/2340
f 2536/2344/2342 2512/2342/2340 2513/2345/2343
f 2535/2346/2344 2536/2344/2342 2513/2345/2343
f 2535/2346/2344 2513/2345/2343 2514/2347/2345
f 2534/2348/2346 2535/2346/2344 2514/2347/2345
f 2534/2348/2346 2514/2347/2345 2515/2349/2347
f 2533/2350/2348 2534/2348/2346 2515/2349/2347
f 2532/2351/2349 2533/2350/2348 2515/2349/2347
f 2532/2351/2349 2515/2349/2347 2516/2352/2350
f 2531/2353/2351 2532/2351/2349 2516/2352/2350
f 2531/2353/2351 2516/2352/2350 2517/2354/2352
f 2530/2355/2353 2531/2353/2351 2517/2354/2352
f 2530/2355/2353 2517/2354/2352 2518/2356/2354
f 2529/2357/2355 2530/2355/2353 2518/2356/2354
f 2529/2357/2355 2518/2356/2354 2519/2358/2356
f 2528/2359/2357 2529/2357/2355 2519/2358/2356
f 2527/2360/2358 2528/2359/2357 2519/2358/2356
f 2527/2360/2358 2519/2358/2356 2520/2361/2359
f 2526/2362/2360 2527/2360/2358 2520/2361/2359
f 2526/2362/2360 2520/2361/2359 2521/2363/2361
f 2525/2364/2362 2526/2362/2360 2521/2363/2361
f 2525/2364/2362 2521/2363/2361 2522/2365/2363
f 2524/2366/2364 2525/2364/2362 2522/2365/2363
f 2524/2366/2364 2522/2365/2363 2523/2367/2365
f 2066/2368/2366 2067/2369/2367 2068/2370/2368
f 2065/2371/2369 2066/2368/2366 2068/2370/2368
f 2065/2371/2369 2068/2370/2368 2069/2372/2370
f 2064/2373/2371 2065/2371/2369 2069/2372/2370
f 2064/2373/2371 2069/2372/2370 2070/2374/2372
f 2063/2375/2373 2064/2373/2371 2070/2374/2372
f 2063/2375/2373 2070/2374/2372 2071/2376/2374
f 2062/2377/2375 2063/2375/2373 2071/2376/2374
f 2062/2377/2375 2071/2376/2374 2072/2378/2376
f 2061/2379/2377 2062/2377/2375 2072/2378/2376
f 2060/2380/2378 2061/2379/2377 2072/2378/2376
f 2060/2380/2378 2072/2378/2376 2073/2381/2379
f 2059/2382/2380 2060/2380/2378 2073/2381/2379
f 2059/2382/2380 2073/2381/2379 2074/2383/2381
f 2058/2384/2382 2059/2382/2380 2074/2383/2381
f 2058/2384/2382 2074/2383/2381 2075/2385/2383
f 2057/2386/2384 2058/2384/2382 2075/2385/2383
f 2057/2386/2384 2075/2385/2383 2076/2387/2385
f 2056/2388/2386 2057/2386/2384 2076/2387/2385
f 2055/2389/2387 2056/2388/2386 2076/2387/2385
f 2055/2389/2387 2076/2387/2385 2077/2390/2388
f 2054/2391/2389 2055/2389/2387 2077/2390/2388
f 2054/2391/2389 2077/2390/2388 2078/2392/2390
f 2053/2393/2391 2054/2391/2389 2078/2392/2390
f 2052/2394/2392 2053/2393/2391 2078/2392/2390
f 2052/2394/2392 2078/2392/2390 2079/2395/2393
f 2051/2396/2394 2052/2394/2392 2079/2395/2393
f 2050/2397/2395 2051/2396/2394 2079/2395/2393
f 2049/2398/2396 2050/2397/2395 2079/2395/2393
f 2049/2398/2396 2079/2395/2393 2080/2399/2397
f 2048/2400/2398 2049/2398/2396 2080/2399/2397
f 2047/2401/2399 2048/2400/2398 2080/2399/2397
f 2046/2402/2400 2047/2401/2399 2080/2399/2397
f 2046/2402/2400 2080/2399/2397 2081/2403/2401
f 2045/2404/2402 2046/2402/2400 2081/2403/2401
f 2044/2405/2403 2045/2404/2402 2081/2403/2401
f 2043/2406/2404 2044/2405/2403 2081/2403/2401
f 2043/2406/2404 2081/2403/2401 2082/2407/2405
f 2042/2408/2406 2043/2406/2404 2082/2407/2405
f 2042/2408/2406 2082/2407/2405 2083/2409/2407
f 2041/2410/2408 2042/2408/2406 2083/2409/2407
f 2041/2410/2408 2083/2409/2407 2084/2411/2409
f 2040/2412/2410 2041/2410/2408 2084/2411/2409
f 2040/2412/2410 2084/2411/2409 2085/2413/2411
f 2040/2412/2410 2085/2413/2411 2086/2414/2412
f 2039/2415/2413 2040/2412/2410 2086/2414/2412
f 2039/2415/2413 2086/2414/2412 2087/2416/2414
f 2038/2417/2415 2039/2415/2413 2087/2416/2414
f 2038/2417/2415 2087/2416/2414 2088/2418/2416
f 2037/2419/2417 2038/2417/2415 2088/2418/2416
f 2037/2419/2417 2088/2418/2416 2089/2420/2418
f 2036/2421/2419 2037/2419/2417 2089/2420/2418
f 2036/2421/2419 2089/2420/2418 2090/2422/2420
f 2035/2423/2421 2036/2421/2419 2090/2422/2420
f 2035/2423/2421 2090/2422/2420 2091/2424/2422
f 2034/2425/2423 2035/2423/2421 2091/2424/2422
f 2034/2425/2423 2091/2424/2422 2092/2426/2424
f 2033/2427/2425 2034/2425/2423 2092/2426/2424
f 2033/2427/2425 2092/2426/2424 2093/2428/2426
f 2032/2429/2427 2033/2427/2425 2093/2428/2426
f 2031/178/2428 2032/2429/2427 2093/2428/2426
f 2031/178/2428 2093/2428/2426 2094/2430/2429
f 2222/2431/2430 2031/178/2428 2094/2430/2429
f 2222/2431/2430 2094/2430/2429 2095/2432/2431
f 2221/2433/2432 2222/2431/2430 2095/2432/2431
f 2221/2433/2432 2095/2432/2431 2096/2434/2433
f 2220/2435/2434 2221/2433/2432 2096/2434/2433
f 2220/2435/2434 2096/2434/2433 2097/2436/2435
f 2219/2437/2436 2220/2435/2434 2097/2436/2435
f 2219/2437/2436 2097/2436/2435 2098/2438/2437
f 2218/2439/2438 2219/2437/2436 2098/2438/2437
f 2218/2439/2438 2098/2438/2437 2099/2440/2439
f 2217/2441/2440 2218/2439/2438 2099/2440/2439
f 2217/2441/2440 2099/2440/2439 2100/2442/2441
f 2216/2443/2442 2217/2441/2440 2100/2442/2441
f 2216/2443/2442 2100/2442/2441 2101/2444/2443
f 2215/2445/2444 2216/2443/2442 2101/2444/2443
f 2215/2445/2444 2101/2444/2443 2102/2446/2445
f 2215/2445/2444 2102/2446/2445 2103/2447/2446
f 2214/2448/2447 2215/2445/2444 2103/2447/2446
f 2214/2448/2447 2103/2447/2446 2104/2449/2448
f 2213/2450/2449 2214/2448/2447 2104/2449/2448
f 2213/2450/2449 2104/2449/2448 2105/2451/2450
f 2212/2452/2451 2213/2450/2449 2105/2451/2450
f 2212/2452/2451 2105/2451/2450 2106/2453/2452
f 2212/2452/2451 2106/2453/2452 2107/2454/2453
f 2211/2455/2454 2212/2452/2451 2107/2454/2453
f 2211/2455/2454 2107/2454/2453 2108/158/2455
f 2211/2455/2454 2108/158/2455 2109/2456/2456
f 2210/2457/2457 2211/2455/2454 2109/2456/2456
f 2210/2457/2457 2109/2456/2456 2110/2458/2458
f 2210/2457/2457 2110/2458/2458 2111/2459/2459
f 2210/2457/2457 2111/2459/2459 2112/2460/2460
f 2210/2457/2457 2112/2460/2460 2113/2461/2461
f 2209/2462/2462 2210/2457/2457 2113/2461/2461
f 2209/2462/2462 2113/2461/2461 2114/2463/2463
f 2209/2462/2462 2114/2463/2463 2115/2464/2464
f 2209/2462/2462 2115/2464/2464 2116/2465/2465
f 2209/2462/2462 2116/2465/2465 2117/2466/2466
f 2209/2462/2462 2117/2466/2466 2118/2467/2467
f 2209/2462/2462 2118/2467/2467 2119/2468/2468
f 2209/2462/2462 2119/2468/2468 2120/2469/2469
f 2209/2462/2462 2120/2469/2469 2121/2470/2470
f 2209/2462/2462 2121/2470/2470 2122/2471/2471
f 2209/2462/2462 2122/2471/2471 2123/2472/2472
f 2209/2462/2462 2123/2472/2472 2124/2473/2473
f 2209/2462/2462 2124/2473/2473 2125/2474/2474
f 2208/2475/2475 2209/2462/2462 2125/2474/2474
f 2208/2475/2475 2125/2474/2474 2126/2476/2476
f 2208/2475/2475 2126/2476/2476 2127/2477/2477
f 2208/2475/2475 2127/2477/2477 2128/2478/2478
f 2207/2479/2479 2208/2475/2475 2128/2478/2478
f 2207/2479/2479 2128/2478/2478 2129/2480/2480
f 2206/2481/2481 2207/2479/2479 2129/2480/2480
f 2205/2482/2482 2206/2481/2481 2129/2480/2480
f 2205/2482/2482 2129/2480/2480 2130/2483/2483
f 2204/2484/2484 2205/2482/2482 2130/2483/2483
f 2204/2484/2484 2130/2483/2483 2131/2485/2485
f 2203/2486/2486 2204/2484/2484 2131/2485/2485
f 2203/2486/2486 2131/2485/2485 2132/2487/2487
f 2202/2488/2488 2203/2486/2486 2132/2487/2487
f 2201/2489/2489 2202/2488/2488 2132/2487/2487
f 2201/2489/2489 2132/2487/2487 2133/2490/2490
f 2200/2491/2491 2201/2489/2489 2133/2490/2490
f 2200/2491/2491 2133/2490/2490 2134/2492/2492
f 2199/2493/2493 2200/2491/2491 2134/2492/2492
f 2199/2493/2493 2134/2492/2492 2135/2494/2494
f 2198/2495/2495 2199/2493/2493 2135/2494/2494
f 2198/2495/2495 2135/2494/2494 2136/2496/2496
f 2197/2497/2497 2198/2495/2495 2136/2496/2496
f 2197/2497/2497 2136/2496/2496 2137/2498/2498
f 2196/2499/2499 2197/2497/2497 2137/2498/2498
f 2196/2499/2499 2137/2498/2498 2138/2500/2500
f 2196/2499/2499 2138/2500/2500 2139/2501/2501
f 2195/2502/2502 2196/2499/2499 2139/2501/2501
f 2195/2502/2502 2139/2501/2501 2140/2503/2503
f 2194/2504/2504 2195/2502/2502 2140/2503/2503
f 2194/2504/2504 2140/2503/2503 2141/2505/2505
f 2193/2506/2506 2194/2504/2504 2141/2505/2505
f 2193/2506/2506 2141/2505/2505 2142/2507/2507
f 2192/2508/2508 2193/2506/2506 2142/2507/2507
f 2192/2508/2508 2142/2507/2507 2143/2509/2509
f 2191/2510/2510 2192/2508/2508 2143/2509/2509
f 2191/2510/2510 2143/2509/2509 2144/2511/2511
f 2190/2512/2512 2191/2510/2510 2144/2511/2511
f 2190/2512/2512 2144/2511/2511 2145/2513/2513
f 2189/2514/2514 2190/2512/2512 2145/2513/2513
f 2189/2514/2514 2145/2513/2513 2146/2515/2515
f 2188/2516/2516 2189/2514/2514 2146/2515/2515
f 2188/2516/2516 2146/2515/2515 2147/2517/2517
f 2187/2518/2518 2188/2516/2516 2147/2517/2517
f 2187/2518/2518 2147/2517/2517 2148/2519/2519
f 2186/2520/2520 2187/2518/2518 2148/2519/2519
f 2185/312/2521 2186/2520/2520 2148/2519/2519
f 2184/2521/2522 2185/312/2521 2148/2519/2519
f 2184/2521/2522 2148/2519/2519 2149/2522/2523
f 2183/2523/2524 2184/2521/2522 2149/2522/2523
f 2182/2524/2525 2183/2523/2524 2149/2522/2523
f 2181/2525/2526 2182/2524/2525 2149/2522/2523
f 2180/2526/2527 2181/2525/2526 2149/2522/2523
f 2179/2527/2528 2180/2526/2527 2149/2522/2523
f 2178/2528/2529 2179/2527/2528 2149/2522/2523
f 2178/2528/2529 2149/2522/2523 2150/2529/2530
f 2177/2530/2531 2178/2528/2529 2150/2529/2530
f 2176/2531/2532 2177/2530/2531 2150/2529/2530
f 2175/2532/2533 2176/2531/2532 2150/2529/2530
f 2174/2533/2534 2175/2532/2533 2150/2529/2530
f 2174/2533/2534 2150/2529/2530 2151/2534/2535
f 2173/2535/2536 2174/2533/2534 2151/2534/2535
f 2172/2536/2537 2173/2535/2536 2151/2534/2535
f 2171/2537/2538 2172/2536/2537 2151/2534/2535
f 2170/2538/2539 2171/2537/2538 2151/2534/2535
f 2170/2538/2539 2151/2534/2535 2152/2539/2540
f 2169/2540/2541 2170/2538/2539 2152/2539/2540
f 2169/2540/2541 2152/2539/2540 2153/2541/2542
f 2168/2542/2543 2169/2540/2541 2153/2541/2542
f 2168/2542/2543 2153/2541/2542 2154/2543/2544
f 2168/2542/2543 2154/2543/2544 2155/2544/2545
f 2167/2545/2546 2168/2542/2543 2155/2544/2545
f 2167/2545/2546 2155/2544/2545 2156/2546/2547
f 2167/2545/2546 2156/2546/2547 2157/2547/2548
f 2166/2548/2549 2167/2545/2546 2157/2547/2548
f 2166/2548/2549 2157/2547/2548 2158/2549/2550
f 2165/2550/2551 2166/2548/2549 2158/2549/2550
f 2165/2550/2551 2158/2549/2550 2159/2551/2552
f 2165/2550/2551 2159/2551/2552 2160/2552/2553
f 2164/2553/2554 2165/2550/2551 2160/2552/2553
f 2164/2553/2554 2160/2552/2553 2161/2554/2555
f 2164/2553/2554 2161/2554/2555 2162/2555/2556
f 2163/2556/2557 2164/2553/2554 2162/2555/2556
f 3170/2557/2558 3171/2558/2559 3172/2559/2560
f 3169/2560/2561 3170/2557/2558 3172/2559/2560
f 3169/2560/2561 3172/2559/2560 3173/2561/2562
f 3168/2562/2563 3169/2560/2561 3173/2561/2562
f 3168/2562/2563 3173/2561/2562 3174/2563/2564
f 3167/2564/2565 3168/2562/2563 3174/2563/2564
f 3167/2564/2565 3174/2563/2564 3175/2565/2566
f 3166/2566/2567 3167/2564/2565 3175/2565/2566
f 3166/2566/2567 3175/2565/2566 3176/2567/2568
f 3165/2568/2569 3166/2566/2567 3176/2567/2568
f 3165/2568/2569 3176/2567/2568 3177/2569/2570
f 3164/2570/2571 3165/2568/2569 3177/2569/2570
f 3164/2570/2571 3177/2569/2570 3178/2571/2572
f 3163/2572/2573 3164/2570/2571 3178/2571/2572
f 3163/2572/2573 3178/2571/2572 3179/2573/2574
f 3162/2574/2575 3163/2572/2573 3179/2573/2574
f 3162/2574/2575 3179/2573/2574 3180/2575/2576
f 3161/2576/2577 3162/2574/2575 3180/2575/2576
f 3160/2577/2578 3161/2576/2577 3180/2575/2576
f 3160/2577/2578 3180/2575/2576 3181/2578/2579
f 3159/2579/2580 3160/2577/2578 3181/2578/2579
f 3159/2579/2580 3181/2578/2579 3182/2580/2581
f 3158/2581/2582 3159/2579/2580 3182/2580/2581
f 3158/2581/2582 3182/2580/2581 3183/2582/2583
f 3157/2583/2584 3158/2581/2582 3183/2582/2583
f 3156/2584/2585 3157/2583/2584 3183/2582/2583
f 3155/2585/2586 3156/2584/2585 3183/2582/2583
f 3155/2585/2586 3183/2582/2583 3184/2586/2587
f 3154/2587/2588 3155/2585/2586 3184/2586/2587
f 3153/2588/2589 3154/2587/2588 3184/2586/2587
f 3152/2589/2590 3153/2588/2589 3184/2586/2587
f 3152/2589/2590 3184/2586/2587 3185/2590/2591
f 3151/2591/2592 3152/2589/2590 3185/2590/2591
f 3150/2592/2593 3151/2591/2592 3185/2590/2591
f 3149/2593/2594 3150/2592/2593 3185/2590/2591
f 3149/2593/2594 3185/2590/2591 3186/2594/2595
f 3148/2595/2596 3149/2593/2594 3186/2594/2595
f 3147/2596/2597 3148/2595/2596 3186/2594/2595
f 3146/2597/2598 3147/2596/2597 3186/2594/2595
f 3146/2597/2598 3186/2594/2595 3187/2598/2599
f 3145/2599/2600 3146/2597/2598 3187/2598/2599
f 3144/2600/2601 3145/2599/2600 3187/2598/2599
f 3144/2600/2601 3187/2598/2599 3188/2601/2602
f 3143/2602/2603 3144/2600/2601 3188/2601/2602
f 3142/2603/2604 3143/2602/2603 3188/2601/2602
f 3141/2604/2605 3142/2603/2604 3188/2601/2602
f 3140/2605/2606 3141/2604/2605 3188/2601/2602
f 3140/2605/2606 3188/2601/2602 3189/2606/2607
f 3139/2607/2608 3140/2605/2606 3189/2606/2607
f 3138/2608/2609 3139/2607/2608 3189/2606/2607
f 3137/2609/2610 3138/2608/2609 3189/2606/2607
f 3136/2610/2611 3137/2609/2610 3189/2606/2607
f 3135/2611/2612 3136/2610/2611 3189/2606/2607
f 3134/2612/2613 3135/2611/2612 3189/2606/2607
f 3134/2612/2613 3189/2606/2607 3190/2613/2614
f 3133/2614/2615 3134/2612/2613 3190/2613/2614
f 3132/2615/2616 3133/2614/2615 3190/2613/2614
f 3131/2616/2617 3132/2615/2616 3190/2613/2614
f 3131/2616/2617 3190/2613/2614 3191/2617/2618
f 3130/2618/2619 3131/2616/2617 3191/2617/2618
f 3129/2619/2620 3130/2618/2619 3191/2617/2618
f 3128/2620/2621 3129/2619/2620 3191/2617/2618
f 3128/2620/2621 3191/2617/2618 3192/2621/2622
f 3127/2622/2623 3128/2620/2621 3192/2621/2622
f 3126/2623/2624 3127/2622/2623 3192/2621/2622
f 3126/2623/2624 3192/2621/2622 3193/2624/2625
f 3125/2625/2626 3126/2623/2624 3193/2624/2625
f 3124/2626/2627 3125/2625/2626 3193/2624/2625
f 3124/2626/2627 3193/2624/2625 3194/2627/2628
f 3123/2628/2629 3124/2626/2627 3194/2627/2628
f 3123/2628/2629 3194/2627/2628 3195/2629/2630
f 3122/2630/2631 3123/2628/2629 3195/2629/2630
f 3121/2631/2632 3122/2630/2631 3195/2629/2630
f 3120/2632/2633 3121/2631/2632 3195/2629/2630
f 3120/2632/2633 3195/2629/2630 3196/2633/2634
f 3119/2634/2635 3120/2632/2633 3196/2633/2634
f 3119/2634/2635 3196/2633/2634 3197/2635/2636
f 3119/2634/2635 3197/2635/2636 3198/2636/2637
f 3118/2637/2638 3119/2634/2635 3198/2636/2637
f 3118/2637/2638 3198/2636/2637 3199/2638/2639
f 3117/2639/2640 3118/2637/2638 3199/2638/2639
f 3117/2639/2640 3199/2638/2639 3200/2640/2641
f 3116/2641/2642 3117/2639/2640 3200/2640/2641
f 3116/2641/2642 3200/2640/2641 3201/2642/2643
f 3115/2643/2644 3116/2641/2642 3201/2642/2643
f 3115/2643/2644 3201/2642/2643 3202/2644/2645
f 3114/2645/2646 3115/2643/2644 3202/2644/2645
f 3114/2645/2646 3202/2644/2645 3203/2646/2647
f 3114/2645/2646 3203/2646/2647 3204/2647/2648
f 3113/2648/2649 3114/2645/2646 3204/2647/2648
f 3113/2648/2649 3204/2647/2648 3205/2649/2650
f 3112/2650/2651 3113/2648/2649 3205/2649/2650
f 3112/2650/2651 3205/2649/2650 3206/2651/2652
f 3112/2650/2651 3206/2651/2652 3207/2652/2653
f 3111/2653/2654 3112/2650/2651 3207/2652/2653
f 3111/2653/2654 3207/2652/2653 3208/2654/2655
f 3111/2653/2654 3208/2654/2655 3209/2655/2656
f 3110/2656/2657 3111/2653/2654 3209/2655/2656
f 3110/2656/2657 3209/2655/2656 3210/2657/2658
f 3110/2656/2657 3210/2657/2658 3211/2658/2659
f 3110/2656/2657 3211/2658/2659 3212/2659/2660
f 3110/2656/2657 3212/2659/2660 3213/2660/2661
f 3109/2661/727 3110/2656/2657 3213/2660/2661
f 3109/2661/727 3213/2660/2661 3214/2662/2662
f 3109/2661/727 3214/2662/2662 3215/2663/2663
f 3109/2661/727 3215/2663/2663 3216/2664/2664
f 3108/2665/2665 3109/2661/727 3216/2664/2664
f 3108/2665/2665 3216/2664/2664 3217/2666/2666
f 3108/2665/2665 3217/2666/2666 3218/2667/2667
f 3108/2665/2665 3218/2667/2667 3219/2668/2668
f 3107/2669/2669 3108/2665/2665 3219/2668/2668
f 3107/2669/2669 3219/2668/2668 3220/2670/2670
f 3107/2669/2669 3220/2670/2670 3221/2671/2671
f 3106/2672/2672 3107/2669/2669 3221/2671/2671
f 3106/2672/2672 3221/2671/2671 3222/2673/2673
f 3106/2672/2672 3222/2673/2673 3223/2674/2674
f 3105/2675/2675 3106/2672/2672 3223/2674/2674
f 3105/2675/2675 3223/2674/2674 3224/2676/2676
f 3104/2677/2677 3105/2675/2675 3224/2676/2676
f 3104/2677/2677 3224/2676/2676 3225/2678/2678
f 3104/2677/2677 3225/2678/2678 3226/2679/2679
f 3103/2680/2680 3104/2677/2677 3226/2679/2679
f 3103/2680/2680 3226/2679/2679 3227/2681/2681
f 3102/2682/2682 3103/2680/2680 3227/2681/2681
f 3102/2682/2682 3227/2681/2681 3228/2683/2683
f 3101/2684/2684 3102/2682/2682 3228/2683/2683
f 3101/2684/2684 3228/2683/2683 3229/2685/2685
f 2606/2686/2686 2607/2687/2687 2608/2688/2688
f 2605/2689/2689 2606/2686/2686 2608/2688/2688
f 2605/2689/2689 2608/2688/2688 2609/2690/2690
f 2604/2691/2691 2605/2689/2689 2609/2690/2690
f 2604/2691/2691 2609/2690/2690 2610/2692/2692
f 2603/2693/2693 2604/2691/2691 2610/2692/2692
f 3100/2694/2694 3101/2684/2684 3229/2685/2685
f 2603/2693/2693 2610/2692/2692 2611/2695/2695
f 3100/2694/2694 3229/2685/2685 3230/181/2696
f 2602/2696/2697 2603/2693/2693 2611/2695/2695
f 2602/2696/2697 2611/2695/2695 2612/2697/2698
f 2601/2698/2699 2602/2696/2697 2612/2697/2698
f 2601/2698/2699 2612/2697/2698 2613/2699/2700
f 2600/2700/2701 2601/2698/2699 2613/2699/2700
f 2600/2700/2701 2613/2699/2700 2614/2701/2702
f 2599/2702/2703 2600/2700/2701 2614/2701/2702
f 2599/2702/2703 2614/2701/2702 2615/2703/2704
f 2598/2704/2705 2599/2702/2703 2615/2703/2704
f 2598/2704/2705 2615/2703/2704 2616/2705/2706
f 2597/2706/2707 2598/2704/2705 2616/2705/2706
f 2596/2707/2708 2597/2706/2707 2616/2705/2706
f 2596/2707/2708 2616/2705/2706 2617/2708/2709
f 2595/2709/2710 2596/2707/2708 2617/2708/2709
f 2595/2709/2710 2617/2708/2709 2618/2710/2711
f 2594/2711/2712 2595/2709/2710 2618/2710/2711
f 2594/2711/2712 2618/2710/2711 2619/2712/2713
f 2593/2713/2714 2594/2711/2712 2619/2712/2713
f 2592/2714/2715 2593/2713/2714 2619/2712/2713
f 2591/2715/2716 2592/2714/2715 2619/2712/2713
f 2590/2716/2717 2591/2715/2716 2619/2712/2713
f 3100/2694/2694 3230/181/2696 2571/178/2718
f 2590/2716/2717 2619/2712/2713 2620/2717/2719
f 2589/2718/2720 2590/2716/2717 2620/2717/2719
f 2588/2719/2721 2589/2718/2720 2620/2717/2719
f 2587/2720/2722 2588/2719/2721 2620/2717/2719
f 2587/2720/2722 2620/2717/2719 2621/2721/2723
f 2586/2722/2724 2587/2720/2722 2621/2721/2723
f 3099/2723/2725 3100/2694/2694 2571/178/2718
f 2585/2724/2726 2586/2722/2724 2621/2721/2723
f 2584/2725/2727 2585/2724/2726 2621/2721/2723
f 2583/2726/2728 2584/2725/2727 2621/2721/2723
f 2583/2726/2728 2621/2721/2723 2622/2727/2729
f 2582/2728/2730 2583/2726/2728 2622/2727/2729
f 2581/2729/2731 2582/2728/2730 2622/2727/2729
f 3050/2730/2732 3051/2731/2733 3052/2732/2734
f 3049/2733/2735 3050/2730/2732 3052/2732/2734
f 3049/2733/2735 3052/2732/2734 3053/2734/2736
f 3048/2735/2737 3049/2733/2735 3053/2734/2736
f 3048/2735/2737 3053/2734/2736 3054/2736/2738
f 2580/2737/2739 2581/2729/2731 2622/2727/2729
f 3047/2738/2740 3048/2735/2737 3054/2736/2738
f 3047/2738/2740 3054/2736/2738 3055/2739/2741
f 2580/2737/2739 2622/2727/2729 2623/2740/2742
f 3046/2741/2743 3047/2738/2740 3055/2739/2741
f 2579/2742/2744 2580/2737/2739 2623/2740/2742
f 3046/2741/2743 3055/2739/2741 3056/2743/2745
f 3045/2744/2746 3046/2741/2743 3056/2743/2745
f 2578/2745/2747 2579/2742/2744 2623/2740/2742
f 3045/2744/2746 3056/2743/2745 3057/2746/2748
f 3044/2747/2749 3045/2744/2746 3057/2746/2748
f 2577/2748/2750 2578/2745/2747 2623/2740/2742
f 2577/2748/2750 2623/2740/2742 2624/2749/2751
f 3044/2747/2749 3057/2746/2748 3058/2750/2752
f 3043/2751/2753 3044/2747/2749 3058/2750/2752
f 2576/2752/2754 2577/2748/2750 2624/2749/2751
f 3042/2753/2755 3043/2751/2753 3058/2750/2752
f 2575/2754/2756 2576/2752/2754 2624/2749/2751
f 3042/2753/2755 3058/2750/2752 3059/2755/2757
f 2574/2756/538 2575/2754/2756 2624/2749/2751
f 2574/2756/538 2624/2749/2751 2625/2757/2758
f 3041/2758/2759 3042/2753/2755 3059/2755/2757
f 3041/2758/2759 3059/2755/2757 3060/2759/2760
f 2573/2760/2761 2574/2756/538 2625/2757/2758
f 3040/2761/2762 3041/2758/2759 3060/2759/2760
f 2572/2762/2763 2573/2760/2761 2625/2757/2758
f 3040/2761/2762 3060/2759/2760 3061/2763/2764
f 2572/2762/2763 2625/2757/2758 2626/2764/2765
f 2571/178/2718 2572/2762/2763 2626/2764/2765
f 3039/2765/2766 3040/2761/2762 3061/2763/2764
f 3099/2723/2725 2571/178/2718 2626/2764/2765
f 3039/2765/2766 3061/2763/2764 3062/2766/2767
f 3038/2767/2768 3039/2765/2766 3062/2766/2767
f 3099/2723/2725 2626/2764/2765 2627/2768/2769
f 3038/2767/2768 3062/2766/2767 3063/2769/2770
f 3038/2767/2768 3063/2769/2770 3064/2770/2771
f 3099/2723/2725 2627/2768/2769 2628/2771/2772
f 3037/2772/2773 3038/2767/2768 3064/2770/2771
f 3098/2773/2774 3099/2723/2725 2628/2771/2772
f 3097/2774/2775 3098/2773/2774 2628/2771/2772
f 3097/2774/2775 2628/2771/2772 2629/2775/2776
f 3096/2776/2777 3097/2774/2775 2629/2775/2776
f 3037/2772/2773 3064/2770/2771 3065/2777/2778
f 3036/2778/2779 3037/2772/2773 3065/2777/2778
f 3095/2779/597 3096/2776/2777 2629/2775/2776
f 3095/2779/597 2629/2775/2776 2630/2780/2780
f 3094/2781/2781 3095/2779/597 2630/2780/2780
f 3093/2782/599 3094/2781/2781 2630/2780/2780
f 3035/2783/2782 3036/2778/2779 3065/2777/2778
f 3035/2783/2782 3065/2777/2778 3066/2784/2783
f 3093/2782/599 2630/2780/2780 2631/2785/2784
f 3092/2786/2785 3093/2782/599 2631/2785/2784
f 3091/2787/2786 3092/2786/2785 2631/2785/2784
f 3035/2783/2782 3066/2784/2783 3067/2788/2787
f 3091/2787/2786 2631/2785/2784 2632/2789/2788
f 3034/2790/2789 3035/2783/2782 3067/2788/2787
f 3091/2787/2786 2632/2789/2788 2633/2791/2790
f 3090/2792/2791 3091/2787/2786 2633/2791/2790
f 3090/2792/2791 2633/2791/2790 2634/2793/2792
f 3034/2790/2789 3067/2788/2787 3068/2794/2793
f 3089/2795/2794 3090/2792/2791 2634/2793/2792
f 3033/2796/2795 3034/2790/2789 3068/2794/2793
f 3089/2795/2794 2634/2793/2792 2635/2797/2796
f 3089/2795/2794 2635/2797/2796 2636/2798/2797
f 3033/2796/2795 3068/2794/2793 3069/2799/2798
f 3088/2800/2799 3089/2795/2794 2636/2798/2797
f 3088/2800/2799 2636/2798/2797 2637/2801/2800
f 3032/2802/2801 3033/2796/2795 3069/2799/2798
f 3032/2802/2801 3069/2799/2798 3070/2803/2802
f 3088/2800/2799 2637/2801/2800 2638/2804/2803
f 3087/2805/2804 3088/2800/2799 2638/2804/2803
f 3087/2805/2804 2638/2804/2803 2639/2806/2805
f 3032/2802/2801 3070/2803/2802 3071/2807/2806
f 3087/2805/2804 2639/2806/2805 2640/2808/2807
f 3086/2809/2808 3087/2805/2804 2640/2808/2807
f 3032/2802/2801 3071/2807/2806 3072/2810/2809
f 3086/2809/2808 2640/2808/2807 2641/2811/2810
f 3031/2812/2811 3032/2802/2801 3072/2810/2809
f 3085/2813/2812 3086/2809/2808 2641/2811/2810
f 3084/2814/2813 3085/2813/2812 2641/2811/2810
f 3083/2815/2814 3084/2814/2813 2641/2811/2810
f 3083/2815/2814 2641/2811/2810 2642/2816/2815
f 3031/2812/2811 3072/2810/2809 3073/2817/2816
f 3082/2818/2817 3083/2815/2814 2642/2816/2815
f 3081/2819/2818 3082/2818/2817 2642/2816/2815
f 3080/2820/2819 3081/2819/2818 2642/2816/2815
f 3031/2812/2811 3073/2817/2816 3074/2821/2820
f 3080/2820/2819 2642/2816/2815 2643/2822/2821
f 3079/2823/2822 3080/2820/2819 2643/2822/2821
f 3078/2824/2823 3079/2823/2822 2643/2822/2821
f 3077/2825/2824 3078/2824/2823 2643/2822/2821
f 3031/2812/2811 3074/2821/2820 3075/2826/2825
f 3076/2827/2826 3077/2825/2824 2643/2822/2821
f 3075/2826/2825 3076/2827/2826 2643/2822/2821
f 3031/2812/2811 3075/2826/2825 2643/2822/2821
f 3031/2812/2811 2643/2822/2821 2679/2828/2827
f 2679/2828/2827 2643/2822/2821 2644/2829/2828
f 3031/2812/2811 2679/2828/2827 2680/2830/2829
f 2678/2831/2830 2679/2828/2827 2644/2829/2828
f 2677/2832/2831 2678/2831/2830 2644/2829/2828
f 3031/2812/2811 2680/2830/2829 2681/2833/2832
f 2676/2834/2833 2677/2832/2831 2644/2829/2828
f 3031/2812/2811 2681/2833/2832 2682/2835/2834
f 2675/2836/2835 2676/2834/2833 2644/2829/2828
f 3031/2812/2811 2682/2835/2834 2683/2837/2836
f 2674/2838/2837 2675/2836/2835 2644/2829/2828
f 2674/2838/2837 2644/2829/2828 2645/2839/2838
f 3030/2840/2839 3031/2812/2811 2683/2837/2836
f 3030/2840/2839 2683/2837/2836 2684/2841/2840
f 2673/2842/2841 2674/2838/2837 2645/2839/2838
f 3030/2840/2839 2684/2841/2840 2685/2843/2842
f 2672/2844/2843 2673/2842/2841 2645/2839/2838
f 3030/2840/2839 2685/2843/2842 2686/2845/2844
f 2671/2846/2845 2672/2844/2843 2645/2839/2838
f 2671/2846/2845 2645/2839/2838 2646/2847/2846
f 2670/2848/2847 2671/2846/2845 2646/2847/2846
f 3030/2840/2839 2686/2845/2844 2687/2849/2848
f 2669/2850/2849 2670/2848/2847 2646/2847/2846
f 3030/2840/2839 2687/2849/2848 2688/2851/2850
f 2669/2850/2849 2646/2847/2846 2647/2852/2851
f 2668/2853/2852 2669/2850/2849 2647/2852/2851
f 3030/2840/2839 2688/2851/2850 2689/2854/2853
f 2667/2855/2854 2668/2853/2852 2647/2852/2851
f 2667/2855/2854 2647/2852/2851 2648/2856/2855
f 3030/2840/2839 2689/2854/2853 2690/2857/2856
f 2666/2858/2857 2667/2855/2854 2648/2856/2855
f 2666/2858/2857 2648/2856/2855 2649/2859/2858
f 2665/2860/2859 2666/2858/2857 2649/2859/2858
f 3030/2840/2839 2690/2857/2856 2691/2861/2860
f 2664/2862/2861 2665/2860/2859 2649/2859/2858
f 2664/2862/2861 2649/2859/2858 2650/2863/2862
f 2663/2864/2863 2664/2862/2861 2650/2863/2862
f 3030/2840/2839 2691/2861/2860 2692/2865/2864
f 2663/2864/2863 2650/2863/2862 2651/2866/2865
f 2662/2867/2866 2663/2864/2863 2651/2866/2865
f 2661/2868/2867 2662/2867/2866 2651/2866/2865
f 2661/2868/2867 2651/2866/2865 2652/2869/2868
f 2660/2870/2869 2661/2868/2867 2652/2869/2868
f 2659/2871/2870 2660/2870/2869 2652/2869/2868
f 2659/2871/2870 2652/2869/2868 2653/2872/2871
f 2658/2873/2872 2659/2871/2870 2653/2872/2871
f 2658/2873/2872 2653/2872/2871 2654/2874/2873
f 2657/2875/2874 2658/2873/2872 2654/2874/2873
f 2656/2876/2875 2657/2875/2874 2654/2874/2873
f 2656/2876/2875 2654/2874/2873 2655/2877/2876
f 3029/2878/2877 3030/2840/2839 2979/2879/2878
f 2979/2879/2878 3030/2840/2839 2692/2865/2864
f 3028/2880/2879 3029/2878/2877 2979/2879/2878
f 3028/2880/2879 2979/2879/2878 2980/2881/2880
f 2978/2882/2881 2979/2879/2878 2692/2865/2864
f 2978/2882/2881 2692/2865/2864 2693/2883/2882
f 3027/2884/2883 3028/2880/2879 2980/2881/2880
f 3027/2884/2883 2980/2881/2880 2981/2885/2884
f 3027/2884/2883 2981/2885/2884 2982/2886/2885
f 3026/2887/2886 3027/2884/2883 2982/2886/2885
f 3026/2887/2886 2982/2886/2885 2983/2888/2887
f 3026/2887/2886 2983/2888/2887 2984/2889/2888
f 2978/2882/2881 2693/2883/2882 2694/2890/2889
f 3025/2891/2890 3026/2887/2886 2984/2889/2888
f 3025/2891/2890 2984/2889/2888 2985/2892/2891
f 2977/2893/2892 2978/2882/2881 2694/2890/2889
f 3025/2891/2890 2985/2892/2891 2986/2894/2893
f 3025/2891/2890 2986/2894/2893 2987/2895/2894
f 3024/2896/2895 3025/2891/2890 2987/2895/2894
f 3024/2896/2895 2987/2895/2894 2988/2897/2896
f 2977/2893/2892 2694/2890/2889 2695/2898/2897
f 3024/2896/2895 2988/2897/2896 2989/2899/2898
f 3023/2900/2899 3024/2896/2895 2989/2899/2898
f 3023/2900/2899 2989/2899/2898 2990/2901/2900
f 3023/2900/2899 2990/2901/2900 2991/2902/2901
f 3022/2903/2902 3023/2900/2899 2991/2902/2901
f 3022/2903/2902 2991/2902/2901 2992/2904/2903
f 3022/2903/2902 2992/2904/2903 2993/2905/2904
f 2976/2906/2905 2977/2893/2892 2895/2907/2906
f 2895/2907/2906 2977/2893/2892 2695/2898/2897
f 3022/2903/2902 2993/2905/2904 2994/2908/2907
f 3022/2903/2902 2994/2908/2907 2995/2909/2908
f 3022/2903/2902 2995/2909/2908 2996/2910/2909
f 3022/2903/2902 2996/2910/2909 2997/2911/2910
f 3022/2903/2902 2997/2911/2910 2998/2912/2911
f 3021/2913/2912 3022/2903/2902 2998/2912/2911
f 3021/2913/2912 2998/2912/2911 2999/2914/2913
f 3021/2913/2912 2999/2914/2913 3000/2915/2914
f 2895/2907/2906 2695/2898/2897 2696/2916/2915
f 3021/2913/2912 3000/2915/2914 3001/2917/2916
f 3020/2918/2917 3021/2913/2912 3001/2917/2916
f 3020/2918/2917 3001/2917/2916 3002/2919/2918
f 2976/2906/2905 2895/2907/2906 2896/2920/2919
f 2894/2921/2920 2895/2907/2906 2696/2916/2915
f 3020/2918/2917 3002/2919/2918 3003/2922/2921
f 3019/2923/2922 3020/2918/2917 3003/2922/2921
f 3019/2923/2922 3003/2922/2921 3004/2924/2923
f 3019/2923/2922 3004/2924/2923 3005/2925/2924
f 3018/2926/2925 3019/2923/2922 3005/2925/2924
f 3018/2926/2925 3005/2925/2924 3006/2927/2926
f 3018/2926/2925 3006/2927/2926 3007/2928/2927
f 3018/2926/2925 3007/2928/2927 3008/2929/2928
f 3017/2930/2929 3018/2926/2925 3008/2929/2928
f 3017/2930/2929 3008/2929/2928 3009/2931/2930
f 3017/2930/2929 3009/2931/2930 3010/2932/2931
f 2975/2933/2932 2976/2906/2905 2896/2920/2919
f 3016/2934/2933 3017/2930/2929 3010/2932/2931
f 3016/2934/2933 3010/2932/2931 3011/2935/2934
f 3016/2934/2933 3011/2935/2934 3012/2936/2935
f 3016/2934/2933 3012/2936/2935 3013/2937/2936
f 3015/2938/2937 3016/2934/2933 3013/2937/2936
f 3015/2938/2937 3013/2937/2936 3014/2939/2938
f 2894/2921/2920 2696/2916/2915 2697/2940/2939
f 2975/2933/2932 2896/2920/2919 2897/2941/2940
f 2893/2942/2941 2894/2921/2920 2697/2940/2939
f 2974/2943/2942 2975/2933/2932 2897/2941/2940
f 2893/2942/2941 2697/2940/2939 2698/2944/2943
f 2974/2943/2942 2897/2941/2940 2898/2945/2944
f 2973/2946/2945 2974/2943/2942 2898/2945/2944
f 2973/2946/2945 2898/2945/2944 2899/2947/2946
f 2892/2948/2947 2893/2942/2941 2698/2944/2943
f 2892/2948/2947 2698/2944/2943 2699/2949/2948
f 2972/2950/2949 2973/2946/2945 2899/2947/2946
f 2972/2950/2949 2899/2947/2946 2900/2951/2950
f 2892/2948/2947 2699/2949/2948 2700/2952/2951
f 2891/2953/2952 2892/2948/2947 2700/2952/2951
f 2971/2954/2953 2972/2950/2949 2900/2951/2950
f 2971/2954/2953 2900/2951/2950 2901/2955/2954
f 2891/2953/2952 2700/2952/2951 2701/2956/2955
f 2970/2957/2956 2971/2954/2953 2901/2955/2954
f 2890/2958/2957 2891/2953/2952 2701/2956/2955
f 2970/2957/2956 2901/2955/2954 2902/2959/2958
f 2969/2960/2959 2970/2957/2956 2902/2959/2958
f 2890/2958/2957 2701/2956/2955 2702/2961/2960
f 2969/2960/2959 2902/2959/2958 2903/2962/2961
f 2889/2963/2962 2890/2958/2957 2702/2961/2960
f 2968/2964/2963 2969/2960/2959 2903/2962/2961
f 2968/2964/2963 2903/2962/2961 2904/2965/2964
f 2888/2966/2965 2889/2963/2962 2702/2961/2960
f 2888/2966/2965 2702/2961/2960 2703/2967/2966
f 2967/2968/2967 2968/2964/2963 2904/2965/2964
f 2967/2968/2967 2904/2965/2964 2905/2969/2968
f 2887/2970/2969 2888/2966/2965 2703/2967/2966
f 2887/2970/2969 2703/2967/2966 2704/2971/2970
f 2966/2972/2971 2967/2968/2967 2905/2969/2968
f 2887/2970/2969 2704/2971/2970 2705/2973/2972
f 2966/2972/2971 2905/2969/2968 2906/2974/2973
f 2887/2970/2969 2705/2973/2972 2706/2975/2974
f 2886/2976/2975 2887/2970/2969 2706/2975/2974
f 2965/2977/2976 2966/2972/2971 2906/2974/2973
f 2886/2976/2975 2706/2975/2974 2707/2978/2977
f 2965/2977/2976 2906/2974/2973 2907/2979/2978
f 2886/2976/2975 2707/2978/2977 2708/2980/2979
f 2885/2981/2980 2886/2976/2975 2708/2980/2979
f 2964/2982/2981 2965/2977/2976 2907/2979/2978
f 2885/2981/2980 2708/2980/2979 2709/2983/2982
f 2964/2982/2981 2907/2979/2978 2908/2984/2983
f 2885/2981/2980 2709/2983/2982 2710/2985/2984
f 2963/2986/2985 2964/2982/2981 2908/2984/2983
f 2884/2987/2986 2885/2981/2980 2710/2985/2984
f 2884/2987/2986 2710/2985/2984 2711/2988/2987
f 2963/2986/2985 2908/2984/2983 2909/2989/2988
f 2962/2990/2989 2963/2986/2985 2909/2989/2988
f 2884/2987/2986 2711/2988/2987 2712/2991/2990
f 2883/2992/2991 2884/2987/2986 2712/2991/2990
f 2962/2990/2989 2909/2989/2988 2910/2993/2992
f 2883/2992/2991 2712/2991/2990 2713/2994/2993
f 2961/2995/2994 2962/2990/2989 2910/2993/2992
f 2882/2996/2995 2883/2992/2991 2713/2994/2993
f 2961/2995/2994 2910/2993/2992 2911/2997/2996
f 2882/2996/2995 2713/2994/2993 2714/2998/2997
f 2881/2999/2998 2882/2996/2995 2714/2998/2997
f 2960/3000/2999 2961/2995/2994 2911/2997/2996
f 2960/3000/2999 2911/2997/2996 2912/3001/3000
f 2880/3002/3001 2881/2999/2998 2714/2998/2997
f 2880/3002/3001 2714/2998/2997 2715/3003/3002
f 2959/3004/3003 2960/3000/2999 2912/3001/3000
f 2879/3005/3004 2880/3002/3001 2715/3003/3002
f 2959/3004/3003 2912/3001/3000 2913/3006/3005
f 2878/3007/3006 2879/3005/3004 2715/3003/3002
f 2878/3007/3006 2715/3003/3002 2716/3008/3007
f 2958/3009/3008 2959/3004/3003 2913/3006/3005
f 2877/3010/3009 2878/3007/3006 2716/3008/3007
f 2958/3009/3008 2913/3006/3005 2914/3011/3010
f 2877/3010/3009 2716/3008/3007 2717/3012/3011
f 2876/3013/3012 2877/3010/3009 2717/3012/3011
f 2957/3014/3013 2958/3009/3008 2914/3011/3010
f 2876/3013/3012 2717/3012/3011 2718/3015/3014
f 2875/3016/3015 2876/3013/3012 2718/3015/3014
f 2957/3014/3013 2914/3011/3010 2915/3017/3016
f 2875/3016/3015 2718/3015/3014 2719/3018/3017
f 2874/3019/3018 2875/3016/3015 2719/3018/3017
f 2874/3019/3018 2719/3018/3017 2720/3020/3019
f 2956/3021/3020 2957/3014/3013 2915/3017/3016
f 2956/3021/3020 2915/3017/3016 2916/3022/3021
f 2874/3019/3018 2720/3020/3019 2721/3023/3022
f 2873/3024/3023 2874/3019/3018 2721/3023/3022
f 2873/3024/3023 2721/3023/3022 2722/3025/3024
f 2872/3026/3025 2873/3024/3023 2722/3025/3024
f 2955/3027/3026 2956/3021/3020 2916/3022/3021
f 2872/3026/3025 2722/3025/3024 2723/3028/3027
f 2955/3027/3026 2916/3022/3021 2917/3029/3028
f 2872/3026/3025 2723/3028/3027 2724/3030/3029
f 2871/3031/3030 2872/3026/3025 2724/3030/3029
f 2871/3031/3030 2724/3030/3029 2725/3032/3031
f 2871/3031/3030 2725/3032/3031 2726/3033/3032
f 2954/3034/3033 2955/3027/3026 2917/3029/3028
f 2870/3035/3034 2871/3031/3030 2726/3033/3032
f 2954/3034/3033 2917/3029/3028 2918/3036/3035
f 2822/3037/1844 2823/3038/3036 2824/3039/3037
f 2822/3037/1844 2824/3039/3037 2825/3040/3038
f 2822/3037/1844 2825/3040/3038 2826/3041/3039
f 2821/3042/2027 2822/3037/1844 2826/3041/3039
f 2821/3042/2027 2826/3041/3039 2827/3043/3040
f 2821/3042/2027 2827/3043/3040 2828/3044/3041
f 2820/3045/3042 2821/3042/2027 2828/3044/3041
f 2820/3045/3042 2828/3044/3041 2829/3046/3043
f 2820/3045/3042 2829/3046/3043 2830/3047/3044
f 2953/3048/3045 2954/3034/3033 2918/3036/3035
f 2819/3049/3046 2820/3045/3042 2830/3047/3044
f 2819/3049/3046 2830/3047/3044 2831/3050/3047
f 2819/3049/3046 2831/3050/3047 2832/3051/3048
f 2869/3052/3049 2870/3035/3034 2726/3033/3032
f 2818/3053/3050 2819/3049/3046 2832/3051/3048
f 2818/3053/3050 2832/3051/3048 2833/3054/3051
f 2869/3052/3049 2726/3033/3032 2727/3055/3052
f 2818/3053/3050 2833/3054/3051 2834/3056/3053
f 2818/3053/3050 2834/3056/3053 2835/3057/3054
f 2817/3058/3055 2818/3053/3050 2835/3057/3054
f 2817/3058/3055 2835/3057/3054 2836/3059/3056
f 2952/3060/3057 2953/3048/3045 2918/3036/3035
f 2868/3061/3058 2869/3052/3049 2727/3055/3052
f 2816/3062/3059 2817/3058/3055 2836/3059/3056
f 2815/3063/3060 2816/3062/3059 2836/3059/3056
f 2867/3064/3061 2868/3061/3058 2727/3055/3052
f 2951/3065/3062 2952/3060/3057 2918/3036/3035
f 2815/3063/3060 2836/3059/3056 2837/3066/3063
f 2867/3064/3061 2727/3055/3052 2728/3067/3064
f 2814/3068/1868 2815/3063/3060 2837/3066/3063
f 2866/3069/3065 2867/3064/3061 2728/3067/3064
f 2950/3070/3066 2951/3065/3062 2918/3036/3035
f 2813/3071/3067 2814/3068/1868 2837/3066/3063
f 2813/3071/3067 2837/3066/3063 2838/3072/3068
f 2865/3073/3069 2866/3069/3065 2728/3067/3064
f 2812/3074/3070 2813/3071/3067 2838/3072/3068
f 2949/3075/3071 2950/3070/3066 2918/3036/3035
f 2812/3074/3070 2838/3072/3068 2839/3076/3072
f 2864/3077/3073 2865/3073/3069 2728/3067/3064
f 2863/3078/3074 2864/3077/3073 2728/3067/3064
f 2811/3079/3075 2812/3074/3070 2839/3076/3072
f 2811/3079/3075 2839/3076/3072 2840/3080/3076
f 2948/3081/3077 2949/3075/3071 2918/3036/3035
f 2862/3082/3078 2863/3078/3074 2728/3067/3064
f 2861/3083/3079 2862/3082/3078 2728/3067/3064
f 2811/3079/3075 2840/3080/3076 2841/3084/3080
f 2810/3085/3081 2811/3079/3075 2841/3084/3080
f 2860/3086/3082 2861/3083/3079 2728/3067/3064
f 2947/3087/3083 2948/3081/3077 2918/3036/3035
f 2860/3086/3082 2728/3067/3064 2729/3088/3084
f 2810/3085/3081 2841/3084/3080 2842/3089/3085
f 2859/3090/3086 2860/3086/3082 2729/3088/3084
f 2947/3087/3083 2918/3036/3035 2919/3091/3087
f 2858/3092/3088 2859/3090/3086 2729/3088/3084
f 2857/3093/3089 2858/3092/3088 2729/3088/3084
f 2810/3085/3081 2842/3089/3085 2843/3094/3090
f 2809/3095/3091 2810/3085/3081 2843/3094/3090
f 2856/3096/3092 2857/3093/3089 2729/3088/3084
f 2946/3097/3093 2947/3087/3083 2919/3091/3087
f 2855/3098/3094 2856/3096/3092 2729/3088/3084
f 2809/3095/3091 2843/3094/3090 2844/3099/3095
f 2854/3100/3096 2855/3098/3094 2729/3088/3084
f 2853/3101/3097 2854/3100/3096 2729/3088/3084
f 2809/3095/3091 2844/3099/3095 2845/3102/3098
f 2852/3103/3099 2853/3101/3097 2729/3088/3084
f 2851/3104/3100 2852/3103/3099 2729/3088/3084
f 2809/3095/3091 2845/3102/3098 2846/3105/3101
f 2850/3106/3102 2851/3104/3100 2729/3088/3084
f 2849/3107/3103 2850/3106/3102 2729/3088/3084
f 2809/3095/3091 2846/3105/3101 2847/3108/3104
f 2848/3109/3105 2849/3107/3103 2729/3088/3084
f 2847/3108/3104 2848/3109/3105 2729/3088/3084
f 2809/3095/3091 2847/3108/3104 2729/3088/3084
f 2945/3110/3106 2946/3097/3093 2919/3091/3087
f 2808/3111/3107 2809/3095/3091 2729/3088/3084
f 2944/3112/3108 2945/3110/3106 2919/3091/3087
f 2807/3113/3109 2808/3111/3107 2729/3088/3084
f 2807/3113/3109 2729/3088/3084 2730/3114/3110
f 2943/3115/3111 2944/3112/3108 2919/3091/3087
f 2806/3116/3112 2807/3113/3109 2730/3114/3110
f 2942/3117/3113 2943/3115/3111 2919/3091/3087
f 2805/3118/3114 2806/3116/3112 2730/3114/3110
f 2941/3119/3115 2942/3117/3113 2919/3091/3087
f 2804/3120/3116 2805/3118/3114 2730/3114/3110
f 2803/3121/3117 2804/3120/3116 2730/3114/3110
f 2941/3119/3115 2919/3091/3087 2920/3122/3118
f 2940/3123/3119 2941/3119/3115 2920/3122/3118
f 2803/3121/3117 2730/3114/3110 2731/3124/3120
f 2802/3125/3121 2803/3121/3117 2731/3124/3120
f 2940/3123/3119 2920/3122/3118 2921/3126/3122
f 2939/3127/3123 2940/3123/3119 2921/3126/3122
f 2801/3128/3124 2802/3125/3121 2731/3124/3120
f 2939/3127/3123 2921/3126/3122 2922/3129/3125
f 2938/3130/3126 2939/3127/3123 2922/3129/3125
f 2800/3131/3127 2801/3128/3124 2731/3124/3120
f 2938/3130/3126 2922/3129/3125 2923/3132/3128
f 2799/3133/3129 2800/3131/3127 2731/3124/3120
f 2937/3134/3130 2938/3130/3126 2923/3132/3128
f 2937/3134/3130 2923/3132/3128 2924/3135/3131
f 2798/3136/3132 2799/3133/3129 2731/3124/3120
f 2936/3137/3133 2937/3134/3130 2924/3135/3131
f 2936/3137/3133 2924/3135/3131 2925/3138/3134
f 2936/3137/3133 2925/3138/3134 2926/3139/3135
f 2935/3140/3136 2936/3137/3133 2926/3139/3135
f 2935/3140/3136 2926/3139/3135 2927/3141/3137
f 2934/3142/3138 2935/3140/3136 2927/3141/3137
f 2934/3142/3138 2927/3141/3137 2928/3143/3139
f 2933/3144/3140 2934/3142/3138 2928/3143/3139
f 2798/3136/3132 2731/3124/3120 2732/3145/3141
f 2933/3144/3140 2928/3143/3139 2929/3146/3142
f 2932/3147/3143 2933/3144/3140 2929/3146/3142
f 2932/3147/3143 2929/3146/3142 2930/3148/3144
f 2931/3149/3145 2932/3147/3143 2930/3148/3144
f 2797/3150/3146 2798/3136/3132 2732/3145/3141
f 2796/3151/3147 2797/3150/3146 2732/3145/3141
f 2796/3151/3147 2732/3145/3141 2733/3152/3148
f 2795/3153/3149 2796/3151/3147 2733/3152/3148
f 2794/3154/3150 2795/3153/3149 2733/3152/3148
f 2794/3154/3150 2733/3152/3148 2734/3155/3151
f 2793/3156/3152 2794/3154/3150 2734/3155/3151
f 2793/3156/3152 2734/3155/3151 2735/3157/3153
f 2792/3158/3154 2793/3156/3152 2735/3157/3153
f 2791/3159/3155 2792/3158/3154 2735/3157/3153
f 2791/3159/3155 2735/3157/3153 2736/3160/3156
f 2790/3161/3157 2791/3159/3155 2736/3160/3156
f 2789/3162/3158 2790/3161/3157 2736/3160/3156
f 2789/3162/3158 2736/3160/3156 2737/3163/3159
f 2788/3164/3160 2789/3162/3158 2737/3163/3159
f 2787/3165/3161 2788/3164/3160 2737/3163/3159
f 2787/3165/3161 2737/3163/3159 2738/3166/3162
f 2786/3167/3163 2787/3165/3161 2738/3166/3162
f 2785/3168/3164 2786/3167/3163 2738/3166/3162
f 2785/3168/3164 2738/3166/3162 2739/3169/3165
f 2784/3170/3166 2785/3168/3164 2739/3169/3165
f 2783/3171/3167 2784/3170/3166 2739/3169/3165
f 2783/3171/3167 2739/3169/3165 2740/3172/3168
f 2782/3173/3169 2783/3171/3167 2740/3172/3168
f 2781/3174/3170 2782/3173/3169 2740/3172/3168
f 2781/3174/3170 2740/3172/3168 2741/3175/3171
f 2780/3176/3172 2781/3174/3170 2741/3175/3171
f 2780/3176/3172 2741/3175/3171 2742/3177/3173
f 2779/3178/3174 2780/3176/3172 2742/3177/3173
f 2778/3179/3175 2779/3178/3174 2742/3177/3173
f 2778/3179/3175 2742/3177/3173 2743/3180/3176
f 2777/3181/3177 2778/3179/3175 2743/3180/3176
f 2777/3181/3177 2743/3180/3176 2744/3182/3178
f 2776/3183/3179 2777/3181/3177 2744/3182/3178
f 2775/3184/3180 2776/3183/3179 2744/3182/3178
f 2775/3184/3180 2744/3182/3178 2745/3185/3181
f 2774/3186/3182 2775/3184/3180 2745/3185/3181
f 2774/3186/3182 2745/3185/3181 2746/3187/3183
f 2774/3186/3182 2746/3187/3183 2747/3188/3184
f 2773/3189/3185 2774/3186/3182 2747/3188/3184
f 2773/3189/3185 2747/3188/3184 2748/3190/3186
f 2773/3189/3185 2748/3190/3186 2749/3191/3187
f 2772/3192/3188 2773/3189/3185 2749/3191/3187
f 2772/3192/3188 2749/3191/3187 2750/3193/3189
f 2771/3194/3190 2772/3192/3188 2750/3193/3189
f 2771/3194/3190 2750/3193/3189 2751/3195/3191
f 2770/3196/3192 2771/3194/3190 2751/3195/3191
f 2770/3196/3192 2751/3195/3191 2752/3197/3193
f 2770/3196/3192 2752/3197/3193 2753/3198/3194
f 2769/3199/3195 2770/3196/3192 2753/3198/3194
f 2769/3199/3195 2753/3198/3194 2754/3200/3196
f 2768/3201/3197 2769/3199/3195 2754/3200/3196
f 2768/3201/3197 2754/3200/3196 2755/3202/3198
f 2768/3201/3197 2755/3202/3198 2756/3203/3199
f 2767/3204/3200 2768/3201/3197 2756/3203/3199
f 2767/3204/3200 2756/3203/3199 2757/3205/3201
f 2766/3206/3202 2767/3204/3200 2757/3205/3201
f 2766/3206/3202 2757/3205/3201 2758/3207/3203
f 2766/3206/3202 2758/3207/3203 2759/3208/3204
f 2765/3209/3205 2766/3206/3202 2759/3208/3204
f 2765/3209/3205 2759/3208/3204 2760/3210/3206
f 2764/3211/3207 2765/3209/3205 2760/3210/3206
f 2764/3211/3207 2760/3210/3206 2761/3212/3208
f 2764/3211/3207 2761/3212/3208 2762/3213/3209
f 2763/3214/3210 2764/3211/3207 2762/3213/3209
f 3530/1/3211 3532/3/3212 3531/2/3213
f 3529/4/3214 3532/3/3212 3530/1/3211
f 3529/4/3214 3533/5/3215 3532/3/3212
f 3528/6/3216 3533/5/3215 3529/4/3214
f 3528/6/3216 3534/7/3217 3533/5/3215
f 3527/8/3218 3534/7/3217 3528/6/3216
f 3527/8/3218 3535/9/3219 3534/7/3217
f 3526/10/3220 3535/9/3219 3527/8/3218
f 3525/11/3221 3535/9/3219 3526/10/3220
f 3525/11/3221 3536/12/3222 3535/9/3219
f 3524/13/3223 3536/12/3222 3525/11/3221
f 3524/13/3223 3537/14/3224 3536/12/3222
f 3523/15/3225 3537/14/3224 3524/13/3223
f 3523/15/3225 3538/16/3226 3537/14/3224
f 3522/17/3227 3538/16/3226 3523/15/3225
f 3521/18/3228 3538/16/3226 3522/17/3227
f 3521/18/3228 3539/19/3229 3538/16/3226
f 3520/20/3230 3539/19/3229 3521/18/3228
f 3520/20/3230 3540/21/3231 3539/19/3229
f 3519/22/3232 3540/21/3231 3520/20/3230
f 3519/22/3232 3541/23/3233 3540/21/3231
f 3518/24/3234 3541/23/3233 3519/22/3232
f 3517/25/3235 3541/23/3233 3518/24/3234
f 3516/26/3236 3541/23/3233 3517/25/3235
f 3516/26/3236 3542/27/3237 3541/23/3233
f 3515/28/3238 3542/27/3237 3516/26/3236
f 3514/29/3239 3542/27/3237 3515/28/3238
f 3513/30/3240 3542/27/3237 3514/29/3239
f 3512/31/3241 3542/27/3237 3513/30/3240
f 3512/31/3241 3543/32/3242 3542/27/3237
f 3511/33/3243 3543/32/3242 3512/31/3241
f 3510/34/3244 3543/32/3242 3511/33/3243
f 3509/35/3245 3543/32/3242 3510/34/3244
f 3508/36/3246 3543/32/3242 3509/35/3245
f 3508/36/3246 3544/37/3247 3543/32/3242
f 3507/38/3248 3544/37/3247 3508/36/3246
f 3506/39/3249 3544/37/3247 3507/38/3248
f 3506/39/3249 3545/40/3250 3544/37/3247
f 3505/41/3251 3545/40/3250 3506/39/3249
f 3504/42/3252 3545/40/3250 3505/41/3251
f 3504/42/3252 3546/43/3253 3545/40/3250
f 3503/44/3254 3546/43/3253 3504/42/3252
f 3503/44/3254 3547/45/3255 3546/43/3253
f 3502/46/3256 3547/45/3255 3503/44/3254
f 3502/46/3256 3548/47/3257 3547/45/3255
f 3501/48/3258 3548/47/3257 3502/46/3256
f 3501/48/3258 3549/49/3259 3548/47/3257
f 3500/50/3260 3549/49/3259 3501/48/3258
f 3500/50/3260 3550/51/3261 3549/49/3259
f 3499/52/3262 3550/51/3261 3500/50/3260
f 3499/52/3262 3551/53/3263 3550/51/3261
f 3498/54/3264 3551/53/3263 3499/52/3262
f 3498/54/3264 3552/55/3265 3551/53/3263
f 3497/56/3266 3552/55/3265 3498/54/3264
f 3496/57/3267 3552/55/3265 3497/56/3266
f 3496/57/3267 3553/58/3268 3552/55/3265
f 3495/59/3269 3553/58/3268 3496/57/3267
f 3495/59/3269 3554/60/3270 3553/58/3268
f 3494/61/3271 3554/60/3270 3495/59/3269
f 3494/61/3271 3555/62/3272 3554/60/3270
f 3493/63/3273 3555/62/3272 3494/61/3271
f 3492/64/3274 3555/62/3272 3493/63/3273
f 3492/64/3274 3556/65/3275 3555/62/3272
f 3491/66/3276 3556/65/3275 3492/64/3274
f 3491/66/3276 3557/67/3277 3556/65/3275
f 3490/68/3278 3557/67/3277 3491/66/3276
f 3490/68/3278 3558/69/3279 3557/67/3277
f 3489/70/3280 3558/69/3279 3490/68/3278
f 3489/70/3280 3559/71/3281 3558/69/3279
f 3489/70/3280 3560/72/3282 3559/71/3281
f 3488/73/3283 3560/72/3282 3489/70/3280
f 3488/73/3283 3561/74/3284 3560/72/3282
f 3487/75/3285 3561/74/3284 3488/73/3283
f 3487/75/3285 3562/76/3286 3561/74/3284
f 3487/75/3285 3563/77/3287 3562/76/3286
f 3486/78/3288 3563/77/3287 3487/75/3285
f 3486/78/3288 3564/79/3289 3563/77/3287
f 3486/78/3288 3565/80/3290 3564/79/3289
f 3485/81/3291 3565/80/3290 3486/78/3288
f 3485/81/3291 3566/82/3292 3565/80/3290
f 3485/81/3291 3567/83/3293 3566/82/3292
f 3485/81/3291 3568/84/3294 3567/83/3293
f 3484/85/3295 3568/84/3294 3485/81/3291
f 3484/85/3295 3569/86/3296 3568/84/3294
f 3484/85/3295 3570/87/3297 3569/86/3296
f 3483/88/3298 3570/87/3297 3484/85/3295
f 3483/88/3298 3571/89/3299 3570/87/3297
f 3483/88/3298 3572/90/3300 3571/89/3299
f 3482/91/3301 3572/90/3300 3483/88/3298
f 3482/91/3301 3573/92/3302 3572/90/3300
f 3482/91/3301 3574/93/3303 3573/92/3302
f 3482/91/3301 3575/94/3304 3574/93/3303
f 3482/91/3301 3576/95/3305 3575/94/3304
f 3482/91/3301 3577/96/3306 3576/95/3305
f 3482/91/3301 3578/97/3307 3577/96/3306
f 3482/91/3301 3579/98/3308 3578/97/3307
f 3482/91/3301 3580/99/3309 3579/98/3308
f 3481/100/3310 3580/99/3309 3482/91/3301
f 3481/100/3310 3581/101/3311 3580/99/3309
f 3480/102/3312 3581/101/3311 3481/100/3310
f 3480/102/3312 3582/103/3313 3581/101/3311
f 3479/104/3314 3582/103/3313 3480/102/3312
f 3479/104/3314 3583/105/3315 3582/103/3313
f 3478/106/3316 3583/105/3315 3479/104/3314
f 3478/106/3316 3584/107/3317 3583/105/3315
f 3477/108/3318 3584/107/3317 3478/106/3316
f 3477/108/3318 3585/109/3319 3584/107/3317
f 3266/110/3320 3268/112/3321 3267/111/3322
f 3266/110/3320 3269/113/3323 3268/112/3321
f 3265/114/3324 3269/113/3323 3266/110/3320
f 3265/114/3324 3270/115/3325 3269/113/3323
f 3264/116/3326 3270/115/3325 3265/114/3324
f 3264/116/3326 3271/117/3327 3270/115/3325
f 3264/116/3326 3272/118/3328 3271/117/3327
f 3263/119/3329 3272/118/3328 3264/116/3326
f 3263/119/3329 3273/120/3330 3272/118/3328
f 3262/121/3331 3273/120/3330 3263/119/3329
f 3262/121/3331 3274/122/3332 3273/120/3330
f 3261/123/3333 3274/122/3332 3262/121/3331
f 3261/123/3333 3275/124/3334 3274/122/3332
f 3476/125/3335 3585/109/3319 3477/108/3318
f 3261/123/3333 3276/126/3336 3275/124/3334
f 3260/127/3337 3276/126/3336 3261/123/3333
f 3260/127/3337 3277/128/3338 3276/126/3336
f 3259/129/3339 3277/128/3338 3260/127/3337
f 3259/129/3339 3278/130/3340 3277/128/3338
f 3259/129/3339 3279/131/3341 3278/130/3340
f 3258/132/3342 3279/131/3341 3259/129/3339
f 3258/132/3342 3280/133/3343 3279/131/3341
f 3257/134/3344 3280/133/3343 3258/132/3342
f 3256/135/3345 3280/133/3343 3257/134/3344
f 3255/136/3346 3280/133/3343 3256/135/3345
f 3254/137/3347 3280/133/3343 3255/136/3346
f 3253/138/3348 3280/133/3343 3254/137/3347
f 3252/139/3349 3280/133/3343 3253/138/3348
f 3251/140/3350 3280/133/3343 3252/139/3349
f 3250/141/3351 3280/133/3343 3251/140/3350
f 3249/142/3352 3280/133/3343 3250/141/3351
f 3248/143/3353 3280/133/3343 3249/142/3352
f 3248/143/3353 3281/144/3354 3280/133/3343
f 3247/145/3355 3281/144/3354 3248/143/3353
f 3246/146/3356 3281/144/3354 3247/145/3355
f 3245/147/3357 3281/144/3354 3246/146/3356
f 3244/148/3358 3281/144/3354 3245/147/3357
f 3243/149/3359 3281/144/3354 3244/148/3358
f 3242/150/3360 3281/144/3354 3243/149/3359
f 3242/150/3360 3282/151/3361 3281/144/3354
f 3476/125/3335 3586/152/3362 3585/109/3319
f 3241/153/3363 3282/151/3361 3242/150/3360
f 3475/154/3364 3586/152/3362 3476/125/3335
f 3241/153/3363 3283/155/3365 3282/151/3361
f 3240/156/3366 3283/155/3365 3241/153/3363
f 3239/157/3367 3283/155/3365 3240/156/3366
f 3239/157/3367 3284/158/3368 3283/155/3365
f 3475/154/3364 3587/159/3369 3586/152/3362
f 3238/160/3370 3284/158/3368 3239/157/3367
f 3238/160/3370 3285/161/3371 3284/158/3368
f 3474/162/3372 3587/159/3369 3475/154/3364
f 3237/163/3373 3285/161/3371 3238/160/3370
f 3237/163/3373 3286/164/3374 3285/161/3371
f 3236/165/3375 3286/164/3374 3237/163/3373
f 3474/162/3372 3588/166/3376 3587/159/3369
f 3236/165/3375 3287/167/3377 3286/164/3374
f 3235/168/3378 3287/167/3377 3236/165/3375
f 3234/169/3379 3287/167/3377 3235/168/3378
f 3473/170/3380 3588/166/3376 3474/162/3372
f 3234/169/3379 3288/171/3381 3287/167/3377
f 3233/172/3382 3288/171/3381 3234/169/3379
f 3233/172/3382 3289/173/3383 3288/171/3381
f 3473/170/3380 3589/174/3384 3588/166/3376
f 3232/175/3385 3289/173/3383 3233/172/3382
f 3232/175/3385 3290/176/3386 3289/173/3383
f 3472/177/3387 3589/174/3384 3473/170/3380
f 3231/178/3388 3290/176/3386 3232/175/3385
f 3231/178/3388 3291/179/3389 3290/176/3386
f 3472/177/3387 3590/180/3390 3589/174/3384
f 3602/181/3391 3291/179/3389 3231/178/3388
f 3601/182/3392 3291/179/3389 3602/181/3391
f 3601/182/3392 3292/183/3393 3291/179/3389
f 3600/184/3394 3292/183/3393 3601/182/3392
f 3434/185/3395 3436/187/3396 3435/186/3397
f 3433/188/3398 3436/187/3396 3434/185/3395
f 3433/188/3398 3437/189/3399 3436/187/3396
f 3432/190/3400 3437/189/3399 3433/188/3398
f 3432/190/3400 3438/191/3401 3437/189/3399
f 3431/192/3402 3438/191/3401 3432/190/3400
f 3431/192/3402 3439/193/3403 3438/191/3401
f 3430/194/3404 3439/193/3403 3431/192/3402
f 3430/194/3404 3440/195/3405 3439/193/3403
f 3429/196/3406 3440/195/3405 3430/194/3404
f 3428/197/3407 3440/195/3405 3429/196/3406
f 3428/197/3407 3441/198/3408 3440/195/3405
f 3427/199/3409 3441/198/3408 3428/197/3407
f 3427/199/3409 3442/200/3410 3441/198/3408
f 3426/201/3411 3442/200/3410 3427/199/3409
f 3600/184/3394 3293/202/3412 3292/183/3393
f 3426/201/3411 3443/203/3413 3442/200/3410
f 3425/204/3414 3443/203/3413 3426/201/3411
f 3599/205/3415 3293/202/3412 3600/184/3394
f 3425/204/3414 3444/206/3416 3443/203/3413
f 3424/207/3417 3444/206/3416 3425/204/3414
f 3424/207/3417 3445/208/3418 3444/206/3416
f 3471/209/3419 3590/180/3390 3472/177/3387
f 3423/210/3420 3445/208/3418 3424/207/3417
f 3422/211/3421 3445/208/3418 3423/210/3420
f 3422/211/3421 3446/212/3422 3445/208/3418
f 3421/213/3423 3446/212/3422 3422/211/3421
f 3421/213/3423 3447/214/3424 3446/212/3422
f 3598/215/3425 3293/202/3412 3599/205/3415
f 3420/216/3426 3447/214/3424 3421/213/3423
f 3471/209/3419 3591/217/3427 3590/180/3390
f 3420/216/3426 3448/218/3428 3447/214/3424
f 3419/219/3429 3448/218/3428 3420/216/3426
f 3598/215/3425 3294/220/3430 3293/202/3412
f 3418/221/3431 3448/218/3428 3419/219/3429
f 3597/222/3432 3294/220/3430 3598/215/3425
f 3417/223/3433 3448/218/3428 3418/221/3431
f 3417/223/3433 3449/224/3434 3448/218/3428
f 3416/225/3435 3449/224/3434 3417/223/3433
f 3415/226/3436 3449/224/3434 3416/225/3435
f 3596/227/3437 3294/220/3430 3597/222/3432
f 3414/228/3438 3449/224/3434 3415/226/3436
f 3596/227/3437 3351/229/3439 3294/220/3430
f 3351/229/3439 3295/230/3440 3294/220/3430
f 3414/228/3438 3450/231/3441 3449/224/3434
f 3596/227/3437 3352/232/3442 3351/229/3439
f 3350/233/3443 3295/230/3440 3351/229/3439
f 3413/234/3444 3450/231/3441 3414/228/3438
f 3595/235/3445 3352/232/3442 3596/227/3437
f 3412/236/3446 3450/231/3441 3413/234/3444
f 3411/237/3447 3450/231/3441 3412/236/3446
f 3411/237/3447 3451/238/3448 3450/231/3441
f 3410/239/3449 3451/238/3448 3411/237/3447
f 3594/240/3450 3352/232/3442 3595/235/3445
f 3349/241/3451 3295/230/3440 3350/233/3443
f 3594/240/3450 3353/242/3452 3352/232/3442
f 3349/241/3451 3296/243/3453 3295/230/3440
f 3410/239/3449 3452/244/3454 3451/238/3448
f 3593/245/3455 3353/242/3452 3594/240/3450
f 3409/246/3456 3452/244/3454 3410/239/3449
f 3348/247/3457 3296/243/3453 3349/241/3451
f 3409/246/3456 3453/248/3458 3452/244/3454
f 3592/249/3459 3353/242/3452 3593/245/3455
f 3408/250/3460 3453/248/3458 3409/246/3456
f 3592/249/3459 3354/251/3461 3353/242/3452
f 3408/250/3460 3454/252/3462 3453/248/3458
f 3591/217/3427 3354/251/3461 3592/249/3459
f 3347/253/3463 3296/243/3453 3348/247/3457
f 3347/253/3463 3297/254/3464 3296/243/3453
f 3408/250/3460 3455/255/3465 3454/252/3462
f 3471/209/3419 3354/251/3461 3591/217/3427
f 3407/256/3466 3455/255/3465 3408/250/3460
f 3407/256/3466 3456/257/3467 3455/255/3465
f 3470/258/3468 3354/251/3461 3471/209/3419
f 3469/259/3469 3354/251/3461 3470/258/3468
f 3407/256/3466 3457/260/3470 3456/257/3467
f 3468/261/3471 3354/251/3461 3469/259/3469
f 3467/262/3472 3354/251/3461 3468/261/3471
f 3467/262/3472 3355/263/3473 3354/251/3461
f 3346/264/3474 3297/254/3464 3347/253/3463
f 3466/265/3475 3355/263/3473 3467/262/3472
f 3465/266/3476 3355/263/3473 3466/265/3475
f 3407/256/3466 3458/267/3477 3457/260/3470
f 3464/268/3478 3355/263/3473 3465/266/3476
f 3463/269/3479 3355/263/3473 3464/268/3478
f 3462/270/3480 3355/263/3473 3463/269/3479
f 3407/256/3466 3459/271/3481 3458/267/3477
f 3461/272/3482 3355/263/3473 3462/270/3480
f 3460/273/3483 3355/263/3473 3461/272/3482
f 3459/271/3481 3355/263/3473 3460/273/3483
f 3407/256/3466 3355/263/3473 3459/271/3481
f 3406/274/3484 3355/263/3473 3407/256/3466
f 3346/264/3474 3298/275/3485 3297/254/3464
f 3345/276/3486 3298/275/3485 3346/264/3474
f 3406/274/3484 3356/277/3487 3355/263/3473
f 3405/278/3488 3356/277/3487 3406/274/3484
f 3345/276/3486 3299/279/3489 3298/275/3485
f 3404/280/3490 3356/277/3487 3405/278/3488
f 3344/281/3491 3299/279/3489 3345/276/3486
f 3404/280/3490 3357/282/3492 3356/277/3487
f 3403/283/3493 3357/282/3492 3404/280/3490
f 3344/281/3491 3300/284/3494 3299/279/3489
f 3343/285/3495 3300/284/3494 3344/281/3491
f 3403/283/3493 3358/286/3496 3357/282/3492
f 3402/287/3497 3358/286/3496 3403/283/3493
f 3343/285/3495 3301/288/3498 3300/284/3494
f 3342/289/3499 3301/288/3498 3343/285/3495
f 3402/287/3497 3359/290/3500 3358/286/3496
f 3401/291/3501 3359/290/3500 3402/287/3497
f 3341/292/3502 3301/288/3498 3342/289/3499
f 3341/292/3502 3302/293/3503 3301/288/3498
f 3400/294/3504 3359/290/3500 3401/291/3501
f 3400/294/3504 3360/295/3505 3359/290/3500
f 3399/296/3506 3360/295/3505 3400/294/3504
f 3340/297/3507 3302/293/3503 3341/292/3502
f 3340/297/3507 3303/298/3508 3302/293/3503
f 3399/296/3506 3361/299/3509 3360/295/3505
f 3398/300/3510 3361/299/3509 3399/296/3506
f 3340/297/3507 3304/301/3511 3303/298/3508
f 3339/302/3512 3304/301/3511 3340/297/3507
f 3398/300/3510 3362/303/3513 3361/299/3509
f 3339/302/3512 3305/304/3514 3304/301/3511
f 3397/305/3515 3362/303/3513 3398/300/3510
f 3339/302/3512 3306/306/3516 3305/304/3514
f 3397/305/3515 3363/307/3517 3362/303/3513
f 3339/302/3512 3307/308/3518 3306/306/3516
f 3338/309/3519 3307/308/3518 3339/302/3512
f 3396/310/3520 3363/307/3517 3397/305/3515
f 3338/309/3519 3308/311/3521 3307/308/3518
f 3337/312/3522 3308/311/3521 3338/309/3519
f 3337/312/3522 3309/313/3523 3308/311/3521
f 3396/310/3520 3364/314/3524 3363/307/3517
f 3395/315/3525 3364/314/3524 3396/310/3520
f 3395/315/3525 3365/316/3526 3364/314/3524
f 3337/312/3522 3310/317/3527 3309/313/3523
f 3395/315/3525 3366/318/3528 3365/316/3526
f 3336/319/3529 3310/317/3527 3337/312/3522
f 3395/315/3525 3367/320/3530 3366/318/3528
f 3336/319/3529 3311/321/3531 3310/317/3527
f 3395/315/3525 3368/322/3532 3367/320/3530
f 3395/315/3525 3369/323/3533 3368/322/3532
f 3394/324/3534 3369/323/3533 3395/315/3525
f 3336/319/3529 3312/325/3535 3311/321/3531
f 3394/324/3534 3370/326/3536 3369/323/3533
f 3335/327/3537 3312/325/3535 3336/319/3529
f 3394/324/3534 3371/328/3538 3370/326/3536
f 3335/327/3537 3313/329/3539 3312/325/3535
f 3394/324/3534 3372/330/3540 3371/328/3538
f 3334/331/3541 3313/329/3539 3335/327/3537
f 3394/324/3534 3373/332/3542 3372/330/3540
f 3334/331/3541 3314/333/3543 3313/329/3539
f 3393/334/3544 3373/332/3542 3394/324/3534
f 3393/334/3544 3374/335/3545 3373/332/3542
f 3334/331/3541 3315/336/3546 3314/333/3543
f 3393/334/3544 3375/337/3547 3374/335/3545
f 3333/338/3548 3315/336/3546 3334/331/3541
f 3393/334/3544 3376/339/3549 3375/337/3547
f 3333/338/3548 3316/340/3550 3315/336/3546
f 3392/341/3551 3376/339/3549 3393/334/3544
f 3333/338/3548 3317/342/3552 3316/340/3550
f 3332/343/3553 3317/342/3552 3333/338/3548
f 3392/341/3551 3377/344/3554 3376/339/3549
f 3332/343/3553 3318/345/3555 3317/342/3552
f 3392/341/3551 3378/346/3556 3377/344/3554
f 3391/347/3557 3378/346/3556 3392/341/3551
f 3332/343/3553 3319/348/3558 3318/345/3555
f 3331/349/3559 3319/348/3558 3332/343/3553
f 3391/347/3557 3379/350/3560 3378/346/3556
f 3331/349/3559 3320/351/3561 3319/348/3558
f 3330/352/3562 3320/351/3561 3331/349/3559
f 3330/352/3562 3321/353/3563 3320/351/3561
f 3391/347/3557 3380/354/3564 3379/350/3560
f 3390/355/3565 3380/354/3564 3391/347/3557
f 3330/352/3562 3322/356/3566 3321/353/3563
f 3329/357/3567 3322/356/3566 3330/352/3562
f 3390/355/3565 3381/358/3568 3380/354/3564
f 3329/357/3567 3323/359/3569 3322/356/3566
f 3329/357/3567 3324/360/3570 3323/359/3569
f 3328/361/3571 3324/360/3570 3329/357/3567
f 3390/355/3565 3382/362/3572 3381/358/3568
f 3389/363/3573 3382/362/3572 3390/355/3565
f 3328/361/3571 3325/364/3574 3324/360/3570
f 3328/361/3571 3326/365/3575 3325/364/3574
f 3327/366/3576 3326/365/3575 3328/361/3571
f 3389/363/3573 3383/367/3577 3382/362/3572
f 3389/363/3573 3384/368/3578 3383/367/3577
f 3388/369/3579 3384/368/3578 3389/363/3573
f 3388/369/3579 3385/370/3580 3384/368/3578
f 3388/369/3579 3386/371/3581 3385/370/3580
f 3387/372/3582 3386/371/3581 3388/369/3579
f 3831/373/3583 3833/375/3584 3832/374/3585
f 3830/376/3586 3833/375/3584 3831/373/3583
f 3830/376/3586 3834/377/3587 3833/375/3584
f 3829/378/3588 3834/377/3587 3830/376/3586
f 3828/379/3589 3834/377/3587 3829/378/3588
f 3828/379/3589 3835/380/3590 3834/377/3587
f 3827/381/3591 3835/380/3590 3828/379/3589
f 3826/382/3592 3835/380/3590 3827/381/3591
f 3826/382/3592 3836/383/3593 3835/380/3590
f 3825/384/3594 3836/383/3593 3826/382/3592
f 3824/385/3595 3836/383/3593 3825/384/3594
f 3824/385/3595 3837/386/3596 3836/383/3593
f 3823/387/3597 3837/386/3596 3824/385/3595
f 3822/388/3598 3837/386/3596 3823/387/3597
f 3822/388/3598 3838/389/3599 3837/386/3596
f 3821/390/3600 3838/389/3599 3822/388/3598
f 3821/390/3600 3839/391/3601 3838/389/3599
f 3820/392/3602 3839/391/3601 3821/390/3600
f 3819/393/3603 3839/391/3601 3820/392/3602
f 3819/393/3603 3840/394/3604 3839/391/3601
f 3818/395/3605 3840/394/3604 3819/393/3603
f 3817/396/3606 3840/394/3604 3818/395/3605
f 3817/396/3606 3841/397/3607 3840/394/3604
f 3816/398/3608 3841/397/3607 3817/396/3606
f 3816/398/3608 3842/399/3609 3841/397/3607
f 3815/400/3610 3842/399/3609 3816/398/3608
f 3814/401/3611 3842/399/3609 3815/400/3610
f 3814/401/3611 3843/402/3612 3842/399/3609
f 3813/403/3613 3843/402/3612 3814/401/3611
f 3812/404/3614 3843/402/3612 3813/403/3613
f 3812/404/3614 3844/405/3615 3843/402/3612
f 3811/406/3616 3844/405/3615 3812/404/3614
f 3810/407/3617 3844/405/3615 3811/406/3616
f 3810/407/3617 3845/408/3618 3844/405/3615
f 3809/409/3619 3845/408/3618 3810/407/3617
f 3808/410/3620 3845/408/3618 3809/409/3619
f 3807/411/3621 3845/408/3618 3808/410/3620
f 3807/411/3621 3846/412/3622 3845/408/3618
f 3806/413/3623 3846/412/3622 3807/411/3621
f 3805/414/3624 3846/412/3622 3806/413/3623
f 3804/415/3625 3846/412/3622 3805/414/3624
f 3804/415/3625 3847/416/3626 3846/412/3622
f 3803/417/3627 3847/416/3626 3804/415/3625
f 3802/418/3628 3847/416/3626 3803/417/3627
f 3801/419/3629 3847/416/3626 3802/418/3628
f 3801/419/3629 3848/420/3630 3847/416/3626
f 3800/421/3631 3848/420/3630 3801/419/3629
f 3799/422/3632 3848/420/3630 3800/421/3631
f 3798/423/3633 3848/420/3630 3799/422/3632
f 3798/423/3633 3849/424/3634 3848/420/3630
f 3797/425/3635 3849/424/3634 3798/423/3633
f 3796/426/3636 3849/424/3634 3797/425/3635
f 3795/427/3637 3849/424/3634 3796/426/3636
f 3794/428/3638 3849/424/3634 3795/427/3637
f 3794/428/3638 3850/429/3639 3849/424/3634
f 3793/430/3640 3850/429/3639 3794/428/3638
f 3793/430/3640 3851/431/3641 3850/429/3639
f 3792/432/3642 3851/431/3641 3793/430/3640
f 3792/432/3642 3852/433/3643 3851/431/3641
f 3791/434/3644 3852/433/3643 3792/432/3642
f 3790/435/3645 3852/433/3643 3791/434/3644
f 3790/435/3645 3853/436/3646 3852/433/3643
f 3790/435/3645 3854/437/3647 3853/436/3646
f 3789/438/3648 3854/437/3647 3790/435/3645
f 3789/438/3648 3855/439/3649 3854/437/3647
f 3788/440/3650 3855/439/3649 3789/438/3648
f 3788/440/3650 3856/441/3651 3855/439/3649
f 3787/442/3652 3856/441/3651 3788/440/3650
f 3787/442/3652 3857/443/3653 3856/441/3651
f 3787/442/3652 3858/444/3654 3857/443/3653
f 3786/445/3655 3858/444/3654 3787/442/3652
f 3786/445/3655 3859/446/3656 3858/444/3654
f 3786/445/3655 3860/447/3657 3859/446/3656
f 3785/448/3658 3860/447/3657 3786/445/3655
f 3785/448/3658 3861/449/3659 3860/447/3657
f 3785/448/3658 3862/450/3660 3861/449/3659
f 3784/451/3661 3862/450/3660 3785/448/3658
f 3784/451/3661 3863/452/3662 3862/450/3660
f 3784/451/3661 3864/453/3663 3863/452/3662
f 3784/451/3661 3865/454/3664 3864/453/3663
f 3783/455/3665 3872/456/3666 3784/451/3661
f 3872/456/3666 3871/457/3667 3784/451/3661
f 3871/457/3667 3870/458/3668 3784/451/3661
f 3870/458/3668 3869/459/3669 3784/451/3661
f 3869/459/3669 3865/454/3664 3784/451/3661
f 3869/459/3669 3866/460/3670 3865/454/3664
f 3869/459/3669 3867/461/3671 3866/460/3670
f 3869/459/3669 3868/462/3672 3867/461/3671
f 3783/455/3665 3873/463/3673 3872/456/3666
f 3783/455/3665 3874/464/3674 3873/463/3673
f 3783/455/3665 3875/465/3675 3874/464/3674
f 3783/455/3665 3876/466/3676 3875/465/3675
f 3783/455/3665 3877/467/3677 3876/466/3676
f 3783/455/3665 3878/468/3678 3877/467/3677
f 3783/455/3665 3879/469/3679 3878/468/3678
f 3783/455/3665 3880/470/3680 3879/469/3679
f 3783/455/3665 3881/471/3681 3880/470/3680
f 3928/472/3682 3930/474/3683 3929/473/3684
f 3927/475/3685 3930/474/3683 3928/472/3682
f 3927/475/3685 3931/476/3686 3930/474/3683
f 3926/477/3687 3931/476/3686 3927/475/3685
f 3925/478/3688 3931/476/3686 3926/477/3687
f 3925/478/3688 3932/479/3689 3931/476/3686
f 3734/480/3690 3736/482/3691 3735/481/3692
f 3924/483/3693 3932/479/3689 3925/478/3688
f 3733/484/3694 3736/482/3691 3734/480/3690
f 3732/485/3695 3736/482/3691 3733/484/3694
f 3732/485/3695 3737/486/3696 3736/482/3691
f 3924/483/3693 3933/487/3697 3932/479/3689
f 3923/488/3698 3933/487/3697 3924/483/3693
f 3731/489/3699 3737/486/3696 3732/485/3695
f 3730/490/3700 3737/486/3696 3731/489/3699
f 3922/491/3701 3933/487/3697 3923/488/3698
f 3730/490/3700 3738/492/3702 3737/486/3696
f 3922/491/3701 3934/493/3703 3933/487/3697
f 3729/494/3704 3738/492/3702 3730/490/3700
f 3921/495/3705 3934/493/3703 3922/491/3701
f 3728/496/3706 3738/492/3702 3729/494/3704
f 3728/496/3706 3739/497/3707 3738/492/3702
f 3920/498/3708 3934/493/3703 3921/495/3705
f 3920/498/3708 3935/499/3709 3934/493/3703
f 3727/500/3710 3739/497/3707 3728/496/3706
f 3919/501/3711 3935/499/3709 3920/498/3708
f 3726/502/3712 3739/497/3707 3727/500/3710
f 3919/501/3711 3936/503/3713 3935/499/3709
f 3918/504/3714 3936/503/3713 3919/501/3711
f 3726/502/3712 3740/505/3715 3739/497/3707
f 3725/506/3716 3740/505/3715 3726/502/3712
f 3917/507/3717 3936/503/3713 3918/504/3714
f 3724/508/3718 3740/505/3715 3725/506/3716
f 3917/507/3717 3937/509/3719 3936/503/3713
f 3916/510/3720 3937/509/3719 3917/507/3717
f 3724/508/3718 3741/511/3721 3740/505/3715
f 3723/512/3722 3741/511/3721 3724/508/3718
f 3915/513/3723 3937/509/3719 3916/510/3720
f 3915/513/3723 3938/514/3724 3937/509/3719
f 3722/515/3725 3741/511/3721 3723/512/3722
f 3914/516/3726 3938/514/3724 3915/513/3723
f 3721/517/3727 3741/511/3721 3722/515/3725
f 3721/517/3727 3742/518/3728 3741/511/3721
f 3913/519/3729 3938/514/3724 3914/516/3726
f 3720/520/3730 3742/518/3728 3721/517/3727
f 3913/519/3729 3939/521/3731 3938/514/3724
f 3912/522/3732 3939/521/3731 3913/519/3729
f 3719/523/3733 3742/518/3728 3720/520/3730
f 3911/524/3734 3939/521/3731 3912/522/3732
f 3718/525/3735 3742/518/3728 3719/523/3733
f 3910/526/3736 3939/521/3731 3911/524/3734
f 3909/527/3737 3939/521/3731 3910/526/3736
f 3909/527/3737 3940/528/3738 3939/521/3731
f 3717/529/3739 3742/518/3728 3718/525/3735
f 3717/529/3739 3743/530/3740 3742/518/3728
f 3908/531/3741 3940/528/3738 3909/527/3737
f 3907/532/3742 3940/528/3738 3908/531/3741
f 3716/533/3743 3743/530/3740 3717/529/3739
f 3906/534/3744 3940/528/3738 3907/532/3742
f 3905/535/3745 3940/528/3738 3906/534/3744
f 3904/536/3746 3940/528/3738 3905/535/3745
f 3715/537/3747 3743/530/3740 3716/533/3743
f 3903/538/3748 3940/528/3738 3904/536/3746
f 3902/539/3749 3940/528/3738 3903/538/3748
f 3901/540/3750 3940/528/3738 3902/539/3749
f 3901/540/3750 3941/541/3751 3940/528/3738
f 3900/542/3752 3941/541/3751 3901/540/3750
f 3714/543/3753 3743/530/3740 3715/537/3747
f 3899/544/3754 3941/541/3751 3900/542/3752
f 3898/545/3755 3941/541/3751 3899/544/3754
f 3897/546/3756 3941/541/3751 3898/545/3755
f 3714/543/3753 3744/547/3757 3743/530/3740
f 3896/548/3758 3941/541/3751 3897/546/3756
f 3713/549/3759 3744/547/3757 3714/543/3753
f 3895/550/3760 3941/541/3751 3896/548/3758
f 3894/551/3761 3941/541/3751 3895/550/3760
f 3893/552/3762 3941/541/3751 3894/551/3761
f 3892/553/3763 3941/541/3751 3893/552/3762
f 3712/554/3764 3744/547/3757 3713/549/3759
f 3892/553/3763 3942/555/3765 3941/541/3751
f 3891/556/3766 3942/555/3765 3892/553/3763
f 3890/557/3767 3942/555/3765 3891/556/3766
f 3711/558/3768 3744/547/3757 3712/554/3764
f 3889/559/3769 3942/555/3765 3890/557/3767
f 3888/560/3770 3942/555/3765 3889/559/3769
f 3887/561/3771 3942/555/3765 3888/560/3770
f 3710/562/3772 3744/547/3757 3711/558/3768
f 3886/563/3773 3942/555/3765 3887/561/3771
f 3710/562/3772 3745/564/3774 3744/547/3757
f 3885/565/3775 3942/555/3765 3886/563/3773
f 3884/566/3776 3942/555/3765 3885/565/3775
f 3884/566/3776 3943/567/3777 3942/555/3765
f 3883/568/3778 3943/567/3777 3884/566/3776
f 3882/569/3779 3943/567/3777 3883/568/3778
f 3881/471/3681 3943/567/3777 3882/569/3779
f 3783/455/3665 3943/567/3777 3881/471/3681
f 3709/570/3780 3745/564/3774 3710/562/3772
f 3783/455/3665 3944/571/3781 3943/567/3777
f 3782/572/3782 3944/571/3781 3783/455/3665
f 3781/573/3783 3944/571/3781 3782/572/3782
f 3780/574/3784 3944/571/3781 3781/573/3783
f 3709/570/3780 3746/575/3785 3745/564/3774
f 3779/576/3786 3944/571/3781 3780/574/3784
f 3778/577/3787 3944/571/3781 3779/576/3786
f 3777/578/3788 3944/571/3781 3778/577/3787
f 3776/579/3789 3944/571/3781 3777/578/3788
f 3775/580/3790 3944/571/3781 3776/579/3789
f 3774/581/3791 3944/571/3781 3775/580/3790
f 3708/582/3792 3746/575/3785 3709/570/3780
f 3774/581/3791 3945/583/3793 3944/571/3781
f 3773/584/3794 3945/583/3793 3774/581/3791
f 3772/585/3795 3945/583/3793 3773/584/3794
f 3771/586/3796 3945/583/3793 3772/585/3795
f 3770/587/3797 3945/583/3793 3771/586/3796
f 3769/588/3798 3945/583/3793 3770/587/3797
f 3768/589/3799 3945/583/3793 3769/588/3798
f 3767/590/3800 3945/583/3793 3768/589/3799
f 3767/590/3800 3946/591/3801 3945/583/3793
f 3708/582/3792 3747/592/3802 3746/575/3785
f 3766/593/3803 3946/591/3801 3767/590/3800
f 3765/594/3804 3946/591/3801 3766/593/3803
f 3707/595/3805 3747/592/3802 3708/582/3792
f 3764/596/3806 3946/591/3801 3765/594/3804
f 3763/597/3807 3946/591/3801 3764/596/3806
f 3762/598/3808 3946/591/3801 3763/597/3807
f 3761/599/3809 3946/591/3801 3762/598/3808
f 3760/600/3810 3946/591/3801 3761/599/3809
f 3759/601/3811 3946/591/3801 3760/600/3810
f 3759/601/3811 3947/602/3812 3946/591/3801
f 3758/603/3813 3947/602/3812 3759/601/3811
f 3757/604/3814 3947/602/3812 3758/603/3813
f 3756/605/3815 3947/602/3812 3757/604/3814
f 3755/606/3816 3947/602/3812 3756/605/3815
f 3754/607/3817 3947/602/3812 3755/606/3816
f 3753/608/3818 3947/602/3812 3754/607/3817
f 3752/609/3819 3947/602/3812 3753/608/3818
f 3751/610/3820 3947/602/3812 3752/609/3819
f 3706/611/3821 3747/592/3802 3707/595/3805
f 3750/612/3822 3947/602/3812 3751/610/3820
f 3749/613/3823 3947/602/3812 3750/612/3822
f 3748/614/3824 3947/602/3812 3749/613/3823
f 3747/592/3802 3947/602/3812 3748/614/3824
f 3747/592/3802 3948/615/3825 3947/602/3812
f 3706/611/3821 3948/615/3825 3747/592/3802
f 3706/611/3821 3949/616/3826 3948/615/3825
f 3705/617/3827 3949/616/3826 3706/611/3821
f 3705/617/3827 3950/618/3828 3949/616/3826
f 3704/619/3829 3950/618/3828 3705/617/3827
f 3704/619/3829 3951/620/3830 3950/618/3828
f 3704/619/3829 4085/621/3831 3951/620/3830
f 4085/621/3831 4084/622/3832 3951/620/3830
f 4084/622/3832 3952/623/3833 3951/620/3830
f 3704/619/3829 4086/624/3834 4085/621/3831
f 4083/625/3835 3952/623/3833 4084/622/3832
f 3704/619/3829 4087/626/3836 4086/624/3834
f 4082/627/3837 3952/623/3833 4083/625/3835
f 3704/619/3829 4088/628/3838 4087/626/3836
f 4081/629/3839 3952/623/3833 4082/627/3837
f 3704/619/3829 4089/630/3840 4088/628/3838
f 4080/631/3841 3952/623/3833 4081/629/3839
f 3704/619/3829 4090/632/3842 4089/630/3840
f 4079/633/3843 3952/623/3833 4080/631/3841
f 3704/619/3829 4091/634/3844 4090/632/3842
f 4078/635/3845 3952/623/3833 4079/633/3843
f 3703/636/3846 4091/634/3844 3704/619/3829
f 3703/636/3846 4092/637/3847 4091/634/3844
f 4077/638/3848 3952/623/3833 4078/635/3845
f 4076/639/3849 3952/623/3833 4077/638/3848
f 3703/636/3846 4093/640/3850 4092/637/3847
f 4076/639/3849 3953/641/3851 3952/623/3833
f 4075/642/3852 3953/641/3851 4076/639/3849
f 3703/636/3846 4094/643/3853 4093/640/3850
f 4074/644/3854 3953/641/3851 4075/642/3852
f 3703/636/3846 4095/645/3855 4094/643/3853
f 4073/646/3856 3953/641/3851 4074/644/3854
f 3703/636/3846 4096/647/3857 4095/645/3855
f 4072/648/3858 3953/641/3851 4073/646/3856
f 4072/648/3858 3954/649/3859 3953/641/3851
f 4071/650/3860 3954/649/3859 4072/648/3858
f 3703/636/3846 4097/651/3861 4096/647/3857
f 4070/652/3862 3954/649/3859 4071/650/3860
f 4069/653/3863 3954/649/3859 4070/652/3862
f 4068/654/3864 3954/649/3859 4069/653/3863
f 3703/636/3846 4098/655/3865 4097/651/3861
f 4067/656/3866 3954/649/3859 4068/654/3864
f 3702/657/3867 4098/655/3865 3703/636/3846
f 4067/656/3866 3955/658/3868 3954/649/3859
f 4066/659/3869 3955/658/3868 4067/656/3866
f 4065/660/3870 3955/658/3868 4066/659/3869
f 3702/657/3867 4099/661/3871 4098/655/3865
f 4064/662/3872 3955/658/3868 4065/660/3870
f 4063/663/3873 3955/658/3868 4064/662/3872
f 3702/657/3867 4100/664/3874 4099/661/3871
f 4063/663/3873 3956/665/3875 3955/658/3868
f 4062/666/3876 3956/665/3875 4063/663/3873
f 4061/667/3877 3956/665/3875 4062/666/3876
f 3702/657/3867 4101/668/3878 4100/664/3874
f 4060/669/3879 3956/665/3875 4061/667/3877
f 4060/669/3879 3957/670/3880 3956/665/3875
f 3702/657/3867 4102/671/3881 4101/668/3878
f 3701/672/3882 4102/671/3881 3702/657/3867
f 3701/672/3882 4103/673/3883 4102/671/3881
f 4060/669/3879 3958/674/3884 3957/670/3880
f 3701/672/3882 4104/675/3885 4103/673/3883
f 4060/669/3879 3959/676/3886 3958/674/3884
f 3701/672/3882 4105/677/3887 4104/675/3885
f 4060/669/3879 3960/678/3888 3959/676/3886
f 4060/669/3879 3961/679/3889 3960/678/3888
f 3701/672/3882 4106/680/3890 4105/677/3887
f 3700/681/3891 4106/680/3890 3701/672/3882
f 4060/669/3879 3962/682/3892 3961/679/3889
f 3700/681/3891 4107/683/3893 4106/680/3890
f 4060/669/3879 3963/684/3894 3962/682/3892
f 4060/669/3879 3964/685/3895 3963/684/3894
f 3700/681/3891 4108/181/3896 4107/683/3893
f 4060/669/3879 3965/686/3897 3964/685/3895
f 4060/669/3879 3966/687/3898 3965/686/3897
f 3700/681/3891 3603/178/3899 4108/181/3896
f 4060/669/3879 3967/688/3900 3966/687/3898
f 3699/689/3901 3603/178/3899 3700/681/3891
f 4060/669/3879 3968/690/3902 3967/688/3900
f 3699/689/3901 3604/691/3903 3603/178/3899
f 4060/669/3879 3969/692/3904 3968/690/3902
f 4059/693/3905 3969/692/3904 4060/669/3879
f 4059/693/3905 3970/694/3906 3969/692/3904
f 4059/693/3905 3971/695/3907 3970/694/3906
f 4059/693/3905 3972/696/3908 3971/695/3907
f 3698/697/3909 3604/691/3903 3699/689/3901
f 4059/693/3905 3973/698/3910 3972/696/3908
f 4059/693/3905 3974/699/3911 3973/698/3910
f 3698/697/3909 3605/700/3912 3604/691/3903
f 4059/693/3905 3975/701/3913 3974/699/3911
f 4059/693/3905 3976/702/3914 3975/701/3913
f 4059/693/3905 3977/703/3915 3976/702/3914
f 4059/693/3905 3978/704/3916 3977/703/3915
f 3698/697/3909 3606/705/3917 3605/700/3912
f 4058/706/3918 3978/704/3916 4059/693/3905
f 3697/707/3919 3606/705/3917 3698/697/3909
f 3697/707/3919 3607/708/3920 3606/705/3917
f 3696/709/3921 3607/708/3920 3697/707/3919
f 4057/710/3922 3978/704/3916 4058/706/3918
f 3696/709/3921 3608/711/3923 3607/708/3920
f 4057/710/3922 3979/712/3924 3978/704/3916
f 3695/713/3925 3608/711/3923 3696/709/3921
f 3695/713/3925 3609/714/3926 3608/711/3923
f 4056/715/3927 3979/712/3924 4057/710/3922
f 3694/716/3928 3609/714/3926 3695/713/3925
f 3694/716/3928 3610/717/3929 3609/714/3926
f 4056/715/3927 3980/718/3930 3979/712/3924
f 3693/719/3931 3610/717/3929 3694/716/3928
f 3693/719/3931 3611/720/3932 3610/717/3929
f 4055/721/3933 3980/718/3930 4056/715/3927
f 3692/722/3934 3611/720/3932 3693/719/3931
f 3692/722/3934 3612/723/3935 3611/720/3932
f 4055/721/3933 3981/724/3936 3980/718/3930
f 3691/725/3937 3612/723/3935 3692/722/3934
f 4054/726/3938 3981/724/3936 4055/721/3933
f 3691/725/3937 3613/727/3939 3612/723/3935
f 3690/728/3940 3613/727/3939 3691/725/3937
f 4053/729/3941 3981/724/3936 4054/726/3938
f 3689/730/3942 3613/727/3939 3690/728/3940
f 3689/730/3942 3614/731/3943 3613/727/3939
f 4053/729/3941 3982/732/3944 3981/724/3936
f 3688/733/3945 3614/731/3943 3689/730/3942
f 3688/733/3945 3615/734/3946 3614/731/3943
f 4052/735/3947 3982/732/3944 4053/729/3941
f 3687/736/3948 3615/734/3946 3688/733/3945
f 4052/735/3947 3983/737/3949 3982/732/3944
f 3686/738/3950 3615/734/3946 3687/736/3948
f 3686/738/3950 3616/739/3951 3615/734/3946
f 3685/740/3952 3616/739/3951 3686/738/3950
f 3684/741/3953 3616/739/3951 3685/740/3952
f 4051/742/3954 3983/737/3949 4052/735/3947
f 3684/741/3953 3617/743/3955 3616/739/3951
f 3683/744/3956 3617/743/3955 3684/741/3953
f 3682/745/3957 3617/743/3955 3683/744/3956
f 3682/745/3957 3618/746/3958 3617/743/3955
f 4051/742/3954 3984/747/3959 3983/737/3949
f 3681/748/3960 3618/746/3958 3682/745/3957
f 3680/749/3961 3618/746/3958 3681/748/3960
f 3680/749/3961 3619/750/3962 3618/746/3958
f 3679/751/3963 3619/750/3962 3680/749/3961
f 3678/752/3964 3619/750/3962 3679/751/3963
f 3677/753/3965 3619/750/3962 3678/752/3964
f 4050/754/3966 3984/747/3959 4051/742/3954
f 3677/753/3965 3620/755/3967 3619/750/3962
f 3676/756/3968 3620/755/3967 3677/753/3965
f 3675/757/3969 3620/755/3967 3676/756/3968
f 3674/758/3970 3620/755/3967 3675/757/3969
f 3673/759/3971 3620/755/3967 3674/758/3970
f 3672/760/3972 3620/755/3967 3673/759/3971
f 3672/760/3972 3621/761/3973 3620/755/3967
f 3671/762/3974 3621/761/3973 3672/760/3972
f 3670/763/3975 3621/761/3973 3671/762/3974
f 3669/764/3976 3621/761/3973 3670/763/3975
f 3668/765/3977 3621/761/3973 3669/764/3976
f 3668/765/3977 3622/766/3978 3621/761/3973
f 4050/754/3966 3985/767/3979 3984/747/3959
f 3667/768/3980 3622/766/3978 3668/765/3977
f 3666/769/3981 3622/766/3978 3667/768/3980
f 3665/770/3982 3622/766/3978 3666/769/3981
f 3664/771/3983 3622/766/3978 3665/770/3982
f 3664/771/3983 3623/772/3984 3622/766/3978
f 3663/773/3985 3623/772/3984 3664/771/3983
f 3662/774/3986 3623/772/3984 3663/773/3985
f 4049/775/3987 3985/767/3979 4050/754/3966
f 3662/774/3986 3624/776/3988 3623/772/3984
f 3661/777/3989 3624/776/3988 3662/774/3986
f 3660/778/3990 3624/776/3988 3661/777/3989
f 3660/778/3990 3625/779/3991 3624/776/3988
f 3659/780/3992 3625/779/3991 3660/778/3990
f 3658/781/3993 3625/779/3991 3659/780/3992
f 3658/781/3993 3626/782/3994 3625/779/3991
f 3657/783/3995 3626/782/3994 3658/781/3993
f 4049/775/3987 3986/784/3996 3985/767/3979
f 3657/783/3995 3627/785/3997 3626/782/3994
f 3656/786/3998 3627/785/3997 3657/783/3995
f 3656/786/3998 3628/787/3999 3627/785/3997
f 3655/788/4000 3628/787/3999 3656/786/3998
f 3654/789/4001 3628/787/3999 3655/788/4000
f 4048/790/4002 3986/784/3996 4049/775/3987
f 3654/789/4001 3629/791/4003 3628/787/3999
f 3653/792/4004 3629/791/4003 3654/789/4001
f 3652/793/4005 3629/791/4003 3653/792/4004
f 3652/793/4005 3630/794/4006 3629/791/4003
f 3651/795/4007 3630/794/4006 3652/793/4005
f 3651/795/4007 3631/796/4008 3630/794/4006
f 3650/797/4009 3631/796/4008 3651/795/4007
f 3649/798/4010 3631/796/4008 3650/797/4009
f 4048/790/4002 3987/799/4011 3986/784/3996
f 3649/798/4010 3632/800/4012 3631/796/4008
f 3648/801/4013 3632/800/4012 3649/798/4010
f 3648/801/4013 3633/802/4014 3632/800/4012
f 3647/803/4015 3633/802/4014 3648/801/4013
f 3647/803/4015 3634/804/4016 3633/802/4014
f 3646/805/4017 3634/804/4016 3647/803/4015
f 3645/806/4018 3634/804/4016 3646/805/4017
f 3645/806/4018 3635/807/4019 3634/804/4016
f 3644/808/4020 3635/807/4019 3645/806/4018
f 3644/808/4020 3636/809/4021 3635/807/4019
f 3643/810/4022 3636/809/4021 3644/808/4020
f 3643/810/4022 3637/811/4023 3636/809/4021
f 3642/812/4024 3637/811/4023 3643/810/4022
f 3641/813/4025 3637/811/4023 3642/812/4024
f 3641/813/4025 3638/814/4026 3637/811/4023
f 3640/815/4027 3638/814/4026 3641/813/4025
f 3640/815/4027 3639/816/4028 3638/814/4026
f 4047/817/4029 3987/799/4011 4048/790/4002
f 4047/817/4029 3988/818/4030 3987/799/4011
f 4047/817/4029 3989/819/4031 3988/818/4030
f 4046/820/4032 3989/819/4031 4047/817/4029
f 4046/820/4032 3990/821/4033 3989/819/4031
f 4045/822/4034 3990/821/4033 4046/820/4032
f 4045/822/4034 3991/823/4035 3990/821/4033
f 4044/824/4036 3991/823/4035 4045/822/4034
f 4044/824/4036 3992/825/4037 3991/823/4035
f 4043/826/4038 3992/825/4037 4044/824/4036
f 4043/826/4038 3993/827/4039 3992/825/4037
f 4042/828/4040 3993/827/4039 4043/826/4038
f 4042/828/4040 3994/829/4041 3993/827/4039
f 4042/828/4040 3995/830/4042 3994/829/4041
f 4041/831/4043 3995/830/4042 4042/828/4040
f 4041/831/4043 3996/832/4044 3995/830/4042
f 4040/833/4045 3996/832/4044 4041/831/4043
f 4040/833/4045 3997/834/4046 3996/832/4044
f 4039/835/4047 3997/834/4046 4040/833/4045
f 4039/835/4047 3998/836/4048 3997/834/4046
f 4038/837/4049 3998/836/4048 4039/835/4047
f 4038/837/4049 3999/838/4050 3998/836/4048
f 4037/839/4051 3999/838/4050 4038/837/4049
f 4037/839/4051 4000/840/4052 3999/838/4050
f 4036/841/4053 4000/840/4052 4037/839/4051
f 4035/842/4054 4000/840/4052 4036/841/4053
f 4034/843/4055 4000/840/4052 4035/842/4054
f 4033/844/4056 4000/840/4052 4034/843/4055
f 4033/844/4056 4001/845/4057 4000/840/4052
f 4032/846/4058 4001/845/4057 4033/844/4056
f 4031/847/4059 4001/845/4057 4032/846/4058
f 4030/848/4060 4001/845/4057 4031/847/4059
f 4029/849/4061 4001/845/4057 4030/848/4060
f 4028/850/4062 4001/845/4057 4029/849/4061
f 4027/851/4063 4001/845/4057 4028/850/4062
f 4026/852/4064 4001/845/4057 4027/851/4063
f 4025/853/4065 4001/845/4057 4026/852/4064
f 4024/854/4066 4001/845/4057 4025/853/4065
f 4023/855/4067 4001/845/4057 4024/854/4066
f 4022/856/4068 4001/845/4057 4023/855/4067
f 4022/856/4068 4002/857/4069 4001/845/4057
f 4021/858/4070 4002/857/4069 4022/856/4068
f 4021/858/4070 4003/859/4071 4002/857/4069
f 4020/860/4072 4003/859/4071 4021/858/4070
f 4020/860/4072 4004/861/4073 4003/859/4071
f 4020/860/4072 4005/862/4074 4004/861/4073
f 4019/863/4075 4005/862/4074 4020/860/4072
f 4019/863/4075 4006/864/4076 4005/862/4074
f 4018/865/4077 4006/864/4076 4019/863/4075
f 4018/865/4077 4007/866/4078 4006/864/4076
f 4017/867/4079 4007/866/4078 4018/865/4077
f 4017/867/4079 4008/868/4080 4007/866/4078
f 4016/869/4081 4008/868/4080 4017/867/4079
f 4016/869/4081 4009/870/4082 4008/868/4080
f 4016/869/4081 4010/871/4083 4009/870/4082
f 4015/872/4084 4010/871/4083 4016/869/4081
f 4015/872/4084 4011/873/4085 4010/871/4083
f 4014/874/4086 4011/873/4085 4015/872/4084
f 4014/874/4086 4012/875/4087 4011/873/4085
f 4013/876/4088 4012/875/4087 4014/874/4086
f 4516/877/4089 4518/879/4090 4517/878/4091
f 4515/880/4092 4518/879/4090 4516/877/4089
f 4515/880/4092 4519/881/4093 4518/879/4090
f 4514/882/4094 4519/881/4093 4515/880/4092
f 4514/882/4094 4520/883/4095 4519/881/4093
f 4513/884/4096 4520/883/4095 4514/882/4094
f 4432/885/4097 4434/887/4098 4433/886/4099
f 4432/885/4097 4435/888/4100 4434/887/4098
f 4431/889/4101 4435/888/4100 4432/885/4097
f 4513/884/4096 4521/890/4102 4520/883/4095
f 4431/889/4101 4436/891/4103 4435/888/4100
f 4430/892/4104 4436/891/4103 4431/889/4101
f 4512/893/4105 4521/890/4102 4513/884/4096
f 4430/892/4104 4437/894/4106 4436/891/4103
f 4429/895/4107 4437/894/4106 4430/892/4104
f 4429/895/4107 4438/896/4108 4437/894/4106
f 4512/893/4105 4522/897/4109 4521/890/4102
f 4511/898/4110 4522/897/4109 4512/893/4105
f 4428/899/4111 4438/896/4108 4429/895/4107
f 4428/899/4111 4439/900/4112 4438/896/4108
f 4510/901/4113 4522/897/4109 4511/898/4110
f 4427/902/4114 4439/900/4112 4428/899/4111
f 4427/902/4114 4440/903/4115 4439/900/4112
f 4510/901/4113 4523/904/4116 4522/897/4109
f 4426/905/4117 4440/903/4115 4427/902/4114
f 4426/905/4117 4441/906/4118 4440/903/4115
f 4509/907/4119 4523/904/4116 4510/901/4113
f 4509/907/4119 4524/908/4120 4523/904/4116
f 4426/905/4117 4442/909/4121 4441/906/4118
f 4425/910/4122 4442/909/4121 4426/905/4117
f 4508/911/4123 4524/908/4120 4509/907/4119
f 4425/910/4122 4443/912/4124 4442/909/4121
f 4424/913/4125 4443/912/4124 4425/910/4122
f 4508/911/4123 4525/914/4126 4524/908/4120
f 4507/915/4127 4525/914/4126 4508/911/4123
f 4424/913/4125 4444/916/4128 4443/912/4124
f 4423/917/4129 4444/916/4128 4424/913/4125
f 4507/915/4127 4526/918/4130 4525/914/4126
f 4506/919/4131 4526/918/4130 4507/915/4127
f 4423/917/4129 4445/920/4132 4444/916/4128
f 4422/921/4133 4445/920/4132 4423/917/4129
f 4422/921/4133 4446/922/4134 4445/920/4132
f 4505/923/4135 4526/918/4130 4506/919/4131
f 4505/923/4135 4527/924/4136 4526/918/4130
f 4421/925/4137 4446/922/4134 4422/921/4133
f 4504/926/4138 4527/924/4136 4505/923/4135
f 4420/927/4139 4446/922/4134 4421/925/4137
f 4504/926/4138 4528/928/4140 4527/924/4136
f 4503/929/4141 4528/928/4140 4504/926/4138
f 4502/930/4142 4528/928/4140 4503/929/4141
f 4420/927/4139 4447/931/4143 4446/922/4134
f 4501/932/4144 4528/928/4140 4502/930/4142
f 4501/932/4144 4529/933/4145 4528/928/4140
f 4500/934/4146 4529/933/4145 4501/932/4144
f 4499/935/4147 4529/933/4145 4500/934/4146
f 4419/936/4148 4447/931/4143 4420/927/4139
f 4498/937/4149 4529/933/4145 4499/935/4147
f 4498/937/4149 4530/938/4150 4529/933/4145
f 4419/936/4148 4448/939/4151 4447/931/4143
f 4497/940/4152 4530/938/4150 4498/937/4149
f 4496/941/4153 4530/938/4150 4497/940/4152
f 4495/942/4154 4530/938/4150 4496/941/4153
f 4494/943/4155 4530/938/4150 4495/942/4154
f 4493/944/4156 4530/938/4150 4494/943/4155
f 4493/944/4156 4531/945/4157 4530/938/4150
f 4492/946/4158 4531/945/4157 4493/944/4156
f 4491/947/4159 4531/945/4157 4492/946/4158
f 4490/948/4160 4531/945/4157 4491/947/4159
f 4489/949/4161 4531/945/4157 4490/948/4160
f 4488/950/4162 4531/945/4157 4489/949/4161
f 4419/936/4148 4449/951/4163 4448/939/4151
f 4487/952/4164 4531/945/4157 4488/950/4162
f 4418/953/4165 4449/951/4163 4419/936/4148
f 4486/954/4166 4531/945/4157 4487/952/4164
f 4485/955/4167 4531/945/4157 4486/954/4166
f 4484/956/4168 4531/945/4157 4485/955/4167
f 4483/957/4169 4531/945/4157 4484/956/4168
f 4483/957/4169 4532/958/4170 4531/945/4157
f 4482/959/4171 4532/958/4170 4483/957/4169
f 4481/960/4172 4532/958/4170 4482/959/4171
f 4480/961/4173 4532/958/4170 4481/960/4172
f 4418/953/4165 4450/962/4174 4449/951/4163
f 4479/963/4175 4532/958/4170 4480/961/4173
f 4478/964/4176 4532/958/4170 4479/963/4175
f 4478/964/4176 4533/965/4177 4532/958/4170
f 4477/966/4178 4533/965/4177 4478/964/4176
f 4476/967/4179 4533/965/4177 4477/966/4178
f 4417/968/4180 4450/962/4174 4418/953/4165
f 4475/969/4181 4533/965/4177 4476/967/4179
f 4474/970/4182 4533/965/4177 4475/969/4181
f 4417/968/4180 4451/971/4183 4450/962/4174
f 4473/972/4184 4533/965/4177 4474/970/4182
f 4472/973/4185 4533/965/4177 4473/972/4184
f 4472/973/4185 4534/974/4186 4533/965/4177
f 4471/975/4187 4534/974/4186 4472/973/4185
f 4470/976/4188 4534/974/4186 4471/975/4187
f 4469/977/4189 4534/974/4186 4470/976/4188
f 4468/978/4190 4534/974/4186 4469/977/4189
f 4417/968/4180 4452/979/4191 4451/971/4183
f 4467/980/4192 4534/974/4186 4468/978/4190
f 4467/980/4192 4535/981/4193 4534/974/4186
f 4416/982/4194 4452/979/4191 4417/968/4180
f 4466/983/4195 4535/981/4193 4467/980/4192
f 4416/982/4194 4453/984/4196 4452/979/4191
f 4465/985/4197 4535/981/4193 4466/983/4195
f 4465/985/4197 4536/986/4198 4535/981/4193
f 4464/987/4199 4536/986/4198 4465/985/4197
f 4416/982/4194 4454/988/4200 4453/984/4196
f 4463/989/4201 4536/986/4198 4464/987/4199
f 4462/990/4202 4536/986/4198 4463/989/4201
f 4416/982/4194 4455/991/4203 4454/988/4200
f 4461/992/4204 4536/986/4198 4462/990/4202
f 4461/992/4204 4537/993/4205 4536/986/4198
f 4415/994/4206 4455/991/4203 4416/982/4194
f 4460/995/4207 4537/993/4205 4461/992/4204
f 4415/994/4206 4456/996/4208 4455/991/4203
f 4459/997/4209 4537/993/4205 4460/995/4207
f 4458/998/4210 4537/993/4205 4459/997/4209
f 4415/994/4206 4457/999/4211 4456/996/4208
f 4457/999/4211 4537/993/4205 4458/998/4210
f 4415/994/4206 4537/993/4205 4457/999/4211
f 4415/994/4206 4538/1000/4212 4537/993/4205
f 4414/1001/4213 4538/1000/4212 4415/994/4206
f 4414/1001/4213 4539/1002/4214 4538/1000/4212
f 4414/1001/4213 4540/1003/4215 4539/1002/4214
f 4413/1004/4216 4540/1003/4215 4414/1001/4213
f 4413/1004/4216 4541/1005/4217 4540/1003/4215
f 4413/1004/4216 4542/1006/4218 4541/1005/4217
f 4413/1004/4216 4543/1007/4219 4542/1006/4218
f 4412/1008/4220 4543/1007/4219 4413/1004/4216
f 4412/1008/4220 4544/1009/4221 4543/1007/4219
f 4412/1008/4220 4545/1010/4222 4544/1009/4221
f 4411/1011/4223 4545/1010/4222 4412/1008/4220
f 4411/1011/4223 4546/1012/4224 4545/1010/4222
f 4411/1011/4223 4361/1013/4225 4546/1012/4224
f 4361/1013/4225 4547/1014/4226 4546/1012/4224
f 4411/1011/4223 4362/1015/4227 4361/1013/4225
f 4360/1016/4228 4547/1014/4226 4361/1013/4225
f 4360/1016/4228 4548/1017/4229 4547/1014/4226
f 4411/1011/4223 4363/1018/4230 4362/1015/4227
f 4410/1019/4231 4363/1018/4230 4411/1011/4223
f 4410/1019/4231 4364/1020/4232 4363/1018/4230
f 4410/1019/4231 4365/1021/4233 4364/1020/4232
f 4360/1016/4228 4549/1022/4234 4548/1017/4229
f 4410/1019/4231 4366/1023/4235 4365/1021/4233
f 4360/1016/4228 4550/1024/4236 4549/1022/4234
f 4410/1019/4231 4367/1025/4237 4366/1023/4235
f 4409/1026/4238 4367/1025/4237 4410/1019/4231
f 4409/1026/4238 4368/1027/4239 4367/1025/4237
f 4360/1016/4228 4551/1028/4240 4550/1024/4236
f 4409/1026/4238 4369/1029/4241 4368/1027/4239
f 4360/1016/4228 4552/1030/4242 4551/1028/4240
f 4409/1026/4238 4370/1031/4243 4369/1029/4241
f 4408/1032/4244 4370/1031/4243 4409/1026/4238
f 4360/1016/4228 4553/1033/4245 4552/1030/4242
f 4408/1032/4244 4371/1034/4246 4370/1031/4243
f 4360/1016/4228 4554/1035/4247 4553/1033/4245
f 4360/1016/4228 4555/1036/4248 4554/1035/4247
f 4408/1032/4244 4372/1037/4249 4371/1034/4246
f 4407/1038/4250 4372/1037/4249 4408/1032/4244
f 4360/1016/4228 4556/1039/4251 4555/1036/4248
f 4407/1038/4250 4373/1040/4252 4372/1037/4249
f 4360/1016/4228 4557/1041/4253 4556/1039/4251
f 4406/1042/4254 4373/1040/4252 4407/1038/4250
f 4360/1016/4228 4558/1043/4255 4557/1041/4253
f 4406/1042/4254 4374/1044/4256 4373/1040/4252
f 4406/1042/4254 4375/1045/4257 4374/1044/4256
f 4360/1016/4228 4559/1046/4258 4558/1043/4255
f 4406/1042/4254 4376/1047/4259 4375/1045/4257
f 4359/1048/4260 4559/1046/4258 4360/1016/4228
f 4405/1049/4261 4376/1047/4259 4406/1042/4254
f 4405/1049/4261 4377/1050/4262 4376/1047/4259
f 4359/1048/4260 4560/1051/4263 4559/1046/4258
f 4405/1049/4261 4378/1052/4264 4377/1050/4262
f 4405/1049/4261 4379/1053/4265 4378/1052/4264
f 4404/1054/4266 4379/1053/4265 4405/1049/4261
f 4359/1048/4260 4561/1055/4267 4560/1051/4263
f 4404/1054/4266 4380/1056/4268 4379/1053/4265
f 4404/1054/4266 4381/1057/4269 4380/1056/4268
f 4404/1054/4266 4382/1058/4270 4381/1057/4269
f 4359/1048/4260 4562/1059/4271 4561/1055/4267
f 4403/1060/4272 4382/1058/4270 4404/1054/4266
f 4403/1060/4272 4383/1061/4273 4382/1058/4270
f 4403/1060/4272 4384/1062/4274 4383/1061/4273
f 4403/1060/4272 4385/1063/4275 4384/1062/4274
f 4402/1064/4276 4385/1063/4275 4403/1060/4272
f 4359/1048/4260 4563/1065/4277 4562/1059/4271
f 4402/1064/4276 4386/1066/4278 4385/1063/4275
f 4402/1064/4276 4387/1067/4279 4386/1066/4278
f 4401/1068/4280 4387/1067/4279 4402/1064/4276
f 4401/1068/4280 4388/1069/4281 4387/1067/4279
f 4359/1048/4260 4564/1070/4282 4563/1065/4277
f 4401/1068/4280 4389/1071/4283 4388/1069/4281
f 4400/1072/4284 4389/1071/4283 4401/1068/4280
f 4400/1072/4284 4390/1073/4285 4389/1071/4283
f 4400/1072/4284 4391/1074/4286 4390/1073/4285
f 4399/1075/4287 4391/1074/4286 4400/1072/4284
f 4399/1075/4287 4392/1076/4288 4391/1074/4286
f 4399/1075/4287 4393/1077/4289 4392/1076/4288
f 4359/1048/4260 4565/1078/4290 4564/1070/4282
f 4398/1079/4291 4393/1077/4289 4399/1075/4287
f 4398/1079/4291 4394/1080/4292 4393/1077/4289
f 4398/1079/4291 4395/1081/4293 4394/1080/4292
f 4397/1082/4294 4395/1081/4293 4398/1079/4291
f 4397/1082/4294 4396/1083/4295 4395/1081/4293
f 4359/1048/4260 4566/1084/4296 4565/1078/4290
f 4358/1085/4297 4566/1084/4296 4359/1048/4260
f 4357/1086/4298 4566/1084/4296 4358/1085/4297
f 4357/1086/4298 4567/1087/4299 4566/1084/4296
f 4356/1088/4300 4567/1087/4299 4357/1086/4298
f 4356/1088/4300 4568/1089/4301 4567/1087/4299
f 4355/1090/4302 4568/1089/4301 4356/1088/4300
f 4355/1090/4302 4569/1091/4303 4568/1089/4301
f 4354/1092/4304 4569/1091/4303 4355/1090/4302
f 4354/1092/4304 4570/1093/4305 4569/1091/4303
f 4353/1094/4306 4570/1093/4305 4354/1092/4304
f 4353/1094/4306 4571/1095/4307 4570/1093/4305
f 4352/1096/4308 4571/1095/4307 4353/1094/4306
f 4352/1096/4308 4572/1097/4309 4571/1095/4307
f 4352/1096/4308 4573/1098/4310 4572/1097/4309
f 4351/1099/4311 4573/1098/4310 4352/1096/4308
f 4351/1099/4311 4574/1100/4312 4573/1098/4310
f 4350/1101/4313 4574/1100/4312 4351/1099/4311
f 4350/1101/4313 4575/1102/4314 4574/1100/4312
f 4144/1103/4315 4146/1105/4316 4145/1104/4317
f 4143/1106/4318 4146/1105/4316 4144/1103/4315
f 4143/1106/4318 4147/1107/4319 4146/1105/4316
f 4142/1108/4320 4147/1107/4319 4143/1106/4318
f 4141/1109/4321 4147/1107/4319 4142/1108/4320
f 4141/1109/4321 4148/1110/4322 4147/1107/4319
f 4140/1111/4323 4148/1110/4322 4141/1109/4321
f 4139/1112/4324 4148/1110/4322 4140/1111/4323
f 4139/1112/4324 4149/1113/4325 4148/1110/4322
f 4138/1114/4326 4149/1113/4325 4139/1112/4324
f 4137/1115/4327 4149/1113/4325 4138/1114/4326
f 4137/1115/4327 4150/1116/4328 4149/1113/4325
f 4136/1117/4329 4150/1116/4328 4137/1115/4327
f 4135/1118/4330 4150/1116/4328 4136/1117/4329
f 4135/1118/4330 4151/1119/4331 4150/1116/4328
f 4134/1120/4332 4151/1119/4331 4135/1118/4330
f 4350/1101/4313 4576/181/4333 4575/1102/4314
f 4133/1121/4334 4151/1119/4331 4134/1120/4332
f 4133/1121/4334 4152/1122/4335 4151/1119/4331
f 4132/1123/4336 4152/1122/4335 4133/1121/4334
f 4349/1124/4337 4576/181/4333 4350/1101/4313
f 4132/1123/4336 4153/1125/4338 4152/1122/4335
f 4131/1126/4339 4153/1125/4338 4132/1123/4336
f 4131/1126/4339 4154/1127/4340 4153/1125/4338
f 4288/1128/4341 4290/1130/4342 4289/1129/4343
f 4288/1128/4341 4291/1131/4344 4290/1130/4342
f 4287/1132/4345 4291/1131/4344 4288/1128/4341
f 4287/1132/4345 4292/1133/4346 4291/1131/4344
f 4130/1134/4347 4154/1127/4340 4131/1126/4339
f 4287/1132/4345 4293/1135/4348 4292/1133/4346
f 4286/1136/4349 4293/1135/4348 4287/1132/4345
f 4286/1136/4349 4294/1137/4350 4293/1135/4348
f 4285/1138/4351 4294/1137/4350 4286/1136/4349
f 4285/1138/4351 4295/1139/4352 4294/1137/4350
f 4129/1140/4353 4154/1127/4340 4130/1134/4347
f 4129/1140/4353 4155/1141/4354 4154/1127/4340
f 4285/1138/4351 4296/1142/4355 4295/1139/4352
f 4284/1143/4356 4296/1142/4355 4285/1138/4351
f 4284/1143/4356 4297/1144/4357 4296/1142/4355
f 4283/1145/4358 4297/1144/4357 4284/1143/4356
f 4128/1146/4359 4155/1141/4354 4129/1140/4353
f 4283/1145/4358 4298/1147/4360 4297/1144/4357
f 4128/1146/4359 4156/1148/4361 4155/1141/4354
f 4283/1145/4358 4299/1149/4362 4298/1147/4360
f 4127/1150/4363 4156/1148/4361 4128/1146/4359
f 4282/1151/4364 4299/1149/4362 4283/1145/4358
f 4282/1151/4364 4300/1152/4365 4299/1149/4362
f 4126/1153/4366 4156/1148/4361 4127/1150/4363
f 4349/1124/4337 4109/178/4367 4576/181/4333
f 4281/1154/4368 4300/1152/4365 4282/1151/4364
f 4125/1155/4369 4156/1148/4361 4126/1153/4366
f 4281/1154/4368 4301/1156/4370 4300/1152/4365
f 4125/1155/4369 4157/1157/4371 4156/1148/4361
f 4124/1158/4372 4157/1157/4371 4125/1155/4369
f 4281/1154/4368 4302/1159/4373 4301/1156/4370
f 4123/1160/4374 4157/1157/4371 4124/1158/4372
f 4280/1161/4375 4302/1159/4373 4281/1154/4368
f 4122/1162/4376 4157/1157/4371 4123/1160/4374
f 4121/1163/4377 4157/1157/4371 4122/1162/4376
f 4120/1164/4378 4157/1157/4371 4121/1163/4377
f 4119/1165/4379 4157/1157/4371 4120/1164/4378
f 4119/1165/4379 4158/1166/4380 4157/1157/4371
f 4118/1167/4381 4158/1166/4380 4119/1165/4379
f 4117/1168/4382 4158/1166/4380 4118/1167/4381
f 4116/1169/4383 4158/1166/4380 4117/1168/4382
f 4279/1170/4384 4302/1159/4373 4280/1161/4375
f 4115/1171/4385 4158/1166/4380 4116/1169/4383
f 4114/1172/4386 4158/1166/4380 4115/1171/4385
f 4113/1173/4386 4158/1166/4380 4114/1172/4386
f 4112/1174/4387 4158/1166/4380 4113/1173/4386
f 4278/1175/4388 4302/1159/4373 4279/1170/4384
f 4112/1174/4387 4159/1176/4389 4158/1166/4380
f 4111/1177/4387 4159/1176/4389 4112/1174/4387
f 4110/1178/4387 4159/1176/4389 4111/1177/4387
f 4278/1175/4388 4303/1179/4390 4302/1159/4373
f 4109/178/4367 4159/1176/4389 4110/1178/4387
f 4349/1124/4337 4159/1176/4389 4109/178/4367
f 4277/1180/4391 4303/1179/4390 4278/1175/4388
f 4349/1124/4337 4160/1181/4392 4159/1176/4389
f 4348/1182/4393 4160/1181/4392 4349/1124/4337
f 4347/1183/4394 4160/1181/4392 4348/1182/4393
f 4346/1184/4395 4160/1181/4392 4347/1183/4394
f 4276/1185/4396 4303/1179/4390 4277/1180/4391
f 4345/1186/4397 4160/1181/4392 4346/1184/4395
f 4276/1185/4396 4304/1187/4398 4303/1179/4390
f 4344/1188/4399 4160/1181/4392 4345/1186/4397
f 4344/1188/4399 4161/1189/4400 4160/1181/4392
f 4343/1190/4401 4161/1189/4400 4344/1188/4399
f 4342/1191/4402 4161/1189/4400 4343/1190/4401
f 4341/1192/4402 4161/1189/4400 4342/1191/4402
f 4340/1193/4403 4161/1189/4400 4341/1192/4402
f 4275/1194/4404 4304/1187/4398 4276/1185/4396
f 4340/1193/4403 4162/1195/4405 4161/1189/4400
f 4275/1194/4404 4305/1196/4406 4304/1187/4398
f 4339/1197/4403 4162/1195/4405 4340/1193/4403
f 4338/1198/4407 4162/1195/4405 4339/1197/4403
f 4337/1199/4408 4162/1195/4405 4338/1198/4407
f 4337/1199/4408 4163/1200/4409 4162/1195/4405
f 4274/1201/4410 4305/1196/4406 4275/1194/4404
f 4274/1201/4410 4306/1202/4411 4305/1196/4406
f 4336/1203/4412 4163/1200/4409 4337/1199/4408
f 4335/1204/4413 4163/1200/4409 4336/1203/4412
f 4335/1204/4413 4164/1205/4414 4163/1200/4409
f 4334/1206/4415 4164/1205/4414 4335/1204/4413
f 4274/1201/4410 4307/1207/4416 4306/1202/4411
f 4333/1208/4417 4164/1205/4414 4334/1206/4415
f 4273/1209/4418 4307/1207/4416 4274/1201/4410
f 4332/1210/4419 4164/1205/4414 4333/1208/4417
f 4332/1210/4419 4165/1211/4420 4164/1205/4414
f 4331/1212/4421 4165/1211/4420 4332/1210/4419
f 4273/1209/4418 4308/1213/4422 4307/1207/4416
f 4330/1214/4423 4165/1211/4420 4331/1212/4421
f 4329/1215/4424 4165/1211/4420 4330/1214/4423
f 4328/1216/4425 4165/1211/4420 4329/1215/4424
f 4272/1217/4426 4308/1213/4422 4273/1209/4418
f 4328/1216/4425 4166/1218/4427 4165/1211/4420
f 4272/1217/4426 4309/1219/4428 4308/1213/4422
f 4327/1220/4429 4166/1218/4427 4328/1216/4425
f 4326/1221/4430 4166/1218/4427 4327/1220/4429
f 4325/1222/4431 4166/1218/4427 4326/1221/4430
f 4272/1217/4426 4310/1223/4432 4309/1219/4428
f 4324/1224/4433 4166/1218/4427 4325/1222/4431
f 4324/1224/4433 4167/1225/4434 4166/1218/4427
f 4323/1226/4435 4167/1225/4434 4324/1224/4433
f 4322/1227/4436 4167/1225/4434 4323/1226/4435
f 4272/1217/4426 4311/1228/4437 4310/1223/4432
f 4321/1229/4438 4167/1225/4434 4322/1227/4436
f 4271/1230/4439 4311/1228/4437 4272/1217/4426
f 4320/1231/4440 4167/1225/4434 4321/1229/4438
f 4319/1232/4441 4167/1225/4434 4320/1231/4440
f 4271/1230/4439 4312/1233/4442 4311/1228/4437
f 4318/1234/4443 4167/1225/4434 4319/1232/4441
f 4317/1235/4444 4167/1225/4434 4318/1234/4443
f 4316/1236/4445 4167/1225/4434 4317/1235/4444
f 4271/1230/4439 4313/1237/4446 4312/1233/4442
f 4315/1238/4447 4167/1225/4434 4316/1236/4445
f 4314/1239/4448 4167/1225/4434 4315/1238/4447
f 4313/1237/4446 4167/1225/4434 4314/1239/4448
f 4271/1230/4439 4167/1225/4434 4313/1237/4446
f 4271/1230/4439 4168/1240/4449 4167/1225/4434
f 4270/1241/4450 4168/1240/4449 4271/1230/4439
f 4270/1241/4450 4169/1242/4451 4168/1240/4449
f 4270/1241/4450 4170/1243/4452 4169/1242/4451
f 4269/1244/4453 4170/1243/4452 4270/1241/4450
f 4269/1244/4453 4171/1245/4454 4170/1243/4452
f 4269/1244/4453 4172/1246/4455 4171/1245/4454
f 4268/1247/4456 4172/1246/4455 4269/1244/4453
f 4268/1247/4456 4206/1248/4457 4172/1246/4455
f 4206/1248/4457 4205/1249/4458 4172/1246/4455
f 4205/1249/4458 4204/1250/4459 4172/1246/4455
f 4204/1250/4459 4173/1251/4460 4172/1246/4455
f 4268/1247/4456 4207/1252/4461 4206/1248/4457
f 4203/1253/4462 4173/1251/4460 4204/1250/4459
f 4268/1247/4456 4208/1254/4463 4207/1252/4461
f 4202/1255/4464 4173/1251/4460 4203/1253/4462
f 4268/1247/4456 4209/1256/4465 4208/1254/4463
f 4201/1257/4466 4173/1251/4460 4202/1255/4464
f 4268/1247/4456 4210/1258/4467 4209/1256/4465
f 4200/1259/4468 4173/1251/4460 4201/1257/4466
f 4268/1247/4456 4211/1260/4469 4210/1258/4467
f 4268/1247/4456 4212/1261/4470 4211/1260/4469
f 4199/1262/4471 4173/1251/4460 4200/1259/4468
f 4199/1262/4471 4174/1263/4472 4173/1251/4460
f 4268/1247/4456 4213/1264/4473 4212/1261/4470
f 4198/1265/4474 4174/1263/4472 4199/1262/4471
f 4268/1247/4456 4214/1266/4475 4213/1264/4473
f 4197/1267/4476 4174/1263/4472 4198/1265/4474
f 4268/1247/4456 4215/1268/4477 4214/1266/4475
f 4267/1269/4478 4215/1268/4477 4268/1247/4456
f 4196/1270/4479 4174/1263/4472 4197/1267/4476
f 4267/1269/4478 4216/1271/4480 4215/1268/4477
f 4196/1270/4479 4175/1272/4481 4174/1263/4472
f 4267/1269/4478 4217/1273/4482 4216/1271/4480
f 4195/1274/4483 4175/1272/4481 4196/1270/4479
f 4267/1269/4478 4218/1275/4484 4217/1273/4482
f 4194/1276/4485 4175/1272/4481 4195/1274/4483
f 4194/1276/4485 4176/1277/4486 4175/1272/4481
f 4267/1269/4478 4219/1278/4487 4218/1275/4484
f 4193/1279/4488 4176/1277/4486 4194/1276/4485
f 4267/1269/4478 4220/1280/4489 4219/1278/4487
f 4193/1279/4488 4177/1281/4490 4176/1277/4486
f 4192/1282/4491 4177/1281/4490 4193/1279/4488
f 4191/1283/4492 4177/1281/4490 4192/1282/4491
f 4190/1284/4493 4177/1281/4490 4191/1283/4492
f 4190/1284/4493 4178/1285/4494 4177/1281/4490
f 4267/1269/4478 4221/1286/4495 4220/1280/4489
f 4189/1287/4496 4178/1285/4494 4190/1284/4493
f 4188/1288/4497 4178/1285/4494 4189/1287/4496
f 4266/1289/4498 4221/1286/4495 4267/1269/4478
f 4188/1288/4497 4179/1290/4499 4178/1285/4494
f 4187/1291/4500 4179/1290/4499 4188/1288/4497
f 4186/1292/4501 4179/1290/4499 4187/1291/4500
f 4185/1293/4502 4179/1290/4499 4186/1292/4501
f 4185/1293/4502 4180/1294/4503 4179/1290/4499
f 4266/1289/4498 4222/1295/4504 4221/1286/4495
f 4184/1296/4505 4180/1294/4503 4185/1293/4502
f 4183/1297/4506 4180/1294/4503 4184/1296/4505
f 4183/1297/4506 4181/1298/4507 4180/1294/4503
f 4182/1299/4508 4181/1298/4507 4183/1297/4506
f 4266/1289/4498 4223/1300/4509 4222/1295/4504
f 4266/1289/4498 4224/1301/4510 4223/1300/4509
f 4265/1302/4511 4224/1301/4510 4266/1289/4498
f 4265/1302/4511 4225/1303/4512 4224/1301/4510
f 4265/1302/4511 4226/1304/4513 4225/1303/4512
f 4264/1305/4514 4226/1304/4513 4265/1302/4511
f 4264/1305/4514 4227/1306/4515 4226/1304/4513
f 4264/1305/4514 4228/1307/4516 4227/1306/4515
f 4263/1308/4517 4228/1307/4516 4264/1305/4514
f 4263/1308/4517 4229/1309/4518 4228/1307/4516
f 4262/1310/4519 4229/1309/4518 4263/1308/4517
f 4262/1310/4519 4230/1311/4520 4229/1309/4518
f 4262/1310/4519 4231/1312/4521 4230/1311/4520
f 4262/1310/4519 4232/1313/4522 4231/1312/4521
f 4262/1310/4519 4233/1314/4523 4232/1313/4522
f 4261/1315/4524 4233/1314/4523 4262/1310/4519
f 4261/1315/4524 4234/1316/4525 4233/1314/4523
f 4261/1315/4524 4235/1317/4526 4234/1316/4525
f 4261/1315/4524 4236/1318/4527 4235/1317/4526
f 4261/1315/4524 4237/1319/4528 4236/1318/4527
f 4260/1320/4529 4237/1319/4528 4261/1315/4524
f 4260/1320/4529 4238/1321/4530 4237/1319/4528
f 4260/1320/4529 4239/1322/4531 4238/1321/4530
f 4259/1323/4532 4239/1322/4531 4260/1320/4529
f 4259/1323/4532 4240/1324/4533 4239/1322/4531
f 4259/1323/4532 4241/1325/4534 4240/1324/4533
f 4258/1326/4535 4241/1325/4534 4259/1323/4532
f 4258/1326/4535 4242/1327/4536 4241/1325/4534
f 4258/1326/4535 4243/1328/4537 4242/1327/4536
f 4257/1329/4538 4243/1328/4537 4258/1326/4535
f 4257/1329/4538 4244/1330/4539 4243/1328/4537
f 4257/1329/4538 4245/1331/4540 4244/1330/4539
f 4256/1332/4541 4245/1331/4540 4257/1329/4538
f 4256/1332/4541 4246/1333/4542 4245/1331/4540
f 4256/1332/4541 4247/1334/4543 4246/1333/4542
f 4255/1335/4544 4247/1334/4543 4256/1332/4541
f 4255/1335/4544 4248/1336/4545 4247/1334/4543
f 4255/1335/4544 4249/1337/4546 4248/1336/4545
f 4254/1338/4547 4249/1337/4546 4255/1335/4544
f 4254/1338/4547 4250/1339/4548 4249/1337/4546
f 4254/1338/4547 4251/1340/4549 4250/1339/4548
f 4253/1341/4550 4251/1340/4549 4254/1338/4547
f 4253/1341/4550 4252/1342/4551 4251/1340/4549
f 5080/1343/4552 5082/1345/4553 5081/1344/4554
f 5079/1346/4555 5082/1345/4553 5080/1343/4552
f 5079/1346/4555 5083/1347/4556 5082/1345/4553
f 5078/1348/4557 5083/1347/4556 5079/1346/4555
f 5078/1348/4557 5084/1349/4558 5083/1347/4556
f 5077/1350/4559 5084/1349/4558 5078/1348/4557
f 5077/1350/4559 5085/1351/4560 5084/1349/4558
f 5076/1352/4561 5085/1351/4560 5077/1350/4559
f 5076/1352/4561 5086/1353/4562 5085/1351/4560
f 5075/1354/4563 5086/1353/4562 5076/1352/4561
f 5074/1355/4564 5086/1353/4562 5075/1354/4563
f 5074/1355/4564 5087/1356/4565 5086/1353/4562
f 5073/1357/4566 5087/1356/4565 5074/1355/4564
f 5073/1357/4566 5088/1358/4567 5087/1356/4565
f 5072/1359/4568 5088/1358/4567 5073/1357/4566
f 5072/1359/4568 5089/1360/4569 5088/1358/4567
f 5071/1361/4570 5089/1360/4569 5072/1359/4568
f 5071/1361/4570 5090/1362/4571 5089/1360/4569
f 5070/1363/4572 5090/1362/4571 5071/1361/4570
f 5070/1363/4572 5091/1364/4573 5090/1362/4571
f 5069/1365/4574 5091/1364/4573 5070/1363/4572
f 5068/1366/4575 5091/1364/4573 5069/1365/4574
f 5068/1366/4575 5092/1367/4576 5091/1364/4573
f 5067/1368/4577 5092/1367/4576 5068/1366/4575
f 5067/1368/4577 5093/1369/4578 5092/1367/4576
f 5066/1370/4579 5093/1369/4578 5067/1368/4577
f 5065/1371/4580 5093/1369/4578 5066/1370/4579
f 5065/1371/4580 5094/1372/4581 5093/1369/4578
f 5064/1373/4582 5094/1372/4581 5065/1371/4580
f 5063/1374/4583 5094/1372/4581 5064/1373/4582
f 5063/1374/4583 5095/1375/4584 5094/1372/4581
f 5062/1376/4585 5095/1375/4584 5063/1374/4583
f 5061/1377/4586 5095/1375/4584 5062/1376/4585
f 5061/1377/4586 5096/1378/4587 5095/1375/4584
f 5060/1379/4588 5096/1378/4587 5061/1377/4586
f 5059/1380/4589 5096/1378/4587 5060/1379/4588
f 5059/1380/4589 5097/1381/4590 5096/1378/4587
f 5058/1382/4591 5097/1381/4590 5059/1380/4589
f 5057/1383/4592 5097/1381/4590 5058/1382/4591
f 5056/1384/4593 5097/1381/4590 5057/1383/4592
f 5056/1384/4593 5098/1385/4594 5097/1381/4590
f 5055/1386/4595 5098/1385/4594 5056/1384/4593
f 5054/1387/4596 5098/1385/4594 5055/1386/4595
f 5054/1387/4596 5099/1388/4597 5098/1385/4594
f 5053/1389/4598 5099/1388/4597 5054/1387/4596
f 5052/1390/4599 5099/1388/4597 5053/1389/4598
f 5051/1391/4600 5099/1388/4597 5052/1390/4599
f 5051/1391/4600 5100/1392/4601 5099/1388/4597
f 5050/1393/4602 5100/1392/4601 5051/1391/4600
f 5049/1394/4603 5100/1392/4601 5050/1393/4602
f 5048/1395/4604 5100/1392/4601 5049/1394/4603
f 5047/1396/4605 5100/1392/4601 5048/1395/4604
f 5046/1397/4606 5100/1392/4601 5047/1396/4605
f 5046/1397/4606 5044/1398/4607 5100/1392/4601
f 5044/1398/4607 5101/1399/4608 5100/1392/4601
f 5045/1400/4609 5044/1398/4607 5046/1397/4606
f 5043/1401/4610 5101/1399/4608 5044/1398/4607
f 5042/1402/4611 5101/1399/4608 5043/1401/4610
f 5041/1403/4612 5101/1399/4608 5042/1402/4611
f 5040/1404/4613 5101/1399/4608 5041/1403/4612
f 5039/1405/4614 5101/1399/4608 5040/1404/4613
f 5038/1406/4615 5101/1399/4608 5039/1405/4614
f 5037/1407/4616 5101/1399/4608 5038/1406/4615
f 5037/1407/4616 5102/1408/4617 5101/1399/4608
f 5036/1409/4618 5102/1408/4617 5037/1407/4616
f 5035/1410/4619 5102/1408/4617 5036/1409/4618
f 5034/1411/4620 5102/1408/4617 5035/1410/4619
f 5034/1411/4620 5103/1412/4621 5102/1408/4617
f 5033/1413/4622 5103/1412/4621 5034/1411/4620
f 5032/1414/4623 5103/1412/4621 5033/1413/4622
f 5032/1414/4623 5104/1415/4624 5103/1412/4621
f 5031/1416/4625 5104/1415/4624 5032/1414/4623
f 5030/1417/4626 5104/1415/4624 5031/1416/4625
f 5030/1417/4626 5105/1418/4627 5104/1415/4624
f 5029/1419/4628 5105/1418/4627 5030/1417/4626
f 5029/1419/4628 5106/1420/4629 5105/1418/4627
f 5028/1421/4630 5106/1420/4629 5029/1419/4628
f 5028/1421/4630 5107/1422/4631 5106/1420/4629
f 5028/1421/4630 5108/1423/4632 5107/1422/4631
f 5027/1424/4633 5108/1423/4632 5028/1421/4630
f 5027/1424/4633 5109/1425/4634 5108/1423/4632
f 5027/1424/4633 5110/1426/4635 5109/1425/4634
f 5026/1427/4636 5110/1426/4635 5027/1424/4633
f 5026/1427/4636 5111/1428/4637 5110/1426/4635
f 5026/1427/4636 5112/1429/4638 5111/1428/4637
f 5025/1430/4639 5112/1429/4638 5026/1427/4636
f 5025/1430/4639 5113/1431/4640 5112/1429/4638
f 5025/1430/4639 5114/1432/4641 5113/1431/4640
f 5024/1433/4642 5114/1432/4641 5025/1430/4639
f 5024/1433/4642 5115/1434/4643 5114/1432/4641
f 5024/1433/4642 5116/1435/4644 5115/1434/4643
f 5023/1436/4645 5116/1435/4644 5024/1433/4642
f 5023/1436/4645 5117/1437/4646 5116/1435/4644
f 5023/1436/4645 5118/1438/4647 5117/1437/4646
f 5023/1436/4645 5119/1439/4648 5118/1438/4647
f 5022/1440/4649 5119/1439/4648 5023/1436/4645
f 5022/1440/4649 5120/1441/4650 5119/1439/4648
f 5022/1440/4649 5121/1442/4651 5120/1441/4650
f 5021/1443/4652 5121/1442/4651 5022/1440/4649
f 5021/1443/4652 5122/1444/4653 5121/1442/4651
f 5021/1443/4652 5123/1445/4654 5122/1444/4653
f 5020/1446/4655 5123/1445/4654 5021/1443/4652
f 5020/1446/4655 5124/1447/4656 5123/1445/4654
f 5020/1446/4655 5125/1448/4657 5124/1447/4656
f 5020/1446/4655 5126/1449/4658 5125/1448/4657
f 5020/1446/4655 5127/1450/4659 5126/1449/4658
f 5020/1446/4655 5128/1451/4660 5127/1450/4659
f 5020/1446/4655 5129/1452/4661 5128/1451/4660
f 5019/1453/4662 5129/1452/4661 5020/1446/4655
f 5019/1453/4662 5130/1454/4663 5129/1452/4661
f 5019/1453/4662 5131/1455/4664 5130/1454/4663
f 5019/1453/4662 5132/1456/4665 5131/1455/4664
f 5018/1457/4666 5132/1456/4665 5019/1453/4662
f 5018/1457/4666 5133/1458/4667 5132/1456/4665
f 5018/1457/4666 5134/1459/4668 5133/1458/4667
f 5017/1460/4669 5134/1459/4668 5018/1457/4666
f 5017/1460/4669 5135/1461/4670 5134/1459/4668
f 5016/1462/4671 5135/1461/4670 5017/1460/4669
f 5016/1462/4671 5136/1463/4672 5135/1461/4670
f 5015/1464/4673 5136/1463/4672 5016/1462/4671
f 5015/1464/4673 5137/1465/4674 5136/1463/4672
f 5176/1466/4675 5178/1468/4676 5177/1467/4677
f 5176/1466/4675 5179/1469/4678 5178/1468/4676
f 5175/1470/4679 5179/1469/4678 5176/1466/4675
f 5175/1470/4679 5180/1471/4680 5179/1469/4678
f 5175/1470/4679 5181/1472/4681 5180/1471/4680
f 5174/1473/4682 5181/1472/4681 5175/1470/4679
f 5174/1473/4682 5182/1474/4683 5181/1472/4681
f 5173/1475/4684 5182/1474/4683 5174/1473/4682
f 5173/1475/4684 5183/1476/4685 5182/1474/4683
f 5173/1475/4684 5184/1477/4686 5183/1476/4685
f 5172/1478/4687 5184/1477/4686 5173/1475/4684
f 5172/1478/4687 5185/1479/4688 5184/1477/4686
f 5171/1480/4689 5185/1479/4688 5172/1478/4687
f 5171/1480/4689 5186/1481/4690 5185/1479/4688
f 5171/1480/4689 5187/1482/4691 5186/1481/4690
f 5170/1483/4692 5187/1482/4691 5171/1480/4689
f 5170/1483/4692 5188/1484/4693 5187/1482/4691
f 5170/1483/4692 5189/1485/4694 5188/1484/4693
f 5169/1486/4695 5189/1485/4694 5170/1483/4692
f 5169/1486/4695 5190/1487/4696 5189/1485/4694
f 5168/1488/4697 5190/1487/4696 5169/1486/4695
f 5168/1488/4697 5191/1489/4698 5190/1487/4696
f 5015/1464/4673 5138/1490/4699 5137/1465/4674
f 5167/1491/4700 5191/1489/4698 5168/1488/4697
f 5014/1492/4701 5138/1490/4699 5015/1464/4673
f 5167/1491/4700 5192/1493/4702 5191/1489/4698
f 5166/1494/4703 5192/1493/4702 5167/1491/4700
f 5166/1494/4703 5193/1495/4704 5192/1493/4702
f 5165/1496/4705 5193/1495/4704 5166/1494/4703
f 5165/1496/4705 5194/1497/4706 5193/1495/4704
f 5164/1498/4707 5194/1497/4706 5165/1496/4705
f 5164/1498/4707 5195/1499/4708 5194/1497/4706
f 5163/1500/4709 5195/1499/4708 5164/1498/4707
f 5163/1500/4709 5196/1501/4710 5195/1499/4708
f 5162/1502/4711 5196/1501/4710 5163/1500/4709
f 5161/1503/4712 5196/1501/4710 5162/1502/4711
f 5161/1503/4712 5197/1504/4713 5196/1501/4710
f 5160/1505/4714 5197/1504/4713 5161/1503/4712
f 5014/1492/4701 5139/1506/4715 5138/1490/4699
f 5013/1507/4716 5139/1506/4715 5014/1492/4701
f 5159/1508/4717 5197/1504/4713 5160/1505/4714
f 5159/1508/4717 5198/1509/4718 5197/1504/4713
f 5158/1510/4719 5198/1509/4718 5159/1508/4717
f 5157/1511/4720 5198/1509/4718 5158/1510/4719
f 5157/1511/4720 5199/1512/4721 5198/1509/4718
f 5156/1513/4722 5199/1512/4721 5157/1511/4720
f 5155/1514/4723 5199/1512/4721 5156/1513/4722
f 5154/1515/4724 5199/1512/4721 5155/1514/4723
f 5154/1515/4724 5200/1516/4725 5199/1512/4721
f 5153/1517/4726 5200/1516/4725 5154/1515/4724
f 5152/1518/4727 5200/1516/4725 5153/1517/4726
f 5152/1518/4727 5201/1519/4728 5200/1516/4725
f 5012/1520/4729 5139/1506/4715 5013/1507/4716
f 5151/1521/4730 5201/1519/4728 5152/1518/4727
f 5151/1521/4730 5202/1522/4731 5201/1519/4728
f 5012/1520/4729 5140/1523/4732 5139/1506/4715
f 5151/1521/4730 5203/1524/4733 5202/1522/4731
f 5150/1525/4734 5203/1524/4733 5151/1521/4730
f 5150/1525/4734 5204/1526/4735 5203/1524/4733
f 5149/1527/4736 5204/1526/4735 5150/1525/4734
f 5149/1527/4736 5205/1528/4737 5204/1526/4735
f 5011/1529/4738 5140/1523/4732 5012/1520/4729
f 5149/1527/4736 5206/1530/4739 5205/1528/4737
f 5148/1531/4740 5206/1530/4739 5149/1527/4736
f 5148/1531/4740 5207/1532/4741 5206/1530/4739
f 5147/1533/4742 5207/1532/4741 5148/1531/4740
f 5147/1533/4742 5208/1534/4743 5207/1532/4741
f 5011/1529/4738 5141/1535/4744 5140/1523/4732
f 5147/1533/4742 5209/1536/4745 5208/1534/4743
f 5146/1537/4746 5209/1536/4745 5147/1533/4742
f 5146/1537/4746 5210/1538/4747 5209/1536/4745
f 5146/1537/4746 5211/1539/4748 5210/1538/4747
f 5145/1540/4749 5211/1539/4748 5146/1537/4746
f 5145/1540/4749 5212/1541/4750 5211/1539/4748
f 5010/1542/4751 5141/1535/4744 5011/1529/4738
f 5145/1540/4749 5213/1543/4752 5212/1541/4750
f 5145/1540/4749 5214/1544/4753 5213/1543/4752
f 5144/1545/4754 5214/1544/4753 5145/1540/4749
f 5144/1545/4754 5215/1546/4755 5214/1544/4753
f 5144/1545/4754 5216/1547/4756 5215/1546/4755
f 5144/1545/4754 5217/1548/4757 5216/1547/4756
f 5144/1545/4754 5218/1549/4758 5217/1548/4757
f 5143/1550/4759 5218/1549/4758 5144/1545/4754
f 5143/1550/4759 5219/1551/4760 5218/1549/4758
f 5143/1550/4759 5220/1552/4761 5219/1551/4760
f 5142/1553/4762 5220/1552/4761 5143/1550/4759
f 5142/1553/4762 5221/1554/4763 5220/1552/4761
f 5141/1535/4744 5221/1554/4763 5142/1553/4762
f 5141/1535/4744 5222/1555/4764 5221/1554/4763
f 5010/1542/4751 5222/1555/4764 5141/1535/4744
f 5010/1542/4751 5223/1556/4765 5222/1555/4764
f 5009/1557/4766 5223/1556/4765 5010/1542/4751
f 5009/1557/4766 5224/1558/4767 5223/1556/4765
f 5009/1557/4766 5225/1559/4768 5224/1558/4767
f 5009/1557/4766 5226/1560/4769 5225/1559/4768
f 5009/1557/4766 5227/1561/4770 5226/1560/4769
f 5009/1557/4766 5228/1562/4771 5227/1561/4770
f 5008/1563/4772 5228/1562/4771 5009/1557/4766
f 5008/1563/4772 5229/1564/4773 5228/1562/4771
f 5007/1565/4774 5229/1564/4773 5008/1563/4772
f 5007/1565/4774 5230/1566/4775 5229/1564/4773
f 5006/1567/4776 5230/1566/4775 5007/1565/4774
f 5006/1567/4776 5231/1568/4777 5230/1566/4775
f 4960/1569/4778 4962/1571/4779 4961/1570/4780
f 4960/1569/4778 4963/1572/4781 4962/1571/4779
f 4959/1573/4782 4963/1572/4781 4960/1569/4778
f 4959/1573/4782 4964/1574/4783 4963/1572/4781
f 4959/1573/4782 4965/1575/4784 4964/1574/4783
f 4958/1576/4785 4965/1575/4784 4959/1573/4782
f 4958/1576/4785 4966/1577/4786 4965/1575/4784
f 5005/1578/4787 5231/1568/4777 5006/1567/4776
f 4957/1579/4788 4966/1577/4786 4958/1576/4785
f 4957/1579/4788 4967/1580/4789 4966/1577/4786
f 4957/1579/4788 4968/1581/4790 4967/1580/4789
f 4956/1582/4791 4968/1581/4790 4957/1579/4788
f 5005/1578/4787 5232/1583/4792 5231/1568/4777
f 4956/1582/4791 4969/1584/4793 4968/1581/4790
f 4956/1582/4791 4970/1585/4794 4969/1584/4793
f 4955/1586/4795 4970/1585/4794 4956/1582/4791
f 4955/1586/4795 4971/1587/4796 4970/1585/4794
f 5004/1588/4797 5232/1583/4792 5005/1578/4787
f 4954/1589/4798 4971/1587/4796 4955/1586/4795
f 4954/1589/4798 4972/1590/4799 4971/1587/4796
f 5004/1588/4797 5233/1591/4800 5232/1583/4792
f 4954/1589/4798 4973/1592/4801 4972/1590/4799
f 4953/1593/4802 4973/1592/4801 4954/1589/4798
f 5003/1594/4803 5233/1591/4800 5004/1588/4797
f 4953/1593/4802 4974/1595/4804 4973/1592/4801
f 4952/1596/4805 4974/1595/4804 4953/1593/4802
f 5002/1597/4806 5233/1591/4800 5003/1594/4803
f 5002/1597/4806 5234/1598/4807 5233/1591/4800
f 4951/1599/4808 4974/1595/4804 4952/1596/4805
f 4951/1599/4808 4975/1600/4809 4974/1595/4804
f 5001/1601/4810 5234/1598/4807 5002/1597/4806
f 4950/1602/4811 4975/1600/4809 4951/1599/4808
f 5001/1601/4810 5235/1603/4812 5234/1598/4807
f 5000/1604/4813 5235/1603/4812 5001/1601/4810
f 4950/1602/4811 4976/1605/4814 4975/1600/4809
f 4949/1606/4815 4976/1605/4814 4950/1602/4811
f 4999/1607/4816 5235/1603/4812 5000/1604/4813
f 4948/1608/4817 4976/1605/4814 4949/1606/4815
f 4999/1607/4816 5236/1609/4818 5235/1603/4812
f 4948/1608/4817 4977/1610/4819 4976/1605/4814
f 4998/1611/4820 5236/1609/4818 4999/1607/4816
f 4947/1612/4821 4977/1610/4819 4948/1608/4817
f 4947/1612/4821 4978/1613/4822 4977/1610/4819
f 4997/1614/4823 5236/1609/4818 4998/1611/4820
f 4997/1614/4823 5237/1615/4824 5236/1609/4818
f 4946/1616/4825 4978/1613/4822 4947/1612/4821
f 4996/1617/4826 5237/1615/4824 4997/1614/4823
f 4946/1616/4825 4979/1618/4827 4978/1613/4822
f 4995/1619/4828 5237/1615/4824 4996/1617/4826
f 4946/1616/4825 4980/1620/4829 4979/1618/4827
f 4994/1621/4830 5237/1615/4824 4995/1619/4828
f 4945/1622/4831 4980/1620/4829 4946/1616/4825
f 4994/1621/4830 5238/1623/4832 5237/1615/4824
f 4993/1624/4833 5238/1623/4832 4994/1621/4830
f 4945/1622/4831 4981/1625/4834 4980/1620/4829
f 4992/1626/4835 5238/1623/4832 4993/1624/4833
f 4991/1627/4836 5238/1623/4832 4992/1626/4835
f 4945/1622/4831 4982/1628/4837 4981/1625/4834
f 4944/1629/4838 4982/1628/4837 4945/1622/4831
f 4990/1630/4839 5238/1623/4832 4991/1627/4836
f 4944/1629/4838 4983/1631/4840 4982/1628/4837
f 4989/1632/4841 5238/1623/4832 4990/1630/4839
f 4988/1633/4842 5238/1623/4832 4989/1632/4841
f 4944/1629/4838 4984/1634/4843 4983/1631/4840
f 4987/1635/4844 5238/1623/4832 4988/1633/4842
f 4986/1636/4845 5238/1623/4832 4987/1635/4844
f 4944/1629/4838 4985/1637/4846 4984/1634/4843
f 4985/1637/4846 5238/1623/4832 4986/1636/4845
f 4944/1629/4838 5238/1623/4832 4985/1637/4846
f 4944/1629/4838 4889/1638/4847 5238/1623/4832
f 4889/1638/4847 5239/1639/4848 5238/1623/4832
f 4943/1640/4849 4889/1638/4847 4944/1629/4838
f 4942/1641/4850 4889/1638/4847 4943/1640/4849
f 4942/1641/4850 4890/1642/4851 4889/1638/4847
f 4888/1643/4852 5239/1639/4848 4889/1638/4847
f 4888/1643/4852 5240/1644/4853 5239/1639/4848
f 4942/1641/4850 4891/1645/4854 4890/1642/4851
f 4941/1646/4855 4891/1645/4854 4942/1641/4850
f 4941/1646/4855 4892/1647/4856 4891/1645/4854
f 4941/1646/4855 4893/1648/4857 4892/1647/4856
f 4940/1649/4858 4893/1648/4857 4941/1646/4855
f 4888/1643/4852 5241/1650/4859 5240/1644/4853
f 4940/1649/4858 4894/1651/4860 4893/1648/4857
f 4887/1652/4861 5241/1650/4859 4888/1643/4852
f 4940/1649/4858 4895/1653/4862 4894/1651/4860
f 4939/1654/4863 4895/1653/4862 4940/1649/4858
f 4939/1654/4863 4896/1655/4864 4895/1653/4862
f 4887/1652/4861 5242/1656/4865 5241/1650/4859
f 4939/1654/4863 4897/1657/4866 4896/1655/4864
f 4938/1658/4867 4897/1657/4866 4939/1654/4863
f 4938/1658/4867 4898/1659/4868 4897/1657/4866
f 4886/1660/4869 5242/1656/4865 4887/1652/4861
f 4886/1660/4869 5243/1661/4870 5242/1656/4865
f 4937/1662/4871 4898/1659/4868 4938/1658/4867
f 4937/1662/4871 4899/1663/4872 4898/1659/4868
f 4937/1662/4871 4900/1664/4873 4899/1663/4872
f 4936/1665/4874 4900/1664/4873 4937/1662/4871
f 4886/1660/4869 5244/1666/4875 5243/1661/4870
f 4936/1665/4874 4901/1667/4876 4900/1664/4873
f 4885/1668/4877 5244/1666/4875 4886/1660/4869
f 4935/1669/4878 4901/1667/4876 4936/1665/4874
f 4935/1669/4878 4902/1670/4879 4901/1667/4876
f 4935/1669/4878 4903/1671/4880 4902/1670/4879
f 4885/1668/4877 5245/1672/4881 5244/1666/4875
f 4934/1673/4882 4903/1671/4880 4935/1669/4878
f 4934/1673/4882 4904/1674/4883 4903/1671/4880
f 4934/1673/4882 4905/1675/4884 4904/1674/4883
f 4934/1673/4882 4906/1676/4885 4905/1675/4884
f 4933/1677/4886 4906/1676/4885 4934/1673/4882
f 4933/1677/4886 4907/1678/4887 4906/1676/4885
f 4933/1677/4886 4908/1679/4888 4907/1678/4887
f 4884/1680/4889 5245/1672/4881 4885/1668/4877
f 4884/1680/4889 5246/1681/4890 5245/1672/4881
f 4933/1677/4886 4909/1682/4891 4908/1679/4888
f 4932/1683/4892 4909/1682/4891 4933/1677/4886
f 4932/1683/4892 4910/1684/4893 4909/1682/4891
f 4932/1683/4892 4911/1685/4894 4910/1684/4893
f 4932/1683/4892 4912/1686/4895 4911/1685/4894
f 4931/1687/4896 4912/1686/4895 4932/1683/4892
f 4931/1687/4896 4913/1688/4897 4912/1686/4895
f 4931/1687/4896 4914/1689/4898 4913/1688/4897
f 4930/1690/4899 4914/1689/4898 4931/1687/4896
f 4930/1690/4899 4915/1691/4900 4914/1689/4898
f 4884/1680/4889 5247/1692/4901 5246/1681/4890
f 4930/1690/4899 4916/1693/4902 4915/1691/4900
f 4929/1694/4903 4916/1693/4902 4930/1690/4899
f 4929/1694/4903 4917/1695/4904 4916/1693/4902
f 4929/1694/4903 4918/1696/4905 4917/1695/4904
f 4928/1697/4906 4918/1696/4905 4929/1694/4903
f 4883/1698/4907 5247/1692/4901 4884/1680/4889
f 4928/1697/4906 4919/1699/4908 4918/1696/4905
f 4928/1697/4906 4920/1700/4909 4919/1699/4908
f 4927/1701/4910 4920/1700/4909 4928/1697/4906
f 4927/1701/4910 4921/1702/4911 4920/1700/4909
f 4927/1701/4910 4922/1703/4912 4921/1702/4911
f 4926/1704/4913 4922/1703/4912 4927/1701/4910
f 4926/1704/4913 4923/1705/4914 4922/1703/4912
f 4926/1704/4913 4924/1706/4915 4923/1705/4914
f 4925/1707/4916 4924/1706/4915 4926/1704/4913
f 4883/1698/4907 5248/1708/4917 5247/1692/4901
f 4882/1709/4918 5248/1708/4917 4883/1698/4907
f 4882/1709/4918 5249/1710/4919 5248/1708/4917
f 4882/1709/4918 5250/1711/4920 5249/1710/4919
f 4881/1712/4921 5250/1711/4920 4882/1709/4918
f 4881/1712/4921 5251/1713/4920 5250/1711/4920
f 4612/1714/4922 4614/1716/4923 4613/1715/4924
f 4611/1717/4925 4614/1716/4923 4612/1714/4922
f 4611/1717/4925 4615/1718/4926 4614/1716/4923
f 4610/1719/4927 4615/1718/4926 4611/1717/4925
f 4610/1719/4927 4616/1720/4928 4615/1718/4926
f 4609/1721/4929 4616/1720/4928 4610/1719/4927
f 4609/1721/4929 4617/1722/4930 4616/1720/4928
f 4608/1723/4931 4617/1722/4930 4609/1721/4929
f 4608/1723/4931 4618/1724/4932 4617/1722/4930
f 4607/1725/4933 4618/1724/4932 4608/1723/4931
f 4607/1725/4933 4619/1726/4934 4618/1724/4932
f 4606/1727/4935 4619/1726/4934 4607/1725/4933
f 4606/1727/4935 4620/1728/4936 4619/1726/4934
f 4605/1729/4937 4620/1728/4936 4606/1727/4935
f 4605/1729/4937 4621/1730/4938 4620/1728/4936
f 4604/1731/4939 4621/1730/4938 4605/1729/4937
f 4604/1731/4939 4622/1732/4940 4621/1730/4938
f 4603/1733/4941 4622/1732/4940 4604/1731/4939
f 4603/1733/4941 4623/1734/4942 4622/1732/4940
f 4881/1712/4921 5252/1735/4920 5251/1713/4920
f 4602/1736/4943 4623/1734/4942 4603/1733/4941
f 4602/1736/4943 4624/1737/4944 4623/1734/4942
f 4601/1738/4945 4624/1737/4944 4602/1736/4943
f 4880/1739/4946 5252/1735/4920 4881/1712/4921
f 4601/1738/4945 4625/1740/4947 4624/1737/4944
f 4600/1741/4948 4625/1740/4947 4601/1738/4945
f 4600/1741/4948 4626/1742/4949 4625/1740/4947
f 4599/1743/4950 4626/1742/4949 4600/1741/4948
f 4598/1744/4951 4626/1742/4949 4599/1743/4950
f 4598/1744/4951 4627/1745/4952 4626/1742/4949
f 4880/1739/4946 5253/1746/4953 5252/1735/4920
f 4597/1747/4954 4627/1745/4952 4598/1744/4951
f 4596/1748/4955 4627/1745/4952 4597/1747/4954
f 4596/1748/4955 4628/1749/4956 4627/1745/4952
f 4595/1750/4957 4628/1749/4956 4596/1748/4955
f 4594/1751/4958 4628/1749/4956 4595/1750/4957
f 4594/1751/4958 4629/1752/4959 4628/1749/4956
f 4593/1753/4960 4629/1752/4959 4594/1751/4958
f 4593/1753/4960 4630/1754/4961 4629/1752/4959
f 4592/1755/4962 4630/1754/4961 4593/1753/4960
f 4880/1739/4946 5254/1756/4963 5253/1746/4953
f 4591/1757/4964 4630/1754/4961 4592/1755/4962
f 4591/1757/4964 4631/1758/4965 4630/1754/4961
f 4590/1759/4966 4631/1758/4965 4591/1757/4964
f 4589/1760/4967 4631/1758/4965 4590/1759/4966
f 4879/1761/4968 5254/1756/4963 4880/1739/4946
f 4588/1762/4969 4631/1758/4965 4589/1760/4967
f 4588/1762/4969 4632/1763/4970 4631/1758/4965
f 4588/1762/4969 4633/1764/4971 4632/1763/4970
f 4587/1765/4972 4633/1764/4971 4588/1762/4969
f 4879/1761/4968 5255/1766/4973 5254/1756/4963
f 4587/1765/4972 4634/1767/4974 4633/1764/4971
f 4586/1768/4975 4634/1767/4974 4587/1765/4972
f 4586/1768/4975 4635/1769/4976 4634/1767/4974
f 4585/1770/4977 4635/1769/4976 4586/1768/4975
f 4879/1761/4968 5256/1771/4978 5255/1766/4973
f 4585/1770/4977 4636/1772/4979 4635/1769/4976
f 4584/1773/4980 4636/1772/4979 4585/1770/4977
f 4584/1773/4980 4637/1774/4981 4636/1772/4979
f 4879/1761/4968 5257/1775/4982 5256/1771/4978
f 4583/1776/4983 4637/1774/4981 4584/1773/4980
f 4878/1777/4984 5257/1775/4982 4879/1761/4968
f 4583/1776/4983 4638/1778/4985 4637/1774/4981
f 4582/1779/4986 4638/1778/4985 4583/1776/4983
f 4582/1779/4986 4639/1780/4987 4638/1778/4985
f 4878/1777/4984 5258/1781/4988 5257/1775/4982
f 4581/1782/4989 4639/1780/4987 4582/1779/4986
f 4581/1782/4989 4640/1783/4990 4639/1780/4987
f 4580/1784/4991 4640/1783/4990 4581/1782/4989
f 4878/1777/4984 5259/1785/4992 5258/1781/4988
f 4580/1784/4991 4641/1786/4993 4640/1783/4990
f 4579/1787/4994 4641/1786/4993 4580/1784/4991
f 4579/1787/4994 4642/1788/4995 4641/1786/4993
f 4878/1777/4984 5260/181/4996 5259/1785/4992
f 4578/1789/4997 4642/1788/4995 4579/1787/4994
f 4877/1790/4998 5260/181/4996 4878/1777/4984
f 4578/1789/4997 4643/1791/4999 4642/1788/4995
f 4877/1790/4998 4577/178/5000 5260/181/4996
f 4577/178/5000 4643/1791/4999 4578/1789/4997
f 4577/178/5000 4644/1792/5001 4643/1791/4999
f 4577/178/5000 4645/1793/5002 4644/1792/5001
f 4877/1790/4998 4645/1793/5002 4577/178/5000
f 4877/1790/4998 4646/1794/5003 4645/1793/5002
f 4877/1790/4998 4647/1795/5004 4646/1794/5003
f 4877/1790/4998 4652/1796/5005 4647/1795/5004
f 4652/1796/5005 4651/1797/5006 4647/1795/5004
f 4651/1797/5006 4648/1798/5007 4647/1795/5004
f 4651/1797/5006 4650/1799/5008 4648/1798/5007
f 4650/1799/5008 4649/1800/5009 4648/1798/5007
f 4877/1790/4998 4653/1801/5010 4652/1796/5005
f 4877/1790/4998 4654/1802/5011 4653/1801/5010
f 4877/1790/4998 4655/1803/5012 4654/1802/5011
f 4877/1790/4998 4656/1804/5013 4655/1803/5012
f 4877/1790/4998 4657/1805/5014 4656/1804/5013
f 4877/1790/4998 4658/1806/5015 4657/1805/5014
f 4877/1790/4998 4659/1807/5016 4658/1806/5015
f 4877/1790/4998 4660/1808/5017 4659/1807/5016
f 4877/1790/4998 4661/1809/5018 4660/1808/5017
f 4877/1790/4998 4662/1810/5019 4661/1809/5018
f 4877/1790/4998 4663/1811/5020 4662/1810/5019
f 4877/1790/4998 4664/1812/5021 4663/1811/5020
f 4876/1813/5022 4664/1812/5021 4877/1790/4998
f 4876/1813/5022 4665/1814/5023 4664/1812/5021
f 4875/1815/5024 4665/1814/5023 4876/1813/5022
f 4875/1815/5024 4666/1816/5025 4665/1814/5023
f 4874/1817/5026 4666/1816/5025 4875/1815/5024
f 4874/1817/5026 4667/1818/5027 4666/1816/5025
f 4873/1819/5028 4667/1818/5027 4874/1817/5026
f 4872/1820/5029 4667/1818/5027 4873/1819/5028
f 4872/1820/5029 4668/1821/5030 4667/1818/5027
f 4871/1822/5031 4668/1821/5030 4872/1820/5029
f 4871/1822/5031 4669/1823/5032 4668/1821/5030
f 4870/1824/5033 4669/1823/5032 4871/1822/5031
f 4869/1825/5034 4669/1823/5032 4870/1824/5033
f 4869/1825/5034 4670/1826/5035 4669/1823/5032
f 4868/1827/5036 4670/1826/5035 4869/1825/5034
f 4868/1827/5036 4671/1828/5037 4670/1826/5035
f 4867/1829/5038 4671/1828/5037 4868/1827/5036
f 4866/1830/5039 4671/1828/5037 4867/1829/5038
f 4866/1830/5039 4672/1831/5040 4671/1828/5037
f 4865/1832/5041 4672/1831/5040 4866/1830/5039
f 4864/1833/5042 4672/1831/5040 4865/1832/5041
f 4864/1833/5042 4673/1834/5043 4672/1831/5040
f 4863/1835/5044 4673/1834/5043 4864/1833/5042
f 4863/1835/5044 4733/1836/5045 4673/1834/5043
f 4733/1836/5045 4674/1837/5046 4673/1834/5043
f 4862/1838/5047 4733/1836/5045 4863/1835/5044
f 4861/1839/5048 4733/1836/5045 4862/1838/5047
f 4860/1840/5049 4733/1836/5045 4861/1839/5048
f 4859/1841/5050 4733/1836/5045 4860/1840/5049
f 4859/1841/5050 4734/1842/5051 4733/1836/5045
f 4732/1843/5052 4674/1837/5046 4733/1836/5045
f 4858/1844/5053 4734/1842/5051 4859/1841/5050
f 4816/1845/5054 4818/1847/5055 4817/1846/5056
f 4816/1845/5054 4819/1848/5057 4818/1847/5055
f 4857/1849/5058 4734/1842/5051 4858/1844/5053
f 4815/1850/5059 4819/1848/5057 4816/1845/5054
f 4815/1850/5059 4820/1851/5060 4819/1848/5057
f 4814/1852/5061 4820/1851/5060 4815/1850/5059
f 4814/1852/5061 4821/1853/5062 4820/1851/5060
f 4814/1852/5061 4822/1854/5063 4821/1853/5062
f 4813/1855/5064 4822/1854/5063 4814/1852/5061
f 4857/1849/5058 4735/1856/5065 4734/1842/5051
f 4813/1855/5064 4823/1857/5066 4822/1854/5063
f 4812/1858/5067 4823/1857/5066 4813/1855/5064
f 4812/1858/5067 4824/1859/5068 4823/1857/5066
f 4812/1858/5067 4825/1860/5069 4824/1859/5068
f 4811/1861/5070 4825/1860/5069 4812/1858/5067
f 4811/1861/5070 4826/1862/5071 4825/1860/5069
f 4856/1863/5072 4735/1856/5065 4857/1849/5058
f 4810/1864/5073 4826/1862/5071 4811/1861/5070
f 4810/1864/5073 4827/1865/5074 4826/1862/5071
f 4809/1866/5075 4827/1865/5074 4810/1864/5073
f 4809/1866/5075 4828/1867/5076 4827/1865/5074
f 4809/1866/5075 4829/1868/5077 4828/1867/5076
f 4808/1869/5078 4829/1868/5077 4809/1866/5075
f 4855/1870/5079 4735/1856/5065 4856/1863/5072
f 4808/1869/5078 4830/1871/5080 4829/1868/5077
f 4732/1843/5052 4675/1872/5081 4674/1837/5046
f 4855/1870/5079 4736/1873/5082 4735/1856/5065
f 4807/1874/5083 4830/1871/5080 4808/1869/5078
f 4854/1875/5084 4736/1873/5082 4855/1870/5079
f 4806/1876/5085 4830/1871/5080 4807/1874/5083
f 4806/1876/5085 4831/1877/5086 4830/1871/5080
f 4853/1878/5087 4736/1873/5082 4854/1875/5084
f 4805/1879/5088 4831/1877/5086 4806/1876/5085
f 4852/1880/5089 4736/1873/5082 4853/1878/5087
f 4805/1879/5088 4832/1881/5090 4831/1877/5086
f 4804/1882/5091 4832/1881/5090 4805/1879/5088
f 4731/1883/5092 4675/1872/5081 4732/1843/5052
f 4852/1880/5089 4737/1884/5093 4736/1873/5082
f 4851/1885/5094 4737/1884/5093 4852/1880/5089
f 4804/1882/5091 4833/1886/5095 4832/1881/5090
f 4850/1887/5096 4737/1884/5093 4851/1885/5094
f 4804/1882/5091 4834/1888/5097 4833/1886/5095
f 4803/1889/5098 4834/1888/5097 4804/1882/5091
f 4849/1890/5099 4737/1884/5093 4850/1887/5096
f 4803/1889/5098 4835/1891/5100 4834/1888/5097
f 4848/1892/5101 4737/1884/5093 4849/1890/5099
f 4848/1892/5101 4738/1893/5102 4737/1884/5093
f 4803/1889/5098 4836/1894/5103 4835/1891/5100
f 4847/1895/5104 4738/1893/5102 4848/1892/5101
f 4802/1896/5105 4836/1894/5103 4803/1889/5098
f 4846/1897/5106 4738/1893/5102 4847/1895/5104
f 4802/1896/5105 4837/1898/5107 4836/1894/5103
f 4845/1899/5108 4738/1893/5102 4846/1897/5106
f 4802/1896/5105 4838/1900/5109 4837/1898/5107
f 4844/1901/5110 4738/1893/5102 4845/1899/5108
f 4802/1896/5105 4839/1902/5111 4838/1900/5109
f 4843/1903/5112 4738/1893/5102 4844/1901/5110
f 4802/1896/5105 4840/1904/5113 4839/1902/5111
f 4842/1905/5114 4738/1893/5102 4843/1903/5112
f 4802/1896/5105 4841/1906/5115 4840/1904/5113
f 4841/1906/5115 4738/1893/5102 4842/1905/5114
f 4802/1896/5105 4738/1893/5102 4841/1906/5115
f 4801/1907/5116 4738/1893/5102 4802/1896/5105
f 4801/1907/5116 4739/1908/5117 4738/1893/5102
f 4800/1909/5118 4739/1908/5117 4801/1907/5116
f 4800/1909/5118 4740/1910/5119 4739/1908/5117
f 4799/1911/5120 4740/1910/5119 4800/1909/5118
f 4730/1912/5121 4675/1872/5081 4731/1883/5092
f 4798/1913/5122 4740/1910/5119 4799/1911/5120
f 4730/1912/5121 4676/1914/5123 4675/1872/5081
f 4798/1913/5122 4741/1915/5124 4740/1910/5119
f 4797/1916/5125 4741/1915/5124 4798/1913/5122
f 4796/1917/5126 4741/1915/5124 4797/1916/5125
f 4796/1917/5126 4742/1918/5127 4741/1915/5124
f 4795/1919/5128 4742/1918/5127 4796/1917/5126
f 4794/1920/5129 4742/1918/5127 4795/1919/5128
f 4794/1920/5129 4743/1921/5130 4742/1918/5127
f 4793/1922/5131 4743/1921/5130 4794/1920/5129
f 4792/1923/5132 4743/1921/5130 4793/1922/5131
f 4729/1924/5133 4676/1914/5123 4730/1912/5121
f 4792/1923/5132 4744/1925/5134 4743/1921/5130
f 4791/1926/5135 4744/1925/5134 4792/1923/5132
f 4790/1927/5136 4744/1925/5134 4791/1926/5135
f 4790/1927/5136 4745/1928/5137 4744/1925/5134
f 4789/1929/5138 4745/1928/5137 4790/1927/5136
f 4729/1924/5133 4677/1930/5139 4676/1914/5123
f 4788/1931/5140 4745/1928/5137 4789/1929/5138
f 4788/1931/5140 4746/1932/5141 4745/1928/5137
f 4787/1933/5142 4746/1932/5141 4788/1931/5140
f 4787/1933/5142 4747/1934/5143 4746/1932/5141
f 4787/1933/5142 4748/1935/5144 4747/1934/5143
f 4786/1936/5145 4748/1935/5144 4787/1933/5142
f 4786/1936/5145 4749/1937/5146 4748/1935/5144
f 4785/1938/5147 4749/1937/5146 4786/1936/5145
f 4785/1938/5147 4750/1939/5148 4749/1937/5146
f 4785/1938/5147 4751/1940/5149 4750/1939/5148
f 4784/1941/5150 4751/1940/5149 4785/1938/5147
f 4728/1942/5151 4677/1930/5139 4729/1924/5133
f 4784/1941/5150 4752/1943/5152 4751/1940/5149
f 4784/1941/5150 4753/1944/5153 4752/1943/5152
f 4783/1945/5154 4753/1944/5153 4784/1941/5150
f 4783/1945/5154 4754/1946/5155 4753/1944/5153
f 4783/1945/5154 4755/1947/5156 4754/1946/5155
f 4782/1948/5157 4755/1947/5156 4783/1945/5154
f 4782/1948/5157 4756/1949/5158 4755/1947/5156
f 4782/1948/5157 4757/1950/5159 4756/1949/5158
f 4781/1951/5160 4757/1950/5159 4782/1948/5157
f 4781/1951/5160 4758/1952/5161 4757/1950/5159
f 4780/1953/5162 4758/1952/5161 4781/1951/5160
f 4780/1953/5162 4759/1954/5163 4758/1952/5161
f 4728/1942/5151 4678/1955/5164 4677/1930/5139
f 4779/1956/5165 4759/1954/5163 4780/1953/5162
f 4779/1956/5165 4760/1957/5166 4759/1954/5163
f 4778/1958/5167 4760/1957/5166 4779/1956/5165
f 4778/1958/5167 4761/1959/5168 4760/1957/5166
f 4777/1960/5169 4761/1959/5168 4778/1958/5167
f 4777/1960/5169 4762/1961/5170 4761/1959/5168
f 4776/1962/5171 4762/1961/5170 4777/1960/5169
f 4776/1962/5171 4763/1963/5172 4762/1961/5170
f 4775/1964/5173 4763/1963/5172 4776/1962/5171
f 4775/1964/5173 4764/1965/5174 4763/1963/5172
f 4774/1966/5175 4764/1965/5174 4775/1964/5173
f 4774/1966/5175 4765/1967/5176 4764/1965/5174
f 4773/1968/5177 4765/1967/5176 4774/1966/5175
f 4773/1968/5177 4766/1969/5178 4765/1967/5176
f 4772/1970/5179 4766/1969/5178 4773/1968/5177
f 4727/1971/5180 4678/1955/5164 4728/1942/5151
f 4772/1970/5179 4767/1972/5181 4766/1969/5178
f 4771/1973/5182 4767/1972/5181 4772/1970/5179
f 4771/1973/5182 4768/1974/5183 4767/1972/5181
f 4770/1975/5184 4768/1974/5183 4771/1973/5182
f 4770/1975/5184 4769/1976/5185 4768/1974/5183
f 4727/1971/5180 4679/1977/5186 4678/1955/5164
f 4726/1978/5187 4679/1977/5186 4727/1971/5180
f 4726/1978/5187 4680/1979/5188 4679/1977/5186
f 4725/1980/5189 4680/1979/5188 4726/1978/5187
f 4725/1980/5189 4681/1981/5190 4680/1979/5188
f 4725/1980/5189 4682/1982/5191 4681/1981/5190
f 4724/1983/5192 4682/1982/5191 4725/1980/5189
f 4724/1983/5192 4683/1984/5193 4682/1982/5191
f 4723/1985/5194 4683/1984/5193 4724/1983/5192
f 4723/1985/5194 4684/1986/5195 4683/1984/5193
f 4722/1987/5196 4684/1986/5195 4723/1985/5194
f 4722/1987/5196 4685/1988/5197 4684/1986/5195
f 4722/1987/5196 4686/1989/5198 4685/1988/5197
f 4721/1990/5199 4686/1989/5198 4722/1987/5196
f 4721/1990/5199 4687/1991/5200 4686/1989/5198
f 4721/1990/5199 4688/1992/5201 4687/1991/5200
f 4721/1990/5199 4689/1993/5202 4688/1992/5201
f 4721/1990/5199 4690/1994/5203 4689/1993/5202
f 4721/1990/5199 4691/1995/5204 4690/1994/5203
f 4721/1990/5199 4692/1996/5205 4691/1995/5204
f 4721/1990/5199 4693/1997/5206 4692/1996/5205
f 4721/1990/5199 4694/1998/5207 4693/1997/5206
f 4720/1999/5208 4694/1998/5207 4721/1990/5199
f 4720/1999/5208 4695/2000/5209 4694/1998/5207
f 4720/1999/5208 4696/2001/5210 4695/2000/5209
f 4719/2002/5211 4696/2001/5210 4720/1999/5208
f 4719/2002/5211 4697/2003/5212 4696/2001/5210
f 4719/2002/5211 4698/2004/5213 4697/2003/5212
f 4718/2005/5214 4698/2004/5213 4719/2002/5211
f 4718/2005/5214 4699/2006/5215 4698/2004/5213
f 4717/2007/5216 4699/2006/5215 4718/2005/5214
f 4717/2007/5216 4700/2008/5217 4699/2006/5215
f 4716/2009/5218 4700/2008/5217 4717/2007/5216
f 4716/2009/5218 4701/2010/5219 4700/2008/5217
f 4715/2011/5220 4701/2010/5219 4716/2009/5218
f 4715/2011/5220 4702/2012/5221 4701/2010/5219
f 4715/2011/5220 4703/2013/5222 4702/2012/5221
f 4714/2014/5223 4703/2013/5222 4715/2011/5220
f 4714/2014/5223 4704/2015/5224 4703/2013/5222
f 4713/2016/5225 4704/2015/5224 4714/2014/5223
f 4713/2016/5225 4705/2017/5226 4704/2015/5224
f 4712/2018/5227 4705/2017/5226 4713/2016/5225
f 4712/2018/5227 4706/2019/5228 4705/2017/5226
f 4711/2020/5229 4706/2019/5228 4712/2018/5227
f 4711/2020/5229 4707/2021/5230 4706/2019/5228
f 4710/2022/5231 4707/2021/5230 4711/2020/5229
f 4710/2022/5231 4708/2023/5232 4707/2021/5230
f 4709/2024/5233 4708/2023/5232 4710/2022/5231
f 5560/2025/5054 5454/2027/5234 5453/2026/5235
f 5560/2025/5054 5455/2028/5236 5454/2027/5234
f 5559/2029/5237 5455/2028/5236 5560/2025/5054
f 5559/2029/5237 5456/2030/5238 5455/2028/5236
f 5559/2029/5237 5457/2031/5239 5456/2030/5238
f 5558/2032/5240 5457/2031/5239 5559/2029/5237
f 5558/2032/5240 5458/2033/5241 5457/2031/5239
f 5558/2032/5240 5459/2034/5242 5458/2033/5241
f 5557/2035/5243 5459/2034/5242 5558/2032/5240
f 5557/2035/5243 5460/2036/5244 5459/2034/5242
f 5557/2035/5243 5461/2037/5245 5460/2036/5244
f 5556/2038/5246 5461/2037/5245 5557/2035/5243
f 5556/2038/5246 5462/2039/5247 5461/2037/5245
f 5556/2038/5246 5463/2040/5248 5462/2039/5247
f 5555/2041/5249 5463/2040/5248 5556/2038/5246
f 5555/2041/5249 5464/2042/5250 5463/2040/5248
f 5554/2043/5251 5464/2042/5250 5555/2041/5249
f 5554/2043/5251 5465/2044/5252 5464/2042/5250
f 5554/2043/5251 5466/2045/5253 5465/2044/5252
f 5553/2046/5254 5466/2045/5253 5554/2043/5251
f 5552/2047/5255 5466/2045/5253 5553/2046/5254
f 5552/2047/5255 5467/2048/5256 5466/2045/5253
f 5551/2049/5257 5467/2048/5256 5552/2047/5255
f 5551/2049/5257 5468/2050/5258 5467/2048/5256
f 5550/2051/5085 5468/2050/5258 5551/2049/5257
f 5549/2052/5259 5468/2050/5258 5550/2051/5085
f 5549/2052/5259 5469/2053/5260 5468/2050/5258
f 5548/2054/5261 5469/2053/5260 5549/2052/5259
f 5547/2055/5262 5469/2053/5260 5548/2054/5261
f 5547/2055/5262 5470/2056/5263 5469/2053/5260
f 5546/2057/5264 5470/2056/5263 5547/2055/5262
f 5545/2058/5265 5470/2056/5263 5546/2057/5264
f 5545/2058/5265 5471/2059/5266 5470/2056/5263
f 5544/2060/5267 5471/2059/5266 5545/2058/5265
f 5543/2061/5268 5471/2059/5266 5544/2060/5267
f 5542/2062/5269 5471/2059/5266 5543/2061/5268
f 5542/2062/5269 5472/2063/5270 5471/2059/5266
f 5541/2064/5271 5472/2063/5270 5542/2062/5269
f 5540/2065/5272 5472/2063/5270 5541/2064/5271
f 5539/2066/5273 5472/2063/5270 5540/2065/5272
f 5538/2067/5274 5472/2063/5270 5539/2066/5273
f 5538/2067/5274 5473/2068/5275 5472/2063/5270
f 5537/2069/5276 5473/2068/5275 5538/2067/5274
f 5536/2070/5277 5473/2068/5275 5537/2069/5276
f 5536/2070/5277 5474/2071/5278 5473/2068/5275
f 5536/2070/5277 5475/2072/5279 5474/2071/5278
f 5535/2073/5280 5475/2072/5279 5536/2070/5277
f 5535/2073/5280 5476/2074/5281 5475/2072/5279
f 5534/2075/5282 5476/2074/5281 5535/2073/5280
f 5534/2075/5282 5477/2076/5283 5476/2074/5281
f 5534/2075/5282 5478/2077/5284 5477/2076/5283
f 5533/2078/5285 5478/2077/5284 5534/2075/5282
f 5533/2078/5285 5479/2079/5286 5478/2077/5284
f 5532/2080/5287 5479/2079/5286 5533/2078/5285
f 5532/2080/5287 5480/2081/5288 5479/2079/5286
f 5531/2082/5289 5480/2081/5288 5532/2080/5287
f 5531/2082/5289 5481/2083/5290 5480/2081/5288
f 5530/2084/5291 5481/2083/5290 5531/2082/5289
f 5530/2084/5291 5482/2085/5292 5481/2083/5290
f 5656/2086/5293 5562/2088/5294 5561/2087/5295
f 5656/2086/5293 5563/2089/5296 5562/2088/5294
f 5656/2086/5293 5564/2090/5297 5563/2089/5296
f 5656/2086/5293 5565/2091/5298 5564/2090/5297
f 5655/2092/5299 5565/2091/5298 5656/2086/5293
f 5655/2092/5299 5566/2093/5300 5565/2091/5298
f 5655/2092/5299 5567/2094/5301 5566/2093/5300
f 5655/2092/5299 5568/2095/5302 5567/2094/5301
f 5654/2096/5303 5568/2095/5302 5655/2092/5299
f 5654/2096/5303 5569/203/5304 5568/2095/5302
f 5530/2084/5291 5483/2097/5305 5482/2085/5292
f 5654/2096/5303 5570/2098/5306 5569/203/5304
f 5654/2096/5303 5571/2099/5307 5570/2098/5306
f 5654/2096/5303 5572/2100/5308 5571/2099/5307
f 5653/2101/5309 5572/2100/5308 5654/2096/5303
f 5653/2101/5309 5573/2102/5310 5572/2100/5308
f 5653/2101/5309 5574/2103/5311 5573/2102/5310
f 5652/2104/5246 5574/2103/5311 5653/2101/5309
f 5529/2105/5312 5483/2097/5305 5530/2084/5291
f 5651/2106/5313 5574/2103/5311 5652/2104/5246
f 5650/2107/5314 5574/2103/5311 5651/2106/5313
f 5650/2107/5314 5575/2108/5315 5574/2103/5311
f 5649/2109/5075 5575/2108/5315 5650/2107/5314
f 5648/2110/5078 5575/2108/5315 5649/2109/5075
f 5529/2105/5312 5484/2111/5316 5483/2097/5305
f 5647/2112/5317 5575/2108/5315 5648/2110/5078
f 5647/2112/5317 5576/2113/5318 5575/2108/5315
f 5646/57/5085 5576/2113/5318 5647/2112/5317
f 5528/2114/5319 5484/2111/5316 5529/2105/5312
f 5645/2115/5320 5576/2113/5318 5646/57/5085
f 5645/2115/5320 5577/2116/5321 5576/2113/5318
f 5528/2114/5319 5485/2117/5322 5484/2111/5316
f 5644/2118/5323 5577/2116/5321 5645/2115/5320
f 5643/2119/5324 5577/2116/5321 5644/2118/5323
f 5643/2119/5324 5578/2120/5325 5577/2116/5321
f 5642/2121/5326 5578/2120/5325 5643/2119/5324
f 5641/2122/5327 5578/2120/5325 5642/2121/5326
f 5640/2123/5328 5578/2120/5325 5641/2122/5327
f 5639/2124/5329 5578/2120/5325 5640/2123/5328
f 5527/2125/5330 5485/2117/5322 5528/2114/5319
f 5639/2124/5329 5579/2126/5331 5578/2120/5325
f 5638/2127/5332 5579/2126/5331 5639/2124/5329
f 5527/2125/5330 5486/2128/5333 5485/2117/5322
f 5637/2129/5334 5579/2126/5331 5638/2127/5332
f 5636/2130/5335 5579/2126/5331 5637/2129/5334
f 5635/2131/5336 5579/2126/5331 5636/2130/5335
f 5635/2131/5336 5580/2132/5337 5579/2126/5331
f 5634/2133/5338 5580/2132/5337 5635/2131/5336
f 5633/2134/5339 5580/2132/5337 5634/2133/5338
f 5632/2135/5340 5580/2132/5337 5633/2134/5339
f 5527/2125/5330 5487/2136/5341 5486/2128/5333
f 5632/2135/5340 5581/2137/5342 5580/2132/5337
f 5526/2138/5343 5487/2136/5341 5527/2125/5330
f 5632/2135/5340 5582/2139/5344 5581/2137/5342
f 5526/2138/5343 5488/2140/5345 5487/2136/5341
f 5631/2141/5346 5582/2139/5344 5632/2135/5340
f 5631/2141/5346 5583/2142/5347 5582/2139/5344
f 5525/2143/5348 5488/2140/5345 5526/2138/5343
f 5525/2143/5348 5489/2144/5349 5488/2140/5345
f 5631/2141/5346 5584/2145/5350 5583/2142/5347
f 5630/2146/5351 5584/2145/5350 5631/2141/5346
f 5630/2146/5351 5585/2147/5352 5584/2145/5350
f 5524/2148/5353 5489/2144/5349 5525/2143/5348
f 5524/2148/5353 5490/2149/5354 5489/2144/5349
f 5629/2150/5355 5585/2147/5352 5630/2146/5351
f 5524/2148/5353 5491/2151/5356 5490/2149/5354
f 5629/2150/5355 5586/2152/5357 5585/2147/5352
f 5524/2148/5353 5492/355/5358 5491/2151/5356
f 5523/2153/5359 5492/355/5358 5524/2148/5353
f 5523/2153/5359 5493/2154/5360 5492/355/5358
f 5523/2153/5359 5494/2155/5361 5493/2154/5360
f 5522/2156/5362 5494/2155/5361 5523/2153/5359
f 5628/2157/5363 5586/2152/5357 5629/2150/5355
f 5628/2157/5363 5587/2158/5364 5586/2152/5357
f 5522/2156/5362 5495/2159/5365 5494/2155/5361
f 5522/2156/5362 5496/2160/5366 5495/2159/5365
f 5521/2161/5367 5496/2160/5366 5522/2156/5362
f 5521/2161/5367 5497/2162/5368 5496/2160/5366
f 5628/2157/5363 5588/2163/5369 5587/2158/5364
f 5521/2161/5367 5498/2164/5370 5497/2162/5368
f 5520/2165/5371 5498/2164/5370 5521/2161/5367
f 5627/2166/5372 5588/2163/5369 5628/2157/5363
f 5520/2165/5371 5499/2167/5373 5498/2164/5370
f 5519/2168/5374 5499/2167/5373 5520/2165/5371
f 5519/2168/5374 5500/2169/5375 5499/2167/5373
f 5519/2168/5374 5501/2170/5376 5500/2169/5375
f 5518/2171/5377 5501/2170/5376 5519/2168/5374
f 5627/2166/5372 5589/2172/5378 5588/2163/5369
f 5518/2171/5377 5502/2173/5379 5501/2170/5376
f 5518/2171/5377 5503/2174/5380 5502/2173/5379
f 5626/2175/5381 5589/2172/5378 5627/2166/5372
f 5517/2176/5382 5503/2174/5380 5518/2171/5377
f 5517/2176/5382 5504/2177/5383 5503/2174/5380
f 5517/2176/5382 5505/2178/5384 5504/2177/5383
f 5516/2179/5385 5505/2178/5384 5517/2176/5382
f 5516/2179/5385 5506/2180/5386 5505/2178/5384
f 5516/2179/5385 5507/2181/5387 5506/2180/5386
f 5515/2182/5388 5507/2181/5387 5516/2179/5385
f 5515/2182/5388 5508/2183/5389 5507/2181/5387
f 5515/2182/5388 5509/2184/5390 5508/2183/5389
f 5626/2175/5381 5590/2185/5391 5589/2172/5378
f 5514/2186/5392 5509/2184/5390 5515/2182/5388
f 5514/2186/5392 5510/2187/5393 5509/2184/5390
f 5514/2186/5392 5511/2188/5394 5510/2187/5393
f 5513/2189/5395 5511/2188/5394 5514/2186/5392
f 5513/2189/5395 5512/2190/5396 5511/2188/5394
f 5625/2191/5397 5590/2185/5391 5626/2175/5381
f 5625/2191/5397 5591/2192/5398 5590/2185/5391
f 5624/2193/5399 5591/2192/5398 5625/2191/5397
f 5624/2193/5399 5592/2194/5400 5591/2192/5398
f 5624/2193/5399 5593/2195/5401 5592/2194/5400
f 5623/2196/5402 5593/2195/5401 5624/2193/5399
f 5623/2196/5402 5594/2197/5403 5593/2195/5401
f 5622/2198/5404 5594/2197/5403 5623/2196/5402
f 5622/2198/5404 5595/2199/5405 5594/2197/5403
f 5621/2200/5406 5595/2199/5405 5622/2198/5404
f 5621/2200/5406 5596/2201/5407 5595/2199/5405
f 5621/2200/5406 5597/2202/5408 5596/2201/5407
f 5620/2203/5409 5597/2202/5408 5621/2200/5406
f 5620/2203/5409 5598/2204/5410 5597/2202/5408
f 5619/2205/5411 5598/2204/5410 5620/2203/5409
f 5619/2205/5411 5599/2206/5412 5598/2204/5410
f 5618/2207/5413 5599/2206/5412 5619/2205/5411
f 5618/2207/5413 5600/2208/5414 5599/2206/5412
f 5617/2209/5415 5600/2208/5414 5618/2207/5413
f 5617/2209/5415 5601/2210/5416 5600/2208/5414
f 5616/2211/5417 5601/2210/5416 5617/2209/5415
f 5616/2211/5417 5602/2212/5418 5601/2210/5416
f 5615/2213/5419 5602/2212/5418 5616/2211/5417
f 5615/2213/5419 5603/2214/5420 5602/2212/5418
f 5614/2215/5421 5603/2214/5420 5615/2213/5419
f 5614/2215/5421 5604/2216/5422 5603/2214/5420
f 5613/2217/5423 5604/2216/5422 5614/2215/5421
f 5613/2217/5423 5605/2218/5424 5604/2216/5422
f 5612/2219/5425 5605/2218/5424 5613/2217/5423
f 5612/2219/5425 5606/2220/5426 5605/2218/5424
f 5611/2221/5427 5606/2220/5426 5612/2219/5425
f 5611/2221/5427 5607/2222/5428 5606/2220/5426
f 5610/2223/5429 5607/2222/5428 5611/2221/5427
f 5610/2223/5429 5608/2224/5430 5607/2222/5428
f 5609/2225/5431 5608/2224/5430 5610/2223/5429
f 5680/2226/5432 5682/2228/5433 5681/2227/5434
f 5680/2226/5432 5683/2229/5435 5682/2228/5433
f 5679/2230/5436 5683/2229/5435 5680/2226/5432
f 5679/2230/5436 5684/2231/5437 5683/2229/5435
f 5678/2232/5438 5684/2231/5437 5679/2230/5436
f 5678/2232/5438 5685/2233/5439 5684/2231/5437
f 5677/2234/5440 5685/2233/5439 5678/2232/5438
f 5677/2234/5440 5686/2235/5441 5685/2233/5439
f 5676/2236/5442 5686/2235/5441 5677/2234/5440
f 5676/2236/5442 5687/2237/5443 5686/2235/5441
f 5675/2238/5444 5687/2237/5443 5676/2236/5442
f 5675/2238/5444 5688/2239/5445 5687/2237/5443
f 5674/2240/5446 5688/2239/5445 5675/2238/5444
f 5674/2240/5446 5689/2241/5447 5688/2239/5445
f 5673/2242/5448 5689/2241/5447 5674/2240/5446
f 5673/2242/5448 5690/2243/5449 5689/2241/5447
f 5672/2244/5450 5690/2243/5449 5673/2242/5448
f 5672/2244/5450 5691/2245/5451 5690/2243/5449
f 5671/2246/5452 5691/2245/5451 5672/2244/5450
f 5671/2246/5452 5692/2247/5453 5691/2245/5451
f 5670/2248/5454 5692/2247/5453 5671/2246/5452
f 5670/2248/5454 5693/2249/5455 5692/2247/5453
f 5669/2250/5456 5693/2249/5455 5670/2248/5454
f 5669/2250/5456 5694/2251/5457 5693/2249/5455
f 5668/2252/5458 5694/2251/5457 5669/2250/5456
f 5667/2253/5459 5694/2251/5457 5668/2252/5458
f 5666/2254/5460 5694/2251/5457 5667/2253/5459
f 5665/2255/5461 5694/2251/5457 5666/2254/5460
f 5665/2255/5461 5695/2256/5462 5694/2251/5457
f 5664/2257/5463 5695/2256/5462 5665/2255/5461
f 5663/2258/5464 5695/2256/5462 5664/2257/5463
f 5662/2259/5465 5695/2256/5462 5663/2258/5464
f 5661/2260/5466 5695/2256/5462 5662/2259/5465
f 5661/2260/5466 5696/2261/5467 5695/2256/5462
f 5660/2262/5468 5696/2261/5467 5661/2260/5466
f 5659/2263/5469 5696/2261/5467 5660/2262/5468
f 5658/2264/5470 5696/2261/5467 5659/2263/5469
f 5657/2265/5471 5696/2261/5467 5658/2264/5470
f 5657/2265/5471 5697/2266/5472 5696/2261/5467
f 5800/181/5473 5697/2266/5472 5657/2265/5471
f 5800/181/5473 5698/2267/5474 5697/2266/5472
f 5799/2268/5475 5698/2267/5474 5800/181/5473
f 5798/2269/5476 5698/2267/5474 5799/2268/5475
f 5798/2269/5476 5699/2270/5477 5698/2267/5474
f 5797/2271/5478 5699/2270/5477 5798/2269/5476
f 5797/2271/5478 5700/2272/5479 5699/2270/5477
f 5796/2273/5480 5700/2272/5479 5797/2271/5478
f 5796/2273/5480 5701/2274/5481 5700/2272/5479
f 5795/2275/5482 5701/2274/5481 5796/2273/5480
f 5795/2275/5482 5702/2276/5483 5701/2274/5481
f 5794/2277/5484 5702/2276/5483 5795/2275/5482
f 5794/2277/5484 5703/2278/5485 5702/2276/5483
f 5793/2279/5486 5703/2278/5485 5794/2277/5484
f 5793/2279/5486 5704/2280/5487 5703/2278/5485
f 5792/2281/5488 5704/2280/5487 5793/2279/5486
f 5791/2282/5489 5704/2280/5487 5792/2281/5488
f 5791/2282/5489 5705/2283/5490 5704/2280/5487
f 5790/2284/5491 5705/2283/5490 5791/2282/5489
f 5790/2284/5491 5706/2285/5492 5705/2283/5490
f 5790/2284/5491 5707/2286/5493 5706/2285/5492
f 5789/2287/5494 5707/2286/5493 5790/2284/5491
f 5789/2287/5494 5708/2288/5495 5707/2286/5493
f 5788/2289/5496 5708/2288/5495 5789/2287/5494
f 5788/2289/5496 5709/2290/5497 5708/2288/5495
f 5788/2289/5496 5710/2291/5498 5709/2290/5497
f 5787/2292/5499 5710/2291/5498 5788/2289/5496
f 5787/2292/5499 5711/2293/5500 5710/2291/5498
f 5787/2292/5499 5712/2294/5501 5711/2293/5500
f 5786/2295/5502 5712/2294/5501 5787/2292/5499
f 5786/2295/5502 5713/2296/5503 5712/2294/5501
f 5786/2295/5502 5714/2297/5504 5713/2296/5503
f 5785/2298/5505 5714/2297/5504 5786/2295/5502
f 5785/2298/5505 5715/2299/5506 5714/2297/5504
f 5784/2300/5507 5715/2299/5506 5785/2298/5505
f 5784/2300/5507 5716/2301/5508 5715/2299/5506
f 5784/2300/5507 5717/2302/5509 5716/2301/5508
f 5783/2303/5510 5717/2302/5509 5784/2300/5507
f 5783/2303/5510 5718/2304/5511 5717/2302/5509
f 5782/2305/5512 5718/2304/5511 5783/2303/5510
f 5782/2305/5512 5719/2306/5513 5718/2304/5511
f 5782/2305/5512 5720/2307/5514 5719/2306/5513
f 5781/2308/5515 5720/2307/5514 5782/2305/5512
f 5781/2308/5515 5721/2309/5516 5720/2307/5514
f 5781/2308/5515 5722/2310/5517 5721/2309/5516
f 5780/2311/5518 5722/2310/5517 5781/2308/5515
f 5780/2311/5518 5723/49/5519 5722/2310/5517
f 5780/2311/5518 5724/2312/5520 5723/49/5519
f 5779/2313/5521 5724/2312/5520 5780/2311/5518
f 5779/2313/5521 5725/2314/5522 5724/2312/5520
f 5779/2313/5521 5726/2315/5523 5725/2314/5522
f 5778/2316/5524 5726/2315/5523 5779/2313/5521
f 5778/2316/5524 5727/2317/5525 5726/2315/5523
f 5778/2316/5524 5728/2318/5526 5727/2317/5525
f 5778/2316/5524 5729/2319/5527 5728/2318/5526
f 5777/2320/5528 5729/2319/5527 5778/2316/5524
f 5777/2320/5528 5730/2321/5529 5729/2319/5527
f 5777/2320/5528 5731/2322/5530 5730/2321/5529
f 5777/2320/5528 5732/2323/5531 5731/2322/5530
f 5777/2320/5528 5733/2324/5532 5732/2323/5531
f 5776/2325/5533 5733/2324/5532 5777/2320/5528
f 5776/2325/5533 5734/2326/5534 5733/2324/5532
f 5775/2327/5535 5734/2326/5534 5776/2325/5533
f 5775/2327/5535 5735/2328/5536 5734/2326/5534
f 5774/2329/5537 5735/2328/5536 5775/2327/5535
f 5774/2329/5537 5736/2330/5538 5735/2328/5536
f 5773/2331/5539 5736/2330/5538 5774/2329/5537
f 5773/2331/5539 5737/2332/5540 5736/2330/5538
f 5772/2333/5541 5737/2332/5540 5773/2331/5539
f 5772/2333/5541 5738/2334/5542 5737/2332/5540
f 5771/2335/5543 5738/2334/5542 5772/2333/5541
f 5771/2335/5543 5739/2336/5544 5738/2334/5542
f 5770/2337/5545 5739/2336/5544 5771/2335/5543
f 5770/2337/5545 5740/2338/5546 5739/2336/5544
f 5769/2339/5547 5740/2338/5546 5770/2337/5545
f 5769/2339/5547 5741/2340/5548 5740/2338/5546
f 5768/2341/5549 5741/2340/5548 5769/2339/5547
f 5768/2341/5549 5742/2342/5550 5741/2340/5548
f 5767/2343/5551 5742/2342/5550 5768/2341/5549
f 5766/2344/5552 5742/2342/5550 5767/2343/5551
f 5766/2344/5552 5743/2345/5553 5742/2342/5550
f 5765/2346/5554 5743/2345/5553 5766/2344/5552
f 5765/2346/5554 5744/2347/5555 5743/2345/5553
f 5764/2348/5556 5744/2347/5555 5765/2346/5554
f 5764/2348/5556 5745/2349/5557 5744/2347/5555
f 5763/2350/5558 5745/2349/5557 5764/2348/5556
f 5762/2351/5559 5745/2349/5557 5763/2350/5558
f 5762/2351/5559 5746/2352/5560 5745/2349/5557
f 5761/2353/5561 5746/2352/5560 5762/2351/5559
f 5761/2353/5561 5747/2354/5562 5746/2352/5560
f 5760/2355/5563 5747/2354/5562 5761/2353/5561
f 5760/2355/5563 5748/2356/5564 5747/2354/5562
f 5759/2357/5565 5748/2356/5564 5760/2355/5563
f 5759/2357/5565 5749/2358/5566 5748/2356/5564
f 5758/2359/5567 5749/2358/5566 5759/2357/5565
f 5757/2360/5568 5749/2358/5566 5758/2359/5567
f 5757/2360/5568 5750/2361/5569 5749/2358/5566
f 5756/2362/5570 5750/2361/5569 5757/2360/5568
f 5756/2362/5570 5751/2363/5571 5750/2361/5569
f 5755/2364/5572 5751/2363/5571 5756/2362/5570
f 5755/2364/5572 5752/2365/5573 5751/2363/5571
f 5754/2366/5574 5752/2365/5573 5755/2364/5572
f 5754/2366/5574 5753/2367/5575 5752/2365/5573
f 5296/2368/5576 5298/2370/5577 5297/2369/5578
f 5295/2371/5579 5298/2370/5577 5296/2368/5576
f 5295/2371/5579 5299/2372/5580 5298/2370/5577
f 5294/2373/5581 5299/2372/5580 5295/2371/5579
f 5294/2373/5581 5300/2374/5582 5299/2372/5580
f 5293/2375/5583 5300/2374/5582 5294/2373/5581
f 5293/2375/5583 5301/2376/5584 5300/2374/5582
f 5292/2377/5585 5301/2376/5584 5293/2375/5583
f 5292/2377/5585 5302/2378/5586 5301/2376/5584
f 5291/2379/5587 5302/2378/5586 5292/2377/5585
f 5290/2380/5588 5302/2378/5586 5291/2379/5587
f 5290/2380/5588 5303/2381/5589 5302/2378/5586
f 5289/2382/5590 5303/2381/5589 5290/2380/5588
f 5289/2382/5590 5304/2383/5591 5303/2381/5589
f 5288/2384/5592 5304/2383/5591 5289/2382/5590
f 5288/2384/5592 5305/2385/5593 5304/2383/5591
f 5287/2386/5594 5305/2385/5593 5288/2384/5592
f 5287/2386/5594 5306/2387/5595 5305/2385/5593
f 5286/2388/5596 5306/2387/5595 5287/2386/5594
f 5285/2389/5597 5306/2387/5595 5286/2388/5596
f 5285/2389/5597 5307/2390/5598 5306/2387/5595
f 5284/2391/5599 5307/2390/5598 5285/2389/5597
f 5284/2391/5599 5308/2392/5600 5307/2390/5598
f 5283/2393/5601 5308/2392/5600 5284/2391/5599
f 5282/2394/5602 5308/2392/5600 5283/2393/5601
f 5282/2394/5602 5309/2395/5603 5308/2392/5600
f 5281/2396/5604 5309/2395/5603 5282/2394/5602
f 5280/2397/5605 5309/2395/5603 5281/2396/5604
f 5279/2398/5606 5309/2395/5603 5280/2397/5605
f 5279/2398/5606 5310/2399/5607 5309/2395/5603
f 5278/2400/5608 5310/2399/5607 5279/2398/5606
f 5277/2401/5609 5310/2399/5607 5278/2400/5608
f 5276/2402/5610 5310/2399/5607 5277/2401/5609
f 5276/2402/5610 5311/2403/5611 5310/2399/5607
f 5275/2404/5612 5311/2403/5611 5276/2402/5610
f 5274/2405/5613 5311/2403/5611 5275/2404/5612
f 5273/2406/5614 5311/2403/5611 5274/2405/5613
f 5273/2406/5614 5312/2407/5615 5311/2403/5611
f 5272/2408/5616 5312/2407/5615 5273/2406/5614
f 5272/2408/5616 5313/2409/5617 5312/2407/5615
f 5271/2410/5618 5313/2409/5617 5272/2408/5616
f 5271/2410/5618 5314/2411/5619 5313/2409/5617
f 5270/2412/5620 5314/2411/5619 5271/2410/5618
f 5270/2412/5620 5315/2413/5621 5314/2411/5619
f 5270/2412/5620 5316/2414/5622 5315/2413/5621
f 5269/2415/5623 5316/2414/5622 5270/2412/5620
f 5269/2415/5623 5317/2416/5624 5316/2414/5622
f 5268/2417/5625 5317/2416/5624 5269/2415/5623
f 5268/2417/5625 5318/2418/5626 5317/2416/5624
f 5267/2419/5627 5318/2418/5626 5268/2417/5625
f 5267/2419/5627 5319/2420/5628 5318/2418/5626
f 5266/2421/5629 5319/2420/5628 5267/2419/5627
f 5266/2421/5629 5320/2422/5630 5319/2420/5628
f 5265/2423/5631 5320/2422/5630 5266/2421/5629
f 5265/2423/5631 5321/2424/5632 5320/2422/5630
f 5264/2425/5633 5321/2424/5632 5265/2423/5631
f 5264/2425/5633 5322/2426/5634 5321/2424/5632
f 5263/2427/5635 5322/2426/5634 5264/2425/5633
f 5263/2427/5635 5323/2428/5636 5322/2426/5634
f 5262/2429/5637 5323/2428/5636 5263/2427/5635
f 5261/178/5638 5323/2428/5636 5262/2429/5637
f 5261/178/5638 5324/2430/5639 5323/2428/5636
f 5452/2431/5640 5324/2430/5639 5261/178/5638
f 5452/2431/5640 5325/2432/5641 5324/2430/5639
f 5451/2433/5642 5325/2432/5641 5452/2431/5640
f 5451/2433/5642 5326/2434/5643 5325/2432/5641
f 5450/2435/5644 5326/2434/5643 5451/2433/5642
f 5450/2435/5644 5327/2436/5645 5326/2434/5643
f 5449/2437/5646 5327/2436/5645 5450/2435/5644
f 5449/2437/5646 5328/2438/5647 5327/2436/5645
f 5448/2439/5648 5328/2438/5647 5449/2437/5646
f 5448/2439/5648 5329/2440/5649 5328/2438/5647
f 5447/2441/5650 5329/2440/5649 5448/2439/5648
f 5447/2441/5650 5330/2442/5651 5329/2440/5649
f 5446/2443/5652 5330/2442/5651 5447/2441/5650
f 5446/2443/5652 5331/2444/5653 5330/2442/5651
f 5445/2445/5654 5331/2444/5653 5446/2443/5652
f 5445/2445/5654 5332/2446/5655 5331/2444/5653
f 5445/2445/5654 5333/2447/5656 5332/2446/5655
f 5444/2448/5657 5333/2447/5656 5445/2445/5654
f 5444/2448/5657 5334/2449/5658 5333/2447/5656
f 5443/2450/5659 5334/2449/5658 5444/2448/5657
f 5443/2450/5659 5335/2451/5660 5334/2449/5658
f 5442/2452/5661 5335/2451/5660 5443/2450/5659
f 5442/2452/5661 5336/2453/5662 5335/2451/5660
f 5442/2452/5661 5337/2454/5663 5336/2453/5662
f 5441/2455/5664 5337/2454/5663 5442/2452/5661
f 5441/2455/5664 5338/158/5665 5337/2454/5663
f 5441/2455/5664 5339/2456/5666 5338/158/5665
f 5440/2457/5667 5339/2456/5666 5441/2455/5664
f 5440/2457/5667 5340/2458/5668 5339/2456/5666
f 5440/2457/5667 5341/2459/5669 5340/2458/5668
f 5440/2457/5667 5342/2460/5670 5341/2459/5669
f 5440/2457/5667 5343/2461/5671 5342/2460/5670
f 5439/2462/5672 5343/2461/5671 5440/2457/5667
f 5439/2462/5672 5344/2463/5673 5343/2461/5671
f 5439/2462/5672 5345/2464/5674 5344/2463/5673
f 5439/2462/5672 5346/2465/5675 5345/2464/5674
f 5439/2462/5672 5347/2466/5676 5346/2465/5675
f 5439/2462/5672 5348/2467/5677 5347/2466/5676
f 5439/2462/5672 5349/2468/5678 5348/2467/5677
f 5439/2462/5672 5350/2469/5679 5349/2468/5678
f 5439/2462/5672 5351/2470/5680 5350/2469/5679
f 5439/2462/5672 5352/2471/5681 5351/2470/5680
f 5439/2462/5672 5353/2472/5682 5352/2471/5681
f 5439/2462/5672 5354/2473/5683 5353/2472/5682
f 5439/2462/5672 5355/2474/5684 5354/2473/5683
f 5438/2475/5685 5355/2474/5684 5439/2462/5672
f 5438/2475/5685 5356/2476/5686 5355/2474/5684
f 5438/2475/5685 5357/2477/5687 5356/2476/5686
f 5438/2475/5685 5358/2478/5688 5357/2477/5687
f 5437/2479/5689 5358/2478/5688 5438/2475/5685
f 5437/2479/5689 5359/2480/5690 5358/2478/5688
f 5436/2481/5691 5359/2480/5690 5437/2479/5689
f 5435/2482/5692 5359/2480/5690 5436/2481/5691
f 5435/2482/5692 5360/2483/5693 5359/2480/5690
f 5434/2484/5694 5360/2483/5693 5435/2482/5692
f 5434/2484/5694 5361/2485/5695 5360/2483/5693
f 5433/2486/5696 5361/2485/5695 5434/2484/5694
f 5433/2486/5696 5362/2487/5697 5361/2485/5695
f 5432/2488/5698 5362/2487/5697 5433/2486/5696
f 5431/2489/5699 5362/2487/5697 5432/2488/5698
f 5431/2489/5699 5363/2490/5700 5362/2487/5697
f 5430/2491/5701 5363/2490/5700 5431/2489/5699
f 5430/2491/5701 5364/2492/5702 5363/2490/5700
f 5429/2493/5703 5364/2492/5702 5430/2491/5701
f 5429/2493/5703 5365/2494/5704 5364/2492/5702
f 5428/2495/5705 5365/2494/5704 5429/2493/5703
f 5428/2495/5705 5366/2496/5706 5365/2494/5704
f 5427/2497/5707 5366/2496/5706 5428/2495/5705
f 5427/2497/5707 5367/2498/5708 5366/2496/5706
f 5426/2499/5709 5367/2498/5708 5427/2497/5707
f 5426/2499/5709 5368/2500/5710 5367/2498/5708
f 5426/2499/5709 5369/2501/5711 5368/2500/5710
f 5425/2502/5712 5369/2501/5711 5426/2499/5709
f 5425/2502/5712 5370/2503/5713 5369/2501/5711
f 5424/2504/5714 5370/2503/5713 5425/2502/5712
f 5424/2504/5714 5371/2505/5715 5370/2503/5713
f 5423/2506/5716 5371/2505/5715 5424/2504/5714
f 5423/2506/5716 5372/2507/5717 5371/2505/5715
f 5422/2508/5718 5372/2507/5717 5423/2506/5716
f 5422/2508/5718 5373/2509/5719 5372/2507/5717
f 5421/2510/5720 5373/2509/5719 5422/2508/5718
f 5421/2510/5720 5374/2511/5721 5373/2509/5719
f 5420/2512/5722 5374/2511/5721 5421/2510/5720
f 5420/2512/5722 5375/2513/5723 5374/2511/5721
f 5419/2514/5724 5375/2513/5723 5420/2512/5722
f 5419/2514/5724 5376/2515/5725 5375/2513/5723
f 5418/2516/5726 5376/2515/5725 5419/2514/5724
f 5418/2516/5726 5377/2517/5727 5376/2515/5725
f 5417/2518/5728 5377/2517/5727 5418/2516/5726
f 5417/2518/5728 5378/2519/5729 5377/2517/5727
f 5416/2520/5730 5378/2519/5729 5417/2518/5728
f 5415/312/5731 5378/2519/5729 5416/2520/5730
f 5414/2521/5732 5378/2519/5729 5415/312/5731
f 5414/2521/5732 5379/2522/5733 5378/2519/5729
f 5413/2523/5734 5379/2522/5733 5414/2521/5732
f 5412/2524/5735 5379/2522/5733 5413/2523/5734
f 5411/2525/5736 5379/2522/5733 5412/2524/5735
f 5410/2526/5737 5379/2522/5733 5411/2525/5736
f 5409/2527/5738 5379/2522/5733 5410/2526/5737
f 5408/2528/5739 5379/2522/5733 5409/2527/5738
f 5408/2528/5739 5380/2529/5740 5379/2522/5733
f 5407/2530/5741 5380/2529/5740 5408/2528/5739
f 5406/2531/5742 5380/2529/5740 5407/2530/5741
f 5405/2532/5743 5380/2529/5740 5406/2531/5742
f 5404/2533/5744 5380/2529/5740 5405/2532/5743
f 5404/2533/5744 5381/2534/5745 5380/2529/5740
f 5403/2535/5746 5381/2534/5745 5404/2533/5744
f 5402/2536/5747 5381/2534/5745 5403/2535/5746
f 5401/2537/5748 5381/2534/5745 5402/2536/5747
f 5400/2538/5749 5381/2534/5745 5401/2537/5748
f 5400/2538/5749 5382/2539/5750 5381/2534/5745
f 5399/2540/5751 5382/2539/5750 5400/2538/5749
f 5399/2540/5751 5383/2541/5752 5382/2539/5750
f 5398/2542/5753 5383/2541/5752 5399/2540/5751
f 5398/2542/5753 5384/2543/5754 5383/2541/5752
f 5398/2542/5753 5385/2544/5755 5384/2543/5754
f 5397/2545/5756 5385/2544/5755 5398/2542/5753
f 5397/2545/5756 5386/2546/5757 5385/2544/5755
f 5397/2545/5756 5387/2547/5758 5386/2546/5757
f 5396/2548/5759 5387/2547/5758 5397/2545/5756
f 5396/2548/5759 5388/2549/5760 5387/2547/5758
f 5395/2550/5761 5388/2549/5760 5396/2548/5759
f 5395/2550/5761 5389/2551/5762 5388/2549/5760
f 5395/2550/5761 5390/2552/5763 5389/2551/5762
f 5394/2553/5764 5390/2552/5763 5395/2550/5761
f 5394/2553/5764 5391/2554/5765 5390/2552/5763
f 5394/2553/5764 5392/2555/5766 5391/2554/5765
f 5393/2556/5767 5392/2555/5766 5394/2553/5764
f 6400/2557/5768 6402/2559/5769 6401/2558/5770
f 6399/2560/5771 6402/2559/5769 6400/2557/5768
f 6399/2560/5771 6403/2561/5772 6402/2559/5769
f 6398/2562/5773 6403/2561/5772 6399/2560/5771
f 6398/2562/5773 6404/2563/5774 6403/2561/5772
f 6397/2564/5775 6404/2563/5774 6398/2562/5773
f 6397/2564/5775 6405/2565/5776 6404/2563/5774
f 6396/2566/5777 6405/2565/5776 6397/2564/5775
f 6396/2566/5777 6406/2567/5778 6405/2565/5776
f 6395/2568/5779 6406/2567/5778 6396/2566/5777
f 6395/2568/5779 6407/2569/5780 6406/2567/5778
f 6394/2570/5781 6407/2569/5780 6395/2568/5779
f 6394/2570/5781 6408/2571/5782 6407/2569/5780
f 6393/2572/5783 6408/2571/5782 6394/2570/5781
f 6393/2572/5783 6409/2573/5784 6408/2571/5782
f 6392/2574/5785 6409/2573/5784 6393/2572/5783
f 6392/2574/5785 6410/2575/5786 6409/2573/5784
f 6391/2576/5787 6410/2575/5786 6392/2574/5785
f 6390/2577/5788 6410/2575/5786 6391/2576/5787
f 6390/2577/5788 6411/2578/5789 6410/2575/5786
f 6389/2579/5790 6411/2578/5789 6390/2577/5788
f 6389/2579/5790 6412/2580/5791 6411/2578/5789
f 6388/2581/5792 6412/2580/5791 6389/2579/5790
f 6388/2581/5792 6413/2582/5793 6412/2580/5791
f 6387/2583/5794 6413/2582/5793 6388/2581/5792
f 6386/2584/5795 6413/2582/5793 6387/2583/5794
f 6385/2585/5796 6413/2582/5793 6386/2584/5795
f 6385/2585/5796 6414/2586/5797 6413/2582/5793
f 6384/2587/5798 6414/2586/5797 6385/2585/5796
f 6383/2588/5799 6414/2586/5797 6384/2587/5798
f 6382/2589/5800 6414/2586/5797 6383/2588/5799
f 6382/2589/5800 6415/2590/5801 6414/2586/5797
f 6381/2591/5802 6415/2590/5801 6382/2589/5800
f 6380/2592/5803 6415/2590/5801 6381/2591/5802
f 6379/2593/5804 6415/2590/5801 6380/2592/5803
f 6379/2593/5804 6416/2594/5805 6415/2590/5801
f 6378/2595/5806 6416/2594/5805 6379/2593/5804
f 6377/2596/5807 6416/2594/5805 6378/2595/5806
f 6376/2597/5808 6416/2594/5805 6377/2596/5807
f 6376/2597/5808 6417/2598/5809 6416/2594/5805
f 6375/2599/5810 6417/2598/5809 6376/2597/5808
f 6374/2600/5811 6417/2598/5809 6375/2599/5810
f 6374/2600/5811 6418/2601/5812 6417/2598/5809
f 6373/2602/5813 6418/2601/5812 6374/2600/5811
f 6372/2603/5814 6418/2601/5812 6373/2602/5813
f 6371/2604/5815 6418/2601/5812 6372/2603/5814
f 6370/2605/5816 6418/2601/5812 6371/2604/5815
f 6370/2605/5816 6419/2606/5817 6418/2601/5812
f 6369/2607/5818 6419/2606/5817 6370/2605/5816
f 6368/2608/5819 6419/2606/5817 6369/2607/5818
f 6367/2609/5820 6419/2606/5817 6368/2608/5819
f 6366/2610/5821 6419/2606/5817 6367/2609/5820
f 6365/2611/5822 6419/2606/5817 6366/2610/5821
f 6364/2612/5823 6419/2606/5817 6365/2611/5822
f 6364/2612/5823 6420/2613/5824 6419/2606/5817
f 6363/2614/5825 6420/2613/5824 6364/2612/5823
f 6362/2615/5826 6420/2613/5824 6363/2614/5825
f 6361/2616/5827 6420/2613/5824 6362/2615/5826
f 6361/2616/5827 6421/2617/5828 6420/2613/5824
f 6360/2618/5829 6421/2617/5828 6361/2616/5827
f 6359/2619/5830 6421/2617/5828 6360/2618/5829
f 6358/2620/5831 6421/2617/5828 6359/2619/5830
f 6358/2620/5831 6422/2621/5832 6421/2617/5828
f 6357/2622/5833 6422/2621/5832 6358/2620/5831
f 6356/2623/5834 6422/2621/5832 6357/2622/5833
f 6356/2623/5834 6423/2624/5835 6422/2621/5832
f 6355/2625/5836 6423/2624/5835 6356/2623/5834
f 6354/2626/5837 6423/2624/5835 6355/2625/5836
f 6354/2626/5837 6424/2627/5838 6423/2624/5835
f 6353/2628/5839 6424/2627/5838 6354/2626/5837
f 6353/2628/5839 6425/2629/5840 6424/2627/5838
f 6352/2630/5841 6425/2629/5840 6353/2628/5839
f 6351/2631/5842 6425/2629/5840 6352/2630/5841
f 6350/2632/5843 6425/2629/5840 6351/2631/5842
f 6350/2632/5843 6426/2633/5844 6425/2629/5840
f 6349/2634/5845 6426/2633/5844 6350/2632/5843
f 6349/2634/5845 6427/2635/5846 6426/2633/5844
f 6349/2634/5845 6428/2636/5847 6427/2635/5846
f 6348/2637/5848 6428/2636/5847 6349/2634/5845
f 6348/2637/5848 6429/2638/5849 6428/2636/5847
f 6347/2639/5850 6429/2638/5849 6348/2637/5848
f 6347/2639/5850 6430/2640/5851 6429/2638/5849
f 6346/2641/5852 6430/2640/5851 6347/2639/5850
f 6346/2641/5852 6431/2642/5853 6430/2640/5851
f 6345/2643/5854 6431/2642/5853 6346/2641/5852
f 6345/2643/5854 6432/2644/5855 6431/2642/5853
f 6344/2645/5856 6432/2644/5855 6345/2643/5854
f 6344/2645/5856 6433/2646/5857 6432/2644/5855
f 6344/2645/5856 6434/2647/5858 6433/2646/5857
f 6343/2648/5859 6434/2647/5858 6344/2645/5856
f 6343/2648/5859 6435/2649/5860 6434/2647/5858
f 6342/2650/5861 6435/2649/5860 6343/2648/5859
f 6342/2650/5861 6436/2651/5862 6435/2649/5860
f 6342/2650/5861 6437/2652/5863 6436/2651/5862
f 6341/2653/5864 6437/2652/5863 6342/2650/5861
f 6341/2653/5864 6438/2654/5865 6437/2652/5863
f 6341/2653/5864 6439/2655/5866 6438/2654/5865
f 6340/2656/5867 6439/2655/5866 6341/2653/5864
f 6340/2656/5867 6440/2657/5868 6439/2655/5866
f 6340/2656/5867 6441/2658/5869 6440/2657/5868
f 6340/2656/5867 6442/2659/5870 6441/2658/5869
f 6340/2656/5867 6443/2660/5871 6442/2659/5870
f 6339/2661/3937 6443/2660/5871 6340/2656/5867
f 6339/2661/3937 6444/2662/5872 6443/2660/5871
f 6339/2661/3937 6445/2663/5873 6444/2662/5872
f 6339/2661/3937 6446/2664/5874 6445/2663/5873
f 6338/2665/5875 6446/2664/5874 6339/2661/3937
f 6338/2665/5875 6447/2666/5876 6446/2664/5874
f 6338/2665/5875 6448/2667/5877 6447/2666/5876
f 6338/2665/5875 6449/2668/5878 6448/2667/5877
f 6337/2669/5879 6449/2668/5878 6338/2665/5875
f 6337/2669/5879 6450/2670/5880 6449/2668/5878
f 6337/2669/5879 6451/2671/5881 6450/2670/5880
f 6336/2672/5882 6451/2671/5881 6337/2669/5879
f 6336/2672/5882 6452/2673/5883 6451/2671/5881
f 6336/2672/5882 6453/2674/5884 6452/2673/5883
f 6335/2675/5885 6453/2674/5884 6336/2672/5882
f 6335/2675/5885 6454/2676/5886 6453/2674/5884
f 6334/2677/5887 6454/2676/5886 6335/2675/5885
f 6334/2677/5887 6455/2678/5888 6454/2676/5886
f 6334/2677/5887 6456/2679/5889 6455/2678/5888
f 6333/2680/5890 6456/2679/5889 6334/2677/5887
f 6333/2680/5890 6457/2681/5891 6456/2679/5889
f 6332/2682/5892 6457/2681/5891 6333/2680/5890
f 6332/2682/5892 6458/2683/5893 6457/2681/5891
f 6331/2684/5894 6458/2683/5893 6332/2682/5892
f 6331/2684/5894 6459/2685/5895 6458/2683/5893
f 5836/2686/5896 5838/2688/5897 5837/2687/5898
f 5835/2689/5899 5838/2688/5897 5836/2686/5896
f 5835/2689/5899 5839/2690/5900 5838/2688/5897
f 5834/2691/5901 5839/2690/5900 5835/2689/5899
f 5834/2691/5901 5840/2692/5902 5839/2690/5900
f 5833/2693/5903 5840/2692/5902 5834/2691/5901
f 6330/2694/5904 6459/2685/5895 6331/2684/5894
f 5833/2693/5903 5841/2695/5905 5840/2692/5902
f 6330/2694/5904 6460/181/5906 6459/2685/5895
f 5832/2696/5907 5841/2695/5905 5833/2693/5903
f 5832/2696/5907 5842/2697/5908 5841/2695/5905
f 5831/2698/5909 5842/2697/5908 5832/2696/5907
f 5831/2698/5909 5843/2699/5910 5842/2697/5908
f 5830/2700/5911 5843/2699/5910 5831/2698/5909
f 5830/2700/5911 5844/2701/5912 5843/2699/5910
f 5829/2702/5913 5844/2701/5912 5830/2700/5911
f 5829/2702/5913 5845/2703/5914 5844/2701/5912
f 5828/2704/5915 5845/2703/5914 5829/2702/5913
f 5828/2704/5915 5846/2705/5916 5845/2703/5914
f 5827/2706/5917 5846/2705/5916 5828/2704/5915
f 5826/2707/5918 5846/2705/5916 5827/2706/5917
f 5826/2707/5918 5847/2708/5919 5846/2705/5916
f 5825/2709/5920 5847/2708/5919 5826/2707/5918
f 5825/2709/5920 5848/2710/5921 5847/2708/5919
f 5824/2711/5922 5848/2710/5921 5825/2709/5920
f 5824/2711/5922 5849/2712/5923 5848/2710/5921
f 5823/2713/5924 5849/2712/5923 5824/2711/5922
f 5822/2714/5925 5849/2712/5923 5823/2713/5924
f 5821/2715/5926 5849/2712/5923 5822/2714/5925
f 5820/2716/5927 5849/2712/5923 5821/2715/5926
f 6330/2694/5904 5801/178/5928 6460/181/5906
f 5820/2716/5927 5850/2717/5929 5849/2712/5923
f 5819/2718/5930 5850/2717/5929 5820/2716/5927
f 5818/2719/5931 5850/2717/5929 5819/2718/5930
f 5817/2720/5932 5850/2717/5929 5818/2719/5931
f 5817/2720/5932 5851/2721/5933 5850/2717/5929
f 5816/2722/5934 5851/2721/5933 5817/2720/5932
f 6329/2723/5935 5801/178/5928 6330/2694/5904
f 5815/2724/5936 5851/2721/5933 5816/2722/5934
f 5814/2725/5937 5851/2721/5933 5815/2724/5936
f 5813/2726/5938 5851/2721/5933 5814/2725/5937
f 5813/2726/5938 5852/2727/5939 5851/2721/5933
f 5812/2728/5940 5852/2727/5939 5813/2726/5938
f 5811/2729/5941 5852/2727/5939 5812/2728/5940
f 6280/2730/5942 6282/2732/5943 6281/2731/5944
f 6279/2733/5945 6282/2732/5943 6280/2730/5942
f 6279/2733/5945 6283/2734/5946 6282/2732/5943
f 6278/2735/5947 6283/2734/5946 6279/2733/5945
f 6278/2735/5947 6284/2736/5948 6283/2734/5946
f 5810/2737/5949 5852/2727/5939 5811/2729/5941
f 6277/2738/5950 6284/2736/5948 6278/2735/5947
f 6277/2738/5950 6285/2739/5951 6284/2736/5948
f 5810/2737/5949 5853/2740/5952 5852/2727/5939
f 6276/2741/5953 6285/2739/5951 6277/2738/5950
f 5809/2742/5954 5853/2740/5952 5810/2737/5949
f 6276/2741/5953 6286/2743/5955 6285/2739/5951
f 6275/2744/5956 6286/2743/5955 6276/2741/5953
f 5808/2745/5957 5853/2740/5952 5809/2742/5954
f 6275/2744/5956 6287/2746/5958 6286/2743/5955
f 6274/2747/5959 6287/2746/5958 6275/2744/5956
f 5807/2748/5960 5853/2740/5952 5808/2745/5957
f 5807/2748/5960 5854/2749/5961 5853/2740/5952
f 6274/2747/5959 6288/2750/5962 6287/2746/5958
f 6273/2751/5963 6288/2750/5962 6274/2747/5959
f 5806/2752/5964 5854/2749/5961 5807/2748/5960
f 6272/2753/5965 6288/2750/5962 6273/2751/5963
f 5805/2754/5966 5854/2749/5961 5806/2752/5964
f 6272/2753/5965 6289/2755/5967 6288/2750/5962
f 5804/2756/3748 5854/2749/5961 5805/2754/5966
f 5804/2756/3748 5855/2757/5968 5854/2749/5961
f 6271/2758/5969 6289/2755/5967 6272/2753/5965
f 6271/2758/5969 6290/2759/5970 6289/2755/5967
f 5803/2760/5971 5855/2757/5968 5804/2756/3748
f 6270/2761/5972 6290/2759/5970 6271/2758/5969
f 5802/2762/5973 5855/2757/5968 5803/2760/5971
f 6270/2761/5972 6291/2763/5974 6290/2759/5970
f 5802/2762/5973 5856/2764/5975 5855/2757/5968
f 5801/178/5928 5856/2764/5975 5802/2762/5973
f 6269/2765/5976 6291/2763/5974 6270/2761/5972
f 6329/2723/5935 5856/2764/5975 5801/178/5928
f 6269/2765/5976 6292/2766/5977 6291/2763/5974
f 6268/2767/5978 6292/2766/5977 6269/2765/5976
f 6329/2723/5935 5857/2768/5979 5856/2764/5975
f 6268/2767/5978 6293/2769/5980 6292/2766/5977
f 6268/2767/5978 6294/2770/5981 6293/2769/5980
f 6329/2723/5935 5858/2771/5982 5857/2768/5979
f 6267/2772/5983 6294/2770/5981 6268/2767/5978
f 6328/2773/5984 5858/2771/5982 6329/2723/5935
f 6327/2774/5985 5858/2771/5982 6328/2773/5984
f 6327/2774/5985 5859/2775/5986 5858/2771/5982
f 6326/2776/5987 5859/2775/5986 6327/2774/5985
f 6267/2772/5983 6295/2777/5988 6294/2770/5981
f 6266/2778/5989 6295/2777/5988 6267/2772/5983
f 6325/2779/3807 5859/2775/5986 6326/2776/5987
f 6325/2779/3807 5860/2780/5990 5859/2775/5986
f 6324/2781/5991 5860/2780/5990 6325/2779/3807
f 6323/2782/3809 5860/2780/5990 6324/2781/5991
f 6265/2783/5992 6295/2777/5988 6266/2778/5989
f 6265/2783/5992 6296/2784/5993 6295/2777/5988
f 6323/2782/3809 5861/2785/5994 5860/2780/5990
f 6322/2786/5995 5861/2785/5994 6323/2782/3809
f 6321/2787/5996 5861/2785/5994 6322/2786/5995
f 6265/2783/5992 6297/2788/5997 6296/2784/5993
f 6321/2787/5996 5862/2789/5998 5861/2785/5994
f 6264/2790/5999 6297/2788/5997 6265/2783/5992
f 6321/2787/5996 5863/2791/6000 5862/2789/5998
f 6320/2792/6001 5863/2791/6000 6321/2787/5996
f 6320/2792/6001 5864/2793/6002 5863/2791/6000
f 6264/2790/5999 6298/2794/6003 6297/2788/5997
f 6319/2795/6004 5864/2793/6002 6320/2792/6001
f 6263/2796/6005 6298/2794/6003 6264/2790/5999
f 6319/2795/6004 5865/2797/6006 5864/2793/6002
f 6319/2795/6004 5866/2798/6007 5865/2797/6006
f 6263/2796/6005 6299/2799/6008 6298/2794/6003
f 6318/2800/6009 5866/2798/6007 6319/2795/6004
f 6318/2800/6009 5867/2801/6010 5866/2798/6007
f 6262/2802/6011 6299/2799/6008 6263/2796/6005
f 6262/2802/6011 6300/2803/6012 6299/2799/6008
f 6318/2800/6009 5868/2804/6013 5867/2801/6010
f 6317/2805/6014 5868/2804/6013 6318/2800/6009
f 6317/2805/6014 5869/2806/6015 5868/2804/6013
f 6262/2802/6011 6301/2807/6016 6300/2803/6012
f 6317/2805/6014 5870/2808/6017 5869/2806/6015
f 6316/2809/6018 5870/2808/6017 6317/2805/6014
f 6262/2802/6011 6302/2810/6019 6301/2807/6016
f 6316/2809/6018 5871/2811/6020 5870/2808/6017
f 6261/2812/6021 6302/2810/6019 6262/2802/6011
f 6315/2813/6022 5871/2811/6020 6316/2809/6018
f 6314/2814/6023 5871/2811/6020 6315/2813/6022
f 6313/2815/6024 5871/2811/6020 6314/2814/6023
f 6313/2815/6024 5872/2816/6025 5871/2811/6020
f 6261/2812/6021 6303/2817/6026 6302/2810/6019
f 6312/2818/6027 5872/2816/6025 6313/2815/6024
f 6311/2819/6028 5872/2816/6025 6312/2818/6027
f 6310/2820/6029 5872/2816/6025 6311/2819/6028
f 6261/2812/6021 6304/2821/6030 6303/2817/6026
f 6310/2820/6029 5873/2822/6031 5872/2816/6025
f 6309/2823/6032 5873/2822/6031 6310/2820/6029
f 6308/2824/6033 5873/2822/6031 6309/2823/6032
f 6307/2825/6034 5873/2822/6031 6308/2824/6033
f 6261/2812/6021 6305/2826/6035 6304/2821/6030
f 6306/2827/6036 5873/2822/6031 6307/2825/6034
f 6305/2826/6035 5873/2822/6031 6306/2827/6036
f 6261/2812/6021 5873/2822/6031 6305/2826/6035
f 6261/2812/6021 5909/2828/6037 5873/2822/6031
f 5909/2828/6037 5874/2829/6038 5873/2822/6031
f 6261/2812/6021 5910/2830/6039 5909/2828/6037
f 5908/2831/6040 5874/2829/6038 5909/2828/6037
f 5907/2832/6041 5874/2829/6038 5908/2831/6040
f 6261/2812/6021 5911/2833/6042 5910/2830/6039
f 5906/2834/6043 5874/2829/6038 5907/2832/6041
f 6261/2812/6021 5912/2835/6044 5911/2833/6042
f 5905/2836/6045 5874/2829/6038 5906/2834/6043
f 6261/2812/6021 5913/2837/6046 5912/2835/6044
f 5904/2838/6047 5874/2829/6038 5905/2836/6045
f 5904/2838/6047 5875/2839/6048 5874/2829/6038
f 6260/2840/6049 5913/2837/6046 6261/2812/6021
f 6260/2840/6049 5914/2841/6050 5913/2837/6046
f 5903/2842/6051 5875/2839/6048 5904/2838/6047
f 6260/2840/6049 5915/2843/6052 5914/2841/6050
f 5902/2844/6053 5875/2839/6048 5903/2842/6051
f 6260/2840/6049 5916/2845/6054 5915/2843/6052
f 5901/2846/6055 5875/2839/6048 5902/2844/6053
f 5901/2846/6055 5876/2847/6056 5875/2839/6048
f 5900/2848/6057 5876/2847/6056 5901/2846/6055
f 6260/2840/6049 5917/2849/6058 5916/2845/6054
f 5899/2850/6059 5876/2847/6056 5900/2848/6057
f 6260/2840/6049 5918/2851/6060 5917/2849/6058
f 5899/2850/6059 5877/2852/6061 5876/2847/6056
f 5898/2853/6062 5877/2852/6061 5899/2850/6059
f 6260/2840/6049 5919/2854/6063 5918/2851/6060
f 5897/2855/6064 5877/2852/6061 5898/2853/6062
f 5897/2855/6064 5878/2856/6065 5877/2852/6061
f 6260/2840/6049 5920/2857/6066 5919/2854/6063
f 5896/2858/6067 5878/2856/6065 5897/2855/6064
f 5896/2858/6067 5879/2859/6068 5878/2856/6065
f 5895/2860/6069 5879/2859/6068 5896/2858/6067
f 6260/2840/6049 5921/2861/6070 5920/2857/6066
f 5894/2862/6071 5879/2859/6068 5895/2860/6069
f 5894/2862/6071 5880/2863/6072 5879/2859/6068
f 5893/2864/6073 5880/2863/6072 5894/2862/6071
f 6260/2840/6049 5922/2865/6074 5921/2861/6070
f 5893/2864/6073 5881/2866/6075 5880/2863/6072
f 5892/2867/6076 5881/2866/6075 5893/2864/6073
f 5891/2868/6077 5881/2866/6075 5892/2867/6076
f 5891/2868/6077 5882/2869/6078 5881/2866/6075
f 5890/2870/6079 5882/2869/6078 5891/2868/6077
f 5889/2871/6080 5882/2869/6078 5890/2870/6079
f 5889/2871/6080 5883/2872/6081 5882/2869/6078
f 5888/2873/6082 5883/2872/6081 5889/2871/6080
f 5888/2873/6082 5884/2874/6083 5883/2872/6081
f 5887/2875/6084 5884/2874/6083 5888/2873/6082
f 5886/2876/6085 5884/2874/6083 5887/2875/6084
f 5886/2876/6085 5885/2877/6086 5884/2874/6083
f 6259/2878/6087 6209/2879/6088 6260/2840/6049
f 6209/2879/6088 5922/2865/6074 6260/2840/6049
f 6258/2880/6089 6209/2879/6088 6259/2878/6087
f 6258/2880/6089 6210/2881/6090 6209/2879/6088
f 6208/2882/6091 5922/2865/6074 6209/2879/6088
f 6208/2882/6091 5923/2883/6092 5922/2865/6074
f 6257/2884/6093 6210/2881/6090 6258/2880/6089
f 6257/2884/6093 6211/2885/6094 6210/2881/6090
f 6257/2884/6093 6212/2886/6095 6211/2885/6094
f 6256/2887/6096 6212/2886/6095 6257/2884/6093
f 6256/2887/6096 6213/2888/6097 6212/2886/6095
f 6256/2887/6096 6214/2889/6098 6213/2888/6097
f 6208/2882/6091 5924/2890/6099 5923/2883/6092
f 6255/2891/6100 6214/2889/6098 6256/2887/6096
f 6255/2891/6100 6215/2892/6101 6214/2889/6098
f 6207/2893/6102 5924/2890/6099 6208/2882/6091
f 6255/2891/6100 6216/2894/6103 6215/2892/6101
f 6255/2891/6100 6217/2895/6104 6216/2894/6103
f 6254/2896/6105 6217/2895/6104 6255/2891/6100
f 6254/2896/6105 6218/2897/6106 6217/2895/6104
f 6207/2893/6102 5925/2898/6107 5924/2890/6099
f 6254/2896/6105 6219/2899/6108 6218/2897/6106
f 6253/2900/6109 6219/2899/6108 6254/2896/6105
f 6253/2900/6109 6220/2901/6110 6219/2899/6108
f 6253/2900/6109 6221/2902/6111 6220/2901/6110
f 6252/2903/6112 6221/2902/6111 6253/2900/6109
f 6252/2903/6112 6222/2904/6113 6221/2902/6111
f 6252/2903/6112 6223/2905/6114 6222/2904/6113
f 6206/2906/6115 6125/2907/6116 6207/2893/6102
f 6125/2907/6116 5925/2898/6107 6207/2893/6102
f 6252/2903/6112 6224/2908/6117 6223/2905/6114
f 6252/2903/6112 6225/2909/6118 6224/2908/6117
f 6252/2903/6112 6226/2910/6119 6225/2909/6118
f 6252/2903/6112 6227/2911/6120 6226/2910/6119
f 6252/2903/6112 6228/2912/6121 6227/2911/6120
f 6251/2913/6122 6228/2912/6121 6252/2903/6112
f 6251/2913/6122 6229/2914/6123 6228/2912/6121
f 6251/2913/6122 6230/2915/6124 6229/2914/6123
f 6125/2907/6116 5926/2916/6125 5925/2898/6107
f 6251/2913/6122 6231/2917/6126 6230/2915/6124
f 6250/2918/6127 6231/2917/6126 6251/2913/6122
f 6250/2918/6127 6232/2919/6128 6231/2917/6126
f 6206/2906/6115 6126/2920/6129 6125/2907/6116
f 6124/2921/6130 5926/2916/6125 6125/2907/6116
f 6250/2918/6127 6233/2922/6131 6232/2919/6128
f 6249/2923/6132 6233/2922/6131 6250/2918/6127
f 6249/2923/6132 6234/2924/6133 6233/2922/6131
f 6249/2923/6132 6235/2925/6134 6234/2924/6133
f 6248/2926/6135 6235/2925/6134 6249/2923/6132
f 6248/2926/6135 6236/2927/6136 6235/2925/6134
f 6248/2926/6135 6237/2928/6137 6236/2927/6136
f 6248/2926/6135 6238/2929/6138 6237/2928/6137
f 6247/2930/6139 6238/2929/6138 6248/2926/6135
f 6247/2930/6139 6239/2931/6140 6238/2929/6138
f 6247/2930/6139 6240/2932/6141 6239/2931/6140
f 6205/2933/6142 6126/2920/6129 6206/2906/6115
f 6246/2934/6143 6240/2932/6141 6247/2930/6139
f 6246/2934/6143 6241/2935/6144 6240/2932/6141
f 6246/2934/6143 6242/2936/6145 6241/2935/6144
f 6246/2934/6143 6243/2937/6146 6242/2936/6145
f 6245/2938/6147 6243/2937/6146 6246/2934/6143
f 6245/2938/6147 6244/2939/6148 6243/2937/6146
f 6124/2921/6130 5927/2940/6149 5926/2916/6125
f 6205/2933/6142 6127/2941/6150 6126/2920/6129
f 6123/2942/6151 5927/2940/6149 6124/2921/6130
f 6204/2943/6152 6127/2941/6150 6205/2933/6142
f 6123/2942/6151 5928/2944/6153 5927/2940/6149
f 6204/2943/6152 6128/2945/6154 6127/2941/6150
f 6203/2946/6155 6128/2945/6154 6204/2943/6152
f 6203/2946/6155 6129/2947/6156 6128/2945/6154
f 6122/2948/6157 5928/2944/6153 6123/2942/6151
f 6122/2948/6157 5929/2949/6158 5928/2944/6153
f 6202/2950/6159 6129/2947/6156 6203/2946/6155
f 6202/2950/6159 6130/2951/6160 6129/2947/6156
f 6122/2948/6157 5930/2952/6161 5929/2949/6158
f 6121/2953/6162 5930/2952/6161 6122/2948/6157
f 6201/2954/6163 6130/2951/6160 6202/2950/6159
f 6201/2954/6163 6131/2955/6164 6130/2951/6160
f 6121/2953/6162 5931/2956/6165 5930/2952/6161
f 6200/2957/6166 6131/2955/6164 6201/2954/6163
f 6120/2958/6167 5931/2956/6165 6121/2953/6162
f 6200/2957/6166 6132/2959/6168 6131/2955/6164
f 6199/2960/6169 6132/2959/6168 6200/2957/6166
f 6120/2958/6167 5932/2961/6170 5931/2956/6165
f 6199/2960/6169 6133/2962/6171 6132/2959/6168
f 6119/2963/6172 5932/2961/6170 6120/2958/6167
f 6198/2964/6173 6133/2962/6171 6199/2960/6169
f 6198/2964/6173 6134/2965/6174 6133/2962/6171
f 6118/2966/6175 5932/2961/6170 6119/2963/6172
f 6118/2966/6175 5933/2967/6176 5932/2961/6170
f 6197/2968/6177 6134/2965/6174 6198/2964/6173
f 6197/2968/6177 6135/2969/6178 6134/2965/6174
f 6117/2970/6179 5933/2967/6176 6118/2966/6175
f 6117/2970/6179 5934/2971/6180 5933/2967/6176
f 6196/2972/6181 6135/2969/6178 6197/2968/6177
f 6117/2970/6179 5935/2973/6182 5934/2971/6180
f 6196/2972/6181 6136/2974/6183 6135/2969/6178
f 6117/2970/6179 5936/2975/6184 5935/2973/6182
f 6116/2976/6185 5936/2975/6184 6117/2970/6179
f 6195/2977/6186 6136/2974/6183 6196/2972/6181
f 6116/2976/6185 5937/2978/6187 5936/2975/6184
f 6195/2977/6186 6137/2979/6188 6136/2974/6183
f 6116/2976/6185 5938/2980/6189 5937/2978/6187
f 6115/2981/6190 5938/2980/6189 6116/2976/6185
f 6194/2982/6191 6137/2979/6188 6195/2977/6186
f 6115/2981/6190 5939/2983/6192 5938/2980/6189
f 6194/2982/6191 6138/2984/6193 6137/2979/6188
f 6115/2981/6190 5940/2985/6194 5939/2983/6192
f 6193/2986/6195 6138/2984/6193 6194/2982/6191
f 6114/2987/6196 5940/2985/6194 6115/2981/6190
f 6114/2987/6196 5941/2988/6197 5940/2985/6194
f 6193/2986/6195 6139/2989/6198 6138/2984/6193
f 6192/2990/6199 6139/2989/6198 6193/2986/6195
f 6114/2987/6196 5942/2991/6200 5941/2988/6197
f 6113/2992/6201 5942/2991/6200 6114/2987/6196
f 6192/2990/6199 6140/2993/6202 6139/2989/6198
f 6113/2992/6201 5943/2994/6203 5942/2991/6200
f 6191/2995/6204 6140/2993/6202 6192/2990/6199
f 6112/2996/6205 5943/2994/6203 6113/2992/6201
f 6191/2995/6204 6141/2997/6206 6140/2993/6202
f 6112/2996/6205 5944/2998/6207 5943/2994/6203
f 6111/2999/6208 5944/2998/6207 6112/2996/6205
f 6190/3000/6209 6141/2997/6206 6191/2995/6204
f 6190/3000/6209 6142/3001/6210 6141/2997/6206
f 6110/3002/6211 5944/2998/6207 6111/2999/6208
f 6110/3002/6211 5945/3003/6212 5944/2998/6207
f 6189/3004/6213 6142/3001/6210 6190/3000/6209
f 6109/3005/6214 5945/3003/6212 6110/3002/6211
f 6189/3004/6213 6143/3006/6215 6142/3001/6210
f 6108/3007/6216 5945/3003/6212 6109/3005/6214
f 6108/3007/6216 5946/3008/6217 5945/3003/6212
f 6188/3009/6218 6143/3006/6215 6189/3004/6213
f 6107/3010/6219 5946/3008/6217 6108/3007/6216
f 6188/3009/6218 6144/3011/6220 6143/3006/6215
f 6107/3010/6219 5947/3012/6221 5946/3008/6217
f 6106/3013/6222 5947/3012/6221 6107/3010/6219
f 6187/3014/6223 6144/3011/6220 6188/3009/6218
f 6106/3013/6222 5948/3015/6224 5947/3012/6221
f 6105/3016/6225 5948/3015/6224 6106/3013/6222
f 6187/3014/6223 6145/3017/6226 6144/3011/6220
f 6105/3016/6225 5949/3018/6227 5948/3015/6224
f 6104/3019/6228 5949/3018/6227 6105/3016/6225
f 6104/3019/6228 5950/3020/6229 5949/3018/6227
f 6186/3021/6230 6145/3017/6226 6187/3014/6223
f 6186/3021/6230 6146/3022/6231 6145/3017/6226
f 6104/3019/6228 5951/3023/6232 5950/3020/6229
f 6103/3024/6233 5951/3023/6232 6104/3019/6228
f 6103/3024/6233 5952/3025/6234 5951/3023/6232
f 6102/3026/6235 5952/3025/6234 6103/3024/6233
f 6185/3027/6236 6146/3022/6231 6186/3021/6230
f 6102/3026/6235 5953/3028/6237 5952/3025/6234
f 6185/3027/6236 6147/3029/6238 6146/3022/6231
f 6102/3026/6235 5954/3030/6239 5953/3028/6237
f 6101/3031/6240 5954/3030/6239 6102/3026/6235
f 6101/3031/6240 5955/3032/6241 5954/3030/6239
f 6101/3031/6240 5956/3033/6242 5955/3032/6241
f 6184/3034/6243 6147/3029/6238 6185/3027/6236
f 6100/3035/6244 5956/3033/6242 6101/3031/6240
f 6184/3034/6243 6148/3036/6245 6147/3029/6238
f 6052/3037/5054 6054/3039/6246 6053/3038/6247
f 6052/3037/5054 6055/3040/6248 6054/3039/6246
f 6052/3037/5054 6056/3041/6249 6055/3040/6248
f 6051/3042/5237 6056/3041/6249 6052/3037/5054
f 6051/3042/5237 6057/3043/6250 6056/3041/6249
f 6051/3042/5237 6058/3044/6251 6057/3043/6250
f 6050/3045/6252 6058/3044/6251 6051/3042/5237
f 6050/3045/6252 6059/3046/6253 6058/3044/6251
f 6050/3045/6252 6060/3047/6254 6059/3046/6253
f 6183/3048/6255 6148/3036/6245 6184/3034/6243
f 6049/3049/6256 6060/3047/6254 6050/3045/6252
f 6049/3049/6256 6061/3050/6257 6060/3047/6254
f 6049/3049/6256 6062/3051/6258 6061/3050/6257
f 6099/3052/6259 5956/3033/6242 6100/3035/6244
f 6048/3053/6260 6062/3051/6258 6049/3049/6256
f 6048/3053/6260 6063/3054/6261 6062/3051/6258
f 6099/3052/6259 5957/3055/6262 5956/3033/6242
f 6048/3053/6260 6064/3056/6263 6063/3054/6261
f 6048/3053/6260 6065/3057/6264 6064/3056/6263
f 6047/3058/6265 6065/3057/6264 6048/3053/6260
f 6047/3058/6265 6066/3059/6266 6065/3057/6264
f 6182/3060/6267 6148/3036/6245 6183/3048/6255
f 6098/3061/6268 5957/3055/6262 6099/3052/6259
f 6046/3062/6269 6066/3059/6266 6047/3058/6265
f 6045/3063/6270 6066/3059/6266 6046/3062/6269
f 6097/3064/6271 5957/3055/6262 6098/3061/6268
f 6181/3065/6272 6148/3036/6245 6182/3060/6267
f 6045/3063/6270 6067/3066/6273 6066/3059/6266
f 6097/3064/6271 5958/3067/6274 5957/3055/6262
f 6044/3068/5078 6067/3066/6273 6045/3063/6270
f 6096/3069/6275 5958/3067/6274 6097/3064/6271
f 6180/3070/6276 6148/3036/6245 6181/3065/6272
f 6043/3071/6277 6067/3066/6273 6044/3068/5078
f 6043/3071/6277 6068/3072/6278 6067/3066/6273
f 6095/3073/6279 5958/3067/6274 6096/3069/6275
f 6042/3074/6280 6068/3072/6278 6043/3071/6277
f 6179/3075/6281 6148/3036/6245 6180/3070/6276
f 6042/3074/6280 6069/3076/6282 6068/3072/6278
f 6094/3077/6283 5958/3067/6274 6095/3073/6279
f 6093/3078/6284 5958/3067/6274 6094/3077/6283
f 6041/3079/6285 6069/3076/6282 6042/3074/6280
f 6041/3079/6285 6070/3080/6286 6069/3076/6282
f 6178/3081/6287 6148/3036/6245 6179/3075/6281
f 6092/3082/6288 5958/3067/6274 6093/3078/6284
f 6091/3083/6289 5958/3067/6274 6092/3082/6288
f 6041/3079/6285 6071/3084/6290 6070/3080/6286
f 6040/3085/6291 6071/3084/6290 6041/3079/6285
f 6090/3086/6292 5958/3067/6274 6091/3083/6289
f 6177/3087/6293 6148/3036/6245 6178/3081/6287
f 6090/3086/6292 5959/3088/6294 5958/3067/6274
f 6040/3085/6291 6072/3089/6295 6071/3084/6290
f 6089/3090/6296 5959/3088/6294 6090/3086/6292
f 6177/3087/6293 6149/3091/6297 6148/3036/6245
f 6088/3092/6298 5959/3088/6294 6089/3090/6296
f 6087/3093/6299 5959/3088/6294 6088/3092/6298
f 6040/3085/6291 6073/3094/6300 6072/3089/6295
f 6039/3095/6301 6073/3094/6300 6040/3085/6291
f 6086/3096/6302 5959/3088/6294 6087/3093/6299
f 6176/3097/6303 6149/3091/6297 6177/3087/6293
f 6085/3098/6304 5959/3088/6294 6086/3096/6302
f 6039/3095/6301 6074/3099/6305 6073/3094/6300
f 6084/3100/6306 5959/3088/6294 6085/3098/6304
f 6083/3101/6307 5959/3088/6294 6084/3100/6306
f 6039/3095/6301 6075/3102/6308 6074/3099/6305
f 6082/3103/6309 5959/3088/6294 6083/3101/6307
f 6081/3104/6310 5959/3088/6294 6082/3103/6309
f 6039/3095/6301 6076/3105/6311 6075/3102/6308
f 6080/3106/6312 5959/3088/6294 6081/3104/6310
f 6079/3107/6313 5959/3088/6294 6080/3106/6312
f 6039/3095/6301 6077/3108/6314 6076/3105/6311
f 6078/3109/6315 5959/3088/6294 6079/3107/6313
f 6077/3108/6314 5959/3088/6294 6078/3109/6315
f 6039/3095/6301 5959/3088/6294 6077/3108/6314
f 6175/3110/6316 6149/3091/6297 6176/3097/6303
f 6038/3111/6317 5959/3088/6294 6039/3095/6301
f 6174/3112/6318 6149/3091/6297 6175/3110/6316
f 6037/3113/6319 5959/3088/6294 6038/3111/6317
f 6037/3113/6319 5960/3114/6320 5959/3088/6294
f 6173/3115/6321 6149/3091/6297 6174/3112/6318
f 6036/3116/6322 5960/3114/6320 6037/3113/6319
f 6172/3117/6323 6149/3091/6297 6173/3115/6321
f 6035/3118/6324 5960/3114/6320 6036/3116/6322
f 6171/3119/6325 6149/3091/6297 6172/3117/6323
f 6034/3120/6326 5960/3114/6320 6035/3118/6324
f 6033/3121/6327 5960/3114/6320 6034/3120/6326
f 6171/3119/6325 6150/3122/6328 6149/3091/6297
f 6170/3123/6329 6150/3122/6328 6171/3119/6325
f 6033/3121/6327 5961/3124/6330 5960/3114/6320
f 6032/3125/6331 5961/3124/6330 6033/3121/6327
f 6170/3123/6329 6151/3126/6332 6150/3122/6328
f 6169/3127/6333 6151/3126/6332 6170/3123/6329
f 6031/3128/6334 5961/3124/6330 6032/3125/6331
f 6169/3127/6333 6152/3129/6335 6151/3126/6332
f 6168/3130/6336 6152/3129/6335 6169/3127/6333
f 6030/3131/6337 5961/3124/6330 6031/3128/6334
f 6168/3130/6336 6153/3132/6338 6152/3129/6335
f 6029/3133/6339 5961/3124/6330 6030/3131/6337
f 6167/3134/6340 6153/3132/6338 6168/3130/6336
f 6167/3134/6340 6154/3135/6341 6153/3132/6338
f 6028/3136/6342 5961/3124/6330 6029/3133/6339
f 6166/3137/6343 6154/3135/6341 6167/3134/6340
f 6166/3137/6343 6155/3138/6344 6154/3135/6341
f 6166/3137/6343 6156/3139/6345 6155/3138/6344
f 6165/3140/6346 6156/3139/6345 6166/3137/6343
f 6165/3140/6346 6157/3141/6347 6156/3139/6345
f 6164/3142/6348 6157/3141/6347 6165/3140/6346
f 6164/3142/6348 6158/3143/6349 6157/3141/6347
f 6163/3144/6350 6158/3143/6349 6164/3142/6348
f 6028/3136/6342 5962/3145/6351 5961/3124/6330
f 6163/3144/6350 6159/3146/6352 6158/3143/6349
f 6162/3147/6353 6159/3146/6352 6163/3144/6350
f 6162/3147/6353 6160/3148/6354 6159/3146/6352
f 6161/3149/6355 6160/3148/6354 6162/3147/6353
f 6027/3150/6356 5962/3145/6351 6028/3136/6342
f 6026/3151/6357 5962/3145/6351 6027/3150/6356
f 6026/3151/6357 5963/3152/6358 5962/3145/6351
f 6025/3153/6359 5963/3152/6358 6026/3151/6357
f 6024/3154/6360 5963/3152/6358 6025/3153/6359
f 6024/3154/6360 5964/3155/6361 5963/3152/6358
f 6023/3156/6362 5964/3155/6361 6024/3154/6360
f 6023/3156/6362 5965/3157/6363 5964/3155/6361
f 6022/3158/6364 5965/3157/6363 6023/3156/6362
f 6021/3159/6365 5965/3157/6363 6022/3158/6364
f 6021/3159/6365 5966/3160/6366 5965/3157/6363
f 6020/3161/6367 5966/3160/6366 6021/3159/6365
f 6019/3162/6368 5966/3160/6366 6020/3161/6367
f 6019/3162/6368 5967/3163/6369 5966/3160/6366
f 6018/3164/6370 5967/3163/6369 6019/3162/6368
f 6017/3165/6371 5967/3163/6369 6018/3164/6370
f 6017/3165/6371 5968/3166/6372 5967/3163/6369
f 6016/3167/6373 5968/3166/6372 6017/3165/6371
f 6015/3168/6374 5968/3166/6372 6016/3167/6373
f 6015/3168/6374 5969/3169/6375 5968/3166/6372
f 6014/3170/6376 5969/3169/6375 6015/3168/6374
f 6013/3171/6377 5969/3169/6375 6014/3170/6376
f 6013/3171/6377 5970/3172/6378 5969/3169/6375
f 6012/3173/6379 5970/3172/6378 6013/3171/6377
f 6011/3174/6380 5970/3172/6378 6012/3173/6379
f 6011/3174/6380 5971/3175/6381 5970/3172/6378
f 6010/3176/6382 5971/3175/6381 6011/3174/6380
f 6010/3176/6382 5972/3177/6383 5971/3175/6381
f 6009/3178/6384 5972/3177/6383 6010/3176/6382
f 6008/3179/6385 5972/3177/6383 6009/3178/6384
f 6008/3179/6385 5973/3180/6386 5972/3177/6383
f 6007/3181/6387 5973/3180/6386 6008/3179/6385
f 6007/3181/6387 5974/3182/6388 5973/3180/6386
f 6006/3183/6389 5974/3182/6388 6007/3181/6387
f 6005/3184/6390 5974/3182/6388 6006/3183/6389
f 6005/3184/6390 5975/3185/6391 5974/3182/6388
f 6004/3186/6392 5975/3185/6391 6005/3184/6390
f 6004/3186/6392 5976/3187/6393 5975/3185/6391
f 6004/3186/6392 5977/3188/6394 5976/3187/6393
f 6003/3189/6395 5977/3188/6394 6004/3186/6392
f 6003/3189/6395 5978/3190/6396 5977/3188/6394
f 6003/3189/6395 5979/3191/6397 5978/3190/6396
f 6002/3192/6398 5979/3191/6397 6003/3189/6395
f 6002/3192/6398 5980/3193/6399 5979/3191/6397
f 6001/3194/6400 5980/3193/6399 6002/3192/6398
f 6001/3194/6400 5981/3195/6401 5980/3193/6399
f 6000/3196/6402 5981/3195/6401 6001/3194/6400
f 6000/3196/6402 5982/3197/6403 5981/3195/6401
f 6000/3196/6402 5983/3198/6404 5982/3197/6403
f 5999/3199/6405 5983/3198/6404 6000/3196/6402
f 5999/3199/6405 5984/3200/6406 5983/3198/6404
f 5998/3201/6407 5984/3200/6406 5999/3199/6405
f 5998/3201/6407 5985/3202/6408 5984/3200/6406
f 5998/3201/6407 5986/3203/6409 5985/3202/6408
f 5997/3204/6410 5986/3203/6409 5998/3201/6407
f 5997/3204/6410 5987/3205/6411 5986/3203/6409
f 5996/3206/6412 5987/3205/6411 5997/3204/6410
f 5996/3206/6412 5988/3207/6413 5987/3205/6411
f 5996/3206/6412 5989/3208/6414 5988/3207/6413
f 5995/3209/6415 5989/3208/6414 5996/3206/6412
f 5995/3209/6415 5990/3210/6416 5989/3208/6414
f 5994/3211/6417 5990/3210/6416 5995/3209/6415
f 5994/3211/6417 5991/3212/6418 5990/3210/6416
f 5994/3211/6417 5992/3213/6419 5991/3212/6418
f 5993/3214/6420 5992/3213/6419 5994/3211/6417
f 2171/2537/2538 2170/2538/2539 5400/2538/5749 5401/2537/5748
f 1208/896/898 1207/894/896 4437/894/4106 4438/896/4108
f 366/227/227 365/235/235 3595/235/3445 3596/227/3437
f 1280/901/903 1279/907/909 4509/907/4119 4510/901/4113
f 182/236/236 181/237/237 3411/237/3447 3412/236/3446
f 2917/3029/3028 2916/3022/3021 6146/3022/6231 6147/3029/6238
f 2155/2544/2545 2154/2543/2544 5384/2543/5754 5385/2544/5755
f 2163/2556/2557 2162/2555/2556 5392/2555/5766 5393/2556/5767
f 1296/918/920 1295/914/916 4525/914/4126 4526/918/4130
f 222/244/244 221/238/238 3451/238/3448 3452/244/3454
f 2725/3032/3031 2724/3030/3029 5954/3030/6239 5955/3032/6241
f 3171/2558/2559 3170/2557/2558 6400/2557/5768 6401/2558/5770
f 1216/922/924 1215/920/922 4445/920/4132 4446/922/4134
f 118/247/247 117/253/253 3347/253/3463 3348/247/3457
f 2821/3042/2027 2820/3045/3042 6050/3045/6252 6051/3042/5237
f 1192/921/923 1191/925/927 4421/925/4137 4422/921/4133
f 238/261/261 237/262/262 3467/262/3472 3468/261/3471
f 3179/2573/2574 3178/2571/2572 6408/2571/5782 6409/2573/5784
f 3163/2572/2573 3162/2574/2575 6392/2574/5785 6393/2572/5783
f 1272/930/932 1271/932/934 4501/932/4144 4502/930/4142
f 2829/3046/3043 2828/3044/3041 6058/3044/6251 6059/3046/6253
f 2869/3052/3049 2868/3061/3058 6098/3061/6268 6099/3052/6259
f 3155/2585/2586 3154/2587/2588 6384/2587/5798 6385/2585/5796
f 1264/943/945 1263/944/946 4493/944/4156 4494/943/4155
f 2837/3066/3063 2836/3059/3056 6066/3059/6266 6067/3066/6273
f 2813/3071/3067 2812/3074/3070 6042/3074/6280 6043/3071/6277
f 3147/2596/2597 3146/2597/2598 6376/2597/5808 6377/2596/5807
f 1256/954/956 1255/955/957 4485/955/4167 4486/954/4166
f 230/273/273 229/271/271 3459/271/3481 3460/273/3483
f 2949/3075/3071 2948/3081/3077 6178/3081/6287 6179/3075/6281
f 3187/2598/2599 3186/2594/2595 6416/2594/5805 6417/2598/5809
f 1248/964/966 1247/966/968 4477/966/4178 4478/964/4176
f 2861/3083/3079 2860/3086/3082 6090/3086/6292 6091/3083/6289
f 3139/2607/2608 3138/2608/2609 6368/2608/5819 6369/2607/5818
f 2845/3102/3098 2844/3099/3095 6074/3099/6305 6075/3102/6308
f 1304/974/976 1303/965/967 4533/965/4177 4534/974/4186
f 2853/3101/3097 2852/3103/3099 6082/3103/6309 6083/3101/6307
f 3131/2616/2617 3130/2618/2619 6360/2618/5829 6361/2616/5827
f 1240/976/978 1239/977/979 4469/977/4189 4470/976/4188
f 126/277/277 125/263/263 3355/263/3473 3356/277/3487
f 2805/3118/3114 2804/3120/3116 6034/3120/6326 6035/3118/6324
f 2941/3119/3115 2940/3123/3119 6170/3123/6329 6171/3119/6325
f 3195/2629/2630 3194/2627/2628 6424/2627/5838 6425/2629/5840
f 1224/988/990 1223/984/986 4453/984/4196 4454/988/4200
f 3123/2628/2629 3122/2630/2631 6352/2630/5841 6353/2628/5839
f 1232/990/992 1231/992/994 4461/992/4204 4462/990/4202
f 174/280/280 173/283/283 3403/283/3493 3404/280/3490
f 70/284/284 69/279/279 3299/279/3489 3300/284/3494
f 2925/3138/3134 2924/3135/3131 6154/3135/6341 6155/3138/6344
f 3115/2643/2644 3114/2645/2646 6344/2645/5856 6345/2643/5854
f 110/297/297 109/302/302 3339/302/3512 3340/297/3507
f 1184/1001/1003 1183/1004/1006 4413/1004/4216 4414/1001/4213
f 2933/3144/3140 2932/3147/3143 6162/3147/6353 6163/3144/6350
f 3203/2646/2647 3202/2644/2645 6432/2644/5855 6433/2646/5857
f 2797/3150/3146 2796/3151/3147 6026/3151/6357 6027/3150/6356
f 3211/2658/2659 3210/2657/2658 6440/2657/5868 6441/2658/5869
f 1312/1006/1008 1311/1005/1007 4541/1005/4217 4542/1006/4218
f 78/311/311 77/308/308 3307/308/3518 3308/311/3521
f 2733/3152/3148 2732/3145/3141 5962/3145/6351 5963/3152/6358
f 3219/2668/2668 3218/2667/2667 6448/2667/5877 6449/2668/5878
f 134/314/314 133/307/307 3363/307/3517 3364/314/3524
f 2789/3162/3158 2788/3164/3160 6018/3164/6370 6019/3162/6368
f 3107/2669/2669 3106/2672/2672 6336/2672/5882 6337/2669/5879
f 166/310/310 165/315/315 3395/315/3525 3396/310/3520
f 1136/1023/1025 1135/1021/1023 4365/1021/4233 4366/1023/4235
f 1320/1024/1026 1319/1022/1024 4549/1022/4234 4550/1024/4236
f 142/330/330 141/328/328 3371/328/3538 3372/330/3540
f 2741/3175/3171 2740/3172/3168 5970/3172/6378 5971/3175/6381
f 3227/2681/2681 3226/2679/2679 6456/2679/5889 6457/2681/5891
f 2611/2695/2695 2610/2692/2692 5840/2692/5902 5841/2695/5905
f 1328/1043/1045 1327/1041/1043 4557/1041/4253 4558/1043/4255
f 86/340/340 85/336/336 3315/336/3546 3316/340/3550
f 2603/2693/2693 2602/2696/2697 5832/2696/5907 5833/2693/5903
f 1144/1044/1046 1143/1040/1042 4373/1040/4252 4374/1044/4256
f 102/343/343 101/349/349 3331/349/3559 3332/343/3553
f 1176/1042/1044 1175/1049/1051 4405/1049/4261 4406/1042/4254
f 150/354/354 149/350/350 3379/350/3560 3380/354/3564
f 2595/2709/2710 2594/2711/2712 5824/2711/5922 5825/2709/5920
f 1152/1058/1060 1151/1057/1059 4381/1057/4269 4382/1058/4270
f 2843/3094/3090 2842/3089/3085 6072/3089/6295 6073/3094/6300
f 94/360/360 93/359/359 3323/359/3569 3324/360/3570
f 2947/3087/3083 2946/3097/3093 6176/3097/6303 6177/3087/6293
f 158/369/369 157/372/372 3387/372/3582 3388/369/3579
f 2851/3104/3100 2850/3106/3102 6080/3106/6312 6081/3104/6310
f 2619/2712/2713 2618/2710/2711 5848/2710/5921 5849/2712/5923
f 1160/1073/1075 1159/1071/1073 4389/1071/4283 4390/1073/4285
f 598/379/379 597/381/381 3827/381/3591 3828/379/3589
f 2587/2720/2722 2586/2722/2724 5816/2722/5934 5817/2720/5932
f 1168/1079/1081 1167/1082/1084 4397/1082/4294 4398/1079/4291
f 1336/1084/1086 1335/1078/1080 4565/1078/4290 4566/1084/4296
f 606/383/383 605/380/380 3835/380/3590 3836/383/3593
f 3051/2731/2733 3050/2730/2732 6280/2730/5942 6281/2731/5944
f 1128/1085/1087 1127/1086/1088 4357/1086/4298 4358/1085/4297
f 590/392/392 589/393/393 3819/393/3603 3820/392/3602
f 2579/2742/2744 2578/2745/2747 5808/2745/5957 5809/2742/5954
f 2731/3124/3120 2730/3114/3110 5960/3114/6320 5961/3124/6330
f 1344/1100/1102 1343/1098/1100 4573/1098/4310 4574/1100/4312
f 614/405/405 613/402/402 3843/402/3612 3844/405/3615
f 2803/3121/3117 2802/3125/3121 6032/3125/6331 6033/3121/6327
f 3043/2751/2753 3042/2753/2755 6272/2753/5965 6273/2751/5963
f 912/1108/1110 911/1109/1111 4141/1109/4321 4142/1108/4320
f 582/404/404 581/406/406 3811/406/3616 3812/404/3614
f 2939/3127/3123 2938/3130/3126 6168/3130/6336 6169/3127/6333
f 574/415/415 573/417/417 3803/417/3627 3804/415/3625
f 3059/2755/2757 3058/2750/2752 6288/2750/5962 6289/2755/5967
f 920/1116/1118 919/1113/1115 4149/1113/4325 4150/1116/4328
f 2923/3132/3128 2922/3129/3125 6152/3129/6335 6153/3132/6338
f 904/1120/1122 903/1121/1124 4133/1121/4334 4134/1120/4332
f 566/426/426 565/427/427 3795/427/3637 3796/426/3636
f 2627/2768/2769 2626/2764/2765 5856/2764/5975 5857/2768/5979
f 2931/3149/3145 2930/3148/3144 6160/3148/6354 6161/3149/6355
f 3099/2723/2725 3098/2773/2774 6328/2773/5984 6329/2723/5935
f 622/433/433 621/431/431 3851/431/3641 3852/433/3643
f 2795/3153/3149 2794/3154/3150 6024/3154/6360 6025/3153/6359
f 3067/2788/2787 3066/2784/2783 6296/2784/5993 6297/2788/5997
f 1120/1101/1103 1119/1124/1127 4349/1124/4337 4350/1101/4313
f 558/440/440 557/442/442 3787/442/3652 3788/440/3650
f 3035/2783/2782 3034/2790/2789 6264/2790/5999 6265/2783/5992
f 2787/3165/3161 2786/3167/3163 6016/3167/6373 6017/3165/6371
f 1064/1137/1140 1063/1135/1138 4293/1135/4348 4294/1137/4350
f 3091/2787/2786 3090/2792/2791 6320/2792/6001 6321/2787/5996
f 1056/1136/1139 1055/1138/1141 4285/1138/4351 4286/1136/4349
f 630/447/447 629/446/446 3859/446/3656 3860/447/3657
f 2739/3169/3165 2738/3166/3162 5968/3166/6372 5969/3169/6375
f 2779/3178/3174 2778/3179/3175 6008/3179/6385 6009/3178/6384
f 638/462/462 637/461/461 3867/461/3671 3868/462/3672
f 2635/2797/2796 2634/2793/2792 5864/2793/6002 5865/2797/6006
f 646/466/466 645/465/465 3875/465/3675 3876/466/3676
f 2747/3188/3184 2746/3187/3183 5976/3187/6393 5977/3188/6394
f 879/178/1157 1346/181/1123 4576/181/4333 4109/178/4367
f 702/479/479 701/476/476 3931/476/3686 3932/479/3689
f 2771/3194/3190 2770/3196/3192 6000/3196/6402 6001/3194/6400
f 3083/2815/2814 3082/2818/2817 6312/2818/6027 6313/2815/6024
f 896/1153/1156 895/1155/1159 4125/1155/4369 4126/1153/4366
f 694/483/483 693/488/488 3923/488/3698 3924/483/3693
f 502/485/485 501/489/489 3731/489/3699 3732/485/3695
f 2755/3202/3198 2754/3200/3196 5984/3200/6406 5985/3202/6408
f 1072/1159/1163 1071/1156/1160 4301/1156/4370 4302/1159/4373
f 2643/2822/2821 2642/2816/2815 5872/2816/6025 5873/2822/6031
f 928/1166/1170 927/1157/1161 4157/1157/4371 4158/1166/4380
f 510/505/505 509/497/497 3739/497/3707 3740/505/3715
f 2763/3214/3210 2762/3213/3209 5992/3213/6419 5993/3214/6420
f 3075/2826/2825 3074/2821/2820 6304/2821/6030 6305/2826/6035
f 888/1167/1171 887/1168/1172 4117/1168/4382 4118/1167/4381
f 494/508/508 493/512/512 3723/512/3722 3724/508/3718
f 300/1/1 299/4/4 3529/4/3214 3530/1/3211
f 2683/2837/2836 2682/2835/2834 5912/2835/6044 5913/2837/6046
f 880/1178/1177 879/178/1157 4109/178/4367 4110/1178/4387
f 686/510/510 685/513/513 3915/513/3723 3916/510/3720
f 2675/2836/2835 2674/2838/2837 5904/2838/6047 5905/2836/6045
f 308/16/16 307/14/14 3537/14/3224 3538/16/3226
f 1048/1175/1178 1047/1180/1181 4277/1180/4391 4278/1175/4388
f 292/17/17 291/18/18 3521/18/3228 3522/17/3227
f 2667/2855/2854 2666/2858/2857 5896/2858/6067 5897/2855/6064
f 710/528/528 709/521/521 3939/521/3731 3940/528/3738
f 2691/2861/2860 2690/2857/2856 5920/2857/6066 5921/2861/6070
f 1112/1191/1192 1111/1192/1192 4341/1192/4402 4342/1191/4402
f 678/531/531 677/532/532 3907/532/3742 3908/531/3741
f 1104/1206/1205 1103/1208/1207 4333/1208/4417 4334/1206/4415
f 284/29/29 283/30/30 3513/30/3240 3514/29/3239
f 486/533/533 485/537/537 3715/537/3747 3716/533/3743
f 2651/2866/2865 2650/2863/2862 5880/2863/6072 5881/2866/6075
f 276/39/39 275/41/41 3505/41/3251 3506/39/3249
f 2659/2871/2870 2658/2873/2872 5888/2873/6082 5889/2871/6080
f 670/542/542 669/544/544 3899/544/3754 3900/542/3752
f 2979/2879/2878 2978/2882/2881 6208/2882/6091 6209/2879/6088
f 316/43/43 315/40/40 3545/40/3250 3546/43/3253
f 3027/2884/2883 3026/2887/2886 6256/2887/6096 6257/2884/6093
f 662/553/553 661/556/556 3891/556/3766 3892/553/3763
f 268/54/54 267/56/56 3497/56/3266 3498/54/3264
f 936/1218/1217 935/1211/1210 4165/1211/4420 4166/1218/4427
f 2987/2895/2894 2986/2894/2893 6216/2894/6103 6217/2895/6104
f 1096/1221/1220 1095/1222/1221 4325/1222/4431 4326/1221/4430
f 654/566/566 653/568/568 3883/568/3778 3884/566/3776
f 324/60/60 323/58/58 3553/58/3268 3554/60/3270
f 1080/1223/1222 1079/1219/1218 4309/1219/4428 4310/1223/4432
f 260/68/68 259/70/70 3489/70/3280 3490/68/3278
f 2995/2909/2908 2994/2908/2907 6224/2908/6117 6225/2909/6118
f 1088/1234/1233 1087/1235/1234 4317/1235/4444 4318/1234/4443
f 550/574/574 549/576/576 3779/576/3786 3780/574/3784
f 1040/1241/1240 1039/1244/1243 4269/1244/4453 4270/1241/4450
f 3003/2922/2921 3002/2919/2918 6232/2919/6128 6233/2922/6131
f 976/1248/1247 975/1249/1248 4205/1249/4458 4206/1248/4457
f 542/585/585 541/586/586 3771/586/3796 3772/585/3795
f 3019/2923/2922 3018/2926/2925 6248/2926/6135 6249/2923/6132
f 332/76/76 331/74/74 3561/74/3284 3562/76/3286
f 478/582/582 477/595/595 3707/595/3805 3708/582/3792
f 340/87/87 339/86/86 3569/86/3296 3570/87/3297
f 348/97/97 347/96/96 3577/96/3306 3578/97/3307
f 3011/2935/2934 3010/2932/2931 6240/2932/6141 6241/2935/6144
f 534/596/596 533/597/597 3763/597/3807 3764/596/3806
f 252/91/91 251/100/100 3481/100/3310 3482/91/3301
f 526/605/605 525/606/606 3755/606/3816 3756/605/3815
f 944/1263/1262 943/1251/1250 4173/1251/4460 4174/1263/4472
f 36/110/110 35/114/114 3265/114/3324 3266/110/3320
f 2899/2947/2946 2898/2945/2944 6128/2945/6154 6129/2947/6156
f 518/614/614 517/592/592 3747/592/3802 3748/614/3824
f 984/1266/1265 983/1264/1263 4213/1264/4473 4214/1266/4475
f 2699/2949/2948 2698/2944/2943 5928/2944/6153 5929/2949/6158
f 968/1265/1264 967/1267/1266 4197/1267/4476 4198/1265/4474
f 44/122/122 43/120/120 3273/120/3330 3274/122/3332
f 2971/2954/2953 2970/2957/2956 6200/2957/6166 6201/2954/6163
f 718/615/615 717/602/602 3947/602/3812 3948/615/3825
f 28/132/132 27/134/134 3257/134/3344 3258/132/3342
f 2891/2953/2952 2890/2958/2957 6120/2958/6167 6121/2953/6162
f 960/1284/1283 959/1287/1286 4189/1287/4496 4190/1284/4493
f 854/622/622 853/625/625 4083/625/3835 4084/622/3832
f 862/637/637 861/634/634 4091/634/3844 4092/637/3847
f 20/141/141 19/142/142 3249/142/3352 3250/141/3351
f 992/1295/1294 991/1286/1285 4221/1286/4495 4222/1295/4504
f 846/639/639 845/642/642 4075/642/3852 4076/639/3849
f 838/654/654 837/656/656 4067/656/3866 4068/654/3864
f 52/151/151 51/144/144 3281/144/3354 3282/151/3361
f 952/1299/1298 951/1298/1297 4181/1298/4507 4182/1299/4508
f 356/152/152 355/109/109 3585/109/3319 3586/152/3362
f 2707/2978/2977 2706/2975/2974 5936/2975/6184 5937/2978/6187
f 12/150/150 11/153/153 3241/153/3363 3242/150/3360
f 2907/2979/2978 2906/2974/2973 6136/2974/6183 6137/2979/6188
f 2963/2986/2985 2962/2990/2989 6192/2990/6199 6193/2986/6195
f 1000/1311/1310 999/1309/1308 4229/1309/4518 4230/1311/4520
f 2883/2992/2991 2882/2996/2995 6112/2996/6205 6113/2992/6201
f 1032/1310/1309 1031/1315/1314 4261/1315/4524 4262/1310/4519
f 244/162/162 243/170/170 3473/170/3380 3474/162/3372
f 870/664/664 869/661/661 4099/661/3871 4100/664/3874
f 726/665/665 725/658/658 3955/658/3868 3956/665/3875
f 4/169/169 3/172/172 3233/172/3382 3234/169/3379
f 1008/1321/1320 1007/1319/1318 4237/1319/4528 4238/1321/4530
f 2715/3003/3002 2714/2998/2997 5944/2998/6207 5945/3003/6212
f 734/685/685 733/684/684 3963/684/3894 3964/685/3895
f 878/181/686 877/683/683 4107/683/3893 4108/181/3896
f 1016/1333/1332 1015/1331/1330 4245/1331/4540 4246/1333/4542
f 60/176/176 59/173/173 3289/173/3383 3290/176/3386
f 2915/3017/3016 2914/3011/3010 6144/3011/6220 6145/3017/6226
f 1024/1338/1337 1023/1341/1340 4253/1341/4550 4254/1338/4547
f 373/178/689 878/181/686 4108/181/3896 3603/178/3899
f 372/181/181 371/182/182 3601/182/3392 3602/181/3391
f 2875/3016/3015 2874/3019/3018 6104/3019/6228 6105/3016/6225
f 1848/1348/1347 1847/1350/1349 5077/1350/4559 5078/1348/4557
f 470/681/681 469/689/691 3699/689/3901 3700/681/3891
f 204/185/185 203/188/188 3433/188/3398 3434/185/3395
f 374/691/693 373/178/689 3603/178/3899 3604/691/3903
f 2723/3028/3027 2722/3025/3024 5952/3025/6234 5953/3028/6237
f 1856/1353/1352 1855/1351/1350 5085/1351/4560 5086/1353/4562
f 830/669/669 829/693/695 4059/693/3905 4060/669/3879
f 212/200/200 211/198/198 3441/198/3408 3442/200/3410
f 2955/3027/3026 2954/3034/3033 6184/3034/6243 6185/3027/6236
f 1840/1363/1362 1839/1365/1364 5069/1365/4574 5070/1363/4572
f 196/201/201 195/204/204 3425/204/3414 3426/201/3411
f 2827/3043/3040 2826/3041/3039 6056/3041/6249 6057/3043/6250
f 742/696/698 741/695/697 3971/695/3907 3972/696/3908
f 2819/3049/3046 2818/3053/3050 6048/3053/6260 6049/3049/6256
f 1864/1372/1371 1863/1369/1368 5093/1369/4578 5094/1372/4581
f 1832/1376/1375 1831/1377/1376 5061/1377/4586 5062/1376/4585
f 188/221/221 187/223/223 3417/223/3433 3418/221/3431
f 750/718/720 749/712/714 3979/712/3924 3980/718/3930
f 1824/1387/1386 1823/1389/1388 5053/1389/4598 5054/1387/4596
f 220/231/231 219/224/224 3449/224/3434 3450/231/3441
f 2835/3057/3054 2834/3056/3053 6064/3056/6263 6065/3057/6264
f 382/723/725 381/720/722 3611/720/3932 3612/723/3935
f 2867/3064/3061 2866/3069/3065 6096/3069/6275 6097/3064/6271
f 1816/1397/1396 1815/1400/1399 5045/1400/4609 5046/1397/4606
f 462/722/724 461/725/727 3691/725/3937 3692/722/3934
f 364/240/240 363/245/245 3593/245/3455 3594/240/3450
f 2811/3079/3075 2810/3085/3081 6040/3085/6291 6041/3079/6285
f 1808/1406/1405 1807/1407/1406 5037/1407/4616 5038/1406/4615
f 822/735/737 821/742/744 4051/742/3954 4052/735/3947
f 454/741/743 453/744/746 3683/744/3956 3684/741/3953
f 180/239/239 179/246/246 3409/246/3456 3410/239/3449
f 2859/3090/3086 2858/3092/3088 6088/3092/6298 6089/3090/6296
f 1872/1408/1407 1871/1399/1398 5101/1399/4608 5102/1408/4617
f 1800/1417/1416 1799/1419/1418 5029/1419/4628 5030/1417/4626
f 124/251/251 123/242/242 3353/242/3452 3354/251/3461
f 390/755/757 389/750/752 3619/750/3962 3620/755/3967
f 1880/1426/1425 1879/1425/1424 5109/1425/4634 5110/1426/4635
f 446/756/758 445/757/759 3675/757/3969 3676/756/3968
f 298/6/6 297/8/8 3527/8/3218 3528/6/3216
f 1888/1438/1437 1887/1437/1436 5117/1437/4646 5118/1438/4647
f 438/765/767 437/768/770 3667/768/3980 3668/765/3977
f 236/265/265 235/266/266 3465/266/3476 3466/265/3475
f 1792/1440/1439 1791/1443/1442 5021/1443/4652 5022/1440/4649
f 430/778/780 429/780/782 3659/780/3992 3660/778/3990
f 228/267/267 227/260/260 3457/260/3470 3458/267/3477
f 68/275/275 67/254/254 3297/254/3464 3298/275/3485
f 306/12/12 305/9/9 3535/9/3219 3536/12/3222
f 116/264/264 115/276/276 3345/276/3486 3346/264/3474
f 290/20/20 289/22/22 3519/22/3232 3520/20/3230
f 398/787/789 397/785/787 3627/785/3997 3628/787/3999
f 172/287/287 171/291/291 3401/291/3501 3402/287/3497
f 1896/1449/1448 1895/1448/1447 5125/1448/4657 5126/1449/4658
f 422/793/795 421/795/797 3651/795/4007 3652/793/4005
f 1904/1459/1458 1903/1458/1457 5133/1458/4667 5134/1459/4668
f 282/31/31 281/33/33 3511/33/3243 3512/31/3241
f 1952/1474/1473 1951/1472/1471 5181/1472/4681 5182/1474/4683
f 132/303/303 131/299/299 3361/299/3509 3362/303/3513
f 1944/1473/1472 1943/1475/1474 5173/1475/4684 5174/1473/4682
f 314/37/37 313/32/32 3543/32/3242 3544/37/3247
f 406/809/811 405/807/809 3635/807/4019 3636/809/4021
f 76/306/306 75/304/304 3305/304/3514 3306/306/3516
f 274/42/42 273/44/44 3503/44/3254 3504/42/3252
f 414/808/810 413/810/812 3643/810/4022 3644/808/4020
f 108/309/309 107/312/312 3337/312/3522 3338/309/3519
f 1960/1487/1486 1959/1485/1484 5189/1485/4694 5190/1487/4696
f 758/818/820 757/799/801 3987/799/4011 3988/818/4030
f 322/55/55 321/53/53 3551/53/3263 3552/55/3265
f 1936/1494/1493 1935/1496/1495 5165/1496/4705 5166/1494/4703
f 814/824/826 813/826/828 4043/826/4038 4044/824/4036
f 140/326/326 139/323/323 3369/323/3533 3370/326/3536
f 266/57/57 265/59/59 3495/59/3269 3496/57/3267
f 1784/1492/1491 1783/1507/1506 5013/1507/4716 5014/1492/4701
f 766/832/834 765/830/832 3995/830/4042 3996/832/4044
f 84/333/333 83/329/329 3313/329/3539 3314/333/3543
f 330/72/72 329/71/71 3559/71/3281 3560/72/3282
f 806/841/843 805/842/844 4035/842/4054 4036/841/4053
f 164/324/324 163/334/334 3393/334/3544 3394/324/3534
f 258/73/73 257/75/75 3487/75/3285 3488/73/3283
f 1968/1509/1508 1967/1504/1503 5197/1504/4713 5198/1509/4718
f 798/850/852 797/851/853 4027/851/4063 4028/850/4062
f 1928/1510/1509 1927/1511/1510 5157/1511/4720 5158/1510/4719
f 148/346/346 147/344/344 3377/344/3554 3378/346/3556
f 774/861/863 773/859/861 4003/859/4071 4004/861/4073
f 92/356/356 91/353/353 3321/353/3563 3322/356/3566
f 338/84/84 337/83/83 3567/83/3293 3568/84/3294
f 1920/1525/1524 1919/1527/1526 5149/1527/4736 5150/1525/4734
f 790/860/862 789/863/865 4019/863/4075 4020/860/4072
f 100/352/352 99/357/357 3329/357/3567 3330/352/3562
f 346/95/95 345/94/94 3575/94/3304 3576/95/3305
f 250/102/102 249/104/104 3479/104/3314 3480/102/3312
f 156/371/371 155/370/370 3385/370/3580 3386/371/3581
f 782/875/877 781/873/875 4011/873/4085 4012/875/4087
f 604/377/377 603/375/375 3833/375/3584 3834/377/3587
f 1976/1530/1529 1975/1528/1527 5205/1528/4737 5206/1530/4739
f 1286/877/879 1285/880/882 4515/880/4092 4516/877/4089
f 596/382/382 595/384/384 3825/384/3594 3826/382/3592
f 354/107/107 353/105/105 3583/105/3315 3584/107/3317
f 1984/1544/1543 1983/1543/1542 5213/1543/4752 5214/1544/4753
f 42/118/118 41/117/117 3271/117/3327 3272/118/3328
f 1912/1553/1552 1911/1535/1534 5141/1535/4744 5142/1553/4762
f 588/395/395 587/396/396 3817/396/3606 3818/395/3605
f 34/116/116 33/119/119 3263/119/3329 3264/116/3326
f 1206/891/893 1205/888/890 4435/888/4100 4436/891/4103
f 1198/899/901 1197/902/904 4427/902/4114 4428/899/4111
f 1992/1555/1554 1991/1554/1553 5221/1554/4763 5222/1555/4764
f 612/399/399 611/397/397 3841/397/3607 3842/399/3609
f 50/133/133 49/131/131 3279/131/3341 3280/133/3343
f 2000/1566/1565 1999/1564/1563 5229/1564/4773 5230/1566/4775
f 580/407/407 579/409/409 3809/409/3619 3810/407/3617
f 26/135/135 25/136/136 3255/136/3346 3256/135/3345
f 1736/1577/1576 1735/1575/1574 4965/1575/4784 4966/1577/4786
f 1294/908/910 1293/904/906 4523/904/4116 4524/908/4120
f 1776/1567/1566 1775/1578/1577 5005/1578/4787 5006/1567/4776
f 1278/911/913 1277/915/917 4507/915/4127 4508/911/4123
f 572/418/418 571/419/419 3801/419/3629 3802/418/3628
f 18/143/143 17/145/145 3247/145/3355 3248/143/3353
f 1728/1576/1575 1727/1579/1578 4957/1579/4788 4958/1576/4785
f 1214/916/918 1213/912/914 4443/912/4124 4444/916/4128
f 10/156/156 9/157/157 3239/157/3367 3240/156/3366
f 620/429/429 619/424/424 3849/424/3634 3850/429/3639
f 1270/934/936 1269/935/937 4499/935/4147 4500/934/4146
f 564/428/428 563/430/430 3793/430/3640 3794/428/3638
f 58/171/171 57/167/167 3287/167/3377 3288/171/3381
f 1190/927/929 1189/936/938 4419/936/4148 4420/927/4139
f 2/175/175 1/178/178 3231/178/3388 3232/175/3385
f 1744/1595/1594 1743/1592/1591 4973/1592/4801 4974/1595/4804
f 628/444/444 627/443/443 3857/443/3653 3858/444/3654
f 1720/1602/1601 1719/1606/1605 4949/1606/4815 4950/1602/4811
f 556/445/445 555/448/448 3785/448/3658 3786/445/3655
f 1262/946/948 1261/947/949 4491/947/4159 4492/946/4158
f 1/178/178 372/181/181 3602/181/3391 3231/178/3388
f 1768/1611/1610 1767/1614/1613 4997/1614/4823 4998/1611/4820
f 202/190/190 201/192/192 3431/192/3402 3432/190/3400
f 1254/956/958 1253/957/959 4483/957/4169 4484/956/4168
f 2008/1623/1622 2007/1615/1614 5237/1615/4824 5238/1623/4832
f 636/460/460 635/454/454 3865/454/3664 3866/460/3670
f 210/195/195 209/193/193 3439/193/3403 3440/195/3405
f 1752/1628/1627 1751/1625/1624 4981/1625/4834 4982/1628/4837
f 644/464/464 643/463/463 3873/463/3673 3874/464/3674
f 370/184/184 369/205/205 3599/205/3415 3600/184/3394
f 1760/1630/1629 1759/1632/1631 4989/1632/4841 4990/1630/4839
f 1302/958/960 1301/945/947 4531/945/4157 4532/958/4170
f 700/474/474 699/473/473 3929/473/3684 3930/474/3683
f 242/177/177 241/209/209 3471/209/3419 3472/177/3387
f 1246/967/969 1245/969/971 4475/969/4181 4476/967/4179
f 508/492/492 507/486/486 3737/486/3696 3738/492/3702
f 1712/1641/1640 1711/1646/1645 4941/1646/4855 4942/1641/4850
f 500/490/490 499/494/494 3729/494/3704 3730/490/3700
f 194/207/207 193/210/210 3423/210/3420 3424/207/3417
f 1222/979/981 1221/971/973 4451/971/4183 4452/979/4191
f 1238/978/980 1237/980/982 4467/980/4192 4468/978/4190
f 692/491/491 691/495/495 3921/495/3705 3922/491/3701
f 1664/1651/1650 1663/1648/1647 4893/1648/4857 4894/1651/4860
f 218/218/218 217/214/214 3447/214/3424 3448/218/3428
f 708/514/514 707/509/509 3937/509/3719 3938/514/3724
f 186/225/225 185/226/226 3415/226/3436 3416/225/3435
f 1656/1660/1659 1655/1668/1667 4885/1668/4877 4886/1660/4869
f 1230/995/997 1229/997/999 4459/997/4209 4460/995/4207
f 492/515/515 491/517/517 3721/517/3727 3722/515/3725
f 1310/1003/1005 1309/1002/1004 4539/1002/4214 4540/1003/4215
f 1672/1670/1669 1671/1667/1666 4901/1667/4876 4902/1670/4879
f 1182/1008/1010 1181/1011/1013 4411/1011/4223 4412/1008/4220
f 684/516/516 683/519/519 3913/519/3729 3914/516/3726
f 122/232/232 121/229/229 3351/229/3439 3352/232/3442
f 1704/1673/1672 1703/1677/1676 4933/1677/4886 4934/1673/4882
f 2016/1681/1680 2015/1672/1671 5245/1672/4881 5246/1681/4890
f 1318/1017/1019 1317/1014/1016 4547/1014/4226 4548/1017/4229
f 676/534/534 675/535/535 3905/535/3745 3906/534/3744
f 66/243/243 65/230/230 3295/230/3440 3296/243/3453
f 362/249/249 361/217/217 3591/217/3427 3592/249/3459
f 668/545/545 667/546/546 3897/546/3756 3898/545/3755
f 178/250/250 177/256/256 3407/256/3466 3408/250/3460
f 1680/1684/1683 1679/1682/1681 4909/1682/4891 4910/1684/4893
f 1134/1020/1022 1133/1018/1020 4363/1018/4230 4364/1020/4232
f 484/543/543 483/549/549 3713/549/3759 3714/543/3753
f 1688/1696/1695 1687/1695/1694 4917/1695/4904 4918/1696/4905
f 1142/1037/1039 1141/1034/1036 4371/1034/4246 4372/1037/4249
f 226/257/257 225/255/255 3455/255/3465 3456/257/3467
f 1696/1704/1703 1695/1707/1706 4925/1707/4916 4926/1704/4913
f 1326/1039/1041 1325/1036/1038 4555/1036/4248 4556/1039/4251
f 660/557/557 659/559/559 3889/559/3769 3890/557/3767
f 1384/1716/1714 1383/1715/1713 4613/1715/4924 4614/1716/4923
f 1376/1727/1725 1375/1729/1727 4605/1729/4937 4606/1727/4935
f 652/569/569 651/471/471 3881/471/3681 3882/569/3779
f 234/268/268 233/269/269 3463/269/3479 3464/268/3478
f 1150/1056/1058 1149/1053/1055 4379/1053/4265 4380/1056/4268
f 1174/1054/1056 1173/1060/1062 4403/1060/4272 4404/1054/4266
f 516/575/575 515/564/564 3745/564/3774 3746/575/3785
f 114/281/281 113/285/285 3343/285/3495 3344/281/3491
f 1392/1732/1730 1391/1730/1728 4621/1730/4938 4622/1732/4940
f 548/577/577 547/578/578 3777/578/3788 3778/577/3787
f 1368/1744/1741 1367/1747/1744 4597/1747/4954 4598/1744/4951
f 1158/1069/1071 1157/1067/1069 4387/1067/4279 4388/1069/4281
f 540/587/587 539/588/588 3769/588/3798 3770/587/3797
f 1400/1754/1751 1399/1752/1749 4629/1752/4959 4630/1754/4961
f 1334/1070/1072 1333/1065/1067 4563/1065/4277 4564/1070/4282
f 130/295/295 129/290/290 3359/290/3500 3360/295/3505
f 2024/1756/1753 2023/1746/1743 5253/1746/4953 5254/1756/4963
f 716/591/591 715/583/583 3945/583/3793 3946/591/3801
f 170/294/294 169/296/296 3399/296/3506 3400/294/3504
f 1360/1759/1756 1359/1760/1757 4589/1760/4967 4590/1759/4966
f 532/598/598 531/599/599 3761/599/3809 3762/598/3808
f 1166/1083/1085 1165/1081/1083 4395/1081/4293 4396/1083/4295
f 74/301/301 73/298/298 3303/298/3508 3304/301/3511
f 1408/1778/1775 1407/1774/1771 4637/1774/4981 4638/1778/4985
f 1126/1088/1090 1125/1090/1092 4355/1090/4302 4356/1088/4300
f 524/607/607 523/608/608 3753/608/3818 3754/607/3817
f 1352/1779/1776 1351/1782/1779 4581/1782/4989 4582/1779/4986
f 476/611/611 475/617/617 3705/617/3827 3706/611/3821
f 138/322/322 137/320/320 3367/320/3530 3368/322/3532
f 1342/1097/1099 1341/1095/1097 4571/1095/4307 4572/1097/4309
f 82/325/325 81/321/321 3311/321/3531 3312/325/3535
f 1648/1777/1774 1647/1790/1788 4877/1790/4998 4878/1777/4984
f 918/1110/1112 917/1107/1109 4147/1107/4319 4148/1110/4322
f 106/319/319 105/327/327 3335/327/3537 3336/319/3529
f 910/1111/1113 909/1112/1114 4139/1112/4324 4140/1111/4323
f 852/627/627 851/629/629 4081/629/3839 4082/627/3837
f 860/632/632 859/630/630 4089/630/3840 4090/632/3842
f 146/339/339 145/337/337 3375/337/3547 3376/339/3549
f 1416/1794/1793 1415/1793/1792 4645/1793/5002 4646/1794/5003
f 162/341/341 161/347/347 3391/347/3557 3392/341/3551
f 902/1123/1126 901/1126/1129 4131/1126/4339 4132/1123/4336
f 1424/1802/1801 1423/1801/1800 4653/1801/5010 4654/1802/5011
f 844/644/644 843/646/646 4073/646/3856 4074/644/3854
f 90/351/351 89/348/348 3319/348/3558 3320/351/3561
f 1432/1810/1809 1431/1809/1808 4661/1809/5018 4662/1810/5019
f 1062/1133/1136 1061/1131/1134 4291/1131/4344 4292/1133/4346
f 98/361/361 97/366/366 3327/366/3576 3328/361/3571
f 1054/1143/1146 1053/1145/1148 4283/1145/4358 4284/1143/4356
f 724/649/649 723/641/641 3953/641/3851 3954/649/3859
f 154/368/368 153/367/367 3383/367/3577 3384/368/3578
f 1640/1824/1823 1639/1825/1824 4869/1825/5034 4870/1824/5033
f 868/655/655 867/651/651 4097/651/3861 4098/655/3865
f 602/374/374 601/373/373 3831/373/3583 3832/374/3585
f 926/1148/1151 925/1141/1144 4155/1141/4354 4156/1148/4361
f 836/659/659 835/660/660 4065/660/3870 4066/659/3869
f 1440/1826/1825 1439/1823/1822 4669/1823/5032 4670/1826/5035
f 594/385/385 593/387/387 3823/387/3597 3824/385/3595
f 1070/1152/1155 1069/1149/1152 4299/1149/4362 4300/1152/4365
f 876/680/680 875/677/677 4105/677/3887 4106/680/3890
f 894/1158/1162 893/1160/1164 4123/1160/4374 4124/1158/4372
f 732/682/682 731/679/679 3961/679/3889 3962/682/3892
f 610/394/394 609/391/391 3839/391/3601 3840/394/3604
f 1632/1838/1837 1631/1839/1838 4861/1839/5048 4862/1838/5047
f 586/398/398 585/400/400 3815/400/3610 3816/398/3608
f 886/1169/1173 885/1171/1175 4115/1171/4385 4116/1169/4383
f 740/694/696 739/692/694 3969/692/3904 3970/694/3906
f 578/410/410 577/411/411 3807/411/3621 3808/410/3620
f 1118/1182/1183 1117/1183/1184 4347/1183/4394 4348/1182/4393
f 1504/1842/1841 1503/1836/1835 4733/1836/5045 4734/1842/5051
f 1046/1185/1186 1045/1194/1194 4275/1194/4404 4276/1185/4396
f 748/704/706 747/703/705 3977/703/3915 3978/704/3916
f 1592/1854/1853 1591/1853/1852 4821/1853/5062 4822/1854/5063
f 468/697/699 467/707/709 3697/707/3919 3698/697/3909
f 618/420/420 617/416/416 3847/416/3626 3848/420/3630
f 1584/1852/1851 1583/1855/1854 4813/1855/5064 4814/1852/5061
f 828/706/708 827/710/712 4057/710/3922 4058/706/3918
f 570/421/421 569/422/422 3799/422/3632 3800/421/3631
f 1110/1193/1193 1109/1197/1193 4339/1197/4403 4340/1193/4403
f 562/432/432 561/434/434 3791/434/3644 3792/432/3642
f 1600/1871/1870 1599/1868/1867 4829/1868/5077 4830/1871/5080
f 380/717/719 379/714/716 3609/714/3926 3610/717/3929
f 1624/1875/1874 1623/1878/1877 4853/1878/5087 4854/1875/5084
f 460/728/730 459/730/732 3689/730/3942 3690/728/3940
f 626/441/441 625/439/439 3855/439/3649 3856/441/3651
f 1576/1876/1875 1575/1879/1878 4805/1879/5088 4806/1876/5085
f 934/1205/1204 933/1200/1199 4163/1200/4409 4164/1205/4414
f 634/453/453 633/452/452 3863/452/3662 3864/453/3663
f 1102/1210/1209 1101/1212/1211 4331/1212/4421 4332/1210/4419
f 554/451/451 553/455/455 3783/455/3665 3784/451/3661
f 1078/1213/1212 1077/1207/1206 4307/1207/4416 4308/1213/4422
f 1616/1897/1896 1615/1899/1898 4845/1899/5108 4846/1897/5106
f 1094/1224/1223 1093/1226/1225 4323/1226/4435 4324/1224/4433
f 388/746/748 387/743/745 3617/743/3955 3618/746/3958
f 642/456/456 641/457/457 3871/457/3667 3872/456/3666
f 1608/1900/1899 1607/1898/1897 4837/1898/5107 4838/1900/5109
f 1086/1236/1235 1085/1238/1237 4315/1238/4447 4316/1236/4445
f 452/745/747 451/748/750 3681/748/3960 3682/745/3957
f 444/758/760 443/759/761 3673/759/3971 3674/758/3970
f 1568/1913/1912 1567/1916/1915 4797/1916/5125 4798/1913/5122
f 942/1246/1245 941/1245/1244 4171/1245/4454 4172/1246/4455
f 974/1250/1249 973/1253/1252 4203/1253/4462 4204/1250/4459
f 436/769/771 435/770/772 3665/770/3982 3666/769/3981
f 820/754/756 819/775/777 4049/775/3987 4050/754/3966
f 1512/1918/1917 1511/1915/1914 4741/1915/5124 4742/1918/5127
f 982/1261/1260 981/1260/1259 4211/1260/4469 4212/1261/4470
f 1560/1927/1926 1559/1929/1928 4789/1929/5138 4790/1927/5136
f 1038/1247/1246 1037/1269/1268 4267/1269/4478 4268/1247/4456
f 966/1270/1269 965/1274/1273 4195/1274/4483 4196/1270/4479
f 650/470/470 649/469/469 3879/469/3679 3880/470/3680
f 990/1280/1279 989/1278/1277 4219/1278/4487 4220/1280/4489
f 396/782/784 395/779/781 3625/779/3991 3626/782/3994
f 1520/1939/1938 1519/1937/1936 4749/1937/5146 4750/1939/5148
f 428/781/783 427/783/785 3657/783/3995 3658/781/3993
f 698/472/472 697/475/475 3927/475/3685 3928/472/3682
f 958/1288/1287 957/1291/1290 4187/1291/4500 4188/1288/4497
f 756/784/786 755/767/769 3985/767/3979 3986/784/3996
f 420/797/799 419/798/800 3649/798/4010 3650/797/4009
f 1552/1948/1947 1551/1951/1950 4781/1951/5160 4782/1948/5157
f 506/482/482 505/481/481 3735/481/3692 3736/482/3691
f 498/496/496 497/500/500 3727/500/3710 3728/496/3706
f 1528/1952/1951 1527/1950/1949 4757/1950/5159 4758/1952/5161
f 950/1294/1293 949/1290/1289 4179/1290/4499 4180/1294/4503
f 404/804/806 403/802/804 3633/802/4014 3634/804/4016
f 1448/1955/1954 1447/1930/1929 4677/1930/5139 4678/1955/5164
f 412/812/814 411/813/815 3641/813/4025 3642/812/4024
f 690/498/498 689/501/501 3919/501/3711 3920/498/3708
f 998/1307/1306 997/1306/1305 4227/1306/4515 4228/1307/4516
f 1544/1966/1965 1543/1968/1967 4773/1968/5177 4774/1966/5175
f 1006/1318/1317 1005/1317/1316 4235/1317/4526 4236/1318/4527
f 764/829/831 763/827/829 3993/827/4039 3994/829/4041
f 706/503/503 705/499/499 3935/499/3709 3936/503/3713
f 1536/1969/1968 1535/1967/1966 4765/1967/5176 4766/1969/5178
f 1030/1320/1319 1029/1323/1322 4259/1323/4532 4260/1320/4529
f 812/828/830 811/831/833 4041/831/4043 4042/828/4040
f 490/520/520 489/523/523 3719/523/3733 3720/520/3730
f 1496/1978/1977 1495/1980/1979 4725/1980/5189 4726/1978/5187
f 804/843/845 803/844/846 4033/844/4056 4034/843/4055
f 682/522/522 681/524/524 3911/524/3734 3912/522/3732
f 1456/1989/1988 1455/1988/1987 4685/1988/5197 4686/1989/5198
f 1014/1330/1329 1013/1328/1327 4243/1328/4537 4244/1330/4539
f 674/536/536 673/538/538 3903/538/3748 3904/536/3746
f 1464/1998/1997 1463/1997/1996 4693/1997/5206 4694/1998/5207
f 1488/2005/2004 1487/2007/2006 4717/2007/5216 4718/2005/5214
f 1022/1342/1341 1021/1340/1339 4251/1340/4549 4252/1342/4551
f 514/547/547 513/530/530 3743/530/3740 3744/547/3757
f 1854/1349/1348 1853/1347/1346 5083/1347/4556 5084/1349/4558
f 666/548/548 665/550/550 3895/550/3760 3896/548/3758
f 1846/1352/1351 1845/1354/1353 5075/1354/4563 5076/1352/4561
f 1472/2012/2011 1471/2010/2009 4701/2010/5219 4702/2012/5221
f 482/554/554 481/558/558 3711/558/3768 3712/554/3764
f 1480/2022/2021 1479/2024/2023 4709/2024/5233 4710/2022/5231
f 1862/1367/1366 1861/1364/1363 5091/1364/4573 5092/1367/4576
f 796/852/854 795/853/855 4025/853/4065 4026/852/4064
f 2223/2026/2024 2330/2025/1844 5560/2025/5054 5453/2026/5235
f 1838/1366/1365 1837/1368/1367 5067/1368/4577 5068/1366/4575
f 658/560/560 657/561/561 3887/561/3771 3888/560/3770
f 2224/2027/2025 2223/2026/2024 5453/2026/5235 5454/2027/5234
f 2328/2032/2030 2327/2035/2033 5557/2035/5243 5558/2032/5240
f 1830/1379/1378 1829/1380/1379 5059/1380/4589 5060/1379/4588
f 772/857/859 771/845/847 4001/845/4057 4002/857/4069
f 714/571/571 713/567/567 3943/567/3777 3944/571/3781
f 2232/2039/2037 2231/2037/2035 5461/2037/5245 5462/2039/5247
f 788/865/867 787/867/869 4017/867/4079 4018/865/4077
f 546/579/579 545/580/580 3775/580/3790 3776/579/3789
f 2320/2051/1875 2319/2052/2049 5549/2052/5259 5550/2051/5085
f 1822/1390/1389 1821/1391/1390 5051/1391/4600 5052/1390/4599
f 780/871/873 779/870/872 4009/870/4082 4010/871/4083
f 538/589/589 537/590/590 3767/590/3800 3768/589/3799
f 1284/882/884 1283/884/886 4513/884/4096 4514/882/4094
f 1870/1392/1391 1869/1388/1387 5099/1388/4597 5100/1392/4601
f 2240/2056/2053 2239/2053/2050 5469/2053/5260 5470/2056/5263
f 1814/1398/1397 1813/1401/1400 5043/1401/4610 5044/1398/4607
f 1204/887/889 1203/886/888 4433/886/4099 4434/887/4098
f 530/600/600 529/601/601 3759/601/3811 3760/600/3810
f 2312/2062/2059 2311/2064/2061 5541/2064/5271 5542/2062/5269
f 1806/1409/1408 1805/1410/1409 5035/1410/4619 5036/1409/4618
f 1292/897/899 1291/890/892 4521/890/4102 4522/897/4109
f 2248/2077/2074 2247/2076/2073 5477/2076/5283 5478/2077/5284
f 1212/909/911 1211/906/908 4441/906/4118 4442/909/4121
f 522/609/609 521/610/610 3751/610/3820 3752/609/3819
f 2304/2075/2072 2303/2078/2075 5533/2078/5285 5534/2075/5282
f 1878/1423/1422 1877/1422/1421 5107/1422/4631 5108/1423/4632
f 1196/905/907 1195/910/912 4425/910/4122 4426/905/4117
f 1798/1421/1420 1797/1424/1423 5027/1424/4633 5028/1421/4630
f 2336/2093/2090 2335/2091/2088 5565/2091/5298 5566/2093/5300
f 1276/919/921 1275/923/925 4505/923/4135 4506/919/4131
f 722/623/623 721/620/620 3951/620/3830 3952/623/3833
f 2424/2096/2093 2423/2101/2099 5653/2101/5309 5654/2096/5303
f 858/628/628 857/626/626 4087/626/3836 4088/628/3838
f 1886/1435/1434 1885/1434/1433 5115/1434/4643 5116/1435/4644
f 850/631/631 849/633/633 4079/633/3843 4080/631/3841
f 2344/2103/2101 2343/2102/2100 5573/2102/5310 5574/2103/5311
f 1894/1447/1446 1893/1445/1444 5123/1445/4654 5124/1447/4656
f 1300/938/940 1299/933/935 4529/933/4145 4530/938/4150
f 474/619/619 473/636/636 3703/636/3846 3704/619/3829
f 2416/57/1875 2415/2115/2110 5645/2115/5320 5646/57/5085
f 1790/1446/1445 1789/1453/1452 5019/1453/4662 5020/1446/4655
f 1268/937/939 1267/940/942 4497/940/4152 4498/937/4149
f 1260/948/950 1259/949/951 4489/949/4161 4490/948/4160
f 2256/2128/2123 2255/2117/2112 5485/2117/5322 5486/2128/5333
f 2408/2127/2122 2407/2129/2124 5637/2129/5334 5638/2127/5332
f 1252/959/961 1251/960/962 4481/960/4172 4482/959/4171
f 1902/1456/1455 1901/1455/1454 5131/1455/4664 5132/1456/4665
f 2352/2139/2134 2351/2137/2132 5581/2137/5342 5582/2139/5344
f 1950/1471/1470 1949/1469/1468 5179/1469/4678 5180/1471/4680
f 1220/962/964 1219/951/953 4449/951/4163 4450/962/4174
f 866/647/647 865/645/645 4095/645/3855 4096/647/3857
f 2296/2138/2133 2295/2143/2138 5525/2143/5348 5526/2138/5343
f 1942/1478/1477 1941/1480/1479 5171/1480/4689 5172/1478/4687
f 1188/953/955 1187/968/970 4417/968/4180 4418/953/4165
f 842/648/648 841/650/650 4071/650/3860 4072/648/3858
f 2400/2146/2141 2399/2150/2145 5629/2150/5355 5630/2146/5351
f 2264/2155/2151 2263/2154/2150 5493/2154/5360 5494/2155/5361
f 1244/970/972 1243/972/974 4473/972/4184 4474/970/4182
f 834/662/662 833/663/663 4063/663/3873 4064/662/3872
f 1958/1484/1483 1957/1482/1481 5187/1482/4691 5188/1484/4693
f 874/675/675 873/673/673 4103/673/3883 4104/675/3885
f 1934/1498/1497 1933/1500/1499 5163/1500/4709 5164/1498/4707
f 1236/983/985 1235/985/987 4465/985/4197 4466/983/4195
f 730/678/678 729/676/676 3959/676/3886 3960/678/3888
f 2272/2173/2169 2271/2170/2166 5501/2170/5376 5502/2173/5379
f 1966/1501/1500 1965/1499/1498 5195/1499/4708 5196/1501/4710
f 738/690/692 737/688/690 3967/688/3900 3968/690/3902
f 2288/2171/2167 2287/2176/2172 5517/2176/5382 5518/2171/5377
f 1926/1513/1512 1925/1514/1513 5155/1514/4723 5156/1513/4722
f 1228/998/1000 1227/999/1001 4457/999/4211 4458/998/4210
f 746/702/704 745/701/703 3975/701/3913 3976/702/3914
f 2360/2185/2181 2359/2172/2168 5589/2172/5378 5590/2185/5391
f 1910/1523/1522 1909/1506/1505 5139/1506/4715 5140/1523/4732
f 1308/1000/1002 1307/993/995 4537/993/4205 4538/1000/4212
f 1974/1526/1525 1973/1524/1523 5203/1524/4733 5204/1526/4735
f 1316/1012/1014 1315/1010/1012 4545/1010/4222 4546/1012/4224
f 2280/2187/2183 2279/2184/2180 5509/2184/5390 5510/2187/5393
f 1782/1520/1519 1781/1529/1528 5011/1529/4738 5012/1520/4729
f 378/711/713 377/708/710 3607/708/3920 3608/711/3923
f 2392/2198/2194 2391/2200/2196 5621/2200/5406 5622/2198/5404
f 466/709/711 465/713/715 3695/713/3925 3696/709/3921
f 1918/1531/1530 1917/1533/1532 5147/1533/4742 5148/1531/4740
f 826/715/717 825/721/723 4055/721/3933 4056/715/3927
f 1132/1015/1017 1131/1013/1015 4361/1013/4225 4362/1015/4227
f 2368/2204/2200 2367/2202/2198 5597/2202/5408 5598/2204/5410
f 1180/1019/1021 1179/1026/1028 4409/1026/4238 4410/1019/4231
f 458/733/735 457/736/738 3687/736/3948 3688/733/3945
f 2384/2215/2211 2383/2217/2213 5613/2217/5423 5614/2215/5421
f 1140/1031/1033 1139/1029/1031 4369/1029/4241 4370/1031/4243
f 1982/1541/1540 1981/1539/1538 5211/1539/4748 5212/1541/4750
f 1324/1035/1037 1323/1033/1035 4553/1033/4245 4554/1035/4247
f 2376/2220/2216 2375/2218/2214 5605/2218/5424 5606/2220/5426
f 1990/1552/1551 1989/1551/1550 5219/1551/4760 5220/1552/4761
f 386/739/741 385/734/736 3615/734/3946 3616/739/3951
f 2448/2232/2228 2447/2234/2230 5677/2234/5440 5678/2232/5438
f 1998/1562/1561 1997/1561/1560 5227/1561/4770 5228/1562/4771
f 1148/1052/1054 1147/1050/1052 4377/1050/4262 4378/1052/4264
f 1734/1574/1573 1733/1572/1571 4963/1572/4781 4964/1574/4783
f 1332/1059/1061 1331/1055/1057 4561/1055/4267 4562/1059/4271
f 754/747/749 753/737/739 3983/737/3949 3984/747/3959
f 1726/1582/1581 1725/1586/1585 4955/1586/4795 4956/1582/4791
f 450/749/751 449/751/753 3679/751/3963 3680/749/3961
f 2456/2235/2231 2455/2233/2229 5685/2233/5439 5686/2235/5441
f 442/760/762 441/762/764 3671/762/3974 3672/760/3972
f 2440/2248/2244 2439/2250/2246 5669/2250/5456 5670/2248/5454
f 1156/1066/1068 1155/1063/1065 4385/1063/4275 4386/1066/4278
f 1742/1590/1589 1741/1587/1586 4971/1587/4796 4972/1590/4799
f 1172/1064/1066 1171/1068/1070 4401/1068/4280 4402/1064/4276
f 434/771/773 433/773/775 3663/773/3985 3664/771/3983
f 1774/1588/1587 1773/1594/1593 5003/1594/4803 5004/1588/4797
f 2464/2251/2247 2463/2249/2245 5693/2249/5455 5694/2251/5457
f 2432/2259/2255 2431/2260/2256 5661/2260/5466 5662/2259/5465
f 2006/1609/1608 2005/1603/1602 5235/1603/4812 5236/1609/4818
f 1164/1080/1082 1163/1077/1079 4393/1077/4289 4394/1080/4292
f 394/776/778 393/772/774 3623/772/3984 3624/776/3988
f 1718/1608/1607 1717/1612/1611 4947/1612/4821 4948/1608/4817
f 1340/1093/1095 1339/1091/1093 4569/1091/4303 4570/1093/4305
f 426/786/788 425/788/790 3655/788/4000 3656/786/3998
f 1124/1092/1094 1123/1094/1096 4353/1094/4306 4354/1092/4304
f 2568/2269/2266 2567/2271/2268 5797/2271/5478 5798/2269/5476
f 1766/1617/1616 1765/1619/1618 4995/1619/4828 4996/1617/4826
f 916/1105/1107 915/1104/1106 4145/1104/4317 4146/1105/4316
f 402/800/802 401/796/798 3631/796/4008 3632/800/4012
f 2472/2276/2273 2471/2274/2271 5701/2274/5481 5702/2276/5483
f 1750/1620/1619 1749/1618/1617 4979/1618/4827 4980/1620/4829
f 908/1114/1116 907/1115/1117 4137/1115/4327 4138/1114/4326
f 418/801/803 417/803/805 3647/803/4015 3648/801/4013
f 2560/2284/2281 2559/2287/2284 5789/2287/5494 5790/2284/5491
f 1758/1633/1632 1757/1635/1634 4987/1635/4844 4988/1633/4842
f 410/815/817 409/816/818 3639/816/4028 3640/815/4027
f 818/790/792 817/817/819 4047/817/4029 4048/790/4002
f 2480/2291/2288 2479/2290/2287 5709/2290/5497 5710/2291/5498
f 924/1127/1130 923/1125/1128 4153/1125/4338 4154/1127/4340
f 1060/1130/1133 1059/1129/1132 4289/1129/4343 4290/1130/4342
f 1662/1647/1646 1661/1645/1644 4891/1645/4854 4892/1647/4856
f 900/1134/1137 899/1140/1143 4129/1140/4353 4130/1134/4347
f 762/825/827 761/823/825 3991/823/4035 3992/825/4037
f 2488/2304/2301 2487/2302/2299 5717/2302/5509 5718/2304/5511
f 1710/1649/1648 1709/1654/1653 4939/1654/4863 4940/1649/4858
f 810/833/835 809/835/837 4039/835/4047 4040/833/4045
f 2552/2305/2302 2551/2308/2305 5781/2308/5515 5782/2305/5512
f 1670/1664/1663 1669/1663/1662 4899/1663/4872 4900/1664/4873
f 1068/1147/1150 1067/1144/1147 4297/1144/4357 4298/1147/4360
f 2496/2315/2313 2495/2314/2312 5725/2314/5522 5726/2315/5523
f 2014/1666/1665 2013/1661/1660 5243/1661/4870 5244/1666/4875
f 1052/1151/1154 1051/1154/1158 4281/1154/4368 4282/1151/4364
f 770/840/842 769/838/840 3999/838/4050 4000/840/4052
f 802/846/848 801/847/849 4031/847/4059 4032/846/4058
f 1678/1679/1678 1677/1678/1677 4907/1678/4887 4908/1679/4888
f 794/854/856 793/855/857 4023/855/4067 4024/854/4066
f 2504/2326/2324 2503/2324/2322 5733/2324/5532 5734/2326/5534
f 1702/1683/1682 1701/1687/1686 4931/1687/4896 4932/1683/4892
f 2544/2329/2327 2543/2331/2329 5773/2331/5539 5774/2329/5537
f 892/1162/1166 891/1163/1167 4121/1163/4377 4122/1162/4376
f 1686/1693/1692 1685/1691/1690 4915/1691/4900 4916/1693/4902
f 778/868/870 777/866/868 4007/866/4078 4008/868/4080
f 1654/1680/1679 1653/1698/1697 4883/1698/4907 4884/1680/4889
f 884/1172/1176 883/1173/1176 4113/1173/4386 4114/1172/4386
f 786/869/871 785/872/874 4015/872/4084 4016/869/4081
f 2512/2342/2340 2511/2340/2338 5741/2340/5548 5742/2342/5550
f 1290/883/885 1289/881/883 4519/881/4093 4520/883/4095
f 2536/2344/2342 2535/2346/2344 5765/2346/5554 5766/2344/5552
f 1116/1184/1185 1115/1186/1187 4345/1186/4397 4346/1184/4395
f 1202/885/887 1201/889/891 4431/889/4101 4432/885/4097
f 1694/1706/1705 1693/1705/1704 4923/1705/4914 4924/1706/4915
f 2528/2359/2357 2527/2360/2358 5757/2360/5568 5758/2359/5567
f 1382/1714/1712 1381/1717/1715 4611/1717/4925 4612/1714/4922
f 1282/893/895 1281/898/900 4511/898/4110 4512/893/4105
f 2520/2361/2359 2519/2358/2356 5749/2358/5566 5750/2361/5569
f 1210/903/905 1209/900/902 4439/900/4112 4440/903/4115
f 2064/2373/2371 2063/2375/2373 5293/2375/5583 5294/2373/5581
f 1390/1728/1726 1389/1726/1724 4619/1726/4934 4620/1728/4936
f 932/1195/1195 931/1189/1190 4161/1189/4400 4162/1195/4405
f 1194/913/915 1193/917/919 4423/917/4129 4424/913/4125
f 1374/1731/1729 1373/1733/1731 4603/1733/4941 4604/1731/4939
f 1108/1198/1197 1107/1199/1198 4337/1199/4408 4338/1198/4407
f 1076/1202/1201 1075/1196/1196 4305/1196/4406 4306/1202/4411
f 2072/2378/2376 2071/2376/2374 5301/2376/5584 5302/2378/5586
f 1044/1201/1200 1043/1209/1208 4273/1209/4418 4274/1201/4410
f 1298/928/930 1297/924/926 4527/924/4136 4528/928/4140
f 2056/2388/2386 2055/2389/2387 5285/2389/5597 5286/2388/5596
f 2022/1735/1710 2021/1713/1710 5251/1713/4920 5252/1735/4920
f 1274/926/928 1273/929/931 4503/929/4141 4504/926/4138
f 1398/1749/1746 1397/1745/1742 4627/1745/4952 4628/1749/4956
f 1366/1748/1745 1365/1750/1747 4595/1750/4957 4596/1748/4955
f 1100/1214/1213 1099/1215/1214 4329/1215/4424 4330/1214/4423
f 1218/939/941 1217/931/933 4447/931/4143 4448/939/4151
f 2080/2399/2397 2079/2395/2393 5309/2395/5603 5310/2399/5607
f 1092/1227/1226 1091/1229/1228 4321/1229/4438 4322/1227/4436
f 1266/941/943 1265/942/944 4495/942/4154 4496/941/4153
f 2048/2400/2398 2047/2401/2399 5277/2401/5609 5278/2400/5608
f 1358/1762/1759 1357/1765/1762 4587/1765/4972 4588/1762/4969
f 1084/1239/1238 1083/1237/1236 4313/1237/4446 4314/1239/4448
f 1258/950/952 1257/952/954 4487/952/4164 4488/950/4162
f 2040/2412/2410 2039/2415/2413 5269/2415/5623 5270/2412/5620
f 940/1243/1242 939/1242/1241 4169/1242/4451 4170/1243/4452
f 1406/1772/1769 1405/1769/1766 4635/1769/4976 4636/1772/4979
f 1250/961/963 1249/963/965 4479/963/4175 4480/961/4173
f 1350/1784/1781 1349/1787/1784 4579/1787/4994 4580/1784/4991
f 972/1255/1254 971/1257/1256 4201/1257/4466 4202/1255/4464
f 2088/2418/2416 2087/2416/2414 5317/2416/5624 5318/2418/5626
f 980/1258/1257 979/1256/1255 4209/1256/4465 4210/1258/4467
f 1242/973/975 1241/975/977 4471/975/4187 4472/973/4185
f 2032/2429/2427 2031/178/2428 5261/178/5638 5262/2429/5637
f 2030/181/1786 2029/1785/1782 5259/1785/4992 5260/181/4996
f 988/1275/1274 987/1273/1272 4217/1273/4482 4218/1275/4484
f 1306/986/988 1305/981/983 4535/981/4193 4536/986/4198
f 1414/1792/1791 1413/1791/1789 4643/1791/4999 4644/1792/5001
f 964/1276/1275 963/1279/1278 4193/1279/4488 4194/1276/4485
f 1234/987/989 1233/989/991 4463/989/4201 4464/987/4199
f 2031/178/2428 2222/2431/2430 5452/2431/5640 5261/178/5638
f 1422/1796/1795 1421/1797/1796 4651/1797/5006 4652/1796/5005
f 1186/982/984 1185/994/996 4415/994/4206 4416/982/4194
f 1430/1808/1807 1429/1807/1806 4659/1807/5016 4660/1808/5017
f 2096/2434/2433 2095/2432/2431 5325/2432/5641 5326/2434/5643
f 1646/1813/1812 1645/1815/1814 4875/1815/5024 4876/1813/5022
f 2216/2443/2442 2215/2445/2444 5445/2445/5654 5446/2443/5652
f 948/1285/1284 947/1281/1280 4177/1281/4490 4178/1285/4494
f 1226/996/998 1225/991/993 4455/991/4203 4456/996/4208
f 956/1292/1291 955/1293/1292 4185/1293/4502 4186/1292/4501
f 1036/1289/1288 1035/1302/1301 4265/1302/4511 4266/1289/4498
f 2104/2449/2448 2103/2447/2446 5333/2447/5656 5334/2449/5658
f 1438/1821/1820 1437/1818/1817 4667/1818/5027 4668/1821/5030
f 1638/1827/1826 1637/1829/1828 4867/1829/5038 4868/1827/5036
f 996/1304/1303 995/1303/1302 4225/1303/4512 4226/1304/4513
f 1314/1009/1011 1313/1007/1009 4543/1007/4219 4544/1009/4221
f 2112/2460/2460 2111/2459/2459 5341/2459/5669 5342/2460/5670
f 1630/1840/1839 1629/1841/1840 4859/1841/5050 4860/1840/5049
f 1590/1851/1850 1589/1848/1847 4819/1848/5057 4820/1851/5060
f 2120/2469/2469 2119/2468/2468 5349/2468/5678 5350/2469/5679
f 1582/1858/1857 1581/1861/1860 4811/1861/5070 4812/1858/5067
f 1004/1316/1315 1003/1314/1313 4233/1314/4523 4234/1316/4525
f 1138/1027/1029 1137/1025/1027 4367/1025/4237 4368/1027/4239
f 1322/1030/1032 1321/1028/1030 4551/1028/4240 4552/1030/4242
f 2128/2478/2478 2127/2477/2477 5357/2477/5687 5358/2478/5688
f 1178/1032/1034 1177/1038/1040 4407/1038/4250 4408/1032/4244
f 2208/2475/2475 2207/2479/2479 5437/2479/5689 5438/2475/5685
f 1598/1867/1866 1597/1865/1864 4827/1865/5074 4828/1867/5076
f 1012/1327/1326 1011/1325/1324 4241/1325/4534 4242/1327/4536
f 2200/2491/2491 2199/2493/2493 5429/2493/5703 5430/2491/5701
f 1028/1326/1325 1027/1329/1328 4257/1329/4538 4258/1326/4535
f 1146/1047/1049 1145/1045/1047 4375/1045/4257 4376/1047/4259
f 1502/1843/1842 1501/1883/1882 4731/1883/5092 4732/1843/5052
f 1130/1016/1018 1129/1048/1050 4359/1048/4260 4360/1016/4228
f 2136/2496/2496 2135/2494/2494 5365/2494/5704 5366/2496/5706
f 1622/1880/1879 1621/1885/1884 4851/1885/5094 4852/1880/5089
f 1020/1339/1338 1019/1337/1336 4249/1337/4546 4250/1339/4548
f 1574/1882/1881 1573/1889/1888 4803/1889/5098 4804/1882/5091
f 1852/1345/1344 1851/1344/1343 5081/1344/4554 5082/1345/4553
f 1330/1051/1053 1329/1046/1048 4559/1046/4258 4560/1051/4263
f 2192/2508/2508 2191/2510/2510 5421/2510/5720 5422/2508/5718
f 1844/1355/1354 1843/1357/1356 5073/1357/4566 5074/1355/4564
f 2144/2511/2511 2143/2509/2509 5373/2509/5719 5374/2511/5721
f 2184/2521/2522 2183/2523/2524 5413/2523/5734 5414/2521/5732
f 1606/1894/1893 1605/1891/1890 4835/1891/5100 4836/1894/5103
f 1860/1362/1361 1859/1360/1359 5089/1360/4569 5090/1362/4571
f 1154/1062/1064 1153/1061/1063 4383/1061/4273 4384/1062/4274
f 2176/2531/2532 2175/2532/2533 5405/2532/5743 5406/2531/5742
f 1614/1901/1900 1613/1903/1902 4843/1903/5112 4844/1901/5110
f 1836/1370/1369 1835/1371/1370 5065/1371/4580 5066/1370/4579
f 1510/1910/1909 1509/1908/1907 4739/1908/5117 4740/1910/5119
f 1828/1382/1381 1827/1383/1382 5057/1383/4592 5058/1382/4591
f 1170/1072/1074 1169/1075/1077 4399/1075/4287 4400/1072/4284
f 1446/1914/1913 1445/1872/1871 4675/1872/5081 4676/1914/5123
f 1868/1385/1384 1867/1381/1380 5097/1381/4590 5098/1385/4594
f 1162/1076/1078 1161/1074/1076 4391/1074/4286 4392/1076/4288
f 2152/2539/2540 2151/2534/2535 5381/2534/5745 5382/2539/5750
f 1566/1917/1916 1565/1919/1918 4795/1919/5128 4796/1917/5126
f 1820/1393/1392 1819/1394/1393 5049/1394/4603 5050/1393/4602
f 2168/2542/2543 2167/2545/2546 5397/2545/5756 5398/2542/5753
f 1558/1931/1930 1557/1933/1932 4787/1933/5142 4788/1931/5140
f 1812/1402/1401 1811/1403/1402 5041/1403/4612 5042/1402/4611
f 1338/1089/1091 1337/1087/1089 4567/1087/4299 4568/1089/4301
f 2160/2552/2553 2159/2551/2552 5389/2551/5762 5390/2552/5763
f 1518/1935/1934 1517/1934/1933 4747/1934/5143 4748/1935/5144
f 1122/1096/1098 1121/1099/1101 4351/1099/4311 4352/1096/4308
f 3168/2562/2563 3167/2564/2565 6397/2564/5775 6398/2562/5773
f 1804/1411/1410 1803/1413/1412 5033/1413/4622 5034/1411/4620
f 1526/1949/1948 1525/1947/1946 4755/1947/5156 4756/1949/5158
f 1876/1420/1419 1875/1418/1417 5105/1418/4627 5106/1420/4629
f 914/1103/1105 913/1106/1108 4143/1106/4318 4144/1103/4315
f 3176/2567/2568 3175/2565/2566 6405/2565/5776 6406/2567/5778
f 1550/1953/1952 1549/1956/1955 4779/1956/5165 4780/1953/5162
f 1796/1427/1426 1795/1430/1429 5025/1430/4639 5026/1427/4636
f 3160/2577/2578 3159/2579/2580 6389/2579/5790 6390/2577/5788
f 906/1117/1119 905/1118/1120 4135/1118/4330 4136/1117/4329
f 1534/1965/1964 1533/1963/1962 4763/1963/5172 4764/1965/5174
f 3184/2586/2587 3183/2582/2583 6413/2582/5793 6414/2586/5797
f 1542/1970/1969 1541/1973/1972 4771/1973/5182 4772/1970/5179
f 1884/1432/1431 1883/1431/1430 5113/1431/4640 5114/1432/4641
f 3152/2589/2590 3151/2591/2592 6381/2591/5802 6382/2589/5800
f 1892/1444/1443 1891/1442/1441 5121/1442/4651 5122/1444/4653
f 1346/181/1123 1345/1102/1104 4575/1102/4314 4576/181/4333
f 1494/1983/1982 1493/1985/1984 4723/1985/5194 4724/1983/5192
f 1900/1454/1453 1899/1452/1451 5129/1452/4661 5130/1454/4663
f 922/1122/1125 921/1119/1121 4151/1119/4331 4152/1122/4335
f 3144/2600/2601 3143/2602/2603 6373/2602/5813 6374/2600/5811
f 1788/1457/1456 1787/1460/1459 5017/1460/4669 5018/1457/4666
f 1058/1128/1131 1057/1132/1135 4287/1132/4345 4288/1128/4341
f 1454/1986/1985 1453/1984/1983 4683/1984/5193 4684/1986/5195
f 3136/2610/2611 3135/2611/2612 6365/2611/5822 6366/2610/5821
f 1462/1996/1995 1461/1995/1994 4691/1995/5204 4692/1996/5205
f 1948/1468/1467 1947/1467/1466 5177/1467/4677 5178/1468/4676
f 3192/2621/2622 3191/2617/2618 6421/2617/5828 6422/2621/5832
f 1956/1481/1480 1955/1479/1478 5185/1479/4688 5186/1481/4690
f 1066/1142/1145 1065/1139/1142 4295/1139/4352 4296/1142/4355
f 3128/2620/2621 3127/2622/2623 6357/2622/5833 6358/2620/5831
f 1940/1483/1482 1939/1486/1485 5169/1486/4695 5170/1483/4692
f 898/1146/1149 897/1150/1153 4127/1150/4363 4128/1146/4359
f 1470/2008/2007 1469/2006/2005 4699/2006/5215 4700/2008/5217
f 3120/2632/2633 3119/2634/2635 6349/2634/5845 6350/2632/5843
f 1486/2009/2008 1485/2011/2010 4715/2011/5220 4716/2009/5218
f 890/1164/1168 889/1165/1169 4119/1165/4379 4120/1164/4378
f 1908/1490/1489 1907/1465/1464 5137/1465/4674 5138/1490/4699
f 1964/1497/1496 1963/1495/1494 5193/1495/4704 5194/1497/4706
f 1478/2023/2022 1477/2021/2020 4707/2021/5230 4708/2023/5232
f 1932/1502/1501 1931/1503/1502 5161/1503/4712 5162/1502/4711
f 1050/1161/1165 1049/1170/1174 4279/1170/4384 4280/1161/4375
f 3200/2640/2641 3199/2638/2639 6429/2638/5849 6430/2640/5851
f 3112/2650/2651 3111/2653/2654 6341/2653/5864 6342/2650/5861
f 882/1174/1177 881/1177/1177 4111/1177/4387 4112/1174/4387
f 2230/2036/2034 2229/2034/2032 5459/2034/5242 5460/2036/5244
f 1924/1515/1514 1923/1517/1516 5153/1517/4726 5154/1515/4724
f 2326/2038/2036 2325/2041/2039 5555/2041/5249 5556/2038/5246
f 3208/2654/2655 3207/2652/2653 6437/2652/5863 6438/2654/5865
f 1972/1522/1521 1971/1519/1518 5201/1519/4728 5202/1522/4731
f 930/1181/1182 929/1176/1179 4159/1176/4389 4160/1181/4392
f 1980/1538/1537 1979/1536/1535 5209/1536/4745 5210/1538/4747
f 1074/1187/1188 1073/1179/1180 4303/1179/4390 4304/1187/4398
f 3216/2664/2664 3215/2663/2663 6445/2663/5873 6446/2664/5874
f 2238/2050/2048 2237/2048/2046 5467/2048/5256 5468/2050/5258
f 1916/1537/1536 1915/1540/1539 5145/1540/4749 5146/1537/4746
f 1114/1188/1189 1113/1190/1191 4343/1190/4401 4344/1188/4399
f 3224/2676/2676 3223/2674/2674 6453/2674/5884 6454/2676/5886
f 2318/2054/2051 2317/2055/2052 5547/2055/5262 5548/2054/5261
f 1106/1203/1202 1105/1204/1203 4335/1204/4413 4336/1203/4412
f 3104/2677/2677 3103/2680/2680 6333/2680/5890 6334/2677/5887
f 2310/2065/2062 2309/2066/2063 5539/2066/5273 5540/2065/5272
f 1098/1216/1215 1097/1220/1219 4327/1220/4429 4328/1216/4425
f 2608/2688/2688 2607/2687/2687 5837/2687/5898 5838/2688/5897
f 2246/2074/2071 2245/2072/2069 5475/2072/5279 5476/2074/5281
f 1988/1549/1548 1987/1548/1547 5217/1548/4757 5218/1549/4758
f 2600/2700/2701 2599/2702/2703 5829/2702/5913 5830/2700/5911
f 2302/2080/2077 2301/2082/2079 5531/2082/5289 5532/2080/5287
f 1780/1542/1541 1779/1557/1556 5009/1557/4766 5010/1542/4751
f 1042/1217/1216 1041/1230/1229 4271/1230/4439 4272/1217/4426
f 2334/2090/2087 2333/2089/2086 5563/2089/5296 5564/2090/5297
f 2616/2705/2706 2615/2703/2704 5845/2703/5914 5846/2705/5916
f 2592/2714/2715 2591/2715/2716 5821/2715/5926 5822/2714/5925
f 1090/1231/1230 1089/1232/1231 4319/1232/4441 4320/1231/4440
f 2342/2100/2098 2341/2099/2097 5571/2099/5307 5572/2100/5308
f 1996/1560/1559 1995/1559/1558 5225/1559/4768 5226/1560/4769
f 2584/2725/2727 2583/2726/2728 5813/2726/5938 5814/2725/5937
f 2422/2104/2036 2421/2106/2103 5651/2106/5313 5652/2104/5246
f 1082/1233/1232 1081/1228/1227 4311/1228/4437 4312/1233/4442
f 2254/2111/2106 2253/2097/2095 5483/2097/5305 5484/2111/5316
f 1732/1571/1570 1731/1570/1569 4961/1570/4780 4962/1571/4779
f 3048/2735/2737 3047/2738/2740 6277/2738/5950 6278/2735/5947
f 2414/2118/2113 2413/2119/2114 5643/2119/5324 5644/2118/5323
f 1740/1585/1584 1739/1584/1583 4969/1584/4793 4970/1585/4794
f 1724/1589/1588 1723/1593/1592 4953/1593/4802 4954/1589/4798
f 3056/2743/2745 3055/2739/2741 6285/2739/5951 6286/2743/5955
f 2624/2749/2751 2623/2740/2742 5853/2740/5952 5854/2749/5961
f 2004/1598/1597 2003/1591/1590 5233/1591/4800 5234/1598/4807
f 2576/2752/2754 2575/2754/2756 5805/2754/5966 5806/2752/5964
f 2406/2130/2125 2405/2131/2126 5635/2131/5336 5636/2130/5335
f 1772/1597/1596 1771/1601/1600 5001/1601/4810 5002/1597/4806
f 3040/2761/2762 3039/2765/2766 6269/2765/5976 6270/2761/5972
f 2350/2132/2127 2349/2126/2121 5579/2126/5331 5580/2132/5337
f 938/1240/1239 937/1225/1224 4167/1225/4434 4168/1240/4449
f 1748/1613/1612 1747/1610/1609 4977/1610/4819 4978/1613/4822
f 2262/355/2148 2261/2151/2146 5491/2151/5356 5492/355/5358
f 1716/1616/1615 1715/1622/1621 4945/1622/4831 4946/1616/4825
f 978/1254/1253 977/1252/1251 4207/1252/4461 4208/1254/4463
f 3064/2770/2771 3063/2769/2770 6293/2769/5980 6294/2770/5981
f 2294/2148/2143 2293/2153/2149 5523/2153/5359 5524/2148/5353
f 970/1259/1258 969/1262/1261 4199/1262/4471 4200/1259/4468
f 3096/2776/2777 3095/2779/597 6325/2779/3807 6326/2776/5987
f 1764/1621/1620 1763/1624/1623 4993/1624/4833 4994/1621/4830
f 2358/2163/2159 2357/2158/2154 5587/2158/5364 5588/2163/5369
f 2398/2157/2153 2397/2166/2162 5627/2166/5372 5628/2157/5363
f 986/1271/1270 985/1268/1267 4215/1268/4477 4216/1271/4480
f 2632/2789/2788 2631/2785/2784 5861/2785/5994 5862/2789/5998
f 1756/1636/1635 1755/1637/1636 4985/1637/4846 4986/1636/4845
f 3088/2800/2799 3087/2805/2804 6317/2805/6014 6318/2800/6009
f 2270/2169/2165 2269/2167/2163 5499/2167/5373 5500/2169/5375
f 946/1277/1276 945/1272/1271 4175/1272/4481 4176/1277/4486
f 2640/2808/2807 2639/2806/2805 5869/2806/6015 5870/2808/6017
f 2286/2179/2175 2285/2182/2178 5515/2182/5388 5516/2179/5385
f 962/1282/1281 961/1283/1282 4191/1283/4492 4192/1282/4491
f 3072/2810/2809 3071/2807/2806 6301/2807/6016 6302/2810/6019
f 954/1296/1295 953/1297/1296 4183/1297/4506 4184/1296/4505
f 3032/2802/2801 3031/2812/2811 6261/2812/6021 6262/2802/6011
f 2278/2183/2179 2277/2181/2177 5507/2181/5387 5508/2183/5389
f 994/1301/1300 993/1300/1299 4223/1300/4509 4224/1301/4510
f 1660/1642/1641 1659/1638/1637 4889/1638/4847 4890/1642/4851
f 1034/1305/1304 1033/1308/1307 4263/1308/4517 4264/1305/4514
f 2366/2201/2197 2365/2199/2195 5595/2199/5405 5596/2201/5407
f 2012/1656/1655 2011/1650/1649 5241/1650/4859 5242/1656/4865
f 3080/2820/2819 3079/2823/2822 6309/2823/6032 6310/2820/6029
f 2390/2203/2199 2389/2205/2201 5619/2205/5411 5620/2203/5409
f 1002/1313/1312 1001/1312/1311 4231/1312/4521 4232/1313/4522
f 1668/1659/1658 1667/1657/1656 4897/1657/4866 4898/1659/4868
f 2680/2830/2829 2679/2828/2827 5909/2828/6037 5910/2830/6039
f 2374/2216/2212 2373/2214/2210 5603/2214/5420 5604/2216/5422
f 1708/1658/1657 1707/1662/1661 4937/1662/4871 4938/1658/4867
f 1010/1324/1323 1009/1322/1321 4239/1322/4531 4240/1324/4533
f 2672/2844/2843 2671/2846/2845 5901/2846/6055 5902/2844/6053
f 2382/2219/2215 2381/2221/2217 5611/2221/5427 5612/2219/5425
f 2454/2231/2227 2453/2229/2225 5683/2229/5435 5684/2231/5437
f 1676/1676/1675 1675/1675/1674 4905/1675/4884 4906/1676/4885
f 1026/1332/1331 1025/1335/1334 4255/1335/4544 4256/1332/4541
f 2688/2851/2850 2687/2849/2848 5917/2849/6058 5918/2851/6060
f 2446/2236/2232 2445/2238/2234 5675/2238/5444 5676/2236/5442
f 1684/1689/1688 1683/1688/1687 4913/1688/4897 4914/1689/4898
f 1018/1336/1335 1017/1334/1333 4247/1334/4543 4248/1336/4545
f 1700/1690/1689 1699/1694/1693 4929/1694/4903 4930/1690/4899
f 1850/1343/1342 1849/1346/1345 5079/1346/4555 5080/1343/4552
f 2462/2247/2243 2461/2245/2241 5691/2245/5451 5692/2247/5453
f 2648/2856/2855 2647/2852/2851 5877/2852/6061 5878/2856/6065
f 2438/2252/2248 2437/2253/2249 5667/2253/5459 5668/2252/5458
f 1692/1703/1702 1691/1702/1701 4921/1702/4911 4922/1703/4912
f 2664/2862/2861 2663/2864/2863 5893/2864/6073 5894/2862/6071
f 2020/1711/1710 2019/1710/1709 5249/1710/4919 5250/1711/4920
f 1858/1358/1357 1857/1356/1355 5087/1356/4565 5088/1358/4567
f 2656/2876/2875 2655/2877/2876 5885/2877/6086 5886/2876/6085
f 2430/2262/2258 2429/2263/2259 5659/2263/5469 5660/2262/5468
f 1652/1709/1708 1651/1712/1711 4881/1712/4921 4882/1709/4918
f 1842/1359/1358 1841/1361/1360 5071/1361/4570 5072/1359/4568
f 2984/2889/2888 2983/2888/2887 6213/2888/6097 6214/2889/6098
f 1380/1719/1717 1379/1721/1719 4609/1721/4929 4610/1719/4927
f 1834/1373/1372 1833/1374/1373 5063/1374/4583 5064/1373/4582
f 3024/2896/2895 3023/2900/2899 6253/2900/6109 6254/2896/6105
f 2470/2272/2269 2469/2270/2267 5699/2270/5477 5700/2272/5479
f 2566/2273/2270 2565/2275/2272 5795/2275/5482 5796/2273/5480
f 1388/1724/1722 1387/1722/1720 4617/1722/4930 4618/1724/4932
f 1866/1378/1377 1865/1375/1374 5095/1375/4584 5096/1378/4587
f 2992/2904/2903 2991/2902/2901 6221/2902/6111 6222/2904/6113
f 1826/1384/1383 1825/1386/1385 5055/1386/4595 5056/1384/4593
f 2478/2288/2285 2477/2286/2283 5707/2286/5493 5708/2288/5495
f 1372/1736/1733 1371/1738/1735 4601/1738/4945 4602/1736/4943
f 2558/2289/2286 2557/2292/2289 5787/2292/5499 5788/2289/5496
f 1818/1395/1394 1817/1396/1395 5047/1396/4605 5048/1395/4604
f 1396/1742/1739 1395/1740/1737 4625/1740/4947 4626/1742/4949
f 1810/1404/1403 1809/1405/1404 5039/1405/4614 5040/1404/4613
f 3000/2915/2914 2999/2914/2913 6229/2914/6123 6230/2915/6124
f 2486/2301/2298 2485/2299/2296 5715/2299/5506 5716/2301/5508
f 1364/1751/1748 1363/1753/1750 4593/1753/4960 4594/1751/4958
f 2696/2916/2915 2695/2898/2897 5925/2898/6107 5926/2916/6125
f 1874/1415/1414 1873/1412/1411 5103/1412/4621 5104/1415/4624
f 2896/2920/2919 2895/2907/2906 6125/2907/6116 6126/2920/6129
f 2494/2312/2310 2493/49/2309 5723/49/5519 5724/2312/5520
f 1802/1414/1413 1801/1416/1415 5031/1416/4625 5032/1414/4623
f 2550/2311/2308 2549/2313/2311 5779/2313/5521 5780/2311/5518
f 1404/1767/1764 1403/1764/1761 4633/1764/4971 4634/1767/4974
f 3008/2929/2928 3007/2928/2927 6237/2928/6137 6238/2929/6138
f 1356/1768/1765 1355/1770/1767 4585/1770/4977 4586/1768/4975
f 1882/1429/1428 1881/1428/1427 5111/1428/4637 5112/1429/4638
f 2976/2906/2905 2975/2933/2932 6205/2933/6142 6206/2906/6115
f 2502/2323/2321 2501/2322/2320 5731/2322/5530 5732/2323/5531
f 1794/1433/1432 1793/1436/1435 5023/1436/4645 5024/1433/4642
f 3016/2934/2933 3015/2938/2937 6245/2938/6147 6246/2934/6143
f 2542/2333/2331 2541/2335/2333 5771/2335/5543 5772/2333/5541
f 2028/1781/1778 2027/1775/1772 5257/1775/4982 5258/1781/4988
f 1412/1788/1785 1411/1786/1783 4641/1786/4993 4642/1788/4995
f 2904/2965/2964 2903/2962/2961 6133/2962/6171 6134/2965/6174
f 2510/2338/2336 2509/2336/2334 5739/2336/5544 5740/2338/5546
f 2534/2348/2346 2533/2350/2348 5763/2350/5558 5764/2348/5556
f 1347/178/1790 2030/181/1786 5260/181/4996 4577/178/5000
f 1890/1441/1440 1889/1439/1438 5119/1439/4648 5120/1441/4650
f 2968/2964/2963 2967/2968/2967 6197/2968/6177 6198/2964/6173
f 1348/1789/1787 1347/178/1790 4577/178/5000 4578/1789/4997
f 1898/1451/1450 1897/1450/1449 5127/1450/4659 5128/1451/4660
f 2888/2966/2965 2887/2970/2969 6117/2970/6179 6118/2966/6175
f 1906/1463/1462 1905/1461/1460 5135/1461/4670 5136/1463/4672
f 2518/2356/2354 2517/2354/2352 5747/2354/5562 5748/2356/5564
f 1786/1462/1461 1785/1464/1463 5015/1464/4673 5016/1462/4671
f 2704/2971/2970 2703/2967/2966 5933/2967/6176 5934/2971/6180
f 2526/2362/2360 2525/2364/2362 5755/2364/5572 5756/2362/5570
f 2070/2374/2372 2069/2372/2370 5299/2372/5580 5300/2374/5582
f 1420/1799/1798 1419/1800/1799 4649/1800/5009 4650/1799/5008
f 2712/2991/2990 2711/2988/2987 5941/2988/6197 5942/2991/6200
f 2062/2377/2375 2061/2379/2377 5291/2379/5587 5292/2377/5585
f 1946/1466/1465 1945/1470/1469 5175/1470/4679 5176/1466/4675
f 1428/1806/1805 1427/1805/1804 4657/1805/5014 4658/1806/5015
f 2078/2392/2390 2077/2390/2388 5307/2390/5598 5308/2392/5600
f 2912/3001/3000 2911/2997/2996 6141/2997/6206 6142/3001/6210
f 2054/2391/2389 2053/2393/2391 5283/2393/5601 5284/2391/5599
f 2960/3000/2999 2959/3004/3003 6189/3004/6213 6190/3000/6209
f 1436/1816/1815 1435/1814/1813 4665/1814/5023 4666/1816/5025
f 1954/1477/1476 1953/1476/1475 5183/1476/4685 5184/1477/4686
f 2880/3002/3001 2879/3005/3004 6109/3005/6214 6110/3002/6211
f 2046/2402/2400 2045/2404/2402 5275/2404/5612 5276/2402/5610
f 1644/1817/1816 1643/1819/1818 4873/1819/5028 4874/1817/5026
f 1636/1830/1829 1635/1832/1831 4865/1832/5041 4866/1830/5039
f 1938/1488/1487 1937/1491/1490 5167/1491/4700 5168/1488/4697
f 2086/2414/2412 2085/2413/2411 5315/2413/5621 5316/2414/5622
f 2720/3020/3019 2719/3018/3017 5949/3018/6227 5950/3020/6229
f 2038/2417/2415 2037/2419/2417 5267/2419/5627 5268/2417/5625
f 2872/3026/3025 2871/3031/3030 6101/3031/6240 6102/3026/6235
f 1962/1493/1492 1961/1489/1488 5191/1489/4698 5192/1493/4702
f 2824/3039/3037 2823/3038/3036 6053/3038/6247 6054/3039/6246
f 1444/1837/1836 1443/1834/1833 4673/1834/5043 4674/1837/5046
f 1930/1505/1504 1929/1508/1507 5159/1508/4717 5160/1505/4714
f 2832/3051/3048 2831/3050/3047 6061/3050/6257 6062/3051/6258
f 2094/2430/2429 2093/2428/2426 5323/2428/5636 5324/2430/5639
f 1588/1847/1846 1587/1846/1845 4817/1846/5056 4818/1847/5055
f 2222/2431/2430 2221/2433/2432 5451/2433/5642 5452/2431/5640
f 1628/1844/1843 1627/1849/1848 4857/1849/5058 4858/1844/5053
f 1596/1862/1861 1595/1860/1859 4825/1860/5069 4826/1862/5071
f 1970/1516/1515 1969/1512/1511 5199/1512/4721 5200/1516/4725
f 2816/3062/3059 2815/3063/3060 6045/3063/6270 6046/3062/6269
f 1580/1864/1863 1579/1866/1865 4809/1866/5075 4810/1864/5073
f 1922/1518/1517 1921/1521/1520 5151/1521/4730 5152/1518/4727
f 2102/2446/2445 2101/2444/2443 5331/2444/5653 5332/2446/5655
f 2214/2448/2447 2213/2450/2449 5443/2450/5659 5444/2448/5657
f 2952/3060/3057 2951/3065/3062 6181/3065/6272 6182/3060/6267
f 1978/1534/1533 1977/1532/1531 5207/1532/4741 5208/1534/4743
f 2728/3067/3064 2727/3055/3052 5957/3055/6262 5958/3067/6274
f 2110/2458/2458 2109/2456/2456 5339/2456/5666 5340/2458/5668
f 1986/1547/1546 1985/1546/1545 5215/1546/4755 5216/1547/4756
f 2864/3077/3073 2863/3078/3074 6093/3078/6284 6094/3077/6283
f 1914/1545/1544 1913/1550/1549 5143/1550/4759 5144/1545/4754
f 2840/3080/3076 2839/3076/3072 6069/3076/6282 6070/3080/6286
f 2118/2467/2467 2117/2466/2466 5347/2466/5676 5348/2467/5677
f 1604/1888/1887 1603/1886/1885 4833/1886/5095 4834/1888/5097
f 1620/1887/1886 1619/1890/1889 4849/1890/5099 4850/1887/5096
f 2856/3096/3092 2855/3098/3094 6085/3098/6304 6086/3096/6302
f 2126/2476/2476 2125/2474/2474 5355/2474/5684 5356/2476/5686
f 1994/1558/1557 1993/1556/1555 5223/1556/4765 5224/1558/4767
f 2848/3109/3105 2847/3108/3104 6077/3108/6314 6078/3109/6315
f 2206/2481/2481 2205/2482/2482 5435/2482/5692 5436/2481/5691
f 1508/1893/1892 1507/1884/1883 4737/1884/5093 4738/1893/5102
f 1778/1563/1562 1777/1565/1564 5007/1565/4774 5008/1563/4772
f 1612/1905/1904 1611/1906/1905 4841/1906/5115 4842/1905/5114
f 1572/1896/1895 1571/1907/1906 4801/1907/5116 4802/1896/5105
f 2808/3111/3107 2807/3113/3109 6037/3113/6319 6038/3111/6317
f 2134/2492/2492 2133/2490/2490 5363/2490/5700 5364/2492/5702
f 1564/1920/1919 1563/1922/1921 4793/1922/5131 4794/1920/5129
f 1730/1569/1568 1729/1573/1572 4959/1573/4782 4960/1569/4778
f 2944/3112/3108 2943/3115/3111 6173/3115/6321 6174/3112/6318
f 2198/2495/2495 2197/2497/2497 5427/2497/5707 5428/2495/5705
f 1500/1912/1911 1499/1924/1923 4729/1924/5133 4730/1912/5121
f 2142/2507/2507 2141/2505/2505 5371/2505/5715 5372/2507/5717
f 1738/1581/1580 1737/1580/1579 4967/1580/4789 4968/1581/4790
f 2920/3122/3118 2919/3091/3087 6149/3091/6297 6150/3122/6328
f 2190/2512/2512 2189/2514/2514 5419/2514/5724 5420/2512/5722
f 1516/1932/1931 1515/1928/1927 4745/1928/5137 4746/1932/5141
f 2002/1583/1582 2001/1568/1567 5231/1568/4777 5232/1583/4792
f 2800/3131/3127 2799/3133/3129 6029/3133/6339 6030/3131/6337
f 1556/1936/1935 1555/1938/1937 4785/1938/5147 4786/1936/5145
f 1722/1596/1595 1721/1599/1598 4951/1599/4808 4952/1596/4805
f 2936/3137/3133 2935/3140/3136 6165/3140/6346 6166/3137/6343
f 2182/2524/2525 2181/2525/2526 5411/2525/5736 5412/2524/5735
f 1524/1946/1945 1523/1944/1943 4753/1944/5153 4754/1946/5155
f 1746/1605/1604 1745/1600/1599 4975/1600/4809 4976/1605/4814
f 2928/3143/3139 2927/3141/3137 6157/3141/6347 6158/3143/6349
f 1770/1604/1603 1769/1607/1606 4999/1607/4816 5000/1604/4813
f 1548/1958/1957 1547/1960/1959 4777/1960/5169 4778/1958/5167
f 2792/3158/3154 2791/3159/3155 6021/3159/6365 6022/3158/6364
f 1532/1961/1960 1531/1959/1958 4761/1959/5168 4762/1961/5170
f 1762/1626/1625 1761/1627/1626 4991/1627/4836 4992/1626/4835
f 2150/2529/2530 2149/2522/2523 5379/2522/5733 5380/2529/5740
f 1540/1975/1974 1539/1976/1975 4769/1976/5185 4770/1975/5184
f 2736/3160/3156 2735/3157/3153 5965/3157/6363 5966/3160/6366
f 2174/2533/2534 2173/2535/2536 5403/2535/5746 5404/2533/5744
f 1754/1634/1633 1753/1631/1630 4983/1631/4840 4984/1634/4843
f 2784/3170/3166 2783/3171/3167 6013/3171/6377 6014/3170/6376
f 1452/1982/1981 1451/1981/1980 4681/1981/5190 4682/1982/5191
f 1714/1629/1628 1713/1640/1639 4943/1640/4849 4944/1629/4838
f 1492/1987/1986 1491/1990/1989 4721/1990/5199 4722/1987/5196
f 2010/1644/1643 2009/1639/1638 5239/1639/4848 5240/1644/4853
f 2158/2549/2550 2157/2547/2548 5387/2547/5758 5388/2549/5760
f 1658/1643/1642 1657/1652/1651 4887/1652/4861 4888/1643/4852
f 2744/3182/3178 2743/3180/3176 5973/3180/6386 5974/3182/6388
f 2166/2548/2549 2165/2550/2551 5395/2550/5761 5396/2548/5759
f 1460/1994/1993 1459/1993/1992 4689/1993/5202 4690/1994/5203
f 2776/3183/3179 2775/3184/3180 6005/3184/6390 6006/3183/6389
f 3174/2563/2564 3173/2561/2562 6403/2561/5772 6404/2563/5774
f 3166/2566/2567 3165/2568/2569 6395/2568/5779 6396/2566/5777
f 1468/2004/2003 1467/2003/2002 4697/2003/5212 4698/2004/5213
f 1484/2014/2013 1483/2016/2015 4713/2016/5225 4714/2014/5223
f 1666/1655/1654 1665/1653/1652 4895/1653/4862 4896/1655/4864
f 2752/3197/3193 2751/3195/3191 5981/3195/6401 5982/3197/6403
f 2768/3201/3197 2767/3204/3200 5997/3204/6410 5998/3201/6407
f 3182/2580/2581 3181/2578/2579 6411/2578/5789 6412/2580/5791
f 1706/1665/1664 1705/1669/1668 4935/1669/4878 4936/1665/4874
f 3158/2581/2582 3157/2583/2584 6387/2583/5794 6388/2581/5792
f 1476/2019/2018 1475/2017/2016 4705/2017/5226 4706/2019/5228
f 2760/3210/3206 2759/3208/3204 5989/3208/6414 5990/3210/6416
f 3150/2592/2593 3149/2593/2594 6379/2593/5804 6380/2592/5803
f 1674/1674/1673 1673/1671/1670 4903/1671/4880 4904/1674/4883
f 305/9/9 304/7/7 3534/7/3217 3535/9/3219
f 2228/2033/2031 2227/2031/2029 5457/2031/5239 5458/2033/5241
f 297/8/8 296/10/10 3526/10/3220 3527/8/3218
f 1682/1686/1685 1681/1685/1684 4911/1685/4894 4912/1686/4895
f 3142/2603/2604 3141/2604/2605 6371/2604/5815 6372/2603/5814
f 2236/2045/2043 2235/2044/2042 5465/2044/5252 5466/2045/5253
f 289/22/22 288/24/24 3518/24/3234 3519/22/3232
f 2324/2043/2041 2323/2046/2044 5553/2046/5254 5554/2043/5251
f 1690/1700/1699 1689/1699/1698 4919/1699/4908 4920/1700/4909
f 3190/2613/2614 3189/2606/2607 6419/2606/5817 6420/2613/5824
f 2316/2057/2054 2315/2058/2055 5545/2058/5265 5546/2057/5264
f 1698/1697/1696 1697/1701/1700 4927/1701/4910 4928/1697/4906
f 313/32/32 312/27/27 3542/27/3237 3543/32/3242
f 3134/2612/2613 3133/2614/2615 6363/2614/5825 6364/2612/5823
f 2018/1708/1707 2017/1692/1691 5247/1692/4901 5248/1708/4917
f 281/33/33 280/34/34 3510/34/3244 3511/33/3243
f 2308/2067/2064 2307/2069/2066 5537/2069/5276 5538/2067/5274
f 1386/1720/1718 1385/1718/1716 4615/1718/4926 4616/1720/4928
f 3126/2623/2624 3125/2625/2626 6355/2625/5836 6356/2623/5834
f 1378/1723/1721 1377/1725/1723 4607/1725/4933 4608/1723/4931
f 273/44/44 272/46/46 3502/46/3256 3503/44/3254
f 3198/2636/2637 3197/2635/2636 6427/2635/5846 6428/2636/5847
f 2244/2071/2068 2243/2068/2065 5473/2068/5275 5474/2071/5278
f 3118/2637/2638 3117/2639/2640 6347/2639/5850 6348/2637/5848
f 1394/1737/1734 1393/1734/1732 4623/1734/4942 4624/1737/4944
f 321/53/53 320/51/51 3550/51/3261 3551/53/3263
f 1370/1741/1738 1369/1743/1740 4599/1743/4950 4600/1741/4948
f 265/59/59 264/61/61 3494/61/3271 3495/59/3269
f 2252/2085/2082 2251/2083/2080 5481/2083/5290 5482/2085/5292
f 3206/2651/2652 3205/2649/2650 6435/2649/5860 6436/2651/5862
f 2331/2087/2084 2426/2086/2083 5656/2086/5293 5561/2087/5295
f 1362/1755/1752 1361/1757/1754 4591/1757/4964 4592/1755/4962
f 3110/2656/2657 3109/2661/727 6339/2661/3937 6340/2656/5867
f 2332/2088/2085 2331/2087/2084 5561/2087/5295 5562/2088/5294
f 329/71/71 328/69/69 3558/69/3279 3559/71/3281
f 257/75/75 256/78/78 3486/78/3288 3487/75/3285
f 2340/2098/2096 2339/203/2094 5569/203/5304 5570/2098/5306
f 1650/1739/1736 1649/1761/1758 4879/1761/4968 4880/1739/4946
f 3214/2662/2662 3213/2660/2661 6443/2660/5871 6444/2662/5872
f 2300/2084/2081 2299/2105/2102 5529/2105/5312 5530/2084/5291
f 2420/2107/2104 2419/2109/1865 5649/2109/5075 5650/2107/5314
f 1402/1763/1760 1401/1758/1755 4631/1758/4965 4632/1763/4970
f 337/83/83 336/82/82 3566/82/3292 3567/83/3293
f 3222/2673/2673 3221/2671/2671 6451/2671/5881 6452/2673/5883
f 345/94/94 344/93/93 3574/93/3303 3575/94/3304
f 3102/2682/2682 3101/2684/2684 6331/2684/5894 6332/2682/5892
f 2026/1771/1768 2025/1766/1763 5255/1766/4973 5256/1771/4978
f 353/105/105 352/103/103 3582/103/3313 3583/105/3315
f 2348/2120/2115 2347/2116/2111 5577/2116/5321 5578/2120/5325
f 249/104/104 248/106/106 3478/106/3316 3479/104/3314
f 2412/2121/2116 2411/2122/2117 5641/2122/5327 5642/2121/5326
f 1354/1773/1770 1353/1776/1773 4583/1776/4983 4584/1773/4980
f 2606/2686/2686 2605/2689/2689 5835/2689/5899 5836/2686/5896
f 2404/2133/2128 2403/2134/2129 5633/2134/5339 5634/2133/5338
f 41/117/117 40/115/115 3270/115/3325 3271/117/3327
f 1410/1783/1780 1409/1780/1777 4639/1780/4987 4640/1783/4990
f 33/119/119 32/121/121 3262/121/3331 3263/119/3329
f 3230/181/2696 3229/2685/2685 6459/2685/5895 6460/181/5906
f 2614/2701/2702 2613/2699/2700 5843/2699/5910 5844/2701/5912
f 2260/2149/2144 2259/2144/2139 5489/2144/5349 5490/2149/5354
f 2598/2704/2705 2597/2706/2707 5827/2706/5917 5828/2704/5915
f 49/131/131 48/130/130 3278/130/3340 3279/131/3341
f 2356/2152/2147 2355/2147/2142 5585/2147/5352 5586/2152/5357
f 1418/1798/1797 1417/1795/1794 4647/1795/5004 4648/1798/5007
f 25/136/136 24/137/137 3254/137/3347 3255/136/3346
f 2590/2716/2717 2589/2718/2720 5819/2718/5930 5820/2716/5927
f 2292/2156/2152 2291/2161/2157 5521/2161/5367 5522/2156/5362
f 1426/1804/1803 1425/1803/1802 4655/1803/5012 4656/1804/5013
f 17/145/145 16/146/146 3246/146/3356 3247/145/3355
f 2622/2727/2729 2621/2721/2723 5851/2721/5933 5852/2727/5939
f 2268/2164/2160 2267/2162/2158 5497/2162/5368 5498/2164/5370
f 2582/2728/2730 2581/2729/2731 5811/2729/5941 5812/2728/5940
f 1434/1812/1811 1433/1811/1810 4663/1811/5020 4664/1812/5021
f 9/157/157 8/160/160 3238/160/3370 3239/157/3367
f 1642/1820/1819 1641/1822/1821 4871/1822/5031 4872/1820/5029
f 3054/2736/2738 3053/2734/2736 6283/2734/5946 6284/2736/5948
f 2276/2180/2176 2275/2178/2174 5505/2178/5384 5506/2180/5386
f 3046/2741/2743 3045/2744/2746 6275/2744/5956 6276/2741/5953
f 2284/2186/2182 2283/2189/2185 5513/2189/5395 5514/2186/5392
f 57/167/167 56/164/164 3286/164/3374 3287/167/3377
f 2396/2175/2171 2395/2191/2187 5625/2191/5397 5626/2175/5381
f 209/193/193 208/191/191 3438/191/3401 3439/193/3403
f 1442/1831/1830 1441/1828/1827 4671/1828/5037 4672/1831/5040
f 201/192/192 200/194/194 3430/194/3404 3431/192/3402
f 2574/2756/538 2573/2760/2761 5803/2760/5971 5804/2756/3748
f 1634/1833/1832 1633/1835/1834 4863/1835/5044 4864/1833/5042
f 2364/2197/2193 2363/2195/2191 5593/2195/5401 5594/2197/5403
f 1586/1845/1844 1585/1850/1849 4815/1850/5059 4816/1845/5054
f 3062/2766/2767 3061/2763/2764 6291/2763/5974 6292/2766/5977
f 2388/2207/2203 2387/2209/2205 5617/2209/5415 5618/2207/5413
f 193/210/210 192/211/211 3422/211/3421 3423/210/3420
f 3038/2767/2768 3037/2772/2773 6267/2772/5983 6268/2767/5978
f 2372/2212/2208 2371/2210/2206 5601/2210/5416 5602/2212/5418
f 1594/1859/1858 1593/1857/1856 4823/1857/5066 4824/1859/5068
f 217/214/214 216/212/212 3446/212/3422 3447/214/3424
f 2380/2223/2219 2379/2225/2221 5609/2225/5431 5610/2223/5429
f 369/205/205 368/215/215 3598/215/3425 3599/205/3415
f 2452/2228/2224 2451/2227/2223 5681/2227/5434 5682/2228/5433
f 1626/1863/1862 1625/1870/1869 4855/1870/5079 4856/1863/5072
f 361/217/217 360/180/180 3590/180/3390 3591/217/3427
f 2444/2240/2236 2443/2242/2238 5673/2242/5448 5674/2240/5446
f 2630/2780/2780 2629/2775/2776 5859/2775/5986 5860/2780/5990
f 1506/1873/1872 1505/1856/1855 4735/1856/5065 4736/1873/5082
f 3094/2781/2781 3093/2782/599 6323/2782/3809 6324/2781/5991
f 1578/1869/1868 1577/1874/1873 4807/1874/5083 4808/1869/5078
f 2460/2243/2239 2459/2241/2237 5689/2241/5447 5690/2243/5449
f 185/226/226 184/228/228 3414/228/3438 3415/226/3436
f 3070/2803/2802 3069/2799/2798 6299/2799/6008 6300/2803/6012
f 2436/2254/2250 2435/2255/2251 5665/2255/5461 5666/2254/5460
f 1602/1881/1880 1601/1877/1876 4831/1877/5086 4832/1881/5090
f 2638/2804/2803 2637/2801/2800 5867/2801/6010 5868/2804/6013
f 1618/1892/1891 1617/1895/1894 4847/1895/5104 4848/1892/5101
f 3086/2809/2808 3085/2813/2812 6315/2813/6022 6316/2809/6018
f 1610/1904/1903 1609/1902/1901 4839/1902/5111 4840/1904/5113
f 65/230/230 64/220/220 3294/220/3430 3295/230/3440
f 3078/2824/2823 3077/2825/2824 6307/2825/6034 6308/2824/6033
f 2428/2264/2260 2427/2265/2261 5657/2265/5471 5658/2264/5470
f 1570/1909/1908 1569/1911/1910 4799/1911/5120 4800/1909/5118
f 2678/2831/2830 2677/2832/2831 5907/2832/6041 5908/2831/6040
f 121/229/229 120/233/233 3350/233/3443 3351/229/3439
f 225/255/255 224/252/252 3454/252/3462 3455/255/3465
f 2427/2265/2261 2570/181/2263 5800/181/5473 5657/2265/5471
f 241/209/209 240/258/258 3470/258/3468 3471/209/3419
f 1514/1925/1924 1513/1921/1920 4743/1921/5130 4744/1925/5134
f 233/269/269 232/270/270 3462/270/3480 3463/269/3479
f 2468/2267/2264 2467/2266/2262 5697/2266/5472 5698/2267/5474
f 1562/1923/1922 1561/1926/1925 4791/1926/5135 4792/1923/5132
f 177/256/256 176/274/274 3406/274/3484 3407/256/3466
f 2686/2845/2844 2685/2843/2842 5915/2843/6052 5916/2845/6054
f 2564/2277/2274 2563/2279/2276 5793/2279/5486 5794/2277/5484
f 2646/2847/2846 2645/2839/2838 5875/2839/6048 5876/2847/6056
f 1522/1943/1942 1521/1940/1939 4751/1940/5149 4752/1943/5152
f 113/285/285 112/289/289 3342/289/3499 3343/285/3495
f 2670/2848/2847 2669/2850/2849 5899/2850/6059 5900/2848/6057
f 2476/2285/2282 2475/2283/2280 5705/2283/5490 5706/2285/5492
f 1554/1941/1940 1553/1945/1944 4783/1945/5154 4784/1941/5150
f 129/290/290 128/286/286 3358/286/3496 3359/290/3500
f 2662/2867/2866 2661/2868/2867 5891/2868/6077 5892/2867/6076
f 2484/2297/2294 2483/2296/2293 5713/2296/5503 5714/2297/5504
f 2556/2295/2292 2555/2298/2295 5785/2298/5505 5786/2295/5502
f 1530/1957/1956 1529/1954/1953 4759/1954/5163 4760/1957/5166
f 73/298/298 72/293/293 3302/293/3503 3303/298/3508
f 2654/2874/2873 2653/2872/2871 5883/2872/6081 5884/2874/6083
f 1546/1962/1961 1545/1964/1963 4775/1964/5173 4776/1962/5171
f 169/296/296 168/300/300 3398/300/3510 3399/296/3506
f 3030/2840/2839 3029/2878/2877 6259/2878/6087 6260/2840/6049
f 2492/2310/2307 2491/2309/2306 5721/2309/5516 5722/2310/5517
f 1498/1942/1941 1497/1971/1970 4727/1971/5180 4728/1942/5151
f 2548/2316/2314 2547/2320/2318 5777/2320/5528 5778/2316/5524
f 2982/2886/2885 2981/2885/2884 6211/2885/6094 6212/2886/6095
f 1538/1974/1973 1537/1972/1971 4767/1972/5181 4768/1974/5183
f 137/320/320 136/318/318 3366/318/3528 3367/320/3530
f 2694/2890/2889 2693/2883/2882 5923/2883/6092 5924/2890/6099
f 2500/2321/2319 2499/2319/2317 5729/2319/5527 5730/2321/5529
f 81/321/321 80/317/317 3310/317/3527 3311/321/3531
f 105/327/327 104/331/331 3334/331/3541 3335/327/3537
f 1450/1979/1978 1449/1977/1976 4679/1977/5186 4680/1979/5188
f 2990/2901/2900 2989/2899/2898 6219/2899/6108 6220/2901/6110
f 2508/2334/2332 2507/2332/2330 5737/2332/5540 5738/2334/5542
f 145/337/337 144/335/335 3374/335/3545 3375/337/3547
f 2540/2337/2335 2539/2339/2337 5769/2339/5547 5770/2337/5545
f 1458/1992/1991 1457/1991/1990 4687/1991/5200 4688/1992/5201
f 2998/2912/2911 2997/2911/2910 6227/2911/6120 6228/2912/6121
f 89/348/348 88/345/345 3318/345/3555 3319/348/3558
f 3022/2903/2902 3021/2913/2912 6251/2913/6122 6252/2903/6112
f 1466/2001/2000 1465/2000/1999 4695/2000/5209 4696/2001/5210
f 161/347/347 160/355/355 3390/355/3565 3391/347/3557
f 1490/1999/1998 1489/2002/2001 4719/2002/5211 4720/1999/5208
f 2516/2352/2350 2515/2349/2347 5745/2349/5557 5746/2352/5560
f 3006/2927/2926 3005/2925/2924 6235/2925/6134 6236/2927/6136
f 2532/2351/2349 2531/2353/2351 5761/2353/5561 5762/2351/5559
f 2524/2366/2364 2523/2367/2365 5753/2367/5575 5754/2366/5574
f 1474/2015/2014 1473/2013/2012 4703/2013/5222 4704/2015/5224
f 97/366/366 96/365/365 3326/365/3575 3327/366/3576
f 2068/2370/2368 2067/2369/2367 5297/2369/5578 5298/2370/5577
f 1482/2018/2017 1481/2020/2019 4711/2020/5229 4712/2018/5227
f 153/367/367 152/362/362 3382/362/3572 3383/367/3577
f 3014/2939/2938 3013/2937/2936 6243/2937/6146 6244/2939/6148
f 2060/2380/2378 2059/2382/2380 5289/2382/5590 5290/2380/5588
f 601/373/373 600/376/376 3830/376/3586 3831/373/3583
f 2894/2921/2920 2893/2942/2941 6123/2942/6151 6124/2921/6130
f 2330/2025/1844 2329/2029/2027 5559/2029/5237 5560/2025/5054
f 2974/2943/2942 2973/2946/2945 6203/2946/6155 6204/2943/6152
f 2076/2387/2385 2075/2385/2383 5305/2385/5593 5306/2387/5595
f 2226/2030/2028 2225/2028/2026 5455/2028/5236 5456/2030/5238
f 593/387/387 592/388/388 3822/388/3598 3823/387/3597
f 2052/2394/2392 2051/2396/2394 5281/2396/5604 5282/2394/5602
f 2044/2405/2403 2043/2406/2404 5273/2406/5614 5274/2405/5613
f 2234/2042/2040 2233/2040/2038 5463/2040/5248 5464/2042/5250
f 609/391/391 608/389/389 3838/389/3599 3839/391/3601
f 2902/2959/2958 2901/2955/2954 6131/2955/6164 6132/2959/6168
f 2322/2047/2045 2321/2049/2047 5551/2049/5257 5552/2047/5255
f 585/400/400 584/401/401 3814/401/3611 3815/400/3610
f 2702/2961/2960 2701/2956/2955 5931/2956/6165 5932/2961/6170
f 2966/2972/2971 2965/2977/2976 6195/2977/6186 6196/2972/6181
f 2084/2411/2409 2083/2409/2407 5313/2409/5617 5314/2411/5619
f 2886/2976/2975 2885/2981/2980 6115/2981/6190 6116/2976/6185
f 2036/2421/2419 2035/2423/2421 5265/2423/5631 5266/2421/5629
f 2314/2060/2057 2313/2061/2058 5543/2061/5268 5544/2060/5267
f 577/411/411 576/413/413 3806/413/3623 3807/411/3621
f 2710/2985/2984 2709/2983/2982 5939/2983/6192 5940/2985/6194
f 617/416/416 616/412/412 3846/412/3622 3847/416/3626
f 2092/2426/2424 2091/2424/2422 5321/2424/5632 5322/2426/5634
f 2242/2063/2060 2241/2059/2056 5471/2059/5266 5472/2063/5270
f 569/422/422 568/423/423 3798/423/3633 3799/422/3632
f 2220/2435/2434 2219/2437/2436 5449/2437/5646 5450/2435/5644
f 2306/2070/2067 2305/2073/2070 5535/2073/5280 5536/2070/5277
f 2910/2993/2992 2909/2989/2988 6139/2989/6198 6140/2993/6202
f 2878/3007/3006 2877/3010/3009 6107/3010/6219 6108/3007/6216
f 561/434/434 560/435/435 3790/435/3645 3791/434/3644
f 2100/2442/2441 2099/2440/2439 5329/2440/5649 5330/2442/5651
f 2250/2081/2078 2249/2079/2076 5479/2079/5286 5480/2081/5288
f 2426/2086/2083 2425/2092/2089 5655/2092/5299 5656/2086/5293
f 2958/3009/3008 2957/3014/3013 6187/3014/6223 6188/3009/6218
f 2212/2452/2451 2211/2455/2454 5441/2455/5664 5442/2452/5661
f 2718/3015/3014 2717/3012/3011 5947/3012/6221 5948/3015/6224
f 2338/2095/2092 2337/2094/2091 5567/2094/5301 5568/2095/5302
f 625/439/439 624/437/437 3854/437/3647 3855/439/3649
f 2108/158/2455 2107/2454/2453 5337/2454/5663 5338/158/5665
f 633/452/452 632/450/450 3862/450/3660 3863/452/3662
f 641/457/457 640/458/458 3870/458/3668 3871/457/3667
f 2726/3033/3032 2725/3032/3031 5955/3032/6241 5956/3033/6242
f 2116/2465/2465 2115/2464/2464 5345/2464/5674 5346/2465/5675
f 649/469/469 648/468/468 3878/468/3678 3879/469/3679
f 2418/2110/1868 2417/2112/2107 5647/2112/5317 5648/2110/5078
f 697/475/475 696/477/477 3926/477/3687 3927/475/3685
f 2918/3036/3035 2917/3029/3028 6147/3029/6238 6148/3036/6245
f 2124/2473/2473 2123/2472/2472 5353/2472/5682 5354/2473/5683
f 2822/3037/1844 2821/3042/2027 6051/3042/5237 6052/3037/5054
f 2346/2113/2108 2345/2108/2105 5575/2108/5315 5576/2113/5318
f 505/481/481 504/480/480 3734/480/3690 3735/481/3692
f 2204/2484/2484 2203/2486/2486 5433/2486/5696 5434/2484/5694
f 2410/2123/2118 2409/2124/2119 5639/2124/5329 5640/2123/5328
f 2298/2114/2109 2297/2125/2120 5527/2125/5330 5528/2114/5319
f 705/499/499 704/493/493 3934/493/3703 3935/499/3709
f 2132/2487/2487 2131/2485/2485 5361/2485/5695 5362/2487/5697
f 497/500/500 496/502/502 3726/502/3712 3727/500/3710
f 2830/3047/3044 2829/3046/3043 6059/3046/6253 6060/3047/6254
f 2870/3035/3034 2869/3052/3049 6099/3052/6259 6100/3035/6244
f 2196/2499/2499 2195/2502/2502 5425/2502/5712 5426/2499/5709
f 2258/2140/2135 2257/2136/2131 5487/2136/5341 5488/2140/5345
f 689/501/501 688/504/504 3918/504/3714 3919/501/3711
f 2814/3068/1868 2813/3071/3067 6043/3071/6277 6044/3068/5078
f 2402/2135/2130 2401/2141/2136 5631/2141/5346 5632/2135/5340
f 2140/2503/2503 2139/2501/2501 5369/2501/5711 5370/2503/5713
f 2354/2145/2140 2353/2142/2137 5583/2142/5347 5584/2145/5350
f 489/523/523 488/525/525 3718/525/3735 3719/523/3733
f 2838/3072/3068 2837/3066/3063 6067/3066/6273 6068/3072/6278
f 2188/2516/2516 2187/2518/2518 5417/2518/5728 5418/2516/5726
f 2950/3070/3066 2949/3075/3071 6179/3075/6281 6180/3070/6276
f 2266/2160/2156 2265/2159/2155 5495/2159/5365 5496/2160/5366
f 681/524/524 680/526/526 3910/526/3736 3911/524/3734
f 2862/3082/3078 2861/3083/3079 6091/3083/6289 6092/3082/6288
f 2148/2519/2519 2147/2517/2517 5377/2517/5727 5378/2519/5729
f 2290/2165/2161 2289/2168/2164 5519/2168/5374 5520/2165/5371
f 2854/3100/3096 2853/3101/3097 6083/3101/6307 6084/3100/6306
f 2180/2526/2527 2179/2527/2528 5409/2527/5738 5410/2526/5737
f 513/530/530 512/518/518 3742/518/3728 3743/530/3740
f 2846/3105/3101 2845/3102/3098 6075/3102/6308 6076/3105/6311
f 2172/2536/2537 2171/2537/2538 5401/2537/5748 5402/2536/5747
f 673/538/538 672/539/539 3902/539/3749 3903/538/3748
f 2806/3116/3112 2805/3118/3114 6035/3118/6324 6036/3116/6322
f 2274/2177/2173 2273/2174/2170 5503/2174/5380 5504/2177/5383
f 2942/3117/3113 2941/3119/3115 6171/3119/6325 6172/3117/6323
f 665/550/550 664/551/551 3894/551/3761 3895/550/3760
f 2156/2546/2547 2155/2544/2545 5385/2544/5755 5386/2546/5757
f 2926/3139/3135 2925/3138/3134 6155/3138/6344 6156/3139/6345
f 2164/2553/2554 2163/2556/2557 5393/2556/5767 5394/2553/5764
f 2282/2190/2186 2281/2188/2184 5511/2188/5394 5512/2190/5396
f 481/558/558 480/562/562 3710/562/3772 3711/558/3768
f 2934/3142/3138 2933/3144/3140 6163/3144/6350 6164/3142/6348
f 3172/2559/2560 3171/2558/2559 6401/2558/5770 6402/2559/5769
f 2798/3136/3132 2797/3150/3146 6027/3150/6356 6028/3136/6342
f 3164/2570/2571 3163/2572/2573 6393/2572/5783 6394/2570/5781
f 657/561/561 656/563/563 3886/563/3773 3887/561/3771
f 2362/2194/2190 2361/2192/2188 5591/2192/5398 5592/2194/5400
f 2394/2193/2189 2393/2196/2192 5623/2196/5402 5624/2193/5399
f 3180/2575/2576 3179/2573/2574 6409/2573/5784 6410/2575/5786
f 713/567/567 712/555/555 3942/555/3765 3943/567/3777
f 2734/3155/3151 2733/3152/3148 5963/3152/6358 5964/3155/6361
f 3156/2584/2585 3155/2585/2586 6385/2585/5796 6386/2584/5795
f 553/455/455 552/572/572 3782/572/3782 3783/455/3665
f 2790/3161/3157 2789/3162/3158 6019/3162/6368 6020/3161/6367
f 2370/2208/2204 2369/2206/2202 5599/2206/5412 5600/2208/5414
f 2782/3173/3169 2781/3174/3170 6011/3174/6380 6012/3173/6379
f 2386/2211/2207 2385/2213/2209 5615/2213/5419 5616/2211/5417
f 545/580/580 544/581/581 3774/581/3791 3775/580/3790
f 3148/2595/2596 3147/2596/2597 6377/2596/5807 6378/2595/5806
f 2742/3177/3173 2741/3175/3171 5971/3175/6381 5972/3177/6383
f 3188/2601/2602 3187/2598/2599 6417/2598/5809 6418/2601/5812
f 2378/2224/2220 2377/2222/2218 5607/2222/5428 5608/2224/5430
f 537/590/590 536/593/593 3766/593/3803 3767/590/3800
f 2774/3186/3182 2773/3189/3185 6003/3189/6395 6004/3186/6392
f 3140/2605/2606 3139/2607/2608 6369/2607/5818 6370/2605/5816
f 2450/2226/2222 2449/2230/2226 5679/2230/5436 5680/2226/5432
f 529/601/601 528/603/603 3758/603/3813 3759/601/3811
f 3132/2615/2616 3131/2616/2617 6361/2616/5827 6362/2615/5826
f 2750/3193/3189 2749/3191/3187 5979/3191/6397 5980/3193/6399
f 2458/2239/2235 2457/2237/2233 5687/2237/5443 5688/2239/5445
f 521/610/610 520/612/612 3750/612/3822 3751/610/3820
f 2442/2244/2240 2441/2246/2242 5671/2246/5452 5672/2244/5450
f 3124/2626/2627 3123/2628/2629 6353/2628/5839 6354/2626/5837
f 721/620/620 720/618/618 3950/618/3828 3951/620/3830
f 2758/3207/3203 2757/3205/3201 5987/3205/6411 5988/3207/6413
f 857/626/626 856/624/624 4086/624/3834 4087/626/3836
f 2766/3206/3202 2765/3209/3205 5995/3209/6415 5996/3206/6412
f 2434/2257/2253 2433/2258/2254 5663/2258/5464 5664/2257/5463
f 849/633/633 848/635/635 4078/635/3845 4079/633/3843
f 303/5/5 302/3/3 3532/3/3212 3533/5/3215
f 3196/2633/2634 3195/2629/2630 6425/2629/5840 6426/2633/5844
f 865/645/645 864/643/643 4094/643/3853 4095/645/3855
f 295/11/11 294/13/13 3524/13/3223 3525/11/3221
f 3116/2641/2642 3115/2643/2644 6345/2643/5854 6346/2641/5852
f 2466/2261/2257 2465/2256/2252 5695/2256/5462 5696/2261/5467
f 841/650/650 840/652/652 4070/652/3862 4071/650/3860
f 2570/181/2263 2569/2268/2265 5799/2268/5475 5800/181/5473
f 473/636/636 472/657/657 3702/657/3867 3703/636/3846
f 311/23/23 310/21/21 3540/21/3231 3541/23/3233
f 3204/2647/2648 3203/2646/2647 6433/2646/5857 6434/2647/5858
f 287/25/25 286/26/26 3516/26/3236 3517/25/3235
f 3212/2659/2660 3211/2658/2659 6441/2658/5869 6442/2659/5870
f 2474/2280/2277 2473/2278/2275 5703/2278/5485 5704/2280/5487
f 3108/2665/2665 3107/2669/2669 6337/2669/5879 6338/2665/5875
f 2562/2281/2278 2561/2282/2279 5791/2282/5489 5792/2281/5488
f 833/663/663 832/666/666 4062/666/3876 4063/663/3873
f 279/35/35 278/36/36 3508/36/3246 3509/35/3245
f 2482/2294/2291 2481/2293/2290 5711/2293/5500 5712/2294/5501
f 3220/2670/2670 3219/2668/2668 6449/2668/5878 6450/2670/5880
f 2554/2300/2297 2553/2303/2300 5783/2303/5510 5784/2300/5507
f 873/673/673 872/671/671 4102/671/3881 4103/673/3883
f 319/49/49 318/47/47 3548/47/3257 3549/49/3259
f 3228/2683/2683 3227/2681/2681 6457/2681/5891 6458/2683/5893
f 2490/2307/2304 2489/2306/2303 5719/2306/5513 5720/2307/5514
f 729/676/676 728/674/674 3958/674/3884 3959/676/3886
f 271/48/48 270/50/50 3500/50/3260 3501/48/3258
f 2604/2691/2691 2603/2693/2693 5833/2693/5903 5834/2691/5901
f 2498/2318/2316 2497/2317/2315 5727/2317/5525 5728/2318/5526
f 737/688/690 736/687/688 3966/687/3898 3967/688/3900
f 2546/2325/2323 2545/2327/2325 5775/2327/5535 5776/2325/5533
f 263/63/63 262/64/64 3492/64/3274 3493/63/3273
f 2612/2697/2698 2611/2695/2695 5841/2695/5905 5842/2697/5908
f 745/701/703 744/699/701 3974/699/3911 3975/701/3913
f 2596/2707/2708 2595/2709/2710 5825/2709/5920 5826/2707/5918
f 2506/2330/2328 2505/2328/2326 5735/2328/5536 5736/2330/5538
f 327/67/67 326/65/65 3556/65/3275 3557/67/3277
f 2538/2341/2339 2537/2343/2341 5767/2343/5551 5768/2341/5549
f 377/708/710 376/705/707 3606/705/3917 3607/708/3920
f 335/80/80 334/79/79 3564/79/3289 3565/80/3290
f 465/713/715 464/716/718 3694/716/3928 3695/713/3925
f 255/81/81 254/85/85 3484/85/3295 3485/81/3291
f 2571/178/2718 3230/181/2696 6460/181/5906 5801/178/5928
f 825/721/723 824/726/728 4054/726/3938 4055/721/3933
f 2620/2717/2719 2619/2712/2713 5849/2712/5923 5850/2717/5929
f 2514/2347/2345 2513/2345/2343 5743/2345/5553 5744/2347/5555
f 2588/2719/2721 2587/2720/2722 5817/2720/5932 5818/2719/5931
f 2530/2355/2353 2529/2357/2355 5759/2357/5565 5760/2355/5563
f 343/92/92 342/90/90 3572/90/3300 3573/92/3302
f 385/734/736 384/731/733 3614/731/3943 3615/734/3946
f 351/101/101 350/99/99 3580/99/3309 3581/101/3311
f 3100/2694/2694 3099/2723/2725 6329/2723/5935 6330/2694/5904
f 2522/2365/2363 2521/2363/2361 5751/2363/5571 5752/2365/5573
f 39/113/113 38/112/112 3268/112/3321 3269/113/3323
f 2066/2368/2366 2065/2371/2369 5295/2371/5579 5296/2368/5576
f 753/737/739 752/732/734 3982/732/3944 3983/737/3949
f 247/108/108 246/125/125 3476/125/3335 3477/108/3318
f 3052/2732/2734 3051/2731/2733 6281/2731/5944 6282/2732/5943
f 457/736/738 456/738/740 3686/738/3950 3687/736/3948
f 2580/2737/2739 2579/2742/2744 5809/2742/5954 5810/2737/5949
f 449/751/753 448/752/754 3678/752/3964 3679/751/3963
f 31/123/123 30/127/127 3260/127/3337 3261/123/3333
f 2074/2383/2381 2073/2381/2379 5303/2381/5589 5304/2383/5591
f 441/762/764 440/763/765 3670/763/3975 3671/762/3974
f 3044/2747/2749 3043/2751/2753 6273/2751/5963 6274/2747/5959
f 2058/2384/2382 2057/2386/2384 5287/2386/5594 5288/2384/5592
f 47/128/128 46/126/126 3276/126/3336 3277/128/3338
f 3060/2759/2760 3059/2755/2757 6289/2755/5967 6290/2759/5970
f 23/138/138 22/139/139 3252/139/3349 3253/138/3348
f 2572/2762/2763 2571/178/2718 5801/178/5928 5802/2762/5973
f 2050/2397/2395 2049/2398/2396 5279/2398/5606 5280/2397/5605
f 15/147/147 14/148/148 3244/148/3358 3245/147/3357
f 393/772/774 392/766/768 3622/766/3978 3623/772/3984
f 2628/2771/2772 2627/2768/2769 5857/2768/5979 5858/2771/5982
f 2082/2407/2405 2081/2403/2401 5311/2403/5611 5312/2407/5615
f 433/773/775 432/774/776 3662/774/3986 3663/773/3985
f 3036/2778/2779 3035/2783/2782 6265/2783/5992 6266/2778/5989
f 2042/2408/2406 2041/2410/2408 5271/2410/5618 5272/2408/5616
f 425/788/790 424/789/791 3654/789/4001 3655/788/4000
f 55/161/161 54/158/158 3284/158/3368 3285/161/3371
f 7/163/163 6/165/165 3236/165/3375 3237/163/3373
f 3092/2786/2785 3091/2787/2786 6321/2787/5996 6322/2786/5995
f 2090/2422/2420 2089/2420/2418 5319/2420/5628 5320/2422/5630
f 401/796/798 400/794/796 3630/794/4006 3631/796/4008
f 2034/2425/2423 2033/2427/2425 5263/2427/5635 5264/2425/5633
f 417/803/805 416/805/807 3646/805/4017 3647/803/4015
f 359/174/174 358/166/166 3588/166/3376 3589/174/3384
f 3068/2794/2793 3067/2788/2787 6297/2788/5997 6298/2794/6003
f 2636/2798/2797 2635/2797/2796 5865/2797/6006 5866/2798/6007
f 409/816/818 408/814/816 3638/814/4026 3639/816/4028
f 207/189/189 206/187/187 3436/187/3396 3437/189/3399
f 3084/2814/2813 3083/2815/2814 6313/2815/6024 6314/2814/6023
f 817/817/819 816/820/822 4046/820/4032 4047/817/4029
f 199/196/196 198/197/197 3428/197/3407 3429/196/3406
f 2098/2438/2437 2097/2436/2435 5327/2436/5645 5328/2438/5647
f 2218/2439/2438 2217/2441/2440 5447/2441/5650 5448/2439/5648
f 761/823/825 760/821/823 3990/821/4033 3991/823/4035
f 63/202/202 62/183/183 3292/183/3393 3293/202/3412
f 215/208/208 214/206/206 3444/206/3416 3445/208/3418
f 2106/2453/2452 2105/2451/2450 5335/2451/5660 5336/2453/5662
f 809/835/837 808/837/839 4038/837/4049 4039/835/4047
f 191/213/213 190/216/216 3420/216/3426 3421/213/3423
f 3076/2827/2826 3075/2826/2825 6305/2826/6035 6306/2827/6036
f 2210/2457/2457 2209/2462/2462 5439/2462/5672 5440/2457/5667
f 769/838/840 768/836/838 3998/836/4048 3999/838/4050
f 801/847/849 800/848/850 4030/848/4060 4031/847/4059
f 367/222/222 366/227/227 3596/227/3437 3597/222/3432
f 2114/2463/2463 2113/2461/2461 5343/2461/5671 5344/2463/5673
f 793/855/857 792/856/858 4022/856/4068 4023/855/4067
f 183/234/234 182/236/236 3412/236/3446 3413/234/3444
f 2644/2829/2828 2643/2822/2821 5873/2822/6031 5874/2829/6038
f 2676/2834/2833 2675/2836/2835 5905/2836/6045 5906/2834/6043
f 2122/2471/2471 2121/2470/2470 5351/2470/5680 5352/2471/5681
f 119/241/241 118/247/247 3348/247/3457 3349/241/3451
f 777/866/868 776/864/866 4006/864/4076 4007/866/4078
f 223/248/248 222/244/244 3452/244/3454 3453/248/3458
f 785/872/874 784/874/876 4014/874/4086 4015/872/4084
f 239/259/259 238/261/261 3468/261/3471 3469/259/3469
f 2684/2841/2840 2683/2837/2836 5913/2837/6046 5914/2841/6050
f 1289/881/883 1288/879/881 4518/879/4090 4519/881/4093
f 231/272/272 230/273/273 3460/273/3483 3461/272/3482
f 2668/2853/2852 2667/2855/2854 5897/2855/6064 5898/2853/6062
f 2130/2483/2483 2129/2480/2480 5359/2480/5690 5360/2483/5693
f 1201/889/891 1200/892/894 4430/892/4104 4431/889/4101
f 2202/2488/2488 2201/2489/2489 5431/2489/5699 5432/2488/5698
f 2692/2865/2864 2691/2861/2860 5921/2861/6070 5922/2865/6074
f 175/278/278 174/280/280 3404/280/3490 3405/278/3488
f 1209/900/902 1208/896/898 4438/896/4108 4439/900/4112
f 2138/2500/2500 2137/2498/2498 5367/2498/5708 5368/2500/5710
f 1281/898/900 1280/901/903 4510/901/4113 4511/898/4110
f 127/282/282 126/277/277 3356/277/3487 3357/282/3492
f 2194/2504/2504 2193/2506/2506 5423/2506/5716 5424/2504/5714
f 2652/2869/2868 2651/2866/2865 5881/2866/6075 5882/2869/6078
f 2660/2870/2869 2659/2871/2870 5889/2871/6080 5890/2870/6079
f 1193/917/919 1192/921/923 4422/921/4133 4423/917/4129
f 71/288/288 70/284/284 3300/284/3494 3301/288/3498
f 2146/2515/2515 2145/2513/2513 5375/2513/5723 5376/2515/5725
f 111/292/292 110/297/297 3340/297/3507 3341/292/3502
f 2186/2520/2520 2185/312/2521 5415/312/5731 5416/2520/5730
f 167/305/305 166/310/310 3396/310/3520 3397/305/3515
f 2178/2528/2529 2177/2530/2531 5407/2530/5741 5408/2528/5739
f 1297/924/926 1296/918/920 4526/918/4130 4527/924/4136
f 2980/2881/2880 2979/2879/2878 6209/2879/6088 6210/2881/6090
f 2170/2538/2539 2169/2540/2541 5399/2540/5751 5400/2538/5749
f 1273/929/931 1272/930/932 4502/930/4142 4503/929/4141
f 3028/2880/2879 3027/2884/2883 6257/2884/6093 6258/2880/6089
f 79/313/313 78/311/311 3308/311/3521 3309/313/3523
f 1217/931/933 1216/922/924 4446/922/4134 4447/931/4143
f 2154/2543/2544 2153/2541/2542 5383/2541/5752 5384/2543/5754
f 1265/942/944 1264/943/945 4494/943/4155 4495/942/4154
f 2988/2897/2896 2987/2895/2894 6217/2895/6104 6218/2897/6106
f 135/316/316 134/314/314 3364/314/3524 3365/316/3526
f 2162/2555/2556 2161/2554/2555 5391/2554/5765 5392/2555/5766
f 1257/952/954 1256/954/956 4486/954/4166 4487/952/4164
f 2996/2910/2909 2995/2909/2908 6225/2909/6118 6226/2910/6119
f 3170/2557/2558 3169/2560/2561 6399/2560/5771 6400/2557/5768
f 143/332/332 142/330/330 3372/330/3540 3373/332/3542
f 1249/963/965 1248/964/966 4478/964/4176 4479/963/4175
f 3020/2918/2917 3019/2923/2922 6249/2923/6132 6250/2918/6127
f 87/342/342 86/340/340 3316/340/3550 3317/342/3552
f 3178/2571/2572 3177/2569/2570 6407/2569/5780 6408/2571/5782
f 103/338/338 102/343/343 3332/343/3553 3333/338/3548
f 3004/2924/2923 3003/2922/2921 6233/2922/6131 6234/2924/6133
f 3162/2574/2575 3161/2576/2577 6391/2576/5787 6392/2574/5785
f 1241/975/977 1240/976/978 4470/976/4188 4471/975/4187
f 3012/2936/2935 3011/2935/2934 6241/2935/6144 6242/2936/6145
f 3154/2587/2588 3153/2588/2589 6383/2588/5799 6384/2587/5798
f 1305/981/983 1304/974/976 4534/974/4186 4535/981/4193
f 151/358/358 150/354/354 3380/354/3564 3381/358/3568
f 1233/989/991 1232/990/992 4462/990/4202 4463/989/4201
f 3186/2594/2595 3185/2590/2591 6415/2590/5801 6416/2594/5805
f 3146/2597/2598 3145/2599/2600 6375/2599/5810 6376/2597/5808
f 1225/991/993 1224/988/990 4454/988/4200 4455/991/4203
f 95/364/364 94/360/360 3324/360/3570 3325/364/3574
f 2900/2951/2950 2899/2947/2946 6129/2947/6156 6130/2951/6160
f 1185/994/996 1184/1001/1003 4414/1001/4213 4415/994/4206
f 159/363/363 158/369/369 3388/369/3579 3389/363/3573
f 2700/2952/2951 2699/2949/2948 5929/2949/6158 5930/2952/6161
f 3138/2608/2609 3137/2609/2610 6367/2609/5820 6368/2608/5819
f 599/378/378 598/379/379 3828/379/3589 3829/378/3588
f 2892/2948/2947 2891/2953/2952 6121/2953/6162 6122/2948/6157
f 2972/2950/2949 2971/2954/2953 6201/2954/6163 6202/2950/6159
f 3130/2618/2619 3129/2619/2620 6359/2619/5830 6360/2618/5829
f 1313/1007/1009 1312/1006/1008 4542/1006/4218 4543/1007/4219
f 607/386/386 606/383/383 3836/383/3593 3837/386/3596
f 3194/2627/2628 3193/2624/2625 6423/2624/5835 6424/2627/5838
f 591/390/390 590/392/392 3820/392/3602 3821/390/3600
f 2708/2980/2979 2707/2978/2977 5937/2978/6187 5938/2980/6189
f 3122/2630/2631 3121/2631/2632 6351/2631/5842 6352/2630/5841
f 1137/1025/1027 1136/1023/1025 4366/1023/4235 4367/1025/4237
f 1321/1028/1030 1320/1024/1026 4550/1024/4236 4551/1028/4240
f 583/403/403 582/404/404 3812/404/3614 3813/403/3613
f 2908/2984/2983 2907/2979/2978 6137/2979/6188 6138/2984/6193
f 3202/2644/2645 3201/2642/2643 6431/2642/5853 6432/2644/5855
f 1177/1038/1040 1176/1042/1044 4406/1042/4254 4407/1038/4250
f 2964/2982/2981 2963/2986/2985 6193/2986/6195 6194/2982/6191
f 3114/2645/2646 3113/2648/2649 6343/2648/5859 6344/2645/5856
f 2884/2987/2986 2883/2992/2991 6113/2992/6201 6114/2987/6196
f 1145/1045/1047 1144/1044/1046 4374/1044/4256 4375/1045/4257
f 615/408/408 614/405/405 3844/405/3615 3845/408/3618
f 1329/1046/1048 1328/1043/1045 4558/1043/4255 4559/1046/4258
f 575/414/414 574/415/415 3804/415/3625 3805/414/3624
f 3210/2657/2658 3209/2655/2656 6439/2655/5866 6440/2657/5868
f 3218/2667/2667 3217/2666/2666 6447/2666/5876 6448/2667/5877
f 2716/3008/3007 2715/3003/3002 5945/3003/6212 5946/3008/6217
f 3106/2672/2672 3105/2675/2675 6335/2675/5885 6336/2672/5882
f 1153/1061/1063 1152/1058/1060 4382/1058/4270 4383/1061/4273
f 567/425/425 566/426/426 3796/426/3636 3797/425/3635
f 2876/3013/3012 2875/3016/3015 6105/3016/6225 6106/3013/6222
f 1161/1074/1076 1160/1073/1075 4390/1073/4285 4391/1074/4286
f 623/436/436 622/433/433 3852/433/3643 3853/436/3646
f 3226/2679/2679 3225/2678/2678 6455/2678/5888 6456/2679/5889
f 1169/1075/1077 1168/1079/1081 4398/1079/4291 4399/1075/4287
f 559/438/438 558/440/440 3788/440/3650 3789/438/3648
f 2916/3022/3021 2915/3017/3016 6145/3017/6226 6146/3022/6231
f 2610/2692/2692 2609/2690/2690 5839/2690/5900 5840/2692/5902
f 1129/1048/1050 1128/1085/1087 4358/1085/4297 4359/1048/4260
f 2956/3021/3020 2955/3027/3026 6185/3027/6236 6186/3021/6230
f 2602/2696/2697 2601/2698/2699 5831/2698/5909 5832/2696/5907
f 1337/1087/1089 1336/1084/1086 4566/1084/4296 4567/1087/4299
f 631/449/449 630/447/447 3860/447/3657 3861/449/3659
f 2724/3030/3029 2723/3028/3027 5953/3028/6237 5954/3030/6239
f 1121/1099/1101 1120/1101/1103 4350/1101/4313 4351/1099/4311
f 639/459/459 638/462/462 3868/462/3672 3869/459/3669
f 2828/3044/3041 2827/3043/3040 6057/3043/6250 6058/3044/6251
f 2618/2710/2711 2617/2708/2709 5847/2708/5919 5848/2710/5921
f 647/467/467 646/466/466 3876/466/3676 3877/467/3677
f 2820/3045/3042 2819/3049/3046 6049/3049/6256 6050/3045/6252
f 2594/2711/2712 2593/2713/2714 5823/2713/5924 5824/2711/5922
f 695/478/478 694/483/483 3924/483/3693 3925/478/3688
f 1345/1102/1104 1344/1100/1102 4574/1100/4312 4575/1102/4314
f 2586/2722/2724 2585/2724/2726 5815/2724/5936 5816/2722/5934
f 913/1106/1108 912/1108/1110 4142/1108/4320 4143/1106/4318
f 503/484/484 502/485/485 3732/485/3695 3733/484/3694
f 2836/3059/3056 2835/3057/3054 6065/3057/6264 6066/3059/6266
f 3050/2730/2732 3049/2733/2735 6279/2733/5945 6280/2730/5942
f 921/1119/1121 920/1116/1118 4150/1116/4328 4151/1119/4331
f 2868/3061/3058 2867/3064/3061 6097/3064/6271 6098/3061/6268
f 905/1118/1120 904/1120/1122 4134/1120/4332 4135/1118/4330
f 2812/3074/3070 2811/3079/3075 6041/3079/6285 6042/3074/6280
f 703/487/487 702/479/479 3932/479/3689 3933/487/3697
f 2578/2745/2747 2577/2748/2750 5807/2748/5960 5808/2745/5957
f 495/506/506 494/508/508 3724/508/3718 3725/506/3716
f 1057/1132/1135 1056/1136/1139 4286/1136/4349 4287/1132/4345
f 687/507/507 686/510/510 3916/510/3720 3917/507/3717
f 2948/3081/3077 2947/3087/3083 6177/3087/6293 6178/3081/6287
f 3058/2750/2752 3057/2746/2748 6287/2746/5958 6288/2750/5962
f 2860/3086/3082 2859/3090/3086 6089/3090/6296 6090/3086/6292
f 3042/2753/2755 3041/2758/2759 6271/2758/5969 6272/2753/5965
f 1065/1139/1142 1064/1137/1140 4294/1137/4350 4295/1139/4352
f 2844/3099/3095 2843/3094/3090 6073/3094/6300 6074/3099/6305
f 897/1150/1153 896/1153/1156 4126/1153/4366 4127/1150/4363
f 511/511/511 510/505/505 3740/505/3715 3741/511/3721
f 2852/3103/3099 2851/3104/3100 6081/3104/6310 6082/3103/6309
f 679/527/527 678/531/531 3908/531/3741 3909/527/3737
f 2804/3120/3116 2803/3121/3117 6033/3121/6327 6034/3120/6326
f 2626/2764/2765 2625/2757/2758 5855/2757/5968 5856/2764/5975
f 889/1165/1169 888/1167/1171 4118/1167/4381 4119/1165/4379
f 3098/2773/2774 3097/2774/2775 6327/2774/5985 6328/2773/5984
f 487/529/529 486/533/533 3716/533/3743 3717/529/3739
f 3066/2784/2783 3065/2777/2778 6295/2777/5988 6296/2784/5993
f 1049/1170/1174 1048/1175/1178 4278/1175/4388 4279/1170/4384
f 2940/3123/3119 2939/3127/3123 6169/3127/6333 6170/3123/6329
f 711/541/541 710/528/528 3940/528/3738 3941/541/3751
f 929/1176/1179 928/1166/1170 4158/1166/4380 4159/1176/4389
f 671/540/540 670/542/542 3900/542/3752 3901/540/3750
f 2634/2793/2792 2633/2791/2790 5863/2791/6000 5864/2793/6002
f 881/1177/1177 880/1178/1177 4110/1178/4387 4111/1177/4387
f 3090/2792/2791 3089/2795/2794 6319/2795/6004 6320/2792/6001
f 663/552/552 662/553/553 3892/553/3763 3893/552/3762
f 3034/2790/2789 3033/2796/2795 6263/2796/6005 6264/2790/5999
f 1073/1179/1180 1072/1159/1163 4302/1159/4373 4303/1179/4390
f 2924/3135/3131 2923/3132/3128 6153/3132/6338 6154/3135/6341
f 1113/1190/1191 1112/1191/1192 4342/1191/4402 4343/1190/4401
f 655/565/565 654/566/566 3884/566/3776 3885/565/3775
f 1105/1204/1203 1104/1206/1205 4334/1206/4415 4335/1204/4413
f 2732/3145/3141 2731/3124/3120 5961/3124/6330 5962/3145/6351
f 2932/3147/3143 2931/3149/3145 6161/3149/6355 6162/3147/6353
f 551/573/573 550/574/574 3780/574/3784 3781/573/3783
f 2796/3151/3147 2795/3153/3149 6025/3153/6359 6026/3151/6357
f 1097/1220/1219 1096/1221/1220 4326/1221/4430 4327/1220/4429
f 2788/3164/3160 2787/3165/3161 6017/3165/6371 6018/3164/6370
f 2642/2816/2815 2641/2811/2810 5871/2811/6020 5872/2816/6025
f 479/570/570 478/582/582 3708/582/3792 3709/570/3780
f 3082/2818/2817 3081/2819/2818 6311/2819/6028 6312/2818/6027
f 3074/2821/2820 3073/2817/2816 6303/2817/6026 6304/2821/6030
f 543/584/584 542/585/585 3772/585/3795 3773/584/3794
f 937/1225/1224 936/1218/1217 4166/1218/4427 4167/1225/4434
f 2740/3172/3168 2739/3169/3165 5969/3169/6375 5970/3172/6378
f 2682/2835/2834 2681/2833/2832 5911/2833/6042 5912/2835/6044
f 1081/1228/1227 1080/1223/1222 4310/1223/4432 4311/1228/4437
f 2780/3176/3172 2779/3178/3174 6009/3178/6384 6010/3176/6382
f 2674/2838/2837 2673/2842/2841 5903/2842/6051 5904/2838/6047
f 1089/1232/1231 1088/1234/1233 4318/1234/4443 4319/1232/4441
f 535/594/594 534/596/596 3764/596/3806 3765/594/3804
f 1041/1230/1229 1040/1241/1240 4270/1241/4450 4271/1230/4439
f 2690/2857/2856 2689/2854/2853 5919/2854/6063 5920/2857/6066
f 527/604/604 526/605/605 3756/605/3815 3757/604/3814
f 2748/3190/3186 2747/3188/3184 5977/3188/6394 5978/3190/6396
f 977/1252/1251 976/1248/1247 4206/1248/4457 4207/1252/4461
f 2772/3192/3188 2771/3194/3190 6001/3194/6400 6002/3192/6398
f 2666/2858/2857 2665/2860/2859 5895/2860/6069 5896/2858/6067
f 519/613/613 518/614/614 3748/614/3824 3749/613/3823
f 969/1262/1261 968/1265/1264 4198/1265/4474 4199/1262/4471
f 2756/3203/3199 2755/3202/3198 5985/3202/6408 5986/3203/6409
f 719/616/616 718/615/615 3948/615/3825 3949/616/3826
f 2764/3211/3207 2763/3214/3210 5993/3214/6420 5994/3211/6417
f 2650/2863/2862 2649/2859/2858 5879/2859/6068 5880/2863/6072
f 855/621/621 854/622/622 4084/622/3832 4085/621/3831
f 301/2/2 300/1/1 3530/1/3211 3531/2/3213
f 2658/2873/2872 2657/2875/2874 5887/2875/6084 5888/2873/6082
f 847/638/638 846/639/639 4076/639/3849 4077/638/3848
f 3026/2887/2886 3025/2891/2890 6255/2891/6100 6256/2887/6096
f 985/1268/1267 984/1266/1265 4214/1266/4475 4215/1268/4477
f 863/640/640 862/637/637 4092/637/3847 4093/640/3850
f 293/15/15 292/17/17 3522/17/3227 3523/15/3225
f 839/653/653 838/654/654 4068/654/3864 4069/653/3863
f 2978/2882/2881 2977/2893/2892 6207/2893/6102 6208/2882/6091
f 945/1272/1271 944/1263/1262 4174/1263/4472 4175/1272/4481
f 309/19/19 308/16/16 3538/16/3226 3539/19/3229
f 2986/2894/2893 2985/2892/2891 6215/2892/6101 6216/2894/6103
f 961/1283/1282 960/1284/1283 4190/1284/4493 4191/1283/4492
f 285/28/28 284/29/29 3514/29/3239 3515/28/3238
f 2994/2908/2907 2993/2905/2904 6223/2905/6114 6224/2908/6117
f 953/1297/1296 952/1299/1298 4182/1299/4508 4183/1297/4506
f 871/668/668 870/664/664 4100/664/3874 4101/668/3878
f 277/38/38 276/39/39 3506/39/3249 3507/38/3248
f 993/1300/1299 992/1295/1294 4222/1295/4504 4223/1300/4509
f 831/667/667 830/669/669 4060/669/3879 4061/667/3877
f 1033/1308/1307 1032/1310/1309 4262/1310/4519 4263/1308/4517
f 3002/2919/2918 3001/2917/2916 6231/2917/6126 6232/2919/6128
f 727/670/670 726/665/665 3956/665/3875 3957/670/3880
f 317/45/45 316/43/43 3546/43/3253 3547/45/3255
f 3018/2926/2925 3017/2930/2929 6247/2930/6139 6248/2926/6135
f 1001/1312/1311 1000/1311/1310 4230/1311/4520 4231/1312/4521
f 471/672/672 470/681/681 3700/681/3891 3701/672/3882
f 269/52/52 268/54/54 3498/54/3264 3499/52/3262
f 3010/2932/2931 3009/2931/2930 6239/2931/6140 6240/2932/6141
f 1009/1322/1321 1008/1321/1320 4238/1321/4530 4239/1322/4531
f 325/62/62 324/60/60 3554/60/3270 3555/62/3272
f 1017/1334/1333 1016/1333/1332 4246/1333/4542 4247/1334/4543
f 261/66/66 260/68/68 3490/68/3278 3491/66/3276
f 1025/1335/1334 1024/1338/1337 4254/1338/4547 4255/1335/4544
f 735/686/687 734/685/685 3964/685/3895 3965/686/3897
f 1849/1346/1345 1848/1348/1347 5078/1348/4557 5079/1346/4555
f 2698/2944/2943 2697/2940/2939 5927/2940/6149 5928/2944/6153
f 333/77/77 332/76/76 3562/76/3286 3563/77/3287
f 2898/2945/2944 2897/2941/2940 6127/2941/6150 6128/2945/6154
f 341/89/89 340/87/87 3570/87/3297 3571/89/3299
f 2970/2957/2956 2969/2960/2959 6199/2960/6169 6200/2957/6166
f 1857/1356/1355 1856/1353/1352 5086/1353/4562 5087/1356/4565
f 743/698/700 742/696/698 3972/696/3908 3973/698/3910
f 253/88/88 252/91/91 3482/91/3301 3483/88/3298
f 2890/2958/2957 2889/2963/2962 6119/2963/6172 6120/2958/6167
f 1841/1361/1360 1840/1363/1362 5070/1363/4572 5071/1361/4570
f 375/700/702 374/691/693 3604/691/3903 3605/700/3912
f 1865/1375/1374 1864/1372/1371 5094/1372/4581 5095/1375/4584
f 463/719/721 462/722/724 3692/722/3934 3693/719/3931
f 2906/2974/2973 2905/2969/2968 6135/2969/6178 6136/2974/6183
f 1833/1374/1373 1832/1376/1375 5062/1376/4585 5063/1374/4583
f 2706/2975/2974 2705/2973/2972 5935/2973/6182 5936/2975/6184
f 751/724/726 750/718/720 3980/718/3930 3981/724/3936
f 1825/1386/1385 1824/1387/1386 5054/1387/4596 5055/1386/4595
f 2962/2990/2989 2961/2995/2994 6191/2995/6204 6192/2990/6199
f 383/727/729 382/723/725 3612/723/3935 3613/727/3939
f 823/729/731 822/735/737 4052/735/3947 4053/729/3941
f 349/98/98 348/97/97 3578/97/3307 3579/98/3308
f 2714/2998/2997 2713/2994/2993 5943/2994/6203 5944/2998/6207
f 1817/1396/1395 1816/1397/1396 5046/1397/4606 5047/1396/4605
f 455/740/742 454/741/743 3684/741/3953 3685/740/3952
f 2882/2996/2995 2881/2999/2998 6111/2999/6208 6112/2996/6205
f 37/111/111 36/110/110 3266/110/3320 3267/111/3322
f 1809/1405/1404 1808/1406/1405 5038/1406/4615 5039/1405/4614
f 447/753/755 446/756/758 3676/756/3968 3677/753/3965
f 2914/3011/3010 2913/3006/3005 6143/3006/6215 6144/3011/6220
f 1873/1412/1411 1872/1408/1407 5102/1408/4617 5103/1412/4621
f 45/124/124 44/122/122 3274/122/3332 3275/124/3334
f 1801/1416/1415 1800/1417/1416 5030/1417/4626 5031/1416/4625
f 29/129/129 28/132/132 3258/132/3342 3259/129/3339
f 2874/3019/3018 2873/3024/3023 6103/3024/6233 6104/3019/6228
f 2722/3025/3024 2721/3023/3022 5951/3023/6232 5952/3025/6234
f 1881/1428/1427 1880/1426/1425 5110/1426/4635 5111/1428/4637
f 391/761/763 390/755/757 3620/755/3967 3621/761/3973
f 21/140/140 20/141/141 3250/141/3351 3251/140/3350
f 2826/3041/3039 2825/3040/3038 6055/3040/6248 6056/3041/6249
f 1889/1439/1438 1888/1438/1437 5118/1438/4647 5119/1439/4648
f 439/764/766 438/765/767 3668/765/3977 3669/764/3976
f 2954/3034/3033 2953/3048/3045 6183/3048/6255 6184/3034/6243
f 1793/1436/1435 1792/1440/1439 5022/1440/4649 5023/1436/4645
f 431/777/779 430/778/780 3660/778/3990 3661/777/3989
f 13/149/149 12/150/150 3242/150/3360 3243/149/3359
f 2834/3056/3053 2833/3054/3051 6063/3054/6261 6064/3056/6263
f 2818/3053/3050 2817/3058/3055 6047/3058/6265 6048/3053/6260
f 53/155/155 52/151/151 3282/151/3361 3283/155/3365
f 1897/1450/1449 1896/1449/1448 5126/1449/4658 5127/1450/4659
f 399/791/793 398/787/789 3628/787/3999 3629/791/4003
f 357/159/159 356/152/152 3586/152/3362 3587/159/3369
f 2866/3069/3065 2865/3073/3069 6095/3073/6279 6096/3069/6275
f 1905/1461/1460 1904/1459/1458 5134/1459/4668 5135/1461/4670
f 423/792/794 422/793/795 3652/793/4005 3653/792/4004
f 245/154/154 244/162/162 3474/162/3372 3475/154/3364
f 1945/1470/1469 1944/1473/1472 5174/1473/4682 5175/1470/4679
f 415/806/808 414/808/810 3644/808/4020 3645/806/4018
f 2842/3089/3085 2841/3084/3080 6071/3084/6290 6072/3089/6295
f 5/168/168 4/169/169 3234/169/3379 3235/168/3378
f 1953/1476/1475 1952/1474/1473 5182/1474/4683 5183/1476/4685
f 407/811/813 406/809/811 3636/809/4021 3637/811/4023
f 2858/3092/3088 2857/3093/3089 6087/3093/6299 6088/3092/6298
f 1961/1489/1488 1960/1487/1486 5190/1487/4696 5191/1489/4698
f 1785/1464/1463 1784/1492/1491 5014/1492/4701 5015/1464/4673
f 759/819/821 758/818/820 3988/818/4030 3989/819/4031
f 61/179/179 60/176/176 3290/176/3386 3291/179/3389
f 2810/3085/3081 2809/3095/3091 6039/3095/6301 6040/3085/6291
f 815/822/824 814/824/826 4044/824/4036 4045/822/4034
f 205/186/186 204/185/185 3434/185/3395 3435/186/3397
f 1937/1491/1490 1936/1494/1493 5166/1494/4703 5167/1491/4700
f 197/199/199 196/201/201 3426/201/3411 3427/199/3409
f 767/834/836 766/832/834 3996/832/4044 3997/834/4046
f 807/839/841 806/841/843 4036/841/4053 4037/839/4051
f 1929/1508/1507 1928/1510/1509 5158/1510/4719 5159/1508/4717
f 799/849/851 798/850/852 4028/850/4062 4029/849/4061
f 213/203/203 212/200/200 3442/200/3410 3443/203/3413
f 791/858/860 790/860/862 4020/860/4072 4021/858/4070
f 189/219/219 188/221/221 3418/221/3431 3419/219/3429
f 1969/1512/1511 1968/1509/1508 5198/1509/4718 5199/1512/4721
f 1921/1521/1520 1920/1525/1524 5150/1525/4734 5151/1521/4730
f 775/862/864 774/861/863 4004/861/4073 4005/862/4074
f 221/238/238 220/231/231 3450/231/3441 3451/238/3448
f 181/237/237 180/239/239 3410/239/3449 3411/237/3447
f 783/876/878 782/875/877 4012/875/4087 4013/876/4088
f 1977/1532/1531 1976/1530/1529 5206/1530/4739 5207/1532/4741
f 1287/878/880 1286/877/879 4516/877/4089 4517/878/4091
f 365/235/235 364/240/240 3594/240/3450 3595/235/3445
f 2850/3106/3102 2849/3107/3103 6079/3107/6313 6080/3106/6312
f 1985/1546/1545 1984/1544/1543 5214/1544/4753 5215/1546/4755
f 1913/1550/1549 1912/1553/1552 5142/1553/4762 5143/1550/4759
f 1207/894/896 1206/891/893 4436/891/4103 4437/894/4106
f 1199/895/897 1198/899/901 4428/899/4111 4429/895/4107
f 1993/1556/1555 1992/1555/1554 5222/1555/4764 5223/1556/4765
f 1777/1565/1564 1776/1567/1566 5006/1567/4776 5007/1565/4774
f 1279/907/909 1278/911/913 4508/911/4123 4509/907/4119
f 2946/3097/3093 2945/3110/3106 6175/3110/6316 6176/3097/6303
f 2001/1568/1567 2000/1566/1565 5230/1566/4775 5231/1568/4777
f 1295/914/916 1294/908/910 4524/908/4120 4525/914/4126
f 125/263/263 124/251/251 3354/251/3461 3355/263/3473
f 2730/3114/3110 2729/3088/3084 5959/3088/6294 5960/3114/6320
f 1729/1573/1572 1728/1576/1575 4958/1576/4785 4959/1573/4782
f 1215/920/922 1214/916/918 4444/916/4128 4445/920/4132
f 117/253/253 116/264/264 3346/264/3474 3347/253/3463
f 1191/925/927 1190/927/929 4420/927/4139 4421/925/4137
f 237/262/262 236/265/265 3466/265/3475 3467/262/3472
f 229/271/271 228/267/267 3458/267/3477 3459/271/3481
f 2802/3125/3121 2801/3128/3124 6031/3128/6334 6032/3125/6331
f 1737/1580/1579 1736/1577/1576 4966/1577/4786 4967/1580/4789
f 2922/3129/3125 2921/3126/3122 6151/3126/6332 6152/3129/6335
f 1745/1600/1599 1744/1595/1594 4974/1595/4804 4975/1600/4809
f 1271/932/934 1270/934/936 4500/934/4146 4501/932/4144
f 2938/3130/3126 2937/3134/3130 6167/3134/6340 6168/3130/6336
f 1721/1599/1598 1720/1602/1601 4950/1602/4811 4951/1599/4808
f 69/279/279 68/275/275 3298/275/3485 3299/279/3489
f 1263/944/946 1262/946/948 4492/946/4158 4493/944/4156
f 173/283/283 172/287/287 3402/287/3497 3403/283/3493
f 2930/3148/3144 2929/3146/3142 6159/3146/6352 6160/3148/6354
f 1769/1607/1606 1768/1611/1610 4998/1611/4820 4999/1607/4816
f 1255/955/957 1254/956/958 4484/956/4168 4485/955/4167
f 2794/3154/3150 2793/3156/3152 6023/3156/6362 6024/3154/6360
f 1761/1627/1626 1760/1630/1629 4990/1630/4839 4991/1627/4836
f 1303/965/967 1302/958/960 4532/958/4170 4533/965/4177
f 133/307/307 132/303/303 3362/303/3513 3363/307/3517
f 1247/966/968 1246/967/969 4476/967/4179 4477/966/4178
f 77/308/308 76/306/306 3306/306/3516 3307/308/3518
f 1753/1631/1630 1752/1628/1627 4982/1628/4837 4983/1631/4840
f 109/302/302 108/309/309 3338/309/3519 3339/302/3512
f 2738/3166/3162 2737/3163/3159 5967/3163/6369 5968/3166/6372
f 2009/1639/1638 2008/1623/1622 5238/1623/4832 5239/1639/4848
f 1239/977/979 1238/978/980 4468/978/4190 4469/977/4189
f 165/315/315 164/324/324 3394/324/3534 3395/315/3525
f 2786/3167/3163 2785/3168/3164 6015/3168/6374 6016/3167/6373
f 1713/1640/1639 1712/1641/1640 4942/1641/4850 4943/1640/4849
f 2778/3179/3175 2777/3181/3177 6007/3181/6387 6008/3179/6385
f 1223/984/986 1222/979/981 4452/979/4191 4453/984/4196
f 141/328/328 140/326/326 3370/326/3536 3371/328/3538
f 1665/1653/1652 1664/1651/1650 4894/1651/4860 4895/1653/4862
f 1231/992/994 1230/995/997 4460/995/4207 4461/992/4204
f 1657/1652/1651 1656/1660/1659 4886/1660/4869 4887/1652/4861
f 85/336/336 84/333/333 3314/333/3543 3315/336/3546
f 2746/3187/3183 2745/3185/3181 5975/3185/6391 5976/3187/6393
f 1311/1005/1007 1310/1003/1005 4540/1003/4215 4541/1005/4217
f 1183/1004/1006 1182/1008/1010 4412/1008/4220 4413/1004/4216
f 2770/3196/3192 2769/3199/3195 5999/3199/6405 6000/3196/6402
f 149/350/350 148/346/346 3378/346/3556 3379/350/3560
f 101/349/349 100/352/352 3330/352/3562 3331/349/3559
f 2754/3200/3196 2753/3198/3194 5983/3198/6404 5984/3200/6406
f 1673/1671/1670 1672/1670/1669 4902/1670/4879 4903/1671/4880
f 1705/1669/1668 1704/1673/1672 4934/1673/4882 4935/1669/4878
f 2762/3213/3209 2761/3212/3208 5991/3212/6418 5992/3213/6419
f 1135/1021/1023 1134/1020/1022 4364/1020/4232 4365/1021/4233
f 93/359/359 92/356/356 3322/356/3566 3323/359/3569
f 299/4/4 298/6/6 3528/6/3216 3529/4/3214
f 1681/1685/1684 1680/1684/1683 4910/1684/4893 4911/1685/4894
f 1319/1022/1024 1318/1017/1019 4548/1017/4229 4549/1022/4234
f 2017/1692/1691 2016/1681/1680 5246/1681/4890 5247/1692/4901
f 157/372/372 156/371/371 3386/371/3581 3387/372/3582
f 605/380/380 604/377/377 3834/377/3587 3835/380/3590
f 307/14/14 306/12/12 3536/12/3222 3537/14/3224
f 1143/1040/1042 1142/1037/1039 4372/1037/4249 4373/1040/4252
f 597/381/381 596/382/382 3826/382/3592 3827/381/3591
f 291/18/18 290/20/20 3520/20/3230 3521/18/3228
f 1689/1699/1698 1688/1696/1695 4918/1696/4905 4919/1699/4908
f 1327/1041/1043 1326/1039/1041 4556/1039/4251 4557/1041/4253
f 1697/1701/1700 1696/1704/1703 4926/1704/4913 4927/1701/4910
f 1175/1049/1051 1174/1054/1056 4404/1054/4266 4405/1049/4261
f 1385/1718/1716 1384/1716/1714 4614/1716/4923 4615/1718/4926
f 589/393/393 588/395/395 3818/395/3605 3819/393/3603
f 283/30/30 282/31/31 3512/31/3241 3513/30/3240
f 1377/1725/1723 1376/1727/1725 4606/1727/4935 4607/1725/4933
f 1151/1057/1059 1150/1056/1058 4380/1056/4268 4381/1057/4269
f 613/402/402 612/399/399 3842/399/3609 3843/402/3612
f 1159/1071/1073 1158/1069/1071 4388/1069/4281 4389/1071/4283
f 581/406/406 580/407/407 3810/407/3617 3811/406/3616
f 315/40/40 314/37/37 3544/37/3247 3545/40/3250
f 1393/1734/1732 1392/1732/1730 4622/1732/4940 4623/1734/4942
f 1335/1078/1080 1334/1070/1072 4564/1070/4282 4565/1078/4290
f 275/41/41 274/42/42 3504/42/3252 3505/41/3251
f 1369/1743/1740 1368/1744/1741 4598/1744/4951 4599/1743/4950
f 1167/1082/1084 1166/1083/1085 4396/1083/4295 4397/1082/4294
f 1127/1086/1088 1126/1088/1090 4356/1088/4300 4357/1086/4298
f 573/417/417 572/418/418 3802/418/3628 3803/417/3627
f 267/56/56 266/57/57 3496/57/3267 3497/56/3266
f 1401/1758/1755 1400/1754/1751 4630/1754/4961 4631/1758/4965
f 565/427/427 564/428/428 3794/428/3638 3795/427/3637
f 1361/1757/1754 1360/1759/1756 4590/1759/4966 4591/1757/4964
f 1343/1098/1100 1342/1097/1099 4572/1097/4309 4573/1098/4310
f 911/1109/1111 910/1111/1113 4140/1111/4323 4141/1109/4321
f 323/58/58 322/55/55 3552/55/3265 3553/58/3268
f 2025/1766/1763 2024/1756/1753 5254/1756/4963 5255/1766/4973
f 621/431/431 620/429/429 3850/429/3639 3851/431/3641
f 259/70/70 258/73/73 3488/73/3283 3489/70/3280
f 1649/1761/1758 1648/1777/1774 4878/1777/4984 4879/1761/4968
f 919/1113/1115 918/1110/1112 4148/1110/4322 4149/1113/4325
f 557/442/442 556/445/445 3786/445/3655 3787/442/3652
f 903/1121/1124 902/1123/1126 4132/1123/4336 4133/1121/4334
f 1353/1776/1773 1352/1779/1776 4582/1779/4986 4583/1776/4983
f 331/74/74 330/72/72 3560/72/3282 3561/74/3284
f 629/446/446 628/444/444 3858/444/3654 3859/446/3656
f 339/86/86 338/84/84 3568/84/3294 3569/86/3296
f 1063/1135/1138 1062/1133/1136 4292/1133/4346 4293/1135/4348
f 347/96/96 346/95/95 3576/95/3305 3577/96/3306
f 1409/1780/1777 1408/1778/1775 4638/1778/4985 4639/1780/4987
f 1055/1138/1141 1054/1143/1146 4284/1143/4356 4285/1138/4351
f 251/100/100 250/102/102 3480/102/3312 3481/100/3310
f 637/461/461 636/460/460 3866/460/3670 3867/461/3671
f 645/465/465 644/464/464 3874/464/3674 3875/465/3675
f 1071/1156/1160 1070/1152/1155 4300/1152/4365 4301/1156/4370
f 701/476/476 700/474/474 3930/474/3683 3931/476/3686
f 355/109/109 354/107/107 3584/107/3317 3585/109/3319
f 927/1157/1161 926/1148/1151 4156/1148/4361 4157/1157/4371
f 501/489/489 500/490/490 3730/490/3700 3731/489/3699
f 35/114/114 34/116/116 3264/116/3326 3265/114/3324
f 1417/1795/1794 1416/1794/1793 4646/1794/5003 4647/1795/5004
f 895/1155/1159 894/1158/1162 4124/1158/4372 4125/1155/4369
f 693/488/488 692/491/491 3922/491/3701 3923/488/3698
f 1425/1803/1802 1424/1802/1801 4654/1802/5011 4655/1803/5012
f 887/1168/1172 886/1169/1173 4116/1169/4383 4117/1168/4382
f 43/120/120 42/118/118 3272/118/3328 3273/120/3330
f 1433/1811/1810 1432/1810/1809 4662/1810/5019 4663/1811/5020
f 1119/1124/1127 1118/1182/1183 4348/1182/4393 4349/1124/4337
f 27/134/134 26/135/135 3256/135/3345 3257/134/3344
f 1641/1822/1821 1640/1824/1823 4870/1824/5033 4871/1822/5031
f 1047/1180/1181 1046/1185/1186 4276/1185/4396 4277/1180/4391
f 509/497/497 508/492/492 3738/492/3702 3739/497/3707
f 493/512/512 492/515/515 3722/515/3725 3723/512/3722
f 19/142/142 18/143/143 3248/143/3353 3249/142/3352
f 1441/1828/1827 1440/1826/1825 4670/1826/5035 4671/1828/5037
f 1111/1192/1192 1110/1193/1193 4340/1193/4403 4341/1192/4402
f 685/513/513 684/516/516 3914/516/3726 3915/513/3723
f 1633/1835/1834 1632/1838/1837 4862/1838/5047 4863/1835/5044
f 51/144/144 50/133/133 3280/133/3343 3281/144/3354
f 709/521/521 708/514/514 3938/514/3724 3939/521/3731
f 11/153/153 10/156/156 3240/156/3366 3241/153/3363
f 677/532/532 676/534/534 3906/534/3744 3907/532/3742
f 1103/1208/1207 1102/1210/1209 4332/1210/4419 4333/1208/4417
f 59/173/173 58/171/171 3288/171/3381 3289/173/3383
f 1585/1850/1849 1584/1852/1851 4814/1852/5061 4815/1850/5059
f 485/537/537 484/543/543 3714/543/3753 3715/537/3747
f 3/172/172 2/175/175 3232/175/3385 3233/172/3382
f 935/1211/1210 934/1205/1204 4164/1205/4414 4165/1211/4420
f 1079/1219/1218 1078/1213/1212 4308/1213/4422 4309/1219/4428
f 669/544/544 668/545/545 3898/545/3755 3899/544/3754
f 1095/1222/1221 1094/1224/1223 4324/1224/4433 4325/1222/4431
f 243/170/170 242/177/177 3472/177/3387 3473/170/3380
f 1505/1856/1855 1504/1842/1841 4734/1842/5051 4735/1856/5065
f 1087/1235/1234 1086/1236/1235 4316/1236/4445 4317/1235/4444
f 1593/1857/1856 1592/1854/1853 4822/1854/5063 4823/1857/5066
f 661/556/556 660/557/557 3890/557/3767 3891/556/3766
f 1625/1870/1869 1624/1875/1874 4854/1875/5084 4855/1870/5079
f 1039/1244/1243 1038/1247/1246 4268/1247/4456 4269/1244/4453
f 371/182/182 370/184/184 3600/184/3394 3601/182/3392
f 1577/1874/1873 1576/1876/1875 4806/1876/5085 4807/1874/5083
f 653/568/568 652/569/569 3882/569/3779 3883/568/3778
f 203/188/188 202/190/190 3432/190/3400 3433/188/3398
f 549/576/576 548/577/577 3778/577/3787 3779/576/3786
f 1601/1877/1876 1600/1871/1870 4830/1871/5080 4831/1877/5086
f 975/1249/1248 974/1250/1249 4204/1250/4459 4205/1249/4458
f 211/198/198 210/195/195 3440/195/3405 3441/198/3408
f 1617/1895/1894 1616/1897/1896 4846/1897/5106 4847/1895/5104
f 541/586/586 540/587/587 3770/587/3797 3771/586/3796
f 195/204/204 194/207/207 3424/207/3417 3425/204/3414
f 1609/1902/1901 1608/1900/1899 4838/1900/5109 4839/1902/5111
f 943/1251/1250 942/1246/1245 4172/1246/4455 4173/1251/4460
f 1569/1911/1910 1568/1913/1912 4798/1913/5122 4799/1911/5120
f 517/592/592 516/575/575 3746/575/3785 3747/592/3802
f 983/1264/1263 982/1261/1260 4212/1261/4470 4213/1264/4473
f 533/597/597 532/598/598 3762/598/3808 3763/597/3807
f 219/224/224 218/218/218 3448/218/3428 3449/224/3434
f 967/1267/1266 966/1270/1269 4196/1270/4479 4197/1267/4476
f 187/223/223 186/225/225 3416/225/3435 3417/223/3433
f 717/602/602 716/591/591 3946/591/3801 3947/602/3812
f 1513/1921/1920 1512/1918/1917 4742/1918/5127 4743/1921/5130
f 991/1286/1285 990/1280/1279 4220/1280/4489 4221/1286/4495
f 525/606/606 524/607/607 3754/607/3817 3755/606/3816
f 1561/1926/1925 1560/1927/1926 4790/1927/5136 4791/1926/5135
f 959/1287/1286 958/1288/1287 4188/1288/4497 4189/1287/4496
f 477/595/595 476/611/611 3706/611/3821 3707/595/3805
f 1521/1940/1939 1520/1939/1938 4750/1939/5148 4751/1940/5149
f 123/242/242 122/232/232 3352/232/3442 3353/242/3452
f 1553/1945/1944 1552/1948/1947 4782/1948/5157 4783/1945/5154
f 951/1298/1297 950/1294/1293 4180/1294/4503 4181/1298/4507
f 853/625/625 852/627/627 4082/627/3837 4083/625/3835
f 363/245/245 362/249/249 3592/249/3459 3593/245/3455
f 1529/1954/1953 1528/1952/1951 4758/1952/5161 4759/1954/5163
f 861/634/634 860/632/632 4090/632/3842 4091/634/3844
f 179/246/246 178/250/250 3408/250/3460 3409/246/3456
f 999/1309/1308 998/1307/1306 4228/1307/4516 4229/1309/4518
f 845/642/642 844/644/644 4074/644/3854 4075/642/3852
f 1545/1964/1963 1544/1966/1965 4774/1966/5175 4775/1964/5173
f 1007/1319/1318 1006/1318/1317 4236/1318/4527 4237/1319/4528
f 1031/1315/1314 1030/1320/1319 4260/1320/4529 4261/1315/4524
f 67/254/254 66/243/243 3296/243/3453 3297/254/3464
f 1537/1972/1971 1536/1969/1968 4766/1969/5178 4767/1972/5181
f 1015/1331/1330 1014/1330/1329 4244/1330/4539 4245/1331/4540
f 227/260/260 226/257/257 3456/257/3467 3457/260/3470
f 1449/1977/1976 1448/1955/1954 4678/1955/5164 4679/1977/5186
f 1023/1341/1340 1022/1342/1341 4252/1342/4551 4253/1341/4550
f 235/266/266 234/268/268 3464/268/3478 3465/266/3476
f 1497/1971/1970 1496/1978/1977 4726/1978/5187 4727/1971/5180
f 1855/1351/1350 1854/1349/1348 5084/1349/4558 5085/1351/4560
f 725/658/658 724/649/649 3954/649/3859 3955/658/3868
f 115/276/276 114/281/281 3344/281/3491 3345/276/3486
f 1847/1350/1349 1846/1352/1351 5076/1352/4561 5077/1350/4559
f 837/656/656 836/659/659 4066/659/3869 4067/656/3866
f 171/291/291 170/294/294 3400/294/3504 3401/291/3501
f 869/661/661 868/655/655 4098/655/3865 4099/661/3871
f 1457/1991/1990 1456/1989/1988 4686/1989/5198 4687/1991/5200
f 1839/1365/1364 1838/1366/1365 5068/1366/4575 5069/1365/4574
f 877/683/683 876/680/680 4106/680/3890 4107/683/3893
f 131/299/299 130/295/295 3360/295/3505 3361/299/3509
f 733/684/684 732/682/682 3962/682/3892 3963/684/3894
f 1465/2000/1999 1464/1998/1997 4694/1998/5207 4695/2000/5209
f 1489/2002/2001 1488/2005/2004 4718/2005/5214 4719/2002/5211
f 1863/1369/1368 1862/1367/1366 5092/1367/4576 5093/1369/4578
f 741/695/697 740/694/696 3970/694/3906 3971/695/3907
f 75/304/304 74/301/301 3304/301/3511 3305/304/3514
f 1831/1377/1376 1830/1379/1378 5060/1379/4588 5061/1377/4586
f 469/689/691 468/697/699 3698/697/3909 3699/689/3901
f 107/312/312 106/319/319 3336/319/3529 3337/312/3522
f 1473/2013/2012 1472/2012/2011 4702/2012/5221 4703/2013/5222
f 1481/2020/2019 1480/2022/2021 4710/2022/5231 4711/2020/5229
f 1823/1389/1388 1822/1390/1389 5052/1390/4599 5053/1389/4598
f 829/693/695 828/706/708 4058/706/3918 4059/693/3905
f 139/323/323 138/322/322 3368/322/3532 3369/323/3533
f 2225/2028/2026 2224/2027/2025 5454/2027/5234 5455/2028/5236
f 2329/2029/2027 2328/2032/2030 5558/2032/5240 5559/2029/5237
f 749/712/714 748/704/706 3978/704/3916 3979/712/3924
f 83/329/329 82/325/325 3312/325/3535 3313/329/3539
f 2233/2040/2038 2232/2039/2037 5462/2039/5247 5463/2040/5248
f 1871/1399/1398 1870/1392/1391 5100/1392/4601 5101/1399/4608
f 163/334/334 162/341/341 3392/341/3551 3393/334/3544
f 2321/2049/2047 2320/2051/1875 5550/2051/5085 5551/2049/5257
f 1815/1400/1399 1814/1398/1397 5044/1398/4607 5045/1400/4609
f 381/720/722 380/717/719 3610/717/3929 3611/720/3932
f 1807/1407/1406 1806/1409/1408 5036/1409/4618 5037/1407/4616
f 461/725/727 460/728/730 3690/728/3940 3691/725/3937
f 147/344/344 146/339/339 3376/339/3549 3377/344/3554
f 453/744/746 452/745/747 3682/745/3957 3683/744/3956
f 1799/1419/1418 1798/1421/1420 5028/1421/4630 5029/1419/4628
f 2241/2059/2056 2240/2056/2053 5470/2056/5263 5471/2059/5266
f 91/353/353 90/351/351 3320/351/3561 3321/353/3563
f 2313/2061/2058 2312/2062/2059 5542/2062/5269 5543/2061/5268
f 99/357/357 98/361/361 3328/361/3571 3329/357/3567
f 2305/2073/2070 2304/2075/2072 5534/2075/5282 5535/2073/5280
f 389/750/752 388/746/748 3618/746/3958 3619/750/3962
f 1879/1425/1424 1878/1423/1422 5108/1423/4632 5109/1425/4634
f 821/742/744 820/754/756 4050/754/3966 4051/742/3954
f 1887/1437/1436 1886/1435/1434 5116/1435/4644 5117/1437/4646
f 445/757/759 444/758/760 3674/758/3970 3675/757/3969
f 155/370/370 154/368/368 3384/368/3578 3385/370/3580
f 2249/2079/2076 2248/2077/2074 5478/2077/5284 5479/2079/5286
f 1791/1443/1442 1790/1446/1445 5020/1446/4655 5021/1443/4652
f 437/768/770 436/769/771 3666/769/3981 3667/768/3980
f 603/375/375 602/374/374 3832/374/3585 3833/375/3584
f 429/780/782 428/781/783 3658/781/3993 3659/780/3992
f 595/384/384 594/385/385 3824/385/3595 3825/384/3594
f 2337/2094/2091 2336/2093/2090 5566/2093/5300 5567/2094/5301
f 2425/2092/2089 2424/2096/2093 5654/2096/5303 5655/2092/5299
f 1895/1448/1447 1894/1447/1446 5124/1447/4656 5125/1448/4657
f 611/397/397 610/394/394 3840/394/3604 3841/397/3607
f 397/785/787 396/782/784 3626/782/3994 3627/785/3997
f 587/396/396 586/398/398 3816/398/3608 3817/396/3606
f 421/795/797 420/797/799 3650/797/4009 3651/795/4007
f 2345/2108/2105 2344/2103/2101 5574/2103/5311 5575/2108/5315
f 757/799/801 756/784/786 3986/784/3996 3987/799/4011
f 579/409/409 578/410/410 3808/410/3620 3809/409/3619
f 2417/2112/2107 2416/57/1875 5646/57/5085 5647/2112/5317
f 1903/1458/1457 1902/1456/1455 5132/1456/4665 5133/1458/4667
f 2409/2124/2119 2408/2127/2122 5638/2127/5332 5639/2124/5329
f 1951/1472/1471 1950/1471/1470 5180/1471/4680 5181/1472/4681
f 571/419/419 570/421/421 3800/421/3631 3801/419/3629
f 1943/1475/1474 1942/1478/1477 5172/1478/4687 5173/1475/4684
f 2257/2136/2131 2256/2128/2123 5486/2128/5333 5487/2136/5341
f 405/807/809 404/804/806 3634/804/4016 3635/807/4019
f 619/424/424 618/420/420 3848/420/3630 3849/424/3634
f 2297/2125/2120 2296/2138/2133 5526/2138/5343 5527/2125/5330
f 413/810/812 412/812/814 3642/812/4024 3643/810/4022
f 563/430/430 562/432/432 3792/432/3642 3793/430/3640
f 1959/1485/1484 1958/1484/1483 5188/1484/4693 5189/1485/4694
f 813/826/828 812/828/830 4042/828/4040 4043/826/4038
f 1935/1496/1495 1934/1498/1497 5164/1498/4707 5165/1496/4705
f 2353/2142/2137 2352/2139/2134 5582/2139/5344 5583/2142/5347
f 765/830/832 764/829/831 3994/829/4041 3995/830/4042
f 627/443/443 626/441/441 3856/441/3651 3857/443/3653
f 2401/2141/2136 2400/2146/2141 5630/2146/5351 5631/2141/5346
f 805/842/844 804/843/845 4034/843/4055 4035/842/4054
f 555/448/448 554/451/451 3784/451/3661 3785/448/3658
f 1967/1504/1503 1966/1501/1500 5196/1501/4710 5197/1504/4713
f 797/851/853 796/852/854 4026/852/4064 4027/851/4063
f 1927/1511/1510 1926/1513/1512 5156/1513/4722 5157/1511/4720
f 2265/2159/2155 2264/2155/2151 5494/2155/5361 5495/2159/5365
f 2289/2168/2164 2288/2171/2167 5518/2171/5377 5519/2168/5374
f 1783/1507/1506 1782/1520/1519 5012/1520/4729 5013/1507/4716
f 773/859/861 772/857/859 4002/857/4069 4003/859/4071
f 789/863/865 788/865/867 4018/865/4077 4019/863/4075
f 635/454/454 634/453/453 3864/453/3663 3865/454/3664
f 2273/2174/2170 2272/2173/2169 5502/2173/5379 5503/2174/5380
f 1975/1528/1527 1974/1526/1525 5204/1526/4735 5205/1528/4737
f 1919/1527/1526 1918/1531/1530 5148/1531/4740 5149/1527/4736
f 781/873/875 780/871/873 4010/871/4083 4011/873/4085
f 2281/2188/2184 2280/2187/2183 5510/2187/5393 5511/2188/5394
f 1285/880/882 1284/882/884 4514/882/4094 4515/880/4092
f 643/463/463 642/456/456 3872/456/3666 3873/463/3673
f 2361/2192/2188 2360/2185/2181 5590/2185/5391 5591/2192/5398
f 1911/1535/1534 1910/1523/1522 5140/1523/4732 5141/1535/4744
f 651/471/471 650/470/470 3880/470/3680 3881/471/3681
f 2393/2196/2192 2392/2198/2194 5622/2198/5404 5623/2196/5402
f 1983/1543/1542 1982/1541/1540 5212/1541/4750 5213/1543/4752
f 1205/888/890 1204/887/889 4434/887/4098 4435/888/4100
f 699/473/473 698/472/472 3928/472/3682 3929/473/3684
f 1991/1554/1553 1990/1552/1551 5220/1552/4761 5221/1554/4763
f 1293/904/906 1292/897/899 4522/897/4109 4523/904/4116
f 1999/1564/1563 1998/1562/1561 5228/1562/4771 5229/1564/4773
f 1197/902/904 1196/905/907 4426/905/4117 4427/902/4114
f 507/486/486 506/482/482 3736/482/3691 3737/486/3696
f 2369/2206/2202 2368/2204/2200 5598/2204/5410 5599/2206/5412
f 1735/1575/1574 1734/1574/1573 4964/1574/4783 4965/1575/4784
f 499/494/494 498/496/496 3728/496/3706 3729/494/3704
f 2385/2213/2209 2384/2215/2211 5614/2215/5421 5615/2213/5419
f 1727/1579/1578 1726/1582/1581 4956/1582/4791 4957/1579/4788
f 1213/912/914 1212/909/911 4442/909/4121 4443/912/4124
f 691/495/495 690/498/498 3920/498/3708 3921/495/3705
f 2377/2222/2218 2376/2220/2216 5606/2220/5426 5607/2222/5428
f 1277/915/917 1276/919/921 4506/919/4131 4507/915/4127
f 2449/2230/2226 2448/2232/2228 5678/2232/5438 5679/2230/5436
f 1775/1578/1577 1774/1588/1587 5004/1588/4797 5005/1578/4787
f 1269/935/937 1268/937/939 4498/937/4149 4499/935/4147
f 707/509/509 706/503/503 3936/503/3713 3937/509/3719
f 491/517/517 490/520/520 3720/520/3730 3721/517/3727
f 2457/2237/2233 2456/2235/2231 5686/2235/5441 5687/2237/5443
f 1743/1592/1591 1742/1590/1589 4972/1590/4799 4973/1592/4801
f 2441/2246/2242 2440/2248/2244 5670/2248/5454 5671/2246/5452
f 1719/1606/1605 1718/1608/1607 4948/1608/4817 4949/1606/4815
f 1301/945/947 1300/938/940 4530/938/4150 4531/945/4157
f 683/519/519 682/522/522 3912/522/3732 3913/519/3729
f 1261/947/949 1260/948/950 4490/948/4160 4491/947/4159
f 675/535/535 674/536/536 3904/536/3746 3905/535/3745
f 2465/2256/2252 2464/2251/2247 5694/2251/5457 5695/2256/5462
f 2007/1615/1614 2006/1609/1608 5236/1609/4818 5237/1615/4824
f 1189/936/938 1188/953/955 4418/953/4165 4419/936/4148
f 2433/2258/2254 2432/2259/2255 5662/2259/5465 5663/2258/5464
f 1767/1614/1613 1766/1617/1616 4996/1617/4826 4997/1614/4823
f 667/546/546 666/548/548 3896/548/3758 3897/546/3756
f 1253/957/959 1252/959/961 4482/959/4171 4483/957/4169
f 2569/2268/2265 2568/2269/2266 5798/2269/5476 5799/2268/5475
f 1751/1625/1624 1750/1620/1619 4980/1620/4829 4981/1625/4834
f 483/549/549 482/554/554 3712/554/3764 3713/549/3759
f 1759/1632/1631 1758/1633/1632 4988/1633/4842 4989/1632/4841
f 1245/969/971 1244/970/972 4474/970/4182 4475/969/4181
f 659/559/559 658/560/560 3888/560/3770 3889/559/3769
f 2473/2278/2275 2472/2276/2273 5702/2276/5483 5703/2278/5485
f 2561/2282/2279 2560/2284/2281 5790/2284/5491 5791/2282/5489
f 1663/1648/1647 1662/1647/1646 4892/1647/4856 4893/1648/4857
f 1221/971/973 1220/962/964 4450/962/4174 4451/971/4183
f 515/564/564 514/547/547 3744/547/3757 3745/564/3774
f 1711/1646/1645 1710/1649/1648 4940/1649/4858 4941/1646/4855
f 1237/980/982 1236/983/985 4466/983/4195 4467/980/4192
f 547/578/578 546/579/579 3776/579/3789 3777/578/3788
f 2481/2293/2290 2480/2291/2288 5710/2291/5498 5711/2293/5500
f 1229/997/999 1228/998/1000 4458/998/4210 4459/997/4209
f 715/583/583 714/571/571 3944/571/3781 3945/583/3793
f 1671/1667/1666 1670/1664/1663 4900/1664/4873 4901/1667/4876
f 539/588/588 538/589/589 3768/589/3799 3769/588/3798
f 2553/2303/2300 2552/2305/2302 5782/2305/5512 5783/2303/5510
f 2015/1672/1671 2014/1666/1665 5244/1666/4875 5245/1672/4881
f 1309/1002/1004 1308/1000/1002 4538/1000/4212 4539/1002/4214
f 1317/1014/1016 1316/1012/1014 4546/1012/4224 4547/1014/4226
f 531/599/599 530/600/600 3760/600/3810 3761/599/3809
f 2489/2306/2303 2488/2304/2301 5718/2304/5511 5719/2306/5513
f 1655/1668/1667 1654/1680/1679 4884/1680/4889 4885/1668/4877
f 1133/1018/1020 1132/1015/1017 4362/1015/4227 4363/1018/4230
f 523/608/608 522/609/609 3752/609/3819 3753/608/3818
f 1181/1011/1013 1180/1019/1021 4410/1019/4231 4411/1011/4223
f 2497/2317/2315 2496/2315/2313 5726/2315/5523 5727/2317/5525
f 1679/1682/1681 1678/1679/1678 4908/1679/4888 4909/1682/4891
f 475/617/617 474/619/619 3704/619/3829 3705/617/3827
f 1703/1677/1676 1702/1683/1682 4932/1683/4892 4933/1677/4886
f 1141/1034/1036 1140/1031/1033 4370/1031/4243 4371/1034/4246
f 2505/2328/2326 2504/2326/2324 5734/2326/5534 5735/2328/5536
f 1325/1036/1038 1324/1035/1037 4554/1035/4247 4555/1036/4248
f 2545/2327/2325 2544/2329/2327 5774/2329/5537 5775/2327/5535
f 1687/1695/1694 1686/1693/1692 4916/1693/4902 4917/1695/4904
f 1149/1053/1055 1148/1052/1054 4378/1052/4264 4379/1053/4265
f 1173/1060/1062 1172/1064/1066 4402/1064/4276 4403/1060/4272
f 2537/2343/2341 2536/2344/2342 5766/2344/5552 5767/2343/5551
f 1695/1707/1706 1694/1706/1705 4924/1706/4915 4925/1707/4916
f 1333/1065/1067 1332/1059/1061 4562/1059/4271 4563/1065/4277
f 1383/1715/1713 1382/1714/1712 4612/1714/4922 4613/1715/4924
f 2513/2345/2343 2512/2342/2340 5742/2342/5550 5743/2345/5553
f 1157/1067/1069 1156/1066/1068 4386/1066/4278 4387/1067/4279
f 2529/2357/2355 2528/2359/2357 5758/2359/5567 5759/2357/5565
f 1391/1730/1728 1390/1728/1726 4620/1728/4936 4621/1730/4938
f 1375/1729/1727 1374/1731/1729 4604/1731/4939 4605/1729/4937
f 1165/1081/1083 1164/1080/1082 4394/1080/4292 4395/1081/4293
f 1125/1090/1092 1124/1092/1094 4354/1092/4304 4355/1090/4302
f 859/630/630 858/628/628 4088/628/3838 4089/630/3840
f 2521/2363/2361 2520/2361/2359 5750/2361/5569 5751/2363/5571
f 851/629/629 850/631/631 4080/631/3841 4081/629/3839
f 2065/2371/2369 2064/2373/2371 5294/2373/5581 5295/2371/5579
f 2023/1746/1743 2022/1735/1710 5252/1735/4920 5253/1746/4953
f 1367/1747/1744 1366/1748/1745 4596/1748/4955 4597/1747/4954
f 1341/1095/1097 1340/1093/1095 4570/1093/4305 4571/1095/4307
f 917/1107/1109 916/1105/1107 4146/1105/4316 4147/1107/4319
f 2073/2381/2379 2072/2378/2376 5302/2378/5586 5303/2381/5589
f 909/1112/1114 908/1114/1116 4138/1114/4326 4139/1112/4324
f 2057/2386/2384 2056/2388/2386 5286/2388/5596 5287/2386/5594
f 1399/1752/1749 1398/1749/1746 4628/1749/4956 4629/1752/4959
f 1359/1760/1757 1358/1762/1759 4588/1762/4969 4589/1760/4967
f 1061/1131/1134 1060/1130/1133 4290/1130/4342 4291/1131/4344
f 2049/2398/2396 2048/2400/2398 5278/2400/5608 5279/2398/5606
f 901/1126/1129 900/1134/1137 4130/1134/4347 4131/1126/4339
f 723/641/641 722/623/623 3952/623/3833 3953/641/3851
f 2081/2403/2401 2080/2399/2397 5310/2399/5607 5311/2403/5611
f 925/1141/1144 924/1127/1130 4154/1127/4340 4155/1141/4354
f 843/646/646 842/648/648 4072/648/3858 4073/646/3856
f 2041/2410/2408 2040/2412/2410 5270/2412/5620 5271/2410/5618
f 1407/1774/1771 1406/1772/1769 4636/1772/4979 4637/1774/4981
f 1069/1149/1152 1068/1147/1150 4298/1147/4360 4299/1149/4362
f 867/651/651 866/647/647 4096/647/3857 4097/651/3861
f 1351/1782/1779 1350/1784/1781 4580/1784/4991 4581/1782/4989
f 1053/1145/1148 1052/1151/1154 4282/1151/4364 4283/1145/4358
f 835/660/660 834/662/662 4064/662/3872 4065/660/3870
f 875/677/677 874/675/675 4104/675/3885 4105/677/3887
f 2089/2420/2418 2088/2418/2416 5318/2418/5626 5319/2420/5628
f 1415/1793/1792 1414/1792/1791 4644/1792/5001 4645/1793/5002
f 893/1160/1164 892/1162/1166 4122/1162/4376 4123/1160/4374
f 731/679/679 730/678/678 3960/678/3888 3961/679/3889
f 2033/2427/2425 2032/2429/2427 5262/2429/5637 5263/2427/5635
f 1423/1801/1800 1422/1796/1795 4652/1796/5005 4653/1801/5010
f 885/1171/1175 884/1172/1176 4114/1172/4386 4115/1171/4385
f 739/692/694 738/690/692 3968/690/3902 3969/692/3904
f 1431/1809/1808 1430/1808/1807 4660/1808/5017 4661/1809/5018
f 1117/1183/1184 1116/1184/1185 4346/1184/4395 4347/1183/4394
f 747/703/705 746/702/704 3976/702/3914 3977/703/3915
f 2097/2436/2435 2096/2434/2433 5326/2434/5643 5327/2436/5645
f 1647/1790/1788 1646/1813/1812 4876/1813/5022 4877/1790/4998
f 467/707/709 466/709/711 3696/709/3921 3697/707/3919
f 2217/2441/2440 2216/2443/2442 5446/2443/5652 5447/2441/5650
f 1109/1197/1193 1108/1198/1197 4338/1198/4407 4339/1197/4403
f 1439/1823/1822 1438/1821/1820 4668/1821/5030 4669/1823/5032
f 379/714/716 378/711/713 3608/711/3923 3609/714/3926
f 2105/2451/2450 2104/2449/2448 5334/2449/5658 5335/2451/5660
f 1639/1825/1824 1638/1827/1826 4868/1827/5036 4869/1825/5034
f 827/710/712 826/715/717 4056/715/3927 4057/710/3922
f 1631/1839/1838 1630/1840/1839 4860/1840/5049 4861/1839/5048
f 933/1200/1199 932/1195/1195 4162/1195/4405 4163/1200/4409
f 459/730/732 458/733/735 3688/733/3945 3689/730/3942
f 2113/2461/2461 2112/2460/2460 5342/2460/5670 5343/2461/5671
f 1503/1836/1835 1502/1843/1842 4732/1843/5052 4733/1836/5045
f 1045/1194/1194 1044/1201/1200 4274/1201/4410 4275/1194/4404
f 1591/1853/1852 1590/1851/1850 4820/1851/5060 4821/1853/5062
f 2121/2470/2470 2120/2469/2469 5350/2469/5679 5351/2470/5680
f 1583/1855/1854 1582/1858/1857 4812/1858/5067 4813/1855/5064
f 2209/2462/2462 2208/2475/2475 5438/2475/5685 5439/2462/5672
f 387/743/745 386/739/741 3616/739/3951 3617/743/3955
f 1077/1207/1206 1076/1202/1201 4306/1202/4411 4307/1207/4416
f 1101/1212/1211 1100/1214/1213 4330/1214/4423 4331/1212/4421
f 451/748/750 450/749/751 3680/749/3961 3681/748/3960
f 2129/2480/2480 2128/2478/2478 5358/2478/5688 5359/2480/5690
f 1599/1868/1867 1598/1867/1866 4828/1867/5076 4829/1868/5077
f 1093/1226/1225 1092/1227/1226 4322/1227/4436 4323/1226/4435
f 2201/2489/2489 2200/2491/2491 5430/2491/5701 5431/2489/5699
f 1623/1878/1877 1622/1880/1879 4852/1880/5089 4853/1878/5087
f 1085/1238/1237 1084/1239/1238 4314/1239/4448 4315/1238/4447
f 443/759/761 442/760/762 3672/760/3972 3673/759/3971
f 1575/1879/1878 1574/1882/1881 4804/1882/5091 4805/1879/5088
f 755/767/769 754/747/749 3984/747/3959 3985/767/3979
f 435/770/772 434/771/773 3664/771/3983 3665/770/3982
f 2137/2498/2498 2136/2496/2496 5366/2496/5706 5367/2498/5708
f 941/1245/1244 940/1243/1242 4170/1243/4452 4171/1245/4454
f 2193/2506/2506 2192/2508/2508 5422/2508/5718 5423/2506/5716
f 973/1253/1252 972/1255/1254 4202/1255/4464 4203/1253/4462
f 1607/1898/1897 1606/1894/1893 4836/1894/5103 4837/1898/5107
f 1615/1899/1898 1614/1901/1900 4844/1901/5110 4845/1899/5108
f 981/1260/1259 980/1258/1257 4210/1258/4467 4211/1260/4469
f 395/779/781 394/776/778 3624/776/3988 3625/779/3991
f 2145/2513/2513 2144/2511/2511 5374/2511/5721 5375/2513/5723
f 427/783/785 426/786/788 3656/786/3998 3657/783/3995
f 2185/312/2521 2184/2521/2522 5414/2521/5732 5415/312/5731
f 965/1274/1273 964/1276/1275 4194/1276/4485 4195/1274/4483
f 819/775/777 818/790/792 4048/790/4002 4049/775/3987
f 2177/2530/2531 2176/2531/2532 5406/2531/5742 5407/2530/5741
f 989/1278/1277 988/1275/1274 4218/1275/4484 4219/1278/4487
f 419/798/800 418/801/803 3648/801/4013 3649/798/4010
f 1511/1915/1914 1510/1910/1909 4740/1910/5119 4741/1915/5124
f 2153/2541/2542 2152/2539/2540 5382/2539/5750 5383/2541/5752
f 1567/1916/1915 1566/1917/1916 4796/1917/5126 4797/1916/5125
f 403/802/804 402/800/802 3632/800/4012 3633/802/4014
f 2169/2540/2541 2168/2542/2543 5398/2542/5753 5399/2540/5751
f 1037/1269/1268 1036/1289/1288 4266/1289/4498 4267/1269/4478
f 411/813/815 410/815/817 3640/815/4027 3641/813/4025
f 1447/1930/1929 1446/1914/1913 4676/1914/5123 4677/1930/5139
f 949/1290/1289 948/1285/1284 4178/1285/4494 4179/1290/4499
f 1559/1929/1928 1558/1931/1930 4788/1931/5140 4789/1929/5138
f 957/1291/1290 956/1292/1291 4186/1292/4501 4187/1291/4500
f 2161/2554/2555 2160/2552/2553 5390/2552/5763 5391/2554/5765
f 763/827/829 762/825/827 3992/825/4037 3993/827/4039
f 3169/2560/2561 3168/2562/2563 6398/2562/5773 6399/2560/5771
f 811/831/833 810/833/835 4040/833/4045 4041/831/4043
f 1519/1937/1936 1518/1935/1934 4748/1935/5144 4749/1937/5146
f 997/1306/1305 996/1304/1303 4226/1304/4513 4227/1306/4515
f 3177/2569/2570 3176/2567/2568 6406/2567/5778 6407/2569/5780
f 1527/1950/1949 1526/1949/1948 4756/1949/5158 4757/1950/5159
f 1005/1317/1316 1004/1316/1315 4234/1316/4525 4235/1317/4526
f 3161/2576/2577 3160/2577/2578 6390/2577/5788 6391/2576/5787
f 1551/1951/1950 1550/1953/1952 4780/1953/5162 4781/1951/5160
f 1029/1323/1322 1028/1326/1325 4258/1326/4535 4259/1323/4532
f 1013/1328/1327 1012/1327/1326 4242/1327/4536 4243/1328/4537
f 771/845/847 770/840/842 4000/840/4052 4001/845/4057
f 3153/2588/2589 3152/2589/2590 6382/2589/5800 6383/2588/5799
f 1535/1967/1966 1534/1965/1964 4764/1965/5174 4765/1967/5176
f 803/844/846 802/846/848 4032/846/4058 4033/844/4056
f 1543/1968/1967 1542/1970/1969 4772/1970/5179 4773/1968/5177
f 1021/1340/1339 1020/1339/1338 4250/1339/4548 4251/1340/4549
f 795/853/855 794/854/856 4024/854/4066 4025/853/4065
f 1495/1980/1979 1494/1983/1982 4724/1983/5192 4725/1980/5189
f 1853/1347/1346 1852/1345/1344 5082/1345/4553 5083/1347/4556
f 3185/2590/2591 3184/2586/2587 6414/2586/5797 6415/2590/5801
f 1845/1354/1353 1844/1355/1354 5074/1355/4564 5075/1354/4563
f 787/867/869 786/869/871 4016/869/4081 4017/867/4079
f 3145/2599/2600 3144/2600/2601 6374/2600/5811 6375/2599/5810
f 1455/1988/1987 1454/1986/1985 4684/1986/5195 4685/1988/5197
f 779/870/872 778/868/870 4008/868/4080 4009/870/4082
f 1861/1364/1363 1860/1362/1361 5090/1362/4571 5091/1364/4573
f 1203/886/888 1202/885/887 4432/885/4097 4433/886/4099
f 3137/2609/2610 3136/2610/2611 6366/2610/5821 6367/2609/5820
f 1463/1997/1996 1462/1996/1995 4692/1996/5205 4693/1997/5206
f 1837/1368/1367 1836/1370/1369 5066/1370/4579 5067/1368/4577
f 3129/2619/2620 3128/2620/2621 6358/2620/5831 6359/2619/5830
f 1487/2007/2006 1486/2009/2008 4716/2009/5218 4717/2007/5216
f 1829/1380/1379 1828/1382/1381 5058/1382/4591 5059/1380/4589
f 1291/890/892 1290/883/885 4520/883/4095 4521/890/4102
f 1283/884/886 1282/893/895 4512/893/4105 4513/884/4096
f 1471/2010/2009 1470/2008/2007 4700/2008/5217 4701/2010/5219
f 1869/1388/1387 1868/1385/1384 5098/1385/4594 5099/1388/4597
f 3193/2624/2625 3192/2621/2622 6422/2621/5832 6423/2624/5835
f 1821/1391/1390 1820/1393/1392 5050/1393/4602 5051/1391/4600
f 3121/2631/2632 3120/2632/2633 6350/2632/5843 6351/2631/5842
f 1479/2024/2023 1478/2023/2022 4708/2023/5232 4709/2024/5233
f 1211/906/908 1210/903/905 4440/903/4115 4441/906/4118
f 1813/1401/1400 1812/1402/1401 5042/1402/4611 5043/1401/4610
f 1195/910/912 1194/913/915 4424/913/4125 4425/910/4122
f 2231/2037/2035 2230/2036/2034 5460/2036/5244 5461/2037/5245
f 3201/2642/2643 3200/2640/2641 6430/2640/5851 6431/2642/5853
f 2327/2035/2033 2326/2038/2036 5556/2038/5246 5557/2035/5243
f 1805/1410/1409 1804/1411/1410 5034/1411/4620 5035/1410/4619
f 3113/2648/2649 3112/2650/2651 6342/2650/5861 6343/2648/5859
f 1275/923/925 1274/926/928 4504/926/4138 4505/923/4135
f 1877/1422/1421 1876/1420/1419 5106/1420/4629 5107/1422/4631
f 2239/2053/2050 2238/2050/2048 5468/2050/5258 5469/2053/5260
f 1797/1424/1423 1796/1427/1426 5026/1427/4636 5027/1424/4633
f 1299/933/935 1298/928/930 4528/928/4140 4529/933/4145
f 3209/2655/2656 3208/2654/2655 6438/2654/5865 6439/2655/5866
f 2319/2052/2049 2318/2054/2051 5548/2054/5261 5549/2052/5259
f 1267/940/942 1266/941/943 4496/941/4153 4497/940/4152
f 3217/2666/2666 3216/2664/2664 6446/2664/5874 6447/2666/5876
f 2311/2064/2061 2310/2065/2062 5540/2065/5272 5541/2064/5271
f 3105/2675/2675 3104/2677/2677 6334/2677/5887 6335/2675/5885
f 1259/949/951 1258/950/952 4488/950/4162 4489/949/4161
f 1885/1434/1433 1884/1432/1431 5114/1432/4641 5115/1434/4643
f 2247/2076/2073 2246/2074/2071 5476/2074/5281 5477/2076/5283
f 1893/1445/1444 1892/1444/1443 5122/1444/4653 5123/1445/4654
f 1219/951/953 1218/939/941 4448/939/4151 4449/951/4163
f 3225/2678/2678 3224/2676/2676 6454/2676/5886 6455/2678/5888
f 2303/2078/2075 2302/2080/2077 5532/2080/5287 5533/2078/5285
f 1901/1455/1454 1900/1454/1453 5130/1454/4663 5131/1455/4664
f 1251/960/962 1250/961/963 4480/961/4173 4481/960/4172
f 1789/1453/1452 1788/1457/1456 5018/1457/4666 5019/1453/4662
f 2609/2690/2690 2608/2688/2688 5838/2688/5897 5839/2690/5900
f 2335/2091/2088 2334/2090/2087 5564/2090/5297 5565/2091/5298
f 1243/972/974 1242/973/975 4472/973/4185 4473/972/4184
f 2601/2698/2699 2600/2700/2701 5830/2700/5911 5831/2698/5909
f 2343/2102/2100 2342/2100/2098 5572/2100/5308 5573/2102/5310
f 1949/1469/1468 1948/1468/1467 5178/1468/4676 5179/1469/4678
f 1187/968/970 1186/982/984 4416/982/4194 4417/968/4180
f 2617/2708/2709 2616/2705/2706 5846/2705/5916 5847/2708/5919
f 2423/2101/2099 2422/2104/2036 5652/2104/5246 5653/2101/5309
f 1957/1482/1481 1956/1481/1480 5186/1481/4690 5187/1482/4691
f 2593/2713/2714 2592/2714/2715 5822/2714/5925 5823/2713/5924
f 1941/1480/1479 1940/1483/1482 5170/1483/4692 5171/1480/4689
f 1235/985/987 1234/987/989 4464/987/4199 4465/985/4197
f 2585/2724/2726 2584/2725/2727 5814/2725/5937 5815/2724/5936
f 2255/2117/2112 2254/2111/2106 5484/2111/5316 5485/2117/5322
f 2415/2115/2110 2414/2118/2113 5644/2118/5323 5645/2115/5320
f 3049/2733/2735 3048/2735/2737 6278/2735/5947 6279/2733/5945
f 2407/2129/2124 2406/2130/2125 5636/2130/5335 5637/2129/5334
f 1965/1499/1498 1964/1497/1496 5194/1497/4706 5195/1499/4708
f 1933/1500/1499 1932/1502/1501 5162/1502/4711 5163/1500/4709
f 1307/993/995 1306/986/988 4536/986/4198 4537/993/4205
f 1227/999/1001 1226/996/998 4456/996/4208 4457/999/4211
f 3057/2746/2748 3056/2743/2745 6286/2743/5955 6287/2746/5958
f 1909/1506/1505 1908/1490/1489 5138/1490/4699 5139/1506/4715
f 1315/1010/1012 1314/1009/1011 4544/1009/4221 4545/1010/4222
f 2577/2748/2750 2576/2752/2754 5806/2752/5964 5807/2748/5960
f 1925/1514/1513 1924/1515/1514 5154/1515/4724 5155/1514/4723
f 1131/1013/1015 1130/1016/1018 4360/1016/4228 4361/1013/4225
f 2351/2137/2132 2350/2132/2127 5580/2132/5337 5581/2137/5342
f 2625/2757/2758 2624/2749/2751 5854/2749/5961 5855/2757/5968
f 2295/2143/2138 2294/2148/2143 5524/2148/5353 5525/2143/5348
f 3041/2758/2759 3040/2761/2762 6270/2761/5972 6271/2758/5969
f 1973/1524/1523 1972/1522/1521 5202/1522/4731 5203/1524/4733
f 1917/1533/1532 1916/1537/1536 5146/1537/4746 5147/1533/4742
f 2263/2154/2150 2262/355/2148 5492/355/5358 5493/2154/5360
f 3097/2774/2775 3096/2776/2777 6326/2776/5987 6327/2774/5985
f 2399/2150/2145 2398/2157/2153 5628/2157/5363 5629/2150/5355
f 3065/2777/2778 3064/2770/2771 6294/2770/5981 6295/2777/5988
f 1139/1029/1031 1138/1027/1029 4368/1027/4239 4369/1029/4241
f 1981/1539/1538 1980/1538/1537 5210/1538/4747 5211/1539/4748
f 2633/2791/2790 2632/2789/2788 5862/2789/5998 5863/2791/6000
f 1781/1529/1528 1780/1542/1541 5010/1542/4751 5011/1529/4738
f 1179/1026/1028 1178/1032/1034 4408/1032/4244 4409/1026/4238
f 3089/2795/2794 3088/2800/2799 6318/2800/6009 6319/2795/6004
f 2271/2170/2166 2270/2169/2165 5500/2169/5375 5501/2170/5376
f 3033/2796/2795 3032/2802/2801 6262/2802/6011 6263/2796/6005
f 2359/2172/2168 2358/2163/2159 5588/2163/5369 5589/2172/5378
f 1989/1551/1550 1988/1549/1548 5218/1549/4758 5219/1551/4760
f 1323/1033/1035 1322/1030/1032 4552/1030/4242 4553/1033/4245
f 2287/2176/2172 2286/2179/2175 5516/2179/5385 5517/2176/5382
f 2279/2184/2180 2278/2183/2179 5508/2183/5389 5509/2184/5390
f 1997/1561/1560 1996/1560/1559 5226/1560/4769 5227/1561/4770
f 1733/1572/1571 1732/1571/1570 4962/1571/4779 4963/1572/4781
f 2367/2202/2198 2366/2201/2197 5596/2201/5407 5597/2202/5408
f 1741/1587/1586 1740/1585/1584 4970/1585/4794 4971/1587/4796
f 2391/2200/2196 2390/2203/2199 5620/2203/5409 5621/2200/5406
f 1725/1586/1585 1724/1589/1588 4954/1589/4798 4955/1586/4795
f 2641/2811/2810 2640/2808/2807 5870/2808/6017 5871/2811/6020
f 3073/2817/2816 3072/2810/2809 6302/2810/6019 6303/2817/6026
f 3081/2819/2818 3080/2820/2819 6310/2820/6029 6311/2819/6028
f 2375/2218/2214 2374/2216/2212 5604/2216/5422 5605/2218/5424
f 1147/1050/1052 1146/1047/1049 4376/1047/4259 4377/1050/4262
f 2383/2217/2213 2382/2219/2215 5612/2219/5425 5613/2217/5423
f 1773/1594/1593 1772/1597/1596 5002/1597/4806 5003/1594/4803
f 1331/1055/1057 1330/1051/1053 4560/1051/4263 4561/1055/4267
f 2681/2833/2832 2680/2830/2829 5910/2830/6039 5911/2833/6042
f 2455/2233/2229 2454/2231/2227 5684/2231/5437 5685/2233/5439
f 2673/2842/2841 2672/2844/2843 5902/2844/6053 5903/2842/6051
f 2447/2234/2230 2446/2236/2232 5676/2236/5442 5677/2234/5440
f 1155/1063/1065 1154/1062/1064 4384/1062/4274 4385/1063/4275
f 2005/1603/1602 2004/1598/1597 5234/1598/4807 5235/1603/4812
f 1171/1068/1070 1170/1072/1074 4400/1072/4284 4401/1068/4280
f 2689/2854/2853 2688/2851/2850 5918/2851/6060 5919/2854/6063
f 1717/1612/1611 1716/1616/1615 4946/1616/4825 4947/1612/4821
f 2463/2249/2245 2462/2247/2243 5692/2247/5453 5693/2249/5455
f 1163/1077/1079 1162/1076/1078 4392/1076/4288 4393/1077/4289
f 2439/2250/2246 2438/2252/2248 5668/2252/5458 5669/2250/5456
f 1339/1091/1093 1338/1089/1091 4568/1089/4301 4569/1091/4303
f 2649/2859/2858 2648/2856/2855 5878/2856/6065 5879/2859/6068
f 1749/1618/1617 1748/1613/1612 4978/1613/4822 4979/1618/4827
f 1123/1094/1096 1122/1096/1098 4352/1096/4308 4353/1094/4306
f 2665/2860/2859 2664/2862/2861 5894/2862/6071 5895/2860/6069
f 2431/2260/2256 2430/2262/2258 5660/2262/5468 5661/2260/5466
f 2657/2875/2874 2656/2876/2875 5886/2876/6085 5887/2875/6084
f 1765/1619/1618 1764/1621/1620 4994/1621/4830 4995/1619/4828
f 2567/2271/2268 2566/2273/2270 5796/2273/5480 5797/2271/5478
f 915/1104/1106 914/1103/1105 4144/1103/4315 4145/1104/4317
f 2985/2892/2891 2984/2889/2888 6214/2889/6098 6215/2892/6101
f 1757/1635/1634 1756/1636/1635 4986/1636/4845 4987/1635/4844
f 3025/2891/2890 3024/2896/2895 6254/2896/6105 6255/2891/6100
f 2471/2274/2271 2470/2272/2269 5700/2272/5479 5701/2274/5481
f 907/1115/1117 906/1117/1119 4136/1117/4329 4137/1115/4327
f 2993/2905/2904 2992/2904/2903 6222/2904/6113 6223/2905/6114
f 2559/2287/2284 2558/2289/2286 5788/2289/5496 5789/2287/5494
f 1661/1645/1644 1660/1642/1641 4890/1642/4851 4891/1645/4854
f 923/1125/1128 922/1122/1125 4152/1122/4335 4153/1125/4338
f 2977/2893/2892 2976/2906/2905 6206/2906/6115 6207/2893/6102
f 1709/1654/1653 1708/1658/1657 4938/1658/4867 4939/1654/4863
f 1059/1129/1132 1058/1128/1131 4288/1128/4341 4289/1129/4343
f 2479/2290/2287 2478/2288/2285 5708/2288/5495 5709/2290/5497
f 2013/1661/1660 2012/1656/1655 5242/1656/4865 5243/1661/4870
f 3001/2917/2916 3000/2915/2914 6230/2915/6124 6231/2917/6126
f 2487/2302/2299 2486/2301/2298 5716/2301/5508 5717/2302/5509
f 1067/1144/1147 1066/1142/1145 4296/1142/4355 4297/1144/4357
f 2551/2308/2305 2550/2311/2308 5780/2311/5518 5781/2308/5515
f 1669/1663/1662 1668/1659/1658 4898/1659/4868 4899/1663/4872
f 899/1140/1143 898/1146/1149 4128/1146/4359 4129/1140/4353
f 2495/2314/2312 2494/2312/2310 5724/2312/5520 5725/2314/5522
f 1677/1678/1677 1676/1676/1675 4906/1676/4885 4907/1678/4887
f 1051/1154/1158 1050/1161/1165 4280/1161/4375 4281/1154/4368
f 3009/2931/2930 3008/2929/2928 6238/2929/6138 6239/2931/6140
f 2503/2324/2322 2502/2323/2321 5732/2323/5531 5733/2324/5532
f 1701/1687/1686 1700/1690/1689 4930/1690/4899 4931/1687/4896
f 891/1163/1167 890/1164/1168 4120/1164/4378 4121/1163/4377
f 3017/2930/2929 3016/2934/2933 6246/2934/6143 6247/2930/6139
f 2543/2331/2329 2542/2333/2331 5772/2333/5541 5773/2331/5539
f 2697/2940/2939 2696/2916/2915 5926/2916/6125 5927/2940/6149
f 1685/1691/1690 1684/1689/1688 4914/1689/4898 4915/1691/4900
f 883/1173/1176 882/1174/1177 4112/1174/4387 4113/1173/4386
f 2897/2941/2940 2896/2920/2919 6126/2920/6129 6127/2941/6150
f 2969/2960/2959 2968/2964/2963 6198/2964/6173 6199/2960/6169
f 2511/2340/2338 2510/2338/2336 5740/2338/5546 5741/2340/5548
f 2535/2346/2344 2534/2348/2346 5764/2348/5556 5765/2346/5554
f 1693/1705/1704 1692/1703/1702 4922/1703/4912 4923/1705/4914
f 2889/2963/2962 2888/2966/2965 6118/2966/6175 6119/2963/6172
f 1653/1698/1697 1652/1709/1708 4882/1709/4918 4883/1698/4907
f 2905/2969/2968 2904/2965/2964 6134/2965/6174 6135/2969/6178
f 2519/2358/2356 2518/2356/2354 5748/2356/5564 5749/2358/5566
f 2527/2360/2358 2526/2362/2360 5756/2362/5570 5757/2360/5568
f 2705/2973/2972 2704/2971/2970 5934/2971/6180 5935/2973/6182
f 2071/2376/2374 2070/2374/2372 5300/2374/5582 5301/2376/5584
f 2021/1713/1710 2020/1711/1710 5250/1711/4920 5251/1713/4920
f 1115/1186/1187 1114/1188/1189 4344/1188/4399 4345/1186/4397
f 2063/2375/2373 2062/2377/2375 5292/2377/5585 5293/2375/5583
f 1381/1717/1715 1380/1719/1717 4610/1719/4927 4611/1717/4925
f 931/1189/1190 930/1181/1182 4160/1181/4392 4161/1189/4400
f 2713/2994/2993 2712/2991/2990 5942/2991/6200 5943/2994/6203
f 1075/1196/1196 1074/1187/1188 4304/1187/4398 4305/1196/4406
f 2961/2995/2994 2960/3000/2999 6190/3000/6209 6191/2995/6204
f 2055/2389/2387 2054/2391/2389 5284/2391/5599 5285/2389/5597
f 1389/1726/1724 1388/1724/1722 4618/1724/4932 4619/1726/4934
f 1107/1199/1198 1106/1203/1202 4336/1203/4412 4337/1199/4408
f 1373/1733/1731 1372/1736/1733 4602/1736/4943 4603/1733/4941
f 1099/1215/1214 1098/1216/1215 4328/1216/4425 4329/1215/4424
f 2881/2999/2998 2880/3002/3001 6110/3002/6211 6111/2999/6208
f 1043/1209/1208 1042/1217/1216 4272/1217/4426 4273/1209/4418
f 2079/2395/2393 2078/2392/2390 5308/2392/5600 5309/2395/5603
f 2913/3006/3005 2912/3001/3000 6142/3001/6210 6143/3006/6215
f 2047/2401/2399 2046/2402/2400 5276/2402/5610 5277/2401/5609
f 1397/1745/1742 1396/1742/1739 4626/1742/4949 4627/1745/4952
f 1365/1750/1747 1364/1751/1748 4594/1751/4958 4595/1750/4957
f 2721/3023/3022 2720/3020/3019 5950/3020/6229 5951/3023/6232
f 2873/3024/3023 2872/3026/3025 6102/3026/6235 6103/3024/6233
f 2087/2416/2414 2086/2414/2412 5316/2414/5622 5317/2416/5624
f 1091/1229/1228 1090/1231/1230 4320/1231/4440 4321/1229/4438
f 2825/3040/3038 2824/3039/3037 6054/3039/6246 6055/3040/6248
f 2039/2415/2413 2038/2417/2415 5268/2417/5625 5269/2415/5623
f 1357/1765/1762 1356/1768/1765 4586/1768/4975 4587/1765/4972
f 1083/1237/1236 1082/1233/1232 4312/1233/4442 4313/1237/4446
f 2833/3054/3051 2832/3051/3048 6062/3051/6258 6063/3054/6261
f 2953/3048/3045 2952/3060/3057 6182/3060/6267 6183/3048/6255
f 2817/3058/3055 2816/3062/3059 6046/3062/6269 6047/3058/6265
f 1405/1769/1766 1404/1767/1764 4634/1767/4974 4635/1769/4976
f 939/1242/1241 938/1240/1239 4168/1240/4449 4169/1242/4451
f 2095/2432/2431 2094/2430/2429 5324/2430/5639 5325/2432/5641
f 2029/1785/1782 2028/1781/1778 5258/1781/4988 5259/1785/4992
f 1349/1787/1784 1348/1789/1787 4578/1789/4997 4579/1787/4994
f 979/1256/1255 978/1254/1253 4208/1254/4463 4209/1256/4465
f 2103/2447/2446 2102/2446/2445 5332/2446/5655 5333/2447/5656
f 971/1257/1256 970/1259/1258 4200/1259/4468 4201/1257/4466
f 2215/2445/2444 2214/2448/2447 5444/2448/5657 5445/2445/5654
f 2865/3073/3069 2864/3077/3073 6094/3077/6283 6095/3073/6279
f 1413/1791/1789 1412/1788/1785 4642/1788/4995 4643/1791/4999
f 987/1273/1272 986/1271/1270 4216/1271/4480 4217/1273/4482
f 2111/2459/2459 2110/2458/2458 5340/2458/5668 5341/2459/5669
f 1421/1797/1796 1420/1799/1798 4650/1799/5008 4651/1797/5006
f 2119/2468/2468 2118/2467/2467 5348/2467/5677 5349/2468/5678
f 1429/1807/1806 1428/1806/1805 4658/1806/5015 4659/1807/5016
f 947/1281/1280 946/1277/1276 4176/1277/4486 4177/1281/4490
f 963/1279/1278 962/1282/1281 4192/1282/4491 4193/1279/4488
f 2841/3084/3080 2840/3080/3076 6070/3080/6286 6071/3084/6290
f 2127/2477/2477 2126/2476/2476 5356/2476/5686 5357/2477/5687
f 1645/1815/1814 1644/1817/1816 4874/1817/5026 4875/1815/5024
f 955/1293/1292 954/1296/1295 4184/1296/4505 4185/1293/4502
f 2207/2479/2479 2206/2481/2481 5436/2481/5691 5437/2479/5689
f 2729/3088/3084 2728/3067/3064 5958/3067/6274 5959/3088/6294
f 1437/1818/1817 1436/1816/1815 4666/1816/5025 4667/1818/5027
f 2857/3093/3089 2856/3096/3092 6086/3096/6302 6087/3093/6299
f 1637/1829/1828 1636/1830/1829 4866/1830/5039 4867/1829/5038
f 995/1303/1302 994/1301/1300 4224/1301/4510 4225/1303/4512
f 2849/3107/3103 2848/3109/3105 6078/3109/6315 6079/3107/6313
f 2135/2494/2494 2134/2492/2492 5364/2492/5702 5365/2494/5704
f 1035/1302/1301 1034/1305/1304 4264/1305/4514 4265/1302/4511
f 2809/3095/3091 2808/3111/3107 6038/3111/6317 6039/3095/6301
f 2199/2493/2493 2198/2495/2495 5428/2495/5705 5429/2493/5703
f 2945/3110/3106 2944/3112/3108 6174/3112/6318 6175/3110/6316
f 1629/1841/1840 1628/1844/1843 4858/1844/5053 4859/1841/5050
f 1003/1314/1313 1002/1313/1312 4232/1313/4522 4233/1314/4523
f 1589/1848/1847 1588/1847/1846 4818/1847/5055 4819/1848/5057
f 2143/2509/2509 2142/2507/2507 5372/2507/5717 5373/2509/5719
f 1581/1861/1860 1580/1864/1863 4810/1864/5073 4811/1861/5070
f 1011/1325/1324 1010/1324/1323 4240/1324/4533 4241/1325/4534
f 2921/3126/3122 2920/3122/3118 6150/3122/6328 6151/3126/6332
f 2191/2510/2510 2190/2512/2512 5420/2512/5722 5421/2510/5720
f 1027/1329/1328 1026/1332/1331 4256/1332/4541 4257/1329/4538
f 2801/3128/3124 2800/3131/3127 6030/3131/6337 6031/3128/6334
f 2183/2523/2524 2182/2524/2525 5412/2524/5735 5413/2523/5734
f 2937/3134/3130 2936/3137/3133 6166/3137/6343 6167/3134/6340
f 1597/1865/1864 1596/1862/1861 4826/1862/5071 4827/1865/5074
f 1019/1337/1336 1018/1336/1335 4248/1336/4545 4249/1337/4546
f 1445/1872/1871 1444/1837/1836 4674/1837/5046 4675/1872/5081
f 1851/1344/1343 1850/1343/1342 5080/1343/4552 5081/1344/4554
f 1621/1885/1884 1620/1887/1886 4850/1887/5096 4851/1885/5094
f 2929/3146/3142 2928/3143/3139 6158/3143/6349 6159/3146/6352
f 1605/1891/1890 1604/1888/1887 4834/1888/5097 4835/1891/5100
f 1843/1357/1356 1842/1359/1358 5072/1359/4568 5073/1357/4566
f 2793/3156/3152 2792/3158/3154 6022/3158/6364 6023/3156/6362
f 2175/2532/2533 2174/2533/2534 5404/2533/5744 5405/2532/5743
f 2151/2534/2535 2150/2529/2530 5380/2529/5740 5381/2534/5745
f 1573/1889/1888 1572/1896/1895 4802/1896/5105 4803/1889/5098
f 1859/1360/1359 1858/1358/1357 5088/1358/4567 5089/1360/4569
f 2167/2545/2546 2166/2548/2549 5396/2548/5759 5397/2545/5756
f 1835/1371/1370 1834/1373/1372 5064/1373/4582 5065/1371/4580
f 2737/3163/3159 2736/3160/3156 5966/3160/6366 5967/3163/6369
f 2785/3168/3164 2784/3170/3166 6014/3170/6376 6015/3168/6374
f 1867/1381/1380 1866/1378/1377 5096/1378/4587 5097/1381/4590
f 2159/2551/2552 2158/2549/2550 5388/2549/5760 5389/2551/5762
f 1827/1383/1382 1826/1384/1383 5056/1384/4593 5057/1383/4592
f 2777/3181/3177 2776/3183/3179 6006/3183/6389 6007/3181/6387
f 3175/2565/2566 3174/2563/2564 6404/2563/5774 6405/2565/5776
f 3167/2564/2565 3166/2566/2567 6396/2566/5777 6397/2564/5775
f 1819/1394/1393 1818/1395/1394 5048/1395/4604 5049/1394/4603
f 2745/3185/3181 2744/3182/3178 5974/3182/6388 5975/3185/6391
f 3159/2579/2580 3158/2581/2582 6388/2581/5792 6389/2579/5790
f 1811/1403/1402 1810/1404/1403 5040/1404/4613 5041/1403/4612
f 2753/3198/3194 2752/3197/3193 5982/3197/6403 5983/3198/6404
f 1613/1903/1902 1612/1905/1904 4842/1905/5114 4843/1903/5112
f 2769/3199/3195 2768/3201/3197 5998/3201/6407 5999/3199/6405
f 1803/1413/1412 1802/1414/1413 5032/1414/4623 5033/1413/4622
f 3183/2582/2583 3182/2580/2581 6412/2580/5791 6413/2582/5793
f 3151/2591/2592 3150/2592/2593 6380/2592/5803 6381/2591/5802
f 2761/3212/3208 2760/3210/3206 5990/3210/6416 5991/3212/6418
f 1875/1418/1417 1874/1415/1414 5104/1415/4624 5105/1418/4627
f 3143/2602/2603 3142/2603/2604 6372/2603/5814 6373/2602/5813
f 1883/1431/1430 1882/1429/1428 5112/1429/4638 5113/1431/4640
f 1509/1908/1907 1508/1893/1892 4738/1893/5102 4739/1908/5117
f 1795/1430/1429 1794/1433/1432 5024/1433/4642 5025/1430/4639
f 3135/2611/2612 3134/2612/2613 6364/2612/5823 6365/2611/5822
f 1501/1883/1882 1500/1912/1911 4730/1912/5121 4731/1883/5092
f 1565/1919/1918 1564/1920/1919 4794/1920/5129 4795/1919/5128
f 3191/2617/2618 3190/2613/2614 6420/2613/5824 6421/2617/5828
f 1891/1442/1441 1890/1441/1440 5120/1441/4650 5121/1442/4651
f 3127/2622/2623 3126/2623/2624 6356/2623/5834 6357/2622/5833
f 1517/1934/1933 1516/1932/1931 4746/1932/5141 4747/1934/5143
f 1899/1452/1451 1898/1451/1450 5128/1451/4660 5129/1452/4661
f 1557/1933/1932 1556/1936/1935 4786/1936/5145 4787/1933/5142
f 1787/1460/1459 1786/1462/1461 5016/1462/4671 5017/1460/4669
f 3119/2634/2635 3118/2637/2638 6348/2637/5848 6349/2634/5845
f 1525/1947/1946 1524/1946/1945 4754/1946/5155 4755/1947/5156
f 1549/1956/1955 1548/1958/1957 4778/1958/5167 4779/1956/5165
f 1907/1465/1464 1906/1463/1462 5136/1463/4672 5137/1465/4674
f 1947/1467/1466 1946/1466/1465 5176/1466/4675 5177/1467/4677
f 3199/2638/2639 3198/2636/2637 6428/2636/5847 6429/2638/5849
f 3207/2652/2653 3206/2651/2652 6436/2651/5862 6437/2652/5863
f 1533/1963/1962 1532/1961/1960 4762/1961/5170 4763/1963/5172
f 3111/2653/2654 3110/2656/2657 6340/2656/5867 6341/2653/5864
f 1541/1973/1972 1540/1975/1974 4770/1975/5184 4771/1973/5182
f 1955/1479/1478 1954/1477/1476 5184/1477/4686 5185/1479/4688
f 1939/1486/1485 1938/1488/1487 5168/1488/4697 5169/1486/4695
f 1453/1984/1983 1452/1982/1981 4682/1982/5191 4683/1984/5193
f 1493/1985/1984 1492/1987/1986 4722/1987/5196 4723/1985/5194
f 1963/1495/1494 1962/1493/1492 5192/1493/4702 5193/1495/4704
f 1931/1503/1502 1930/1505/1504 5160/1505/4714 5161/1503/4712
f 3215/2663/2663 3214/2662/2662 6444/2662/5872 6445/2663/5873
f 1461/1995/1994 1460/1994/1993 4690/1994/5203 4691/1995/5204
f 3223/2674/2674 3222/2673/2673 6452/2673/5883 6453/2674/5884
f 1923/1517/1516 1922/1518/1517 5152/1518/4727 5153/1517/4726
f 3103/2680/2680 3102/2682/2682 6332/2682/5892 6333/2680/5890
f 1469/2006/2005 1468/2004/2003 4698/2004/5213 4699/2006/5215
f 1485/2011/2010 1484/2014/2013 4714/2014/5223 4715/2011/5220
f 1971/1519/1518 1970/1516/1515 5200/1516/4725 5201/1519/4728
f 2607/2687/2687 2606/2686/2686 5836/2686/5896 5837/2687/5898
f 1979/1536/1535 1978/1534/1533 5208/1534/4743 5209/1536/4745
f 1915/1540/1539 1914/1545/1544 5144/1545/4754 5145/1540/4749
f 2615/2703/2704 2614/2701/2702 5844/2701/5912 5845/2703/5914
f 1477/2021/2020 1476/2019/2018 4706/2019/5228 4707/2021/5230
f 2599/2702/2703 2598/2704/2705 5828/2704/5915 5829/2702/5913
f 2229/2034/2032 2228/2033/2031 5458/2033/5241 5459/2034/5242
f 2325/2041/2039 2324/2043/2041 5554/2043/5251 5555/2041/5249
f 2591/2715/2716 2590/2716/2717 5820/2716/5927 5821/2715/5926
f 1987/1548/1547 1986/1547/1546 5216/1547/4756 5217/1548/4757
f 1995/1559/1558 1994/1558/1557 5224/1558/4767 5225/1559/4768
f 2583/2726/2728 2582/2728/2730 5812/2728/5940 5813/2726/5938
f 2237/2048/2046 2236/2045/2043 5466/2045/5253 5467/2048/5256
f 1779/1557/1556 1778/1563/1562 5008/1563/4772 5009/1557/4766
f 2317/2055/2052 2316/2057/2054 5546/2057/5264 5547/2055/5262
f 3055/2739/2741 3054/2736/2738 6284/2736/5948 6285/2739/5951
f 2309/2066/2063 2308/2067/2064 5538/2067/5274 5539/2066/5273
f 2623/2740/2742 2622/2727/2729 5852/2727/5939 5853/2740/5952
f 1731/1570/1569 1730/1569/1568 4960/1569/4778 4961/1570/4780
f 3047/2738/2740 3046/2741/2743 6276/2741/5953 6277/2738/5950
f 2245/2072/2069 2244/2071/2068 5474/2071/5278 5475/2072/5279
f 2301/2082/2079 2300/2084/2081 5530/2084/5291 5531/2082/5289
f 1739/1584/1583 1738/1581/1580 4968/1581/4790 4969/1584/4793
f 2575/2754/2756 2574/2756/538 5804/2756/3748 5805/2754/5966
f 2003/1591/1590 2002/1583/1582 5232/1583/4792 5233/1591/4800
f 2333/2089/2086 2332/2088/2085 5562/2088/5294 5563/2089/5296
f 1723/1593/1592 1722/1596/1595 4952/1596/4805 4953/1593/4802
f 2253/2097/2095 2252/2085/2082 5482/2085/5292 5483/2097/5305
f 3039/2765/2766 3038/2767/2768 6268/2767/5978 6269/2765/5976
f 1771/1601/1600 1770/1604/1603 5000/1604/4813 5001/1601/4810
f 2341/2099/2097 2340/2098/2096 5570/2098/5306 5571/2099/5307
f 2421/2106/2103 2420/2107/2104 5650/2107/5314 5651/2106/5313
f 1747/1610/1609 1746/1605/1604 4976/1605/4814 4977/1610/4819
f 3063/2769/2770 3062/2766/2767 6292/2766/5977 6293/2769/5980
f 1763/1624/1623 1762/1626/1625 4992/1626/4835 4993/1624/4833
f 2413/2119/2114 2412/2121/2116 5642/2121/5326 5643/2119/5324
f 1715/1622/1621 1714/1629/1628 4944/1629/4838 4945/1622/4831
f 3095/2779/597 3094/2781/2781 6324/2781/5991 6325/2779/3807
f 2631/2785/2784 2630/2780/2780 5860/2780/5990 5861/2785/5994
f 2349/2126/2121 2348/2120/2115 5578/2120/5325 5579/2126/5331
f 2405/2131/2126 2404/2133/2128 5634/2133/5338 5635/2131/5336
f 1755/1637/1636 1754/1634/1633 4984/1634/4843 4985/1637/4846
f 2639/2806/2805 2638/2804/2803 5868/2804/6013 5869/2806/6015
f 2261/2151/2146 2260/2149/2144 5490/2149/5354 5491/2151/5356
f 1659/1638/1637 1658/1643/1642 4888/1643/4852 4889/1638/4847
f 3071/2807/2806 3070/2803/2802 6300/2803/6012 6301/2807/6016
f 3087/2805/2804 3086/2809/2808 6316/2809/6018 6317/2805/6014
f 2293/2153/2149 2292/2156/2152 5522/2156/5362 5523/2153/5359
f 3079/2823/2822 3078/2824/2823 6308/2824/6033 6309/2823/6032
f 2679/2828/2827 2678/2831/2830 5908/2831/6040 5909/2828/6037
f 2357/2158/2154 2356/2152/2147 5586/2152/5357 5587/2158/5364
f 2011/1650/1649 2010/1644/1643 5240/1644/4853 5241/1650/4859
f 3031/2812/2811 3030/2840/2839 6260/2840/6049 6261/2812/6021
f 1667/1657/1656 1666/1655/1654 4896/1655/4864 4897/1657/4866
f 2269/2167/2163 2268/2164/2160 5498/2164/5370 5499/2167/5373
f 1707/1662/1661 1706/1665/1664 4936/1665/4874 4937/1662/4871
f 2671/2846/2845 2670/2848/2847 5900/2848/6057 5901/2846/6055
f 2397/2166/2162 2396/2175/2171 5626/2175/5381 5627/2166/5372
f 1675/1675/1674 1674/1674/1673 4904/1674/4883 4905/1675/4884
f 2687/2849/2848 2686/2845/2844 5916/2845/6054 5917/2849/6058
f 2277/2181/2177 2276/2180/2176 5506/2180/5386 5507/2181/5387
f 2285/2182/2178 2284/2186/2182 5514/2186/5392 5515/2182/5388
f 2647/2852/2851 2646/2847/2846 5876/2847/6056 5877/2852/6061
f 1683/1688/1687 1682/1686/1685 4912/1686/4895 4913/1688/4897
f 2663/2864/2863 2662/2867/2866 5892/2867/6076 5893/2864/6073
f 1699/1694/1693 1698/1697/1696 4928/1697/4906 4929/1694/4903
f 2365/2199/2195 2364/2197/2193 5594/2197/5403 5595/2199/5405
f 2389/2205/2201 2388/2207/2203 5618/2207/5413 5619/2205/5411
f 1691/1702/1701 1690/1700/1699 4920/1700/4909 4921/1702/4911
f 2655/2877/2876 2654/2874/2873 5884/2874/6083 5885/2877/6086
f 2019/1710/1709 2018/1708/1707 5248/1708/4917 5249/1710/4919
f 2373/2214/2210 2372/2212/2208 5602/2212/5418 5603/2214/5420
f 1387/1722/1720 1386/1720/1718 4616/1720/4928 4617/1722/4930
f 2381/2221/2217 2380/2223/2219 5610/2223/5429 5611/2221/5427
f 1379/1721/1719 1378/1723/1721 4608/1723/4931 4609/1721/4929
f 2983/2888/2887 2982/2886/2885 6212/2886/6095 6213/2888/6097
f 2453/2229/2225 2452/2228/2224 5682/2228/5433 5683/2229/5435
f 2445/2238/2234 2444/2240/2236 5674/2240/5446 5675/2238/5444
f 1651/1712/1711 1650/1739/1736 4880/1739/4946 4881/1712/4921
f 2695/2898/2897 2694/2890/2889 5924/2890/6099 5925/2898/6107
f 2461/2245/2241 2460/2243/2239 5690/2243/5449 5691/2245/5451
f 1395/1740/1737 1394/1737/1734 4624/1737/4944 4625/1740/4947
f 2991/2902/2901 2990/2901/2900 6220/2901/6110 6221/2902/6111
f 2437/2253/2249 2436/2254/2250 5666/2254/5460 5667/2253/5459
f 1371/1738/1735 1370/1741/1738 4600/1741/4948 4601/1738/4945
f 3023/2900/2899 3022/2903/2902 6252/2903/6112 6253/2900/6109
f 2429/2263/2259 2428/2264/2260 5658/2264/5470 5659/2263/5469
f 2999/2914/2913 2998/2912/2911 6228/2912/6121 6229/2914/6123
f 1363/1753/1750 1362/1755/1752 4592/1755/4962 4593/1753/4960
f 2895/2907/2906 2894/2921/2920 6124/2921/6130 6125/2907/6116
f 3007/2928/2927 3006/2927/2926 6236/2927/6136 6237/2928/6137
f 2469/2270/2267 2468/2267/2264 5698/2267/5474 5699/2270/5477
f 1403/1764/1761 1402/1763/1760 4632/1763/4970 4633/1764/4971
f 3015/2938/2937 3014/2939/2938 6244/2939/6148 6245/2938/6147
f 2565/2275/2272 2564/2277/2274 5794/2277/5484 5795/2275/5482
f 1355/1770/1767 1354/1773/1770 4584/1773/4980 4585/1770/4977
f 2975/2933/2932 2974/2943/2942 6204/2943/6152 6205/2933/6142
f 2477/2286/2283 2476/2285/2282 5706/2285/5492 5707/2286/5493
f 2557/2292/2289 2556/2295/2292 5786/2295/5502 5787/2292/5499
f 2027/1775/1772 2026/1771/1768 5256/1771/4978 5257/1775/4982
f 1411/1786/1783 1410/1783/1780 4640/1783/4990 4641/1786/4993
f 2903/2962/2961 2902/2959/2958 6132/2959/6168 6133/2962/6171
f 2485/2299/2296 2484/2297/2294 5714/2297/5504 5715/2299/5506
f 1419/1800/1799 1418/1798/1797 4648/1798/5007 4649/1800/5009
f 2703/2967/2966 2702/2961/2960 5932/2961/6170 5933/2967/6176
f 2967/2968/2967 2966/2972/2971 6196/2972/6181 6197/2968/6177
f 2493/49/2309 2492/2310/2307 5722/2310/5517 5723/49/5519
f 1427/1805/1804 1426/1804/1803 4656/1804/5013 4657/1805/5014
f 2887/2970/2969 2886/2976/2975 6116/2976/6185 6117/2970/6179
f 2549/2313/2311 2548/2316/2314 5778/2316/5524 5779/2313/5521
f 2501/2322/2320 2500/2321/2319 5730/2321/5529 5731/2322/5530
f 1435/1814/1813 1434/1812/1811 4664/1812/5021 4665/1814/5023
f 2711/2988/2987 2710/2985/2984 5940/2985/6194 5941/2988/6197
f 1643/1819/1818 1642/1820/1819 4872/1820/5029 4873/1819/5028
f 2509/2336/2334 2508/2334/2332 5738/2334/5542 5739/2336/5544
f 2911/2997/2996 2910/2993/2992 6140/2993/6202 6141/2997/6206
f 2541/2335/2333 2540/2337/2335 5770/2337/5545 5771/2335/5543
f 1635/1832/1831 1634/1833/1832 4864/1833/5042 4865/1832/5041
f 2879/3005/3004 2878/3007/3006 6108/3007/6216 6109/3005/6214
f 2533/2350/2348 2532/2351/2349 5762/2351/5559 5763/2350/5558
f 2959/3004/3003 2958/3009/3008 6188/3009/6218 6189/3004/6213
f 1443/1834/1833 1442/1831/1830 4672/1831/5040 4673/1834/5043
f 1587/1846/1845 1586/1845/1844 4816/1845/5054 4817/1846/5056
f 2517/2354/2352 2516/2352/2350 5746/2352/5560 5747/2354/5562
f 2719/3018/3017 2718/3015/3014 5948/3015/6224 5949/3018/6227
f 2525/2364/2362 2524/2366/2364 5754/2366/5574 5755/2364/5572
f 2069/2372/2370 2068/2370/2368 5298/2370/5577 5299/2372/5580
f 1595/1860/1859 1594/1859/1858 4824/1859/5068 4825/1860/5069
f 2871/3031/3030 2870/3035/3034 6100/3035/6244 6101/3031/6240
f 2061/2379/2377 2060/2380/2378 5290/2380/5588 5291/2379/5587
f 1627/1849/1848 1626/1863/1862 4856/1863/5072 4857/1849/5058
f 1579/1866/1865 1578/1869/1868 4808/1869/5078 4809/1866/5075
f 2823/3038/3036 2822/3037/1844 6052/3037/5054 6053/3038/6247
f 2077/2390/2388 2076/2387/2385 5306/2387/5595 5307/2390/5598
f 2053/2393/2391 2052/2394/2392 5282/2394/5602 5283/2393/5601
f 2045/2404/2402 2044/2405/2403 5274/2405/5613 5275/2404/5612
f 2831/3050/3047 2830/3047/3044 6060/3047/6254 6061/3050/6257
f 1507/1884/1883 1506/1873/1872 4736/1873/5082 4737/1884/5093
f 2085/2413/2411 2084/2411/2409 5314/2411/5619 5315/2413/5621
f 1603/1886/1885 1602/1881/1880 4832/1881/5090 4833/1886/5095
f 2727/3055/3052 2726/3033/3032 5956/3033/6242 5957/3055/6262
f 2037/2419/2417 2036/2421/2419 5266/2421/5629 5267/2419/5627
f 1619/1890/1889 1618/1892/1891 4848/1892/5101 4849/1890/5099
f 224/252/252 223/248/248 3453/248/3458 3454/252/3462
f 1611/1906/1905 1610/1904/1903 4840/1904/5113 4841/1906/5115
f 240/258/258 239/259/259 3469/259/3469 3470/258/3468
f 1571/1907/1906 1570/1909/1908 4800/1909/5118 4801/1907/5116
f 232/270/270 231/272/272 3461/272/3482 3462/270/3480
f 2815/3063/3060 2814/3068/1868 6044/3068/5078 6045/3063/6270
f 2093/2428/2426 2092/2426/2424 5322/2426/5634 5323/2428/5636
f 1563/1922/1921 1562/1923/1922 4792/1923/5132 4793/1922/5131
f 176/274/274 175/278/278 3405/278/3488 3406/274/3484
f 2221/2433/2432 2220/2435/2434 5450/2435/5644 5451/2433/5642
f 2951/3065/3062 2950/3070/3066 6180/3070/6276 6181/3065/6272
f 128/286/286 127/282/282 3357/282/3492 3358/286/3496
f 2101/2444/2443 2100/2442/2441 5330/2442/5651 5331/2444/5653
f 1515/1928/1927 1514/1925/1924 4744/1925/5134 4745/1928/5137
f 2839/3076/3072 2838/3072/3068 6068/3072/6278 6069/3076/6282
f 2213/2450/2449 2212/2452/2451 5442/2452/5661 5443/2450/5659
f 1555/1938/1937 1554/1941/1940 4784/1941/5150 4785/1938/5147
f 1499/1924/1923 1498/1942/1941 4728/1942/5151 4729/1924/5133
f 112/289/289 111/292/292 3341/292/3502 3342/289/3499
f 2863/3078/3074 2862/3082/3078 6092/3082/6288 6093/3078/6284
f 2109/2456/2456 2108/158/2455 5338/158/5665 5339/2456/5666
f 1523/1944/1943 1522/1943/1942 4752/1943/5152 4753/1944/5153
f 72/293/293 71/288/288 3301/288/3498 3302/293/3503
f 2919/3091/3087 2918/3036/3035 6148/3036/6245 6149/3091/6297
f 2117/2466/2466 2116/2465/2465 5346/2465/5675 5347/2466/5676
f 168/300/300 167/305/305 3397/305/3515 3398/300/3510
f 2855/3098/3094 2854/3100/3096 6084/3100/6306 6085/3098/6304
f 2847/3108/3104 2846/3105/3101 6076/3105/6311 6077/3108/6314
f 2125/2474/2474 2124/2473/2473 5354/2473/5683 5355/2474/5684
f 1531/1959/1958 1530/1957/1956 4760/1957/5166 4761/1959/5168
f 2807/3113/3109 2806/3116/3112 6036/3116/6322 6037/3113/6319
f 2205/2482/2482 2204/2484/2484 5434/2484/5694 5435/2482/5692
f 1547/1960/1959 1546/1962/1961 4776/1962/5171 4777/1960/5169
f 80/317/317 79/313/313 3309/313/3523 3310/317/3527
f 2943/3115/3111 2942/3117/3113 6172/3117/6323 6173/3115/6321
f 136/318/318 135/316/316 3365/316/3526 3366/318/3528
f 2799/3133/3129 2798/3136/3132 6028/3136/6342 6029/3133/6339
f 1539/1976/1975 1538/1974/1973 4768/1974/5183 4769/1976/5185
f 2133/2490/2490 2132/2487/2487 5362/2487/5697 5363/2490/5700
f 144/335/335 143/332/332 3373/332/3542 3374/335/3545
f 2927/3141/3137 2926/3139/3135 6156/3139/6345 6157/3141/6347
f 2197/2497/2497 2196/2499/2499 5426/2499/5709 5427/2497/5707
f 104/331/331 103/338/338 3333/338/3548 3334/331/3541
f 2935/3140/3136 2934/3142/3138 6164/3142/6348 6165/3140/6346
f 1451/1981/1980 1450/1979/1978 4680/1979/5188 4681/1981/5190
f 2141/2505/2505 2140/2503/2503 5370/2503/5713 5371/2505/5715
f 1459/1993/1992 1458/1992/1991 4688/1992/5201 4689/1993/5202
f 88/345/345 87/342/342 3317/342/3552 3318/345/3555
f 2735/3157/3153 2734/3155/3151 5964/3155/6361 5965/3157/6363
f 2189/2514/2514 2188/2516/2516 5418/2516/5726 5419/2514/5724
f 1491/1990/1989 1490/1999/1998 4720/1999/5208 4721/1990/5199
f 2791/3159/3155 2790/3161/3157 6020/3161/6367 6021/3159/6365
f 152/362/362 151/358/358 3381/358/3568 3382/362/3572
f 2783/3171/3167 2782/3173/3169 6012/3173/6379 6013/3171/6377
f 160/355/355 159/363/363 3389/363/3573 3390/355/3565
f 1467/2003/2002 1466/2001/2000 4696/2001/5210 4697/2003/5212
f 96/365/365 95/364/364 3325/364/3574 3326/365/3575
f 2149/2522/2523 2148/2519/2519 5378/2519/5729 5379/2522/5733
f 600/376/376 599/378/378 3829/378/3588 3830/376/3586
f 2743/3180/3176 2742/3177/3173 5972/3177/6383 5973/3180/6386
f 2181/2525/2526 2180/2526/2527 5410/2526/5737 5411/2525/5736
f 1475/2017/2016 1474/2015/2014 4704/2015/5224 4705/2017/5226
f 2775/3184/3180 2774/3186/3182 6004/3186/6392 6005/3184/6390
f 2173/2535/2536 2172/2536/2537 5402/2536/5747 5403/2535/5746
f 1483/2016/2015 1482/2018/2017 4712/2018/5227 4713/2016/5225
f 608/389/389 607/386/386 3837/386/3596 3838/389/3599
f 592/388/388 591/390/390 3821/390/3600 3822/388/3598
f 2157/2547/2548 2156/2546/2547 5386/2546/5757 5387/2547/5758
f 2227/2031/2029 2226/2030/2028 5456/2030/5238 5457/2031/5239
f 2751/3195/3191 2750/3193/3189 5980/3193/6399 5981/3195/6401
f 2165/2550/2551 2164/2553/2554 5394/2553/5764 5395/2550/5761
f 2767/3204/3200 2766/3206/3202 5996/3206/6412 5997/3204/6410
f 3173/2561/2562 3172/2559/2560 6402/2559/5769 6403/2561/5772
f 584/401/401 583/403/403 3813/403/3613 3814/401/3611
f 3165/2568/2569 3164/2570/2571 6394/2570/5781 6395/2568/5779
f 2235/2044/2042 2234/2042/2040 5464/2042/5250 5465/2044/5252
f 2759/3208/3204 2758/3207/3203 5988/3207/6413 5989/3208/6414
f 2323/2046/2044 2322/2047/2045 5552/2047/5255 5553/2046/5254
f 616/412/412 615/408/408 3845/408/3618 3846/412/3622
f 304/7/7 303/5/5 3533/5/3215 3534/7/3217
f 2315/2058/2055 2314/2060/2057 5544/2060/5267 5545/2058/5265
f 576/413/413 575/414/414 3805/414/3624 3806/413/3623
f 296/10/10 295/11/11 3525/11/3221 3526/10/3220
f 3181/2578/2579 3180/2575/2576 6410/2575/5786 6411/2578/5789
f 3157/2583/2584 3156/2584/2585 6386/2584/5795 6387/2583/5794
f 568/423/423 567/425/425 3797/425/3635 3798/423/3633
f 288/24/24 287/25/25 3517/25/3235 3518/24/3234
f 3149/2593/2594 3148/2595/2596 6378/2595/5806 6379/2593/5804
f 624/437/437 623/436/436 3853/436/3646 3854/437/3647
f 560/435/435 559/438/438 3789/438/3648 3790/435/3645
f 312/27/27 311/23/23 3541/23/3233 3542/27/3237
f 3141/2604/2605 3140/2605/2606 6370/2605/5816 6371/2604/5815
f 2243/2068/2065 2242/2063/2060 5472/2063/5270 5473/2068/5275
f 280/34/34 279/35/35 3509/35/3245 3510/34/3244
f 2307/2069/2066 2306/2070/2067 5536/2070/5277 5537/2069/5276
f 632/450/450 631/449/449 3861/449/3659 3862/450/3660
f 272/46/46 271/48/48 3501/48/3258 3502/46/3256
f 3189/2606/2607 3188/2601/2602 6418/2601/5812 6419/2606/5817
f 640/458/458 639/459/459 3869/459/3669 3870/458/3668
f 3133/2614/2615 3132/2615/2616 6362/2615/5826 6363/2614/5825
f 2251/2083/2080 2250/2081/2078 5480/2081/5288 5481/2083/5290
f 648/468/468 647/467/467 3877/467/3677 3878/468/3678
f 696/477/477 695/478/478 3925/478/3688 3926/477/3687
f 320/51/51 319/49/49 3549/49/3259 3550/51/3261
f 3125/2625/2626 3124/2626/2627 6354/2626/5837 6355/2625/5836
f 264/61/61 263/63/63 3493/63/3273 3494/61/3271
f 2339/203/2094 2338/2095/2092 5568/2095/5302 5569/203/5304
f 2419/2109/1865 2418/2110/1868 5648/2110/5078 5649/2109/5075
f 504/480/480 503/484/484 3733/484/3694 3734/480/3690
f 328/69/69 327/67/67 3557/67/3277 3558/69/3279
f 3197/2635/2636 3196/2633/2634 6426/2633/5844 6427/2635/5846
f 256/78/78 255/81/81 3485/81/3291 3486/78/3288
f 3117/2639/2640 3116/2641/2642 6346/2641/5852 6347/2639/5850
f 704/493/493 703/487/487 3933/487/3697 3934/493/3703
f 2299/2105/2102 2298/2114/2109 5528/2114/5319 5529/2105/5312
f 496/502/502 495/506/506 3725/506/3716 3726/502/3712
f 336/82/82 335/80/80 3565/80/3290 3566/82/3292
f 3205/2649/2650 3204/2647/2648 6434/2647/5858 6435/2649/5860
f 2347/2116/2111 2346/2113/2108 5576/2113/5318 5577/2116/5321
f 688/504/504 687/507/507 3917/507/3717 3918/504/3714
f 3213/2660/2661 3212/2659/2660 6442/2659/5870 6443/2660/5871
f 2411/2122/2117 2410/2123/2118 5640/2123/5328 5641/2122/5327
f 3109/2661/727 3108/2665/2665 6338/2665/5875 6339/2661/3937
f 2403/2134/2129 2402/2135/2130 5632/2135/5340 5633/2134/5339
f 344/93/93 343/92/92 3573/92/3302 3574/93/3303
f 512/518/518 511/511/511 3741/511/3721 3742/518/3728
f 352/103/103 351/101/101 3581/101/3311 3582/103/3313
f 680/526/526 679/527/527 3909/527/3737 3910/526/3736
f 248/106/106 247/108/108 3477/108/3318 3478/106/3316
f 2259/2144/2139 2258/2140/2135 5488/2140/5345 5489/2144/5349
f 3221/2671/2671 3220/2670/2670 6450/2670/5880 6451/2671/5881
f 488/525/525 487/529/529 3717/529/3739 3718/525/3735
f 40/115/115 39/113/113 3269/113/3323 3270/115/3325
f 3229/2685/2685 3228/2683/2683 6458/2683/5893 6459/2685/5895
f 2355/2147/2142 2354/2145/2140 5584/2145/5350 5585/2147/5352
f 32/121/121 31/123/123 3261/123/3333 3262/121/3331
f 2605/2689/2689 2604/2691/2691 5834/2691/5901 5835/2689/5899
f 672/539/539 671/540/540 3901/540/3750 3902/539/3749
f 2267/2162/2158 2266/2160/2156 5496/2160/5366 5497/2162/5368
f 3101/2684/2684 3100/2694/2694 6330/2694/5904 6331/2684/5894
f 2291/2161/2157 2290/2165/2161 5520/2165/5371 5521/2161/5367
f 48/130/130 47/128/128 3277/128/3338 3278/130/3340
f 664/551/551 663/552/552 3893/552/3762 3894/551/3761
f 24/137/137 23/138/138 3253/138/3348 3254/137/3347
f 2275/2178/2174 2274/2177/2173 5504/2177/5383 5505/2178/5384
f 2613/2699/2700 2612/2697/2698 5842/2697/5908 5843/2699/5910
f 2283/2189/2185 2282/2190/2186 5512/2190/5396 5513/2189/5395
f 712/555/555 711/541/541 3941/541/3751 3942/555/3765
f 16/146/146 15/147/147 3245/147/3357 3246/146/3356
f 2597/2706/2707 2596/2707/2708 5826/2707/5918 5827/2706/5917
f 2395/2191/2187 2394/2193/2189 5624/2193/5399 5625/2191/5397
f 656/563/563 655/565/565 3885/565/3775 3886/563/3773
f 8/160/160 7/163/163 3237/163/3373 3238/160/3370
f 2363/2195/2191 2362/2194/2190 5592/2194/5400 5593/2195/5401
f 480/562/562 479/570/570 3709/570/3780 3710/562/3772
f 2589/2718/2720 2588/2719/2721 5818/2719/5931 5819/2718/5930
f 552/572/572 551/573/573 3781/573/3783 3782/572/3782
f 56/164/164 55/161/161 3285/161/3371 3286/164/3374
f 2621/2721/2723 2620/2717/2719 5850/2717/5929 5851/2721/5933
f 2371/2210/2206 2370/2208/2204 5600/2208/5414 5601/2210/5416
f 360/180/180 359/174/174 3589/174/3384 3590/180/3390
f 3053/2734/2736 3052/2732/2734 6282/2732/5943 6283/2734/5946
f 2387/2209/2205 2386/2211/2207 5616/2211/5417 5617/2209/5415
f 208/191/191 207/189/189 3437/189/3399 3438/191/3401
f 2581/2729/2731 2580/2737/2739 5810/2737/5949 5811/2729/5941
f 544/581/581 543/584/584 3773/584/3794 3774/581/3791
f 200/194/194 199/196/196 3429/196/3406 3430/194/3404
f 2379/2225/2221 2378/2224/2220 5608/2224/5430 5609/2225/5431
f 2451/2227/2223 2450/2226/2222 5680/2226/5432 5681/2227/5434
f 536/593/593 535/594/594 3765/594/3804 3766/593/3803
f 3045/2744/2746 3044/2747/2749 6274/2747/5959 6275/2744/5956
f 528/603/603 527/604/604 3757/604/3814 3758/603/3813
f 216/212/212 215/208/208 3445/208/3418 3446/212/3422
f 2459/2241/2237 2458/2239/2235 5688/2239/5445 5689/2241/5447
f 192/211/211 191/213/213 3421/213/3423 3422/211/3421
f 2573/2760/2761 2572/2762/2763 5802/2762/5973 5803/2760/5971
f 2443/2242/2238 2442/2244/2240 5672/2244/5450 5673/2242/5448
f 520/612/612 519/613/613 3749/613/3823 3750/612/3822
f 3061/2763/2764 3060/2759/2760 6290/2759/5970 6291/2763/5974
f 720/618/618 719/616/616 3949/616/3826 3950/618/3828
f 2435/2255/2251 2434/2257/2253 5664/2257/5463 5665/2255/5461
f 856/624/624 855/621/621 4085/621/3831 4086/624/3834
f 64/220/220 63/202/202 3293/202/3412 3294/220/3430
f 848/635/635 847/638/638 4077/638/3848 4078/635/3845
f 368/215/215 367/222/222 3597/222/3432 3598/215/3425
f 2467/2266/2262 2466/2261/2257 5696/2261/5467 5697/2266/5472
f 864/643/643 863/640/640 4093/640/3850 4094/643/3853
f 184/228/228 183/234/234 3413/234/3444 3414/228/3438
f 840/652/652 839/653/653 4069/653/3863 4070/652/3862
f 2629/2775/2776 2628/2771/2772 5858/2771/5982 5859/2775/5986
f 2563/2279/2276 2562/2281/2278 5792/2281/5488 5793/2279/5486
f 832/666/666 831/667/667 4061/667/3877 4062/666/3876
f 120/233/233 119/241/241 3349/241/3451 3350/233/3443
f 3037/2772/2773 3036/2778/2779 6266/2778/5989 6267/2772/5983
f 872/671/671 871/668/668 4101/668/3878 4102/671/3881
f 3093/2782/599 3092/2786/2785 6322/2786/5995 6323/2782/3809
f 2475/2283/2280 2474/2280/2277 5704/2280/5487 5705/2283/5490
f 472/657/657 471/672/672 3701/672/3882 3702/657/3867
f 3069/2799/2798 3068/2794/2793 6298/2794/6003 6299/2799/6008
f 2781/3174/3170 2780/3176/3172 6010/3176/6382 6011/3174/6380
f 2483/2296/2293 2482/2294/2291 5712/2294/5501 5713/2296/5503
f 728/674/674 727/670/670 3957/670/3880 3958/674/3884
f 2637/2801/2800 2636/2798/2797 5866/2798/6007 5867/2801/6010
f 2555/2298/2295 2554/2300/2297 5784/2300/5507 5785/2298/5505
f 2749/3191/3187 2748/3190/3186 5978/3190/6396 5979/3191/6397
f 3085/2813/2812 3084/2814/2813 6314/2814/6023 6315/2813/6022
f 2773/3189/3185 2772/3192/3188 6002/3192/6398 6003/3189/6395
f 3077/2825/2824 3076/2827/2826 6306/2827/6036 6307/2825/6034
f 2491/2309/2306 2490/2307/2304 5720/2307/5514 5721/2309/5516
f 736/687/688 735/686/687 3965/686/3897 3966/687/3898
f 2757/3205/3201 2756/3203/3199 5986/3203/6409 5987/3205/6411
f 2499/2319/2317 2498/2318/2316 5728/2318/5526 5729/2319/5527
f 2765/3209/3205 2764/3211/3207 5994/3211/6417 5995/3209/6415
f 2677/2832/2831 2676/2834/2833 5906/2834/6043 5907/2832/6041
f 2547/2320/2318 2546/2325/2323 5776/2325/5533 5777/2320/5528
f 744/699/701 743/698/700 3973/698/3910 3974/699/3911
f 302/3/3 301/2/2 3531/2/3213 3532/3/3212
f 294/13/13 293/15/15 3523/15/3225 3524/13/3223
f 376/705/707 375/700/702 3605/700/3912 3606/705/3917
f 2507/2332/2330 2506/2330/2328 5736/2330/5538 5737/2332/5540
f 464/716/718 463/719/721 3693/719/3931 3694/716/3928
f 2645/2839/2838 2644/2829/2828 5874/2829/6038 5875/2839/6048
f 2539/2339/2337 2538/2341/2339 5768/2341/5549 5769/2339/5547
f 310/21/21 309/19/19 3539/19/3229 3540/21/3231
f 286/26/26 285/28/28 3515/28/3238 3516/26/3236
f 2685/2843/2842 2684/2841/2840 5914/2841/6050 5915/2843/6052
f 2669/2850/2849 2668/2853/2852 5898/2853/6062 5899/2850/6059
f 2515/2349/2347 2514/2347/2345 5744/2347/5555 5745/2349/5557
f 278/36/36 277/38/38 3507/38/3248 3508/36/3246
f 2531/2353/2351 2530/2355/2353 5760/2355/5563 5761/2353/5561
f 824/726/728 823/729/731 4053/729/3941 4054/726/3938
f 318/47/47 317/45/45 3547/45/3255 3548/47/3257
f 2661/2868/2867 2660/2870/2869 5890/2870/6079 5891/2868/6077
f 270/50/50 269/52/52 3499/52/3262 3500/50/3260
f 2523/2367/2365 2522/2365/2363 5752/2365/5573 5753/2367/5575
f 384/731/733 383/727/729 3613/727/3939 3614/731/3943
f 2067/2369/2367 2066/2368/2366 5296/2368/5576 5297/2369/5578
f 752/732/734 751/724/726 3981/724/3936 3982/732/3944
f 2653/2872/2871 2652/2869/2868 5882/2869/6078 5883/2872/6081
f 456/738/740 455/740/742 3685/740/3952 3686/738/3950
f 326/65/65 325/62/62 3555/62/3272 3556/65/3275
f 2059/2382/2380 2058/2384/2382 5288/2384/5592 5289/2382/5590
f 448/752/754 447/753/755 3677/753/3965 3678/752/3964
f 262/64/64 261/66/66 3491/66/3276 3492/64/3274
f 3029/2878/2877 3028/2880/2879 6258/2880/6089 6259/2878/6087
f 2075/2385/2383 2074/2383/2381 5304/2383/5591 5305/2385/5593
f 334/79/79 333/77/77 3563/77/3287 3564/79/3289
f 2693/2883/2882 2692/2865/2864 5922/2865/6074 5923/2883/6092
f 2051/2396/2394 2050/2397/2395 5280/2397/5605 5281/2396/5604
f 440/763/765 439/764/766 3669/764/3976 3670/763/3975
f 254/85/85 253/88/88 3483/88/3298 3484/85/3295
f 2981/2885/2884 2980/2881/2880 6210/2881/6090 6211/2885/6094
f 2043/2406/2404 2042/2408/2406 5272/2408/5616 5273/2406/5614
f 392/766/768 391/761/763 3621/761/3973 3622/766/3978
f 2989/2899/2898 2988/2897/2896 6218/2897/6106 6219/2899/6108
f 432/774/776 431/777/779 3661/777/3989 3662/774/3986
f 342/90/90 341/89/89 3571/89/3299 3572/90/3300
f 2083/2409/2407 2082/2407/2405 5312/2407/5615 5313/2409/5617
f 350/99/99 349/98/98 3579/98/3308 3580/99/3309
f 2997/2911/2910 2996/2910/2909 6226/2910/6119 6227/2911/6120
f 2091/2424/2422 2090/2422/2420 5320/2422/5630 5321/2424/5632
f 424/789/791 423/792/794 3653/792/4004 3654/789/4001
f 38/112/112 37/111/111 3267/111/3322 3268/112/3321
f 3021/2913/2912 3020/2918/2917 6250/2918/6127 6251/2913/6122
f 2035/2423/2421 2034/2425/2423 5264/2425/5633 5265/2423/5631
f 46/126/126 45/124/124 3275/124/3334 3276/126/3336
f 30/127/127 29/129/129 3259/129/3339 3260/127/3337
f 3005/2925/2924 3004/2924/2923 6234/2924/6133 6235/2925/6134
f 400/794/796 399/791/793 3629/791/4003 3630/794/4006
f 416/805/807 415/806/808 3645/806/4018 3646/805/4017
f 3013/2937/2936 3012/2936/2935 6242/2936/6145 6243/2937/6146
f 2219/2437/2436 2218/2439/2438 5448/2439/5648 5449/2437/5646
f 2893/2942/2941 2892/2948/2947 6122/2948/6157 6123/2942/6151
f 22/139/139 21/140/140 3251/140/3350 3252/139/3349
f 2973/2946/2945 2972/2950/2949 6202/2950/6159 6203/2946/6155
f 2099/2440/2439 2098/2438/2437 5328/2438/5647 5329/2440/5649
f 408/814/816 407/811/813 3637/811/4023 3638/814/4026
f 14/148/148 13/149/149 3243/149/3359 3244/148/3358
f 2107/2454/2453 2106/2453/2452 5336/2453/5662 5337/2454/5663
f 2211/2455/2454 2210/2457/2457 5440/2457/5667 5441/2455/5664
f 246/125/125 245/154/154 3475/154/3364 3476/125/3335
f 760/821/823 759/819/821 3989/819/4031 3990/821/4033
f 2901/2955/2954 2900/2951/2950 6130/2951/6160 6131/2955/6164
f 2115/2464/2464 2114/2463/2463 5344/2463/5673 5345/2464/5674
f 816/820/822 815/822/824 4045/822/4034 4046/820/4032
f 54/158/158 53/155/155 3283/155/3365 3284/158/3368
f 2701/2956/2955 2700/2952/2951 5930/2952/6161 5931/2956/6165
f 2123/2472/2472 2122/2471/2471 5352/2471/5681 5353/2472/5682
f 358/166/166 357/159/159 3587/159/3369 3588/166/3376
f 768/836/838 767/834/836 3997/834/4046 3998/836/4048
f 6/165/165 5/168/168 3235/168/3378 3236/165/3375
f 2965/2977/2976 2964/2982/2981 6194/2982/6191 6195/2977/6186
f 808/837/839 807/839/841 4037/839/4051 4038/837/4049
f 2709/2983/2982 2708/2980/2979 5938/2980/6189 5939/2983/6192
f 2131/2485/2485 2130/2483/2483 5360/2483/5693 5361/2485/5695
f 800/848/850 799/849/851 4029/849/4061 4030/848/4060
f 2203/2486/2486 2202/2488/2488 5432/2488/5698 5433/2486/5696
f 792/856/858 791/858/860 4021/858/4070 4022/856/4068
f 62/183/183 61/179/179 3291/179/3389 3292/183/3393
f 2885/2981/2980 2884/2987/2986 6114/2987/6196 6115/2981/6190
f 2139/2501/2501 2138/2500/2500 5368/2500/5710 5369/2501/5711
f 206/187/187 205/186/186 3435/186/3397 3436/187/3396
f 2909/2989/2988 2908/2984/2983 6138/2984/6193 6139/2989/6198
f 2195/2502/2502 2194/2504/2504 5424/2504/5714 5425/2502/5712
f 776/864/866 775/862/864 4005/862/4074 4006/864/4076
f 198/197/197 197/199/199 3427/199/3409 3428/197/3407
f 784/874/876 783/876/878 4013/876/4088 4014/874/4086
f 1288/879/881 1287/878/880 4517/878/4091 4518/879/4090
f 2717/3012/3011 2716/3008/3007 5946/3008/6217 5947/3012/6221
f 2147/2517/2517 2146/2515/2515 5376/2515/5725 5377/2517/5727
f 1200/892/894 1199/895/897 4429/895/4107 4430/892/4104
f 214/206/206 213/203/203 3443/203/3413 3444/206/3416
f 2877/3010/3009 2876/3013/3012 6106/3013/6222 6107/3010/6219
f 2187/2518/2518 2186/2520/2520 5416/2520/5730 5417/2518/5728
f 190/216/216 189/219/219 3419/219/3429 3420/216/3426
f 2957/3014/3013 2956/3021/3020 6186/3021/6230 6187/3014/6223
f 2179/2527/2528 2178/2528/2529 5408/2528/5739 5409/2527/5738
