# Blender 4.4.1
# www.blender.org
mtllib titleFont.mtl
o テキスト
v -14.049534 -1.907417 -0.482699
v -13.997707 -1.937853 -0.482699
v -13.945826 -1.965262 -0.482699
v -13.893459 -1.989671 -0.482699
v -13.840172 -2.011107 -0.482699
v -13.785534 -2.029597 -0.482699
v -13.729111 -2.045169 -0.482699
v -13.670473 -2.057848 -0.482699
v -13.609188 -2.067663 -0.482699
v -13.544821 -2.074641 -0.482699
v -13.476940 -2.078807 -0.482699
v -13.405113 -2.080190 -0.482699
v -13.273964 -2.071105 -0.482699
v -13.153084 -2.044804 -0.482699
v -13.042692 -2.002720 -0.482699
v -12.943003 -1.946285 -0.482699
v -12.854231 -1.876931 -0.482699
v -12.776596 -1.796092 -0.482699
v -12.710308 -1.705199 -0.482699
v -12.655590 -1.605684 -0.482699
v -12.612654 -1.498981 -0.482699
v -12.581718 -1.386521 -0.482699
v -12.562998 -1.269737 -0.482699
v -12.556711 -1.150061 -0.482699
v -12.563578 -1.021417 -0.482699
v -12.583738 -0.900556 -0.482699
v -12.616547 -0.788128 -0.482699
v -12.661356 -0.684780 -0.482699
v -12.717516 -0.591162 -0.482699
v -12.784378 -0.507921 -0.482699
v -12.861294 -0.435708 -0.482699
v -12.947617 -0.375169 -0.482699
v -13.042694 -0.326955 -0.482699
v -13.145880 -0.291713 -0.482699
v -13.256525 -0.270092 -0.482699
v -13.373980 -0.262741 -0.482699
v -13.486198 -0.269317 -0.482699
v -13.590998 -0.289082 -0.482699
v -13.687935 -0.322090 -0.482699
v -13.776560 -0.368395 -0.482699
v -13.856430 -0.428050 -0.482699
v -13.927095 -0.501111 -0.482699
v -13.988113 -0.587630 -0.482699
v -14.039038 -0.687663 -0.482699
v -14.079422 -0.801262 -0.482699
v -14.108820 -0.928483 -0.482699
v -14.126785 -1.069379 -0.482699
v -14.132872 -1.224004 -0.482699
v -12.903078 -1.224004 -0.482699
v -12.919695 -1.307102 -0.482699
v -12.942284 -1.383188 -0.482699
v -12.970819 -1.452219 -0.482699
v -13.005274 -1.514156 -0.482699
v -13.045618 -1.568958 -0.482699
v -13.091829 -1.616585 -0.482699
v -13.143877 -1.656995 -0.482699
v -13.201735 -1.690150 -0.482699
v -13.265377 -1.716007 -0.482699
v -13.334776 -1.734527 -0.482699
v -13.409903 -1.745668 -0.482699
v -13.490734 -1.749391 -0.482699
v -13.543037 -1.747783 -0.482699
v -13.594908 -1.743013 -0.482699
v -13.646400 -1.735162 -0.482699
v -13.697571 -1.724311 -0.482699
v -13.748470 -1.710541 -0.482699
v -13.799154 -1.693933 -0.482699
v -13.849674 -1.674569 -0.482699
v -13.900087 -1.652529 -0.482699
v -13.950447 -1.627895 -0.482699
v -14.000805 -1.600747 -0.482699
v -14.051218 -1.571167 -0.482699
v -14.101738 -1.539236 -0.482699
v -14.101738 -1.873927 -0.482699
v -13.784582 -0.930298 -0.482699
v -13.773098 -0.870503 -0.482699
v -13.756100 -0.815248 -0.482699
v -13.733749 -0.764777 -0.482699
v -13.706209 -0.719333 -0.482699
v -13.673643 -0.679159 -0.482699
v -13.636213 -0.644498 -0.482699
v -13.594078 -0.615593 -0.482699
v -13.547405 -0.592689 -0.482699
v -13.496355 -0.576027 -0.482699
v -13.441088 -0.565852 -0.482699
v -13.381765 -0.562406 -0.482699
v -13.317801 -0.565628 -0.482699
v -13.258240 -0.575216 -0.482699
v -13.203112 -0.591046 -0.482699
v -13.152443 -0.612998 -0.482699
v -13.106258 -0.640950 -0.482699
v -13.064589 -0.674780 -0.482699
v -13.027458 -0.714367 -0.482699
v -12.994896 -0.759588 -0.482699
v -12.966928 -0.810323 -0.482699
v -12.943581 -0.866449 -0.482699
v -12.924883 -0.927846 -0.482699
v -12.910862 -0.994390 -0.482699
v -13.790398 -0.994390 -0.482699
v -10.774288 -2.045164 -0.482699
v -10.774288 0.609012 -0.482700
v -11.120655 0.609012 -0.482699
v -11.120655 -2.045164 -0.482699
v -12.478876 -2.045164 -0.482699
v -12.011866 -2.045164 -0.482699
v -11.136223 -1.153952 -0.482699
v -11.910681 -0.297766 -0.482699
v -12.323206 -0.297766 -0.482699
v -11.575991 -1.153952 -0.482699
v -10.432711 -1.968732 -0.482699
v -10.398104 -1.990553 -0.482699
v -10.366446 -2.009591 -0.482699
v -10.337261 -2.025994 -0.482699
v -10.310074 -2.039910 -0.482699
v -10.284414 -2.051488 -0.482699
v -10.259809 -2.060878 -0.482699
v -10.235785 -2.068226 -0.482699
v -10.211868 -2.073684 -0.482699
v -10.187588 -2.077397 -0.482699
v -10.162468 -2.079516 -0.482699
v -10.136040 -2.080190 -0.482699
v -10.099543 -2.079046 -0.482699
v -10.065899 -2.075577 -0.482699
v -10.035038 -2.069731 -0.482699
v -10.006891 -2.061452 -0.482699
v -9.981396 -2.050686 -0.482699
v -9.958479 -2.037381 -0.482699
v -9.938078 -2.021480 -0.482699
v -9.920122 -2.002931 -0.482699
v -9.904543 -1.981680 -0.482699
v -9.891273 -1.957672 -0.482699
v -9.880249 -1.930853 -0.482699
v -9.871401 -1.901169 -0.482699
v -9.833302 -1.930035 -0.482700
v -9.794903 -1.956320 -0.482700
v -9.756231 -1.980038 -0.482700
v -9.717319 -2.001202 -0.482700
v -9.678190 -2.019825 -0.482700
v -9.638870 -2.035921 -0.482700
v -9.599390 -2.049504 -0.482700
v -9.559772 -2.060587 -0.482700
v -9.520050 -2.069184 -0.482700
v -9.480244 -2.075307 -0.482700
v -9.440384 -2.078971 -0.482700
v -9.400499 -2.080190 -0.482700
v -9.338123 -2.076077 -0.482700
v -9.279606 -2.064154 -0.482700
v -9.225252 -2.045043 -0.482700
v -9.175356 -2.019363 -0.482700
v -9.130217 -1.987738 -0.482700
v -9.090134 -1.950789 -0.482700
v -9.055399 -1.909137 -0.482700
v -9.026316 -1.863405 -0.482700
v -9.003176 -1.814213 -0.482700
v -8.986279 -1.762183 -0.482700
v -8.975924 -1.707937 -0.482700
v -8.972406 -1.652097 -0.482700
v -8.978771 -1.570395 -0.482700
v -8.997053 -1.497922 -0.482700
v -9.026039 -1.433855 -0.482700
v -9.064510 -1.377368 -0.482700
v -9.111252 -1.327638 -0.482700
v -9.165049 -1.283840 -0.482700
v -9.224680 -1.245150 -0.482700
v -9.288935 -1.210743 -0.482700
v -9.356594 -1.179796 -0.482700
v -9.426443 -1.151484 -0.482700
v -9.497265 -1.124983 -0.482700
v -9.567844 -1.099468 -0.482700
v -9.875292 -0.990499 -0.482700
v -9.875292 -0.897097 -0.482700
v -9.873104 -0.845265 -0.482700
v -9.866537 -0.798650 -0.482700
v -9.855593 -0.757115 -0.482700
v -9.840267 -0.720526 -0.482700
v -9.820564 -0.688748 -0.482700
v -9.796486 -0.661645 -0.482700
v -9.768026 -0.639083 -0.482700
v -9.735189 -0.620926 -0.482700
v -9.697975 -0.607039 -0.482700
v -9.656384 -0.597287 -0.482700
v -9.610411 -0.591535 -0.482700
v -9.560061 -0.589648 -0.482700
v -9.512323 -0.591524 -0.482700
v -9.464533 -0.597197 -0.482700
v -9.416796 -0.606735 -0.482700
v -9.369221 -0.620206 -0.482700
v -9.321917 -0.637676 -0.482700
v -9.274990 -0.659213 -0.482700
v -9.228550 -0.684886 -0.482700
v -9.182705 -0.714761 -0.482700
v -9.137562 -0.748906 -0.482700
v -9.093231 -0.787389 -0.482700
v -9.049818 -0.830277 -0.482700
v -9.007431 -0.877638 -0.482700
v -9.007431 -0.500138 -0.482700
v -9.042624 -0.461948 -0.482700
v -9.080112 -0.427149 -0.482700
v -9.119928 -0.395729 -0.482700
v -9.162094 -0.367674 -0.482700
v -9.206636 -0.342970 -0.482700
v -9.253584 -0.321604 -0.482700
v -9.302965 -0.303561 -0.482700
v -9.354805 -0.288830 -0.482700
v -9.409132 -0.277395 -0.482700
v -9.465973 -0.269245 -0.482700
v -9.525354 -0.264364 -0.482700
v -9.587303 -0.262741 -0.482700
v -9.674181 -0.266493 -0.482700
v -9.757261 -0.277839 -0.482700
v -9.835829 -0.296915 -0.482700
v -9.909164 -0.323856 -0.482700
v -9.976557 -0.358796 -0.482700
v -10.037287 -0.401871 -0.482700
v -10.090639 -0.453216 -0.482700
v -10.135897 -0.512966 -0.482700
v -10.172342 -0.581257 -0.482700
v -10.199265 -0.658222 -0.482700
v -10.215942 -0.743998 -0.482700
v -10.221659 -0.838720 -0.482700
v -10.221659 -1.737716 -0.482699
v -10.222143 -1.753375 -0.482699
v -10.223587 -1.767318 -0.482699
v -10.225977 -1.779613 -0.482699
v -10.229300 -1.790326 -0.482699
v -10.233540 -1.799526 -0.482699
v -10.238686 -1.807281 -0.482699
v -10.244724 -1.813657 -0.482699
v -10.251640 -1.818722 -0.482699
v -10.259422 -1.822544 -0.482699
v -10.268055 -1.825190 -0.482699
v -10.277525 -1.826728 -0.482699
v -10.287819 -1.827226 -0.482699
v -10.297289 -1.826503 -0.482699
v -10.308125 -1.824361 -0.482699
v -10.320230 -1.820841 -0.482699
v -10.333511 -1.815983 -0.482699
v -10.347874 -1.809828 -0.482699
v -10.363222 -1.802416 -0.482699
v -10.379461 -1.793788 -0.482699
v -10.396500 -1.783984 -0.482699
v -10.414240 -1.773045 -0.482699
v -10.432589 -1.761012 -0.482699
v -10.451450 -1.747925 -0.482699
v -10.470732 -1.733824 -0.482699
v -10.470732 -1.943979 -0.482699
v -9.802286 -1.206552 -0.482700
v -9.731659 -1.232274 -0.482700
v -9.664165 -1.258726 -0.482700
v -9.600565 -1.286272 -0.482700
v -9.541611 -1.315278 -0.482700
v -9.488064 -1.346108 -0.482700
v -9.440678 -1.379127 -0.482700
v -9.400211 -1.414700 -0.482700
v -9.367420 -1.453192 -0.482700
v -9.343061 -1.494967 -0.482700
v -9.327890 -1.540391 -0.482700
v -9.322664 -1.589829 -0.482700
v -9.324816 -1.624902 -0.482700
v -9.331116 -1.657989 -0.482700
v -9.341333 -1.688886 -0.482700
v -9.355240 -1.717392 -0.482700
v -9.372606 -1.743303 -0.482700
v -9.393202 -1.766417 -0.482700
v -9.416798 -1.786531 -0.482700
v -9.443165 -1.803443 -0.482700
v -9.472071 -1.816949 -0.482700
v -9.503288 -1.826848 -0.482700
v -9.536587 -1.832935 -0.482700
v -9.571735 -1.835009 -0.482700
v -9.598816 -1.833886 -0.482700
v -9.625572 -1.830559 -0.482700
v -9.652002 -1.825098 -0.482700
v -9.678110 -1.817569 -0.482700
v -9.703894 -1.808040 -0.482700
v -9.729351 -1.796578 -0.482700
v -9.754486 -1.783252 -0.482700
v -9.779295 -1.768129 -0.482700
v -9.803782 -1.751276 -0.482700
v -9.827944 -1.732761 -0.482700
v -9.851780 -1.712651 -0.482700
v -9.875292 -1.691015 -0.482700
v -9.875292 -1.181195 -0.482700
v -8.501505 -0.297766 -0.482700
v -8.871220 -0.297766 -0.482700
v -8.100653 -2.080190 -0.482700
v -7.991684 -2.080190 -0.482700
v -7.474081 -0.858179 -0.482700
v -6.960371 -2.080190 -0.482700
v -6.851400 -2.080190 -0.482700
v -6.073050 -0.297766 -0.482700
v -6.442766 -0.297766 -0.482700
v -6.901993 -1.356324 -0.482700
v -7.345654 -0.297766 -0.482700
v -7.602510 -0.297766 -0.482700
v -8.046169 -1.356324 -0.482700
v -5.683874 -2.045164 -0.482700
v -5.329725 -1.262922 -0.482700
v -4.201117 -1.262922 -0.482700
v -3.866426 -2.045164 -0.482700
v -3.477251 -2.045164 -0.482700
v -4.617535 0.624579 -0.482700
v -4.886065 0.624579 -0.482700
v -6.073050 -2.045164 -0.482700
v -5.174055 -0.920447 -0.482700
v -4.745964 0.040816 -0.482700
v -4.349003 -0.920447 -0.482700
v -2.109566 -0.718632 -0.482700
v -2.061822 -0.691068 -0.482700
v -2.014863 -0.666449 -0.482700
v -1.968835 -0.644709 -0.482700
v -1.923889 -0.625780 -0.482700
v -1.880172 -0.609593 -0.482700
v -1.837833 -0.596082 -0.482700
v -1.797022 -0.585180 -0.482700
v -1.757886 -0.576817 -0.482700
v -1.720575 -0.570928 -0.482700
v -1.685236 -0.567444 -0.482700
v -1.652019 -0.566298 -0.482700
v -1.618068 -0.567654 -0.482700
v -1.586362 -0.571631 -0.482700
v -1.557034 -0.578095 -0.482700
v -1.530219 -0.586910 -0.482700
v -1.506054 -0.597941 -0.482700
v -1.484673 -0.611053 -0.482700
v -1.466208 -0.626111 -0.482700
v -1.450800 -0.642980 -0.482700
v -1.438580 -0.661524 -0.482700
v -1.429683 -0.681609 -0.482700
v -1.424247 -0.703099 -0.482700
v -1.422405 -0.725860 -0.482700
v -1.424881 -0.745683 -0.482700
v -1.432477 -0.766399 -0.482700
v -1.445452 -0.788249 -0.482700
v -1.464061 -0.811478 -0.482700
v -1.488562 -0.836329 -0.482700
v -1.519212 -0.863044 -0.482700
v -1.556268 -0.891867 -0.482700
v -1.599985 -0.923042 -0.482700
v -1.650620 -0.956811 -0.482700
v -1.708431 -0.993418 -0.482700
v -1.773675 -1.033105 -0.482700
v -1.846607 -1.076117 -0.482700
v -1.914839 -1.122406 -0.482700
v -1.975719 -1.166222 -0.482700
v -2.029519 -1.208011 -0.482700
v -2.076509 -1.248219 -0.482700
v -2.116957 -1.287292 -0.482700
v -2.151136 -1.325676 -0.482700
v -2.179316 -1.363816 -0.482700
v -2.201765 -1.402160 -0.482700
v -2.218756 -1.441152 -0.482700
v -2.230556 -1.481238 -0.482700
v -2.237440 -1.522865 -0.482700
v -2.239674 -1.566478 -0.482700
v -2.234661 -1.641172 -0.482700
v -2.219984 -1.711284 -0.482700
v -2.196199 -1.776451 -0.482700
v -2.163858 -1.836307 -0.482700
v -2.123520 -1.890487 -0.482700
v -2.075734 -1.938627 -0.482700
v -2.021059 -1.980362 -0.482700
v -1.960044 -2.015327 -0.482700
v -1.893247 -2.043157 -0.482700
v -1.821220 -2.063488 -0.482700
v -1.744517 -2.075953 -0.482700
v -1.663693 -2.080190 -0.482700
v -1.611094 -2.079280 -0.482700
v -1.560076 -2.076478 -0.482700
v -1.510273 -2.071677 -0.482700
v -1.461322 -2.064767 -0.482700
v -1.412857 -2.055641 -0.482700
v -1.364514 -2.044191 -0.482700
v -1.315928 -2.030309 -0.482700
v -1.266734 -2.013886 -0.482700
v -1.216567 -1.994815 -0.482700
v -1.165062 -1.972986 -0.482700
v -1.111855 -1.948294 -0.482700
v -1.056580 -1.920628 -0.482700
v -1.056580 -1.547020 -0.482700
v -1.112578 -1.584239 -0.482700
v -1.167603 -1.618080 -0.482700
v -1.221494 -1.648570 -0.482700
v -1.274086 -1.675736 -0.482700
v -1.325220 -1.699604 -0.482700
v -1.374732 -1.720203 -0.482700
v -1.422460 -1.737558 -0.482700
v -1.468242 -1.751697 -0.482700
v -1.511915 -1.762647 -0.482700
v -1.553320 -1.770435 -0.482700
v -1.592291 -1.775088 -0.482700
v -1.628668 -1.776633 -0.482700
v -1.663155 -1.773471 -0.482700
v -1.696342 -1.767877 -0.482700
v -1.727909 -1.759850 -0.482700
v -1.757530 -1.749391 -0.482700
v -1.784880 -1.736499 -0.482700
v -1.809635 -1.721176 -0.482700
v -1.831471 -1.703419 -0.482700
v -1.850066 -1.683231 -0.482700
v -1.865092 -1.660610 -0.482700
v -1.876226 -1.635557 -0.482700
v -1.883144 -1.608072 -0.482700
v -1.885524 -1.578154 -0.482700
v -1.869442 -1.519919 -0.482700
v -1.824984 -1.464806 -0.482700
v -1.757825 -1.411234 -0.482700
v -1.673639 -1.357621 -0.482700
v -1.578102 -1.302386 -0.482700
v -1.476890 -1.243949 -0.482700
v -1.375677 -1.180728 -0.482700
v -1.280140 -1.111143 -0.482700
v -1.195953 -1.033612 -0.482700
v -1.128794 -0.946554 -0.482700
v -1.084336 -0.848389 -0.482700
v -1.068255 -0.737535 -0.482700
v -1.072900 -0.666060 -0.482700
v -1.086598 -0.599666 -0.482700
v -1.108998 -0.538569 -0.482700
v -1.139750 -0.482985 -0.482700
v -1.178500 -0.433131 -0.482700
v -1.224899 -0.389223 -0.482700
v -1.278596 -0.351476 -0.482700
v -1.339237 -0.320108 -0.482700
v -1.406473 -0.295334 -0.482700
v -1.479953 -0.277371 -0.482700
v -1.559323 -0.266434 -0.482700
v -1.644235 -0.262741 -0.482700
v -1.685184 -0.263716 -0.482700
v -1.726338 -0.266650 -0.482700
v -1.767736 -0.271558 -0.482700
v -1.809418 -0.278452 -0.482700
v -1.851422 -0.287346 -0.482700
v -1.893793 -0.298253 -0.482700
v -1.936569 -0.311187 -0.482700
v -1.979791 -0.326162 -0.482700
v -2.023499 -0.343191 -0.482700
v -2.067735 -0.362287 -0.482700
v -2.112537 -0.383464 -0.482700
v -2.157948 -0.406736 -0.482700
v -2.157948 -0.749210 -0.482700
v -0.803617 -0.297766 -0.482700
v -0.803617 -0.609107 -0.482700
v -0.250988 -0.609107 -0.482700
v -0.250988 -1.504210 -0.482700
v -0.253956 -1.552747 -0.482700
v -0.262410 -1.595432 -0.482700
v -0.275676 -1.632577 -0.482700
v -0.293077 -1.664493 -0.482700
v -0.313936 -1.691490 -0.482700
v -0.337579 -1.713879 -0.482700
v -0.363330 -1.731970 -0.482700
v -0.390513 -1.746076 -0.482700
v -0.418454 -1.756505 -0.482700
v -0.446476 -1.763571 -0.482700
v -0.473903 -1.767582 -0.482700
v -0.500059 -1.768850 -0.482700
v -0.531280 -1.767958 -0.482700
v -0.562689 -1.765282 -0.482700
v -0.594314 -1.760823 -0.482700
v -0.626183 -1.754580 -0.482700
v -0.658320 -1.746553 -0.482700
v -0.690757 -1.736743 -0.482700
v -0.723516 -1.725148 -0.482700
v -0.756628 -1.711771 -0.482700
v -0.790118 -1.696609 -0.482700
v -0.824013 -1.679664 -0.482700
v -0.858340 -1.660934 -0.482700
v -0.893126 -1.640422 -0.482700
v -0.893126 -1.963437 -0.482700
v -0.861670 -1.979633 -0.482700
v -0.827940 -1.995058 -0.482700
v -0.792428 -2.009591 -0.482700
v -0.755619 -2.023111 -0.482700
v -0.717999 -2.035496 -0.482700
v -0.680055 -2.046623 -0.482700
v -0.642272 -2.056373 -0.482700
v -0.605138 -2.064623 -0.482700
v -0.569139 -2.071251 -0.482700
v -0.534761 -2.076136 -0.482700
v -0.502492 -2.079156 -0.482700
v -0.472817 -2.080190 -0.482700
v -0.382337 -2.075413 -0.482700
v -0.299652 -2.061434 -0.482700
v -0.224779 -2.038779 -0.482700
v -0.157729 -2.007976 -0.482700
v -0.098517 -1.969552 -0.482700
v -0.047156 -1.924033 -0.482700
v -0.003660 -1.871947 -0.482700
v 0.031958 -1.813821 -0.482700
v 0.059685 -1.750181 -0.482700
v 0.079506 -1.681555 -0.482700
v 0.091408 -1.608470 -0.482700
v 0.095379 -1.531453 -0.482700
v 0.095379 -0.609107 -0.482700
v 0.398935 -0.609107 -0.482700
v 0.398935 -0.570189 -0.482700
v -0.250988 0.064167 -0.482700
v -0.250988 -0.297766 -0.482700
v 1.753266 -0.527380 -0.482701
v 1.718925 -0.487019 -0.482701
v 1.682206 -0.449671 -0.482701
v 1.643325 -0.415431 -0.482701
v 1.602498 -0.384394 -0.482701
v 1.559940 -0.356654 -0.482701
v 1.515870 -0.332306 -0.482701
v 1.470502 -0.311444 -0.482701
v 1.424052 -0.294163 -0.482701
v 1.376739 -0.280558 -0.482701
v 1.328776 -0.270722 -0.482701
v 1.280382 -0.264752 -0.482701
v 1.231771 -0.262741 -0.482701
v 1.150563 -0.267459 -0.482701
v 1.072803 -0.281677 -0.482701
v 0.999176 -0.305489 -0.482701
v 0.930375 -0.338990 -0.482700
v 0.867086 -0.382275 -0.482700
v 0.810000 -0.435437 -0.482700
v 0.759807 -0.498573 -0.482700
v 0.717194 -0.571775 -0.482700
v 0.682851 -0.655139 -0.482700
v 0.657466 -0.748760 -0.482700
v 0.641730 -0.852731 -0.482700
v 0.636333 -0.967148 -0.482700
v 0.636333 -2.045164 -0.482700
v 0.982699 -2.045164 -0.482700
v 0.982699 -0.963256 -0.482700
v 0.985425 -0.900952 -0.482700
v 0.993474 -0.842648 -0.482700
v 1.006659 -0.788614 -0.482700
v 1.024788 -0.739120 -0.482700
v 1.047675 -0.694437 -0.482700
v 1.075129 -0.654835 -0.482700
v 1.106961 -0.620584 -0.482701
v 1.142982 -0.591954 -0.482701
v 1.183003 -0.569216 -0.482701
v 1.226834 -0.552640 -0.482701
v 1.274287 -0.542497 -0.482701
v 1.325172 -0.539055 -0.482701
v 1.362511 -0.540539 -0.482701
v 1.398809 -0.545091 -0.482701
v 1.434324 -0.552859 -0.482701
v 1.469312 -0.563991 -0.482701
v 1.504029 -0.578637 -0.482701
v 1.538733 -0.596945 -0.482701
v 1.573680 -0.619064 -0.482701
v 1.609128 -0.645142 -0.482701
v 1.645331 -0.675327 -0.482701
v 1.682548 -0.709770 -0.482701
v 1.721035 -0.748618 -0.482701
v 1.761049 -0.792019 -0.482701
v 1.761049 -2.045164 -0.482700
v 2.107415 -2.045164 -0.482701
v 2.107415 -0.297766 -0.482701
v 1.761049 -0.297766 -0.482701
v 1.761049 -0.527380 -0.482701
v 2.556580 -1.907417 -0.482701
v 2.608406 -1.937853 -0.482701
v 2.660287 -1.965262 -0.482701
v 2.712655 -1.989671 -0.482701
v 2.765942 -2.011107 -0.482701
v 2.820579 -2.029597 -0.482701
v 2.877001 -2.045169 -0.482701
v 2.935638 -2.057848 -0.482701
v 2.996924 -2.067663 -0.482701
v 3.061292 -2.074641 -0.482701
v 3.129172 -2.078807 -0.482701
v 3.200998 -2.080190 -0.482701
v 3.332147 -2.071105 -0.482701
v 3.453026 -2.044804 -0.482701
v 3.563418 -2.002720 -0.482701
v 3.663109 -1.946285 -0.482701
v 3.751881 -1.876931 -0.482701
v 3.829517 -1.796092 -0.482701
v 3.895803 -1.705199 -0.482701
v 3.950522 -1.605684 -0.482701
v 3.993458 -1.498981 -0.482701
v 4.024394 -1.386521 -0.482701
v 4.043114 -1.269737 -0.482701
v 4.049401 -1.150061 -0.482701
v 4.042537 -1.021417 -0.482701
v 4.022375 -0.900556 -0.482701
v 3.989565 -0.788128 -0.482701
v 3.944756 -0.684780 -0.482701
v 3.888596 -0.591162 -0.482701
v 3.821733 -0.507921 -0.482701
v 3.744817 -0.435708 -0.482701
v 3.658495 -0.375169 -0.482701
v 3.563417 -0.326955 -0.482701
v 3.460233 -0.291713 -0.482701
v 3.349588 -0.270092 -0.482701
v 3.232133 -0.262741 -0.482701
v 3.119914 -0.269317 -0.482701
v 3.015114 -0.289082 -0.482701
v 2.918178 -0.322090 -0.482701
v 2.829553 -0.368395 -0.482701
v 2.749683 -0.428050 -0.482701
v 2.679017 -0.501111 -0.482701
v 2.617999 -0.587630 -0.482701
v 2.567075 -0.687663 -0.482701
v 2.526691 -0.801262 -0.482701
v 2.497293 -0.928483 -0.482701
v 2.479328 -1.069379 -0.482701
v 2.473241 -1.224004 -0.482701
v 3.703034 -1.224004 -0.482701
v 3.686419 -1.307102 -0.482701
v 3.663830 -1.383188 -0.482701
v 3.635295 -1.452219 -0.482701
v 3.600842 -1.514156 -0.482701
v 3.560495 -1.568958 -0.482701
v 3.514286 -1.616585 -0.482701
v 3.462238 -1.656995 -0.482701
v 3.404381 -1.690150 -0.482701
v 3.340738 -1.716007 -0.482701
v 3.271339 -1.734527 -0.482701
v 3.196211 -1.745668 -0.482701
v 3.115379 -1.749391 -0.482701
v 3.063076 -1.747783 -0.482701
v 3.011204 -1.743013 -0.482701
v 2.959709 -1.735162 -0.482701
v 2.908541 -1.724311 -0.482701
v 2.857641 -1.710541 -0.482701
v 2.806959 -1.693933 -0.482701
v 2.756438 -1.674569 -0.482701
v 2.706025 -1.652529 -0.482701
v 2.655667 -1.627895 -0.482701
v 2.605309 -1.600747 -0.482701
v 2.554895 -1.571167 -0.482701
v 2.504375 -1.539236 -0.482701
v 2.504375 -1.873927 -0.482701
v 2.821526 -0.930298 -0.482701
v 2.833012 -0.870503 -0.482701
v 2.850011 -0.815248 -0.482701
v 2.872361 -0.764777 -0.482701
v 2.899901 -0.719333 -0.482701
v 2.932467 -0.679159 -0.482701
v 2.969898 -0.644498 -0.482701
v 3.012032 -0.615593 -0.482701
v 3.058706 -0.592689 -0.482701
v 3.109758 -0.576027 -0.482701
v 3.165027 -0.565852 -0.482701
v 3.224349 -0.562406 -0.482701
v 3.288318 -0.565628 -0.482701
v 3.347878 -0.575216 -0.482701
v 3.403007 -0.591046 -0.482701
v 3.453675 -0.612998 -0.482701
v 3.499858 -0.640950 -0.482701
v 3.541528 -0.674780 -0.482701
v 3.578657 -0.714367 -0.482701
v 3.611218 -0.759588 -0.482701
v 3.639186 -0.810323 -0.482701
v 3.662532 -0.866449 -0.482701
v 3.681230 -0.927846 -0.482701
v 3.695251 -0.994390 -0.482701
v 2.815715 -0.994390 -0.482701
v 6.633526 -0.527380 -0.482701
v 6.589010 -0.484566 -0.482701
v 6.544953 -0.445617 -0.482701
v 6.501328 -0.410506 -0.482701
v 6.458109 -0.379205 -0.482701
v 6.415268 -0.351688 -0.482701
v 6.372779 -0.327928 -0.482701
v 6.330614 -0.307897 -0.482701
v 6.288746 -0.291569 -0.482701
v 6.247149 -0.278916 -0.482701
v 6.205794 -0.269912 -0.482701
v 6.164655 -0.264529 -0.482701
v 6.123706 -0.262741 -0.482701
v 6.069076 -0.265004 -0.482701
v 6.016161 -0.271767 -0.482701
v 5.965057 -0.282990 -0.482701
v 5.915858 -0.298631 -0.482701
v 5.868659 -0.318651 -0.482701
v 5.823555 -0.343008 -0.482701
v 5.780640 -0.371663 -0.482701
v 5.740008 -0.404574 -0.482701
v 5.701756 -0.441701 -0.482701
v 5.665975 -0.483003 -0.482701
v 5.632762 -0.528441 -0.482701
v 5.602211 -0.577973 -0.482701
v 5.563596 -0.535799 -0.482701
v 5.523564 -0.495165 -0.482701
v 5.481991 -0.456477 -0.482701
v 5.438756 -0.420141 -0.482701
v 5.393738 -0.386561 -0.482701
v 5.346814 -0.356143 -0.482701
v 5.297863 -0.329292 -0.482701
v 5.246764 -0.306415 -0.482701
v 5.193394 -0.287915 -0.482701
v 5.137633 -0.274200 -0.482701
v 5.079358 -0.265673 -0.482701
v 5.018449 -0.262741 -0.482701
v 4.932644 -0.268340 -0.482701
v 4.852528 -0.284830 -0.482701
v 4.778438 -0.311752 -0.482701
v 4.710712 -0.348648 -0.482701
v 4.649690 -0.395056 -0.482701
v 4.595707 -0.450518 -0.482701
v 4.549103 -0.514574 -0.482701
v 4.510215 -0.586765 -0.482701
v 4.479380 -0.666632 -0.482701
v 4.456936 -0.753714 -0.482701
v 4.443222 -0.847553 -0.482701
v 4.438577 -0.947690 -0.482701
v 4.438577 -2.045164 -0.482701
v 4.784944 -2.045164 -0.482701
v 4.784944 -0.963256 -0.482701
v 4.788276 -0.899624 -0.482701
v 4.797971 -0.841099 -0.482701
v 4.813585 -0.787763 -0.482701
v 4.834672 -0.739697 -0.482701
v 4.860785 -0.696982 -0.482701
v 4.891480 -0.659700 -0.482701
v 4.926311 -0.627931 -0.482701
v 4.964829 -0.601756 -0.482701
v 5.006592 -0.581257 -0.482701
v 5.051150 -0.566514 -0.482701
v 5.098061 -0.557609 -0.482701
v 5.146876 -0.554622 -0.482701
v 5.175863 -0.555717 -0.482701
v 5.206243 -0.560784 -0.482701
v 5.237784 -0.569581 -0.482701
v 5.270259 -0.581865 -0.482701
v 5.303435 -0.597391 -0.482701
v 5.337086 -0.615917 -0.482701
v 5.370978 -0.637201 -0.482701
v 5.404884 -0.660997 -0.482701
v 5.438575 -0.687064 -0.482701
v 5.471819 -0.715157 -0.482701
v 5.504388 -0.745035 -0.482701
v 5.536052 -0.776452 -0.482701
v 5.536052 -2.045164 -0.482701
v 5.882418 -2.045164 -0.482701
v 5.882418 -0.959365 -0.482701
v 5.885349 -0.891721 -0.482701
v 5.893877 -0.830739 -0.482701
v 5.907592 -0.776270 -0.482701
v 5.926091 -0.728166 -0.482701
v 5.948969 -0.686278 -0.482701
v 5.975819 -0.650457 -0.482701
v 6.006238 -0.620555 -0.482701
v 6.039817 -0.596423 -0.482701
v 6.076153 -0.577912 -0.482701
v 6.114841 -0.564874 -0.482701
v 6.155476 -0.557160 -0.482701
v 6.197650 -0.554622 -0.482701
v 6.240265 -0.555791 -0.482701
v 6.280746 -0.559433 -0.482701
v 6.319389 -0.565750 -0.482701
v 6.356491 -0.574946 -0.482701
v 6.392350 -0.587222 -0.482701
v 6.427263 -0.602783 -0.482701
v 6.461528 -0.621829 -0.482701
v 6.495441 -0.644565 -0.482701
v 6.529300 -0.671193 -0.482701
v 6.563403 -0.701914 -0.482701
v 6.598046 -0.736933 -0.482701
v 6.633526 -0.776452 -0.482701
v 6.633526 -2.045164 -0.482701
v 6.979892 -2.045164 -0.482701
v 6.979892 -0.297766 -0.482701
v 6.633526 -0.297766 -0.482701
v 7.590898 -0.566298 -0.482701
v 7.558685 -0.599591 -0.482701
v 7.530053 -0.631574 -0.482701
v 7.504854 -0.662557 -0.482701
v 7.482938 -0.692852 -0.482701
v 7.464157 -0.722767 -0.482701
v 7.448362 -0.752615 -0.482701
v 7.435406 -0.782706 -0.482701
v 7.425138 -0.813352 -0.482701
v 7.417410 -0.844862 -0.482701
v 7.412076 -0.877548 -0.482701
v 7.408983 -0.911720 -0.482701
v 7.407985 -0.947690 -0.482701
v 7.409641 -0.984112 -0.482701
v 7.414418 -1.021128 -0.482701
v 7.422032 -1.058361 -0.482701
v 7.432201 -1.095432 -0.482701
v 7.444640 -1.131962 -0.482701
v 7.459065 -1.167574 -0.482701
v 7.475193 -1.201888 -0.482701
v 7.492739 -1.234526 -0.482701
v 7.511421 -1.265111 -0.482701
v 7.530954 -1.293263 -0.482701
v 7.551055 -1.318604 -0.482701
v 7.571439 -1.340757 -0.482701
v 7.634428 -1.395649 -0.482701
v 7.704983 -1.437420 -0.482701
v 7.780620 -1.468516 -0.482701
v 7.858852 -1.491382 -0.482701
v 7.937191 -1.508465 -0.482701
v 8.013153 -1.522210 -0.482701
v 8.084249 -1.535063 -0.482701
v 8.147995 -1.549470 -0.482701
v 8.201902 -1.567877 -0.482701
v 8.243487 -1.592730 -0.482701
v 8.270262 -1.626474 -0.482701
v 8.279738 -1.671556 -0.482701
v 8.275936 -1.695098 -0.482701
v 8.264567 -1.717194 -0.482701
v 8.245686 -1.738020 -0.482701
v 8.219344 -1.757751 -0.482701
v 8.185598 -1.776563 -0.482701
v 8.144501 -1.794632 -0.482701
v 8.096106 -1.812134 -0.482701
v 8.040468 -1.829244 -0.482701
v 7.977641 -1.846137 -0.482701
v 7.907680 -1.862990 -0.482701
v 7.830637 -1.879979 -0.482701
v 7.746568 -1.897277 -0.482701
v 7.658130 -1.918146 -0.482701
v 7.579367 -1.943582 -0.482701
v 7.509901 -1.973288 -0.482701
v 7.449354 -2.006967 -0.482701
v 7.397346 -2.044322 -0.482701
v 7.353501 -2.085055 -0.482701
v 7.317439 -2.128868 -0.482701
v 7.288782 -2.175466 -0.482701
v 7.267152 -2.224550 -0.482701
v 7.252171 -2.275823 -0.482701
v 7.243460 -2.328987 -0.482701
v 7.240640 -2.383747 -0.482701
v 7.246990 -2.467458 -0.482701
v 7.265811 -2.545236 -0.482701
v 7.296767 -2.616826 -0.482701
v 7.339520 -2.681970 -0.482701
v 7.393732 -2.740412 -0.482701
v 7.459065 -2.791894 -0.482701
v 7.535182 -2.836161 -0.482701
v 7.621744 -2.872955 -0.482701
v 7.718414 -2.902019 -0.482701
v 7.824853 -2.923097 -0.482701
v 7.940725 -2.935932 -0.482701
v 8.065692 -2.940268 -0.482701
v 8.180464 -2.935725 -0.482701
v 8.288872 -2.922412 -0.482701
v 8.390226 -2.900803 -0.482701
v 8.483839 -2.871369 -0.482701
v 8.569017 -2.834584 -0.482701
v 8.645077 -2.790922 -0.482701
v 8.711325 -2.740854 -0.482701
v 8.767073 -2.684853 -0.482701
v 8.811632 -2.623394 -0.482701
v 8.844313 -2.556948 -0.482701
v 8.864428 -2.485989 -0.482701
v 8.871284 -2.410989 -0.482701
v 8.868429 -2.348948 -0.482701
v 8.859790 -2.291192 -0.482701
v 8.845259 -2.237624 -0.482701
v 8.824728 -2.188150 -0.482701
v 8.798090 -2.142677 -0.482701
v 8.765234 -2.101108 -0.482701
v 8.726055 -2.063350 -0.482701
v 8.680445 -2.029309 -0.482701
v 8.628294 -1.998889 -0.482701
v 8.569494 -1.971996 -0.482701
v 8.503938 -1.948535 -0.482701
v 8.431517 -1.928411 -0.482701
v 8.460306 -1.910000 -0.482701
v 8.486380 -1.891710 -0.482701
v 8.509777 -1.873501 -0.482701
v 8.530540 -1.855333 -0.482701
v 8.548708 -1.837165 -0.482701
v 8.564322 -1.818956 -0.482701
v 8.577423 -1.800666 -0.482701
v 8.588052 -1.782254 -0.482701
v 8.596248 -1.763681 -0.482701
v 8.602052 -1.744905 -0.482701
v 8.605504 -1.725885 -0.482701
v 8.606646 -1.706582 -0.482701
v 8.604404 -1.678715 -0.482701
v 8.597799 -1.651647 -0.482701
v 8.587005 -1.625524 -0.482701
v 8.572197 -1.600495 -0.482701
v 8.553551 -1.576710 -0.482701
v 8.531243 -1.554317 -0.482701
v 8.505449 -1.533464 -0.482701
v 8.476344 -1.514300 -0.482701
v 8.444104 -1.496974 -0.482701
v 8.408905 -1.481634 -0.482701
v 8.370922 -1.468430 -0.482701
v 8.330331 -1.457509 -0.482701
v 8.330331 -1.449726 -0.482701
v 8.361790 -1.435699 -0.482701
v 8.391951 -1.420862 -0.482701
v 8.420815 -1.405214 -0.482701
v 8.448381 -1.388755 -0.482701
v 8.474650 -1.371485 -0.482701
v 8.499622 -1.353405 -0.482701
v 8.523297 -1.334514 -0.482701
v 8.545675 -1.314812 -0.482701
v 8.566755 -1.294299 -0.482701
v 8.586538 -1.272975 -0.482701
v 8.605024 -1.250841 -0.482701
v 8.622213 -1.227896 -0.482701
v 8.637131 -1.205113 -0.482701
v 8.650752 -1.181519 -0.482701
v 8.663076 -1.157115 -0.482701
v 8.674103 -1.131899 -0.482701
v 8.683832 -1.105873 -0.482701
v 8.692265 -1.079036 -0.482701
v 8.699399 -1.051389 -0.482701
v 8.705236 -1.022930 -0.482701
v 8.709778 -0.993661 -0.482701
v 8.713020 -0.963581 -0.482701
v 8.714966 -0.932690 -0.482701
v 8.715614 -0.900988 -0.482701
v 8.709599 -0.810636 -0.482701
v 8.691814 -0.726580 -0.482701
v 8.662651 -0.649119 -0.482701
v 8.622501 -0.578550 -0.482701
v 8.571757 -0.515169 -0.482701
v 8.510811 -0.459274 -0.482701
v 8.440055 -0.411163 -0.482701
v 8.359880 -0.371133 -0.482701
v 8.270678 -0.339481 -0.482701
v 8.172842 -0.316505 -0.482701
v 8.066761 -0.302501 -0.482701
v 7.952831 -0.297766 -0.482701
v 7.232857 -0.297766 -0.482701
v 7.232857 -0.566298 -0.482701
v 8.104784 -0.600364 -0.482701
v 8.149779 -0.608891 -0.482701
v 8.192478 -0.622606 -0.482701
v 8.232461 -0.641106 -0.482701
v 8.269309 -0.663983 -0.482701
v 8.302603 -0.690834 -0.482701
v 8.331923 -0.721252 -0.482701
v 8.356853 -0.754831 -0.482701
v 8.376972 -0.791168 -0.482701
v 8.391861 -0.829856 -0.482701
v 8.401101 -0.870489 -0.482701
v 8.404274 -0.912664 -0.482701
v 8.401396 -0.959002 -0.482701
v 8.392923 -1.002516 -0.482701
v 8.379099 -1.042977 -0.482701
v 8.360168 -1.080153 -0.482701
v 8.336370 -1.113816 -0.482701
v 8.307953 -1.143737 -0.482701
v 8.275157 -1.169684 -0.482701
v 8.238226 -1.191429 -0.482701
v 8.197403 -1.208741 -0.482701
v 8.152931 -1.221391 -0.482701
v 8.105055 -1.229150 -0.482701
v 8.054016 -1.231787 -0.482701
v 8.006554 -1.228997 -0.482701
v 7.961659 -1.220815 -0.482701
v 7.919630 -1.207525 -0.482701
v 7.880762 -1.189410 -0.482701
v 7.845353 -1.166756 -0.482701
v 7.813701 -1.139845 -0.482701
v 7.786103 -1.108961 -0.482701
v 7.762856 -1.074388 -0.482701
v 7.744257 -1.036409 -0.482701
v 7.730605 -0.995309 -0.482701
v 7.722195 -0.951372 -0.482701
v 7.719326 -0.904880 -0.482701
v 7.722495 -0.863677 -0.482701
v 7.731704 -0.824000 -0.482701
v 7.746508 -0.786243 -0.482701
v 7.766459 -0.750796 -0.482701
v 7.791114 -0.718051 -0.482701
v 7.820025 -0.688401 -0.482701
v 7.852746 -0.662238 -0.482701
v 7.888833 -0.639953 -0.482701
v 7.927838 -0.621938 -0.482701
v 7.969316 -0.608584 -0.482701
v 8.012822 -0.600285 -0.482701
v 8.057909 -0.597432 -0.482701
v 8.204281 -2.133017 -0.482701
v 8.257900 -2.139575 -0.482701
v 8.307953 -2.150242 -0.482701
v 8.354114 -2.164799 -0.482701
v 8.396058 -2.183033 -0.482701
v 8.433462 -2.204726 -0.482701
v 8.466002 -2.229662 -0.482701
v 8.493352 -2.257625 -0.482701
v 8.515188 -2.288399 -0.482701
v 8.531189 -2.321767 -0.482701
v 8.541026 -2.357513 -0.482701
v 8.544378 -2.395422 -0.482701
v 8.540827 -2.437495 -0.482701
v 8.530234 -2.476122 -0.482701
v 8.512697 -2.511262 -0.482701
v 8.488308 -2.542876 -0.482701
v 8.457163 -2.570922 -0.482701
v 8.419355 -2.595361 -0.482701
v 8.374981 -2.616151 -0.482701
v 8.324133 -2.633251 -0.482701
v 8.266909 -2.646622 -0.482701
v 8.203399 -2.656224 -0.482701
v 8.133701 -2.662014 -0.482701
v 8.057909 -2.663953 -0.482701
v 7.984645 -2.662023 -0.482701
v 7.916760 -2.656296 -0.482701
v 7.854443 -2.646866 -0.482701
v 7.797882 -2.633828 -0.482701
v 7.747267 -2.617277 -0.482701
v 7.702786 -2.597307 -0.482701
v 7.664630 -2.574013 -0.482701
v 7.632987 -2.547489 -0.482701
v 7.608047 -2.517830 -0.482701
v 7.589997 -2.485131 -0.482701
v 7.579029 -2.449485 -0.482701
v 7.575331 -2.410989 -0.482701
v 7.582501 -2.358876 -0.482701
v 7.602845 -2.313209 -0.482701
v 7.634620 -2.273622 -0.482701
v 7.676085 -2.239752 -0.482701
v 7.725495 -2.211233 -0.482701
v 7.781108 -2.187700 -0.482701
v 7.841180 -2.168788 -0.482701
v 7.903968 -2.154133 -0.482701
v 7.967730 -2.143370 -0.482701
v 8.030721 -2.136134 -0.482701
v 8.091198 -2.132060 -0.482701
v 8.147419 -2.130783 -0.482701
v 8.971577 -1.968732 -0.482701
v 9.006181 -1.990553 -0.482701
v 9.037840 -2.009591 -0.482701
v 9.067026 -2.025994 -0.482701
v 9.094212 -2.039910 -0.482701
v 9.119871 -2.051488 -0.482701
v 9.144476 -2.060878 -0.482701
v 9.168499 -2.068226 -0.482701
v 9.192415 -2.073684 -0.482701
v 9.216696 -2.077397 -0.482701
v 9.241815 -2.079516 -0.482701
v 9.268244 -2.080190 -0.482701
v 9.304740 -2.079046 -0.482701
v 9.338386 -2.075577 -0.482701
v 9.369247 -2.069731 -0.482701
v 9.397392 -2.061452 -0.482701
v 9.422890 -2.050686 -0.482701
v 9.445806 -2.037381 -0.482701
v 9.466208 -2.021480 -0.482701
v 9.484164 -2.002931 -0.482701
v 9.499743 -1.981680 -0.482701
v 9.513010 -1.957672 -0.482701
v 9.524035 -1.930853 -0.482701
v 9.532884 -1.901169 -0.482701
v 9.570986 -1.930035 -0.482701
v 9.609385 -1.956320 -0.482701
v 9.648055 -1.980038 -0.482701
v 9.686968 -2.001202 -0.482701
v 9.726097 -2.019825 -0.482701
v 9.765415 -2.035921 -0.482701
v 9.804895 -2.049504 -0.482701
v 9.844511 -2.060587 -0.482701
v 9.884235 -2.069184 -0.482701
v 9.924040 -2.075307 -0.482701
v 9.963900 -2.078971 -0.482701
v 10.003785 -2.080190 -0.482701
v 10.066166 -2.076077 -0.482701
v 10.124681 -2.064154 -0.482701
v 10.179036 -2.045043 -0.482701
v 10.228930 -2.019363 -0.482701
v 10.274069 -1.987738 -0.482701
v 10.314153 -1.950789 -0.482701
v 10.348886 -1.909137 -0.482701
v 10.377970 -1.863405 -0.482701
v 10.401110 -1.814213 -0.482701
v 10.418005 -1.762183 -0.482701
v 10.428360 -1.707937 -0.482701
v 10.431878 -1.652097 -0.482701
v 10.425514 -1.570395 -0.482701
v 10.407230 -1.497922 -0.482701
v 10.378245 -1.433855 -0.482701
v 10.339773 -1.377368 -0.482701
v 10.293032 -1.327638 -0.482701
v 10.239237 -1.283840 -0.482701
v 10.179604 -1.245150 -0.482701
v 10.115349 -1.210743 -0.482701
v 10.047689 -1.179796 -0.482701
v 9.977840 -1.151484 -0.482701
v 9.907019 -1.124983 -0.482701
v 9.836440 -1.099468 -0.482701
v 9.528992 -0.990499 -0.482701
v 9.528992 -0.897097 -0.482701
v 9.531181 -0.845265 -0.482701
v 9.537748 -0.798650 -0.482701
v 9.548694 -0.757115 -0.482701
v 9.564017 -0.720526 -0.482701
v 9.583719 -0.688748 -0.482701
v 9.607800 -0.661645 -0.482701
v 9.636259 -0.639083 -0.482701
v 9.669095 -0.620926 -0.482701
v 9.706310 -0.607039 -0.482701
v 9.747903 -0.597287 -0.482701
v 9.793875 -0.591535 -0.482701
v 9.844223 -0.589648 -0.482701
v 9.891960 -0.591524 -0.482701
v 9.939752 -0.597197 -0.482701
v 9.987489 -0.606735 -0.482701
v 10.035064 -0.620206 -0.482701
v 10.082368 -0.637676 -0.482701
v 10.129294 -0.659213 -0.482701
v 10.175735 -0.684886 -0.482701
v 10.221580 -0.714761 -0.482701
v 10.266722 -0.748906 -0.482701
v 10.311054 -0.787389 -0.482701
v 10.354466 -0.830277 -0.482701
v 10.396852 -0.877638 -0.482701
v 10.396852 -0.500138 -0.482701
v 10.361660 -0.461948 -0.482701
v 10.324170 -0.427149 -0.482701
v 10.284356 -0.395729 -0.482701
v 10.242191 -0.367674 -0.482701
v 10.197647 -0.342970 -0.482701
v 10.150699 -0.321604 -0.482701
v 10.101317 -0.303561 -0.482701
v 10.049477 -0.288830 -0.482701
v 9.995150 -0.277395 -0.482701
v 9.938310 -0.269245 -0.482701
v 9.878929 -0.264364 -0.482701
v 9.816981 -0.262741 -0.482701
v 9.730104 -0.266493 -0.482701
v 9.647024 -0.277839 -0.482701
v 9.568457 -0.296915 -0.482701
v 9.495119 -0.323856 -0.482701
v 9.427728 -0.358796 -0.482701
v 9.366999 -0.401871 -0.482701
v 9.313646 -0.453216 -0.482701
v 9.268389 -0.512966 -0.482701
v 9.231941 -0.581257 -0.482701
v 9.205021 -0.658222 -0.482701
v 9.188344 -0.743998 -0.482701
v 9.182625 -0.838720 -0.482701
v 9.182625 -1.737716 -0.482701
v 9.182140 -1.753375 -0.482701
v 9.180696 -1.767318 -0.482701
v 9.178307 -1.779613 -0.482701
v 9.174986 -1.790326 -0.482701
v 9.170744 -1.799526 -0.482701
v 9.165598 -1.807281 -0.482701
v 9.159560 -1.813657 -0.482701
v 9.152643 -1.818722 -0.482701
v 9.144863 -1.822544 -0.482701
v 9.136230 -1.825190 -0.482701
v 9.126760 -1.826728 -0.482701
v 9.116465 -1.827226 -0.482701
v 9.106996 -1.826503 -0.482701
v 9.096161 -1.824361 -0.482701
v 9.084055 -1.820841 -0.482701
v 9.070774 -1.815983 -0.482701
v 9.056412 -1.809828 -0.482701
v 9.041063 -1.802416 -0.482701
v 9.024822 -1.793788 -0.482701
v 9.007786 -1.783984 -0.482701
v 8.990046 -1.773045 -0.482701
v 8.971697 -1.761012 -0.482701
v 8.952834 -1.747925 -0.482701
v 8.933554 -1.733824 -0.482701
v 8.933554 -1.943979 -0.482701
v 9.601997 -1.206552 -0.482701
v 9.672626 -1.232274 -0.482701
v 9.740119 -1.258726 -0.482701
v 9.803720 -1.286272 -0.482701
v 9.862674 -1.315278 -0.482701
v 9.916222 -1.346108 -0.482701
v 9.963607 -1.379127 -0.482701
v 10.004074 -1.414700 -0.482701
v 10.036865 -1.453192 -0.482701
v 10.061225 -1.494967 -0.482701
v 10.076395 -1.540391 -0.482701
v 10.081621 -1.589829 -0.482701
v 10.079470 -1.624902 -0.482701
v 10.073171 -1.657989 -0.482701
v 10.062953 -1.688886 -0.482701
v 10.049046 -1.717392 -0.482701
v 10.031679 -1.743303 -0.482701
v 10.011084 -1.766417 -0.482701
v 9.987487 -1.786531 -0.482701
v 9.961121 -1.803443 -0.482701
v 9.932214 -1.816949 -0.482701
v 9.900996 -1.826848 -0.482701
v 9.867699 -1.832935 -0.482701
v 9.832548 -1.835009 -0.482701
v 9.805466 -1.833886 -0.482701
v 9.778710 -1.830559 -0.482701
v 9.752279 -1.825098 -0.482701
v 9.726172 -1.817569 -0.482701
v 9.700390 -1.808040 -0.482701
v 9.674932 -1.796578 -0.482701
v 9.649797 -1.783252 -0.482701
v 9.624988 -1.768129 -0.482701
v 9.600502 -1.751276 -0.482701
v 9.576342 -1.732761 -0.482701
v 9.552504 -1.712651 -0.482701
v 9.528992 -1.691015 -0.482701
v 9.528992 -1.181195 -0.482701
v 11.459301 -0.698617 -0.482701
v 11.451518 -0.698617 -0.482701
v 11.407896 -0.625455 -0.482701
v 11.364584 -0.559577 -0.482701
v 11.321570 -0.500807 -0.482701
v 11.278839 -0.448968 -0.482701
v 11.236380 -0.403887 -0.482701
v 11.194176 -0.365386 -0.482701
v 11.152216 -0.333290 -0.482701
v 11.110485 -0.307424 -0.482701
v 11.068971 -0.287611 -0.482701
v 11.027658 -0.273677 -0.482701
v 10.986536 -0.265446 -0.482701
v 10.945590 -0.262741 -0.482701
v 10.910715 -0.264121 -0.482701
v 10.876097 -0.268272 -0.482701
v 10.841668 -0.275206 -0.482701
v 10.807361 -0.284938 -0.482701
v 10.773108 -0.297480 -0.482701
v 10.738840 -0.312847 -0.482701
v 10.704493 -0.331051 -0.482701
v 10.669996 -0.352107 -0.482701
v 10.635283 -0.376027 -0.482701
v 10.600286 -0.402826 -0.482701
v 10.564939 -0.432516 -0.482701
v 10.529172 -0.465112 -0.482701
v 10.712085 -0.764777 -0.482701
v 10.738953 -0.740152 -0.482701
v 10.766821 -0.716959 -0.482701
v 10.795393 -0.695333 -0.482701
v 10.824369 -0.675411 -0.482701
v 10.853454 -0.657326 -0.482701
v 10.882349 -0.641214 -0.482701
v 10.910757 -0.627210 -0.482701
v 10.938383 -0.615449 -0.482701
v 10.964927 -0.606066 -0.482701
v 10.990093 -0.599197 -0.482701
v 11.013583 -0.594977 -0.482701
v 11.035100 -0.593540 -0.482701
v 11.093317 -0.598384 -0.482701
v 11.148952 -0.612512 -0.482701
v 11.201533 -0.635315 -0.482701
v 11.250588 -0.666186 -0.482701
v 11.295643 -0.704516 -0.482701
v 11.336225 -0.749696 -0.482701
v 11.371861 -0.801120 -0.482701
v 11.402079 -0.858179 -0.482701
v 11.426404 -0.920265 -0.482701
v 11.444365 -0.986769 -0.482701
v 11.455488 -1.057084 -0.482701
v 11.459301 -1.130602 -0.482701
v 11.459301 -2.045164 -0.482701
v 11.805668 -2.045164 -0.482701
v 11.805668 -0.297766 -0.482701
v 11.459301 -0.297766 -0.482701
v 13.222266 0.266538 -0.482702
v 13.222266 -0.469004 -0.482702
v 12.187059 -0.469004 -0.482701
v 12.187059 -0.811478 -0.482701
v 13.222266 -0.811478 -0.482702
v 13.222266 -2.045164 -0.482702
v 13.603658 -2.045164 -0.482702
v 13.603658 0.609012 -0.482702
v 12.187059 0.609012 -0.482702
v 12.187059 0.266538 -0.482702
v -14.049534 -1.907417 0.482704
v -13.997707 -1.937853 0.482704
v -13.945826 -1.965261 0.482704
v -13.893459 -1.989671 0.482704
v -13.840172 -2.011107 0.482704
v -13.785534 -2.029597 0.482704
v -13.729111 -2.045169 0.482704
v -13.670473 -2.057848 0.482704
v -13.609188 -2.067663 0.482704
v -13.544821 -2.074641 0.482704
v -13.476940 -2.078807 0.482704
v -13.405113 -2.080190 0.482704
v -13.273964 -2.071105 0.482704
v -13.153084 -2.044804 0.482704
v -13.042692 -2.002720 0.482704
v -12.943003 -1.946285 0.482704
v -12.854231 -1.876931 0.482704
v -12.776596 -1.796092 0.482704
v -12.710308 -1.705199 0.482704
v -12.655590 -1.605684 0.482704
v -12.612654 -1.498981 0.482704
v -12.581718 -1.386521 0.482704
v -12.562998 -1.269737 0.482704
v -12.556711 -1.150061 0.482704
v -12.563578 -1.021417 0.482704
v -12.583738 -0.900556 0.482704
v -12.616547 -0.788128 0.482704
v -12.661356 -0.684780 0.482704
v -12.717516 -0.591162 0.482704
v -12.784378 -0.507921 0.482704
v -12.861294 -0.435708 0.482704
v -12.947617 -0.375169 0.482704
v -13.042694 -0.326955 0.482704
v -13.145880 -0.291713 0.482704
v -13.256525 -0.270092 0.482704
v -13.373980 -0.262741 0.482704
v -13.486198 -0.269317 0.482704
v -13.590998 -0.289082 0.482704
v -13.687935 -0.322090 0.482704
v -13.776560 -0.368395 0.482704
v -13.856430 -0.428050 0.482704
v -13.927095 -0.501111 0.482704
v -13.988113 -0.587630 0.482704
v -14.039038 -0.687663 0.482704
v -14.079422 -0.801262 0.482704
v -14.108820 -0.928483 0.482704
v -14.126785 -1.069379 0.482704
v -14.132872 -1.224004 0.482704
v -12.903078 -1.224004 0.482704
v -12.919695 -1.307102 0.482704
v -12.942284 -1.383188 0.482704
v -12.970819 -1.452219 0.482704
v -13.005274 -1.514156 0.482704
v -13.045618 -1.568958 0.482704
v -13.091829 -1.616585 0.482704
v -13.143877 -1.656995 0.482704
v -13.201735 -1.690150 0.482704
v -13.265377 -1.716007 0.482704
v -13.334776 -1.734526 0.482704
v -13.409903 -1.745668 0.482704
v -13.490734 -1.749391 0.482704
v -13.543037 -1.747783 0.482704
v -13.594908 -1.743013 0.482704
v -13.646400 -1.735162 0.482704
v -13.697571 -1.724311 0.482704
v -13.748470 -1.710541 0.482704
v -13.799154 -1.693933 0.482704
v -13.849674 -1.674569 0.482704
v -13.900087 -1.652529 0.482704
v -13.950447 -1.627895 0.482704
v -14.000805 -1.600747 0.482704
v -14.051218 -1.571167 0.482704
v -14.101738 -1.539236 0.482704
v -14.101738 -1.873927 0.482704
v -13.784582 -0.930298 0.482704
v -13.773098 -0.870503 0.482704
v -13.756100 -0.815248 0.482704
v -13.733749 -0.764777 0.482704
v -13.706209 -0.719333 0.482704
v -13.673643 -0.679159 0.482704
v -13.636213 -0.644498 0.482704
v -13.594078 -0.615593 0.482704
v -13.547405 -0.592689 0.482704
v -13.496355 -0.576027 0.482704
v -13.441088 -0.565852 0.482704
v -13.381765 -0.562406 0.482704
v -13.317801 -0.565628 0.482704
v -13.258240 -0.575216 0.482704
v -13.203112 -0.591046 0.482704
v -13.152443 -0.612998 0.482704
v -13.106258 -0.640950 0.482704
v -13.064589 -0.674780 0.482704
v -13.027458 -0.714367 0.482704
v -12.994896 -0.759588 0.482704
v -12.966928 -0.810323 0.482704
v -12.943581 -0.866449 0.482704
v -12.924883 -0.927846 0.482704
v -12.910862 -0.994390 0.482704
v -13.790398 -0.994390 0.482704
v -10.774288 -2.045164 0.482704
v -10.774288 0.609012 0.482704
v -11.120655 0.609012 0.482704
v -11.120655 -2.045164 0.482704
v -12.478876 -2.045164 0.482704
v -12.011866 -2.045164 0.482704
v -11.136223 -1.153952 0.482704
v -11.910681 -0.297766 0.482704
v -12.323206 -0.297766 0.482704
v -11.575991 -1.153952 0.482704
v -10.432711 -1.968732 0.482704
v -10.398104 -1.990553 0.482704
v -10.366446 -2.009591 0.482704
v -10.337261 -2.025994 0.482704
v -10.310074 -2.039910 0.482704
v -10.284414 -2.051488 0.482704
v -10.259809 -2.060878 0.482704
v -10.235785 -2.068226 0.482704
v -10.211868 -2.073683 0.482704
v -10.187588 -2.077397 0.482704
v -10.162468 -2.079516 0.482704
v -10.136040 -2.080190 0.482704
v -10.099543 -2.079046 0.482704
v -10.065899 -2.075577 0.482704
v -10.035038 -2.069731 0.482704
v -10.006891 -2.061452 0.482704
v -9.981396 -2.050686 0.482704
v -9.958479 -2.037381 0.482704
v -9.938078 -2.021480 0.482704
v -9.920122 -2.002931 0.482704
v -9.904543 -1.981680 0.482704
v -9.891273 -1.957672 0.482704
v -9.880249 -1.930853 0.482704
v -9.871401 -1.901169 0.482704
v -9.833302 -1.930035 0.482704
v -9.794903 -1.956320 0.482704
v -9.756231 -1.980038 0.482704
v -9.717319 -2.001202 0.482704
v -9.678190 -2.019825 0.482704
v -9.638870 -2.035921 0.482704
v -9.599390 -2.049504 0.482704
v -9.559772 -2.060587 0.482704
v -9.520050 -2.069184 0.482704
v -9.480244 -2.075307 0.482704
v -9.440384 -2.078971 0.482704
v -9.400499 -2.080190 0.482704
v -9.338123 -2.076077 0.482704
v -9.279606 -2.064154 0.482704
v -9.225252 -2.045043 0.482704
v -9.175356 -2.019363 0.482704
v -9.130217 -1.987738 0.482704
v -9.090134 -1.950789 0.482704
v -9.055399 -1.909137 0.482704
v -9.026316 -1.863405 0.482704
v -9.003176 -1.814213 0.482704
v -8.986279 -1.762183 0.482704
v -8.975924 -1.707937 0.482704
v -8.972406 -1.652097 0.482704
v -8.978771 -1.570395 0.482704
v -8.997053 -1.497922 0.482704
v -9.026039 -1.433855 0.482704
v -9.064510 -1.377368 0.482704
v -9.111252 -1.327638 0.482704
v -9.165049 -1.283840 0.482704
v -9.224680 -1.245150 0.482704
v -9.288935 -1.210743 0.482704
v -9.356594 -1.179796 0.482704
v -9.426443 -1.151484 0.482704
v -9.497265 -1.124983 0.482704
v -9.567844 -1.099468 0.482704
v -9.875292 -0.990499 0.482704
v -9.875292 -0.897097 0.482704
v -9.873104 -0.845265 0.482704
v -9.866537 -0.798650 0.482704
v -9.855593 -0.757115 0.482704
v -9.840267 -0.720526 0.482704
v -9.820564 -0.688748 0.482704
v -9.796486 -0.661645 0.482704
v -9.768026 -0.639083 0.482704
v -9.735189 -0.620926 0.482704
v -9.697975 -0.607039 0.482704
v -9.656384 -0.597287 0.482704
v -9.610411 -0.591535 0.482704
v -9.560061 -0.589648 0.482704
v -9.512323 -0.591524 0.482704
v -9.464533 -0.597197 0.482704
v -9.416796 -0.606735 0.482704
v -9.369221 -0.620206 0.482704
v -9.321917 -0.637676 0.482704
v -9.274990 -0.659213 0.482704
v -9.228550 -0.684886 0.482704
v -9.182705 -0.714761 0.482704
v -9.137562 -0.748906 0.482704
v -9.093231 -0.787389 0.482704
v -9.049818 -0.830277 0.482704
v -9.007431 -0.877638 0.482704
v -9.007431 -0.500138 0.482704
v -9.042624 -0.461948 0.482704
v -9.080112 -0.427149 0.482704
v -9.119928 -0.395729 0.482704
v -9.162094 -0.367674 0.482704
v -9.206636 -0.342970 0.482704
v -9.253584 -0.321604 0.482704
v -9.302965 -0.303561 0.482704
v -9.354805 -0.288830 0.482704
v -9.409132 -0.277395 0.482704
v -9.465973 -0.269245 0.482704
v -9.525354 -0.264364 0.482704
v -9.587303 -0.262741 0.482704
v -9.674181 -0.266493 0.482704
v -9.757261 -0.277839 0.482704
v -9.835829 -0.296915 0.482704
v -9.909164 -0.323856 0.482704
v -9.976557 -0.358796 0.482704
v -10.037287 -0.401871 0.482704
v -10.090639 -0.453216 0.482704
v -10.135897 -0.512966 0.482704
v -10.172342 -0.581257 0.482704
v -10.199265 -0.658222 0.482704
v -10.215942 -0.743998 0.482704
v -10.221659 -0.838720 0.482704
v -10.221659 -1.737715 0.482704
v -10.222143 -1.753375 0.482704
v -10.223587 -1.767318 0.482704
v -10.225977 -1.779613 0.482704
v -10.229300 -1.790326 0.482704
v -10.233540 -1.799526 0.482704
v -10.238686 -1.807281 0.482704
v -10.244724 -1.813657 0.482704
v -10.251640 -1.818722 0.482704
v -10.259422 -1.822544 0.482704
v -10.268055 -1.825190 0.482704
v -10.277525 -1.826728 0.482704
v -10.287819 -1.827226 0.482704
v -10.297289 -1.826503 0.482704
v -10.308125 -1.824361 0.482704
v -10.320230 -1.820841 0.482704
v -10.333511 -1.815983 0.482704
v -10.347874 -1.809828 0.482704
v -10.363222 -1.802416 0.482704
v -10.379461 -1.793788 0.482704
v -10.396500 -1.783984 0.482704
v -10.414240 -1.773045 0.482704
v -10.432589 -1.761012 0.482704
v -10.451450 -1.747925 0.482704
v -10.470732 -1.733824 0.482704
v -10.470732 -1.943978 0.482704
v -9.802286 -1.206552 0.482704
v -9.731659 -1.232274 0.482704
v -9.664165 -1.258726 0.482704
v -9.600565 -1.286272 0.482704
v -9.541611 -1.315278 0.482704
v -9.488064 -1.346108 0.482704
v -9.440678 -1.379127 0.482704
v -9.400211 -1.414700 0.482704
v -9.367420 -1.453192 0.482704
v -9.343061 -1.494967 0.482704
v -9.327890 -1.540391 0.482704
v -9.322664 -1.589829 0.482704
v -9.324816 -1.624902 0.482704
v -9.331116 -1.657989 0.482704
v -9.341333 -1.688886 0.482704
v -9.355240 -1.717392 0.482704
v -9.372606 -1.743303 0.482704
v -9.393202 -1.766417 0.482704
v -9.416798 -1.786531 0.482704
v -9.443165 -1.803443 0.482704
v -9.472071 -1.816949 0.482704
v -9.503288 -1.826848 0.482704
v -9.536587 -1.832935 0.482704
v -9.571735 -1.835009 0.482704
v -9.598816 -1.833886 0.482704
v -9.625572 -1.830559 0.482704
v -9.652002 -1.825098 0.482704
v -9.678110 -1.817569 0.482704
v -9.703894 -1.808040 0.482704
v -9.729351 -1.796578 0.482704
v -9.754486 -1.783252 0.482704
v -9.779295 -1.768129 0.482704
v -9.803782 -1.751276 0.482704
v -9.827944 -1.732761 0.482704
v -9.851780 -1.712651 0.482704
v -9.875292 -1.691014 0.482704
v -9.875292 -1.181195 0.482704
v -8.501505 -0.297766 0.482703
v -8.871220 -0.297766 0.482703
v -8.100653 -2.080190 0.482704
v -7.991684 -2.080190 0.482703
v -7.474081 -0.858179 0.482703
v -6.960371 -2.080190 0.482703
v -6.851400 -2.080190 0.482703
v -6.073050 -0.297766 0.482703
v -6.442766 -0.297766 0.482703
v -6.901993 -1.356324 0.482703
v -7.345654 -0.297766 0.482703
v -7.602510 -0.297766 0.482703
v -8.046169 -1.356324 0.482703
v -5.683874 -2.045164 0.482703
v -5.329725 -1.262922 0.482703
v -4.201117 -1.262922 0.482703
v -3.866426 -2.045164 0.482703
v -3.477251 -2.045164 0.482703
v -4.617535 0.624579 0.482703
v -4.886065 0.624579 0.482703
v -6.073050 -2.045164 0.482703
v -5.174055 -0.920447 0.482703
v -4.745964 0.040816 0.482703
v -4.349003 -0.920447 0.482703
v -2.109566 -0.718632 0.482703
v -2.061822 -0.691068 0.482703
v -2.014863 -0.666449 0.482703
v -1.968835 -0.644709 0.482703
v -1.923889 -0.625780 0.482703
v -1.880172 -0.609593 0.482703
v -1.837833 -0.596082 0.482703
v -1.797022 -0.585180 0.482703
v -1.757886 -0.576817 0.482703
v -1.720575 -0.570928 0.482703
v -1.685236 -0.567444 0.482703
v -1.652019 -0.566298 0.482703
v -1.618068 -0.567654 0.482703
v -1.586362 -0.571631 0.482703
v -1.557034 -0.578095 0.482703
v -1.530219 -0.586910 0.482703
v -1.506054 -0.597941 0.482703
v -1.484673 -0.611053 0.482703
v -1.466208 -0.626111 0.482703
v -1.450800 -0.642980 0.482703
v -1.438580 -0.661524 0.482703
v -1.429683 -0.681609 0.482703
v -1.424247 -0.703099 0.482703
v -1.422405 -0.725860 0.482703
v -1.424881 -0.745683 0.482703
v -1.432477 -0.766399 0.482703
v -1.445452 -0.788249 0.482703
v -1.464061 -0.811478 0.482703
v -1.488562 -0.836329 0.482703
v -1.519212 -0.863044 0.482703
v -1.556268 -0.891867 0.482703
v -1.599985 -0.923042 0.482703
v -1.650620 -0.956811 0.482703
v -1.708431 -0.993418 0.482703
v -1.773675 -1.033105 0.482703
v -1.846607 -1.076117 0.482703
v -1.914839 -1.122406 0.482703
v -1.975719 -1.166222 0.482703
v -2.029519 -1.208011 0.482703
v -2.076509 -1.248219 0.482703
v -2.116957 -1.287292 0.482703
v -2.151136 -1.325676 0.482703
v -2.179316 -1.363816 0.482703
v -2.201765 -1.402160 0.482703
v -2.218756 -1.441152 0.482703
v -2.230556 -1.481238 0.482703
v -2.237440 -1.522865 0.482703
v -2.239674 -1.566478 0.482703
v -2.234661 -1.641172 0.482703
v -2.219984 -1.711284 0.482703
v -2.196199 -1.776451 0.482703
v -2.163858 -1.836307 0.482703
v -2.123520 -1.890487 0.482703
v -2.075734 -1.938627 0.482703
v -2.021059 -1.980362 0.482703
v -1.960044 -2.015327 0.482703
v -1.893247 -2.043157 0.482703
v -1.821220 -2.063488 0.482703
v -1.744517 -2.075953 0.482703
v -1.663693 -2.080190 0.482703
v -1.611094 -2.079280 0.482703
v -1.560076 -2.076478 0.482703
v -1.510273 -2.071677 0.482703
v -1.461322 -2.064767 0.482703
v -1.412857 -2.055641 0.482703
v -1.364514 -2.044191 0.482703
v -1.315928 -2.030309 0.482703
v -1.266734 -2.013886 0.482703
v -1.216567 -1.994815 0.482703
v -1.165062 -1.972986 0.482703
v -1.111855 -1.948294 0.482703
v -1.056580 -1.920628 0.482703
v -1.056580 -1.547019 0.482703
v -1.112578 -1.584239 0.482703
v -1.167603 -1.618080 0.482703
v -1.221494 -1.648570 0.482703
v -1.274086 -1.675736 0.482703
v -1.325220 -1.699604 0.482703
v -1.374732 -1.720203 0.482703
v -1.422460 -1.737558 0.482703
v -1.468242 -1.751697 0.482703
v -1.511915 -1.762647 0.482703
v -1.553320 -1.770435 0.482703
v -1.592291 -1.775088 0.482703
v -1.628668 -1.776633 0.482703
v -1.663155 -1.773471 0.482703
v -1.696342 -1.767877 0.482703
v -1.727909 -1.759850 0.482703
v -1.757530 -1.749391 0.482703
v -1.784880 -1.736499 0.482703
v -1.809635 -1.721176 0.482703
v -1.831471 -1.703419 0.482703
v -1.850066 -1.683231 0.482703
v -1.865092 -1.660610 0.482703
v -1.876226 -1.635557 0.482703
v -1.883144 -1.608071 0.482703
v -1.885524 -1.578154 0.482703
v -1.869442 -1.519919 0.482703
v -1.824984 -1.464806 0.482703
v -1.757825 -1.411234 0.482703
v -1.673639 -1.357621 0.482703
v -1.578102 -1.302386 0.482703
v -1.476890 -1.243949 0.482703
v -1.375677 -1.180728 0.482703
v -1.280140 -1.111143 0.482703
v -1.195953 -1.033612 0.482703
v -1.128794 -0.946554 0.482703
v -1.084336 -0.848389 0.482703
v -1.068255 -0.737535 0.482703
v -1.072900 -0.666060 0.482703
v -1.086598 -0.599666 0.482703
v -1.108998 -0.538569 0.482703
v -1.139750 -0.482985 0.482703
v -1.178500 -0.433131 0.482703
v -1.224899 -0.389223 0.482703
v -1.278596 -0.351476 0.482703
v -1.339237 -0.320108 0.482703
v -1.406473 -0.295334 0.482703
v -1.479953 -0.277371 0.482703
v -1.559323 -0.266434 0.482703
v -1.644235 -0.262741 0.482703
v -1.685184 -0.263716 0.482703
v -1.726338 -0.266650 0.482703
v -1.767736 -0.271558 0.482703
v -1.809418 -0.278452 0.482703
v -1.851422 -0.287346 0.482703
v -1.893793 -0.298253 0.482703
v -1.936569 -0.311187 0.482703
v -1.979791 -0.326162 0.482703
v -2.023499 -0.343191 0.482703
v -2.067735 -0.362287 0.482703
v -2.112537 -0.383464 0.482703
v -2.157948 -0.406736 0.482703
v -2.157948 -0.749210 0.482703
v -0.803617 -0.297766 0.482703
v -0.803617 -0.609107 0.482703
v -0.250988 -0.609107 0.482703
v -0.250988 -1.504210 0.482703
v -0.253956 -1.552747 0.482703
v -0.262410 -1.595432 0.482703
v -0.275676 -1.632577 0.482703
v -0.293077 -1.664493 0.482703
v -0.313936 -1.691490 0.482703
v -0.337579 -1.713879 0.482703
v -0.363330 -1.731970 0.482703
v -0.390513 -1.746076 0.482703
v -0.418454 -1.756505 0.482703
v -0.446476 -1.763570 0.482703
v -0.473903 -1.767582 0.482703
v -0.500059 -1.768850 0.482703
v -0.531280 -1.767958 0.482703
v -0.562689 -1.765282 0.482703
v -0.594314 -1.760823 0.482703
v -0.626183 -1.754580 0.482703
v -0.658320 -1.746553 0.482703
v -0.690757 -1.736742 0.482703
v -0.723516 -1.725148 0.482703
v -0.756628 -1.711771 0.482703
v -0.790118 -1.696609 0.482703
v -0.824013 -1.679664 0.482703
v -0.858340 -1.660934 0.482703
v -0.893126 -1.640422 0.482703
v -0.893126 -1.963437 0.482703
v -0.861670 -1.979633 0.482703
v -0.827940 -1.995058 0.482703
v -0.792428 -2.009591 0.482703
v -0.755619 -2.023111 0.482703
v -0.717999 -2.035496 0.482703
v -0.680055 -2.046623 0.482703
v -0.642272 -2.056373 0.482703
v -0.605138 -2.064623 0.482703
v -0.569139 -2.071251 0.482703
v -0.534761 -2.076136 0.482703
v -0.502492 -2.079156 0.482703
v -0.472817 -2.080190 0.482703
v -0.382337 -2.075413 0.482703
v -0.299652 -2.061434 0.482703
v -0.224779 -2.038779 0.482703
v -0.157729 -2.007976 0.482703
v -0.098517 -1.969552 0.482703
v -0.047156 -1.924033 0.482703
v -0.003660 -1.871947 0.482703
v 0.031958 -1.813821 0.482703
v 0.059685 -1.750181 0.482703
v 0.079506 -1.681555 0.482703
v 0.091408 -1.608470 0.482703
v 0.095379 -1.531453 0.482703
v 0.095379 -0.609107 0.482703
v 0.398935 -0.609107 0.482703
v 0.398935 -0.570189 0.482703
v -0.250988 0.064167 0.482703
v -0.250988 -0.297766 0.482703
v 1.753266 -0.527380 0.482703
v 1.718925 -0.487019 0.482703
v 1.682206 -0.449671 0.482703
v 1.643325 -0.415431 0.482703
v 1.602498 -0.384394 0.482703
v 1.559940 -0.356654 0.482703
v 1.515870 -0.332306 0.482703
v 1.470502 -0.311444 0.482703
v 1.424052 -0.294163 0.482703
v 1.376739 -0.280558 0.482703
v 1.328776 -0.270722 0.482703
v 1.280382 -0.264752 0.482703
v 1.231771 -0.262741 0.482703
v 1.150563 -0.267459 0.482703
v 1.072803 -0.281677 0.482703
v 0.999176 -0.305489 0.482703
v 0.930375 -0.338990 0.482703
v 0.867086 -0.382275 0.482703
v 0.810000 -0.435437 0.482703
v 0.759807 -0.498573 0.482703
v 0.717194 -0.571775 0.482703
v 0.682851 -0.655139 0.482703
v 0.657466 -0.748760 0.482703
v 0.641730 -0.852731 0.482703
v 0.636333 -0.967148 0.482703
v 0.636333 -2.045164 0.482703
v 0.982699 -2.045164 0.482703
v 0.982699 -0.963256 0.482703
v 0.985425 -0.900952 0.482703
v 0.993474 -0.842648 0.482703
v 1.006659 -0.788614 0.482703
v 1.024788 -0.739120 0.482703
v 1.047675 -0.694437 0.482703
v 1.075129 -0.654835 0.482703
v 1.106961 -0.620584 0.482703
v 1.142982 -0.591954 0.482703
v 1.183003 -0.569216 0.482703
v 1.226834 -0.552640 0.482703
v 1.274287 -0.542497 0.482703
v 1.325172 -0.539055 0.482703
v 1.362511 -0.540539 0.482703
v 1.398809 -0.545091 0.482703
v 1.434324 -0.552859 0.482703
v 1.469312 -0.563991 0.482703
v 1.504029 -0.578637 0.482703
v 1.538733 -0.596945 0.482703
v 1.573680 -0.619064 0.482703
v 1.609128 -0.645142 0.482703
v 1.645331 -0.675327 0.482703
v 1.682548 -0.709770 0.482703
v 1.721035 -0.748618 0.482703
v 1.761049 -0.792019 0.482703
v 1.761049 -2.045164 0.482703
v 2.107415 -2.045164 0.482703
v 2.107415 -0.297766 0.482703
v 1.761049 -0.297766 0.482703
v 1.761049 -0.527380 0.482703
v 2.556580 -1.907417 0.482703
v 2.608406 -1.937853 0.482703
v 2.660287 -1.965261 0.482703
v 2.712655 -1.989671 0.482703
v 2.765942 -2.011107 0.482703
v 2.820579 -2.029597 0.482703
v 2.877001 -2.045169 0.482703
v 2.935638 -2.057848 0.482703
v 2.996924 -2.067663 0.482703
v 3.061292 -2.074641 0.482703
v 3.129172 -2.078807 0.482703
v 3.200998 -2.080190 0.482702
v 3.332147 -2.071105 0.482702
v 3.453026 -2.044804 0.482702
v 3.563418 -2.002720 0.482702
v 3.663109 -1.946285 0.482702
v 3.751881 -1.876931 0.482702
v 3.829517 -1.796092 0.482702
v 3.895803 -1.705199 0.482702
v 3.950522 -1.605684 0.482702
v 3.993458 -1.498981 0.482702
v 4.024394 -1.386521 0.482702
v 4.043114 -1.269737 0.482702
v 4.049401 -1.150061 0.482702
v 4.042537 -1.021417 0.482702
v 4.022375 -0.900556 0.482702
v 3.989565 -0.788128 0.482702
v 3.944756 -0.684780 0.482702
v 3.888596 -0.591162 0.482702
v 3.821733 -0.507921 0.482702
v 3.744817 -0.435708 0.482702
v 3.658495 -0.375169 0.482702
v 3.563417 -0.326955 0.482702
v 3.460233 -0.291713 0.482702
v 3.349588 -0.270092 0.482702
v 3.232133 -0.262741 0.482702
v 3.119914 -0.269317 0.482702
v 3.015114 -0.289082 0.482702
v 2.918178 -0.322090 0.482702
v 2.829553 -0.368395 0.482702
v 2.749683 -0.428050 0.482702
v 2.679017 -0.501111 0.482702
v 2.617999 -0.587630 0.482702
v 2.567075 -0.687663 0.482702
v 2.526691 -0.801262 0.482703
v 2.497293 -0.928483 0.482703
v 2.479328 -1.069379 0.482703
v 2.473241 -1.224004 0.482703
v 3.703034 -1.224004 0.482702
v 3.686419 -1.307102 0.482702
v 3.663830 -1.383188 0.482702
v 3.635295 -1.452219 0.482702
v 3.600842 -1.514156 0.482702
v 3.560495 -1.568958 0.482702
v 3.514286 -1.616585 0.482702
v 3.462238 -1.656995 0.482702
v 3.404381 -1.690150 0.482702
v 3.340738 -1.716007 0.482702
v 3.271339 -1.734526 0.482702
v 3.196211 -1.745668 0.482702
v 3.115379 -1.749391 0.482702
v 3.063076 -1.747783 0.482702
v 3.011204 -1.743013 0.482702
v 2.959709 -1.735162 0.482703
v 2.908541 -1.724311 0.482703
v 2.857641 -1.710541 0.482703
v 2.806959 -1.693933 0.482703
v 2.756438 -1.674569 0.482703
v 2.706025 -1.652529 0.482703
v 2.655667 -1.627895 0.482703
v 2.605309 -1.600747 0.482703
v 2.554895 -1.571167 0.482703
v 2.504375 -1.539236 0.482703
v 2.504375 -1.873927 0.482703
v 2.821526 -0.930298 0.482702
v 2.833012 -0.870503 0.482702
v 2.850011 -0.815248 0.482702
v 2.872361 -0.764777 0.482702
v 2.899901 -0.719333 0.482702
v 2.932467 -0.679159 0.482702
v 2.969898 -0.644498 0.482702
v 3.012032 -0.615593 0.482702
v 3.058706 -0.592689 0.482702
v 3.109758 -0.576027 0.482702
v 3.165027 -0.565852 0.482702
v 3.224349 -0.562406 0.482702
v 3.288318 -0.565628 0.482702
v 3.347878 -0.575216 0.482702
v 3.403007 -0.591046 0.482702
v 3.453675 -0.612998 0.482702
v 3.499858 -0.640950 0.482702
v 3.541528 -0.674780 0.482702
v 3.578657 -0.714367 0.482702
v 3.611218 -0.759588 0.482702
v 3.639186 -0.810323 0.482702
v 3.662532 -0.866449 0.482702
v 3.681230 -0.927846 0.482702
v 3.695251 -0.994390 0.482702
v 2.815715 -0.994390 0.482702
v 6.633526 -0.527380 0.482702
v 6.589010 -0.484566 0.482702
v 6.544953 -0.445617 0.482702
v 6.501328 -0.410506 0.482702
v 6.458109 -0.379205 0.482702
v 6.415268 -0.351688 0.482702
v 6.372779 -0.327928 0.482702
v 6.330614 -0.307897 0.482702
v 6.288746 -0.291569 0.482702
v 6.247149 -0.278916 0.482702
v 6.205794 -0.269912 0.482702
v 6.164655 -0.264529 0.482702
v 6.123706 -0.262741 0.482702
v 6.069076 -0.265004 0.482702
v 6.016161 -0.271767 0.482702
v 5.965057 -0.282990 0.482702
v 5.915858 -0.298631 0.482702
v 5.868659 -0.318651 0.482702
v 5.823555 -0.343008 0.482702
v 5.780640 -0.371663 0.482702
v 5.740008 -0.404574 0.482702
v 5.701756 -0.441701 0.482702
v 5.665975 -0.483003 0.482702
v 5.632762 -0.528441 0.482702
v 5.602211 -0.577973 0.482702
v 5.563596 -0.535799 0.482702
v 5.523564 -0.495165 0.482702
v 5.481991 -0.456477 0.482702
v 5.438756 -0.420141 0.482702
v 5.393738 -0.386561 0.482702
v 5.346814 -0.356143 0.482702
v 5.297863 -0.329292 0.482702
v 5.246764 -0.306415 0.482702
v 5.193394 -0.287915 0.482702
v 5.137633 -0.274200 0.482702
v 5.079358 -0.265673 0.482702
v 5.018449 -0.262741 0.482702
v 4.932644 -0.268340 0.482702
v 4.852528 -0.284830 0.482702
v 4.778438 -0.311752 0.482702
v 4.710712 -0.348648 0.482702
v 4.649690 -0.395056 0.482702
v 4.595707 -0.450518 0.482702
v 4.549103 -0.514574 0.482702
v 4.510215 -0.586765 0.482702
v 4.479380 -0.666632 0.482702
v 4.456936 -0.753714 0.482702
v 4.443222 -0.847553 0.482702
v 4.438577 -0.947690 0.482702
v 4.438577 -2.045164 0.482702
v 4.784944 -2.045164 0.482702
v 4.784944 -0.963256 0.482702
v 4.788276 -0.899624 0.482702
v 4.797971 -0.841099 0.482702
v 4.813585 -0.787763 0.482702
v 4.834672 -0.739697 0.482702
v 4.860785 -0.696982 0.482702
v 4.891480 -0.659700 0.482702
v 4.926311 -0.627931 0.482702
v 4.964829 -0.601756 0.482702
v 5.006592 -0.581257 0.482702
v 5.051150 -0.566514 0.482702
v 5.098061 -0.557609 0.482702
v 5.146876 -0.554622 0.482702
v 5.175863 -0.555717 0.482702
v 5.206243 -0.560784 0.482702
v 5.237784 -0.569581 0.482702
v 5.270259 -0.581865 0.482702
v 5.303435 -0.597391 0.482702
v 5.337086 -0.615917 0.482702
v 5.370978 -0.637201 0.482702
v 5.404884 -0.660997 0.482702
v 5.438575 -0.687064 0.482702
v 5.471819 -0.715157 0.482702
v 5.504388 -0.745035 0.482702
v 5.536052 -0.776452 0.482702
v 5.536052 -2.045164 0.482702
v 5.882418 -2.045164 0.482702
v 5.882418 -0.959365 0.482702
v 5.885349 -0.891721 0.482702
v 5.893877 -0.830739 0.482702
v 5.907592 -0.776270 0.482702
v 5.926091 -0.728166 0.482702
v 5.948969 -0.686278 0.482702
v 5.975819 -0.650457 0.482702
v 6.006238 -0.620555 0.482702
v 6.039817 -0.596423 0.482702
v 6.076153 -0.577912 0.482702
v 6.114841 -0.564874 0.482702
v 6.155476 -0.557160 0.482702
v 6.197650 -0.554622 0.482702
v 6.240265 -0.555791 0.482702
v 6.280746 -0.559433 0.482702
v 6.319389 -0.565750 0.482702
v 6.356491 -0.574946 0.482702
v 6.392350 -0.587222 0.482702
v 6.427263 -0.602783 0.482702
v 6.461528 -0.621829 0.482702
v 6.495441 -0.644565 0.482702
v 6.529300 -0.671193 0.482702
v 6.563403 -0.701914 0.482702
v 6.598046 -0.736933 0.482702
v 6.633526 -0.776452 0.482702
v 6.633526 -2.045164 0.482702
v 6.979892 -2.045164 0.482702
v 6.979892 -0.297766 0.482702
v 6.633526 -0.297766 0.482702
v 7.590898 -0.566298 0.482702
v 7.558685 -0.599591 0.482702
v 7.530053 -0.631574 0.482702
v 7.504854 -0.662557 0.482702
v 7.482938 -0.692852 0.482702
v 7.464157 -0.722767 0.482702
v 7.448362 -0.752615 0.482702
v 7.435406 -0.782706 0.482702
v 7.425138 -0.813352 0.482702
v 7.417410 -0.844862 0.482702
v 7.412076 -0.877548 0.482702
v 7.408983 -0.911720 0.482702
v 7.407985 -0.947690 0.482702
v 7.409641 -0.984112 0.482702
v 7.414418 -1.021128 0.482702
v 7.422032 -1.058361 0.482702
v 7.432201 -1.095432 0.482702
v 7.444640 -1.131962 0.482702
v 7.459065 -1.167574 0.482702
v 7.475193 -1.201888 0.482702
v 7.492739 -1.234526 0.482702
v 7.511421 -1.265111 0.482702
v 7.530954 -1.293263 0.482702
v 7.551055 -1.318604 0.482702
v 7.571439 -1.340757 0.482702
v 7.634428 -1.395649 0.482702
v 7.704983 -1.437420 0.482702
v 7.780620 -1.468516 0.482702
v 7.858852 -1.491382 0.482702
v 7.937191 -1.508465 0.482702
v 8.013153 -1.522210 0.482702
v 8.084249 -1.535063 0.482702
v 8.147995 -1.549470 0.482702
v 8.201902 -1.567877 0.482702
v 8.243487 -1.592730 0.482702
v 8.270262 -1.626474 0.482702
v 8.279738 -1.671556 0.482702
v 8.275936 -1.695098 0.482702
v 8.264567 -1.717194 0.482702
v 8.245686 -1.738019 0.482702
v 8.219344 -1.757751 0.482702
v 8.185598 -1.776563 0.482702
v 8.144501 -1.794632 0.482702
v 8.096106 -1.812134 0.482702
v 8.040468 -1.829244 0.482702
v 7.977641 -1.846137 0.482702
v 7.907680 -1.862990 0.482702
v 7.830637 -1.879979 0.482702
v 7.746568 -1.897277 0.482702
v 7.658130 -1.918146 0.482702
v 7.579367 -1.943582 0.482702
v 7.509901 -1.973288 0.482702
v 7.449354 -2.006967 0.482702
v 7.397346 -2.044322 0.482702
v 7.353501 -2.085055 0.482702
v 7.317439 -2.128868 0.482702
v 7.288782 -2.175466 0.482702
v 7.267152 -2.224550 0.482702
v 7.252171 -2.275823 0.482702
v 7.243460 -2.328987 0.482702
v 7.240640 -2.383747 0.482702
v 7.246990 -2.467458 0.482702
v 7.265811 -2.545236 0.482702
v 7.296767 -2.616826 0.482702
v 7.339520 -2.681970 0.482702
v 7.393732 -2.740412 0.482702
v 7.459065 -2.791894 0.482702
v 7.535182 -2.836161 0.482702
v 7.621744 -2.872955 0.482702
v 7.718414 -2.902019 0.482702
v 7.824853 -2.923097 0.482702
v 7.940725 -2.935932 0.482702
v 8.065692 -2.940268 0.482702
v 8.180464 -2.935725 0.482702
v 8.288872 -2.922412 0.482702
v 8.390226 -2.900803 0.482702
v 8.483839 -2.871369 0.482702
v 8.569017 -2.834584 0.482702
v 8.645077 -2.790922 0.482702
v 8.711325 -2.740854 0.482702
v 8.767073 -2.684853 0.482702
v 8.811632 -2.623394 0.482702
v 8.844313 -2.556948 0.482702
v 8.864428 -2.485989 0.482702
v 8.871284 -2.410989 0.482702
v 8.868429 -2.348948 0.482702
v 8.859790 -2.291192 0.482702
v 8.845259 -2.237623 0.482702
v 8.824728 -2.188150 0.482702
v 8.798090 -2.142676 0.482702
v 8.765234 -2.101108 0.482702
v 8.726055 -2.063350 0.482702
v 8.680445 -2.029309 0.482702
v 8.628294 -1.998889 0.482702
v 8.569494 -1.971995 0.482702
v 8.503938 -1.948535 0.482702
v 8.431517 -1.928411 0.482702
v 8.460306 -1.910000 0.482702
v 8.486380 -1.891710 0.482702
v 8.509777 -1.873501 0.482702
v 8.530540 -1.855333 0.482702
v 8.548708 -1.837165 0.482702
v 8.564322 -1.818956 0.482702
v 8.577423 -1.800666 0.482702
v 8.588052 -1.782254 0.482702
v 8.596248 -1.763681 0.482702
v 8.602052 -1.744904 0.482702
v 8.605504 -1.725885 0.482702
v 8.606646 -1.706581 0.482702
v 8.604404 -1.678715 0.482702
v 8.597799 -1.651646 0.482702
v 8.587005 -1.625524 0.482702
v 8.572197 -1.600495 0.482702
v 8.553551 -1.576710 0.482702
v 8.531243 -1.554317 0.482702
v 8.505449 -1.533464 0.482702
v 8.476344 -1.514300 0.482702
v 8.444104 -1.496974 0.482702
v 8.408905 -1.481634 0.482702
v 8.370922 -1.468430 0.482702
v 8.330331 -1.457509 0.482702
v 8.330331 -1.449726 0.482702
v 8.361790 -1.435699 0.482702
v 8.391951 -1.420862 0.482702
v 8.420815 -1.405214 0.482702
v 8.448381 -1.388755 0.482702
v 8.474650 -1.371485 0.482702
v 8.499622 -1.353405 0.482702
v 8.523297 -1.334514 0.482702
v 8.545675 -1.314812 0.482702
v 8.566755 -1.294299 0.482702
v 8.586538 -1.272975 0.482702
v 8.605024 -1.250841 0.482702
v 8.622213 -1.227896 0.482702
v 8.637131 -1.205113 0.482702
v 8.650752 -1.181519 0.482702
v 8.663076 -1.157115 0.482702
v 8.674103 -1.131899 0.482702
v 8.683832 -1.105873 0.482702
v 8.692265 -1.079036 0.482702
v 8.699399 -1.051389 0.482702
v 8.705236 -1.022930 0.482702
v 8.709778 -0.993661 0.482702
v 8.713020 -0.963581 0.482702
v 8.714966 -0.932690 0.482702
v 8.715614 -0.900988 0.482702
v 8.709599 -0.810636 0.482702
v 8.691814 -0.726580 0.482702
v 8.662651 -0.649119 0.482702
v 8.622501 -0.578550 0.482702
v 8.571757 -0.515169 0.482702
v 8.510811 -0.459274 0.482702
v 8.440055 -0.411163 0.482702
v 8.359880 -0.371133 0.482702
v 8.270678 -0.339481 0.482702
v 8.172842 -0.316505 0.482702
v 8.066761 -0.302501 0.482702
v 7.952831 -0.297766 0.482702
v 7.232857 -0.297766 0.482702
v 7.232857 -0.566298 0.482702
v 8.104784 -0.600364 0.482702
v 8.149779 -0.608891 0.482702
v 8.192478 -0.622606 0.482702
v 8.232461 -0.641106 0.482702
v 8.269309 -0.663983 0.482702
v 8.302603 -0.690834 0.482702
v 8.331923 -0.721252 0.482702
v 8.356853 -0.754831 0.482702
v 8.376972 -0.791168 0.482702
v 8.391861 -0.829856 0.482702
v 8.401101 -0.870489 0.482702
v 8.404274 -0.912664 0.482702
v 8.401396 -0.959002 0.482702
v 8.392923 -1.002516 0.482702
v 8.379099 -1.042977 0.482702
v 8.360168 -1.080153 0.482702
v 8.336370 -1.113816 0.482702
v 8.307953 -1.143737 0.482702
v 8.275157 -1.169684 0.482702
v 8.238226 -1.191429 0.482702
v 8.197403 -1.208741 0.482702
v 8.152931 -1.221391 0.482702
v 8.105055 -1.229150 0.482702
v 8.054016 -1.231787 0.482702
v 8.006554 -1.228997 0.482702
v 7.961659 -1.220815 0.482702
v 7.919630 -1.207525 0.482702
v 7.880762 -1.189410 0.482702
v 7.845353 -1.166756 0.482702
v 7.813701 -1.139845 0.482702
v 7.786103 -1.108961 0.482702
v 7.762856 -1.074388 0.482702
v 7.744257 -1.036409 0.482702
v 7.730605 -0.995309 0.482702
v 7.722195 -0.951372 0.482702
v 7.719326 -0.904880 0.482702
v 7.722495 -0.863677 0.482702
v 7.731704 -0.824000 0.482702
v 7.746508 -0.786243 0.482702
v 7.766459 -0.750796 0.482702
v 7.791114 -0.718051 0.482702
v 7.820025 -0.688401 0.482702
v 7.852746 -0.662238 0.482702
v 7.888833 -0.639953 0.482702
v 7.927838 -0.621938 0.482702
v 7.969316 -0.608584 0.482702
v 8.012822 -0.600285 0.482702
v 8.057909 -0.597432 0.482702
v 8.204281 -2.133017 0.482702
v 8.257900 -2.139575 0.482702
v 8.307953 -2.150241 0.482702
v 8.354114 -2.164799 0.482702
v 8.396058 -2.183033 0.482702
v 8.433462 -2.204726 0.482702
v 8.466002 -2.229662 0.482702
v 8.493352 -2.257625 0.482702
v 8.515188 -2.288399 0.482702
v 8.531189 -2.321767 0.482702
v 8.541026 -2.357513 0.482702
v 8.544378 -2.395422 0.482702
v 8.540827 -2.437495 0.482702
v 8.530234 -2.476122 0.482702
v 8.512697 -2.511262 0.482702
v 8.488308 -2.542876 0.482702
v 8.457163 -2.570922 0.482702
v 8.419355 -2.595361 0.482702
v 8.374981 -2.616151 0.482702
v 8.324133 -2.633251 0.482702
v 8.266909 -2.646622 0.482702
v 8.203399 -2.656224 0.482702
v 8.133701 -2.662014 0.482702
v 8.057909 -2.663953 0.482702
v 7.984645 -2.662023 0.482702
v 7.916760 -2.656296 0.482702
v 7.854443 -2.646866 0.482702
v 7.797882 -2.633828 0.482702
v 7.747267 -2.617277 0.482702
v 7.702786 -2.597307 0.482702
v 7.664630 -2.574013 0.482702
v 7.632987 -2.547489 0.482702
v 7.608047 -2.517830 0.482702
v 7.589997 -2.485131 0.482702
v 7.579029 -2.449485 0.482702
v 7.575331 -2.410989 0.482702
v 7.582501 -2.358876 0.482702
v 7.602845 -2.313209 0.482702
v 7.634620 -2.273622 0.482702
v 7.676085 -2.239752 0.482702
v 7.725495 -2.211232 0.482702
v 7.781108 -2.187700 0.482702
v 7.841180 -2.168788 0.482702
v 7.903968 -2.154133 0.482702
v 7.967730 -2.143370 0.482702
v 8.030721 -2.136134 0.482702
v 8.091198 -2.132060 0.482702
v 8.147419 -2.130783 0.482702
v 8.971577 -1.968732 0.482702
v 9.006181 -1.990553 0.482702
v 9.037840 -2.009591 0.482702
v 9.067026 -2.025994 0.482702
v 9.094212 -2.039910 0.482702
v 9.119871 -2.051488 0.482702
v 9.144476 -2.060878 0.482702
v 9.168499 -2.068226 0.482702
v 9.192415 -2.073683 0.482702
v 9.216696 -2.077397 0.482702
v 9.241815 -2.079516 0.482702
v 9.268244 -2.080190 0.482702
v 9.304740 -2.079046 0.482702
v 9.338386 -2.075577 0.482702
v 9.369247 -2.069731 0.482702
v 9.397392 -2.061452 0.482702
v 9.422890 -2.050686 0.482702
v 9.445806 -2.037381 0.482702
v 9.466208 -2.021480 0.482702
v 9.484164 -2.002931 0.482702
v 9.499743 -1.981680 0.482702
v 9.513010 -1.957672 0.482702
v 9.524035 -1.930853 0.482702
v 9.532884 -1.901169 0.482702
v 9.570986 -1.930035 0.482702
v 9.609385 -1.956320 0.482702
v 9.648055 -1.980038 0.482702
v 9.686968 -2.001202 0.482702
v 9.726097 -2.019825 0.482702
v 9.765415 -2.035921 0.482702
v 9.804895 -2.049504 0.482702
v 9.844511 -2.060587 0.482702
v 9.884235 -2.069184 0.482702
v 9.924040 -2.075307 0.482702
v 9.963900 -2.078971 0.482702
v 10.003785 -2.080190 0.482702
v 10.066166 -2.076077 0.482702
v 10.124681 -2.064154 0.482702
v 10.179036 -2.045043 0.482702
v 10.228930 -2.019363 0.482702
v 10.274069 -1.987738 0.482702
v 10.314153 -1.950789 0.482702
v 10.348886 -1.909137 0.482702
v 10.377970 -1.863405 0.482702
v 10.401110 -1.814213 0.482702
v 10.418005 -1.762183 0.482702
v 10.428360 -1.707937 0.482702
v 10.431878 -1.652097 0.482702
v 10.425514 -1.570395 0.482702
v 10.407230 -1.497922 0.482702
v 10.378245 -1.433855 0.482702
v 10.339773 -1.377368 0.482702
v 10.293032 -1.327638 0.482702
v 10.239237 -1.283840 0.482702
v 10.179604 -1.245150 0.482702
v 10.115349 -1.210743 0.482702
v 10.047689 -1.179796 0.482702
v 9.977840 -1.151484 0.482702
v 9.907019 -1.124983 0.482702
v 9.836440 -1.099468 0.482702
v 9.528992 -0.990499 0.482702
v 9.528992 -0.897097 0.482702
v 9.531181 -0.845265 0.482702
v 9.537748 -0.798650 0.482702
v 9.548694 -0.757115 0.482702
v 9.564017 -0.720526 0.482702
v 9.583719 -0.688748 0.482702
v 9.607800 -0.661645 0.482702
v 9.636259 -0.639083 0.482702
v 9.669095 -0.620926 0.482702
v 9.706310 -0.607039 0.482702
v 9.747903 -0.597287 0.482702
v 9.793875 -0.591535 0.482702
v 9.844223 -0.589648 0.482702
v 9.891960 -0.591524 0.482702
v 9.939752 -0.597197 0.482702
v 9.987489 -0.606735 0.482702
v 10.035064 -0.620206 0.482702
v 10.082368 -0.637676 0.482702
v 10.129294 -0.659213 0.482702
v 10.175735 -0.684886 0.482702
v 10.221580 -0.714761 0.482702
v 10.266722 -0.748906 0.482702
v 10.311054 -0.787389 0.482702
v 10.354466 -0.830277 0.482702
v 10.396852 -0.877638 0.482702
v 10.396852 -0.500138 0.482702
v 10.361660 -0.461948 0.482702
v 10.324170 -0.427149 0.482702
v 10.284356 -0.395729 0.482702
v 10.242191 -0.367674 0.482702
v 10.197647 -0.342970 0.482702
v 10.150699 -0.321604 0.482702
v 10.101317 -0.303561 0.482702
v 10.049477 -0.288830 0.482702
v 9.995150 -0.277395 0.482702
v 9.938310 -0.269245 0.482702
v 9.878929 -0.264364 0.482702
v 9.816981 -0.262741 0.482702
v 9.730104 -0.266493 0.482702
v 9.647024 -0.277839 0.482702
v 9.568457 -0.296915 0.482702
v 9.495119 -0.323856 0.482702
v 9.427728 -0.358796 0.482702
v 9.366999 -0.401871 0.482702
v 9.313646 -0.453216 0.482702
v 9.268389 -0.512966 0.482702
v 9.231941 -0.581257 0.482702
v 9.205021 -0.658222 0.482702
v 9.188344 -0.743998 0.482702
v 9.182625 -0.838720 0.482702
v 9.182625 -1.737715 0.482702
v 9.182140 -1.753375 0.482702
v 9.180696 -1.767318 0.482702
v 9.178307 -1.779613 0.482702
v 9.174986 -1.790326 0.482702
v 9.170744 -1.799526 0.482702
v 9.165598 -1.807281 0.482702
v 9.159560 -1.813657 0.482702
v 9.152643 -1.818722 0.482702
v 9.144863 -1.822544 0.482702
v 9.136230 -1.825190 0.482702
v 9.126760 -1.826728 0.482702
v 9.116465 -1.827226 0.482702
v 9.106996 -1.826503 0.482702
v 9.096161 -1.824361 0.482702
v 9.084055 -1.820841 0.482702
v 9.070774 -1.815983 0.482702
v 9.056412 -1.809828 0.482702
v 9.041063 -1.802416 0.482702
v 9.024822 -1.793788 0.482702
v 9.007786 -1.783984 0.482702
v 8.990046 -1.773045 0.482702
v 8.971697 -1.761012 0.482702
v 8.952834 -1.747925 0.482702
v 8.933554 -1.733824 0.482702
v 8.933554 -1.943978 0.482702
v 9.601997 -1.206552 0.482702
v 9.672626 -1.232274 0.482702
v 9.740119 -1.258726 0.482702
v 9.803720 -1.286272 0.482702
v 9.862674 -1.315278 0.482702
v 9.916222 -1.346108 0.482702
v 9.963607 -1.379127 0.482702
v 10.004074 -1.414700 0.482702
v 10.036865 -1.453192 0.482702
v 10.061225 -1.494967 0.482702
v 10.076395 -1.540391 0.482702
v 10.081621 -1.589829 0.482702
v 10.079470 -1.624902 0.482702
v 10.073171 -1.657989 0.482702
v 10.062953 -1.688886 0.482702
v 10.049046 -1.717392 0.482702
v 10.031679 -1.743303 0.482702
v 10.011084 -1.766417 0.482702
v 9.987487 -1.786531 0.482702
v 9.961121 -1.803443 0.482702
v 9.932214 -1.816949 0.482702
v 9.900996 -1.826848 0.482702
v 9.867699 -1.832935 0.482702
v 9.832548 -1.835009 0.482702
v 9.805466 -1.833886 0.482702
v 9.778710 -1.830559 0.482702
v 9.752279 -1.825098 0.482702
v 9.726172 -1.817569 0.482702
v 9.700390 -1.808040 0.482702
v 9.674932 -1.796578 0.482702
v 9.649797 -1.783252 0.482702
v 9.624988 -1.768129 0.482702
v 9.600502 -1.751276 0.482702
v 9.576342 -1.732761 0.482702
v 9.552504 -1.712651 0.482702
v 9.528992 -1.691014 0.482702
v 9.528992 -1.181195 0.482702
v 11.459301 -0.698617 0.482702
v 11.451518 -0.698617 0.482702
v 11.407896 -0.625455 0.482702
v 11.364584 -0.559577 0.482702
v 11.321570 -0.500807 0.482702
v 11.278839 -0.448968 0.482702
v 11.236380 -0.403887 0.482702
v 11.194176 -0.365386 0.482702
v 11.152216 -0.333290 0.482702
v 11.110485 -0.307424 0.482702
v 11.068971 -0.287611 0.482702
v 11.027658 -0.273677 0.482702
v 10.986536 -0.265446 0.482702
v 10.945590 -0.262741 0.482702
v 10.910715 -0.264121 0.482702
v 10.876097 -0.268272 0.482702
v 10.841668 -0.275206 0.482702
v 10.807361 -0.284938 0.482702
v 10.773108 -0.297480 0.482702
v 10.738840 -0.312847 0.482702
v 10.704493 -0.331051 0.482702
v 10.669996 -0.352107 0.482702
v 10.635283 -0.376027 0.482702
v 10.600286 -0.402826 0.482702
v 10.564939 -0.432516 0.482702
v 10.529172 -0.465112 0.482702
v 10.712085 -0.764777 0.482702
v 10.738953 -0.740152 0.482702
v 10.766821 -0.716959 0.482702
v 10.795393 -0.695333 0.482702
v 10.824369 -0.675411 0.482702
v 10.853454 -0.657326 0.482702
v 10.882349 -0.641214 0.482702
v 10.910757 -0.627210 0.482702
v 10.938383 -0.615449 0.482702
v 10.964927 -0.606066 0.482702
v 10.990093 -0.599197 0.482702
v 11.013583 -0.594977 0.482702
v 11.035100 -0.593540 0.482702
v 11.093317 -0.598384 0.482702
v 11.148952 -0.612512 0.482702
v 11.201533 -0.635315 0.482702
v 11.250588 -0.666186 0.482702
v 11.295643 -0.704516 0.482702
v 11.336225 -0.749696 0.482702
v 11.371861 -0.801120 0.482702
v 11.402079 -0.858179 0.482702
v 11.426404 -0.920265 0.482702
v 11.444365 -0.986769 0.482702
v 11.455488 -1.057084 0.482702
v 11.459301 -1.130602 0.482702
v 11.459301 -2.045164 0.482702
v 11.805668 -2.045164 0.482702
v 11.805668 -0.297766 0.482702
v 11.459301 -0.297766 0.482702
v 13.222266 0.266538 0.482702
v 13.222266 -0.469004 0.482702
v 12.187059 -0.469004 0.482702
v 12.187059 -0.811478 0.482702
v 13.222266 -0.811478 0.482702
v 13.222266 -2.045164 0.482702
v 13.603658 -2.045164 0.482702
v 13.603658 0.609012 0.482701
v 12.187059 0.609012 0.482702
v 12.187059 0.266538 0.482702
v 13.222266 0.266538 0.482702
v 13.222266 0.266538 -0.482702
v 13.222266 -0.469004 0.482702
v 13.222266 -0.469004 -0.482702
v 12.187059 -0.469004 0.482702
v 12.187059 -0.469004 -0.482701
v 12.187059 -0.811478 0.482702
v 12.187059 -0.811478 -0.482701
v 13.222266 -0.811478 0.482702
v 13.222266 -0.811478 -0.482702
v 13.222266 -2.045164 0.482702
v 13.222266 -2.045164 -0.482702
v 13.603658 -2.045164 0.482702
v 13.603658 -2.045164 -0.482702
v 13.603658 0.609012 0.482701
v 13.603658 0.609012 -0.482702
v 12.187059 0.609012 0.482702
v 12.187059 0.609012 -0.482702
v 12.187059 0.266538 0.482702
v 12.187059 0.266538 -0.482702
v 11.459301 -0.698617 0.482702
v 11.459301 -0.698617 -0.482701
v 11.451518 -0.698617 0.482702
v 11.451518 -0.698617 -0.482701
v 11.407896 -0.625455 0.482702
v 11.407896 -0.625455 -0.482701
v 11.364584 -0.559577 0.482702
v 11.364584 -0.559577 -0.482701
v 11.321570 -0.500807 0.482702
v 11.321570 -0.500807 -0.482701
v 11.278839 -0.448968 0.482702
v 11.278839 -0.448968 -0.482701
v 11.236380 -0.403887 0.482702
v 11.236380 -0.403887 -0.482701
v 11.194176 -0.365386 0.482702
v 11.194176 -0.365386 -0.482701
v 11.152216 -0.333290 0.482702
v 11.152216 -0.333290 -0.482701
v 11.110485 -0.307424 0.482702
v 11.110485 -0.307424 -0.482701
v 11.068971 -0.287611 0.482702
v 11.068971 -0.287611 -0.482701
v 11.027658 -0.273677 0.482702
v 11.027658 -0.273677 -0.482701
v 10.986536 -0.265446 0.482702
v 10.986536 -0.265446 -0.482701
v 10.945590 -0.262741 0.482702
v 10.945590 -0.262741 -0.482701
v 10.910715 -0.264121 0.482702
v 10.910715 -0.264121 -0.482701
v 10.876097 -0.268272 0.482702
v 10.876097 -0.268272 -0.482701
v 10.841668 -0.275206 0.482702
v 10.841668 -0.275206 -0.482701
v 10.807361 -0.284938 0.482702
v 10.807361 -0.284938 -0.482701
v 10.773108 -0.297480 0.482702
v 10.773108 -0.297480 -0.482701
v 10.738840 -0.312847 0.482702
v 10.738840 -0.312847 -0.482701
v 10.704493 -0.331051 0.482702
v 10.704493 -0.331051 -0.482701
v 10.669996 -0.352107 0.482702
v 10.669996 -0.352107 -0.482701
v 10.635283 -0.376027 0.482702
v 10.635283 -0.376027 -0.482701
v 10.600286 -0.402826 0.482702
v 10.600286 -0.402826 -0.482701
v 10.564939 -0.432516 0.482702
v 10.564939 -0.432516 -0.482701
v 10.529172 -0.465112 0.482702
v 10.529172 -0.465112 -0.482701
v 10.712085 -0.764777 0.482702
v 10.712085 -0.764777 -0.482701
v 10.738953 -0.740152 0.482702
v 10.738953 -0.740152 -0.482701
v 10.766821 -0.716959 0.482702
v 10.766821 -0.716959 -0.482701
v 10.795393 -0.695333 0.482702
v 10.795393 -0.695333 -0.482701
v 10.824369 -0.675411 0.482702
v 10.824369 -0.675411 -0.482701
v 10.853454 -0.657326 0.482702
v 10.853454 -0.657326 -0.482701
v 10.882349 -0.641214 0.482702
v 10.882349 -0.641214 -0.482701
v 10.910757 -0.627210 0.482702
v 10.910757 -0.627210 -0.482701
v 10.938383 -0.615449 0.482702
v 10.938383 -0.615449 -0.482701
v 10.964927 -0.606066 0.482702
v 10.964927 -0.606066 -0.482701
v 10.990093 -0.599197 0.482702
v 10.990093 -0.599197 -0.482701
v 11.013583 -0.594977 0.482702
v 11.013583 -0.594977 -0.482701
v 11.035100 -0.593540 0.482702
v 11.035100 -0.593540 -0.482701
v 11.093317 -0.598384 0.482702
v 11.093317 -0.598384 -0.482701
v 11.148952 -0.612512 0.482702
v 11.148952 -0.612512 -0.482701
v 11.201533 -0.635315 0.482702
v 11.201533 -0.635315 -0.482701
v 11.250588 -0.666186 0.482702
v 11.250588 -0.666186 -0.482701
v 11.295643 -0.704516 0.482702
v 11.295643 -0.704516 -0.482701
v 11.336225 -0.749696 0.482702
v 11.336225 -0.749696 -0.482701
v 11.371861 -0.801120 0.482702
v 11.371861 -0.801120 -0.482701
v 11.402079 -0.858179 0.482702
v 11.402079 -0.858179 -0.482701
v 11.426404 -0.920265 0.482702
v 11.426404 -0.920265 -0.482701
v 11.444365 -0.986769 0.482702
v 11.444365 -0.986769 -0.482701
v 11.455488 -1.057084 0.482702
v 11.455488 -1.057084 -0.482701
v 11.459301 -1.130602 0.482702
v 11.459301 -1.130602 -0.482701
v 11.459301 -2.045164 0.482702
v 11.459301 -2.045164 -0.482701
v 11.805668 -2.045164 0.482702
v 11.805668 -2.045164 -0.482701
v 11.805668 -0.297766 0.482702
v 11.805668 -0.297766 -0.482701
v 11.459301 -0.297766 0.482702
v 11.459301 -0.297766 -0.482701
v 8.971577 -1.968732 0.482702
v 8.971577 -1.968732 -0.482701
v 9.006181 -1.990553 0.482702
v 9.006181 -1.990553 -0.482701
v 9.037840 -2.009591 0.482702
v 9.037840 -2.009591 -0.482701
v 9.067026 -2.025994 0.482702
v 9.067026 -2.025994 -0.482701
v 9.094212 -2.039910 0.482702
v 9.094212 -2.039910 -0.482701
v 9.119871 -2.051488 0.482702
v 9.119871 -2.051488 -0.482701
v 9.144476 -2.060878 0.482702
v 9.144476 -2.060878 -0.482701
v 9.168499 -2.068226 0.482702
v 9.168499 -2.068226 -0.482701
v 9.192415 -2.073683 0.482702
v 9.192415 -2.073684 -0.482701
v 9.216696 -2.077397 0.482702
v 9.216696 -2.077397 -0.482701
v 9.241815 -2.079516 0.482702
v 9.241815 -2.079516 -0.482701
v 9.268244 -2.080190 0.482702
v 9.268244 -2.080190 -0.482701
v 9.304740 -2.079046 0.482702
v 9.304740 -2.079046 -0.482701
v 9.338386 -2.075577 0.482702
v 9.338386 -2.075577 -0.482701
v 9.369247 -2.069731 0.482702
v 9.369247 -2.069731 -0.482701
v 9.397392 -2.061452 0.482702
v 9.397392 -2.061452 -0.482701
v 9.422890 -2.050686 0.482702
v 9.422890 -2.050686 -0.482701
v 9.445806 -2.037381 0.482702
v 9.445806 -2.037381 -0.482701
v 9.466208 -2.021480 0.482702
v 9.466208 -2.021480 -0.482701
v 9.484164 -2.002931 0.482702
v 9.484164 -2.002931 -0.482701
v 9.499743 -1.981680 0.482702
v 9.499743 -1.981680 -0.482701
v 9.513010 -1.957672 0.482702
v 9.513010 -1.957672 -0.482701
v 9.524035 -1.930853 0.482702
v 9.524035 -1.930853 -0.482701
v 9.532884 -1.901169 0.482702
v 9.532884 -1.901169 -0.482701
v 9.570986 -1.930035 0.482702
v 9.570986 -1.930035 -0.482701
v 9.609385 -1.956320 0.482702
v 9.609385 -1.956320 -0.482701
v 9.648055 -1.980038 0.482702
v 9.648055 -1.980038 -0.482701
v 9.686968 -2.001202 0.482702
v 9.686968 -2.001202 -0.482701
v 9.726097 -2.019825 0.482702
v 9.726097 -2.019825 -0.482701
v 9.765415 -2.035921 0.482702
v 9.765415 -2.035921 -0.482701
v 9.804895 -2.049504 0.482702
v 9.804895 -2.049504 -0.482701
v 9.844511 -2.060587 0.482702
v 9.844511 -2.060587 -0.482701
v 9.884235 -2.069184 0.482702
v 9.884235 -2.069184 -0.482701
v 9.924040 -2.075307 0.482702
v 9.924040 -2.075307 -0.482701
v 9.963900 -2.078971 0.482702
v 9.963900 -2.078971 -0.482701
v 10.003785 -2.080190 0.482702
v 10.003785 -2.080190 -0.482701
v 10.066166 -2.076077 0.482702
v 10.066166 -2.076077 -0.482701
v 10.124681 -2.064154 0.482702
v 10.124681 -2.064154 -0.482701
v 10.179036 -2.045043 0.482702
v 10.179036 -2.045043 -0.482701
v 10.228930 -2.019363 0.482702
v 10.228930 -2.019363 -0.482701
v 10.274069 -1.987738 0.482702
v 10.274069 -1.987738 -0.482701
v 10.314153 -1.950789 0.482702
v 10.314153 -1.950789 -0.482701
v 10.348886 -1.909137 0.482702
v 10.348886 -1.909137 -0.482701
v 10.377970 -1.863405 0.482702
v 10.377970 -1.863405 -0.482701
v 10.401110 -1.814213 0.482702
v 10.401110 -1.814213 -0.482701
v 10.418005 -1.762183 0.482702
v 10.418005 -1.762183 -0.482701
v 10.428360 -1.707937 0.482702
v 10.428360 -1.707937 -0.482701
v 10.431878 -1.652097 0.482702
v 10.431878 -1.652097 -0.482701
v 10.425514 -1.570395 0.482702
v 10.425514 -1.570395 -0.482701
v 10.407230 -1.497922 0.482702
v 10.407230 -1.497922 -0.482701
v 10.378245 -1.433855 0.482702
v 10.378245 -1.433855 -0.482701
v 10.339773 -1.377368 0.482702
v 10.339773 -1.377368 -0.482701
v 10.293032 -1.327638 0.482702
v 10.293032 -1.327638 -0.482701
v 10.239237 -1.283840 0.482702
v 10.239237 -1.283840 -0.482701
v 10.179604 -1.245150 0.482702
v 10.179604 -1.245150 -0.482701
v 10.115349 -1.210743 0.482702
v 10.115349 -1.210743 -0.482701
v 10.047689 -1.179796 0.482702
v 10.047689 -1.179796 -0.482701
v 9.977840 -1.151484 0.482702
v 9.977840 -1.151484 -0.482701
v 9.907019 -1.124983 0.482702
v 9.907019 -1.124983 -0.482701
v 9.836440 -1.099468 0.482702
v 9.836440 -1.099468 -0.482701
v 9.528992 -0.990499 0.482702
v 9.528992 -0.990499 -0.482701
v 9.528992 -0.897097 0.482702
v 9.528992 -0.897097 -0.482701
v 9.531181 -0.845265 0.482702
v 9.531181 -0.845265 -0.482701
v 9.537748 -0.798650 0.482702
v 9.537748 -0.798650 -0.482701
v 9.548694 -0.757115 0.482702
v 9.548694 -0.757115 -0.482701
v 9.564017 -0.720526 0.482702
v 9.564017 -0.720526 -0.482701
v 9.583719 -0.688748 0.482702
v 9.583719 -0.688748 -0.482701
v 9.607800 -0.661645 0.482702
v 9.607800 -0.661645 -0.482701
v 9.636259 -0.639083 0.482702
v 9.636259 -0.639083 -0.482701
v 9.669095 -0.620926 0.482702
v 9.669095 -0.620926 -0.482701
v 9.706310 -0.607039 0.482702
v 9.706310 -0.607039 -0.482701
v 9.747903 -0.597287 0.482702
v 9.747903 -0.597287 -0.482701
v 9.793875 -0.591535 0.482702
v 9.793875 -0.591535 -0.482701
v 9.844223 -0.589648 0.482702
v 9.844223 -0.589648 -0.482701
v 9.891960 -0.591524 0.482702
v 9.891960 -0.591524 -0.482701
v 9.939752 -0.597197 0.482702
v 9.939752 -0.597197 -0.482701
v 9.987489 -0.606735 0.482702
v 9.987489 -0.606735 -0.482701
v 10.035064 -0.620206 0.482702
v 10.035064 -0.620206 -0.482701
v 10.082368 -0.637676 0.482702
v 10.082368 -0.637676 -0.482701
v 10.129294 -0.659213 0.482702
v 10.129294 -0.659213 -0.482701
v 10.175735 -0.684886 0.482702
v 10.175735 -0.684886 -0.482701
v 10.221580 -0.714761 0.482702
v 10.221580 -0.714761 -0.482701
v 10.266722 -0.748906 0.482702
v 10.266722 -0.748906 -0.482701
v 10.311054 -0.787389 0.482702
v 10.311054 -0.787389 -0.482701
v 10.354466 -0.830277 0.482702
v 10.354466 -0.830277 -0.482701
v 10.396852 -0.877638 0.482702
v 10.396852 -0.877638 -0.482701
v 10.396852 -0.500138 0.482702
v 10.396852 -0.500138 -0.482701
v 10.361660 -0.461948 0.482702
v 10.361660 -0.461948 -0.482701
v 10.324170 -0.427149 0.482702
v 10.324170 -0.427149 -0.482701
v 10.284356 -0.395729 0.482702
v 10.284356 -0.395729 -0.482701
v 10.242191 -0.367674 0.482702
v 10.242191 -0.367674 -0.482701
v 10.197647 -0.342970 0.482702
v 10.197647 -0.342970 -0.482701
v 10.150699 -0.321604 0.482702
v 10.150699 -0.321604 -0.482701
v 10.101317 -0.303561 0.482702
v 10.101317 -0.303561 -0.482701
v 10.049477 -0.288830 0.482702
v 10.049477 -0.288830 -0.482701
v 9.995150 -0.277395 0.482702
v 9.995150 -0.277395 -0.482701
v 9.938310 -0.269245 0.482702
v 9.938310 -0.269245 -0.482701
v 9.878929 -0.264364 0.482702
v 9.878929 -0.264364 -0.482701
v 9.816981 -0.262741 0.482702
v 9.816981 -0.262741 -0.482701
v 9.730104 -0.266493 0.482702
v 9.730104 -0.266493 -0.482701
v 9.647024 -0.277839 0.482702
v 9.647024 -0.277839 -0.482701
v 9.568457 -0.296915 0.482702
v 9.568457 -0.296915 -0.482701
v 9.495119 -0.323856 0.482702
v 9.495119 -0.323856 -0.482701
v 9.427728 -0.358796 0.482702
v 9.427728 -0.358796 -0.482701
v 9.366999 -0.401871 0.482702
v 9.366999 -0.401871 -0.482701
v 9.313646 -0.453216 0.482702
v 9.313646 -0.453216 -0.482701
v 9.268389 -0.512966 0.482702
v 9.268389 -0.512966 -0.482701
v 9.231941 -0.581257 0.482702
v 9.231941 -0.581257 -0.482701
v 9.205021 -0.658222 0.482702
v 9.205021 -0.658222 -0.482701
v 9.188344 -0.743998 0.482702
v 9.188344 -0.743998 -0.482701
v 9.182625 -0.838720 0.482702
v 9.182625 -0.838720 -0.482701
v 9.182625 -1.737715 0.482702
v 9.182625 -1.737716 -0.482701
v 9.182140 -1.753375 0.482702
v 9.182140 -1.753375 -0.482701
v 9.180696 -1.767318 0.482702
v 9.180696 -1.767318 -0.482701
v 9.178307 -1.779613 0.482702
v 9.178307 -1.779613 -0.482701
v 9.174986 -1.790326 0.482702
v 9.174986 -1.790326 -0.482701
v 9.170744 -1.799526 0.482702
v 9.170744 -1.799526 -0.482701
v 9.165598 -1.807281 0.482702
v 9.165598 -1.807281 -0.482701
v 9.159560 -1.813657 0.482702
v 9.159560 -1.813657 -0.482701
v 9.152643 -1.818722 0.482702
v 9.152643 -1.818722 -0.482701
v 9.144863 -1.822544 0.482702
v 9.144863 -1.822544 -0.482701
v 9.136230 -1.825190 0.482702
v 9.136230 -1.825190 -0.482701
v 9.126760 -1.826728 0.482702
v 9.126760 -1.826728 -0.482701
v 9.116465 -1.827226 0.482702
v 9.116465 -1.827226 -0.482701
v 9.106996 -1.826503 0.482702
v 9.106996 -1.826503 -0.482701
v 9.096161 -1.824361 0.482702
v 9.096161 -1.824361 -0.482701
v 9.084055 -1.820841 0.482702
v 9.084055 -1.820841 -0.482701
v 9.070774 -1.815983 0.482702
v 9.070774 -1.815983 -0.482701
v 9.056412 -1.809828 0.482702
v 9.056412 -1.809828 -0.482701
v 9.041063 -1.802416 0.482702
v 9.041063 -1.802416 -0.482701
v 9.024822 -1.793788 0.482702
v 9.024822 -1.793788 -0.482701
v 9.007786 -1.783984 0.482702
v 9.007786 -1.783984 -0.482701
v 8.990046 -1.773045 0.482702
v 8.990046 -1.773045 -0.482701
v 8.971697 -1.761012 0.482702
v 8.971697 -1.761012 -0.482701
v 8.952834 -1.747925 0.482702
v 8.952834 -1.747925 -0.482701
v 8.933554 -1.733824 0.482702
v 8.933554 -1.733824 -0.482701
v 8.933554 -1.943978 0.482702
v 8.933554 -1.943979 -0.482701
v 9.601997 -1.206552 0.482702
v 9.601997 -1.206552 -0.482701
v 9.672626 -1.232274 0.482702
v 9.672626 -1.232274 -0.482701
v 9.740119 -1.258726 0.482702
v 9.740119 -1.258726 -0.482701
v 9.803720 -1.286272 0.482702
v 9.803720 -1.286272 -0.482701
v 9.862674 -1.315278 0.482702
v 9.862674 -1.315278 -0.482701
v 9.916222 -1.346108 0.482702
v 9.916222 -1.346108 -0.482701
v 9.963607 -1.379127 0.482702
v 9.963607 -1.379127 -0.482701
v 10.004074 -1.414700 0.482702
v 10.004074 -1.414700 -0.482701
v 10.036865 -1.453192 0.482702
v 10.036865 -1.453192 -0.482701
v 10.061225 -1.494967 0.482702
v 10.061225 -1.494967 -0.482701
v 10.076395 -1.540391 0.482702
v 10.076395 -1.540391 -0.482701
v 10.081621 -1.589829 0.482702
v 10.081621 -1.589829 -0.482701
v 10.079470 -1.624902 0.482702
v 10.079470 -1.624902 -0.482701
v 10.073171 -1.657989 0.482702
v 10.073171 -1.657989 -0.482701
v 10.062953 -1.688886 0.482702
v 10.062953 -1.688886 -0.482701
v 10.049046 -1.717392 0.482702
v 10.049046 -1.717392 -0.482701
v 10.031679 -1.743303 0.482702
v 10.031679 -1.743303 -0.482701
v 10.011084 -1.766417 0.482702
v 10.011084 -1.766417 -0.482701
v 9.987487 -1.786531 0.482702
v 9.987487 -1.786531 -0.482701
v 9.961121 -1.803443 0.482702
v 9.961121 -1.803443 -0.482701
v 9.932214 -1.816949 0.482702
v 9.932214 -1.816949 -0.482701
v 9.900996 -1.826848 0.482702
v 9.900996 -1.826848 -0.482701
v 9.867699 -1.832935 0.482702
v 9.867699 -1.832935 -0.482701
v 9.832548 -1.835009 0.482702
v 9.832548 -1.835009 -0.482701
v 9.805466 -1.833886 0.482702
v 9.805466 -1.833886 -0.482701
v 9.778710 -1.830559 0.482702
v 9.778710 -1.830559 -0.482701
v 9.752279 -1.825098 0.482702
v 9.752279 -1.825098 -0.482701
v 9.726172 -1.817569 0.482702
v 9.726172 -1.817569 -0.482701
v 9.700390 -1.808040 0.482702
v 9.700390 -1.808040 -0.482701
v 9.674932 -1.796578 0.482702
v 9.674932 -1.796578 -0.482701
v 9.649797 -1.783252 0.482702
v 9.649797 -1.783252 -0.482701
v 9.624988 -1.768129 0.482702
v 9.624988 -1.768129 -0.482701
v 9.600502 -1.751276 0.482702
v 9.600502 -1.751276 -0.482701
v 9.576342 -1.732761 0.482702
v 9.576342 -1.732761 -0.482701
v 9.552504 -1.712651 0.482702
v 9.552504 -1.712651 -0.482701
v 9.528992 -1.691014 0.482702
v 9.528992 -1.691015 -0.482701
v 9.528992 -1.181195 0.482702
v 9.528992 -1.181195 -0.482701
v 7.590898 -0.566298 0.482702
v 7.590898 -0.566298 -0.482701
v 7.558685 -0.599591 0.482702
v 7.558685 -0.599591 -0.482701
v 7.530053 -0.631574 0.482702
v 7.530053 -0.631574 -0.482701
v 7.504854 -0.662557 0.482702
v 7.504854 -0.662557 -0.482701
v 7.482938 -0.692852 0.482702
v 7.482938 -0.692852 -0.482701
v 7.464157 -0.722767 0.482702
v 7.464157 -0.722767 -0.482701
v 7.448362 -0.752615 0.482702
v 7.448362 -0.752615 -0.482701
v 7.435406 -0.782706 0.482702
v 7.435406 -0.782706 -0.482701
v 7.425138 -0.813352 0.482702
v 7.425138 -0.813352 -0.482701
v 7.417410 -0.844862 0.482702
v 7.417410 -0.844862 -0.482701
v 7.412076 -0.877548 0.482702
v 7.412076 -0.877548 -0.482701
v 7.408983 -0.911720 0.482702
v 7.408983 -0.911720 -0.482701
v 7.407985 -0.947690 0.482702
v 7.407985 -0.947690 -0.482701
v 7.409641 -0.984112 0.482702
v 7.409641 -0.984112 -0.482701
v 7.414418 -1.021128 0.482702
v 7.414418 -1.021128 -0.482701
v 7.422032 -1.058361 0.482702
v 7.422032 -1.058361 -0.482701
v 7.432201 -1.095432 0.482702
v 7.432201 -1.095432 -0.482701
v 7.444640 -1.131962 0.482702
v 7.444640 -1.131962 -0.482701
v 7.459065 -1.167574 0.482702
v 7.459065 -1.167574 -0.482701
v 7.475193 -1.201888 0.482702
v 7.475193 -1.201888 -0.482701
v 7.492739 -1.234526 0.482702
v 7.492739 -1.234526 -0.482701
v 7.511421 -1.265111 0.482702
v 7.511421 -1.265111 -0.482701
v 7.530954 -1.293263 0.482702
v 7.530954 -1.293263 -0.482701
v 7.551055 -1.318604 0.482702
v 7.551055 -1.318604 -0.482701
v 7.571439 -1.340757 0.482702
v 7.571439 -1.340757 -0.482701
v 7.634428 -1.395649 0.482702
v 7.634428 -1.395649 -0.482701
v 7.704983 -1.437420 0.482702
v 7.704983 -1.437420 -0.482701
v 7.780620 -1.468516 0.482702
v 7.780620 -1.468516 -0.482701
v 7.858852 -1.491382 0.482702
v 7.858852 -1.491382 -0.482701
v 7.937191 -1.508465 0.482702
v 7.937191 -1.508465 -0.482701
v 8.013153 -1.522210 0.482702
v 8.013153 -1.522210 -0.482701
v 8.084249 -1.535063 0.482702
v 8.084249 -1.535063 -0.482701
v 8.147995 -1.549470 0.482702
v 8.147995 -1.549470 -0.482701
v 8.201902 -1.567877 0.482702
v 8.201902 -1.567877 -0.482701
v 8.243487 -1.592730 0.482702
v 8.243487 -1.592730 -0.482701
v 8.270262 -1.626474 0.482702
v 8.270262 -1.626474 -0.482701
v 8.279738 -1.671556 0.482702
v 8.279738 -1.671556 -0.482701
v 8.275936 -1.695098 0.482702
v 8.275936 -1.695098 -0.482701
v 8.264567 -1.717194 0.482702
v 8.264567 -1.717194 -0.482701
v 8.245686 -1.738019 0.482702
v 8.245686 -1.738020 -0.482701
v 8.219344 -1.757751 0.482702
v 8.219344 -1.757751 -0.482701
v 8.185598 -1.776563 0.482702
v 8.185598 -1.776563 -0.482701
v 8.144501 -1.794632 0.482702
v 8.144501 -1.794632 -0.482701
v 8.096106 -1.812134 0.482702
v 8.096106 -1.812134 -0.482701
v 8.040468 -1.829244 0.482702
v 8.040468 -1.829244 -0.482701
v 7.977641 -1.846137 0.482702
v 7.977641 -1.846137 -0.482701
v 7.907680 -1.862990 0.482702
v 7.907680 -1.862990 -0.482701
v 7.830637 -1.879979 0.482702
v 7.830637 -1.879979 -0.482701
v 7.746568 -1.897277 0.482702
v 7.746568 -1.897277 -0.482701
v 7.658130 -1.918146 0.482702
v 7.658130 -1.918146 -0.482701
v 7.579367 -1.943582 0.482702
v 7.579367 -1.943582 -0.482701
v 7.509901 -1.973288 0.482702
v 7.509901 -1.973288 -0.482701
v 7.449354 -2.006967 0.482702
v 7.449354 -2.006967 -0.482701
v 7.397346 -2.044322 0.482702
v 7.397346 -2.044322 -0.482701
v 7.353501 -2.085055 0.482702
v 7.353501 -2.085055 -0.482701
v 7.317439 -2.128868 0.482702
v 7.317439 -2.128868 -0.482701
v 7.288782 -2.175466 0.482702
v 7.288782 -2.175466 -0.482701
v 7.267152 -2.224550 0.482702
v 7.267152 -2.224550 -0.482701
v 7.252171 -2.275823 0.482702
v 7.252171 -2.275823 -0.482701
v 7.243460 -2.328987 0.482702
v 7.243460 -2.328987 -0.482701
v 7.240640 -2.383747 0.482702
v 7.240640 -2.383747 -0.482701
v 7.246990 -2.467458 0.482702
v 7.246990 -2.467458 -0.482701
v 7.265811 -2.545236 0.482702
v 7.265811 -2.545236 -0.482701
v 7.296767 -2.616826 0.482702
v 7.296767 -2.616826 -0.482701
v 7.339520 -2.681970 0.482702
v 7.339520 -2.681970 -0.482701
v 7.393732 -2.740412 0.482702
v 7.393732 -2.740412 -0.482701
v 7.459065 -2.791894 0.482702
v 7.459065 -2.791894 -0.482701
v 7.535182 -2.836161 0.482702
v 7.535182 -2.836161 -0.482701
v 7.621744 -2.872955 0.482702
v 7.621744 -2.872955 -0.482701
v 7.718414 -2.902019 0.482702
v 7.718414 -2.902019 -0.482701
v 7.824853 -2.923097 0.482702
v 7.824853 -2.923097 -0.482701
v 7.940725 -2.935932 0.482702
v 7.940725 -2.935932 -0.482701
v 8.065692 -2.940268 0.482702
v 8.065692 -2.940268 -0.482701
v 8.180464 -2.935725 0.482702
v 8.180464 -2.935725 -0.482701
v 8.288872 -2.922412 0.482702
v 8.288872 -2.922412 -0.482701
v 8.390226 -2.900803 0.482702
v 8.390226 -2.900803 -0.482701
v 8.483839 -2.871369 0.482702
v 8.483839 -2.871369 -0.482701
v 8.569017 -2.834584 0.482702
v 8.569017 -2.834584 -0.482701
v 8.645077 -2.790922 0.482702
v 8.645077 -2.790922 -0.482701
v 8.711325 -2.740854 0.482702
v 8.711325 -2.740854 -0.482701
v 8.767073 -2.684853 0.482702
v 8.767073 -2.684853 -0.482701
v 8.811632 -2.623394 0.482702
v 8.811632 -2.623394 -0.482701
v 8.844313 -2.556948 0.482702
v 8.844313 -2.556948 -0.482701
v 8.864428 -2.485989 0.482702
v 8.864428 -2.485989 -0.482701
v 8.871284 -2.410989 0.482702
v 8.871284 -2.410989 -0.482701
v 8.868429 -2.348948 0.482702
v 8.868429 -2.348948 -0.482701
v 8.859790 -2.291192 0.482702
v 8.859790 -2.291192 -0.482701
v 8.845259 -2.237623 0.482702
v 8.845259 -2.237624 -0.482701
v 8.824728 -2.188150 0.482702
v 8.824728 -2.188150 -0.482701
v 8.798090 -2.142676 0.482702
v 8.798090 -2.142677 -0.482701
v 8.765234 -2.101108 0.482702
v 8.765234 -2.101108 -0.482701
v 8.726055 -2.063350 0.482702
v 8.726055 -2.063350 -0.482701
v 8.680445 -2.029309 0.482702
v 8.680445 -2.029309 -0.482701
v 8.628294 -1.998889 0.482702
v 8.628294 -1.998889 -0.482701
v 8.569494 -1.971995 0.482702
v 8.569494 -1.971996 -0.482701
v 8.503938 -1.948535 0.482702
v 8.503938 -1.948535 -0.482701
v 8.431517 -1.928411 0.482702
v 8.431517 -1.928411 -0.482701
v 8.460306 -1.910000 0.482702
v 8.460306 -1.910000 -0.482701
v 8.486380 -1.891710 0.482702
v 8.486380 -1.891710 -0.482701
v 8.509777 -1.873501 0.482702
v 8.509777 -1.873501 -0.482701
v 8.530540 -1.855333 0.482702
v 8.530540 -1.855333 -0.482701
v 8.548708 -1.837165 0.482702
v 8.548708 -1.837165 -0.482701
v 8.564322 -1.818956 0.482702
v 8.564322 -1.818956 -0.482701
v 8.577423 -1.800666 0.482702
v 8.577423 -1.800666 -0.482701
v 8.588052 -1.782254 0.482702
v 8.588052 -1.782254 -0.482701
v 8.596248 -1.763681 0.482702
v 8.596248 -1.763681 -0.482701
v 8.602052 -1.744904 0.482702
v 8.602052 -1.744905 -0.482701
v 8.605504 -1.725885 0.482702
v 8.605504 -1.725885 -0.482701
v 8.606646 -1.706581 0.482702
v 8.606646 -1.706582 -0.482701
v 8.604404 -1.678715 0.482702
v 8.604404 -1.678715 -0.482701
v 8.597799 -1.651646 0.482702
v 8.597799 -1.651647 -0.482701
v 8.587005 -1.625524 0.482702
v 8.587005 -1.625524 -0.482701
v 8.572197 -1.600495 0.482702
v 8.572197 -1.600495 -0.482701
v 8.553551 -1.576710 0.482702
v 8.553551 -1.576710 -0.482701
v 8.531243 -1.554317 0.482702
v 8.531243 -1.554317 -0.482701
v 8.505449 -1.533464 0.482702
v 8.505449 -1.533464 -0.482701
v 8.476344 -1.514300 0.482702
v 8.476344 -1.514300 -0.482701
v 8.444104 -1.496974 0.482702
v 8.444104 -1.496974 -0.482701
v 8.408905 -1.481634 0.482702
v 8.408905 -1.481634 -0.482701
v 8.370922 -1.468430 0.482702
v 8.370922 -1.468430 -0.482701
v 8.330331 -1.457509 0.482702
v 8.330331 -1.457509 -0.482701
v 8.330331 -1.449726 0.482702
v 8.330331 -1.449726 -0.482701
v 8.361790 -1.435699 0.482702
v 8.361790 -1.435699 -0.482701
v 8.391951 -1.420862 0.482702
v 8.391951 -1.420862 -0.482701
v 8.420815 -1.405214 0.482702
v 8.420815 -1.405214 -0.482701
v 8.448381 -1.388755 0.482702
v 8.448381 -1.388755 -0.482701
v 8.474650 -1.371485 0.482702
v 8.474650 -1.371485 -0.482701
v 8.499622 -1.353405 0.482702
v 8.499622 -1.353405 -0.482701
v 8.523297 -1.334514 0.482702
v 8.523297 -1.334514 -0.482701
v 8.545675 -1.314812 0.482702
v 8.545675 -1.314812 -0.482701
v 8.566755 -1.294299 0.482702
v 8.566755 -1.294299 -0.482701
v 8.586538 -1.272975 0.482702
v 8.586538 -1.272975 -0.482701
v 8.605024 -1.250841 0.482702
v 8.605024 -1.250841 -0.482701
v 8.622213 -1.227896 0.482702
v 8.622213 -1.227896 -0.482701
v 8.637131 -1.205113 0.482702
v 8.637131 -1.205113 -0.482701
v 8.650752 -1.181519 0.482702
v 8.650752 -1.181519 -0.482701
v 8.663076 -1.157115 0.482702
v 8.663076 -1.157115 -0.482701
v 8.674103 -1.131899 0.482702
v 8.674103 -1.131899 -0.482701
v 8.683832 -1.105873 0.482702
v 8.683832 -1.105873 -0.482701
v 8.692265 -1.079036 0.482702
v 8.692265 -1.079036 -0.482701
v 8.699399 -1.051389 0.482702
v 8.699399 -1.051389 -0.482701
v 8.705236 -1.022930 0.482702
v 8.705236 -1.022930 -0.482701
v 8.709778 -0.993661 0.482702
v 8.709778 -0.993661 -0.482701
v 8.713020 -0.963581 0.482702
v 8.713020 -0.963581 -0.482701
v 8.714966 -0.932690 0.482702
v 8.714966 -0.932690 -0.482701
v 8.715614 -0.900988 0.482702
v 8.715614 -0.900988 -0.482701
v 8.709599 -0.810636 0.482702
v 8.709599 -0.810636 -0.482701
v 8.691814 -0.726580 0.482702
v 8.691814 -0.726580 -0.482701
v 8.662651 -0.649119 0.482702
v 8.662651 -0.649119 -0.482701
v 8.622501 -0.578550 0.482702
v 8.622501 -0.578550 -0.482701
v 8.571757 -0.515169 0.482702
v 8.571757 -0.515169 -0.482701
v 8.510811 -0.459274 0.482702
v 8.510811 -0.459274 -0.482701
v 8.440055 -0.411163 0.482702
v 8.440055 -0.411163 -0.482701
v 8.359880 -0.371133 0.482702
v 8.359880 -0.371133 -0.482701
v 8.270678 -0.339481 0.482702
v 8.270678 -0.339481 -0.482701
v 8.172842 -0.316505 0.482702
v 8.172842 -0.316505 -0.482701
v 8.066761 -0.302501 0.482702
v 8.066761 -0.302501 -0.482701
v 7.952831 -0.297766 0.482702
v 7.952831 -0.297766 -0.482701
v 7.232857 -0.297766 0.482702
v 7.232857 -0.297766 -0.482701
v 7.232857 -0.566298 0.482702
v 7.232857 -0.566298 -0.482701
v 8.104784 -0.600364 0.482702
v 8.104784 -0.600364 -0.482701
v 8.149779 -0.608891 0.482702
v 8.149779 -0.608891 -0.482701
v 8.192478 -0.622606 0.482702
v 8.192478 -0.622606 -0.482701
v 8.232461 -0.641106 0.482702
v 8.232461 -0.641106 -0.482701
v 8.269309 -0.663983 0.482702
v 8.269309 -0.663983 -0.482701
v 8.302603 -0.690834 0.482702
v 8.302603 -0.690834 -0.482701
v 8.331923 -0.721252 0.482702
v 8.331923 -0.721252 -0.482701
v 8.356853 -0.754831 0.482702
v 8.356853 -0.754831 -0.482701
v 8.376972 -0.791168 0.482702
v 8.376972 -0.791168 -0.482701
v 8.391861 -0.829856 0.482702
v 8.391861 -0.829856 -0.482701
v 8.401101 -0.870489 0.482702
v 8.401101 -0.870489 -0.482701
v 8.404274 -0.912664 0.482702
v 8.404274 -0.912664 -0.482701
v 8.401396 -0.959002 0.482702
v 8.401396 -0.959002 -0.482701
v 8.392923 -1.002516 0.482702
v 8.392923 -1.002516 -0.482701
v 8.379099 -1.042977 0.482702
v 8.379099 -1.042977 -0.482701
v 8.360168 -1.080153 0.482702
v 8.360168 -1.080153 -0.482701
v 8.336370 -1.113816 0.482702
v 8.336370 -1.113816 -0.482701
v 8.307953 -1.143737 0.482702
v 8.307953 -1.143737 -0.482701
v 8.275157 -1.169684 0.482702
v 8.275157 -1.169684 -0.482701
v 8.238226 -1.191429 0.482702
v 8.238226 -1.191429 -0.482701
v 8.197403 -1.208741 0.482702
v 8.197403 -1.208741 -0.482701
v 8.152931 -1.221391 0.482702
v 8.152931 -1.221391 -0.482701
v 8.105055 -1.229150 0.482702
v 8.105055 -1.229150 -0.482701
v 8.054016 -1.231787 0.482702
v 8.054016 -1.231787 -0.482701
v 8.006554 -1.228997 0.482702
v 8.006554 -1.228997 -0.482701
v 7.961659 -1.220815 0.482702
v 7.961659 -1.220815 -0.482701
v 7.919630 -1.207525 0.482702
v 7.919630 -1.207525 -0.482701
v 7.880762 -1.189410 0.482702
v 7.880762 -1.189410 -0.482701
v 7.845353 -1.166756 0.482702
v 7.845353 -1.166756 -0.482701
v 7.813701 -1.139845 0.482702
v 7.813701 -1.139845 -0.482701
v 7.786103 -1.108961 0.482702
v 7.786103 -1.108961 -0.482701
v 7.762856 -1.074388 0.482702
v 7.762856 -1.074388 -0.482701
v 7.744257 -1.036409 0.482702
v 7.744257 -1.036409 -0.482701
v 7.730605 -0.995309 0.482702
v 7.730605 -0.995309 -0.482701
v 7.722195 -0.951372 0.482702
v 7.722195 -0.951372 -0.482701
v 7.719326 -0.904880 0.482702
v 7.719326 -0.904880 -0.482701
v 7.722495 -0.863677 0.482702
v 7.722495 -0.863677 -0.482701
v 7.731704 -0.824000 0.482702
v 7.731704 -0.824000 -0.482701
v 7.746508 -0.786243 0.482702
v 7.746508 -0.786243 -0.482701
v 7.766459 -0.750796 0.482702
v 7.766459 -0.750796 -0.482701
v 7.791114 -0.718051 0.482702
v 7.791114 -0.718051 -0.482701
v 7.820025 -0.688401 0.482702
v 7.820025 -0.688401 -0.482701
v 7.852746 -0.662238 0.482702
v 7.852746 -0.662238 -0.482701
v 7.888833 -0.639953 0.482702
v 7.888833 -0.639953 -0.482701
v 7.927838 -0.621938 0.482702
v 7.927838 -0.621938 -0.482701
v 7.969316 -0.608584 0.482702
v 7.969316 -0.608584 -0.482701
v 8.012822 -0.600285 0.482702
v 8.012822 -0.600285 -0.482701
v 8.057909 -0.597432 0.482702
v 8.057909 -0.597432 -0.482701
v 8.204281 -2.133017 0.482702
v 8.204281 -2.133017 -0.482701
v 8.257900 -2.139575 0.482702
v 8.257900 -2.139575 -0.482701
v 8.307953 -2.150241 0.482702
v 8.307953 -2.150242 -0.482701
v 8.354114 -2.164799 0.482702
v 8.354114 -2.164799 -0.482701
v 8.396058 -2.183033 0.482702
v 8.396058 -2.183033 -0.482701
v 8.433462 -2.204726 0.482702
v 8.433462 -2.204726 -0.482701
v 8.466002 -2.229662 0.482702
v 8.466002 -2.229662 -0.482701
v 8.493352 -2.257625 0.482702
v 8.493352 -2.257625 -0.482701
v 8.515188 -2.288399 0.482702
v 8.515188 -2.288399 -0.482701
v 8.531189 -2.321767 0.482702
v 8.531189 -2.321767 -0.482701
v 8.541026 -2.357513 0.482702
v 8.541026 -2.357513 -0.482701
v 8.544378 -2.395422 0.482702
v 8.544378 -2.395422 -0.482701
v 8.540827 -2.437495 0.482702
v 8.540827 -2.437495 -0.482701
v 8.530234 -2.476122 0.482702
v 8.530234 -2.476122 -0.482701
v 8.512697 -2.511262 0.482702
v 8.512697 -2.511262 -0.482701
v 8.488308 -2.542876 0.482702
v 8.488308 -2.542876 -0.482701
v 8.457163 -2.570922 0.482702
v 8.457163 -2.570922 -0.482701
v 8.419355 -2.595361 0.482702
v 8.419355 -2.595361 -0.482701
v 8.374981 -2.616151 0.482702
v 8.374981 -2.616151 -0.482701
v 8.324133 -2.633251 0.482702
v 8.324133 -2.633251 -0.482701
v 8.266909 -2.646622 0.482702
v 8.266909 -2.646622 -0.482701
v 8.203399 -2.656224 0.482702
v 8.203399 -2.656224 -0.482701
v 8.133701 -2.662014 0.482702
v 8.133701 -2.662014 -0.482701
v 8.057909 -2.663953 0.482702
v 8.057909 -2.663953 -0.482701
v 7.984645 -2.662023 0.482702
v 7.984645 -2.662023 -0.482701
v 7.916760 -2.656296 0.482702
v 7.916760 -2.656296 -0.482701
v 7.854443 -2.646866 0.482702
v 7.854443 -2.646866 -0.482701
v 7.797882 -2.633828 0.482702
v 7.797882 -2.633828 -0.482701
v 7.747267 -2.617277 0.482702
v 7.747267 -2.617277 -0.482701
v 7.702786 -2.597307 0.482702
v 7.702786 -2.597307 -0.482701
v 7.664630 -2.574013 0.482702
v 7.664630 -2.574013 -0.482701
v 7.632987 -2.547489 0.482702
v 7.632987 -2.547489 -0.482701
v 7.608047 -2.517830 0.482702
v 7.608047 -2.517830 -0.482701
v 7.589997 -2.485131 0.482702
v 7.589997 -2.485131 -0.482701
v 7.579029 -2.449485 0.482702
v 7.579029 -2.449485 -0.482701
v 7.575331 -2.410989 0.482702
v 7.575331 -2.410989 -0.482701
v 7.582501 -2.358876 0.482702
v 7.582501 -2.358876 -0.482701
v 7.602845 -2.313209 0.482702
v 7.602845 -2.313209 -0.482701
v 7.634620 -2.273622 0.482702
v 7.634620 -2.273622 -0.482701
v 7.676085 -2.239752 0.482702
v 7.676085 -2.239752 -0.482701
v 7.725495 -2.211232 0.482702
v 7.725495 -2.211233 -0.482701
v 7.781108 -2.187700 0.482702
v 7.781108 -2.187700 -0.482701
v 7.841180 -2.168788 0.482702
v 7.841180 -2.168788 -0.482701
v 7.903968 -2.154133 0.482702
v 7.903968 -2.154133 -0.482701
v 7.967730 -2.143370 0.482702
v 7.967730 -2.143370 -0.482701
v 8.030721 -2.136134 0.482702
v 8.030721 -2.136134 -0.482701
v 8.091198 -2.132060 0.482702
v 8.091198 -2.132060 -0.482701
v 8.147419 -2.130783 0.482702
v 8.147419 -2.130783 -0.482701
v 6.633526 -0.527380 0.482702
v 6.633526 -0.527380 -0.482701
v 6.589010 -0.484566 0.482702
v 6.589010 -0.484566 -0.482701
v 6.544953 -0.445617 0.482702
v 6.544953 -0.445617 -0.482701
v 6.501328 -0.410506 0.482702
v 6.501328 -0.410506 -0.482701
v 6.458109 -0.379205 0.482702
v 6.458109 -0.379205 -0.482701
v 6.415268 -0.351688 0.482702
v 6.415268 -0.351688 -0.482701
v 6.372779 -0.327928 0.482702
v 6.372779 -0.327928 -0.482701
v 6.330614 -0.307897 0.482702
v 6.330614 -0.307897 -0.482701
v 6.288746 -0.291569 0.482702
v 6.288746 -0.291569 -0.482701
v 6.247149 -0.278916 0.482702
v 6.247149 -0.278916 -0.482701
v 6.205794 -0.269912 0.482702
v 6.205794 -0.269912 -0.482701
v 6.164655 -0.264529 0.482702
v 6.164655 -0.264529 -0.482701
v 6.123706 -0.262741 0.482702
v 6.123706 -0.262741 -0.482701
v 6.069076 -0.265004 0.482702
v 6.069076 -0.265004 -0.482701
v 6.016161 -0.271767 0.482702
v 6.016161 -0.271767 -0.482701
v 5.965057 -0.282990 0.482702
v 5.965057 -0.282990 -0.482701
v 5.915858 -0.298631 0.482702
v 5.915858 -0.298631 -0.482701
v 5.868659 -0.318651 0.482702
v 5.868659 -0.318651 -0.482701
v 5.823555 -0.343008 0.482702
v 5.823555 -0.343008 -0.482701
v 5.780640 -0.371663 0.482702
v 5.780640 -0.371663 -0.482701
v 5.740008 -0.404574 0.482702
v 5.740008 -0.404574 -0.482701
v 5.701756 -0.441701 0.482702
v 5.701756 -0.441701 -0.482701
v 5.665975 -0.483003 0.482702
v 5.665975 -0.483003 -0.482701
v 5.632762 -0.528441 0.482702
v 5.632762 -0.528441 -0.482701
v 5.602211 -0.577973 0.482702
v 5.602211 -0.577973 -0.482701
v 5.563596 -0.535799 0.482702
v 5.563596 -0.535799 -0.482701
v 5.523564 -0.495165 0.482702
v 5.523564 -0.495165 -0.482701
v 5.481991 -0.456477 0.482702
v 5.481991 -0.456477 -0.482701
v 5.438756 -0.420141 0.482702
v 5.438756 -0.420141 -0.482701
v 5.393738 -0.386561 0.482702
v 5.393738 -0.386561 -0.482701
v 5.346814 -0.356143 0.482702
v 5.346814 -0.356143 -0.482701
v 5.297863 -0.329292 0.482702
v 5.297863 -0.329292 -0.482701
v 5.246764 -0.306415 0.482702
v 5.246764 -0.306415 -0.482701
v 5.193394 -0.287915 0.482702
v 5.193394 -0.287915 -0.482701
v 5.137633 -0.274200 0.482702
v 5.137633 -0.274200 -0.482701
v 5.079358 -0.265673 0.482702
v 5.079358 -0.265673 -0.482701
v 5.018449 -0.262741 0.482702
v 5.018449 -0.262741 -0.482701
v 4.932644 -0.268340 0.482702
v 4.932644 -0.268340 -0.482701
v 4.852528 -0.284830 0.482702
v 4.852528 -0.284830 -0.482701
v 4.778438 -0.311752 0.482702
v 4.778438 -0.311752 -0.482701
v 4.710712 -0.348648 0.482702
v 4.710712 -0.348648 -0.482701
v 4.649690 -0.395056 0.482702
v 4.649690 -0.395056 -0.482701
v 4.595707 -0.450518 0.482702
v 4.595707 -0.450518 -0.482701
v 4.549103 -0.514574 0.482702
v 4.549103 -0.514574 -0.482701
v 4.510215 -0.586765 0.482702
v 4.510215 -0.586765 -0.482701
v 4.479380 -0.666632 0.482702
v 4.479380 -0.666632 -0.482701
v 4.456936 -0.753714 0.482702
v 4.456936 -0.753714 -0.482701
v 4.443222 -0.847553 0.482702
v 4.443222 -0.847553 -0.482701
v 4.438577 -0.947690 0.482702
v 4.438577 -0.947690 -0.482701
v 4.438577 -2.045164 0.482702
v 4.438577 -2.045164 -0.482701
v 4.784944 -2.045164 0.482702
v 4.784944 -2.045164 -0.482701
v 4.784944 -0.963256 0.482702
v 4.784944 -0.963256 -0.482701
v 4.788276 -0.899624 0.482702
v 4.788276 -0.899624 -0.482701
v 4.797971 -0.841099 0.482702
v 4.797971 -0.841099 -0.482701
v 4.813585 -0.787763 0.482702
v 4.813585 -0.787763 -0.482701
v 4.834672 -0.739697 0.482702
v 4.834672 -0.739697 -0.482701
v 4.860785 -0.696982 0.482702
v 4.860785 -0.696982 -0.482701
v 4.891480 -0.659700 0.482702
v 4.891480 -0.659700 -0.482701
v 4.926311 -0.627931 0.482702
v 4.926311 -0.627931 -0.482701
v 4.964829 -0.601756 0.482702
v 4.964829 -0.601756 -0.482701
v 5.006592 -0.581257 0.482702
v 5.006592 -0.581257 -0.482701
v 5.051150 -0.566514 0.482702
v 5.051150 -0.566514 -0.482701
v 5.098061 -0.557609 0.482702
v 5.098061 -0.557609 -0.482701
v 5.146876 -0.554622 0.482702
v 5.146876 -0.554622 -0.482701
v 5.175863 -0.555717 0.482702
v 5.175863 -0.555717 -0.482701
v 5.206243 -0.560784 0.482702
v 5.206243 -0.560784 -0.482701
v 5.237784 -0.569581 0.482702
v 5.237784 -0.569581 -0.482701
v 5.270259 -0.581865 0.482702
v 5.270259 -0.581865 -0.482701
v 5.303435 -0.597391 0.482702
v 5.303435 -0.597391 -0.482701
v 5.337086 -0.615917 0.482702
v 5.337086 -0.615917 -0.482701
v 5.370978 -0.637201 0.482702
v 5.370978 -0.637201 -0.482701
v 5.404884 -0.660997 0.482702
v 5.404884 -0.660997 -0.482701
v 5.438575 -0.687064 0.482702
v 5.438575 -0.687064 -0.482701
v 5.471819 -0.715157 0.482702
v 5.471819 -0.715157 -0.482701
v 5.504388 -0.745035 0.482702
v 5.504388 -0.745035 -0.482701
v 5.536052 -0.776452 0.482702
v 5.536052 -0.776452 -0.482701
v 5.536052 -2.045164 0.482702
v 5.536052 -2.045164 -0.482701
v 5.882418 -2.045164 0.482702
v 5.882418 -2.045164 -0.482701
v 5.882418 -0.959365 0.482702
v 5.882418 -0.959365 -0.482701
v 5.885349 -0.891721 0.482702
v 5.885349 -0.891721 -0.482701
v 5.893877 -0.830739 0.482702
v 5.893877 -0.830739 -0.482701
v 5.907592 -0.776270 0.482702
v 5.907592 -0.776270 -0.482701
v 5.926091 -0.728166 0.482702
v 5.926091 -0.728166 -0.482701
v 5.948969 -0.686278 0.482702
v 5.948969 -0.686278 -0.482701
v 5.975819 -0.650457 0.482702
v 5.975819 -0.650457 -0.482701
v 6.006238 -0.620555 0.482702
v 6.006238 -0.620555 -0.482701
v 6.039817 -0.596423 0.482702
v 6.039817 -0.596423 -0.482701
v 6.076153 -0.577912 0.482702
v 6.076153 -0.577912 -0.482701
v 6.114841 -0.564874 0.482702
v 6.114841 -0.564874 -0.482701
v 6.155476 -0.557160 0.482702
v 6.155476 -0.557160 -0.482701
v 6.197650 -0.554622 0.482702
v 6.197650 -0.554622 -0.482701
v 6.240265 -0.555791 0.482702
v 6.240265 -0.555791 -0.482701
v 6.280746 -0.559433 0.482702
v 6.280746 -0.559433 -0.482701
v 6.319389 -0.565750 0.482702
v 6.319389 -0.565750 -0.482701
v 6.356491 -0.574946 0.482702
v 6.356491 -0.574946 -0.482701
v 6.392350 -0.587222 0.482702
v 6.392350 -0.587222 -0.482701
v 6.427263 -0.602783 0.482702
v 6.427263 -0.602783 -0.482701
v 6.461528 -0.621829 0.482702
v 6.461528 -0.621829 -0.482701
v 6.495441 -0.644565 0.482702
v 6.495441 -0.644565 -0.482701
v 6.529300 -0.671193 0.482702
v 6.529300 -0.671193 -0.482701
v 6.563403 -0.701914 0.482702
v 6.563403 -0.701914 -0.482701
v 6.598046 -0.736933 0.482702
v 6.598046 -0.736933 -0.482701
v 6.633526 -0.776452 0.482702
v 6.633526 -0.776452 -0.482701
v 6.633526 -2.045164 0.482702
v 6.633526 -2.045164 -0.482701
v 6.979892 -2.045164 0.482702
v 6.979892 -2.045164 -0.482701
v 6.979892 -0.297766 0.482702
v 6.979892 -0.297766 -0.482701
v 6.633526 -0.297766 0.482702
v 6.633526 -0.297766 -0.482701
v 2.556580 -1.907417 0.482703
v 2.556580 -1.907417 -0.482701
v 2.608406 -1.937853 0.482703
v 2.608406 -1.937853 -0.482701
v 2.660287 -1.965261 0.482703
v 2.660287 -1.965262 -0.482701
v 2.712655 -1.989671 0.482703
v 2.712655 -1.989671 -0.482701
v 2.765942 -2.011107 0.482703
v 2.765942 -2.011107 -0.482701
v 2.820579 -2.029597 0.482703
v 2.820579 -2.029597 -0.482701
v 2.877001 -2.045169 0.482703
v 2.877001 -2.045169 -0.482701
v 2.935638 -2.057848 0.482703
v 2.935638 -2.057848 -0.482701
v 2.996924 -2.067663 0.482703
v 2.996924 -2.067663 -0.482701
v 3.061292 -2.074641 0.482703
v 3.061292 -2.074641 -0.482701
v 3.129172 -2.078807 0.482703
v 3.129172 -2.078807 -0.482701
v 3.200998 -2.080190 0.482702
v 3.200998 -2.080190 -0.482701
v 3.332147 -2.071105 0.482702
v 3.332147 -2.071105 -0.482701
v 3.453026 -2.044804 0.482702
v 3.453026 -2.044804 -0.482701
v 3.563418 -2.002720 0.482702
v 3.563418 -2.002720 -0.482701
v 3.663109 -1.946285 0.482702
v 3.663109 -1.946285 -0.482701
v 3.751881 -1.876931 0.482702
v 3.751881 -1.876931 -0.482701
v 3.829517 -1.796092 0.482702
v 3.829517 -1.796092 -0.482701
v 3.895803 -1.705199 0.482702
v 3.895803 -1.705199 -0.482701
v 3.950522 -1.605684 0.482702
v 3.950522 -1.605684 -0.482701
v 3.993458 -1.498981 0.482702
v 3.993458 -1.498981 -0.482701
v 4.024394 -1.386521 0.482702
v 4.024394 -1.386521 -0.482701
v 4.043114 -1.269737 0.482702
v 4.043114 -1.269737 -0.482701
v 4.049401 -1.150061 0.482702
v 4.049401 -1.150061 -0.482701
v 4.042537 -1.021417 0.482702
v 4.042537 -1.021417 -0.482701
v 4.022375 -0.900556 0.482702
v 4.022375 -0.900556 -0.482701
v 3.989565 -0.788128 0.482702
v 3.989565 -0.788128 -0.482701
v 3.944756 -0.684780 0.482702
v 3.944756 -0.684780 -0.482701
v 3.888596 -0.591162 0.482702
v 3.888596 -0.591162 -0.482701
v 3.821733 -0.507921 0.482702
v 3.821733 -0.507921 -0.482701
v 3.744817 -0.435708 0.482702
v 3.744817 -0.435708 -0.482701
v 3.658495 -0.375169 0.482702
v 3.658495 -0.375169 -0.482701
v 3.563417 -0.326955 0.482702
v 3.563417 -0.326955 -0.482701
v 3.460233 -0.291713 0.482702
v 3.460233 -0.291713 -0.482701
v 3.349588 -0.270092 0.482702
v 3.349588 -0.270092 -0.482701
v 3.232133 -0.262741 0.482702
v 3.232133 -0.262741 -0.482701
v 3.119914 -0.269317 0.482702
v 3.119914 -0.269317 -0.482701
v 3.015114 -0.289082 0.482702
v 3.015114 -0.289082 -0.482701
v 2.918178 -0.322090 0.482702
v 2.918178 -0.322090 -0.482701
v 2.829553 -0.368395 0.482702
v 2.829553 -0.368395 -0.482701
v 2.749683 -0.428050 0.482702
v 2.749683 -0.428050 -0.482701
v 2.679017 -0.501111 0.482702
v 2.679017 -0.501111 -0.482701
v 2.617999 -0.587630 0.482702
v 2.617999 -0.587630 -0.482701
v 2.567075 -0.687663 0.482702
v 2.567075 -0.687663 -0.482701
v 2.526691 -0.801262 0.482703
v 2.526691 -0.801262 -0.482701
v 2.497293 -0.928483 0.482703
v 2.497293 -0.928483 -0.482701
v 2.479328 -1.069379 0.482703
v 2.479328 -1.069379 -0.482701
v 2.473241 -1.224004 0.482703
v 2.473241 -1.224004 -0.482701
v 3.703034 -1.224004 0.482702
v 3.703034 -1.224004 -0.482701
v 3.686419 -1.307102 0.482702
v 3.686419 -1.307102 -0.482701
v 3.663830 -1.383188 0.482702
v 3.663830 -1.383188 -0.482701
v 3.635295 -1.452219 0.482702
v 3.635295 -1.452219 -0.482701
v 3.600842 -1.514156 0.482702
v 3.600842 -1.514156 -0.482701
v 3.560495 -1.568958 0.482702
v 3.560495 -1.568958 -0.482701
v 3.514286 -1.616585 0.482702
v 3.514286 -1.616585 -0.482701
v 3.462238 -1.656995 0.482702
v 3.462238 -1.656995 -0.482701
v 3.404381 -1.690150 0.482702
v 3.404381 -1.690150 -0.482701
v 3.340738 -1.716007 0.482702
v 3.340738 -1.716007 -0.482701
v 3.271339 -1.734526 0.482702
v 3.271339 -1.734527 -0.482701
v 3.196211 -1.745668 0.482702
v 3.196211 -1.745668 -0.482701
v 3.115379 -1.749391 0.482702
v 3.115379 -1.749391 -0.482701
v 3.063076 -1.747783 0.482702
v 3.063076 -1.747783 -0.482701
v 3.011204 -1.743013 0.482702
v 3.011204 -1.743013 -0.482701
v 2.959709 -1.735162 0.482703
v 2.959709 -1.735162 -0.482701
v 2.908541 -1.724311 0.482703
v 2.908541 -1.724311 -0.482701
v 2.857641 -1.710541 0.482703
v 2.857641 -1.710541 -0.482701
v 2.806959 -1.693933 0.482703
v 2.806959 -1.693933 -0.482701
v 2.756438 -1.674569 0.482703
v 2.756438 -1.674569 -0.482701
v 2.706025 -1.652529 0.482703
v 2.706025 -1.652529 -0.482701
v 2.655667 -1.627895 0.482703
v 2.655667 -1.627895 -0.482701
v 2.605309 -1.600747 0.482703
v 2.605309 -1.600747 -0.482701
v 2.554895 -1.571167 0.482703
v 2.554895 -1.571167 -0.482701
v 2.504375 -1.539236 0.482703
v 2.504375 -1.539236 -0.482701
v 2.504375 -1.873927 0.482703
v 2.504375 -1.873927 -0.482701
v 2.821526 -0.930298 0.482702
v 2.821526 -0.930298 -0.482701
v 2.833012 -0.870503 0.482702
v 2.833012 -0.870503 -0.482701
v 2.850011 -0.815248 0.482702
v 2.850011 -0.815248 -0.482701
v 2.872361 -0.764777 0.482702
v 2.872361 -0.764777 -0.482701
v 2.899901 -0.719333 0.482702
v 2.899901 -0.719333 -0.482701
v 2.932467 -0.679159 0.482702
v 2.932467 -0.679159 -0.482701
v 2.969898 -0.644498 0.482702
v 2.969898 -0.644498 -0.482701
v 3.012032 -0.615593 0.482702
v 3.012032 -0.615593 -0.482701
v 3.058706 -0.592689 0.482702
v 3.058706 -0.592689 -0.482701
v 3.109758 -0.576027 0.482702
v 3.109758 -0.576027 -0.482701
v 3.165027 -0.565852 0.482702
v 3.165027 -0.565852 -0.482701
v 3.224349 -0.562406 0.482702
v 3.224349 -0.562406 -0.482701
v 3.288318 -0.565628 0.482702
v 3.288318 -0.565628 -0.482701
v 3.347878 -0.575216 0.482702
v 3.347878 -0.575216 -0.482701
v 3.403007 -0.591046 0.482702
v 3.403007 -0.591046 -0.482701
v 3.453675 -0.612998 0.482702
v 3.453675 -0.612998 -0.482701
v 3.499858 -0.640950 0.482702
v 3.499858 -0.640950 -0.482701
v 3.541528 -0.674780 0.482702
v 3.541528 -0.674780 -0.482701
v 3.578657 -0.714367 0.482702
v 3.578657 -0.714367 -0.482701
v 3.611218 -0.759588 0.482702
v 3.611218 -0.759588 -0.482701
v 3.639186 -0.810323 0.482702
v 3.639186 -0.810323 -0.482701
v 3.662532 -0.866449 0.482702
v 3.662532 -0.866449 -0.482701
v 3.681230 -0.927846 0.482702
v 3.681230 -0.927846 -0.482701
v 3.695251 -0.994390 0.482702
v 3.695251 -0.994390 -0.482701
v 2.815715 -0.994390 0.482702
v 2.815715 -0.994390 -0.482701
v 1.753266 -0.527380 0.482703
v 1.753266 -0.527380 -0.482701
v 1.718925 -0.487019 0.482703
v 1.718925 -0.487019 -0.482701
v 1.682206 -0.449671 0.482703
v 1.682206 -0.449671 -0.482701
v 1.643325 -0.415431 0.482703
v 1.643325 -0.415431 -0.482701
v 1.602498 -0.384394 0.482703
v 1.602498 -0.384394 -0.482701
v 1.559940 -0.356654 0.482703
v 1.559940 -0.356654 -0.482701
v 1.515870 -0.332306 0.482703
v 1.515870 -0.332306 -0.482701
v 1.470502 -0.311444 0.482703
v 1.470502 -0.311444 -0.482701
v 1.424052 -0.294163 0.482703
v 1.424052 -0.294163 -0.482701
v 1.376739 -0.280558 0.482703
v 1.376739 -0.280558 -0.482701
v 1.328776 -0.270722 0.482703
v 1.328776 -0.270722 -0.482701
v 1.280382 -0.264752 0.482703
v 1.280382 -0.264752 -0.482701
v 1.231771 -0.262741 0.482703
v 1.231771 -0.262741 -0.482701
v 1.150563 -0.267459 0.482703
v 1.150563 -0.267459 -0.482701
v 1.072803 -0.281677 0.482703
v 1.072803 -0.281677 -0.482701
v 0.999176 -0.305489 0.482703
v 0.999176 -0.305489 -0.482701
v 0.930375 -0.338990 0.482703
v 0.930375 -0.338990 -0.482700
v 0.867086 -0.382275 0.482703
v 0.867086 -0.382275 -0.482700
v 0.810000 -0.435437 0.482703
v 0.810000 -0.435437 -0.482700
v 0.759807 -0.498573 0.482703
v 0.759807 -0.498573 -0.482700
v 0.717194 -0.571775 0.482703
v 0.717194 -0.571775 -0.482700
v 0.682851 -0.655139 0.482703
v 0.682851 -0.655139 -0.482700
v 0.657466 -0.748760 0.482703
v 0.657466 -0.748760 -0.482700
v 0.641730 -0.852731 0.482703
v 0.641730 -0.852731 -0.482700
v 0.636333 -0.967148 0.482703
v 0.636333 -0.967148 -0.482700
v 0.636333 -2.045164 0.482703
v 0.636333 -2.045164 -0.482700
v 0.982699 -2.045164 0.482703
v 0.982699 -2.045164 -0.482700
v 0.982699 -0.963256 0.482703
v 0.982699 -0.963256 -0.482700
v 0.985425 -0.900952 0.482703
v 0.985425 -0.900952 -0.482700
v 0.993474 -0.842648 0.482703
v 0.993474 -0.842648 -0.482700
v 1.006659 -0.788614 0.482703
v 1.006659 -0.788614 -0.482700
v 1.024788 -0.739120 0.482703
v 1.024788 -0.739120 -0.482700
v 1.047675 -0.694437 0.482703
v 1.047675 -0.694437 -0.482700
v 1.075129 -0.654835 0.482703
v 1.075129 -0.654835 -0.482700
v 1.106961 -0.620584 0.482703
v 1.106961 -0.620584 -0.482701
v 1.142982 -0.591954 0.482703
v 1.142982 -0.591954 -0.482701
v 1.183003 -0.569216 0.482703
v 1.183003 -0.569216 -0.482701
v 1.226834 -0.552640 0.482703
v 1.226834 -0.552640 -0.482701
v 1.274287 -0.542497 0.482703
v 1.274287 -0.542497 -0.482701
v 1.325172 -0.539055 0.482703
v 1.325172 -0.539055 -0.482701
v 1.362511 -0.540539 0.482703
v 1.362511 -0.540539 -0.482701
v 1.398809 -0.545091 0.482703
v 1.398809 -0.545091 -0.482701
v 1.434324 -0.552859 0.482703
v 1.434324 -0.552859 -0.482701
v 1.469312 -0.563991 0.482703
v 1.469312 -0.563991 -0.482701
v 1.504029 -0.578637 0.482703
v 1.504029 -0.578637 -0.482701
v 1.538733 -0.596945 0.482703
v 1.538733 -0.596945 -0.482701
v 1.573680 -0.619064 0.482703
v 1.573680 -0.619064 -0.482701
v 1.609128 -0.645142 0.482703
v 1.609128 -0.645142 -0.482701
v 1.645331 -0.675327 0.482703
v 1.645331 -0.675327 -0.482701
v 1.682548 -0.709770 0.482703
v 1.682548 -0.709770 -0.482701
v 1.721035 -0.748618 0.482703
v 1.721035 -0.748618 -0.482701
v 1.761049 -0.792019 0.482703
v 1.761049 -0.792019 -0.482701
v 1.761049 -2.045164 0.482703
v 1.761049 -2.045164 -0.482700
v 2.107415 -2.045164 0.482703
v 2.107415 -2.045164 -0.482701
v 2.107415 -0.297766 0.482703
v 2.107415 -0.297766 -0.482701
v 1.761049 -0.297766 0.482703
v 1.761049 -0.297766 -0.482701
v 1.761049 -0.527380 0.482703
v 1.761049 -0.527380 -0.482701
v -0.803617 -0.297766 0.482703
v -0.803617 -0.297766 -0.482700
v -0.803617 -0.609107 0.482703
v -0.803617 -0.609107 -0.482700
v -0.250988 -0.609107 0.482703
v -0.250988 -0.609107 -0.482700
v -0.250988 -1.504210 0.482703
v -0.250988 -1.504210 -0.482700
v -0.253956 -1.552747 0.482703
v -0.253956 -1.552747 -0.482700
v -0.262410 -1.595432 0.482703
v -0.262410 -1.595432 -0.482700
v -0.275676 -1.632577 0.482703
v -0.275676 -1.632577 -0.482700
v -0.293077 -1.664493 0.482703
v -0.293077 -1.664493 -0.482700
v -0.313936 -1.691490 0.482703
v -0.313936 -1.691490 -0.482700
v -0.337579 -1.713879 0.482703
v -0.337579 -1.713879 -0.482700
v -0.363330 -1.731970 0.482703
v -0.363330 -1.731970 -0.482700
v -0.390513 -1.746076 0.482703
v -0.390513 -1.746076 -0.482700
v -0.418454 -1.756505 0.482703
v -0.418454 -1.756505 -0.482700
v -0.446476 -1.763570 0.482703
v -0.446476 -1.763571 -0.482700
v -0.473903 -1.767582 0.482703
v -0.473903 -1.767582 -0.482700
v -0.500059 -1.768850 0.482703
v -0.500059 -1.768850 -0.482700
v -0.531280 -1.767958 0.482703
v -0.531280 -1.767958 -0.482700
v -0.562689 -1.765282 0.482703
v -0.562689 -1.765282 -0.482700
v -0.594314 -1.760823 0.482703
v -0.594314 -1.760823 -0.482700
v -0.626183 -1.754580 0.482703
v -0.626183 -1.754580 -0.482700
v -0.658320 -1.746553 0.482703
v -0.658320 -1.746553 -0.482700
v -0.690757 -1.736742 0.482703
v -0.690757 -1.736743 -0.482700
v -0.723516 -1.725148 0.482703
v -0.723516 -1.725148 -0.482700
v -0.756628 -1.711771 0.482703
v -0.756628 -1.711771 -0.482700
v -0.790118 -1.696609 0.482703
v -0.790118 -1.696609 -0.482700
v -0.824013 -1.679664 0.482703
v -0.824013 -1.679664 -0.482700
v -0.858340 -1.660934 0.482703
v -0.858340 -1.660934 -0.482700
v -0.893126 -1.640422 0.482703
v -0.893126 -1.640422 -0.482700
v -0.893126 -1.963437 0.482703
v -0.893126 -1.963437 -0.482700
v -0.861670 -1.979633 0.482703
v -0.861670 -1.979633 -0.482700
v -0.827940 -1.995058 0.482703
v -0.827940 -1.995058 -0.482700
v -0.792428 -2.009591 0.482703
v -0.792428 -2.009591 -0.482700
v -0.755619 -2.023111 0.482703
v -0.755619 -2.023111 -0.482700
v -0.717999 -2.035496 0.482703
v -0.717999 -2.035496 -0.482700
v -0.680055 -2.046623 0.482703
v -0.680055 -2.046623 -0.482700
v -0.642272 -2.056373 0.482703
v -0.642272 -2.056373 -0.482700
v -0.605138 -2.064623 0.482703
v -0.605138 -2.064623 -0.482700
v -0.569139 -2.071251 0.482703
v -0.569139 -2.071251 -0.482700
v -0.534761 -2.076136 0.482703
v -0.534761 -2.076136 -0.482700
v -0.502492 -2.079156 0.482703
v -0.502492 -2.079156 -0.482700
v -0.472817 -2.080190 0.482703
v -0.472817 -2.080190 -0.482700
v -0.382337 -2.075413 0.482703
v -0.382337 -2.075413 -0.482700
v -0.299652 -2.061434 0.482703
v -0.299652 -2.061434 -0.482700
v -0.224779 -2.038779 0.482703
v -0.224779 -2.038779 -0.482700
v -0.157729 -2.007976 0.482703
v -0.157729 -2.007976 -0.482700
v -0.098517 -1.969552 0.482703
v -0.098517 -1.969552 -0.482700
v -0.047156 -1.924033 0.482703
v -0.047156 -1.924033 -0.482700
v -0.003660 -1.871947 0.482703
v -0.003660 -1.871947 -0.482700
v 0.031958 -1.813821 0.482703
v 0.031958 -1.813821 -0.482700
v 0.059685 -1.750181 0.482703
v 0.059685 -1.750181 -0.482700
v 0.079506 -1.681555 0.482703
v 0.079506 -1.681555 -0.482700
v 0.091408 -1.608470 0.482703
v 0.091408 -1.608470 -0.482700
v 0.095379 -1.531453 0.482703
v 0.095379 -1.531453 -0.482700
v 0.095379 -0.609107 0.482703
v 0.095379 -0.609107 -0.482700
v 0.398935 -0.609107 0.482703
v 0.398935 -0.609107 -0.482700
v 0.398935 -0.570189 0.482703
v 0.398935 -0.570189 -0.482700
v -0.250988 0.064167 0.482703
v -0.250988 0.064167 -0.482700
v -0.250988 -0.297766 0.482703
v -0.250988 -0.297766 -0.482700
v -2.109566 -0.718632 0.482703
v -2.109566 -0.718632 -0.482700
v -2.061822 -0.691068 0.482703
v -2.061822 -0.691068 -0.482700
v -2.014863 -0.666449 0.482703
v -2.014863 -0.666449 -0.482700
v -1.968835 -0.644709 0.482703
v -1.968835 -0.644709 -0.482700
v -1.923889 -0.625780 0.482703
v -1.923889 -0.625780 -0.482700
v -1.880172 -0.609593 0.482703
v -1.880172 -0.609593 -0.482700
v -1.837833 -0.596082 0.482703
v -1.837833 -0.596082 -0.482700
v -1.797022 -0.585180 0.482703
v -1.797022 -0.585180 -0.482700
v -1.757886 -0.576817 0.482703
v -1.757886 -0.576817 -0.482700
v -1.720575 -0.570928 0.482703
v -1.720575 -0.570928 -0.482700
v -1.685236 -0.567444 0.482703
v -1.685236 -0.567444 -0.482700
v -1.652019 -0.566298 0.482703
v -1.652019 -0.566298 -0.482700
v -1.618068 -0.567654 0.482703
v -1.618068 -0.567654 -0.482700
v -1.586362 -0.571631 0.482703
v -1.586362 -0.571631 -0.482700
v -1.557034 -0.578095 0.482703
v -1.557034 -0.578095 -0.482700
v -1.530219 -0.586910 0.482703
v -1.530219 -0.586910 -0.482700
v -1.506054 -0.597941 0.482703
v -1.506054 -0.597941 -0.482700
v -1.484673 -0.611053 0.482703
v -1.484673 -0.611053 -0.482700
v -1.466208 -0.626111 0.482703
v -1.466208 -0.626111 -0.482700
v -1.450800 -0.642980 0.482703
v -1.450800 -0.642980 -0.482700
v -1.438580 -0.661524 0.482703
v -1.438580 -0.661524 -0.482700
v -1.429683 -0.681609 0.482703
v -1.429683 -0.681609 -0.482700
v -1.424247 -0.703099 0.482703
v -1.424247 -0.703099 -0.482700
v -1.422405 -0.725860 0.482703
v -1.422405 -0.725860 -0.482700
v -1.424881 -0.745683 0.482703
v -1.424881 -0.745683 -0.482700
v -1.432477 -0.766399 0.482703
v -1.432477 -0.766399 -0.482700
v -1.445452 -0.788249 0.482703
v -1.445452 -0.788249 -0.482700
v -1.464061 -0.811478 0.482703
v -1.464061 -0.811478 -0.482700
v -1.488562 -0.836329 0.482703
v -1.488562 -0.836329 -0.482700
v -1.519212 -0.863044 0.482703
v -1.519212 -0.863044 -0.482700
v -1.556268 -0.891867 0.482703
v -1.556268 -0.891867 -0.482700
v -1.599985 -0.923042 0.482703
v -1.599985 -0.923042 -0.482700
v -1.650620 -0.956811 0.482703
v -1.650620 -0.956811 -0.482700
v -1.708431 -0.993418 0.482703
v -1.708431 -0.993418 -0.482700
v -1.773675 -1.033105 0.482703
v -1.773675 -1.033105 -0.482700
v -1.846607 -1.076117 0.482703
v -1.846607 -1.076117 -0.482700
v -1.914839 -1.122406 0.482703
v -1.914839 -1.122406 -0.482700
v -1.975719 -1.166222 0.482703
v -1.975719 -1.166222 -0.482700
v -2.029519 -1.208011 0.482703
v -2.029519 -1.208011 -0.482700
v -2.076509 -1.248219 0.482703
v -2.076509 -1.248219 -0.482700
v -2.116957 -1.287292 0.482703
v -2.116957 -1.287292 -0.482700
v -2.151136 -1.325676 0.482703
v -2.151136 -1.325676 -0.482700
v -2.179316 -1.363816 0.482703
v -2.179316 -1.363816 -0.482700
v -2.201765 -1.402160 0.482703
v -2.201765 -1.402160 -0.482700
v -2.218756 -1.441152 0.482703
v -2.218756 -1.441152 -0.482700
v -2.230556 -1.481238 0.482703
v -2.230556 -1.481238 -0.482700
v -2.237440 -1.522865 0.482703
v -2.237440 -1.522865 -0.482700
v -2.239674 -1.566478 0.482703
v -2.239674 -1.566478 -0.482700
v -2.234661 -1.641172 0.482703
v -2.234661 -1.641172 -0.482700
v -2.219984 -1.711284 0.482703
v -2.219984 -1.711284 -0.482700
v -2.196199 -1.776451 0.482703
v -2.196199 -1.776451 -0.482700
v -2.163858 -1.836307 0.482703
v -2.163858 -1.836307 -0.482700
v -2.123520 -1.890487 0.482703
v -2.123520 -1.890487 -0.482700
v -2.075734 -1.938627 0.482703
v -2.075734 -1.938627 -0.482700
v -2.021059 -1.980362 0.482703
v -2.021059 -1.980362 -0.482700
v -1.960044 -2.015327 0.482703
v -1.960044 -2.015327 -0.482700
v -1.893247 -2.043157 0.482703
v -1.893247 -2.043157 -0.482700
v -1.821220 -2.063488 0.482703
v -1.821220 -2.063488 -0.482700
v -1.744517 -2.075953 0.482703
v -1.744517 -2.075953 -0.482700
v -1.663693 -2.080190 0.482703
v -1.663693 -2.080190 -0.482700
v -1.611094 -2.079280 0.482703
v -1.611094 -2.079280 -0.482700
v -1.560076 -2.076478 0.482703
v -1.560076 -2.076478 -0.482700
v -1.510273 -2.071677 0.482703
v -1.510273 -2.071677 -0.482700
v -1.461322 -2.064767 0.482703
v -1.461322 -2.064767 -0.482700
v -1.412857 -2.055641 0.482703
v -1.412857 -2.055641 -0.482700
v -1.364514 -2.044191 0.482703
v -1.364514 -2.044191 -0.482700
v -1.315928 -2.030309 0.482703
v -1.315928 -2.030309 -0.482700
v -1.266734 -2.013886 0.482703
v -1.266734 -2.013886 -0.482700
v -1.216567 -1.994815 0.482703
v -1.216567 -1.994815 -0.482700
v -1.165062 -1.972986 0.482703
v -1.165062 -1.972986 -0.482700
v -1.111855 -1.948294 0.482703
v -1.111855 -1.948294 -0.482700
v -1.056580 -1.920628 0.482703
v -1.056580 -1.920628 -0.482700
v -1.056580 -1.547019 0.482703
v -1.056580 -1.547020 -0.482700
v -1.112578 -1.584239 0.482703
v -1.112578 -1.584239 -0.482700
v -1.167603 -1.618080 0.482703
v -1.167603 -1.618080 -0.482700
v -1.221494 -1.648570 0.482703
v -1.221494 -1.648570 -0.482700
v -1.274086 -1.675736 0.482703
v -1.274086 -1.675736 -0.482700
v -1.325220 -1.699604 0.482703
v -1.325220 -1.699604 -0.482700
v -1.374732 -1.720203 0.482703
v -1.374732 -1.720203 -0.482700
v -1.422460 -1.737558 0.482703
v -1.422460 -1.737558 -0.482700
v -1.468242 -1.751697 0.482703
v -1.468242 -1.751697 -0.482700
v -1.511915 -1.762647 0.482703
v -1.511915 -1.762647 -0.482700
v -1.553320 -1.770435 0.482703
v -1.553320 -1.770435 -0.482700
v -1.592291 -1.775088 0.482703
v -1.592291 -1.775088 -0.482700
v -1.628668 -1.776633 0.482703
v -1.628668 -1.776633 -0.482700
v -1.663155 -1.773471 0.482703
v -1.663155 -1.773471 -0.482700
v -1.696342 -1.767877 0.482703
v -1.696342 -1.767877 -0.482700
v -1.727909 -1.759850 0.482703
v -1.727909 -1.759850 -0.482700
v -1.757530 -1.749391 0.482703
v -1.757530 -1.749391 -0.482700
v -1.784880 -1.736499 0.482703
v -1.784880 -1.736499 -0.482700
v -1.809635 -1.721176 0.482703
v -1.809635 -1.721176 -0.482700
v -1.831471 -1.703419 0.482703
v -1.831471 -1.703419 -0.482700
v -1.850066 -1.683231 0.482703
v -1.850066 -1.683231 -0.482700
v -1.865092 -1.660610 0.482703
v -1.865092 -1.660610 -0.482700
v -1.876226 -1.635557 0.482703
v -1.876226 -1.635557 -0.482700
v -1.883144 -1.608071 0.482703
v -1.883144 -1.608072 -0.482700
v -1.885524 -1.578154 0.482703
v -1.885524 -1.578154 -0.482700
v -1.869442 -1.519919 0.482703
v -1.869442 -1.519919 -0.482700
v -1.824984 -1.464806 0.482703
v -1.824984 -1.464806 -0.482700
v -1.757825 -1.411234 0.482703
v -1.757825 -1.411234 -0.482700
v -1.673639 -1.357621 0.482703
v -1.673639 -1.357621 -0.482700
v -1.578102 -1.302386 0.482703
v -1.578102 -1.302386 -0.482700
v -1.476890 -1.243949 0.482703
v -1.476890 -1.243949 -0.482700
v -1.375677 -1.180728 0.482703
v -1.375677 -1.180728 -0.482700
v -1.280140 -1.111143 0.482703
v -1.280140 -1.111143 -0.482700
v -1.195953 -1.033612 0.482703
v -1.195953 -1.033612 -0.482700
v -1.128794 -0.946554 0.482703
v -1.128794 -0.946554 -0.482700
v -1.084336 -0.848389 0.482703
v -1.084336 -0.848389 -0.482700
v -1.068255 -0.737535 0.482703
v -1.068255 -0.737535 -0.482700
v -1.072900 -0.666060 0.482703
v -1.072900 -0.666060 -0.482700
v -1.086598 -0.599666 0.482703
v -1.086598 -0.599666 -0.482700
v -1.108998 -0.538569 0.482703
v -1.108998 -0.538569 -0.482700
v -1.139750 -0.482985 0.482703
v -1.139750 -0.482985 -0.482700
v -1.178500 -0.433131 0.482703
v -1.178500 -0.433131 -0.482700
v -1.224899 -0.389223 0.482703
v -1.224899 -0.389223 -0.482700
v -1.278596 -0.351476 0.482703
v -1.278596 -0.351476 -0.482700
v -1.339237 -0.320108 0.482703
v -1.339237 -0.320108 -0.482700
v -1.406473 -0.295334 0.482703
v -1.406473 -0.295334 -0.482700
v -1.479953 -0.277371 0.482703
v -1.479953 -0.277371 -0.482700
v -1.559323 -0.266434 0.482703
v -1.559323 -0.266434 -0.482700
v -1.644235 -0.262741 0.482703
v -1.644235 -0.262741 -0.482700
v -1.685184 -0.263716 0.482703
v -1.685184 -0.263716 -0.482700
v -1.726338 -0.266650 0.482703
v -1.726338 -0.266650 -0.482700
v -1.767736 -0.271558 0.482703
v -1.767736 -0.271558 -0.482700
v -1.809418 -0.278452 0.482703
v -1.809418 -0.278452 -0.482700
v -1.851422 -0.287346 0.482703
v -1.851422 -0.287346 -0.482700
v -1.893793 -0.298253 0.482703
v -1.893793 -0.298253 -0.482700
v -1.936569 -0.311187 0.482703
v -1.936569 -0.311187 -0.482700
v -1.979791 -0.326162 0.482703
v -1.979791 -0.326162 -0.482700
v -2.023499 -0.343191 0.482703
v -2.023499 -0.343191 -0.482700
v -2.067735 -0.362287 0.482703
v -2.067735 -0.362287 -0.482700
v -2.112537 -0.383464 0.482703
v -2.112537 -0.383464 -0.482700
v -2.157948 -0.406736 0.482703
v -2.157948 -0.406736 -0.482700
v -2.157948 -0.749210 0.482703
v -2.157948 -0.749210 -0.482700
v -5.683874 -2.045164 0.482703
v -5.683874 -2.045164 -0.482700
v -5.329725 -1.262922 0.482703
v -5.329725 -1.262922 -0.482700
v -4.201117 -1.262922 0.482703
v -4.201117 -1.262922 -0.482700
v -3.866426 -2.045164 0.482703
v -3.866426 -2.045164 -0.482700
v -3.477251 -2.045164 0.482703
v -3.477251 -2.045164 -0.482700
v -4.617535 0.624579 0.482703
v -4.617535 0.624579 -0.482700
v -4.886065 0.624579 0.482703
v -4.886065 0.624579 -0.482700
v -6.073050 -2.045164 0.482703
v -6.073050 -2.045164 -0.482700
v -5.174055 -0.920447 0.482703
v -5.174055 -0.920447 -0.482700
v -4.745964 0.040816 0.482703
v -4.745964 0.040816 -0.482700
v -4.349003 -0.920447 0.482703
v -4.349003 -0.920447 -0.482700
v -8.501505 -0.297766 0.482703
v -8.501505 -0.297766 -0.482700
v -8.871220 -0.297766 0.482703
v -8.871220 -0.297766 -0.482700
v -8.100653 -2.080190 0.482704
v -8.100653 -2.080190 -0.482700
v -7.991684 -2.080190 0.482703
v -7.991684 -2.080190 -0.482700
v -7.474081 -0.858179 0.482703
v -7.474081 -0.858179 -0.482700
v -6.960371 -2.080190 0.482703
v -6.960371 -2.080190 -0.482700
v -6.851400 -2.080190 0.482703
v -6.851400 -2.080190 -0.482700
v -6.073050 -0.297766 0.482703
v -6.073050 -0.297766 -0.482700
v -6.442766 -0.297766 0.482703
v -6.442766 -0.297766 -0.482700
v -6.901993 -1.356324 0.482703
v -6.901993 -1.356324 -0.482700
v -7.345654 -0.297766 0.482703
v -7.345654 -0.297766 -0.482700
v -7.602510 -0.297766 0.482703
v -7.602510 -0.297766 -0.482700
v -8.046169 -1.356324 0.482703
v -8.046169 -1.356324 -0.482700
v -10.432711 -1.968732 0.482704
v -10.432711 -1.968732 -0.482699
v -10.398104 -1.990553 0.482704
v -10.398104 -1.990553 -0.482699
v -10.366446 -2.009591 0.482704
v -10.366446 -2.009591 -0.482699
v -10.337261 -2.025994 0.482704
v -10.337261 -2.025994 -0.482699
v -10.310074 -2.039910 0.482704
v -10.310074 -2.039910 -0.482699
v -10.284414 -2.051488 0.482704
v -10.284414 -2.051488 -0.482699
v -10.259809 -2.060878 0.482704
v -10.259809 -2.060878 -0.482699
v -10.235785 -2.068226 0.482704
v -10.235785 -2.068226 -0.482699
v -10.211868 -2.073683 0.482704
v -10.211868 -2.073684 -0.482699
v -10.187588 -2.077397 0.482704
v -10.187588 -2.077397 -0.482699
v -10.162468 -2.079516 0.482704
v -10.162468 -2.079516 -0.482699
v -10.136040 -2.080190 0.482704
v -10.136040 -2.080190 -0.482699
v -10.099543 -2.079046 0.482704
v -10.099543 -2.079046 -0.482699
v -10.065899 -2.075577 0.482704
v -10.065899 -2.075577 -0.482699
v -10.035038 -2.069731 0.482704
v -10.035038 -2.069731 -0.482699
v -10.006891 -2.061452 0.482704
v -10.006891 -2.061452 -0.482699
v -9.981396 -2.050686 0.482704
v -9.981396 -2.050686 -0.482699
v -9.958479 -2.037381 0.482704
v -9.958479 -2.037381 -0.482699
v -9.938078 -2.021480 0.482704
v -9.938078 -2.021480 -0.482699
v -9.920122 -2.002931 0.482704
v -9.920122 -2.002931 -0.482699
v -9.904543 -1.981680 0.482704
v -9.904543 -1.981680 -0.482699
v -9.891273 -1.957672 0.482704
v -9.891273 -1.957672 -0.482699
v -9.880249 -1.930853 0.482704
v -9.880249 -1.930853 -0.482699
v -9.871401 -1.901169 0.482704
v -9.871401 -1.901169 -0.482699
v -9.833302 -1.930035 0.482704
v -9.833302 -1.930035 -0.482700
v -9.794903 -1.956320 0.482704
v -9.794903 -1.956320 -0.482700
v -9.756231 -1.980038 0.482704
v -9.756231 -1.980038 -0.482700
v -9.717319 -2.001202 0.482704
v -9.717319 -2.001202 -0.482700
v -9.678190 -2.019825 0.482704
v -9.678190 -2.019825 -0.482700
v -9.638870 -2.035921 0.482704
v -9.638870 -2.035921 -0.482700
v -9.599390 -2.049504 0.482704
v -9.599390 -2.049504 -0.482700
v -9.559772 -2.060587 0.482704
v -9.559772 -2.060587 -0.482700
v -9.520050 -2.069184 0.482704
v -9.520050 -2.069184 -0.482700
v -9.480244 -2.075307 0.482704
v -9.480244 -2.075307 -0.482700
v -9.440384 -2.078971 0.482704
v -9.440384 -2.078971 -0.482700
v -9.400499 -2.080190 0.482704
v -9.400499 -2.080190 -0.482700
v -9.338123 -2.076077 0.482704
v -9.338123 -2.076077 -0.482700
v -9.279606 -2.064154 0.482704
v -9.279606 -2.064154 -0.482700
v -9.225252 -2.045043 0.482704
v -9.225252 -2.045043 -0.482700
v -9.175356 -2.019363 0.482704
v -9.175356 -2.019363 -0.482700
v -9.130217 -1.987738 0.482704
v -9.130217 -1.987738 -0.482700
v -9.090134 -1.950789 0.482704
v -9.090134 -1.950789 -0.482700
v -9.055399 -1.909137 0.482704
v -9.055399 -1.909137 -0.482700
v -9.026316 -1.863405 0.482704
v -9.026316 -1.863405 -0.482700
v -9.003176 -1.814213 0.482704
v -9.003176 -1.814213 -0.482700
v -8.986279 -1.762183 0.482704
v -8.986279 -1.762183 -0.482700
v -8.975924 -1.707937 0.482704
v -8.975924 -1.707937 -0.482700
v -8.972406 -1.652097 0.482704
v -8.972406 -1.652097 -0.482700
v -8.978771 -1.570395 0.482704
v -8.978771 -1.570395 -0.482700
v -8.997053 -1.497922 0.482704
v -8.997053 -1.497922 -0.482700
v -9.026039 -1.433855 0.482704
v -9.026039 -1.433855 -0.482700
v -9.064510 -1.377368 0.482704
v -9.064510 -1.377368 -0.482700
v -9.111252 -1.327638 0.482704
v -9.111252 -1.327638 -0.482700
v -9.165049 -1.283840 0.482704
v -9.165049 -1.283840 -0.482700
v -9.224680 -1.245150 0.482704
v -9.224680 -1.245150 -0.482700
v -9.288935 -1.210743 0.482704
v -9.288935 -1.210743 -0.482700
v -9.356594 -1.179796 0.482704
v -9.356594 -1.179796 -0.482700
v -9.426443 -1.151484 0.482704
v -9.426443 -1.151484 -0.482700
v -9.497265 -1.124983 0.482704
v -9.497265 -1.124983 -0.482700
v -9.567844 -1.099468 0.482704
v -9.567844 -1.099468 -0.482700
v -9.875292 -0.990499 0.482704
v -9.875292 -0.990499 -0.482700
v -9.875292 -0.897097 0.482704
v -9.875292 -0.897097 -0.482700
v -9.873104 -0.845265 0.482704
v -9.873104 -0.845265 -0.482700
v -9.866537 -0.798650 0.482704
v -9.866537 -0.798650 -0.482700
v -9.855593 -0.757115 0.482704
v -9.855593 -0.757115 -0.482700
v -9.840267 -0.720526 0.482704
v -9.840267 -0.720526 -0.482700
v -9.820564 -0.688748 0.482704
v -9.820564 -0.688748 -0.482700
v -9.796486 -0.661645 0.482704
v -9.796486 -0.661645 -0.482700
v -9.768026 -0.639083 0.482704
v -9.768026 -0.639083 -0.482700
v -9.735189 -0.620926 0.482704
v -9.735189 -0.620926 -0.482700
v -9.697975 -0.607039 0.482704
v -9.697975 -0.607039 -0.482700
v -9.656384 -0.597287 0.482704
v -9.656384 -0.597287 -0.482700
v -9.610411 -0.591535 0.482704
v -9.610411 -0.591535 -0.482700
v -9.560061 -0.589648 0.482704
v -9.560061 -0.589648 -0.482700
v -9.512323 -0.591524 0.482704
v -9.512323 -0.591524 -0.482700
v -9.464533 -0.597197 0.482704
v -9.464533 -0.597197 -0.482700
v -9.416796 -0.606735 0.482704
v -9.416796 -0.606735 -0.482700
v -9.369221 -0.620206 0.482704
v -9.369221 -0.620206 -0.482700
v -9.321917 -0.637676 0.482704
v -9.321917 -0.637676 -0.482700
v -9.274990 -0.659213 0.482704
v -9.274990 -0.659213 -0.482700
v -9.228550 -0.684886 0.482704
v -9.228550 -0.684886 -0.482700
v -9.182705 -0.714761 0.482704
v -9.182705 -0.714761 -0.482700
v -9.137562 -0.748906 0.482704
v -9.137562 -0.748906 -0.482700
v -9.093231 -0.787389 0.482704
v -9.093231 -0.787389 -0.482700
v -9.049818 -0.830277 0.482704
v -9.049818 -0.830277 -0.482700
v -9.007431 -0.877638 0.482704
v -9.007431 -0.877638 -0.482700
v -9.007431 -0.500138 0.482704
v -9.007431 -0.500138 -0.482700
v -9.042624 -0.461948 0.482704
v -9.042624 -0.461948 -0.482700
v -9.080112 -0.427149 0.482704
v -9.080112 -0.427149 -0.482700
v -9.119928 -0.395729 0.482704
v -9.119928 -0.395729 -0.482700
v -9.162094 -0.367674 0.482704
v -9.162094 -0.367674 -0.482700
v -9.206636 -0.342970 0.482704
v -9.206636 -0.342970 -0.482700
v -9.253584 -0.321604 0.482704
v -9.253584 -0.321604 -0.482700
v -9.302965 -0.303561 0.482704
v -9.302965 -0.303561 -0.482700
v -9.354805 -0.288830 0.482704
v -9.354805 -0.288830 -0.482700
v -9.409132 -0.277395 0.482704
v -9.409132 -0.277395 -0.482700
v -9.465973 -0.269245 0.482704
v -9.465973 -0.269245 -0.482700
v -9.525354 -0.264364 0.482704
v -9.525354 -0.264364 -0.482700
v -9.587303 -0.262741 0.482704
v -9.587303 -0.262741 -0.482700
v -9.674181 -0.266493 0.482704
v -9.674181 -0.266493 -0.482700
v -9.757261 -0.277839 0.482704
v -9.757261 -0.277839 -0.482700
v -9.835829 -0.296915 0.482704
v -9.835829 -0.296915 -0.482700
v -9.909164 -0.323856 0.482704
v -9.909164 -0.323856 -0.482700
v -9.976557 -0.358796 0.482704
v -9.976557 -0.358796 -0.482700
v -10.037287 -0.401871 0.482704
v -10.037287 -0.401871 -0.482700
v -10.090639 -0.453216 0.482704
v -10.090639 -0.453216 -0.482700
v -10.135897 -0.512966 0.482704
v -10.135897 -0.512966 -0.482700
v -10.172342 -0.581257 0.482704
v -10.172342 -0.581257 -0.482700
v -10.199265 -0.658222 0.482704
v -10.199265 -0.658222 -0.482700
v -10.215942 -0.743998 0.482704
v -10.215942 -0.743998 -0.482700
v -10.221659 -0.838720 0.482704
v -10.221659 -0.838720 -0.482700
v -10.221659 -1.737715 0.482704
v -10.221659 -1.737716 -0.482699
v -10.222143 -1.753375 0.482704
v -10.222143 -1.753375 -0.482699
v -10.223587 -1.767318 0.482704
v -10.223587 -1.767318 -0.482699
v -10.225977 -1.779613 0.482704
v -10.225977 -1.779613 -0.482699
v -10.229300 -1.790326 0.482704
v -10.229300 -1.790326 -0.482699
v -10.233540 -1.799526 0.482704
v -10.233540 -1.799526 -0.482699
v -10.238686 -1.807281 0.482704
v -10.238686 -1.807281 -0.482699
v -10.244724 -1.813657 0.482704
v -10.244724 -1.813657 -0.482699
v -10.251640 -1.818722 0.482704
v -10.251640 -1.818722 -0.482699
v -10.259422 -1.822544 0.482704
v -10.259422 -1.822544 -0.482699
v -10.268055 -1.825190 0.482704
v -10.268055 -1.825190 -0.482699
v -10.277525 -1.826728 0.482704
v -10.277525 -1.826728 -0.482699
v -10.287819 -1.827226 0.482704
v -10.287819 -1.827226 -0.482699
v -10.297289 -1.826503 0.482704
v -10.297289 -1.826503 -0.482699
v -10.308125 -1.824361 0.482704
v -10.308125 -1.824361 -0.482699
v -10.320230 -1.820841 0.482704
v -10.320230 -1.820841 -0.482699
v -10.333511 -1.815983 0.482704
v -10.333511 -1.815983 -0.482699
v -10.347874 -1.809828 0.482704
v -10.347874 -1.809828 -0.482699
v -10.363222 -1.802416 0.482704
v -10.363222 -1.802416 -0.482699
v -10.379461 -1.793788 0.482704
v -10.379461 -1.793788 -0.482699
v -10.396500 -1.783984 0.482704
v -10.396500 -1.783984 -0.482699
v -10.414240 -1.773045 0.482704
v -10.414240 -1.773045 -0.482699
v -10.432589 -1.761012 0.482704
v -10.432589 -1.761012 -0.482699
v -10.451450 -1.747925 0.482704
v -10.451450 -1.747925 -0.482699
v -10.470732 -1.733824 0.482704
v -10.470732 -1.733824 -0.482699
v -10.470732 -1.943978 0.482704
v -10.470732 -1.943979 -0.482699
v -9.802286 -1.206552 0.482704
v -9.802286 -1.206552 -0.482700
v -9.731659 -1.232274 0.482704
v -9.731659 -1.232274 -0.482700
v -9.664165 -1.258726 0.482704
v -9.664165 -1.258726 -0.482700
v -9.600565 -1.286272 0.482704
v -9.600565 -1.286272 -0.482700
v -9.541611 -1.315278 0.482704
v -9.541611 -1.315278 -0.482700
v -9.488064 -1.346108 0.482704
v -9.488064 -1.346108 -0.482700
v -9.440678 -1.379127 0.482704
v -9.440678 -1.379127 -0.482700
v -9.400211 -1.414700 0.482704
v -9.400211 -1.414700 -0.482700
v -9.367420 -1.453192 0.482704
v -9.367420 -1.453192 -0.482700
v -9.343061 -1.494967 0.482704
v -9.343061 -1.494967 -0.482700
v -9.327890 -1.540391 0.482704
v -9.327890 -1.540391 -0.482700
v -9.322664 -1.589829 0.482704
v -9.322664 -1.589829 -0.482700
v -9.324816 -1.624902 0.482704
v -9.324816 -1.624902 -0.482700
v -9.331116 -1.657989 0.482704
v -9.331116 -1.657989 -0.482700
v -9.341333 -1.688886 0.482704
v -9.341333 -1.688886 -0.482700
v -9.355240 -1.717392 0.482704
v -9.355240 -1.717392 -0.482700
v -9.372606 -1.743303 0.482704
v -9.372606 -1.743303 -0.482700
v -9.393202 -1.766417 0.482704
v -9.393202 -1.766417 -0.482700
v -9.416798 -1.786531 0.482704
v -9.416798 -1.786531 -0.482700
v -9.443165 -1.803443 0.482704
v -9.443165 -1.803443 -0.482700
v -9.472071 -1.816949 0.482704
v -9.472071 -1.816949 -0.482700
v -9.503288 -1.826848 0.482704
v -9.503288 -1.826848 -0.482700
v -9.536587 -1.832935 0.482704
v -9.536587 -1.832935 -0.482700
v -9.571735 -1.835009 0.482704
v -9.571735 -1.835009 -0.482700
v -9.598816 -1.833886 0.482704
v -9.598816 -1.833886 -0.482700
v -9.625572 -1.830559 0.482704
v -9.625572 -1.830559 -0.482700
v -9.652002 -1.825098 0.482704
v -9.652002 -1.825098 -0.482700
v -9.678110 -1.817569 0.482704
v -9.678110 -1.817569 -0.482700
v -9.703894 -1.808040 0.482704
v -9.703894 -1.808040 -0.482700
v -9.729351 -1.796578 0.482704
v -9.729351 -1.796578 -0.482700
v -9.754486 -1.783252 0.482704
v -9.754486 -1.783252 -0.482700
v -9.779295 -1.768129 0.482704
v -9.779295 -1.768129 -0.482700
v -9.803782 -1.751276 0.482704
v -9.803782 -1.751276 -0.482700
v -9.827944 -1.732761 0.482704
v -9.827944 -1.732761 -0.482700
v -9.851780 -1.712651 0.482704
v -9.851780 -1.712651 -0.482700
v -9.875292 -1.691014 0.482704
v -9.875292 -1.691015 -0.482700
v -9.875292 -1.181195 0.482704
v -9.875292 -1.181195 -0.482700
v -12.478876 -2.045164 0.482704
v -12.478876 -2.045164 -0.482699
v -12.011866 -2.045164 0.482704
v -12.011866 -2.045164 -0.482699
v -11.136223 -1.153952 0.482704
v -11.136223 -1.153952 -0.482699
v -11.910681 -0.297766 0.482704
v -11.910681 -0.297766 -0.482699
v -12.323206 -0.297766 0.482704
v -12.323206 -0.297766 -0.482699
v -11.575991 -1.153952 0.482704
v -11.575991 -1.153952 -0.482699
v -10.774288 -2.045164 0.482704
v -10.774288 -2.045164 -0.482699
v -10.774288 0.609012 0.482704
v -10.774288 0.609012 -0.482700
v -11.120655 0.609012 0.482704
v -11.120655 0.609012 -0.482699
v -11.120655 -2.045164 0.482704
v -11.120655 -2.045164 -0.482699
v -14.049534 -1.907417 0.482704
v -14.049534 -1.907417 -0.482699
v -13.997707 -1.937853 0.482704
v -13.997707 -1.937853 -0.482699
v -13.945826 -1.965261 0.482704
v -13.945826 -1.965262 -0.482699
v -13.893459 -1.989671 0.482704
v -13.893459 -1.989671 -0.482699
v -13.840172 -2.011107 0.482704
v -13.840172 -2.011107 -0.482699
v -13.785534 -2.029597 0.482704
v -13.785534 -2.029597 -0.482699
v -13.729111 -2.045169 0.482704
v -13.729111 -2.045169 -0.482699
v -13.670473 -2.057848 0.482704
v -13.670473 -2.057848 -0.482699
v -13.609188 -2.067663 0.482704
v -13.609188 -2.067663 -0.482699
v -13.544821 -2.074641 0.482704
v -13.544821 -2.074641 -0.482699
v -13.476940 -2.078807 0.482704
v -13.476940 -2.078807 -0.482699
v -13.405113 -2.080190 0.482704
v -13.405113 -2.080190 -0.482699
v -13.273964 -2.071105 0.482704
v -13.273964 -2.071105 -0.482699
v -13.153084 -2.044804 0.482704
v -13.153084 -2.044804 -0.482699
v -13.042692 -2.002720 0.482704
v -13.042692 -2.002720 -0.482699
v -12.943003 -1.946285 0.482704
v -12.943003 -1.946285 -0.482699
v -12.854231 -1.876931 0.482704
v -12.854231 -1.876931 -0.482699
v -12.776596 -1.796092 0.482704
v -12.776596 -1.796092 -0.482699
v -12.710308 -1.705199 0.482704
v -12.710308 -1.705199 -0.482699
v -12.655590 -1.605684 0.482704
v -12.655590 -1.605684 -0.482699
v -12.612654 -1.498981 0.482704
v -12.612654 -1.498981 -0.482699
v -12.581718 -1.386521 0.482704
v -12.581718 -1.386521 -0.482699
v -12.562998 -1.269737 0.482704
v -12.562998 -1.269737 -0.482699
v -12.556711 -1.150061 0.482704
v -12.556711 -1.150061 -0.482699
v -12.563578 -1.021417 0.482704
v -12.563578 -1.021417 -0.482699
v -12.583738 -0.900556 0.482704
v -12.583738 -0.900556 -0.482699
v -12.616547 -0.788128 0.482704
v -12.616547 -0.788128 -0.482699
v -12.661356 -0.684780 0.482704
v -12.661356 -0.684780 -0.482699
v -12.717516 -0.591162 0.482704
v -12.717516 -0.591162 -0.482699
v -12.784378 -0.507921 0.482704
v -12.784378 -0.507921 -0.482699
v -12.861294 -0.435708 0.482704
v -12.861294 -0.435708 -0.482699
v -12.947617 -0.375169 0.482704
v -12.947617 -0.375169 -0.482699
v -13.042694 -0.326955 0.482704
v -13.042694 -0.326955 -0.482699
v -13.145880 -0.291713 0.482704
v -13.145880 -0.291713 -0.482699
v -13.256525 -0.270092 0.482704
v -13.256525 -0.270092 -0.482699
v -13.373980 -0.262741 0.482704
v -13.373980 -0.262741 -0.482699
v -13.486198 -0.269317 0.482704
v -13.486198 -0.269317 -0.482699
v -13.590998 -0.289082 0.482704
v -13.590998 -0.289082 -0.482699
v -13.687935 -0.322090 0.482704
v -13.687935 -0.322090 -0.482699
v -13.776560 -0.368395 0.482704
v -13.776560 -0.368395 -0.482699
v -13.856430 -0.428050 0.482704
v -13.856430 -0.428050 -0.482699
v -13.927095 -0.501111 0.482704
v -13.927095 -0.501111 -0.482699
v -13.988113 -0.587630 0.482704
v -13.988113 -0.587630 -0.482699
v -14.039038 -0.687663 0.482704
v -14.039038 -0.687663 -0.482699
v -14.079422 -0.801262 0.482704
v -14.079422 -0.801262 -0.482699
v -14.108820 -0.928483 0.482704
v -14.108820 -0.928483 -0.482699
v -14.126785 -1.069379 0.482704
v -14.126785 -1.069379 -0.482699
v -14.132872 -1.224004 0.482704
v -14.132872 -1.224004 -0.482699
v -12.903078 -1.224004 0.482704
v -12.903078 -1.224004 -0.482699
v -12.919695 -1.307102 0.482704
v -12.919695 -1.307102 -0.482699
v -12.942284 -1.383188 0.482704
v -12.942284 -1.383188 -0.482699
v -12.970819 -1.452219 0.482704
v -12.970819 -1.452219 -0.482699
v -13.005274 -1.514156 0.482704
v -13.005274 -1.514156 -0.482699
v -13.045618 -1.568958 0.482704
v -13.045618 -1.568958 -0.482699
v -13.091829 -1.616585 0.482704
v -13.091829 -1.616585 -0.482699
v -13.143877 -1.656995 0.482704
v -13.143877 -1.656995 -0.482699
v -13.201735 -1.690150 0.482704
v -13.201735 -1.690150 -0.482699
v -13.265377 -1.716007 0.482704
v -13.265377 -1.716007 -0.482699
v -13.334776 -1.734526 0.482704
v -13.334776 -1.734527 -0.482699
v -13.409903 -1.745668 0.482704
v -13.409903 -1.745668 -0.482699
v -13.490734 -1.749391 0.482704
v -13.490734 -1.749391 -0.482699
v -13.543037 -1.747783 0.482704
v -13.543037 -1.747783 -0.482699
v -13.594908 -1.743013 0.482704
v -13.594908 -1.743013 -0.482699
v -13.646400 -1.735162 0.482704
v -13.646400 -1.735162 -0.482699
v -13.697571 -1.724311 0.482704
v -13.697571 -1.724311 -0.482699
v -13.748470 -1.710541 0.482704
v -13.748470 -1.710541 -0.482699
v -13.799154 -1.693933 0.482704
v -13.799154 -1.693933 -0.482699
v -13.849674 -1.674569 0.482704
v -13.849674 -1.674569 -0.482699
v -13.900087 -1.652529 0.482704
v -13.900087 -1.652529 -0.482699
v -13.950447 -1.627895 0.482704
v -13.950447 -1.627895 -0.482699
v -14.000805 -1.600747 0.482704
v -14.000805 -1.600747 -0.482699
v -14.051218 -1.571167 0.482704
v -14.051218 -1.571167 -0.482699
v -14.101738 -1.539236 0.482704
v -14.101738 -1.539236 -0.482699
v -14.101738 -1.873927 0.482704
v -14.101738 -1.873927 -0.482699
v -13.784582 -0.930298 0.482704
v -13.784582 -0.930298 -0.482699
v -13.773098 -0.870503 0.482704
v -13.773098 -0.870503 -0.482699
v -13.756100 -0.815248 0.482704
v -13.756100 -0.815248 -0.482699
v -13.733749 -0.764777 0.482704
v -13.733749 -0.764777 -0.482699
v -13.706209 -0.719333 0.482704
v -13.706209 -0.719333 -0.482699
v -13.673643 -0.679159 0.482704
v -13.673643 -0.679159 -0.482699
v -13.636213 -0.644498 0.482704
v -13.636213 -0.644498 -0.482699
v -13.594078 -0.615593 0.482704
v -13.594078 -0.615593 -0.482699
v -13.547405 -0.592689 0.482704
v -13.547405 -0.592689 -0.482699
v -13.496355 -0.576027 0.482704
v -13.496355 -0.576027 -0.482699
v -13.441088 -0.565852 0.482704
v -13.441088 -0.565852 -0.482699
v -13.381765 -0.562406 0.482704
v -13.381765 -0.562406 -0.482699
v -13.317801 -0.565628 0.482704
v -13.317801 -0.565628 -0.482699
v -13.258240 -0.575216 0.482704
v -13.258240 -0.575216 -0.482699
v -13.203112 -0.591046 0.482704
v -13.203112 -0.591046 -0.482699
v -13.152443 -0.612998 0.482704
v -13.152443 -0.612998 -0.482699
v -13.106258 -0.640950 0.482704
v -13.106258 -0.640950 -0.482699
v -13.064589 -0.674780 0.482704
v -13.064589 -0.674780 -0.482699
v -13.027458 -0.714367 0.482704
v -13.027458 -0.714367 -0.482699
v -12.994896 -0.759588 0.482704
v -12.994896 -0.759588 -0.482699
v -12.966928 -0.810323 0.482704
v -12.966928 -0.810323 -0.482699
v -12.943581 -0.866449 0.482704
v -12.943581 -0.866449 -0.482699
v -12.924883 -0.927846 0.482704
v -12.924883 -0.927846 -0.482699
v -12.910862 -0.994390 0.482704
v -12.910862 -0.994390 -0.482699
v -13.790398 -0.994390 0.482704
v -13.790398 -0.994390 -0.482699
vn -0.0000 -0.0000 -1.0000
vn -0.0000 -0.0000 1.0000
vn -0.7071 -0.7071 -0.0000
vn -0.7071 0.7071 -0.0000
vn 0.7071 -0.7071 -0.0000
vn 0.7071 0.7071 -0.0000
vn 0.4939 0.8695 -0.0000
vn 0.8475 0.5309 -0.0000
vn 0.8215 0.5702 -0.0000
vn 0.7896 0.6136 -0.0000
vn 0.7502 0.6612 -0.0000
vn 0.7015 0.7127 -0.0000
vn 0.6414 0.7672 -0.0000
vn 0.5679 0.8231 -0.0000
vn 0.4795 0.8775 -0.0000
vn 0.3758 0.9267 -0.0000
vn 0.2585 0.9660 -0.0000
vn 0.1314 0.9913 -0.0000
vn 0.0132 0.9999 -0.0000
vn -0.0794 0.9968 -0.0000
vn -0.1584 0.9874 -0.0000
vn -0.2353 0.9719 -0.0000
vn -0.3086 0.9512 -0.0000
vn -0.3767 0.9263 -0.0000
vn -0.4390 0.8985 -0.0000
vn -0.4949 0.8690 -0.0000
vn -0.5444 0.8388 -0.0000
vn -0.5879 0.8089 -0.0000
vn -0.6257 0.7800 -0.0000
vn -0.6585 0.7526 -0.0000
vn -0.9900 0.1414 -0.0000
vn -0.1400 -0.9902 -0.0000
vn 0.6579 -0.7531 -0.0000
vn 0.6218 -0.7832 -0.0000
vn 0.5852 -0.8109 -0.0000
vn 0.5474 -0.8368 -0.0000
vn 0.5077 -0.8616 -0.0000
vn 0.4647 -0.8855 -0.0000
vn 0.4171 -0.9089 -0.0000
vn 0.3627 -0.9319 -0.0000
vn 0.2985 -0.9544 -0.0000
vn 0.2203 -0.9754 -0.0000
vn 0.1219 -0.9925 -0.0000
vn -0.0082 -1.0000 -0.0000
vn -0.1651 -0.9863 -0.0000
vn -0.3230 -0.9464 -0.0000
vn -0.4666 -0.8845 -0.0000
vn -0.5918 -0.8061 -0.0000
vn -0.6975 -0.7166 -0.0000
vn -0.7845 -0.6201 -0.0000
vn -0.8543 -0.5197 -0.0000
vn -0.9089 -0.4171 -0.0000
vn -0.9497 -0.3132 -0.0000
vn -0.9780 -0.2088 -0.0000
vn -0.9946 -0.1042 -0.0000
vn -0.9997 -0.0259 -0.0000
vn -0.5395 -0.8420 -0.0000
vn -0.5244 -0.8515 -0.0000
vn -0.5027 -0.8645 -0.0000
vn -0.4729 -0.8811 -0.0000
vn -0.4336 -0.9011 -0.0000
vn -0.3841 -0.9233 -0.0000
vn -0.3247 -0.9458 -0.0000
vn -0.2577 -0.9662 -0.0000
vn -0.1869 -0.9824 -0.0000
vn -0.1177 -0.9930 -0.0000
vn -0.0548 -0.9985 -0.0000
vn 0.0029 -1.0000 -0.0000
vn 0.0670 -0.9978 -0.0000
vn 0.1445 -0.9895 -0.0000
vn 0.2345 -0.9721 -0.0000
vn 0.3361 -0.9418 -0.0000
vn 0.4464 -0.8948 -0.0000
vn 0.5597 -0.8287 -0.0000
vn 0.6682 -0.7440 -0.0000
vn 0.7643 -0.6449 -0.0000
vn 0.8426 -0.5385 -0.0000
vn 0.9016 -0.4327 -0.0000
vn 0.9428 -0.3334 -0.0000
vn 0.3111 -0.9504 -0.0000
vn -0.5845 -0.8114 -0.0000
vn -0.5440 -0.8391 -0.0000
vn -0.5005 -0.8658 -0.0000
vn -0.4539 -0.8910 -0.0000
vn -0.4045 -0.9146 -0.0000
vn -0.3522 -0.9359 -0.0000
vn -0.2975 -0.9547 -0.0000
vn -0.2406 -0.9706 -0.0000
vn -0.1819 -0.9833 -0.0000
vn -0.1219 -0.9925 -0.0000
vn -0.0611 -0.9981 -0.0000
vn 0.0176 -0.9998 -0.0000
vn 0.1330 -0.9911 -0.0000
vn 0.2663 -0.9639 -0.0000
vn 0.3956 -0.9184 -0.0000
vn 0.5169 -0.8560 -0.0000
vn 0.6272 -0.7789 -0.0000
vn 0.7244 -0.6893 -0.0000
vn 0.8076 -0.5898 -0.0000
vn 0.8761 -0.4821 -0.0000
vn 0.9298 -0.3680 -0.0000
vn 0.9686 -0.2487 -0.0000
vn 0.9921 -0.1254 -0.0000
vn 1.0000 0.0074 -0.0000
vn 0.9868 0.1617 -0.0000
vn 0.9441 0.3297 -0.0000
vn 0.8721 0.4894 -0.0000
vn 0.7800 0.6258 -0.0000
vn 0.6815 0.7318 -0.0000
vn 0.5887 0.8084 -0.0000
vn 0.5086 0.8610 -0.0000
vn 0.4442 0.8959 -0.0000
vn 0.3959 0.9183 -0.0000
vn 0.3631 0.9318 -0.0000
vn 0.3452 0.9385 -0.0000
vn 0.3370 0.9415 -0.0000
vn 0.8167 0.5770 -0.0000
vn 0.9998 -0.0211 -0.0000
vn 0.9959 -0.0910 -0.0000
vn 0.9803 -0.1975 -0.0000
vn 0.9470 -0.3213 -0.0000
vn 0.8889 -0.4580 -0.0000
vn 0.8017 -0.5978 -0.0000
vn 0.6870 -0.7267 -0.0000
vn 0.5545 -0.8322 -0.0000
vn 0.4179 -0.9085 -0.0000
vn 0.2895 -0.9572 -0.0000
vn 0.1765 -0.9843 -0.0000
vn 0.0809 -0.9967 -0.0000
vn -0.0009 -1.0000 -0.0000
vn -0.0786 -0.9969 -0.0000
vn -0.1570 -0.9876 -0.0000
vn -0.2344 -0.9721 -0.0000
vn -0.3097 -0.9508 -0.0000
vn -0.3821 -0.9241 -0.0000
vn -0.4508 -0.8926 -0.0000
vn -0.5152 -0.8571 -0.0000
vn -0.5750 -0.8182 -0.0000
vn -0.6298 -0.7768 -0.0000
vn -0.6795 -0.7337 -0.0000
vn -0.7243 -0.6895 -0.0000
vn 0.3570 -0.9341 -0.0000
vn 0.9315 0.3637 -0.0000
vn 0.7084 0.7058 -0.0000
vn 0.6504 0.7596 -0.0000
vn 0.5872 0.8094 -0.0000
vn 0.5199 0.8542 -0.0000
vn 0.4500 0.8930 -0.0000
vn 0.3790 0.9254 -0.0000
vn 0.3085 0.9512 -0.0000
vn 0.2398 0.9708 -0.0000
vn 0.1740 0.9847 -0.0000
vn 0.1120 0.9937 -0.0000
vn 0.0541 0.9985 -0.0000
vn -0.0085 1.0000 -0.0000
vn -0.0893 0.9960 -0.0000
vn -0.1859 0.9826 -0.0000
vn -0.2909 0.9568 -0.0000
vn -0.4034 0.9150 -0.0000
vn -0.5207 0.8538 -0.0000
vn -0.6378 0.7702 -0.0000
vn -0.7476 0.6642 -0.0000
vn -0.8423 0.5390 -0.0000
vn -0.9158 0.4017 -0.0000
vn -0.9653 0.2612 -0.0000
vn -0.9921 0.1258 -0.0000
vn -0.9995 0.0301 -0.0000
vn -0.9999 0.0155 -0.0000
vn -0.9978 0.0670 -0.0000
vn -0.9891 0.1470 -0.0000
vn -0.9698 0.2438 -0.0000
vn -0.9337 0.3582 -0.0000
vn -0.8733 0.4872 -0.0000
vn -0.7825 0.6226 -0.0000
vn -0.6612 0.7503 -0.0000
vn -0.5179 0.8555 -0.0000
vn -0.3681 0.9298 -0.0000
vn -0.2272 0.9738 -0.0000
vn -0.1045 0.9945 -0.0000
vn 0.0139 0.9999 -0.0000
vn 0.1353 0.9908 -0.0000
vn 0.2368 0.9716 -0.0000
vn 0.3116 0.9502 -0.0000
vn 0.3689 0.9295 -0.0000
vn 0.4145 0.9101 -0.0000
vn 0.4521 0.8920 -0.0000
vn 0.4840 0.8751 -0.0000
vn 0.5119 0.8591 -0.0000
vn 0.5367 0.8438 -0.0000
vn 0.5593 0.8290 -0.0000
vn 0.5802 0.8145 -0.0000
vn -0.4526 0.8917 -0.0000
vn -0.8791 -0.4767 -0.0000
vn -0.3352 -0.9422 -0.0000
vn -0.3536 -0.9354 -0.0000
vn -0.3812 -0.9245 -0.0000
vn -0.4196 -0.9077 -0.0000
vn -0.4705 -0.8824 -0.0000
vn -0.5358 -0.8443 -0.0000
vn -0.6169 -0.7870 -0.0000
vn -0.7126 -0.7016 -0.0000
vn -0.8158 -0.5784 -0.0000
vn -0.9110 -0.4124 -0.0000
vn -0.9772 -0.2122 -0.0000
vn -0.9998 -0.0220 -0.0000
vn -0.9922 0.1244 -0.0000
vn -0.9680 0.2510 -0.0000
vn -0.9262 0.3771 -0.0000
vn -0.8667 0.4988 -0.0000
vn -0.7905 0.6125 -0.0000
vn -0.6993 0.7148 -0.0000
vn -0.5957 0.8032 -0.0000
vn -0.4827 0.8758 -0.0000
vn -0.3635 0.9316 -0.0000
vn -0.2415 0.9704 -0.0000
vn -0.1196 0.9928 -0.0000
vn -0.0087 1.0000 -0.0000
vn 0.0825 0.9966 -0.0000
vn 0.1630 0.9866 -0.0000
vn 0.2399 0.9708 -0.0000
vn 0.3121 0.9501 -0.0000
vn 0.3788 0.9255 -0.0000
vn 0.4397 0.8981 -0.0000
vn 0.4947 0.8691 -0.0000
vn 0.5439 0.8391 -0.0000
vn 0.5878 0.8090 -0.0000
vn 0.6267 0.7793 -0.0000
vn 0.6611 0.7503 -0.0000
vn 0.9157 0.4018 -0.0000
vn 0.5796 -0.8149 -0.0000
vn -0.9207 -0.3903 -0.0000
vn -0.7320 0.6813 -0.0000
vn -0.7606 0.6492 -0.0000
vn -0.7933 0.6088 -0.0000
vn -0.8290 0.5592 -0.0000
vn -0.8660 0.5001 -0.0000
vn -0.9019 0.4319 -0.0000
vn -0.9341 0.3569 -0.0000
vn -0.9605 0.2782 -0.0000
vn -0.9798 0.1998 -0.0000
vn -0.9921 0.1257 -0.0000
vn -0.9983 0.0590 -0.0000
vn -1.0000 -0.0088 -0.0000
vn -0.9962 -0.0868 -0.0000
vn -0.9864 -0.1643 -0.0000
vn -0.9726 -0.2326 -0.0000
vn -0.9559 -0.2936 -0.0000
vn -0.9371 -0.3490 -0.0000
vn -0.9163 -0.4005 -0.0000
vn -0.8932 -0.4496 -0.0000
vn -0.8674 -0.4976 -0.0000
vn -0.8379 -0.5459 -0.0000
vn -0.8029 -0.5961 -0.0000
vn -0.7602 -0.6497 -0.0000
vn -0.5856 -0.8106 -0.0000
vn -0.4460 -0.8950 -0.0000
vn -0.3309 -0.9437 -0.0000
vn -0.2470 -0.9690 -0.0000
vn -0.1956 -0.9807 -0.0000
vn -0.1780 -0.9840 -0.0000
vn -0.1992 -0.9800 -0.0000
vn -0.2722 -0.9622 -0.0000
vn -0.4204 -0.9073 -0.0000
vn -0.6589 -0.7522 -0.0000
vn -0.9052 -0.4250 -0.0000
vn -0.9997 -0.0235 -0.0000
vn -0.9500 0.3123 -0.0000
vn -0.8220 0.5695 -0.0000
vn -0.6733 0.7394 -0.0000
vn -0.4452 0.8954 -0.0000
vn -0.3715 0.9284 -0.0000
vn -0.3171 0.9484 -0.0000
vn -0.2768 0.9609 -0.0000
vn -0.2470 0.9690 -0.0000
vn -0.2248 0.9744 -0.0000
vn -0.2084 0.9780 -0.0000
vn -0.2156 0.9765 -0.0000
vn -0.2687 0.9632 -0.0000
vn -0.3506 0.9365 -0.0000
vn -0.4402 0.8979 -0.0000
vn -0.5356 0.8445 -0.0000
vn -0.6332 0.7739 -0.0000
vn -0.7280 0.6856 -0.0000
vn -0.8139 0.5810 -0.0000
vn -0.8855 0.4646 -0.0000
vn -0.9395 0.3426 -0.0000
vn -0.9752 0.2215 -0.0000
vn -0.9943 0.1067 -0.0000
vn -0.9999 -0.0121 -0.0000
vn -0.9878 -0.1559 -0.0000
vn -0.9484 -0.3172 -0.0000
vn -0.8802 -0.4746 -0.0000
vn -0.7873 -0.6165 -0.0000
vn -0.6781 -0.7350 -0.0000
vn -0.5622 -0.8270 -0.0000
vn -0.4478 -0.8941 -0.0000
vn -0.3401 -0.9404 -0.0000
vn -0.2414 -0.9704 -0.0000
vn -0.1523 -0.9883 -0.0000
vn -0.0724 -0.9974 -0.0000
vn 0.0024 -1.0000 -0.0000
vn 0.0808 -0.9967 -0.0000
vn 0.1654 -0.9862 -0.0000
vn 0.2545 -0.9671 -0.0000
vn 0.3487 -0.9372 -0.0000
vn 0.4479 -0.8941 -0.0000
vn 0.5515 -0.8342 -0.0000
vn 0.6574 -0.7535 -0.0000
vn 0.7615 -0.6482 -0.0000
vn 0.8566 -0.5160 -0.0000
vn 0.9335 -0.3585 -0.0000
vn 0.9832 -0.1827 -0.0000
vn 0.9997 -0.0226 -0.0000
vn 0.9953 0.0971 -0.0000
vn 0.9787 0.2052 -0.0000
vn 0.9463 0.3232 -0.0000
vn 0.8953 0.4454 -0.0000
vn 0.8257 0.5641 -0.0000
vn 0.7409 0.6716 -0.0000
vn 0.6473 0.7622 -0.0000
vn 0.5519 0.8339 -0.0000
vn 0.4605 0.8877 -0.0000
vn 0.3768 0.9263 -0.0000
vn 0.3025 0.9531 -0.0000
vn 0.9889 0.1484 -0.0000
vn 0.5566 -0.8307 -0.0000
vn 0.5944 -0.8042 -0.0000
vn 0.6366 -0.7712 -0.0000
vn 0.6832 -0.7302 -0.0000
vn 0.7337 -0.6795 -0.0000
vn 0.7868 -0.6172 -0.0000
vn 0.8405 -0.5418 -0.0000
vn 0.8918 -0.4525 -0.0000
vn 0.9367 -0.3501 -0.0000
vn 0.9714 -0.2374 -0.0000
vn 0.9929 -0.1190 -0.0000
vn 0.9999 0.0106 -0.0000
vn 0.9873 0.1591 -0.0000
vn 0.9506 0.3104 -0.0000
vn 0.8947 0.4467 -0.0000
vn 0.8256 0.5643 -0.0000
vn 0.7490 0.6625 -0.0000
vn 0.6695 0.7428 -0.0000
vn 0.5900 0.8074 -0.0000
vn 0.5122 0.8589 -0.0000
vn 0.4368 0.8996 -0.0000
vn 0.3642 0.9313 -0.0000
vn 0.2943 0.9557 -0.0000
vn 0.7937 0.6084 -0.0000
vn 0.8388 -0.5444 -0.0000
vn 0.4244 -0.9055 -0.0000
vn 0.4591 -0.8884 -0.0000
vn 0.4947 -0.8690 -0.0000
vn 0.5311 -0.8473 -0.0000
vn 0.5680 -0.8230 -0.0000
vn 0.6052 -0.7960 -0.0000
vn 0.6425 -0.7663 -0.0000
vn 0.6793 -0.7338 -0.0000
vn 0.7155 -0.6986 -0.0000
vn 0.7506 -0.6608 -0.0000
vn 0.7842 -0.6205 -0.0000
vn 0.8189 -0.5740 -0.0000
vn 0.8517 -0.5241 -0.0000
vn 0.8797 -0.4756 -0.0000
vn 0.9048 -0.4259 -0.0000
vn 0.9268 -0.3756 -0.0000
vn 0.9457 -0.3251 -0.0000
vn 0.9615 -0.2749 -0.0000
vn 0.9742 -0.2255 -0.0000
vn 0.9842 -0.1772 -0.0000
vn 0.9915 -0.1303 -0.0000
vn 0.9964 -0.0851 -0.0000
vn 0.9991 -0.0417 -0.0000
vn 0.9997 0.0230 -0.0000
vn 0.9906 0.1371 -0.0000
vn 0.9599 0.2805 -0.0000
vn 0.9053 0.4247 -0.0000
vn 0.8275 0.5615 -0.0000
vn 0.7304 0.6830 -0.0000
vn 0.6207 0.7840 -0.0000
vn 0.5056 0.8628 -0.0000
vn 0.3913 0.9203 -0.0000
vn 0.2819 0.9594 -0.0000
vn 0.1800 0.9837 -0.0000
vn 0.0863 0.9963 -0.0000
vn 0.0208 0.9998 -0.0000
vn -0.1246 -0.9922 -0.0000
vn -0.2465 -0.9691 -0.0000
vn -0.3636 -0.9316 -0.0000
vn -0.4746 -0.8802 -0.0000
vn -0.5787 -0.8155 -0.0000
vn -0.6752 -0.7376 -0.0000
vn -0.7630 -0.6464 -0.0000
vn -0.8407 -0.5414 -0.0000
vn -0.9062 -0.4228 -0.0000
vn -0.9567 -0.2912 -0.0000
vn -0.9889 -0.1488 -0.0000
vn -1.0000 -0.0065 -0.0000
vn -0.9919 0.1268 -0.0000
vn -0.9662 0.2578 -0.0000
vn -0.9210 0.3895 -0.0000
vn -0.8561 0.5169 -0.0000
vn -0.7728 0.6346 -0.0000
vn -0.6745 0.7383 -0.0000
vn -0.5652 0.8249 -0.0000
vn -0.4499 0.8931 -0.0000
vn -0.3327 0.9430 -0.0000
vn -0.2172 0.9761 -0.0000
vn -0.1059 0.9944 -0.0000
vn 0.0036 1.0000 -0.0000
vn 0.1192 0.9929 -0.0000
vn 0.2409 0.9706 -0.0000
vn 0.3627 0.9319 -0.0000
vn 0.4817 0.8763 -0.0000
vn 0.5947 0.8039 -0.0000
vn 0.6983 0.7158 -0.0000
vn 0.8660 0.5001 -0.0000
vn 0.9256 0.3784 -0.0000
vn 0.9677 0.2522 -0.0000
vn 0.9922 0.1250 -0.0000
vn 1.0000 -0.0076 -0.0000
vn 0.9884 -0.1518 -0.0000
vn 0.9551 -0.2963 -0.0000
vn 0.9034 -0.4288 -0.0000
vn 0.8370 -0.5472 -0.0000
vn 0.7590 -0.6511 -0.0000
vn 0.6715 -0.7410 -0.0000
vn 0.5760 -0.8174 -0.0000
vn 0.4732 -0.8809 -0.0000
vn 0.3635 -0.9316 -0.0000
vn 0.2474 -0.9689 -0.0000
vn 0.1255 -0.9921 -0.0000
vn 0.0004 -1.0000 -0.0000
vn -0.0804 -0.9968 -0.0000
vn -0.2549 -0.9670 -0.0000
vn -0.3502 -0.9367 -0.0000
vn -0.4509 -0.8926 -0.0000
vn -0.5561 -0.8311 -0.0000
vn -0.6633 -0.7484 -0.0000
vn -0.7676 -0.6409 -0.0000
vn -0.8617 -0.5074 -0.0000
vn -0.9367 -0.3502 -0.0000
vn -0.9841 -0.1774 -0.0000
vn -1.0000 -0.0020 -0.0000
vn -0.9846 0.1750 -0.0000
vn -0.9340 0.3572 -0.0000
vn -0.8473 0.5312 -0.0000
vn -0.7335 0.6797 -0.0000
vn -0.6079 0.7940 -0.0000
vn -0.4847 0.8747 -0.0000
vn -0.3721 0.9282 -0.0000
vn -0.2735 0.9619 -0.0000
vn -0.1887 0.9820 -0.0000
vn -0.1162 0.9932 -0.0000
vn -0.0542 0.9985 -0.0000
vn 0.0004 1.0000 -0.0000
vn 0.0552 0.9985 -0.0000
vn 0.1169 0.9931 -0.0000
vn 0.1873 0.9823 -0.0000
vn 0.2680 0.9634 -0.0000
vn 0.3607 0.9327 -0.0000
vn 0.4662 0.8847 -0.0000
vn 0.5834 0.8122 -0.0000
vn 0.7065 0.7077 -0.0000
vn 0.8243 0.5661 -0.0000
vn 0.9205 0.3907 -0.0000
vn 0.9806 0.1959 -0.0000
vn 0.9998 -0.0205 -0.0000
vn 0.9616 -0.2743 -0.0000
vn 0.8537 -0.5208 -0.0000
vn 0.7101 -0.7041 -0.0000
vn 0.5681 -0.8230 -0.0000
vn 0.4456 -0.8952 -0.0000
vn 0.3454 -0.9385 -0.0000
vn 0.2640 -0.9645 -0.0000
vn 0.1970 -0.9804 -0.0000
vn 0.1403 -0.9901 -0.0000
vn 0.0907 -0.9959 -0.0000
vn 0.0450 -0.9990 -0.0000
vn -0.0083 -1.0000 -0.0000
vn -0.3917 0.9201 -0.0000
vn 0.6779 0.7351 -0.0000
vn 0.6448 0.7643 -0.0000
vn 0.6070 0.7947 -0.0000
vn 0.5637 0.8260 -0.0000
vn 0.5145 0.8575 -0.0000
vn 0.4588 0.8885 -0.0000
vn 0.3965 0.9180 -0.0000
vn 0.3274 0.9449 -0.0000
vn 0.2521 0.9677 -0.0000
vn 0.1714 0.9852 -0.0000
vn 0.0868 0.9962 -0.0000
vn 0.0011 1.0000 -0.0000
vn -0.0842 0.9965 -0.0000
vn -0.1708 0.9853 -0.0000
vn -0.2590 0.9659 -0.0000
vn -0.3471 0.9378 -0.0000
vn -0.4333 0.9012 -0.0000
vn -0.5158 0.8567 -0.0000
vn -0.5930 0.8052 -0.0000
vn -0.6636 0.7481 -0.0000
vn -0.7268 0.6868 -0.0000
vn -0.7822 0.6230 -0.0000
vn -0.8299 0.5580 -0.0000
vn -0.0942 0.9956 -0.0000
vn 0.7251 0.6887 -0.0000
vn 0.6970 0.7171 -0.0000
vn 0.6625 0.7490 -0.0000
vn 0.6209 0.7839 -0.0000
vn 0.5712 0.8208 -0.0000
vn 0.5128 0.8585 -0.0000
vn 0.4451 0.8955 -0.0000
vn 0.3684 0.9297 -0.0000
vn 0.2835 0.9590 -0.0000
vn 0.1920 0.9814 -0.0000
vn 0.0965 0.9953 -0.0000
vn -0.1337 0.9910 -0.0000
vn -0.2723 0.9622 -0.0000
vn -0.4111 0.9116 -0.0000
vn -0.5434 0.8395 -0.0000
vn -0.6628 0.7488 -0.0000
vn -0.7646 0.6445 -0.0000
vn -0.8464 0.5325 -0.0000
vn -0.9084 0.4180 -0.0000
vn -0.9522 0.3054 -0.0000
vn -0.9803 0.1974 -0.0000
vn -0.9954 0.0956 -0.0000
vn -0.9997 0.0232 -0.0000
vn 0.9997 -0.0262 -0.0000
vn 0.9941 -0.1080 -0.0000
vn 0.9749 -0.2226 -0.0000
vn 0.9397 -0.3421 -0.0000
vn 0.8865 -0.4627 -0.0000
vn 0.8146 -0.5800 -0.0000
vn 0.7248 -0.6890 -0.0000
vn 0.6195 -0.7850 -0.0000
vn 0.5026 -0.8645 -0.0000
vn 0.3783 -0.9257 -0.0000
vn 0.2509 -0.9680 -0.0000
vn 0.1240 -0.9923 -0.0000
vn 0.0117 -0.9999 -0.0000
vn -0.1013 -0.9949 -0.0000
vn -0.2169 -0.9762 -0.0000
vn -0.3115 -0.9502 -0.0000
vn -0.3891 -0.9212 -0.0000
vn -0.4533 -0.8913 -0.0000
vn -0.5073 -0.8618 -0.0000
vn -0.5533 -0.8330 -0.0000
vn -0.5934 -0.8049 -0.0000
vn -0.6288 -0.7775 -0.0000
vn -0.6609 -0.7505 -0.0000
vn -0.6903 -0.7235 -0.0000
vn -0.9231 -0.3845 -0.0000
vn 0.9998 -0.0217 -0.0000
vn 0.9815 -0.1916 -0.0000
vn 0.9533 -0.3021 -0.0000
vn 0.9075 -0.4201 -0.0000
vn 0.8411 -0.5409 -0.0000
vn 0.7527 -0.6583 -0.0000
vn 0.6442 -0.7648 -0.0000
vn 0.5203 -0.8540 -0.0000
vn 0.3877 -0.9218 -0.0000
vn 0.2535 -0.9673 -0.0000
vn 0.1235 -0.9923 -0.0000
vn 0.0163 -0.9999 -0.0000
vn -0.0585 -0.9983 -0.0000
vn -0.1256 -0.9921 -0.0000
vn -0.2011 -0.9796 -0.0000
vn -0.2825 -0.9593 -0.0000
vn -0.3659 -0.9307 -0.0000
vn -0.4469 -0.8946 -0.0000
vn -0.5218 -0.8531 -0.0000
vn -0.5879 -0.8089 -0.0000
vn -0.6441 -0.7649 -0.0000
vn -0.6904 -0.7234 -0.0000
vn -0.7277 -0.6859 -0.0000
vn -0.9338 -0.3577 -0.0000
vn -0.5233 -0.8522 -0.0000
vn -0.4869 -0.8735 -0.0000
vn -0.4449 -0.8956 -0.0000
vn -0.3980 -0.9174 -0.0000
vn -0.3470 -0.9379 -0.0000
vn -0.2934 -0.9560 -0.0000
vn -0.2388 -0.9711 -0.0000
vn -0.1848 -0.9828 -0.0000
vn -0.1330 -0.9911 -0.0000
vn -0.0845 -0.9964 -0.0000
vn -0.0403 -0.9992 -0.0000
vn 0.0250 -0.9997 -0.0000
vn 0.1412 -0.9900 -0.0000
vn 0.2852 -0.9585 -0.0000
vn 0.4256 -0.9049 -0.0000
vn 0.5557 -0.8314 -0.0000
vn 0.6701 -0.7422 -0.0000
vn 0.7664 -0.6424 -0.0000
vn 0.8438 -0.5366 -0.0000
vn 0.9036 -0.4283 -0.0000
vn 0.9475 -0.3198 -0.0000
vn 0.9773 -0.2121 -0.0000
vn 0.9944 -0.1055 -0.0000
vn 1.0000 0.0004 -0.0000
vn 0.9940 0.1091 -0.0000
vn 0.9749 0.2227 -0.0000
vn 0.9406 0.3396 -0.0000
vn 0.8894 0.4571 -0.0000
vn 0.8205 0.5717 -0.0000
vn 0.7339 0.6793 -0.0000
vn 0.6309 0.7758 -0.0000
vn 0.3887 0.9214 -0.0000
vn 0.2581 0.9661 -0.0000
vn 0.1274 0.9919 -0.0000
vn 0.0020 1.0000 -0.0000
vn -0.1222 0.9925 -0.0000
vn -0.2545 0.9671 -0.0000
vn -0.3939 0.9192 -0.0000
vn -0.5325 0.8465 -0.0000
vn -0.6607 0.7506 -0.0000
vn -0.7703 0.6377 -0.0000
vn -0.8564 0.5163 -0.0000
vn -0.9186 0.3951 -0.0000
vn -0.9599 0.2805 -0.0000
vn -0.9844 0.1760 -0.0000
vn -0.9966 0.0830 -0.0000
vn -0.7209 -0.6931 -0.0000
vn -0.7733 -0.6340 -0.0000
vn -0.9706 0.2406 -0.0000
vn -0.9427 0.3338 -0.0000
vn -0.9005 0.4348 -0.0000
vn -0.8413 0.5406 -0.0000
vn -0.7633 0.6461 -0.0000
vn -0.6671 0.7449 -0.0000
vn -0.5566 0.8308 -0.0000
vn -0.4378 0.8991 -0.0000
vn -0.3177 0.9482 -0.0000
vn -0.2026 0.9793 -0.0000
vn -0.0965 0.9953 -0.0000
vn -0.0076 1.0000 -0.0000
vn 0.0612 0.9981 -0.0000
vn 0.1212 0.9926 -0.0000
vn 0.1792 0.9838 -0.0000
vn 0.2344 0.9721 -0.0000
vn 0.2864 0.9581 -0.0000
vn 0.3347 0.9423 -0.0000
vn 0.3793 0.9253 -0.0000
vn 0.4201 0.9075 -0.0000
vn 0.4571 0.8894 -0.0000
vn 0.4904 0.8715 -0.0000
vn 0.5202 0.8540 -0.0000
vn -0.4826 0.8759 -0.0000
vn -0.8775 -0.4796 -0.0000
vn 0.9902 -0.1396 -0.0000
vn 0.9703 -0.2417 -0.0000
vn 0.8866 -0.4625 -0.0000
vn 0.8179 -0.5753 -0.0000
vn 0.7300 -0.6835 -0.0000
vn 0.6242 -0.7812 -0.0000
vn 0.5044 -0.8634 -0.0000
vn 0.3763 -0.9265 -0.0000
vn 0.2462 -0.9692 -0.0000
vn 0.1198 -0.9928 -0.0000
vn 0.0038 -1.0000 -0.0000
vn -0.1048 -0.9945 -0.0000
vn -0.2179 -0.9760 -0.0000
vn -0.3375 -0.9413 -0.0000
vn -0.4587 -0.8886 -0.0000
vn -0.5754 -0.8179 -0.0000
vn -0.6814 -0.7319 -0.0000
vn -0.7721 -0.6355 -0.0000
vn -0.8452 -0.5345 -0.0000
vn -0.9009 -0.4341 -0.0000
vn -0.9411 -0.3381 -0.0000
vn -0.9685 -0.2490 -0.0000
vn -0.7766 0.6300 -0.0000
vn 0.7383 0.6744 -0.0000
vn 0.4195 0.9077 -0.0000
vn 0.7378 0.6750 -0.0000
vn 0.6874 0.7263 -0.0000
vn 0.6335 0.7738 -0.0000
vn 0.5760 0.8174 -0.0000
vn 0.5152 0.8571 -0.0000
vn 0.4510 0.8925 -0.0000
vn 0.3835 0.9235 -0.0000
vn 0.3128 0.9498 -0.0000
vn 0.2388 0.9711 -0.0000
vn 0.1618 0.9868 -0.0000
vn 0.0820 0.9966 -0.0000
vn -0.0083 1.0000 -0.0000
vn -0.1192 0.9929 -0.0000
vn -0.2443 0.9697 -0.0000
vn -0.3737 0.9276 -0.0000
vn -0.5025 0.8646 -0.0000
vn -0.6248 0.7808 -0.0000
vn -0.7342 0.6790 -0.0000
vn -0.8257 0.5642 -0.0000
vn -0.8965 0.4430 -0.0000
vn -0.9468 0.3219 -0.0000
vn -0.9786 0.2060 -0.0000
vn -0.9951 0.0985 -0.0000
vn -0.9997 0.0236 -0.0000
vn 0.9998 -0.0219 -0.0000
vn 0.9959 -0.0903 -0.0000
vn 0.9823 -0.1871 -0.0000
vn 0.9567 -0.2910 -0.0000
vn 0.9162 -0.4007 -0.0000
vn 0.8578 -0.5139 -0.0000
vn 0.7791 -0.6268 -0.0000
vn 0.6793 -0.7339 -0.0000
vn 0.5598 -0.8286 -0.0000
vn 0.4251 -0.9051 -0.0000
vn 0.2822 -0.9594 -0.0000
vn 0.1386 -0.9903 -0.0000
vn 0.0139 -0.9999 -0.0000
vn -0.0821 -0.9966 -0.0000
vn -0.1692 -0.9856 -0.0000
vn -0.2587 -0.9660 -0.0000
vn -0.3463 -0.9381 -0.0000
vn -0.4280 -0.9038 -0.0000
vn -0.5011 -0.8654 -0.0000
vn -0.5640 -0.8257 -0.0000
vn -0.6168 -0.7871 -0.0000
vn -0.6600 -0.7512 -0.0000
vn -0.6950 -0.7190 -0.0000
vn -0.7229 -0.6909 -0.0000
vn -0.9315 -0.3639 -0.0000
vn -0.9995 0.0305 -0.0000
vn -0.9918 0.1280 -0.0000
vn -0.9640 0.2660 -0.0000
vn -0.9126 0.4087 -0.0000
vn -0.8373 0.5468 -0.0000
vn -0.7417 0.6708 -0.0000
vn -0.6329 0.7742 -0.0000
vn -0.5189 0.8548 -0.0000
vn -0.4059 0.9139 -0.0000
vn -0.2975 0.9547 -0.0000
vn -0.1948 0.9808 -0.0000
vn -0.0967 0.9953 -0.0000
vn -0.0099 1.0000 -0.0000
vn 0.0567 0.9984 -0.0000
vn 0.1123 0.9937 -0.0000
vn 0.1660 0.9861 -0.0000
vn 0.2174 0.9761 -0.0000
vn 0.2660 0.9640 -0.0000
vn 0.3117 0.9502 -0.0000
vn 0.3542 0.9352 -0.0000
vn 0.3936 0.9193 -0.0000
vn 0.4299 0.9029 -0.0000
vn 0.4631 0.8863 -0.0000
vn 0.4935 0.8697 -0.0000
vn -0.4960 0.8683 -0.0000
vn -0.8537 -0.5207 -0.0000
vn -0.4369 -0.8995 -0.0000
vn -0.3974 -0.9176 -0.0000
vn -0.3618 -0.9322 -0.0000
vn -0.3288 -0.9444 -0.0000
vn -0.2971 -0.9548 -0.0000
vn -0.2657 -0.9641 -0.0000
vn -0.2334 -0.9724 -0.0000
vn -0.1990 -0.9800 -0.0000
vn -0.1609 -0.9870 -0.0000
vn -0.1170 -0.9931 -0.0000
vn -0.0640 -0.9979 -0.0000
vn 0.0090 -1.0000 -0.0000
vn 0.1099 -0.9939 -0.0000
vn 0.2286 -0.9735 -0.0000
vn 0.3544 -0.9351 -0.0000
vn 0.4822 -0.8761 -0.0000
vn 0.6055 -0.7958 -0.0000
vn 0.7174 -0.6966 -0.0000
vn 0.8123 -0.5833 -0.0000
vn 0.8868 -0.4621 -0.0000
vn 0.9407 -0.3392 -0.0000
vn 0.9756 -0.2195 -0.0000
vn 0.9943 -0.1063 -0.0000
vn 0.9997 -0.0257 -0.0000
vn 0.9215 0.3883 -0.0000
vn -0.3883 0.9215 -0.0000
vn 0.5172 -0.8558 -0.0000
vn 0.4823 -0.8760 -0.0000
vn 0.4458 -0.8951 -0.0000
vn 0.4077 -0.9131 -0.0000
vn 0.3678 -0.9299 -0.0000
vn 0.3257 -0.9455 -0.0000
vn 0.2811 -0.9597 -0.0000
vn 0.2336 -0.9723 -0.0000
vn 0.1825 -0.9832 -0.0000
vn 0.1271 -0.9919 -0.0000
vn 0.0663 -0.9978 -0.0000
vn -0.0027 -1.0000 -0.0000
vn -0.0823 -0.9966 -0.0000
vn -0.1700 -0.9854 -0.0000
vn -0.2641 -0.9645 -0.0000
vn -0.3643 -0.9313 -0.0000
vn -0.4699 -0.8827 -0.0000
vn -0.6870 -0.7266 -0.0000
vn -0.7891 -0.6142 -0.0000
vn -0.8777 -0.4793 -0.0000
vn -0.9453 -0.3263 -0.0000
vn -0.9865 -0.1635 -0.0000
vn -0.9998 0.0217 -0.0000
vn -0.9718 0.2356 -0.0000
vn -0.9032 0.4292 -0.0000
vn -0.8221 0.5693 -0.0000
vn -0.7473 0.6645 -0.0000
vn -0.6851 0.7285 -0.0000
vn -0.6358 0.7719 -0.0000
vn -0.5974 0.8019 -0.0000
vn -0.5678 0.8232 -0.0000
vn -0.5449 0.8385 -0.0000
vn -0.5274 0.8496 -0.0000
vn -0.5139 0.8579 -0.0000
vn -0.5350 0.8449 -0.0000
vn -0.5728 0.8197 -0.0000
vn -0.5989 0.8008 -0.0000
vn -0.6320 0.7750 -0.0000
vn -0.6728 0.7399 -0.0000
vn -0.7213 0.6926 -0.0000
vn -0.7764 0.6303 -0.0000
vn -0.8348 0.5505 -0.0000
vn -0.8914 0.4532 -0.0000
vn -0.9398 0.3416 -0.0000
vn -0.9748 0.2232 -0.0000
vn -0.9942 0.1073 -0.0000
vn -1.0000 -0.0079 -0.0000
vn -0.9907 -0.1363 -0.0000
vn -0.9616 -0.2746 -0.0000
vn -0.9120 -0.4102 -0.0000
vn -0.8431 -0.5377 -0.0000
vn -0.7578 -0.6525 -0.0000
vn -0.6598 -0.7515 -0.0000
vn -0.5532 -0.8331 -0.0000
vn -0.4418 -0.8971 -0.0000
vn -0.3287 -0.9444 -0.0000
vn -0.2164 -0.9763 -0.0000
vn -0.1065 -0.9943 -0.0000
vn -0.0175 -0.9998 -0.0000
vn 0.0361 -0.9993 -0.0000
vn 0.0754 -0.9972 -0.0000
vn 0.1179 -0.9930 -0.0000
vn 0.1625 -0.9867 -0.0000
vn 0.2078 -0.9782 -0.0000
vn 0.2527 -0.9676 -0.0000
vn 0.2958 -0.9553 -0.0000
vn 0.3728 -0.9279 -0.0000
vn 0.4056 -0.9140 -0.0000
vn 0.4343 -0.9008 -0.0000
vn 0.8508 -0.5256 -0.0000
vn 0.4725 0.8813 -0.0000
vn -0.5388 0.8424 -0.0000
vn -0.5082 0.8612 -0.0000
vn -0.4758 0.8796 -0.0000
vn -0.4410 0.8975 -0.0000
vn -0.4036 0.9149 -0.0000
vn -0.3630 0.9318 -0.0000
vn -0.3185 0.9479 -0.0000
vn -0.2692 0.9631 -0.0000
vn -0.2141 0.9768 -0.0000
vn -0.1518 0.9884 -0.0000
vn -0.0806 0.9968 -0.0000
vn 0.0245 0.9997 -0.0000
vn 0.1289 0.9917 -0.0000
vn 0.2065 0.9784 -0.0000
vn 0.2900 0.9570 -0.0000
vn 0.3801 0.9249 -0.0000
vn 0.4771 0.8788 -0.0000
vn 0.5798 0.8148 -0.0000
vn 0.6850 0.7286 -0.0000
vn 0.7867 0.6173 -0.0000
vn 0.8765 0.4814 -0.0000
vn 0.9453 0.3263 -0.0000
vn 0.9868 0.1622 -0.0000
vn 0.9955 -0.0949 -0.0000
vn 0.8897 -0.4566 -0.0000
vn 0.7052 -0.7090 -0.0000
vn 0.5812 -0.8138 -0.0000
vn 0.5190 -0.8548 -0.0000
vn 0.5003 -0.8659 -0.0000
vn 0.5150 -0.8572 -0.0000
vn 0.5596 -0.8288 -0.0000
vn 0.6341 -0.7732 -0.0000
vn 0.7372 -0.6756 -0.0000
vn 0.8571 -0.5151 -0.0000
vn 0.9598 -0.2808 -0.0000
vn 0.9992 -0.0396 -0.0000
vn 0.9910 0.1338 -0.0000
vn 0.9618 0.2739 -0.0000
vn 0.9096 0.4154 -0.0000
vn 0.8348 0.5506 -0.0000
vn 0.7406 0.6720 -0.0000
vn 0.6329 0.7742 -0.0000
vn 0.5185 0.8551 -0.0000
vn 0.4034 0.9150 -0.0000
vn 0.2921 0.9564 -0.0000
vn 0.1872 0.9823 -0.0000
vn 0.0901 0.9959 -0.0000
vn 0.0098 1.0000 -0.0000
vn -0.0475 0.9989 -0.0000
vn -0.0944 0.9955 -0.0000
vn -0.1405 0.9901 -0.0000
vn -0.1852 0.9827 -0.0000
vn -0.2283 0.9736 -0.0000
vn -0.2694 0.9630 -0.0000
vn -0.3085 0.9512 -0.0000
vn -0.3453 0.9385 -0.0000
vn -0.3797 0.9251 -0.0000
vn -0.4119 0.9112 -0.0000
vn -0.4418 0.8971 -0.0000
vn -0.8533 0.5215 -0.0000
vn -0.4826 -0.8759 -0.0000
vn 0.5420 -0.8404 -0.0000
vn -0.5507 -0.8347 -0.0000
vn 0.8345 -0.5510 -0.0000
vn 0.5510 0.8345 -0.0000
vn -0.8385 -0.5449 -0.0000
vn 0.8387 0.5446 -0.0000
vn -0.0137 -0.9999 -0.0000
vn -0.8312 0.5560 -0.0000
vn 0.5499 0.8352 -0.0000
vn -0.8357 0.5492 -0.0000
vn -0.5492 -0.8357 -0.0000
vn 0.5523 -0.8337 -0.0000
vn -0.0014 -1.0000 -0.0000
vn -0.5534 -0.8329 -0.0000
vn 0.5476 -0.8367 -0.0000
vn 0.8367 0.5476 -0.0000
vn -0.5486 0.8361 -0.0000
vn 0.0062 1.0000 -0.0000
vn 0.5538 0.8326 -0.0000
vn -0.5538 0.8326 -0.0000
vn -0.0047 1.0000 -0.0000
vn 0.8426 -0.5386 -0.0000
vn 0.9015 -0.4327 -0.0000
vn 0.9959 -0.0909 -0.0000
vn 0.8889 -0.4581 -0.0000
vn 0.6870 -0.7266 -0.0000
vn -0.9891 0.1471 -0.0000
vn -0.9337 0.3581 -0.0000
vn -0.6611 0.7503 -0.0000
vn 0.1352 0.9908 -0.0000
vn 0.4840 0.8750 -0.0000
vn 0.5802 0.8144 -0.0000
vn -0.9680 0.2511 -0.0000
vn -0.9251 -0.3797 -0.0000
vn 0.3867 -0.9222 -0.0000
vn 0.9998 -0.0206 -0.0000
vn 0.4057 0.9140 -0.0000
vn -0.9104 0.4138 -0.0000
vn -0.9993 0.0372 -0.0000
vn -0.9598 0.2805 -0.0000
vn 0.9902 -0.1397 -0.0000
vn 0.9704 -0.2417 -0.0000
vn -0.7721 -0.6356 -0.0000
vn 0.7384 0.6744 -0.0000
vt 0.346939 0.000000
vt 0.367347 0.000000
vt 0.357143 0.000000
vt 0.377551 0.000000
vt 0.336735 0.000000
vt 0.387755 0.000000
vt 0.326531 0.000000
vt 0.397959 0.000000
vt 0.316327 0.000000
vt 0.408163 0.000000
vt 0.306122 0.000000
vt 0.418367 0.000000
vt 0.295918 0.000000
vt 0.428571 0.000000
vt 0.285714 0.000000
vt 0.867347 0.000000
vt 0.877551 0.000000
vt 0.857143 0.000000
vt 0.887755 0.000000
vt 0.846939 0.000000
vt 0.897959 0.000000
vt 0.836735 0.000000
vt 0.438776 0.000000
vt 0.908163 0.000000
vt 0.275510 0.000000
vt 0.826531 0.000000
vt 0.918367 0.000000
vt 0.816327 0.000000
vt 0.928571 0.000000
vt 0.806122 0.000000
vt 0.938776 0.000000
vt 0.795918 0.000000
vt 0.265306 0.000000
vt 0.448980 0.000000
vt 0.948980 0.000000
vt 0.785714 0.000000
vt 0.959184 0.000000
vt 0.775510 0.000000
vt 0.255102 0.000000
vt 0.459184 0.000000
vt 0.969388 0.000000
vt 0.765306 0.000000
vt 0.979592 0.000000
vt 0.755102 0.000000
vt 0.244898 0.000000
vt 0.989796 0.000000
vt 0.469388 0.000000
vt 1.000000 0.000000
vt 0.234694 0.000000
vt 0.479592 0.000000
vt 0.224490 0.000000
vt 0.489796 0.000000
vt 0.500000 0.000000
vt 0.214286 0.000000
vt 0.510204 0.000000
vt 0.520408 0.000000
vt 0.204082 0.000000
vt 0.530612 0.000000
vt 0.193878 0.000000
vt 0.540816 0.000000
vt 0.724490 0.000000
vt 0.744898 0.000000
vt 0.734694 0.000000
vt 0.551020 0.000000
vt 0.714286 0.000000
vt 0.704082 0.000000
vt 0.183673 0.000000
vt 0.561224 0.000000
vt 0.693878 0.000000
vt 0.683673 0.000000
vt 0.571429 0.000000
vt 0.673469 0.000000
vt 0.581633 0.000000
vt 0.663265 0.000000
vt 0.173469 0.000000
vt 0.653061 0.000000
vt 0.591837 0.000000
vt 0.642857 0.000000
vt 0.602041 0.000000
vt 0.632653 0.000000
vt 0.622449 0.000000
vt 0.612245 0.000000
vt 0.163265 0.000000
vt 0.000000 0.000000
vt 0.153061 0.000000
vt 0.010204 0.000000
vt 0.020408 0.000000
vt 0.142857 0.000000
vt 0.030612 0.000000
vt 0.040816 0.000000
vt 0.132653 0.000000
vt 0.051020 0.000000
vt 0.061224 0.000000
vt 0.122449 0.000000
vt 0.071429 0.000000
vt 0.081633 0.000000
vt 0.091837 0.000000
vt 0.112245 0.000000
vt 0.102041 0.000000
vt 0.666667 0.000000
vt 0.888889 0.000000
vt 0.777778 0.000000
vt 0.555556 0.000000
vt 0.444444 0.000000
vt 0.222222 0.000000
vt 0.111111 0.000000
vt 0.333333 0.000000
vt 0.560694 0.000000
vt 0.572254 0.000000
vt 0.566474 0.000000
vt 0.554913 0.000000
vt 0.578035 0.000000
vt 0.549133 0.000000
vt 0.543353 0.000000
vt 0.583815 0.000000
vt 0.537572 0.000000
vt 0.589595 0.000000
vt 0.531792 0.000000
vt 0.526012 0.000000
vt 0.595376 0.000000
vt 0.520231 0.000000
vt 0.601156 0.000000
vt 0.514451 0.000000
vt 0.508671 0.000000
vt 0.606936 0.000000
vt 0.502890 0.000000
vt 0.612717 0.000000
vt 0.497110 0.000000
vt 0.491329 0.000000
vt 0.485549 0.000000
vt 0.479769 0.000000
vt 0.473988 0.000000
vt 0.468208 0.000000
vt 0.462428 0.000000
vt 0.456647 0.000000
vt 0.450867 0.000000
vt 0.445087 0.000000
vt 0.439306 0.000000
vt 0.433526 0.000000
vt 0.427746 0.000000
vt 0.421965 0.000000
vt 0.618497 0.000000
vt 0.416185 0.000000
vt 0.624277 0.000000
vt 0.410405 0.000000
vt 0.404624 0.000000
vt 0.398844 0.000000
vt 0.393064 0.000000
vt 0.387283 0.000000
vt 0.630058 0.000000
vt 0.381503 0.000000
vt 0.375723 0.000000
vt 0.369942 0.000000
vt 0.635838 0.000000
vt 0.364162 0.000000
vt 0.358382 0.000000
vt 0.641618 0.000000
vt 0.352601 0.000000
vt 0.346821 0.000000
vt 0.341040 0.000000
vt 0.335260 0.000000
vt 0.329480 0.000000
vt 0.323699 0.000000
vt 0.317919 0.000000
vt 0.791907 0.000000
vt 0.994220 0.000000
vt 0.797688 0.000000
vt 0.312139 0.000000
vt 0.803468 0.000000
vt 0.306358 0.000000
vt 0.809249 0.000000
vt 0.300578 0.000000
vt 0.815029 0.000000
vt 0.820809 0.000000
vt 0.294798 0.000000
vt 0.826590 0.000000
vt 0.289017 0.000000
vt 0.832370 0.000000
vt 0.838150 0.000000
vt 0.283237 0.000000
vt 0.843931 0.000000
vt 0.849711 0.000000
vt 0.277457 0.000000
vt 0.855491 0.000000
vt 0.271676 0.000000
vt 0.861272 0.000000
vt 0.867052 0.000000
vt 0.265896 0.000000
vt 0.872832 0.000000
vt 0.878613 0.000000
vt 0.988439 0.000000
vt 0.260116 0.000000
vt 0.982659 0.000000
vt 0.884393 0.000000
vt 0.976879 0.000000
vt 0.774566 0.000000
vt 0.786127 0.000000
vt 0.780347 0.000000
vt 0.647399 0.000000
vt 0.890173 0.000000
vt 0.768786 0.000000
vt 0.971098 0.000000
vt 0.653179 0.000000
vt 0.763006 0.000000
vt 0.254335 0.000000
vt 0.895954 0.000000
vt 0.658960 0.000000
vt 0.965318 0.000000
vt 0.757225 0.000000
vt 0.664740 0.000000
vt 0.959538 0.000000
vt 0.751445 0.000000
vt 0.901734 0.000000
vt 0.670520 0.000000
vt 0.745665 0.000000
vt 0.953757 0.000000
vt 0.676301 0.000000
vt 0.739884 0.000000
vt 0.907514 0.000000
vt 0.682081 0.000000
vt 0.947977 0.000000
vt 0.734104 0.000000
vt 0.687861 0.000000
vt 0.248555 0.000000
vt 0.728324 0.000000
vt 0.913295 0.000000
vt 0.942197 0.000000
vt 0.693642 0.000000
vt 0.722543 0.000000
vt 0.699422 0.000000
vt 0.716763 0.000000
vt 0.936416 0.000000
vt 0.705202 0.000000
vt 0.710983 0.000000
vt 0.919075 0.000000
vt 0.930636 0.000000
vt 0.924855 0.000000
vt 0.132948 0.000000
vt 0.242775 0.000000
vt 0.138728 0.000000
vt 0.127168 0.000000
vt 0.236994 0.000000
vt 0.144509 0.000000
vt 0.121387 0.000000
vt 0.231214 0.000000
vt 0.150289 0.000000
vt 0.115607 0.000000
vt 0.005780 0.000000
vt 0.156069 0.000000
vt 0.109827 0.000000
vt 0.225434 0.000000
vt 0.011561 0.000000
vt 0.161850 0.000000
vt 0.104046 0.000000
vt 0.017341 0.000000
vt 0.219653 0.000000
vt 0.167630 0.000000
vt 0.098266 0.000000
vt 0.023121 0.000000
vt 0.173410 0.000000
vt 0.092486 0.000000
vt 0.028902 0.000000
vt 0.213873 0.000000
vt 0.179191 0.000000
vt 0.086705 0.000000
vt 0.034682 0.000000
vt 0.184971 0.000000
vt 0.040462 0.000000
vt 0.080925 0.000000
vt 0.208092 0.000000
vt 0.046243 0.000000
vt 0.190751 0.000000
vt 0.075145 0.000000
vt 0.052023 0.000000
vt 0.196532 0.000000
vt 0.069364 0.000000
vt 0.202312 0.000000
vt 0.057803 0.000000
vt 0.063584 0.000000
vt 0.583333 0.000000
vt 0.750000 0.000000
vt 0.916667 0.000000
vt 0.833333 0.000000
vt 0.083333 0.000000
vt 0.166667 0.000000
vt 0.416667 0.000000
vt 0.250000 0.000000
vt 0.400000 0.000000
vt 0.600000 0.000000
vt 0.900000 0.000000
vt 0.700000 0.000000
vt 0.800000 0.000000
vt 0.200000 0.000000
vt 0.100000 0.000000
vt 0.300000 0.000000
vt 0.894737 0.000000
vt 0.909774 0.000000
vt 0.902256 0.000000
vt 0.917293 0.000000
vt 0.887218 0.000000
vt 0.924812 0.000000
vt 0.932331 0.000000
vt 0.879699 0.000000
vt 0.939850 0.000000
vt 0.947368 0.000000
vt 0.872180 0.000000
vt 0.954887 0.000000
vt 0.962406 0.000000
vt 0.864662 0.000000
vt 0.969925 0.000000
vt 0.977444 0.000000
vt 0.984962 0.000000
vt 0.992481 0.000000
vt 0.849624 0.000000
vt 0.052632 0.000000
vt 0.045113 0.000000
vt 0.037594 0.000000
vt 0.030075 0.000000
vt 0.022556 0.000000
vt 0.015038 0.000000
vt 0.007519 0.000000
vt 0.842105 0.000000
vt 0.067669 0.000000
vt 0.060150 0.000000
vt 0.834586 0.000000
vt 0.075188 0.000000
vt 0.827068 0.000000
vt 0.090226 0.000000
vt 0.082707 0.000000
vt 0.097744 0.000000
vt 0.105263 0.000000
vt 0.112782 0.000000
vt 0.120301 0.000000
vt 0.127820 0.000000
vt 0.819549 0.000000
vt 0.135338 0.000000
vt 0.150376 0.000000
vt 0.157895 0.000000
vt 0.812030 0.000000
vt 0.165414 0.000000
vt 0.172932 0.000000
vt 0.180451 0.000000
vt 0.804511 0.000000
vt 0.187970 0.000000
vt 0.195489 0.000000
vt 0.203008 0.000000
vt 0.210526 0.000000
vt 0.218045 0.000000
vt 0.796992 0.000000
vt 0.225564 0.000000
vt 0.233083 0.000000
vt 0.240602 0.000000
vt 0.789474 0.000000
vt 0.248120 0.000000
vt 0.255639 0.000000
vt 0.263158 0.000000
vt 0.781955 0.000000
vt 0.270677 0.000000
vt 0.774436 0.000000
vt 0.278196 0.000000
vt 0.766917 0.000000
vt 0.293233 0.000000
vt 0.759399 0.000000
vt 0.300752 0.000000
vt 0.308271 0.000000
vt 0.751880 0.000000
vt 0.315789 0.000000
vt 0.744361 0.000000
vt 0.323308 0.000000
vt 0.330827 0.000000
vt 0.736842 0.000000
vt 0.338346 0.000000
vt 0.729323 0.000000
vt 0.345865 0.000000
vt 0.721804 0.000000
vt 0.353383 0.000000
vt 0.533835 0.000000
vt 0.548872 0.000000
vt 0.541353 0.000000
vt 0.360902 0.000000
vt 0.556391 0.000000
vt 0.706767 0.000000
vt 0.563910 0.000000
vt 0.699248 0.000000
vt 0.368421 0.000000
vt 0.691729 0.000000
vt 0.578947 0.000000
vt 0.684211 0.000000
vt 0.586466 0.000000
vt 0.676692 0.000000
vt 0.375940 0.000000
vt 0.593985 0.000000
vt 0.669173 0.000000
vt 0.661654 0.000000
vt 0.601504 0.000000
vt 0.654135 0.000000
vt 0.609023 0.000000
vt 0.646617 0.000000
vt 0.616541 0.000000
vt 0.639098 0.000000
vt 0.624060 0.000000
vt 0.631579 0.000000
vt 0.383459 0.000000
vt 0.390977 0.000000
vt 0.398496 0.000000
vt 0.526316 0.000000
vt 0.406015 0.000000
vt 0.518797 0.000000
vt 0.511278 0.000000
vt 0.413534 0.000000
vt 0.503759 0.000000
vt 0.496241 0.000000
vt 0.421053 0.000000
vt 0.488722 0.000000
vt 0.481203 0.000000
vt 0.473684 0.000000
vt 0.436090 0.000000
vt 0.466165 0.000000
vt 0.458647 0.000000
vt 0.443609 0.000000
vt 0.451128 0.000000
vt 0.964912 0.000000
vt 0.982456 0.000000
vt 0.017544 0.000000
vt 0.929825 0.000000
vt 0.912281 0.000000
vt 0.035088 0.000000
vt 0.070175 0.000000
vt 0.087719 0.000000
vt 0.877193 0.000000
vt 0.122807 0.000000
vt 0.456140 0.000000
vt 0.491228 0.000000
vt 0.438596 0.000000
vt 0.140351 0.000000
vt 0.859649 0.000000
vt 0.403509 0.000000
vt 0.385965 0.000000
vt 0.175439 0.000000
vt 0.192982 0.000000
vt 0.350877 0.000000
vt 0.228070 0.000000
vt 0.298246 0.000000
vt 0.245614 0.000000
vt 0.280702 0.000000
vt 0.824561 0.000000
vt 0.807018 0.000000
vt 0.508772 0.000000
vt 0.771930 0.000000
vt 0.543860 0.000000
vt 0.754386 0.000000
vt 0.561404 0.000000
vt 0.596491 0.000000
vt 0.614035 0.000000
vt 0.719298 0.000000
vt 0.649123 0.000000
vt 0.701754 0.000000
vt 0.196429 0.000000
vt 0.232143 0.000000
vt 0.178571 0.000000
vt 0.160714 0.000000
vt 0.267857 0.000000
vt 0.125000 0.000000
vt 0.946429 0.000000
vt 0.982143 0.000000
vt 0.964286 0.000000
vt 0.107143 0.000000
vt 0.089286 0.000000
vt 0.303571 0.000000
vt 0.321429 0.000000
vt 0.053571 0.000000
vt 0.035714 0.000000
vt 0.339286 0.000000
vt 0.017857 0.000000
vt 0.696429 0.000000
vt 0.910714 0.000000
vt 0.892857 0.000000
vt 0.875000 0.000000
vt 0.839286 0.000000
vt 0.821429 0.000000
vt 0.803571 0.000000
vt 0.767857 0.000000
vt 0.732143 0.000000
vt 0.678571 0.000000
vt 0.660714 0.000000
vt 0.625000 0.000000
vt 0.375000 0.000000
vt 0.607143 0.000000
vt 0.589286 0.000000
vt 0.392857 0.000000
vt 0.553571 0.000000
vt 0.535714 0.000000
vt 0.410714 0.000000
vt 0.517857 0.000000
vt 0.482143 0.000000
vt 0.464286 0.000000
vt 0.446429 0.000000
vt 0.103774 0.000000
vt 0.122642 0.000000
vt 0.113208 0.000000
vt 0.330189 0.000000
vt 0.349057 0.000000
vt 0.339623 0.000000
vt 0.094340 0.000000
vt 0.132075 0.000000
vt 0.320755 0.000000
vt 0.358491 0.000000
vt 0.084906 0.000000
vt 0.141509 0.000000
vt 0.311321 0.000000
vt 0.075472 0.000000
vt 0.150943 0.000000
vt 0.367925 0.000000
vt 0.301887 0.000000
vt 0.066038 0.000000
vt 0.981132 0.000000
vt 0.990566 0.000000
vt 0.160377 0.000000
vt 0.292453 0.000000
vt 0.056604 0.000000
vt 0.377358 0.000000
vt 0.169811 0.000000
vt 0.047170 0.000000
vt 0.283019 0.000000
vt 0.179245 0.000000
vt 0.386792 0.000000
vt 0.037736 0.000000
vt 0.273585 0.000000
vt 0.188679 0.000000
vt 0.028302 0.000000
vt 0.264151 0.000000
vt 0.396226 0.000000
vt 0.198113 0.000000
vt 0.018868 0.000000
vt 0.254717 0.000000
vt 0.207547 0.000000
vt 0.009434 0.000000
vt 0.405660 0.000000
vt 0.245283 0.000000
vt 0.216981 0.000000
vt 0.235849 0.000000
vt 0.594340 0.000000
vt 0.415094 0.000000
vt 0.962264 0.000000
vt 0.952830 0.000000
vt 0.943396 0.000000
vt 0.933962 0.000000
vt 0.924528 0.000000
vt 0.915094 0.000000
vt 0.905660 0.000000
vt 0.896226 0.000000
vt 0.886792 0.000000
vt 0.877358 0.000000
vt 0.867925 0.000000
vt 0.858491 0.000000
vt 0.849057 0.000000
vt 0.226415 0.000000
vt 0.603774 0.000000
vt 0.839623 0.000000
vt 0.584906 0.000000
vt 0.613208 0.000000
vt 0.830189 0.000000
vt 0.575472 0.000000
vt 0.622642 0.000000
vt 0.820755 0.000000
vt 0.566038 0.000000
vt 0.632075 0.000000
vt 0.811321 0.000000
vt 0.556604 0.000000
vt 0.641509 0.000000
vt 0.424528 0.000000
vt 0.801887 0.000000
vt 0.650943 0.000000
vt 0.547170 0.000000
vt 0.660377 0.000000
vt 0.792453 0.000000
vt 0.537736 0.000000
vt 0.669811 0.000000
vt 0.783019 0.000000
vt 0.528302 0.000000
vt 0.679245 0.000000
vt 0.433962 0.000000
vt 0.773585 0.000000
vt 0.688679 0.000000
vt 0.518868 0.000000
vt 0.698113 0.000000
vt 0.764151 0.000000
vt 0.509434 0.000000
vt 0.707547 0.000000
vt 0.443396 0.000000
vt 0.754717 0.000000
vt 0.971698 0.000000
vt 0.716981 0.000000
vt 0.745283 0.000000
vt 0.490566 0.000000
vt 0.452830 0.000000
vt 0.735849 0.000000
vt 0.481132 0.000000
vt 0.462264 0.000000
vt 0.726415 0.000000
vt 0.471698 0.000000
vt 0.611765 0.000000
vt 0.619608 0.000000
vt 0.615686 0.000000
vt 0.623529 0.000000
vt 0.607843 0.000000
vt 0.603922 0.000000
vt 0.596078 0.000000
vt 0.592157 0.000000
vt 0.588235 0.000000
vt 0.584314 0.000000
vt 0.003922 0.000000
vt 0.580392 0.000000
vt 0.627451 0.000000
vt 0.811765 0.000000
vt 0.807843 0.000000
vt 0.007843 0.000000
vt 0.803922 0.000000
vt 0.631373 0.000000
vt 0.635294 0.000000
vt 0.796078 0.000000
vt 0.639216 0.000000
vt 0.011765 0.000000
vt 0.792157 0.000000
vt 0.643137 0.000000
vt 0.576471 0.000000
vt 0.788235 0.000000
vt 0.015686 0.000000
vt 0.647059 0.000000
vt 0.784314 0.000000
vt 0.650980 0.000000
vt 0.019608 0.000000
vt 0.780392 0.000000
vt 0.654902 0.000000
vt 0.023529 0.000000
vt 0.572549 0.000000
vt 0.776471 0.000000
vt 0.027451 0.000000
vt 0.658824 0.000000
vt 0.031373 0.000000
vt 0.772549 0.000000
vt 0.662745 0.000000
vt 0.568627 0.000000
vt 0.035294 0.000000
vt 0.768627 0.000000
vt 0.039216 0.000000
vt 0.764706 0.000000
vt 0.670588 0.000000
vt 0.043137 0.000000
vt 0.564706 0.000000
vt 0.760784 0.000000
vt 0.047059 0.000000
vt 0.674510 0.000000
vt 0.560784 0.000000
vt 0.050980 0.000000
vt 0.756863 0.000000
vt 0.678431 0.000000
vt 0.556863 0.000000
vt 0.054902 0.000000
vt 0.552941 0.000000
vt 0.752941 0.000000
vt 0.682353 0.000000
vt 0.058824 0.000000
vt 0.549020 0.000000
vt 0.749020 0.000000
vt 0.686275 0.000000
vt 0.545098 0.000000
vt 0.062745 0.000000
vt 0.745098 0.000000
vt 0.541176 0.000000
vt 0.690196 0.000000
vt 0.066667 0.000000
vt 0.537255 0.000000
vt 0.741176 0.000000
vt 0.694118 0.000000
vt 0.533333 0.000000
vt 0.070588 0.000000
vt 0.737255 0.000000
vt 0.698039 0.000000
vt 0.529412 0.000000
vt 0.733333 0.000000
vt 0.074510 0.000000
vt 0.701961 0.000000
vt 0.525490 0.000000
vt 0.729412 0.000000
vt 0.705882 0.000000
vt 0.078431 0.000000
vt 0.521569 0.000000
vt 0.725490 0.000000
vt 0.709804 0.000000
vt 0.721569 0.000000
vt 0.713726 0.000000
vt 0.517647 0.000000
vt 0.717647 0.000000
vt 0.082353 0.000000
vt 0.513726 0.000000
vt 0.086275 0.000000
vt 0.509804 0.000000
vt 0.090196 0.000000
vt 0.505882 0.000000
vt 0.501961 0.000000
vt 0.094118 0.000000
vt 0.498039 0.000000
vt 0.098039 0.000000
vt 0.494118 0.000000
vt 0.490196 0.000000
vt 0.486275 0.000000
vt 0.101961 0.000000
vt 0.482353 0.000000
vt 0.478431 0.000000
vt 0.474510 0.000000
vt 0.105882 0.000000
vt 0.470588 0.000000
vt 0.466667 0.000000
vt 0.462745 0.000000
vt 0.109804 0.000000
vt 0.458824 0.000000
vt 0.113725 0.000000
vt 0.454902 0.000000
vt 0.117647 0.000000
vt 0.450980 0.000000
vt 0.121569 0.000000
vt 0.447059 0.000000
vt 0.125490 0.000000
vt 0.129412 0.000000
vt 0.443137 0.000000
vt 0.133333 0.000000
vt 0.439216 0.000000
vt 0.137255 0.000000
vt 0.435294 0.000000
vt 0.431373 0.000000
vt 0.141176 0.000000
vt 0.427451 0.000000
vt 0.145098 0.000000
vt 0.423529 0.000000
vt 0.149020 0.000000
vt 0.419608 0.000000
vt 0.152941 0.000000
vt 0.415686 0.000000
vt 0.156863 0.000000
vt 0.411765 0.000000
vt 0.160784 0.000000
vt 0.407843 0.000000
vt 0.164706 0.000000
vt 0.403922 0.000000
vt 0.168627 0.000000
vt 0.172549 0.000000
vt 0.396078 0.000000
vt 0.176471 0.000000
vt 0.392157 0.000000
vt 0.180392 0.000000
vt 0.388235 0.000000
vt 0.184314 0.000000
vt 0.384314 0.000000
vt 0.188235 0.000000
vt 0.380392 0.000000
vt 0.192157 0.000000
vt 0.376471 0.000000
vt 0.196078 0.000000
vt 0.372549 0.000000
vt 0.368627 0.000000
vt 0.364706 0.000000
vt 0.203922 0.000000
vt 0.360784 0.000000
vt 0.207843 0.000000
vt 0.356863 0.000000
vt 0.211765 0.000000
vt 0.352941 0.000000
vt 0.215686 0.000000
vt 0.349020 0.000000
vt 0.996078 0.000000
vt 0.219608 0.000000
vt 0.815686 0.000000
vt 0.992157 0.000000
vt 0.819608 0.000000
vt 0.988235 0.000000
vt 0.823529 0.000000
vt 0.345098 0.000000
vt 0.984314 0.000000
vt 0.827451 0.000000
vt 0.980392 0.000000
vt 0.831373 0.000000
vt 0.976471 0.000000
vt 0.223529 0.000000
vt 0.835294 0.000000
vt 0.972549 0.000000
vt 0.341176 0.000000
vt 0.839216 0.000000
vt 0.968627 0.000000
vt 0.227451 0.000000
vt 0.843137 0.000000
vt 0.337255 0.000000
vt 0.964706 0.000000
vt 0.847059 0.000000
vt 0.960784 0.000000
vt 0.231373 0.000000
vt 0.850980 0.000000
vt 0.956863 0.000000
vt 0.854902 0.000000
vt 0.235294 0.000000
vt 0.329412 0.000000
vt 0.858824 0.000000
vt 0.952941 0.000000
vt 0.239216 0.000000
vt 0.862745 0.000000
vt 0.325490 0.000000
vt 0.949020 0.000000
vt 0.866667 0.000000
vt 0.945098 0.000000
vt 0.243137 0.000000
vt 0.870588 0.000000
vt 0.941176 0.000000
vt 0.321569 0.000000
vt 0.874510 0.000000
vt 0.937255 0.000000
vt 0.878431 0.000000
vt 0.247059 0.000000
vt 0.933333 0.000000
vt 0.317647 0.000000
vt 0.882353 0.000000
vt 0.929412 0.000000
vt 0.886275 0.000000
vt 0.925490 0.000000
vt 0.890196 0.000000
vt 0.250980 0.000000
vt 0.921569 0.000000
vt 0.313726 0.000000
vt 0.894118 0.000000
vt 0.917647 0.000000
vt 0.898039 0.000000
vt 0.913725 0.000000
vt 0.901961 0.000000
vt 0.909804 0.000000
vt 0.905882 0.000000
vt 0.254902 0.000000
vt 0.309804 0.000000
vt 0.258824 0.000000
vt 0.305882 0.000000
vt 0.301961 0.000000
vt 0.262745 0.000000
vt 0.298039 0.000000
vt 0.266667 0.000000
vt 0.294118 0.000000
vt 0.270588 0.000000
vt 0.290196 0.000000
vt 0.274510 0.000000
vt 0.286275 0.000000
vt 0.278431 0.000000
vt 0.282353 0.000000
vt 0.259259 0.000000
vt 0.240741 0.000000
vt 0.277778 0.000000
vt 0.203704 0.000000
vt 0.296296 0.000000
vt 0.185185 0.000000
vt 0.314815 0.000000
vt 0.351852 0.000000
vt 0.962963 0.000000
vt 0.981481 0.000000
vt 0.148148 0.000000
vt 0.370370 0.000000
vt 0.388889 0.000000
vt 0.129630 0.000000
vt 0.407407 0.000000
vt 0.425926 0.000000
vt 0.092593 0.000000
vt 0.462963 0.000000
vt 0.074074 0.000000
vt 0.648148 0.000000
vt 0.629630 0.000000
vt 0.611111 0.000000
vt 0.592593 0.000000
vt 0.574074 0.000000
vt 0.537037 0.000000
vt 0.518519 0.000000
vt 0.481481 0.000000
vt 0.055556 0.000000
vt 0.685185 0.000000
vt 0.037037 0.000000
vt 0.722222 0.000000
vt 0.703704 0.000000
vt 0.740741 0.000000
vt 0.759259 0.000000
vt 0.018519 0.000000
vt 0.796296 0.000000
vt 0.870370 0.000000
vt 0.851852 0.000000
vt 0.814815 0.000000
vt 0.907407 0.000000
vt 0.925926 0.000000
vt 0.944444 0.000000
vt 0.000000 1.000000
vt 0.100000 1.000000
vt 0.200000 1.000000
vt 0.300000 1.000000
vt 0.400000 1.000000
vt 0.500000 1.000000
vt 0.600000 1.000000
vt 0.700000 1.000000
vt 0.800000 1.000000
vt 0.900000 1.000000
vt 1.000000 1.000000
vt 0.018182 1.000000
vt 0.018182 0.000000
vt 0.036364 1.000000
vt 0.036364 0.000000
vt 0.054545 1.000000
vt 0.054545 0.000000
vt 0.072727 1.000000
vt 0.072727 0.000000
vt 0.090909 1.000000
vt 0.090909 0.000000
vt 0.109091 1.000000
vt 0.109091 0.000000
vt 0.127273 1.000000
vt 0.127273 0.000000
vt 0.145455 1.000000
vt 0.145455 0.000000
vt 0.163636 1.000000
vt 0.163636 0.000000
vt 0.181818 1.000000
vt 0.181818 0.000000
vt 0.218182 1.000000
vt 0.218182 0.000000
vt 0.236364 1.000000
vt 0.236364 0.000000
vt 0.254545 1.000000
vt 0.254545 0.000000
vt 0.272727 1.000000
vt 0.272727 0.000000
vt 0.290909 1.000000
vt 0.290909 0.000000
vt 0.309091 1.000000
vt 0.309091 0.000000
vt 0.327273 1.000000
vt 0.327273 0.000000
vt 0.345455 1.000000
vt 0.345455 0.000000
vt 0.363636 1.000000
vt 0.363636 0.000000
vt 0.381818 1.000000
vt 0.381818 0.000000
vt 0.418182 1.000000
vt 0.418182 0.000000
vt 0.436364 1.000000
vt 0.436364 0.000000
vt 0.454545 1.000000
vt 0.454545 0.000000
vt 0.472727 1.000000
vt 0.472727 0.000000
vt 0.490909 1.000000
vt 0.490909 0.000000
vt 0.509091 1.000000
vt 0.509091 0.000000
vt 0.527273 1.000000
vt 0.527273 0.000000
vt 0.545455 1.000000
vt 0.545455 0.000000
vt 0.563636 1.000000
vt 0.563636 0.000000
vt 0.581818 1.000000
vt 0.581818 0.000000
vt 0.618182 1.000000
vt 0.618182 0.000000
vt 0.636364 1.000000
vt 0.636364 0.000000
vt 0.654545 1.000000
vt 0.654545 0.000000
vt 0.672727 1.000000
vt 0.672727 0.000000
vt 0.690909 1.000000
vt 0.690909 0.000000
vt 0.709091 1.000000
vt 0.709091 0.000000
vt 0.727273 1.000000
vt 0.727273 0.000000
vt 0.745455 1.000000
vt 0.745455 0.000000
vt 0.763636 1.000000
vt 0.763636 0.000000
vt 0.781818 1.000000
vt 0.781818 0.000000
vt 0.818182 1.000000
vt 0.818182 0.000000
vt 0.836364 1.000000
vt 0.836364 0.000000
vt 0.854545 1.000000
vt 0.854545 0.000000
vt 0.872727 1.000000
vt 0.872727 0.000000
vt 0.890909 1.000000
vt 0.890909 0.000000
vt 0.909091 1.000000
vt 0.909091 0.000000
vt 0.927273 1.000000
vt 0.927273 0.000000
vt 0.945455 1.000000
vt 0.945455 0.000000
vt 0.963636 1.000000
vt 0.963636 0.000000
vt 0.981818 1.000000
vt 0.981818 0.000000
vt 0.007299 1.000000
vt 0.007299 0.000000
vt 0.014599 1.000000
vt 0.014599 0.000000
vt 0.021898 1.000000
vt 0.021898 0.000000
vt 0.029197 1.000000
vt 0.029197 0.000000
vt 0.036496 1.000000
vt 0.036496 0.000000
vt 0.043796 1.000000
vt 0.043796 0.000000
vt 0.051095 1.000000
vt 0.051095 0.000000
vt 0.058394 1.000000
vt 0.058394 0.000000
vt 0.065693 1.000000
vt 0.065693 0.000000
vt 0.072993 1.000000
vt 0.072993 0.000000
vt 0.080292 1.000000
vt 0.080292 0.000000
vt 0.087591 1.000000
vt 0.087591 0.000000
vt 0.094891 1.000000
vt 0.094891 0.000000
vt 0.102190 1.000000
vt 0.102190 0.000000
vt 0.109489 1.000000
vt 0.109489 0.000000
vt 0.116788 1.000000
vt 0.116788 0.000000
vt 0.124088 1.000000
vt 0.124088 0.000000
vt 0.131387 1.000000
vt 0.131387 0.000000
vt 0.138686 1.000000
vt 0.138686 0.000000
vt 0.145985 1.000000
vt 0.145985 0.000000
vt 0.153285 1.000000
vt 0.153285 0.000000
vt 0.160584 1.000000
vt 0.160584 0.000000
vt 0.167883 1.000000
vt 0.167883 0.000000
vt 0.175182 1.000000
vt 0.175182 0.000000
vt 0.182482 1.000000
vt 0.182482 0.000000
vt 0.189781 1.000000
vt 0.189781 0.000000
vt 0.197080 1.000000
vt 0.197080 0.000000
vt 0.204380 1.000000
vt 0.204380 0.000000
vt 0.211679 1.000000
vt 0.211679 0.000000
vt 0.218978 1.000000
vt 0.218978 0.000000
vt 0.226277 1.000000
vt 0.226277 0.000000
vt 0.233577 1.000000
vt 0.233577 0.000000
vt 0.240876 1.000000
vt 0.240876 0.000000
vt 0.248175 1.000000
vt 0.248175 0.000000
vt 0.255474 1.000000
vt 0.255474 0.000000
vt 0.262774 1.000000
vt 0.262774 0.000000
vt 0.270073 1.000000
vt 0.270073 0.000000
vt 0.277372 1.000000
vt 0.277372 0.000000
vt 0.284672 1.000000
vt 0.284672 0.000000
vt 0.291971 1.000000
vt 0.291971 0.000000
vt 0.299270 1.000000
vt 0.299270 0.000000
vt 0.306569 1.000000
vt 0.306569 0.000000
vt 0.313869 1.000000
vt 0.313869 0.000000
vt 0.321168 1.000000
vt 0.321168 0.000000
vt 0.328467 1.000000
vt 0.328467 0.000000
vt 0.335766 1.000000
vt 0.335766 0.000000
vt 0.343066 1.000000
vt 0.343066 0.000000
vt 0.350365 1.000000
vt 0.350365 0.000000
vt 0.357664 1.000000
vt 0.357664 0.000000
vt 0.364964 1.000000
vt 0.364964 0.000000
vt 0.372263 1.000000
vt 0.372263 0.000000
vt 0.379562 1.000000
vt 0.379562 0.000000
vt 0.386861 1.000000
vt 0.386861 0.000000
vt 0.394161 1.000000
vt 0.394161 0.000000
vt 0.401460 1.000000
vt 0.401460 0.000000
vt 0.408759 1.000000
vt 0.408759 0.000000
vt 0.416058 1.000000
vt 0.416058 0.000000
vt 0.423358 1.000000
vt 0.423358 0.000000
vt 0.430657 1.000000
vt 0.430657 0.000000
vt 0.437956 1.000000
vt 0.437956 0.000000
vt 0.445255 1.000000
vt 0.445255 0.000000
vt 0.452555 1.000000
vt 0.452555 0.000000
vt 0.459854 1.000000
vt 0.459854 0.000000
vt 0.467153 1.000000
vt 0.467153 0.000000
vt 0.474453 1.000000
vt 0.474453 0.000000
vt 0.481752 1.000000
vt 0.481752 0.000000
vt 0.489051 1.000000
vt 0.489051 0.000000
vt 0.496350 1.000000
vt 0.496350 0.000000
vt 0.503650 1.000000
vt 0.503650 0.000000
vt 0.510949 1.000000
vt 0.510949 0.000000
vt 0.518248 1.000000
vt 0.518248 0.000000
vt 0.525547 1.000000
vt 0.525547 0.000000
vt 0.532847 1.000000
vt 0.532847 0.000000
vt 0.540146 1.000000
vt 0.540146 0.000000
vt 0.547445 1.000000
vt 0.547445 0.000000
vt 0.554745 1.000000
vt 0.554745 0.000000
vt 0.562044 1.000000
vt 0.562044 0.000000
vt 0.569343 1.000000
vt 0.569343 0.000000
vt 0.576642 1.000000
vt 0.576642 0.000000
vt 0.583942 1.000000
vt 0.583942 0.000000
vt 0.591241 1.000000
vt 0.591241 0.000000
vt 0.598540 1.000000
vt 0.598540 0.000000
vt 0.605839 1.000000
vt 0.605839 0.000000
vt 0.613139 1.000000
vt 0.613139 0.000000
vt 0.620438 1.000000
vt 0.620438 0.000000
vt 0.627737 1.000000
vt 0.627737 0.000000
vt 0.635036 1.000000
vt 0.635036 0.000000
vt 0.642336 1.000000
vt 0.642336 0.000000
vt 0.649635 1.000000
vt 0.649635 0.000000
vt 0.656934 1.000000
vt 0.656934 0.000000
vt 0.664234 1.000000
vt 0.664234 0.000000
vt 0.671533 1.000000
vt 0.671533 0.000000
vt 0.678832 1.000000
vt 0.678832 0.000000
vt 0.686131 1.000000
vt 0.686131 0.000000
vt 0.693431 1.000000
vt 0.693431 0.000000
vt 0.700730 1.000000
vt 0.700730 0.000000
vt 0.708029 1.000000
vt 0.708029 0.000000
vt 0.715328 1.000000
vt 0.715328 0.000000
vt 0.722628 1.000000
vt 0.722628 0.000000
vt 0.729927 1.000000
vt 0.729927 0.000000
vt 0.737226 1.000000
vt 0.737226 0.000000
vt 0.744526 1.000000
vt 0.744526 0.000000
vt 0.751825 1.000000
vt 0.751825 0.000000
vt 0.759124 1.000000
vt 0.759124 0.000000
vt 0.766423 1.000000
vt 0.766423 0.000000
vt 0.773723 1.000000
vt 0.773723 0.000000
vt 0.781022 1.000000
vt 0.781022 0.000000
vt 0.788321 1.000000
vt 0.788321 0.000000
vt 0.795620 1.000000
vt 0.795620 0.000000
vt 0.802920 1.000000
vt 0.802920 0.000000
vt 0.810219 1.000000
vt 0.810219 0.000000
vt 0.817518 1.000000
vt 0.817518 0.000000
vt 0.824818 1.000000
vt 0.824818 0.000000
vt 0.832117 1.000000
vt 0.832117 0.000000
vt 0.839416 1.000000
vt 0.839416 0.000000
vt 0.846715 1.000000
vt 0.846715 0.000000
vt 0.854015 1.000000
vt 0.854015 0.000000
vt 0.861314 1.000000
vt 0.861314 0.000000
vt 0.868613 1.000000
vt 0.868613 0.000000
vt 0.875912 1.000000
vt 0.875912 0.000000
vt 0.883212 1.000000
vt 0.883212 0.000000
vt 0.890511 1.000000
vt 0.890511 0.000000
vt 0.897810 1.000000
vt 0.897810 0.000000
vt 0.905109 1.000000
vt 0.905109 0.000000
vt 0.912409 1.000000
vt 0.912409 0.000000
vt 0.919708 1.000000
vt 0.919708 0.000000
vt 0.927007 1.000000
vt 0.927007 0.000000
vt 0.934307 1.000000
vt 0.934307 0.000000
vt 0.941606 1.000000
vt 0.941606 0.000000
vt 0.948905 1.000000
vt 0.948905 0.000000
vt 0.956204 1.000000
vt 0.956204 0.000000
vt 0.963504 1.000000
vt 0.963504 0.000000
vt 0.970803 1.000000
vt 0.970803 0.000000
vt 0.978102 1.000000
vt 0.978102 0.000000
vt 0.985401 1.000000
vt 0.985401 0.000000
vt 0.992701 1.000000
vt 0.992701 0.000000
vt 0.027027 1.000000
vt 0.027027 0.000000
vt 0.054054 1.000000
vt 0.054054 0.000000
vt 0.081081 1.000000
vt 0.081081 0.000000
vt 0.108108 1.000000
vt 0.108108 0.000000
vt 0.135135 1.000000
vt 0.135135 0.000000
vt 0.162162 1.000000
vt 0.162162 0.000000
vt 0.189189 1.000000
vt 0.189189 0.000000
vt 0.216216 1.000000
vt 0.216216 0.000000
vt 0.243243 1.000000
vt 0.243243 0.000000
vt 0.270270 1.000000
vt 0.270270 0.000000
vt 0.297297 1.000000
vt 0.297297 0.000000
vt 0.324324 1.000000
vt 0.324324 0.000000
vt 0.351351 1.000000
vt 0.351351 0.000000
vt 0.378378 1.000000
vt 0.378378 0.000000
vt 0.405405 1.000000
vt 0.405405 0.000000
vt 0.432432 1.000000
vt 0.432432 0.000000
vt 0.459459 1.000000
vt 0.459459 0.000000
vt 0.486486 1.000000
vt 0.486486 0.000000
vt 0.513514 1.000000
vt 0.513514 0.000000
vt 0.540541 1.000000
vt 0.540541 0.000000
vt 0.567568 1.000000
vt 0.567568 0.000000
vt 0.594595 1.000000
vt 0.594595 0.000000
vt 0.621622 1.000000
vt 0.621622 0.000000
vt 0.648649 1.000000
vt 0.648649 0.000000
vt 0.675676 1.000000
vt 0.675676 0.000000
vt 0.702703 1.000000
vt 0.702703 0.000000
vt 0.729730 1.000000
vt 0.729730 0.000000
vt 0.756757 1.000000
vt 0.756757 0.000000
vt 0.783784 1.000000
vt 0.783784 0.000000
vt 0.810811 1.000000
vt 0.810811 0.000000
vt 0.837838 1.000000
vt 0.837838 0.000000
vt 0.864865 1.000000
vt 0.864865 0.000000
vt 0.891892 1.000000
vt 0.891892 0.000000
vt 0.918919 1.000000
vt 0.918919 0.000000
vt 0.945946 1.000000
vt 0.945946 0.000000
vt 0.972973 1.000000
vt 0.972973 0.000000
vt 0.006250 1.000000
vt 0.006250 0.000000
vt 0.012500 1.000000
vt 0.012500 0.000000
vt 0.018750 1.000000
vt 0.018750 0.000000
vt 0.025000 1.000000
vt 0.025000 0.000000
vt 0.031250 1.000000
vt 0.031250 0.000000
vt 0.037500 1.000000
vt 0.037500 0.000000
vt 0.043750 1.000000
vt 0.043750 0.000000
vt 0.050000 1.000000
vt 0.050000 0.000000
vt 0.056250 1.000000
vt 0.056250 0.000000
vt 0.062500 1.000000
vt 0.062500 0.000000
vt 0.068750 1.000000
vt 0.068750 0.000000
vt 0.075000 1.000000
vt 0.075000 0.000000
vt 0.081250 1.000000
vt 0.081250 0.000000
vt 0.087500 1.000000
vt 0.087500 0.000000
vt 0.093750 1.000000
vt 0.093750 0.000000
vt 0.106250 1.000000
vt 0.106250 0.000000
vt 0.112500 1.000000
vt 0.112500 0.000000
vt 0.118750 1.000000
vt 0.118750 0.000000
vt 0.125000 1.000000
vt 0.131250 1.000000
vt 0.131250 0.000000
vt 0.137500 1.000000
vt 0.137500 0.000000
vt 0.143750 1.000000
vt 0.143750 0.000000
vt 0.150000 1.000000
vt 0.150000 0.000000
vt 0.156250 1.000000
vt 0.156250 0.000000
vt 0.162500 1.000000
vt 0.162500 0.000000
vt 0.168750 1.000000
vt 0.168750 0.000000
vt 0.175000 1.000000
vt 0.175000 0.000000
vt 0.181250 1.000000
vt 0.181250 0.000000
vt 0.187500 1.000000
vt 0.187500 0.000000
vt 0.193750 1.000000
vt 0.193750 0.000000
vt 0.206250 1.000000
vt 0.206250 0.000000
vt 0.212500 1.000000
vt 0.212500 0.000000
vt 0.218750 1.000000
vt 0.218750 0.000000
vt 0.225000 1.000000
vt 0.225000 0.000000
vt 0.231250 1.000000
vt 0.231250 0.000000
vt 0.237500 1.000000
vt 0.237500 0.000000
vt 0.243750 1.000000
vt 0.243750 0.000000
vt 0.250000 1.000000
vt 0.256250 1.000000
vt 0.256250 0.000000
vt 0.262500 1.000000
vt 0.262500 0.000000
vt 0.268750 1.000000
vt 0.268750 0.000000
vt 0.275000 1.000000
vt 0.275000 0.000000
vt 0.281250 1.000000
vt 0.281250 0.000000
vt 0.287500 1.000000
vt 0.287500 0.000000
vt 0.293750 1.000000
vt 0.293750 0.000000
vt 0.306250 1.000000
vt 0.306250 0.000000
vt 0.312500 1.000000
vt 0.312500 0.000000
vt 0.318750 1.000000
vt 0.318750 0.000000
vt 0.325000 1.000000
vt 0.325000 0.000000
vt 0.331250 1.000000
vt 0.331250 0.000000
vt 0.337500 1.000000
vt 0.337500 0.000000
vt 0.343750 1.000000
vt 0.343750 0.000000
vt 0.350000 1.000000
vt 0.350000 0.000000
vt 0.356250 1.000000
vt 0.356250 0.000000
vt 0.362500 1.000000
vt 0.362500 0.000000
vt 0.368750 1.000000
vt 0.368750 0.000000
vt 0.375000 1.000000
vt 0.381250 1.000000
vt 0.381250 0.000000
vt 0.387500 1.000000
vt 0.387500 0.000000
vt 0.393750 1.000000
vt 0.393750 0.000000
vt 0.406250 1.000000
vt 0.406250 0.000000
vt 0.412500 1.000000
vt 0.412500 0.000000
vt 0.418750 1.000000
vt 0.418750 0.000000
vt 0.425000 1.000000
vt 0.425000 0.000000
vt 0.431250 1.000000
vt 0.431250 0.000000
vt 0.437500 1.000000
vt 0.437500 0.000000
vt 0.443750 1.000000
vt 0.443750 0.000000
vt 0.450000 1.000000
vt 0.450000 0.000000
vt 0.456250 1.000000
vt 0.456250 0.000000
vt 0.462500 1.000000
vt 0.462500 0.000000
vt 0.468750 1.000000
vt 0.468750 0.000000
vt 0.475000 1.000000
vt 0.475000 0.000000
vt 0.481250 1.000000
vt 0.481250 0.000000
vt 0.487500 1.000000
vt 0.487500 0.000000
vt 0.493750 1.000000
vt 0.493750 0.000000
vt 0.506250 1.000000
vt 0.506250 0.000000
vt 0.512500 1.000000
vt 0.512500 0.000000
vt 0.518750 1.000000
vt 0.518750 0.000000
vt 0.525000 1.000000
vt 0.525000 0.000000
vt 0.531250 1.000000
vt 0.531250 0.000000
vt 0.537500 1.000000
vt 0.537500 0.000000
vt 0.543750 1.000000
vt 0.543750 0.000000
vt 0.550000 1.000000
vt 0.550000 0.000000
vt 0.556250 1.000000
vt 0.556250 0.000000
vt 0.562500 1.000000
vt 0.562500 0.000000
vt 0.568750 1.000000
vt 0.568750 0.000000
vt 0.575000 1.000000
vt 0.575000 0.000000
vt 0.581250 1.000000
vt 0.581250 0.000000
vt 0.587500 1.000000
vt 0.587500 0.000000
vt 0.593750 1.000000
vt 0.593750 0.000000
vt 0.606250 1.000000
vt 0.606250 0.000000
vt 0.612500 1.000000
vt 0.612500 0.000000
vt 0.618750 1.000000
vt 0.618750 0.000000
vt 0.625000 1.000000
vt 0.631250 1.000000
vt 0.631250 0.000000
vt 0.637500 1.000000
vt 0.637500 0.000000
vt 0.643750 1.000000
vt 0.643750 0.000000
vt 0.650000 1.000000
vt 0.650000 0.000000
vt 0.656250 1.000000
vt 0.656250 0.000000
vt 0.662500 1.000000
vt 0.662500 0.000000
vt 0.668750 1.000000
vt 0.668750 0.000000
vt 0.675000 1.000000
vt 0.675000 0.000000
vt 0.681250 1.000000
vt 0.681250 0.000000
vt 0.687500 1.000000
vt 0.687500 0.000000
vt 0.693750 1.000000
vt 0.693750 0.000000
vt 0.706250 1.000000
vt 0.706250 0.000000
vt 0.712500 1.000000
vt 0.712500 0.000000
vt 0.718750 1.000000
vt 0.718750 0.000000
vt 0.725000 1.000000
vt 0.725000 0.000000
vt 0.731250 1.000000
vt 0.731250 0.000000
vt 0.737500 1.000000
vt 0.737500 0.000000
vt 0.743750 1.000000
vt 0.743750 0.000000
vt 0.750000 1.000000
vt 0.756250 1.000000
vt 0.756250 0.000000
vt 0.762500 1.000000
vt 0.762500 0.000000
vt 0.768750 1.000000
vt 0.768750 0.000000
vt 0.775000 1.000000
vt 0.775000 0.000000
vt 0.781250 1.000000
vt 0.781250 0.000000
vt 0.787500 1.000000
vt 0.787500 0.000000
vt 0.793750 1.000000
vt 0.793750 0.000000
vt 0.806250 1.000000
vt 0.806250 0.000000
vt 0.812500 1.000000
vt 0.812500 0.000000
vt 0.818750 1.000000
vt 0.818750 0.000000
vt 0.825000 1.000000
vt 0.825000 0.000000
vt 0.831250 1.000000
vt 0.831250 0.000000
vt 0.837500 1.000000
vt 0.837500 0.000000
vt 0.843750 1.000000
vt 0.843750 0.000000
vt 0.850000 1.000000
vt 0.850000 0.000000
vt 0.856250 1.000000
vt 0.856250 0.000000
vt 0.862500 1.000000
vt 0.862500 0.000000
vt 0.868750 1.000000
vt 0.868750 0.000000
vt 0.875000 1.000000
vt 0.881250 1.000000
vt 0.881250 0.000000
vt 0.887500 1.000000
vt 0.887500 0.000000
vt 0.893750 1.000000
vt 0.893750 0.000000
vt 0.906250 1.000000
vt 0.906250 0.000000
vt 0.912500 1.000000
vt 0.912500 0.000000
vt 0.918750 1.000000
vt 0.918750 0.000000
vt 0.925000 1.000000
vt 0.925000 0.000000
vt 0.931250 1.000000
vt 0.931250 0.000000
vt 0.937500 1.000000
vt 0.937500 0.000000
vt 0.943750 1.000000
vt 0.943750 0.000000
vt 0.950000 1.000000
vt 0.950000 0.000000
vt 0.956250 1.000000
vt 0.956250 0.000000
vt 0.962500 1.000000
vt 0.962500 0.000000
vt 0.968750 1.000000
vt 0.968750 0.000000
vt 0.975000 1.000000
vt 0.975000 0.000000
vt 0.981250 1.000000
vt 0.981250 0.000000
vt 0.987500 1.000000
vt 0.987500 0.000000
vt 0.993750 1.000000
vt 0.993750 0.000000
vt 0.020833 1.000000
vt 0.020833 0.000000
vt 0.041667 1.000000
vt 0.041667 0.000000
vt 0.083333 1.000000
vt 0.104167 1.000000
vt 0.104167 0.000000
vt 0.145833 1.000000
vt 0.145833 0.000000
vt 0.166667 1.000000
vt 0.208333 1.000000
vt 0.208333 0.000000
vt 0.229167 1.000000
vt 0.229167 0.000000
vt 0.270833 1.000000
vt 0.270833 0.000000
vt 0.291667 1.000000
vt 0.291667 0.000000
vt 0.333333 1.000000
vt 0.354167 1.000000
vt 0.354167 0.000000
vt 0.395833 1.000000
vt 0.395833 0.000000
vt 0.416667 1.000000
vt 0.458333 1.000000
vt 0.458333 0.000000
vt 0.479167 1.000000
vt 0.479167 0.000000
vt 0.520833 1.000000
vt 0.520833 0.000000
vt 0.541667 1.000000
vt 0.541667 0.000000
vt 0.583333 1.000000
vt 0.604167 1.000000
vt 0.604167 0.000000
vt 0.645833 1.000000
vt 0.645833 0.000000
vt 0.666667 1.000000
vt 0.708333 1.000000
vt 0.708333 0.000000
vt 0.729167 1.000000
vt 0.729167 0.000000
vt 0.770833 1.000000
vt 0.770833 0.000000
vt 0.791667 1.000000
vt 0.791667 0.000000
vt 0.833333 1.000000
vt 0.854167 1.000000
vt 0.854167 0.000000
vt 0.895833 1.000000
vt 0.895833 0.000000
vt 0.916667 1.000000
vt 0.958333 1.000000
vt 0.958333 0.000000
vt 0.979167 1.000000
vt 0.979167 0.000000
vt 0.009346 1.000000
vt 0.009346 0.000000
vt 0.018692 1.000000
vt 0.018692 0.000000
vt 0.028037 1.000000
vt 0.028037 0.000000
vt 0.037383 1.000000
vt 0.037383 0.000000
vt 0.046729 1.000000
vt 0.046729 0.000000
vt 0.056075 1.000000
vt 0.056075 0.000000
vt 0.065421 1.000000
vt 0.065421 0.000000
vt 0.074766 1.000000
vt 0.074766 0.000000
vt 0.084112 1.000000
vt 0.084112 0.000000
vt 0.093458 1.000000
vt 0.093458 0.000000
vt 0.102804 1.000000
vt 0.102804 0.000000
vt 0.112150 1.000000
vt 0.112150 0.000000
vt 0.121495 1.000000
vt 0.121495 0.000000
vt 0.130841 1.000000
vt 0.130841 0.000000
vt 0.140187 1.000000
vt 0.140187 0.000000
vt 0.149533 1.000000
vt 0.149533 0.000000
vt 0.158879 1.000000
vt 0.158879 0.000000
vt 0.168224 1.000000
vt 0.168224 0.000000
vt 0.177570 1.000000
vt 0.177570 0.000000
vt 0.186916 1.000000
vt 0.186916 0.000000
vt 0.196262 1.000000
vt 0.196262 0.000000
vt 0.205607 1.000000
vt 0.205607 0.000000
vt 0.214953 1.000000
vt 0.214953 0.000000
vt 0.224299 1.000000
vt 0.224299 0.000000
vt 0.233645 1.000000
vt 0.233645 0.000000
vt 0.242991 1.000000
vt 0.242991 0.000000
vt 0.252336 1.000000
vt 0.252336 0.000000
vt 0.261682 1.000000
vt 0.261682 0.000000
vt 0.271028 1.000000
vt 0.271028 0.000000
vt 0.280374 1.000000
vt 0.280374 0.000000
vt 0.289720 1.000000
vt 0.289720 0.000000
vt 0.299065 1.000000
vt 0.299065 0.000000
vt 0.308411 1.000000
vt 0.308411 0.000000
vt 0.317757 1.000000
vt 0.317757 0.000000
vt 0.327103 1.000000
vt 0.327103 0.000000
vt 0.336449 1.000000
vt 0.336449 0.000000
vt 0.345794 1.000000
vt 0.345794 0.000000
vt 0.355140 1.000000
vt 0.355140 0.000000
vt 0.364486 1.000000
vt 0.364486 0.000000
vt 0.373832 1.000000
vt 0.373832 0.000000
vt 0.383178 1.000000
vt 0.383178 0.000000
vt 0.392523 1.000000
vt 0.392523 0.000000
vt 0.401869 1.000000
vt 0.401869 0.000000
vt 0.411215 1.000000
vt 0.411215 0.000000
vt 0.420561 1.000000
vt 0.420561 0.000000
vt 0.429907 1.000000
vt 0.429907 0.000000
vt 0.439252 1.000000
vt 0.439252 0.000000
vt 0.448598 1.000000
vt 0.448598 0.000000
vt 0.457944 1.000000
vt 0.457944 0.000000
vt 0.467290 1.000000
vt 0.467290 0.000000
vt 0.476636 1.000000
vt 0.476636 0.000000
vt 0.485981 1.000000
vt 0.485981 0.000000
vt 0.495327 1.000000
vt 0.495327 0.000000
vt 0.504673 1.000000
vt 0.504673 0.000000
vt 0.514019 1.000000
vt 0.514019 0.000000
vt 0.523364 1.000000
vt 0.523364 0.000000
vt 0.532710 1.000000
vt 0.532710 0.000000
vt 0.542056 1.000000
vt 0.542056 0.000000
vt 0.551402 1.000000
vt 0.551402 0.000000
vt 0.560748 1.000000
vt 0.560748 0.000000
vt 0.570093 1.000000
vt 0.570093 0.000000
vt 0.579439 1.000000
vt 0.579439 0.000000
vt 0.588785 1.000000
vt 0.588785 0.000000
vt 0.598131 1.000000
vt 0.598131 0.000000
vt 0.607477 1.000000
vt 0.607477 0.000000
vt 0.616822 1.000000
vt 0.616822 0.000000
vt 0.626168 1.000000
vt 0.626168 0.000000
vt 0.635514 1.000000
vt 0.635514 0.000000
vt 0.644860 1.000000
vt 0.644860 0.000000
vt 0.654206 1.000000
vt 0.654206 0.000000
vt 0.663551 1.000000
vt 0.663551 0.000000
vt 0.672897 1.000000
vt 0.672897 0.000000
vt 0.682243 1.000000
vt 0.682243 0.000000
vt 0.691589 1.000000
vt 0.691589 0.000000
vt 0.700935 1.000000
vt 0.700935 0.000000
vt 0.710280 1.000000
vt 0.710280 0.000000
vt 0.719626 1.000000
vt 0.719626 0.000000
vt 0.728972 1.000000
vt 0.728972 0.000000
vt 0.738318 1.000000
vt 0.738318 0.000000
vt 0.747664 1.000000
vt 0.747664 0.000000
vt 0.757009 1.000000
vt 0.757009 0.000000
vt 0.766355 1.000000
vt 0.766355 0.000000
vt 0.775701 1.000000
vt 0.775701 0.000000
vt 0.785047 1.000000
vt 0.785047 0.000000
vt 0.794393 1.000000
vt 0.794393 0.000000
vt 0.803738 1.000000
vt 0.803738 0.000000
vt 0.813084 1.000000
vt 0.813084 0.000000
vt 0.822430 1.000000
vt 0.822430 0.000000
vt 0.831776 1.000000
vt 0.831776 0.000000
vt 0.841121 1.000000
vt 0.841121 0.000000
vt 0.850467 1.000000
vt 0.850467 0.000000
vt 0.859813 1.000000
vt 0.859813 0.000000
vt 0.869159 1.000000
vt 0.869159 0.000000
vt 0.878505 1.000000
vt 0.878505 0.000000
vt 0.887850 1.000000
vt 0.887850 0.000000
vt 0.897196 1.000000
vt 0.897196 0.000000
vt 0.906542 1.000000
vt 0.906542 0.000000
vt 0.915888 1.000000
vt 0.915888 0.000000
vt 0.925234 1.000000
vt 0.925234 0.000000
vt 0.934579 1.000000
vt 0.934579 0.000000
vt 0.943925 1.000000
vt 0.943925 0.000000
vt 0.953271 1.000000
vt 0.953271 0.000000
vt 0.962617 1.000000
vt 0.962617 0.000000
vt 0.971963 1.000000
vt 0.971963 0.000000
vt 0.981308 1.000000
vt 0.981308 0.000000
vt 0.990654 1.000000
vt 0.990654 0.000000
vt 0.013514 1.000000
vt 0.013514 0.000000
vt 0.040541 1.000000
vt 0.040541 0.000000
vt 0.067568 1.000000
vt 0.067568 0.000000
vt 0.094595 1.000000
vt 0.094595 0.000000
vt 0.121622 1.000000
vt 0.121622 0.000000
vt 0.148649 1.000000
vt 0.148649 0.000000
vt 0.175676 1.000000
vt 0.175676 0.000000
vt 0.202703 1.000000
vt 0.202703 0.000000
vt 0.229730 1.000000
vt 0.229730 0.000000
vt 0.256757 1.000000
vt 0.256757 0.000000
vt 0.283784 1.000000
vt 0.283784 0.000000
vt 0.310811 1.000000
vt 0.310811 0.000000
vt 0.337838 1.000000
vt 0.337838 0.000000
vt 0.364865 1.000000
vt 0.364865 0.000000
vt 0.391892 1.000000
vt 0.391892 0.000000
vt 0.418919 1.000000
vt 0.418919 0.000000
vt 0.445946 1.000000
vt 0.445946 0.000000
vt 0.472973 1.000000
vt 0.472973 0.000000
vt 0.527027 1.000000
vt 0.527027 0.000000
vt 0.554054 1.000000
vt 0.554054 0.000000
vt 0.581081 1.000000
vt 0.581081 0.000000
vt 0.608108 1.000000
vt 0.608108 0.000000
vt 0.635135 1.000000
vt 0.635135 0.000000
vt 0.662162 1.000000
vt 0.662162 0.000000
vt 0.689189 1.000000
vt 0.689189 0.000000
vt 0.716216 1.000000
vt 0.716216 0.000000
vt 0.743243 1.000000
vt 0.743243 0.000000
vt 0.770270 1.000000
vt 0.770270 0.000000
vt 0.797297 1.000000
vt 0.797297 0.000000
vt 0.824324 1.000000
vt 0.824324 0.000000
vt 0.851351 1.000000
vt 0.851351 0.000000
vt 0.878378 1.000000
vt 0.878378 0.000000
vt 0.905405 1.000000
vt 0.905405 0.000000
vt 0.932432 1.000000
vt 0.932432 0.000000
vt 0.959459 1.000000
vt 0.959459 0.000000
vt 0.986486 1.000000
vt 0.986486 0.000000
vt 0.040000 1.000000
vt 0.040000 0.000000
vt 0.080000 1.000000
vt 0.080000 0.000000
vt 0.120000 1.000000
vt 0.120000 0.000000
vt 0.160000 1.000000
vt 0.160000 0.000000
vt 0.240000 1.000000
vt 0.240000 0.000000
vt 0.280000 1.000000
vt 0.280000 0.000000
vt 0.320000 1.000000
vt 0.320000 0.000000
vt 0.360000 1.000000
vt 0.360000 0.000000
vt 0.440000 1.000000
vt 0.440000 0.000000
vt 0.480000 1.000000
vt 0.480000 0.000000
vt 0.520000 1.000000
vt 0.520000 0.000000
vt 0.560000 1.000000
vt 0.560000 0.000000
vt 0.640000 1.000000
vt 0.640000 0.000000
vt 0.680000 1.000000
vt 0.680000 0.000000
vt 0.720000 1.000000
vt 0.720000 0.000000
vt 0.760000 1.000000
vt 0.760000 0.000000
vt 0.840000 1.000000
vt 0.840000 0.000000
vt 0.880000 1.000000
vt 0.880000 0.000000
vt 0.920000 1.000000
vt 0.920000 0.000000
vt 0.960000 1.000000
vt 0.960000 0.000000
vt 0.017544 1.000000
vt 0.035088 1.000000
vt 0.052632 1.000000
vt 0.070175 1.000000
vt 0.087719 1.000000
vt 0.105263 1.000000
vt 0.122807 1.000000
vt 0.140351 1.000000
vt 0.157895 1.000000
vt 0.175439 1.000000
vt 0.192982 1.000000
vt 0.210526 1.000000
vt 0.228070 1.000000
vt 0.245614 1.000000
vt 0.263158 1.000000
vt 0.280702 1.000000
vt 0.298246 1.000000
vt 0.315789 1.000000
vt 0.350877 1.000000
vt 0.368421 1.000000
vt 0.385965 1.000000
vt 0.403509 1.000000
vt 0.421053 1.000000
vt 0.438596 1.000000
vt 0.456140 1.000000
vt 0.473684 1.000000
vt 0.491228 1.000000
vt 0.508772 1.000000
vt 0.526316 1.000000
vt 0.543860 1.000000
vt 0.561404 1.000000
vt 0.578947 1.000000
vt 0.596491 1.000000
vt 0.614035 1.000000
vt 0.631579 1.000000
vt 0.649123 1.000000
vt 0.684211 1.000000
vt 0.701754 1.000000
vt 0.719298 1.000000
vt 0.736842 1.000000
vt 0.754386 1.000000
vt 0.771930 1.000000
vt 0.789474 1.000000
vt 0.807018 1.000000
vt 0.824561 1.000000
vt 0.842105 1.000000
vt 0.859649 1.000000
vt 0.877193 1.000000
vt 0.894737 1.000000
vt 0.912281 1.000000
vt 0.929825 1.000000
vt 0.947368 1.000000
vt 0.964912 1.000000
vt 0.982456 1.000000
vt 0.017241 1.000000
vt 0.017241 0.000000
vt 0.034483 1.000000
vt 0.034483 0.000000
vt 0.051724 1.000000
vt 0.051724 0.000000
vt 0.068966 1.000000
vt 0.068966 0.000000
vt 0.086207 1.000000
vt 0.086207 0.000000
vt 0.103448 1.000000
vt 0.103448 0.000000
vt 0.120690 1.000000
vt 0.120690 0.000000
vt 0.137931 1.000000
vt 0.137931 0.000000
vt 0.155172 1.000000
vt 0.155172 0.000000
vt 0.172414 1.000000
vt 0.172414 0.000000
vt 0.189655 1.000000
vt 0.189655 0.000000
vt 0.206897 1.000000
vt 0.206897 0.000000
vt 0.224138 1.000000
vt 0.224138 0.000000
vt 0.241379 1.000000
vt 0.241379 0.000000
vt 0.258621 1.000000
vt 0.258621 0.000000
vt 0.275862 1.000000
vt 0.275862 0.000000
vt 0.293103 1.000000
vt 0.293103 0.000000
vt 0.310345 1.000000
vt 0.310345 0.000000
vt 0.327586 1.000000
vt 0.327586 0.000000
vt 0.344828 1.000000
vt 0.344828 0.000000
vt 0.362069 1.000000
vt 0.362069 0.000000
vt 0.379310 1.000000
vt 0.379310 0.000000
vt 0.396552 1.000000
vt 0.396552 0.000000
vt 0.413793 1.000000
vt 0.413793 0.000000
vt 0.431034 1.000000
vt 0.431034 0.000000
vt 0.448276 1.000000
vt 0.448276 0.000000
vt 0.465517 1.000000
vt 0.465517 0.000000
vt 0.482759 1.000000
vt 0.482759 0.000000
vt 0.517241 1.000000
vt 0.517241 0.000000
vt 0.534483 1.000000
vt 0.534483 0.000000
vt 0.551724 1.000000
vt 0.551724 0.000000
vt 0.568965 1.000000
vt 0.568965 0.000000
vt 0.586207 1.000000
vt 0.586207 0.000000
vt 0.603448 1.000000
vt 0.603448 0.000000
vt 0.620690 1.000000
vt 0.620690 0.000000
vt 0.637931 1.000000
vt 0.637931 0.000000
vt 0.655172 1.000000
vt 0.655172 0.000000
vt 0.672414 1.000000
vt 0.672414 0.000000
vt 0.689655 1.000000
vt 0.689655 0.000000
vt 0.706897 1.000000
vt 0.706897 0.000000
vt 0.724138 1.000000
vt 0.724138 0.000000
vt 0.741379 1.000000
vt 0.741379 0.000000
vt 0.758621 1.000000
vt 0.758621 0.000000
vt 0.775862 1.000000
vt 0.775862 0.000000
vt 0.793103 1.000000
vt 0.793103 0.000000
vt 0.810345 1.000000
vt 0.810345 0.000000
vt 0.827586 1.000000
vt 0.827586 0.000000
vt 0.844828 1.000000
vt 0.844828 0.000000
vt 0.862069 1.000000
vt 0.862069 0.000000
vt 0.879310 1.000000
vt 0.879310 0.000000
vt 0.896552 1.000000
vt 0.896552 0.000000
vt 0.913793 1.000000
vt 0.913793 0.000000
vt 0.931035 1.000000
vt 0.931035 0.000000
vt 0.948276 1.000000
vt 0.948276 0.000000
vt 0.965517 1.000000
vt 0.965517 0.000000
vt 0.982759 1.000000
vt 0.982759 0.000000
vt 0.007463 1.000000
vt 0.007463 0.000000
vt 0.014925 1.000000
vt 0.014925 0.000000
vt 0.022388 1.000000
vt 0.022388 0.000000
vt 0.029851 1.000000
vt 0.029851 0.000000
vt 0.037313 1.000000
vt 0.037313 0.000000
vt 0.044776 1.000000
vt 0.044776 0.000000
vt 0.052239 1.000000
vt 0.052239 0.000000
vt 0.059701 1.000000
vt 0.059701 0.000000
vt 0.067164 1.000000
vt 0.067164 0.000000
vt 0.074627 1.000000
vt 0.074627 0.000000
vt 0.082090 1.000000
vt 0.082090 0.000000
vt 0.089552 1.000000
vt 0.089552 0.000000
vt 0.097015 1.000000
vt 0.097015 0.000000
vt 0.104478 1.000000
vt 0.104478 0.000000
vt 0.111940 1.000000
vt 0.111940 0.000000
vt 0.119403 1.000000
vt 0.119403 0.000000
vt 0.126866 1.000000
vt 0.126866 0.000000
vt 0.134328 1.000000
vt 0.134328 0.000000
vt 0.141791 1.000000
vt 0.141791 0.000000
vt 0.149254 1.000000
vt 0.149254 0.000000
vt 0.156716 1.000000
vt 0.156716 0.000000
vt 0.164179 1.000000
vt 0.164179 0.000000
vt 0.171642 1.000000
vt 0.171642 0.000000
vt 0.179104 1.000000
vt 0.179104 0.000000
vt 0.186567 1.000000
vt 0.186567 0.000000
vt 0.194030 1.000000
vt 0.194030 0.000000
vt 0.201493 1.000000
vt 0.201493 0.000000
vt 0.208955 1.000000
vt 0.208955 0.000000
vt 0.216418 1.000000
vt 0.216418 0.000000
vt 0.223881 1.000000
vt 0.223881 0.000000
vt 0.231343 1.000000
vt 0.231343 0.000000
vt 0.238806 1.000000
vt 0.238806 0.000000
vt 0.246269 1.000000
vt 0.246269 0.000000
vt 0.253731 1.000000
vt 0.253731 0.000000
vt 0.261194 1.000000
vt 0.261194 0.000000
vt 0.268657 1.000000
vt 0.268657 0.000000
vt 0.276119 1.000000
vt 0.276119 0.000000
vt 0.283582 1.000000
vt 0.283582 0.000000
vt 0.291045 1.000000
vt 0.291045 0.000000
vt 0.298507 1.000000
vt 0.298507 0.000000
vt 0.305970 1.000000
vt 0.305970 0.000000
vt 0.313433 1.000000
vt 0.313433 0.000000
vt 0.320896 1.000000
vt 0.320896 0.000000
vt 0.328358 1.000000
vt 0.328358 0.000000
vt 0.335821 1.000000
vt 0.335821 0.000000
vt 0.343284 1.000000
vt 0.343284 0.000000
vt 0.350746 1.000000
vt 0.350746 0.000000
vt 0.358209 1.000000
vt 0.358209 0.000000
vt 0.365672 1.000000
vt 0.365672 0.000000
vt 0.373134 1.000000
vt 0.373134 0.000000
vt 0.380597 1.000000
vt 0.380597 0.000000
vt 0.388060 1.000000
vt 0.388060 0.000000
vt 0.395522 1.000000
vt 0.395522 0.000000
vt 0.402985 1.000000
vt 0.402985 0.000000
vt 0.410448 1.000000
vt 0.410448 0.000000
vt 0.417910 1.000000
vt 0.417910 0.000000
vt 0.425373 1.000000
vt 0.425373 0.000000
vt 0.432836 1.000000
vt 0.432836 0.000000
vt 0.440298 1.000000
vt 0.440298 0.000000
vt 0.447761 1.000000
vt 0.447761 0.000000
vt 0.455224 1.000000
vt 0.455224 0.000000
vt 0.462687 1.000000
vt 0.462687 0.000000
vt 0.470149 1.000000
vt 0.470149 0.000000
vt 0.477612 1.000000
vt 0.477612 0.000000
vt 0.485075 1.000000
vt 0.485075 0.000000
vt 0.492537 1.000000
vt 0.492537 0.000000
vt 0.507463 1.000000
vt 0.507463 0.000000
vt 0.514925 1.000000
vt 0.514925 0.000000
vt 0.522388 1.000000
vt 0.522388 0.000000
vt 0.529851 1.000000
vt 0.529851 0.000000
vt 0.537313 1.000000
vt 0.537313 0.000000
vt 0.544776 1.000000
vt 0.544776 0.000000
vt 0.552239 1.000000
vt 0.552239 0.000000
vt 0.559702 1.000000
vt 0.559702 0.000000
vt 0.567164 1.000000
vt 0.567164 0.000000
vt 0.574627 1.000000
vt 0.574627 0.000000
vt 0.582090 1.000000
vt 0.582090 0.000000
vt 0.589552 1.000000
vt 0.589552 0.000000
vt 0.597015 1.000000
vt 0.597015 0.000000
vt 0.604478 1.000000
vt 0.604478 0.000000
vt 0.611940 1.000000
vt 0.611940 0.000000
vt 0.619403 1.000000
vt 0.619403 0.000000
vt 0.626866 1.000000
vt 0.626866 0.000000
vt 0.634328 1.000000
vt 0.634328 0.000000
vt 0.641791 1.000000
vt 0.641791 0.000000
vt 0.649254 1.000000
vt 0.649254 0.000000
vt 0.656716 1.000000
vt 0.656716 0.000000
vt 0.664179 1.000000
vt 0.664179 0.000000
vt 0.671642 1.000000
vt 0.671642 0.000000
vt 0.679105 1.000000
vt 0.679105 0.000000
vt 0.686567 1.000000
vt 0.686567 0.000000
vt 0.694030 1.000000
vt 0.694030 0.000000
vt 0.701493 1.000000
vt 0.701493 0.000000
vt 0.708955 1.000000
vt 0.708955 0.000000
vt 0.716418 1.000000
vt 0.716418 0.000000
vt 0.723881 1.000000
vt 0.723881 0.000000
vt 0.731343 1.000000
vt 0.731343 0.000000
vt 0.738806 1.000000
vt 0.738806 0.000000
vt 0.746269 1.000000
vt 0.746269 0.000000
vt 0.753731 1.000000
vt 0.753731 0.000000
vt 0.761194 1.000000
vt 0.761194 0.000000
vt 0.768657 1.000000
vt 0.768657 0.000000
vt 0.776119 1.000000
vt 0.776119 0.000000
vt 0.783582 1.000000
vt 0.783582 0.000000
vt 0.791045 1.000000
vt 0.791045 0.000000
vt 0.798507 1.000000
vt 0.798507 0.000000
vt 0.805970 1.000000
vt 0.805970 0.000000
vt 0.813433 1.000000
vt 0.813433 0.000000
vt 0.820895 1.000000
vt 0.820895 0.000000
vt 0.828358 1.000000
vt 0.828358 0.000000
vt 0.835821 1.000000
vt 0.835821 0.000000
vt 0.843284 1.000000
vt 0.843284 0.000000
vt 0.850746 1.000000
vt 0.850746 0.000000
vt 0.858209 1.000000
vt 0.858209 0.000000
vt 0.865672 1.000000
vt 0.865672 0.000000
vt 0.873134 1.000000
vt 0.873134 0.000000
vt 0.880597 1.000000
vt 0.880597 0.000000
vt 0.888060 1.000000
vt 0.888060 0.000000
vt 0.895522 1.000000
vt 0.895522 0.000000
vt 0.902985 1.000000
vt 0.902985 0.000000
vt 0.910448 1.000000
vt 0.910448 0.000000
vt 0.917910 1.000000
vt 0.917910 0.000000
vt 0.925373 1.000000
vt 0.925373 0.000000
vt 0.932836 1.000000
vt 0.932836 0.000000
vt 0.940298 1.000000
vt 0.940298 0.000000
vt 0.947761 1.000000
vt 0.947761 0.000000
vt 0.955224 1.000000
vt 0.955224 0.000000
vt 0.962687 1.000000
vt 0.962687 0.000000
vt 0.970149 1.000000
vt 0.970149 0.000000
vt 0.977612 1.000000
vt 0.977612 0.000000
vt 0.985075 1.000000
vt 0.985075 0.000000
vt 0.992537 1.000000
vt 0.992537 0.000000
vt 0.076923 1.000000
vt 0.076923 0.000000
vt 0.153846 1.000000
vt 0.153846 0.000000
vt 0.230769 1.000000
vt 0.230769 0.000000
vt 0.307692 1.000000
vt 0.307692 0.000000
vt 0.384615 1.000000
vt 0.384615 0.000000
vt 0.461538 1.000000
vt 0.461538 0.000000
vt 0.538462 1.000000
vt 0.538462 0.000000
vt 0.615385 1.000000
vt 0.615385 0.000000
vt 0.692308 1.000000
vt 0.692308 0.000000
vt 0.769231 1.000000
vt 0.769231 0.000000
vt 0.846154 1.000000
vt 0.846154 0.000000
vt 0.923077 1.000000
vt 0.923077 0.000000
s 0
f 35/1/1 37/2/1 36/3/1
f 35/1/1 38/4/1 37/2/1
f 34/5/1 38/4/1 35/1/1
f 34/5/1 39/6/1 38/4/1
f 33/7/1 39/6/1 34/5/1
f 33/7/1 40/8/1 39/6/1
f 32/9/1 40/8/1 33/7/1
f 32/9/1 41/10/1 40/8/1
f 31/11/1 41/10/1 32/9/1
f 31/11/1 42/12/1 41/10/1
f 30/13/1 42/12/1 31/11/1
f 30/13/1 43/14/1 42/12/1
f 29/15/1 86/16/1 30/13/1
f 86/16/1 43/14/1 30/13/1
f 29/15/1 87/17/1 86/16/1
f 85/18/1 43/14/1 86/16/1
f 29/15/1 88/19/1 87/17/1
f 84/20/1 43/14/1 85/18/1
f 29/15/1 89/21/1 88/19/1
f 83/22/1 43/14/1 84/20/1
f 83/22/1 44/23/1 43/14/1
f 29/15/1 90/24/1 89/21/1
f 28/25/1 90/24/1 29/15/1
f 82/26/1 44/23/1 83/22/1
f 28/25/1 91/27/1 90/24/1
f 81/28/1 44/23/1 82/26/1
f 28/25/1 92/29/1 91/27/1
f 80/30/1 44/23/1 81/28/1
f 28/25/1 93/31/1 92/29/1
f 79/32/1 44/23/1 80/30/1
f 27/33/1 93/31/1 28/25/1
f 79/32/1 45/34/1 44/23/1
f 27/33/1 94/35/1 93/31/1
f 78/36/1 45/34/1 79/32/1
f 27/33/1 95/37/1 94/35/1
f 77/38/1 45/34/1 78/36/1
f 26/39/1 95/37/1 27/33/1
f 77/38/1 46/40/1 45/34/1
f 26/39/1 96/41/1 95/37/1
f 76/42/1 46/40/1 77/38/1
f 26/39/1 97/43/1 96/41/1
f 75/44/1 46/40/1 76/42/1
f 25/45/1 97/43/1 26/39/1
f 25/45/1 98/46/1 97/43/1
f 75/44/1 47/47/1 46/40/1
f 99/48/1 47/47/1 75/44/1
f 25/45/1 99/48/1 98/46/1
f 25/45/1 47/47/1 99/48/1
f 24/49/1 47/47/1 25/45/1
f 24/49/1 48/50/1 47/47/1
f 23/51/1 49/52/1 24/49/1
f 49/52/1 48/50/1 24/49/1
f 23/51/1 50/53/1 49/52/1
f 22/54/1 50/53/1 23/51/1
f 22/54/1 51/55/1 50/53/1
f 22/54/1 52/56/1 51/55/1
f 21/57/1 52/56/1 22/54/1
f 21/57/1 53/58/1 52/56/1
f 20/59/1 53/58/1 21/57/1
f 20/59/1 54/60/1 53/58/1
f 72/61/1 74/62/1 73/63/1
f 20/59/1 55/64/1 54/60/1
f 71/65/1 74/62/1 72/61/1
f 70/66/1 74/62/1 71/65/1
f 19/67/1 55/64/1 20/59/1
f 19/67/1 56/68/1 55/64/1
f 69/69/1 74/62/1 70/66/1
f 68/70/1 74/62/1 69/69/1
f 19/67/1 57/71/1 56/68/1
f 67/72/1 74/62/1 68/70/1
f 19/67/1 58/73/1 57/71/1
f 66/74/1 74/62/1 67/72/1
f 18/75/1 58/73/1 19/67/1
f 65/76/1 74/62/1 66/74/1
f 18/75/1 59/77/1 58/73/1
f 64/78/1 74/62/1 65/76/1
f 18/75/1 60/79/1 59/77/1
f 63/80/1 74/62/1 64/78/1
f 62/81/1 74/62/1 63/80/1
f 18/75/1 61/82/1 60/79/1
f 61/82/1 74/62/1 62/81/1
f 18/75/1 74/62/1 61/82/1
f 17/83/1 74/62/1 18/75/1
f 17/83/1 1/84/1 74/62/1
f 16/85/1 1/84/1 17/83/1
f 16/85/1 2/86/1 1/84/1
f 16/85/1 3/87/1 2/86/1
f 15/88/1 3/87/1 16/85/1
f 15/88/1 4/89/1 3/87/1
f 15/88/1 5/90/1 4/89/1
f 14/91/1 5/90/1 15/88/1
f 14/91/1 6/92/1 5/90/1
f 14/91/1 7/93/1 6/92/1
f 13/94/1 7/93/1 14/91/1
f 13/94/1 8/95/1 7/93/1
f 13/94/1 9/96/1 8/95/1
f 13/94/1 10/97/1 9/96/1
f 12/98/1 10/97/1 13/94/1
f 12/98/1 11/99/1 10/97/1
f 106/100/1 108/101/1 107/102/1
f 106/100/1 109/48/1 108/101/1
f 105/103/1 109/48/1 106/100/1
f 105/103/1 104/104/1 109/48/1
f 100/84/1 102/105/1 101/106/1
f 100/84/1 103/107/1 102/105/1
f 207/108/1 209/109/1 208/110/1
f 206/111/1 209/109/1 207/108/1
f 206/111/1 210/112/1 209/109/1
f 205/113/1 210/112/1 206/111/1
f 204/114/1 210/112/1 205/113/1
f 204/114/1 211/115/1 210/112/1
f 203/116/1 211/115/1 204/114/1
f 203/116/1 212/117/1 211/115/1
f 202/118/1 212/117/1 203/116/1
f 201/119/1 212/117/1 202/118/1
f 201/119/1 213/120/1 212/117/1
f 200/121/1 213/120/1 201/119/1
f 200/121/1 214/122/1 213/120/1
f 199/123/1 214/122/1 200/121/1
f 198/124/1 214/122/1 199/123/1
f 198/124/1 215/125/1 214/122/1
f 197/126/1 215/125/1 198/124/1
f 197/126/1 216/127/1 215/125/1
f 196/128/1 216/127/1 197/126/1
f 195/129/1 194/130/1 196/128/1
f 194/130/1 193/131/1 196/128/1
f 193/131/1 192/132/1 196/128/1
f 192/132/1 191/133/1 196/128/1
f 191/133/1 190/134/1 196/128/1
f 190/134/1 189/135/1 196/128/1
f 189/135/1 188/136/1 196/128/1
f 188/136/1 187/137/1 196/128/1
f 187/137/1 186/138/1 196/128/1
f 186/138/1 185/139/1 196/128/1
f 185/139/1 216/127/1 196/128/1
f 185/139/1 184/140/1 216/127/1
f 184/140/1 183/141/1 216/127/1
f 183/141/1 217/142/1 216/127/1
f 183/141/1 182/143/1 217/142/1
f 182/143/1 218/144/1 217/142/1
f 181/145/1 218/144/1 182/143/1
f 180/146/1 218/144/1 181/145/1
f 179/147/1 218/144/1 180/146/1
f 178/148/1 218/144/1 179/147/1
f 177/149/1 218/144/1 178/148/1
f 177/149/1 219/150/1 218/144/1
f 176/151/1 219/150/1 177/149/1
f 175/152/1 219/150/1 176/151/1
f 174/153/1 219/150/1 175/152/1
f 174/153/1 220/154/1 219/150/1
f 173/155/1 220/154/1 174/153/1
f 172/156/1 220/154/1 173/155/1
f 172/156/1 221/157/1 220/154/1
f 171/158/1 221/157/1 172/156/1
f 170/159/1 221/157/1 171/158/1
f 169/160/1 283/48/1 170/159/1
f 283/48/1 221/157/1 170/159/1
f 168/161/1 283/48/1 169/160/1
f 167/162/1 283/48/1 168/161/1
f 166/163/1 283/48/1 167/162/1
f 165/164/1 283/48/1 166/163/1
f 165/164/1 247/165/1 283/48/1
f 282/166/1 221/157/1 283/48/1
f 165/164/1 248/167/1 247/165/1
f 164/168/1 248/167/1 165/164/1
f 164/168/1 249/169/1 248/167/1
f 163/170/1 249/169/1 164/168/1
f 163/170/1 250/171/1 249/169/1
f 162/172/1 250/171/1 163/170/1
f 162/172/1 251/173/1 250/171/1
f 162/172/1 252/174/1 251/173/1
f 161/175/1 252/174/1 162/172/1
f 161/175/1 253/176/1 252/174/1
f 160/177/1 253/176/1 161/175/1
f 160/177/1 254/178/1 253/176/1
f 160/177/1 255/179/1 254/178/1
f 159/180/1 255/179/1 160/177/1
f 159/180/1 256/181/1 255/179/1
f 159/180/1 257/182/1 256/181/1
f 158/183/1 257/182/1 159/180/1
f 158/183/1 258/184/1 257/182/1
f 157/185/1 258/184/1 158/183/1
f 157/185/1 259/186/1 258/184/1
f 157/185/1 260/187/1 259/186/1
f 156/188/1 260/187/1 157/185/1
f 156/188/1 261/189/1 260/187/1
f 156/188/1 262/190/1 261/189/1
f 281/191/1 221/157/1 282/166/1
f 155/192/1 262/190/1 156/188/1
f 280/193/1 221/157/1 281/191/1
f 155/192/1 263/194/1 262/190/1
f 279/195/1 221/157/1 280/193/1
f 244/196/1 246/197/1 245/198/1
f 279/195/1 222/199/1 221/157/1
f 155/192/1 264/200/1 263/194/1
f 243/201/1 246/197/1 244/196/1
f 278/202/1 222/199/1 279/195/1
f 278/202/1 223/203/1 222/199/1
f 242/204/1 246/197/1 243/201/1
f 154/205/1 264/200/1 155/192/1
f 154/205/1 265/206/1 264/200/1
f 278/202/1 224/207/1 223/203/1
f 277/208/1 224/207/1 278/202/1
f 241/209/1 246/197/1 242/204/1
f 277/208/1 225/210/1 224/207/1
f 276/211/1 225/210/1 277/208/1
f 240/212/1 246/197/1 241/209/1
f 154/205/1 266/213/1 265/206/1
f 276/211/1 226/214/1 225/210/1
f 239/215/1 246/197/1 240/212/1
f 275/216/1 226/214/1 276/211/1
f 275/216/1 227/217/1 226/214/1
f 238/218/1 246/197/1 239/215/1
f 154/205/1 267/219/1 266/213/1
f 275/216/1 228/220/1 227/217/1
f 274/221/1 228/220/1 275/216/1
f 237/222/1 246/197/1 238/218/1
f 274/221/1 229/223/1 228/220/1
f 153/224/1 267/219/1 154/205/1
f 236/225/1 246/197/1 237/222/1
f 153/224/1 268/226/1 267/219/1
f 273/227/1 229/223/1 274/221/1
f 273/227/1 230/228/1 229/223/1
f 235/229/1 246/197/1 236/225/1
f 273/227/1 231/230/1 230/228/1
f 234/231/1 246/197/1 235/229/1
f 272/232/1 231/230/1 273/227/1
f 272/232/1 232/233/1 231/230/1
f 233/234/1 246/197/1 234/231/1
f 272/232/1 233/234/1 232/233/1
f 153/224/1 269/235/1 268/226/1
f 272/232/1 246/197/1 233/234/1
f 271/236/1 246/197/1 272/232/1
f 153/224/1 270/237/1 269/235/1
f 270/237/1 246/197/1 271/236/1
f 153/224/1 133/238/1 270/237/1
f 133/238/1 246/197/1 270/237/1
f 152/239/1 133/238/1 153/224/1
f 152/239/1 134/240/1 133/238/1
f 132/241/1 246/197/1 133/238/1
f 151/242/1 134/240/1 152/239/1
f 151/242/1 135/243/1 134/240/1
f 131/244/1 246/197/1 132/241/1
f 131/244/1 110/84/1 246/197/1
f 150/245/1 135/243/1 151/242/1
f 150/245/1 136/246/1 135/243/1
f 130/247/1 110/84/1 131/244/1
f 130/247/1 111/248/1 110/84/1
f 150/245/1 137/249/1 136/246/1
f 129/250/1 111/248/1 130/247/1
f 149/251/1 137/249/1 150/245/1
f 129/250/1 112/252/1 111/248/1
f 149/251/1 138/253/1 137/249/1
f 128/254/1 112/252/1 129/250/1
f 128/254/1 113/255/1 112/252/1
f 148/256/1 138/253/1 149/251/1
f 148/256/1 139/257/1 138/253/1
f 127/258/1 113/255/1 128/254/1
f 127/258/1 114/259/1 113/255/1
f 148/256/1 140/260/1 139/257/1
f 126/261/1 114/259/1 127/258/1
f 126/261/1 115/262/1 114/259/1
f 147/263/1 140/260/1 148/256/1
f 147/263/1 141/264/1 140/260/1
f 125/265/1 115/262/1 126/261/1
f 125/265/1 116/266/1 115/262/1
f 147/263/1 142/267/1 141/264/1
f 125/265/1 117/268/1 116/266/1
f 124/269/1 117/268/1 125/265/1
f 146/270/1 142/267/1 147/263/1
f 124/269/1 118/271/1 117/268/1
f 146/270/1 143/272/1 142/267/1
f 123/273/1 118/271/1 124/269/1
f 123/273/1 119/274/1 118/271/1
f 146/270/1 144/275/1 143/272/1
f 122/276/1 119/274/1 123/273/1
f 145/277/1 144/275/1 146/270/1
f 122/276/1 120/278/1 119/274/1
f 121/279/1 120/278/1 122/276/1
f 290/53/1 292/100/1 291/280/1
f 290/53/1 293/281/1 292/100/1
f 293/281/1 295/282/1 294/283/1
f 293/281/1 288/107/1 295/282/1
f 288/107/1 296/48/1 295/282/1
f 296/48/1 285/284/1 284/84/1
f 296/48/1 286/285/1 285/284/1
f 293/281/1 289/286/1 288/107/1
f 287/287/1 296/48/1 288/107/1
f 290/53/1 289/286/1 293/281/1
f 287/287/1 286/285/1 296/48/1
f 301/288/1 303/289/1 302/53/1
f 301/288/1 306/290/1 303/289/1
f 306/290/1 304/291/1 303/289/1
f 301/288/1 307/48/1 306/290/1
f 305/292/1 304/291/1 306/290/1
f 301/288/1 299/293/1 307/48/1
f 299/293/1 305/292/1 307/48/1
f 299/293/1 298/294/1 305/292/1
f 298/294/1 304/291/1 305/292/1
f 301/288/1 300/295/1 299/293/1
f 297/84/1 304/291/1 298/294/1
f 427/296/1 429/297/1 428/298/1
f 427/296/1 430/299/1 429/297/1
f 426/300/1 430/299/1 427/296/1
f 426/300/1 431/301/1 430/299/1
f 426/300/1 432/302/1 431/301/1
f 425/303/1 432/302/1 426/300/1
f 425/303/1 433/304/1 432/302/1
f 425/303/1 434/305/1 433/304/1
f 424/306/1 434/305/1 425/303/1
f 424/306/1 435/307/1 434/305/1
f 424/306/1 436/308/1 435/307/1
f 423/309/1 436/308/1 424/306/1
f 423/309/1 437/310/1 436/308/1
f 423/309/1 438/311/1 437/310/1
f 422/18/1 438/311/1 423/309/1
f 422/18/1 439/312/1 438/311/1
f 422/18/1 440/313/1 439/312/1
f 421/314/1 440/313/1 422/18/1
f 421/314/1 315/315/1 440/313/1
f 315/315/1 314/316/1 440/313/1
f 314/316/1 313/317/1 440/313/1
f 313/317/1 312/318/1 440/313/1
f 312/318/1 311/319/1 440/313/1
f 311/319/1 310/320/1 440/313/1
f 310/320/1 309/321/1 440/313/1
f 309/321/1 308/84/1 440/313/1
f 308/84/1 441/48/1 440/313/1
f 420/322/1 317/323/1 421/314/1
f 317/323/1 316/324/1 421/314/1
f 316/324/1 315/315/1 421/314/1
f 419/325/1 318/326/1 420/322/1
f 318/326/1 317/323/1 420/322/1
f 418/327/1 320/328/1 419/325/1
f 320/328/1 319/329/1 419/325/1
f 319/329/1 318/326/1 419/325/1
f 418/327/1 321/330/1 320/328/1
f 418/327/1 322/331/1 321/330/1
f 418/327/1 323/332/1 322/331/1
f 418/327/1 324/333/1 323/332/1
f 418/327/1 325/334/1 324/333/1
f 417/335/1 325/334/1 418/327/1
f 417/335/1 326/336/1 325/334/1
f 417/335/1 327/88/1 326/336/1
f 417/335/1 328/337/1 327/88/1
f 417/335/1 329/338/1 328/337/1
f 416/339/1 329/338/1 417/335/1
f 416/339/1 330/340/1 329/338/1
f 416/339/1 331/341/1 330/340/1
f 416/339/1 332/342/1 331/341/1
f 415/343/1 332/342/1 416/339/1
f 415/343/1 333/344/1 332/342/1
f 415/343/1 334/345/1 333/344/1
f 415/343/1 335/346/1 334/345/1
f 415/343/1 336/347/1 335/346/1
f 415/343/1 337/348/1 336/347/1
f 414/349/1 337/348/1 415/343/1
f 414/349/1 338/350/1 337/348/1
f 414/349/1 339/351/1 338/350/1
f 414/349/1 340/352/1 339/351/1
f 413/353/1 340/352/1 414/349/1
f 413/353/1 341/354/1 340/352/1
f 413/353/1 342/355/1 341/354/1
f 413/353/1 343/356/1 342/355/1
f 412/357/1 343/356/1 413/353/1
f 412/357/1 344/358/1 343/356/1
f 411/359/1 344/358/1 412/357/1
f 411/359/1 345/360/1 344/358/1
f 411/359/1 346/15/1 345/360/1
f 410/361/1 346/15/1 411/359/1
f 410/361/1 347/362/1 346/15/1
f 409/363/1 347/362/1 410/361/1
f 409/363/1 348/364/1 347/362/1
f 409/363/1 349/365/1 348/364/1
f 408/366/1 349/365/1 409/363/1
f 408/366/1 350/367/1 349/365/1
f 407/368/1 350/367/1 408/366/1
f 407/368/1 351/369/1 350/367/1
f 407/368/1 352/370/1 351/369/1
f 406/371/1 352/370/1 407/368/1
f 406/371/1 353/372/1 352/370/1
f 405/373/1 353/372/1 406/371/1
f 405/373/1 354/374/1 353/372/1
f 404/375/1 354/374/1 405/373/1
f 404/375/1 355/376/1 354/374/1
f 379/377/1 381/378/1 380/379/1
f 404/375/1 356/380/1 355/376/1
f 403/65/1 356/380/1 404/375/1
f 379/377/1 382/381/1 381/378/1
f 402/382/1 356/380/1 403/65/1
f 379/377/1 383/383/1 382/381/1
f 401/384/1 356/380/1 402/382/1
f 401/384/1 357/385/1 356/380/1
f 379/377/1 384/71/1 383/383/1
f 400/386/1 357/385/1 401/384/1
f 379/377/1 385/387/1 384/71/1
f 399/388/1 357/385/1 400/386/1
f 379/377/1 386/389/1 385/387/1
f 398/390/1 357/385/1 399/388/1
f 398/390/1 358/391/1 357/385/1
f 379/377/1 387/392/1 386/389/1
f 397/393/1 358/391/1 398/390/1
f 396/394/1 358/391/1 397/393/1
f 379/377/1 388/395/1 387/392/1
f 395/396/1 358/391/1 396/394/1
f 379/377/1 389/397/1 388/395/1
f 394/398/1 358/391/1 395/396/1
f 379/377/1 390/399/1 389/397/1
f 393/400/1 358/391/1 394/398/1
f 379/377/1 391/401/1 390/399/1
f 392/402/1 358/391/1 393/400/1
f 379/377/1 392/402/1 391/401/1
f 392/402/1 359/403/1 358/391/1
f 379/377/1 359/403/1 392/402/1
f 379/377/1 360/404/1 359/403/1
f 379/377/1 361/405/1 360/404/1
f 378/406/1 361/405/1 379/377/1
f 378/406/1 362/407/1 361/405/1
f 377/408/1 362/407/1 378/406/1
f 376/409/1 362/407/1 377/408/1
f 376/409/1 363/410/1 362/407/1
f 375/411/1 363/410/1 376/409/1
f 374/412/1 363/410/1 375/411/1
f 374/412/1 364/413/1 363/410/1
f 373/414/1 364/413/1 374/412/1
f 373/414/1 365/14/1 364/413/1
f 372/415/1 365/14/1 373/414/1
f 371/416/1 365/14/1 372/415/1
f 371/416/1 366/417/1 365/14/1
f 370/418/1 366/417/1 371/416/1
f 369/419/1 366/417/1 370/418/1
f 369/419/1 367/420/1 366/417/1
f 368/421/1 367/420/1 369/419/1
f 497/422/1 499/48/1 498/423/1
f 497/422/1 442/84/1 499/48/1
f 497/422/1 443/424/1 442/84/1
f 496/305/1 443/424/1 497/422/1
f 495/425/1 443/424/1 496/305/1
f 494/426/1 444/427/1 495/425/1
f 444/427/1 443/424/1 495/425/1
f 494/426/1 445/315/1 444/427/1
f 494/426/1 446/428/1 445/315/1
f 493/296/1 446/428/1 494/426/1
f 493/296/1 447/429/1 446/428/1
f 493/296/1 448/331/1 447/429/1
f 492/430/1 448/331/1 493/296/1
f 492/430/1 449/431/1 448/331/1
f 468/432/1 470/433/1 469/416/1
f 467/434/1 470/433/1 468/432/1
f 492/430/1 450/435/1 449/431/1
f 466/413/1 470/433/1 467/434/1
f 491/436/1 450/435/1 492/430/1
f 491/436/1 451/338/1 450/435/1
f 465/437/1 470/433/1 466/413/1
f 464/438/1 470/433/1 465/437/1
f 491/436/1 452/439/1 451/338/1
f 463/385/1 470/433/1 464/438/1
f 491/436/1 453/440/1 452/439/1
f 462/441/1 470/433/1 463/385/1
f 491/436/1 454/347/1 453/440/1
f 461/107/1 470/433/1 462/441/1
f 490/322/1 454/347/1 491/436/1
f 460/367/1 470/433/1 461/107/1
f 490/322/1 455/442/1 454/347/1
f 459/443/1 470/433/1 460/367/1
f 490/322/1 456/444/1 455/442/1
f 458/445/1 470/433/1 459/443/1
f 490/322/1 457/356/1 456/444/1
f 457/356/1 470/433/1 458/445/1
f 490/322/1 470/433/1 457/356/1
f 489/446/1 470/433/1 490/322/1
f 488/447/1 470/433/1 489/446/1
f 487/353/1 470/433/1 488/447/1
f 487/353/1 471/448/1 470/433/1
f 486/449/1 471/448/1 487/353/1
f 486/449/1 472/406/1 471/448/1
f 486/449/1 473/450/1 472/406/1
f 485/451/1 473/450/1 486/449/1
f 485/451/1 474/452/1 473/450/1
f 485/451/1 475/387/1 474/452/1
f 485/451/1 476/453/1 475/387/1
f 484/371/1 476/453/1 485/451/1
f 484/371/1 477/454/1 476/453/1
f 484/371/1 478/402/1 477/454/1
f 483/455/1 478/402/1 484/371/1
f 483/455/1 479/456/1 478/402/1
f 483/455/1 480/100/1 479/456/1
f 482/457/1 480/100/1 483/455/1
f 482/457/1 481/388/1 480/100/1
f 511/458/1 513/459/1 512/54/1
f 510/460/1 513/459/1 511/458/1
f 510/460/1 514/287/1 513/459/1
f 509/461/1 514/287/1 510/460/1
f 508/88/1 514/287/1 509/461/1
f 508/88/1 515/462/1 514/287/1
f 507/463/1 515/462/1 508/88/1
f 553/464/1 555/465/1 554/466/1
f 553/464/1 556/48/1 555/465/1
f 507/463/1 516/15/1 515/462/1
f 506/467/1 516/15/1 507/463/1
f 505/468/1 516/15/1 506/467/1
f 505/468/1 517/469/1 516/15/1
f 504/95/1 517/469/1 505/468/1
f 504/95/1 518/470/1 517/469/1
f 503/471/1 518/470/1 504/95/1
f 502/472/1 518/470/1 503/471/1
f 502/472/1 519/473/1 518/470/1
f 501/474/1 519/473/1 502/472/1
f 500/84/1 519/473/1 501/474/1
f 500/84/1 539/475/1 519/473/1
f 539/475/1 520/3/1 519/473/1
f 553/464/1 500/84/1 556/48/1
f 553/464/1 551/476/1 500/84/1
f 551/476/1 550/477/1 500/84/1
f 550/477/1 549/478/1 500/84/1
f 549/478/1 548/18/1 500/84/1
f 548/18/1 547/479/1 500/84/1
f 547/479/1 546/480/1 500/84/1
f 546/480/1 545/481/1 500/84/1
f 545/481/1 544/36/1 500/84/1
f 544/36/1 543/482/1 500/84/1
f 543/482/1 542/281/1 500/84/1
f 542/281/1 541/483/1 500/84/1
f 541/483/1 540/65/1 500/84/1
f 540/65/1 539/475/1 500/84/1
f 538/484/1 520/3/1 539/475/1
f 537/485/1 520/3/1 538/484/1
f 536/78/1 520/3/1 537/485/1
f 535/486/1 520/3/1 536/78/1
f 535/486/1 521/487/1 520/3/1
f 534/488/1 521/487/1 535/486/1
f 533/489/1 521/487/1 534/488/1
f 532/71/1 521/487/1 533/489/1
f 532/71/1 522/490/1 521/487/1
f 531/491/1 522/490/1 532/71/1
f 530/492/1 522/490/1 531/491/1
f 530/492/1 523/493/1 522/490/1
f 529/494/1 523/493/1 530/492/1
f 553/464/1 552/29/1 551/476/1
f 528/53/1 523/493/1 529/494/1
f 528/53/1 524/14/1 523/493/1
f 527/495/1 524/14/1 528/53/1
f 526/496/1 524/14/1 527/495/1
f 526/496/1 525/497/1 524/14/1
f 591/1/1 593/2/1 592/3/1
f 591/1/1 594/4/1 593/2/1
f 590/5/1 594/4/1 591/1/1
f 590/5/1 595/6/1 594/4/1
f 589/7/1 595/6/1 590/5/1
f 589/7/1 596/8/1 595/6/1
f 588/9/1 596/8/1 589/7/1
f 588/9/1 597/10/1 596/8/1
f 587/11/1 597/10/1 588/9/1
f 587/11/1 598/12/1 597/10/1
f 586/13/1 598/12/1 587/11/1
f 586/13/1 599/14/1 598/12/1
f 585/15/1 642/16/1 586/13/1
f 642/16/1 599/14/1 586/13/1
f 585/15/1 643/17/1 642/16/1
f 641/18/1 599/14/1 642/16/1
f 585/15/1 644/19/1 643/17/1
f 640/20/1 599/14/1 641/18/1
f 585/15/1 645/21/1 644/19/1
f 639/22/1 599/14/1 640/20/1
f 639/22/1 600/23/1 599/14/1
f 585/15/1 646/24/1 645/21/1
f 584/25/1 646/24/1 585/15/1
f 638/26/1 600/23/1 639/22/1
f 584/25/1 647/27/1 646/24/1
f 637/28/1 600/23/1 638/26/1
f 584/25/1 648/29/1 647/27/1
f 636/30/1 600/23/1 637/28/1
f 584/25/1 649/31/1 648/29/1
f 635/32/1 600/23/1 636/30/1
f 583/33/1 649/31/1 584/25/1
f 635/32/1 601/34/1 600/23/1
f 583/33/1 650/35/1 649/31/1
f 634/36/1 601/34/1 635/32/1
f 583/33/1 651/37/1 650/35/1
f 633/38/1 601/34/1 634/36/1
f 582/39/1 651/37/1 583/33/1
f 633/38/1 602/40/1 601/34/1
f 582/39/1 652/41/1 651/37/1
f 632/42/1 602/40/1 633/38/1
f 582/39/1 653/43/1 652/41/1
f 631/44/1 602/40/1 632/42/1
f 581/45/1 653/43/1 582/39/1
f 581/45/1 654/46/1 653/43/1
f 631/44/1 603/47/1 602/40/1
f 655/48/1 603/47/1 631/44/1
f 581/45/1 655/48/1 654/46/1
f 581/45/1 603/47/1 655/48/1
f 580/49/1 603/47/1 581/45/1
f 580/49/1 604/50/1 603/47/1
f 579/51/1 605/52/1 580/49/1
f 605/52/1 604/50/1 580/49/1
f 579/51/1 606/53/1 605/52/1
f 578/54/1 606/53/1 579/51/1
f 578/54/1 607/55/1 606/53/1
f 578/54/1 608/56/1 607/55/1
f 577/57/1 608/56/1 578/54/1
f 577/57/1 609/58/1 608/56/1
f 576/59/1 609/58/1 577/57/1
f 576/59/1 610/60/1 609/58/1
f 628/61/1 630/62/1 629/63/1
f 576/59/1 611/64/1 610/60/1
f 627/65/1 630/62/1 628/61/1
f 626/66/1 630/62/1 627/65/1
f 575/67/1 611/64/1 576/59/1
f 575/67/1 612/68/1 611/64/1
f 625/69/1 630/62/1 626/66/1
f 624/70/1 630/62/1 625/69/1
f 575/67/1 613/71/1 612/68/1
f 623/72/1 630/62/1 624/70/1
f 575/67/1 614/73/1 613/71/1
f 622/74/1 630/62/1 623/72/1
f 574/75/1 614/73/1 575/67/1
f 621/76/1 630/62/1 622/74/1
f 574/75/1 615/77/1 614/73/1
f 620/78/1 630/62/1 621/76/1
f 574/75/1 616/79/1 615/77/1
f 619/80/1 630/62/1 620/78/1
f 618/81/1 630/62/1 619/80/1
f 574/75/1 617/82/1 616/79/1
f 617/82/1 630/62/1 618/81/1
f 574/75/1 630/62/1 617/82/1
f 573/83/1 630/62/1 574/75/1
f 573/83/1 557/84/1 630/62/1
f 572/85/1 557/84/1 573/83/1
f 572/85/1 558/86/1 557/84/1
f 572/85/1 559/87/1 558/86/1
f 571/88/1 559/87/1 572/85/1
f 571/88/1 560/89/1 559/87/1
f 571/88/1 561/90/1 560/89/1
f 570/91/1 561/90/1 571/88/1
f 570/91/1 562/92/1 561/90/1
f 570/91/1 563/93/1 562/92/1
f 569/94/1 563/93/1 570/91/1
f 569/94/1 564/95/1 563/93/1
f 569/94/1 565/96/1 564/95/1
f 569/94/1 566/97/1 565/96/1
f 568/98/1 566/97/1 569/94/1
f 568/98/1 567/99/1 566/97/1
f 667/498/1 669/499/1 668/500/1
f 691/501/1 693/502/1 692/503/1
f 666/504/1 669/499/1 667/498/1
f 666/504/1 670/505/1 669/499/1
f 690/506/1 693/502/1 691/501/1
f 690/506/1 694/507/1 693/502/1
f 665/508/1 670/505/1 666/504/1
f 665/508/1 671/509/1 670/505/1
f 689/510/1 694/507/1 690/506/1
f 664/511/1 671/509/1 665/508/1
f 664/511/1 672/512/1 671/509/1
f 689/510/1 695/513/1 694/507/1
f 688/514/1 695/513/1 689/510/1
f 663/515/1 672/512/1 664/511/1
f 760/516/1 762/48/1 761/517/1
f 760/516/1 656/84/1 762/48/1
f 663/515/1 673/518/1 672/512/1
f 687/519/1 695/513/1 688/514/1
f 662/520/1 673/518/1 663/515/1
f 687/519/1 696/521/1 695/513/1
f 662/520/1 674/522/1 673/518/1
f 661/523/1 674/522/1 662/520/1
f 686/524/1 696/521/1 687/519/1
f 661/523/1 675/525/1 674/522/1
f 686/524/1 697/526/1 696/521/1
f 660/527/1 675/525/1 661/523/1
f 685/528/1 697/526/1 686/524/1
f 660/527/1 676/529/1 675/525/1
f 659/530/1 676/529/1 660/527/1
f 684/531/1 697/526/1 685/528/1
f 684/531/1 698/532/1 697/526/1
f 659/530/1 677/533/1 676/529/1
f 658/534/1 677/533/1 659/530/1
f 683/535/1 698/532/1 684/531/1
f 658/534/1 678/536/1 677/533/1
f 657/537/1 678/536/1 658/534/1
f 683/535/1 699/538/1 698/532/1
f 682/539/1 699/538/1 683/535/1
f 657/537/1 679/540/1 678/536/1
f 656/84/1 679/540/1 657/537/1
f 681/541/1 699/538/1 682/539/1
f 681/541/1 719/542/1 699/538/1
f 719/542/1 700/543/1 699/538/1
f 760/516/1 758/544/1 656/84/1
f 758/544/1 757/545/1 656/84/1
f 757/545/1 756/546/1 656/84/1
f 756/546/1 755/547/1 656/84/1
f 755/547/1 754/548/1 656/84/1
f 754/548/1 753/549/1 656/84/1
f 753/549/1 752/550/1 656/84/1
f 752/550/1 751/551/1 656/84/1
f 751/551/1 750/552/1 656/84/1
f 750/552/1 749/553/1 656/84/1
f 749/553/1 748/554/1 656/84/1
f 748/554/1 747/555/1 656/84/1
f 747/555/1 679/540/1 656/84/1
f 747/555/1 746/556/1 679/540/1
f 746/556/1 680/557/1 679/540/1
f 680/557/1 720/558/1 681/541/1
f 720/558/1 719/542/1 681/541/1
f 745/559/1 680/557/1 746/556/1
f 718/560/1 700/543/1 719/542/1
f 680/557/1 721/561/1 720/558/1
f 744/562/1 680/557/1 745/559/1
f 717/563/1 700/543/1 718/560/1
f 680/557/1 722/564/1 721/561/1
f 743/565/1 680/557/1 744/562/1
f 716/566/1 700/543/1 717/563/1
f 680/557/1 723/567/1 722/564/1
f 742/568/1 680/557/1 743/565/1
f 742/568/1 723/567/1 680/557/1
f 715/569/1 700/543/1 716/566/1
f 742/568/1 724/570/1 723/567/1
f 715/569/1 701/571/1 700/543/1
f 741/572/1 724/570/1 742/568/1
f 741/572/1 725/573/1 724/570/1
f 714/574/1 701/571/1 715/569/1
f 741/572/1 726/575/1 725/573/1
f 740/576/1 726/575/1 741/572/1
f 713/577/1 701/571/1 714/574/1
f 740/576/1 727/578/1 726/575/1
f 739/579/1 727/578/1 740/576/1
f 712/580/1 701/571/1 713/577/1
f 739/579/1 728/581/1 727/578/1
f 712/580/1 702/582/1 701/571/1
f 738/583/1 728/581/1 739/579/1
f 738/583/1 729/584/1 728/581/1
f 711/585/1 702/582/1 712/580/1
f 738/583/1 730/586/1 729/584/1
f 737/587/1 730/586/1 738/583/1
f 710/588/1 702/582/1 711/585/1
f 737/587/1 731/589/1 730/586/1
f 710/588/1 703/590/1 702/582/1
f 736/591/1 731/589/1 737/587/1
f 760/516/1 759/592/1 758/544/1
f 736/591/1 732/593/1 731/589/1
f 709/53/1 703/590/1 710/588/1
f 735/594/1 732/593/1 736/591/1
f 708/595/1 703/590/1 709/53/1
f 708/595/1 704/596/1 703/590/1
f 734/597/1 732/593/1 735/594/1
f 707/598/1 704/596/1 708/595/1
f 707/598/1 705/599/1 704/596/1
f 733/600/1 732/593/1 734/597/1
f 706/601/1 705/599/1 707/598/1
f 919/602/1 921/603/1 920/604/1
f 919/602/1 922/605/1 921/603/1
f 918/606/1 922/605/1 919/602/1
f 917/607/1 922/605/1 918/606/1
f 916/289/1 922/605/1 917/607/1
f 915/608/1 922/605/1 916/289/1
f 914/609/1 922/605/1 915/608/1
f 913/610/1 922/605/1 914/609/1
f 912/611/1 763/84/1 913/610/1
f 763/84/1 922/605/1 913/610/1
f 912/611/1 764/612/1 763/84/1
f 911/613/1 923/614/1 912/611/1
f 923/614/1 970/615/1 912/611/1
f 970/615/1 764/612/1 912/611/1
f 969/616/1 764/612/1 970/615/1
f 969/616/1 765/617/1 764/612/1
f 968/618/1 765/617/1 969/616/1
f 911/613/1 924/619/1 923/614/1
f 967/292/1 765/617/1 968/618/1
f 911/613/1 925/620/1 924/619/1
f 966/621/1 765/617/1 967/292/1
f 911/613/1 926/622/1 925/620/1
f 966/621/1 766/623/1 765/617/1
f 965/624/1 766/623/1 966/621/1
f 911/613/1 927/625/1 926/622/1
f 910/626/1 927/625/1 911/613/1
f 964/627/1 766/623/1 965/624/1
f 964/627/1 767/628/1 766/623/1
f 910/626/1 928/629/1 927/625/1
f 963/630/1 767/628/1 964/627/1
f 910/626/1 929/631/1 928/629/1
f 963/630/1 768/632/1 767/628/1
f 962/633/1 768/632/1 963/630/1
f 910/626/1 930/634/1 929/631/1
f 962/633/1 769/635/1 768/632/1
f 909/636/1 930/634/1 910/626/1
f 961/637/1 769/635/1 962/633/1
f 961/637/1 770/638/1 769/635/1
f 909/636/1 931/639/1 930/634/1
f 961/637/1 771/640/1 770/638/1
f 960/641/1 771/640/1 961/637/1
f 909/636/1 932/642/1 931/639/1
f 908/643/1 932/642/1 909/636/1
f 960/641/1 772/644/1 771/640/1
f 959/645/1 772/644/1 960/641/1
f 908/643/1 933/100/1 932/642/1
f 959/645/1 773/646/1 772/644/1
f 958/647/1 773/646/1 959/645/1
f 908/643/1 934/648/1 933/100/1
f 958/647/1 774/649/1 773/646/1
f 907/650/1 934/648/1 908/643/1
f 957/651/1 774/649/1 958/647/1
f 957/651/1 775/652/1 774/649/1
f 907/650/1 935/653/1 934/648/1
f 906/654/1 935/653/1 907/650/1
f 957/651/1 776/655/1 775/652/1
f 956/656/1 776/655/1 957/651/1
f 906/654/1 936/657/1 935/653/1
f 905/658/1 936/657/1 906/654/1
f 956/656/1 777/659/1 776/655/1
f 904/660/1 936/657/1 905/658/1
f 955/661/1 777/659/1 956/656/1
f 904/660/1 937/662/1 936/657/1
f 955/661/1 778/663/1 777/659/1
f 903/664/1 937/662/1 904/660/1
f 954/665/1 778/663/1 955/661/1
f 903/664/1 938/666/1 937/662/1
f 902/667/1 938/666/1 903/664/1
f 954/665/1 779/668/1 778/663/1
f 953/669/1 779/668/1 954/665/1
f 901/670/1 938/666/1 902/667/1
f 901/670/1 939/671/1 938/666/1
f 953/669/1 780/672/1 779/668/1
f 900/673/1 939/671/1 901/670/1
f 952/674/1 780/672/1 953/669/1
f 900/673/1 940/675/1 939/671/1
f 899/676/1 940/675/1 900/673/1
f 952/674/1 781/677/1 780/672/1
f 951/678/1 781/677/1 952/674/1
f 899/676/1 941/679/1 940/675/1
f 898/680/1 941/679/1 899/676/1
f 950/681/1 781/677/1 951/678/1
f 950/681/1 782/682/1 781/677/1
f 898/680/1 942/683/1 941/679/1
f 897/684/1 942/683/1 898/680/1
f 949/685/1 782/682/1 950/681/1
f 897/684/1 943/686/1 942/683/1
f 949/685/1 783/687/1 782/682/1
f 896/688/1 943/686/1 897/684/1
f 948/689/1 783/687/1 949/685/1
f 896/688/1 944/690/1 943/686/1
f 947/691/1 783/687/1 948/689/1
f 896/688/1 945/692/1 944/690/1
f 895/693/1 945/692/1 896/688/1
f 946/694/1 783/687/1 947/691/1
f 895/693/1 946/694/1 945/692/1
f 895/693/1 783/687/1 946/694/1
f 895/693/1 784/695/1 783/687/1
f 894/696/1 784/695/1 895/693/1
f 894/696/1 785/697/1 784/695/1
f 893/698/1 785/697/1 894/696/1
f 893/698/1 786/699/1 785/697/1
f 892/700/1 786/699/1 893/698/1
f 891/701/1 786/699/1 892/700/1
f 891/701/1 787/702/1 786/699/1
f 890/703/1 787/702/1 891/701/1
f 890/703/1 788/704/1 787/702/1
f 889/705/1 788/704/1 890/703/1
f 888/706/1 788/704/1 889/705/1
f 887/707/1 788/704/1 888/706/1
f 887/707/1 789/708/1 788/704/1
f 886/709/1 789/708/1 887/707/1
f 885/710/1 789/708/1 886/709/1
f 884/711/1 789/708/1 885/710/1
f 884/711/1 790/712/1 789/708/1
f 883/713/1 790/712/1 884/711/1
f 882/714/1 790/712/1 883/713/1
f 881/715/1 790/712/1 882/714/1
f 881/715/1 791/716/1 790/712/1
f 880/717/1 791/716/1 881/715/1
f 880/717/1 792/718/1 791/716/1
f 879/719/1 792/718/1 880/717/1
f 879/719/1 793/720/1 792/718/1
f 878/721/1 793/720/1 879/719/1
f 878/721/1 794/722/1 793/720/1
f 877/723/1 794/722/1 878/721/1
f 877/723/1 795/724/1 794/722/1
f 877/723/1 796/725/1 795/724/1
f 876/726/1 796/725/1 877/723/1
f 876/726/1 797/727/1 796/725/1
f 875/728/1 797/727/1 876/726/1
f 875/728/1 798/729/1 797/727/1
f 874/730/1 798/729/1 875/728/1
f 873/731/1 798/729/1 874/730/1
f 873/731/1 799/732/1 798/729/1
f 872/733/1 799/732/1 873/731/1
f 872/733/1 800/734/1 799/732/1
f 871/735/1 800/734/1 872/733/1
f 871/735/1 801/736/1 800/734/1
f 870/737/1 801/736/1 871/735/1
f 870/737/1 802/738/1 801/736/1
f 869/739/1 802/738/1 870/737/1
f 869/739/1 803/740/1 802/738/1
f 868/741/1 803/740/1 869/739/1
f 868/741/1 804/742/1 803/740/1
f 867/743/1 804/742/1 868/741/1
f 867/743/1 805/744/1 804/742/1
f 866/745/1 805/744/1 867/743/1
f 866/745/1 806/746/1 805/744/1
f 865/288/1 806/746/1 866/745/1
f 865/288/1 807/747/1 806/746/1
f 864/748/1 807/747/1 865/288/1
f 864/748/1 808/749/1 807/747/1
f 863/750/1 808/749/1 864/748/1
f 863/750/1 809/751/1 808/749/1
f 862/752/1 809/751/1 863/750/1
f 862/752/1 810/753/1 809/751/1
f 861/754/1 810/753/1 862/752/1
f 861/754/1 811/755/1 810/753/1
f 860/756/1 811/755/1 861/754/1
f 860/756/1 812/757/1 811/755/1
f 859/758/1 812/757/1 860/756/1
f 859/758/1 813/759/1 812/757/1
f 858/760/1 813/759/1 859/758/1
f 858/760/1 814/293/1 813/759/1
f 857/761/1 814/293/1 858/760/1
f 856/762/1 814/293/1 857/761/1
f 856/762/1 815/763/1 814/293/1
f 855/764/1 815/763/1 856/762/1
f 855/764/1 816/765/1 815/763/1
f 854/766/1 816/765/1 855/764/1
f 854/766/1 817/767/1 816/765/1
f 853/768/1 817/767/1 854/766/1
f 853/768/1 818/769/1 817/767/1
f 852/770/1 1018/48/1 853/768/1
f 1018/48/1 818/769/1 853/768/1
f 1018/48/1 1017/771/1 818/769/1
f 1017/771/1 819/772/1 818/769/1
f 852/770/1 971/773/1 1018/48/1
f 1016/774/1 819/772/1 1017/771/1
f 852/770/1 972/775/1 971/773/1
f 1015/776/1 819/772/1 1016/774/1
f 852/770/1 973/777/1 972/775/1
f 851/778/1 973/777/1 852/770/1
f 1014/779/1 819/772/1 1015/776/1
f 851/778/1 974/780/1 973/777/1
f 1013/781/1 819/772/1 1014/779/1
f 851/778/1 975/782/1 974/780/1
f 1012/783/1 819/772/1 1013/781/1
f 1012/783/1 820/784/1 819/772/1
f 851/778/1 976/785/1 975/782/1
f 1011/786/1 820/784/1 1012/783/1
f 850/787/1 976/785/1 851/778/1
f 850/787/1 977/788/1 976/785/1
f 1010/789/1 820/784/1 1011/786/1
f 1010/789/1 821/790/1 820/784/1
f 850/787/1 978/791/1 977/788/1
f 849/792/1 978/791/1 850/787/1
f 1009/793/1 821/790/1 1010/789/1
f 849/792/1 979/794/1 978/791/1
f 1008/795/1 821/790/1 1009/793/1
f 1008/795/1 822/796/1 821/790/1
f 849/792/1 980/797/1 979/794/1
f 848/107/1 980/797/1 849/792/1
f 1007/798/1 822/796/1 1008/795/1
f 848/107/1 981/799/1 980/797/1
f 1007/798/1 823/800/1 822/796/1
f 847/801/1 981/799/1 848/107/1
f 847/801/1 982/802/1 981/799/1
f 1006/803/1 823/800/1 1007/798/1
f 1006/803/1 824/804/1 823/800/1
f 847/801/1 983/805/1 982/802/1
f 846/806/1 983/805/1 847/801/1
f 1005/807/1 824/804/1 1006/803/1
f 846/806/1 984/808/1 983/805/1
f 1004/809/1 824/804/1 1005/807/1
f 1004/809/1 825/810/1 824/804/1
f 846/806/1 985/811/1 984/808/1
f 1003/812/1 825/810/1 1004/809/1
f 845/813/1 985/811/1 846/806/1
f 845/813/1 986/814/1 985/811/1
f 1002/815/1 825/810/1 1003/812/1
f 845/813/1 987/816/1 986/814/1
f 1002/815/1 826/817/1 825/810/1
f 1001/818/1 826/817/1 1002/815/1
f 844/819/1 987/816/1 845/813/1
f 844/819/1 988/820/1 987/816/1
f 1000/821/1 826/817/1 1001/818/1
f 844/819/1 989/822/1 988/820/1
f 999/823/1 826/817/1 1000/821/1
f 844/819/1 990/824/1 989/822/1
f 999/823/1 827/825/1 826/817/1
f 998/826/1 827/825/1 999/823/1
f 843/827/1 990/824/1 844/819/1
f 843/827/1 991/828/1 990/824/1
f 997/829/1 827/825/1 998/826/1
f 843/827/1 992/830/1 991/828/1
f 996/831/1 827/825/1 997/829/1
f 843/827/1 993/832/1 992/830/1
f 995/833/1 827/825/1 996/831/1
f 843/827/1 994/834/1 993/832/1
f 994/834/1 827/825/1 995/833/1
f 843/827/1 827/825/1 994/834/1
f 843/827/1 828/835/1 827/825/1
f 842/836/1 828/835/1 843/827/1
f 842/836/1 829/837/1 828/835/1
f 841/838/1 829/837/1 842/836/1
f 840/839/1 829/837/1 841/838/1
f 840/839/1 830/840/1 829/837/1
f 839/841/1 830/840/1 840/839/1
f 839/841/1 831/842/1 830/840/1
f 838/843/1 831/842/1 839/841/1
f 838/843/1 832/844/1 831/842/1
f 837/845/1 832/844/1 838/843/1
f 837/845/1 833/846/1 832/844/1
f 836/847/1 833/846/1 837/845/1
f 836/847/1 834/848/1 833/846/1
f 835/849/1 834/848/1 836/847/1
f 1116/108/1 1118/109/1 1117/110/1
f 1115/111/1 1118/109/1 1116/108/1
f 1115/111/1 1119/112/1 1118/109/1
f 1114/113/1 1119/112/1 1115/111/1
f 1113/114/1 1119/112/1 1114/113/1
f 1113/114/1 1120/115/1 1119/112/1
f 1112/116/1 1120/115/1 1113/114/1
f 1112/116/1 1121/117/1 1120/115/1
f 1111/118/1 1121/117/1 1112/116/1
f 1110/119/1 1121/117/1 1111/118/1
f 1110/119/1 1122/120/1 1121/117/1
f 1109/121/1 1122/120/1 1110/119/1
f 1109/121/1 1123/122/1 1122/120/1
f 1108/123/1 1123/122/1 1109/121/1
f 1107/124/1 1123/122/1 1108/123/1
f 1107/124/1 1124/125/1 1123/122/1
f 1106/126/1 1124/125/1 1107/124/1
f 1106/126/1 1125/127/1 1124/125/1
f 1105/128/1 1125/127/1 1106/126/1
f 1104/129/1 1103/130/1 1105/128/1
f 1103/130/1 1102/131/1 1105/128/1
f 1102/131/1 1101/132/1 1105/128/1
f 1101/132/1 1100/133/1 1105/128/1
f 1100/133/1 1099/134/1 1105/128/1
f 1099/134/1 1098/135/1 1105/128/1
f 1098/135/1 1097/136/1 1105/128/1
f 1097/136/1 1096/137/1 1105/128/1
f 1096/137/1 1095/138/1 1105/128/1
f 1095/138/1 1094/139/1 1105/128/1
f 1094/139/1 1125/127/1 1105/128/1
f 1094/139/1 1093/140/1 1125/127/1
f 1093/140/1 1092/141/1 1125/127/1
f 1092/141/1 1126/142/1 1125/127/1
f 1092/141/1 1091/143/1 1126/142/1
f 1091/143/1 1127/144/1 1126/142/1
f 1090/145/1 1127/144/1 1091/143/1
f 1089/146/1 1127/144/1 1090/145/1
f 1088/147/1 1127/144/1 1089/146/1
f 1087/148/1 1127/144/1 1088/147/1
f 1086/149/1 1127/144/1 1087/148/1
f 1086/149/1 1128/150/1 1127/144/1
f 1085/151/1 1128/150/1 1086/149/1
f 1084/152/1 1128/150/1 1085/151/1
f 1083/153/1 1128/150/1 1084/152/1
f 1083/153/1 1129/154/1 1128/150/1
f 1082/155/1 1129/154/1 1083/153/1
f 1081/156/1 1129/154/1 1082/155/1
f 1081/156/1 1130/157/1 1129/154/1
f 1080/158/1 1130/157/1 1081/156/1
f 1079/159/1 1130/157/1 1080/158/1
f 1078/160/1 1192/48/1 1079/159/1
f 1192/48/1 1130/157/1 1079/159/1
f 1077/161/1 1192/48/1 1078/160/1
f 1076/162/1 1192/48/1 1077/161/1
f 1075/163/1 1192/48/1 1076/162/1
f 1074/164/1 1192/48/1 1075/163/1
f 1074/164/1 1156/165/1 1192/48/1
f 1191/166/1 1130/157/1 1192/48/1
f 1074/164/1 1157/167/1 1156/165/1
f 1073/168/1 1157/167/1 1074/164/1
f 1073/168/1 1158/169/1 1157/167/1
f 1072/170/1 1158/169/1 1073/168/1
f 1072/170/1 1159/171/1 1158/169/1
f 1071/172/1 1159/171/1 1072/170/1
f 1071/172/1 1160/173/1 1159/171/1
f 1071/172/1 1161/174/1 1160/173/1
f 1070/175/1 1161/174/1 1071/172/1
f 1070/175/1 1162/176/1 1161/174/1
f 1069/177/1 1162/176/1 1070/175/1
f 1069/177/1 1163/178/1 1162/176/1
f 1069/177/1 1164/179/1 1163/178/1
f 1068/180/1 1164/179/1 1069/177/1
f 1068/180/1 1165/181/1 1164/179/1
f 1068/180/1 1166/182/1 1165/181/1
f 1067/183/1 1166/182/1 1068/180/1
f 1067/183/1 1167/184/1 1166/182/1
f 1066/185/1 1167/184/1 1067/183/1
f 1066/185/1 1168/186/1 1167/184/1
f 1066/185/1 1169/187/1 1168/186/1
f 1065/188/1 1169/187/1 1066/185/1
f 1065/188/1 1170/189/1 1169/187/1
f 1065/188/1 1171/190/1 1170/189/1
f 1190/191/1 1130/157/1 1191/166/1
f 1064/192/1 1171/190/1 1065/188/1
f 1189/193/1 1130/157/1 1190/191/1
f 1064/192/1 1172/194/1 1171/190/1
f 1188/195/1 1130/157/1 1189/193/1
f 1153/196/1 1155/197/1 1154/198/1
f 1188/195/1 1131/199/1 1130/157/1
f 1064/192/1 1173/200/1 1172/194/1
f 1152/201/1 1155/197/1 1153/196/1
f 1187/202/1 1131/199/1 1188/195/1
f 1187/202/1 1132/203/1 1131/199/1
f 1151/204/1 1155/197/1 1152/201/1
f 1063/205/1 1173/200/1 1064/192/1
f 1063/205/1 1174/206/1 1173/200/1
f 1187/202/1 1133/207/1 1132/203/1
f 1186/208/1 1133/207/1 1187/202/1
f 1150/209/1 1155/197/1 1151/204/1
f 1186/208/1 1134/210/1 1133/207/1
f 1185/211/1 1134/210/1 1186/208/1
f 1149/212/1 1155/197/1 1150/209/1
f 1063/205/1 1175/213/1 1174/206/1
f 1185/211/1 1135/214/1 1134/210/1
f 1148/215/1 1155/197/1 1149/212/1
f 1184/216/1 1135/214/1 1185/211/1
f 1184/216/1 1136/217/1 1135/214/1
f 1147/218/1 1155/197/1 1148/215/1
f 1063/205/1 1176/219/1 1175/213/1
f 1184/216/1 1137/220/1 1136/217/1
f 1183/221/1 1137/220/1 1184/216/1
f 1146/222/1 1155/197/1 1147/218/1
f 1183/221/1 1138/223/1 1137/220/1
f 1062/224/1 1176/219/1 1063/205/1
f 1145/225/1 1155/197/1 1146/222/1
f 1062/224/1 1177/226/1 1176/219/1
f 1182/227/1 1138/223/1 1183/221/1
f 1182/227/1 1139/228/1 1138/223/1
f 1144/229/1 1155/197/1 1145/225/1
f 1182/227/1 1140/230/1 1139/228/1
f 1143/231/1 1155/197/1 1144/229/1
f 1181/232/1 1140/230/1 1182/227/1
f 1181/232/1 1141/233/1 1140/230/1
f 1142/234/1 1155/197/1 1143/231/1
f 1181/232/1 1142/234/1 1141/233/1
f 1062/224/1 1178/235/1 1177/226/1
f 1181/232/1 1155/197/1 1142/234/1
f 1180/236/1 1155/197/1 1181/232/1
f 1062/224/1 1179/237/1 1178/235/1
f 1179/237/1 1155/197/1 1180/236/1
f 1062/224/1 1042/238/1 1179/237/1
f 1042/238/1 1155/197/1 1179/237/1
f 1061/239/1 1042/238/1 1062/224/1
f 1061/239/1 1043/240/1 1042/238/1
f 1041/241/1 1155/197/1 1042/238/1
f 1060/242/1 1043/240/1 1061/239/1
f 1060/242/1 1044/243/1 1043/240/1
f 1040/244/1 1155/197/1 1041/241/1
f 1040/244/1 1019/84/1 1155/197/1
f 1059/245/1 1044/243/1 1060/242/1
f 1059/245/1 1045/246/1 1044/243/1
f 1039/247/1 1019/84/1 1040/244/1
f 1039/247/1 1020/248/1 1019/84/1
f 1059/245/1 1046/249/1 1045/246/1
f 1038/250/1 1020/248/1 1039/247/1
f 1058/251/1 1046/249/1 1059/245/1
f 1038/250/1 1021/252/1 1020/248/1
f 1058/251/1 1047/253/1 1046/249/1
f 1037/254/1 1021/252/1 1038/250/1
f 1037/254/1 1022/255/1 1021/252/1
f 1057/256/1 1047/253/1 1058/251/1
f 1057/256/1 1048/257/1 1047/253/1
f 1036/258/1 1022/255/1 1037/254/1
f 1036/258/1 1023/259/1 1022/255/1
f 1057/256/1 1049/260/1 1048/257/1
f 1035/261/1 1023/259/1 1036/258/1
f 1035/261/1 1024/262/1 1023/259/1
f 1056/263/1 1049/260/1 1057/256/1
f 1056/263/1 1050/264/1 1049/260/1
f 1034/265/1 1024/262/1 1035/261/1
f 1034/265/1 1025/266/1 1024/262/1
f 1056/263/1 1051/267/1 1050/264/1
f 1034/265/1 1026/268/1 1025/266/1
f 1033/269/1 1026/268/1 1034/265/1
f 1055/270/1 1051/267/1 1056/263/1
f 1033/269/1 1027/271/1 1026/268/1
f 1055/270/1 1052/272/1 1051/267/1
f 1032/273/1 1027/271/1 1033/269/1
f 1032/273/1 1028/274/1 1027/271/1
f 1055/270/1 1053/275/1 1052/272/1
f 1031/276/1 1028/274/1 1032/273/1
f 1054/277/1 1053/275/1 1055/270/1
f 1031/276/1 1029/278/1 1028/274/1
f 1030/279/1 1029/278/1 1031/276/1
f 1205/105/1 1207/850/1 1206/851/1
f 1205/105/1 1208/852/1 1207/850/1
f 1204/853/1 1208/852/1 1205/105/1
f 1204/853/1 1209/854/1 1208/852/1
f 1203/855/1 1209/854/1 1204/853/1
f 1203/855/1 1210/856/1 1209/854/1
f 1203/855/1 1211/107/1 1210/856/1
f 1202/285/1 1211/107/1 1203/855/1
f 1202/285/1 1212/857/1 1211/107/1
f 1245/858/1 1247/48/1 1246/859/1
f 1245/858/1 1193/84/1 1247/48/1
f 1201/860/1 1212/857/1 1202/285/1
f 1201/860/1 1213/861/1 1212/857/1
f 1201/860/1 1214/862/1 1213/861/1
f 1200/863/1 1214/862/1 1201/860/1
f 1200/863/1 1215/864/1 1214/862/1
f 1199/106/1 1215/864/1 1200/863/1
f 1199/106/1 1216/865/1 1215/864/1
f 1199/106/1 1217/104/1 1216/865/1
f 1198/866/1 1217/104/1 1199/106/1
f 1198/866/1 1218/867/1 1217/104/1
f 1197/868/1 1218/867/1 1198/866/1
f 1197/868/1 1228/869/1 1218/867/1
f 1228/869/1 1227/870/1 1218/867/1
f 1227/870/1 1226/871/1 1218/867/1
f 1226/871/1 1225/872/1 1218/867/1
f 1225/872/1 1224/873/1 1218/867/1
f 1224/873/1 1223/103/1 1218/867/1
f 1223/103/1 1222/874/1 1218/867/1
f 1222/874/1 1221/875/1 1218/867/1
f 1221/875/1 1220/53/1 1218/867/1
f 1220/53/1 1219/876/1 1218/867/1
f 1196/877/1 1230/878/1 1197/868/1
f 1230/878/1 1229/100/1 1197/868/1
f 1229/100/1 1228/869/1 1197/868/1
f 1195/879/1 1232/880/1 1196/877/1
f 1232/880/1 1231/881/1 1196/877/1
f 1231/881/1 1230/878/1 1196/877/1
f 1195/879/1 1233/882/1 1232/880/1
f 1195/879/1 1234/883/1 1233/882/1
f 1194/884/1 1234/883/1 1195/879/1
f 1194/884/1 1235/102/1 1234/883/1
f 1194/884/1 1236/885/1 1235/102/1
f 1245/858/1 1194/884/1 1193/84/1
f 1245/858/1 1240/886/1 1194/884/1
f 1240/886/1 1239/887/1 1194/884/1
f 1239/887/1 1238/283/1 1194/884/1
f 1238/283/1 1237/888/1 1194/884/1
f 1237/888/1 1236/885/1 1194/884/1
f 1245/858/1 1241/101/1 1240/886/1
f 1245/858/1 1242/889/1 1241/101/1
f 1245/858/1 1243/890/1 1242/889/1
f 1245/858/1 1244/891/1 1243/890/1
f 1254/100/1 1248/84/1 1255/102/1
f 1248/84/1 1256/101/1 1255/102/1
f 1248/84/1 1257/48/1 1256/101/1
f 1254/100/1 1249/106/1 1248/84/1
f 1254/100/1 1252/104/1 1249/106/1
f 1252/104/1 1250/105/1 1249/106/1
f 1252/104/1 1251/107/1 1250/105/1
f 1254/100/1 1253/103/1 1252/104/1
f 1292/1/2 1293/3/2 1294/2/2
f 1292/1/2 1294/2/2 1295/4/2
f 1291/5/2 1292/1/2 1295/4/2
f 1291/5/2 1295/4/2 1296/6/2
f 1290/7/2 1291/5/2 1296/6/2
f 1290/7/2 1296/6/2 1297/8/2
f 1289/9/2 1290/7/2 1297/8/2
f 1289/9/2 1297/8/2 1298/10/2
f 1288/11/2 1289/9/2 1298/10/2
f 1288/11/2 1298/10/2 1299/12/2
f 1287/13/2 1288/11/2 1299/12/2
f 1287/13/2 1299/12/2 1300/14/2
f 1286/15/2 1287/13/2 1343/16/2
f 1343/16/2 1287/13/2 1300/14/2
f 1286/15/2 1343/16/2 1344/17/2
f 1342/18/2 1343/16/2 1300/14/2
f 1286/15/2 1344/17/2 1345/19/2
f 1341/20/2 1342/18/2 1300/14/2
f 1286/15/2 1345/19/2 1346/21/2
f 1340/22/2 1341/20/2 1300/14/2
f 1340/22/2 1300/14/2 1301/23/2
f 1286/15/2 1346/21/2 1347/24/2
f 1285/25/2 1286/15/2 1347/24/2
f 1339/26/2 1340/22/2 1301/23/2
f 1285/25/2 1347/24/2 1348/27/2
f 1338/28/2 1339/26/2 1301/23/2
f 1285/25/2 1348/27/2 1349/29/2
f 1337/30/2 1338/28/2 1301/23/2
f 1285/25/2 1349/29/2 1350/31/2
f 1336/32/2 1337/30/2 1301/23/2
f 1284/33/2 1285/25/2 1350/31/2
f 1336/32/2 1301/23/2 1302/34/2
f 1284/33/2 1350/31/2 1351/35/2
f 1335/36/2 1336/32/2 1302/34/2
f 1284/33/2 1351/35/2 1352/37/2
f 1334/38/2 1335/36/2 1302/34/2
f 1283/39/2 1284/33/2 1352/37/2
f 1334/38/2 1302/34/2 1303/40/2
f 1283/39/2 1352/37/2 1353/41/2
f 1333/42/2 1334/38/2 1303/40/2
f 1283/39/2 1353/41/2 1354/43/2
f 1332/44/2 1333/42/2 1303/40/2
f 1282/45/2 1283/39/2 1354/43/2
f 1282/45/2 1354/43/2 1355/46/2
f 1332/44/2 1303/40/2 1304/47/2
f 1356/48/2 1332/44/2 1304/47/2
f 1282/45/2 1355/46/2 1356/48/2
f 1282/45/2 1356/48/2 1304/47/2
f 1281/49/2 1282/45/2 1304/47/2
f 1281/49/2 1304/47/2 1305/50/2
f 1280/51/2 1281/49/2 1306/52/2
f 1306/52/2 1281/49/2 1305/50/2
f 1280/51/2 1306/52/2 1307/53/2
f 1279/54/2 1280/51/2 1307/53/2
f 1279/54/2 1307/53/2 1308/55/2
f 1279/54/2 1308/55/2 1309/56/2
f 1278/57/2 1279/54/2 1309/56/2
f 1278/57/2 1309/56/2 1310/58/2
f 1277/59/2 1278/57/2 1310/58/2
f 1277/59/2 1310/58/2 1311/60/2
f 1329/61/2 1330/63/2 1331/62/2
f 1277/59/2 1311/60/2 1312/64/2
f 1328/65/2 1329/61/2 1331/62/2
f 1327/66/2 1328/65/2 1331/62/2
f 1276/67/2 1277/59/2 1312/64/2
f 1276/67/2 1312/64/2 1313/68/2
f 1326/69/2 1327/66/2 1331/62/2
f 1325/70/2 1326/69/2 1331/62/2
f 1276/67/2 1313/68/2 1314/71/2
f 1324/72/2 1325/70/2 1331/62/2
f 1276/67/2 1314/71/2 1315/73/2
f 1323/74/2 1324/72/2 1331/62/2
f 1275/75/2 1276/67/2 1315/73/2
f 1322/76/2 1323/74/2 1331/62/2
f 1275/75/2 1315/73/2 1316/77/2
f 1321/78/2 1322/76/2 1331/62/2
f 1275/75/2 1316/77/2 1317/79/2
f 1320/80/2 1321/78/2 1331/62/2
f 1319/81/2 1320/80/2 1331/62/2
f 1275/75/2 1317/79/2 1318/82/2
f 1318/82/2 1319/81/2 1331/62/2
f 1275/75/2 1318/82/2 1331/62/2
f 1274/83/2 1275/75/2 1331/62/2
f 1274/83/2 1331/62/2 1258/84/2
f 1273/85/2 1274/83/2 1258/84/2
f 1273/85/2 1258/84/2 1259/86/2
f 1273/85/2 1259/86/2 1260/87/2
f 1272/88/2 1273/85/2 1260/87/2
f 1272/88/2 1260/87/2 1261/89/2
f 1272/88/2 1261/89/2 1262/90/2
f 1271/91/2 1272/88/2 1262/90/2
f 1271/91/2 1262/90/2 1263/92/2
f 1271/91/2 1263/92/2 1264/93/2
f 1270/94/2 1271/91/2 1264/93/2
f 1270/94/2 1264/93/2 1265/95/2
f 1270/94/2 1265/95/2 1266/96/2
f 1270/94/2 1266/96/2 1267/97/2
f 1269/98/2 1270/94/2 1267/97/2
f 1269/98/2 1267/97/2 1268/99/2
f 1363/100/2 1364/102/2 1365/101/2
f 1363/100/2 1365/101/2 1366/48/2
f 1362/103/2 1363/100/2 1366/48/2
f 1362/103/2 1366/48/2 1361/104/2
f 1357/84/2 1358/106/2 1359/105/2
f 1357/84/2 1359/105/2 1360/107/2
f 1464/108/2 1465/110/2 1466/109/2
f 1463/111/2 1464/108/2 1466/109/2
f 1463/111/2 1466/109/2 1467/112/2
f 1462/113/2 1463/111/2 1467/112/2
f 1461/114/2 1462/113/2 1467/112/2
f 1461/114/2 1467/112/2 1468/115/2
f 1460/116/2 1461/114/2 1468/115/2
f 1460/116/2 1468/115/2 1469/117/2
f 1459/118/2 1460/116/2 1469/117/2
f 1458/119/2 1459/118/2 1469/117/2
f 1458/119/2 1469/117/2 1470/120/2
f 1457/121/2 1458/119/2 1470/120/2
f 1457/121/2 1470/120/2 1471/122/2
f 1456/123/2 1457/121/2 1471/122/2
f 1455/124/2 1456/123/2 1471/122/2
f 1455/124/2 1471/122/2 1472/125/2
f 1454/126/2 1455/124/2 1472/125/2
f 1454/126/2 1472/125/2 1473/127/2
f 1453/128/2 1454/126/2 1473/127/2
f 1452/129/2 1453/128/2 1451/130/2
f 1451/130/2 1453/128/2 1450/131/2
f 1450/131/2 1453/128/2 1449/132/2
f 1449/132/2 1453/128/2 1448/133/2
f 1448/133/2 1453/128/2 1447/134/2
f 1447/134/2 1453/128/2 1446/135/2
f 1446/135/2 1453/128/2 1445/136/2
f 1445/136/2 1453/128/2 1444/137/2
f 1444/137/2 1453/128/2 1443/138/2
f 1443/138/2 1453/128/2 1442/139/2
f 1442/139/2 1453/128/2 1473/127/2
f 1442/139/2 1473/127/2 1441/140/2
f 1441/140/2 1473/127/2 1440/141/2
f 1440/141/2 1473/127/2 1474/142/2
f 1440/141/2 1474/142/2 1439/143/2
f 1439/143/2 1474/142/2 1475/144/2
f 1438/145/2 1439/143/2 1475/144/2
f 1437/146/2 1438/145/2 1475/144/2
f 1436/147/2 1437/146/2 1475/144/2
f 1435/148/2 1436/147/2 1475/144/2
f 1434/149/2 1435/148/2 1475/144/2
f 1434/149/2 1475/144/2 1476/150/2
f 1433/151/2 1434/149/2 1476/150/2
f 1432/152/2 1433/151/2 1476/150/2
f 1431/153/2 1432/152/2 1476/150/2
f 1431/153/2 1476/150/2 1477/154/2
f 1430/155/2 1431/153/2 1477/154/2
f 1429/156/2 1430/155/2 1477/154/2
f 1429/156/2 1477/154/2 1478/157/2
f 1428/158/2 1429/156/2 1478/157/2
f 1427/159/2 1428/158/2 1478/157/2
f 1426/160/2 1427/159/2 1540/48/2
f 1540/48/2 1427/159/2 1478/157/2
f 1425/161/2 1426/160/2 1540/48/2
f 1424/162/2 1425/161/2 1540/48/2
f 1423/163/2 1424/162/2 1540/48/2
f 1422/164/2 1423/163/2 1540/48/2
f 1422/164/2 1540/48/2 1504/165/2
f 1539/166/2 1540/48/2 1478/157/2
f 1422/164/2 1504/165/2 1505/167/2
f 1421/168/2 1422/164/2 1505/167/2
f 1421/168/2 1505/167/2 1506/169/2
f 1420/170/2 1421/168/2 1506/169/2
f 1420/170/2 1506/169/2 1507/171/2
f 1419/172/2 1420/170/2 1507/171/2
f 1419/172/2 1507/171/2 1508/173/2
f 1419/172/2 1508/173/2 1509/174/2
f 1418/175/2 1419/172/2 1509/174/2
f 1418/175/2 1509/174/2 1510/176/2
f 1417/177/2 1418/175/2 1510/176/2
f 1417/177/2 1510/176/2 1511/178/2
f 1417/177/2 1511/178/2 1512/179/2
f 1416/180/2 1417/177/2 1512/179/2
f 1416/180/2 1512/179/2 1513/181/2
f 1416/180/2 1513/181/2 1514/182/2
f 1415/183/2 1416/180/2 1514/182/2
f 1415/183/2 1514/182/2 1515/184/2
f 1414/185/2 1415/183/2 1515/184/2
f 1414/185/2 1515/184/2 1516/186/2
f 1414/185/2 1516/186/2 1517/187/2
f 1413/188/2 1414/185/2 1517/187/2
f 1413/188/2 1517/187/2 1518/189/2
f 1413/188/2 1518/189/2 1519/190/2
f 1538/191/2 1539/166/2 1478/157/2
f 1412/192/2 1413/188/2 1519/190/2
f 1537/193/2 1538/191/2 1478/157/2
f 1412/192/2 1519/190/2 1520/194/2
f 1536/195/2 1537/193/2 1478/157/2
f 1501/196/2 1502/198/2 1503/197/2
f 1536/195/2 1478/157/2 1479/199/2
f 1412/192/2 1520/194/2 1521/200/2
f 1500/201/2 1501/196/2 1503/197/2
f 1535/202/2 1536/195/2 1479/199/2
f 1535/202/2 1479/199/2 1480/203/2
f 1499/204/2 1500/201/2 1503/197/2
f 1411/205/2 1412/192/2 1521/200/2
f 1411/205/2 1521/200/2 1522/206/2
f 1535/202/2 1480/203/2 1481/207/2
f 1534/208/2 1535/202/2 1481/207/2
f 1498/209/2 1499/204/2 1503/197/2
f 1534/208/2 1481/207/2 1482/210/2
f 1533/211/2 1534/208/2 1482/210/2
f 1497/212/2 1498/209/2 1503/197/2
f 1411/205/2 1522/206/2 1523/213/2
f 1533/211/2 1482/210/2 1483/214/2
f 1496/215/2 1497/212/2 1503/197/2
f 1532/216/2 1533/211/2 1483/214/2
f 1532/216/2 1483/214/2 1484/217/2
f 1495/218/2 1496/215/2 1503/197/2
f 1411/205/2 1523/213/2 1524/219/2
f 1532/216/2 1484/217/2 1485/220/2
f 1531/221/2 1532/216/2 1485/220/2
f 1494/222/2 1495/218/2 1503/197/2
f 1531/221/2 1485/220/2 1486/223/2
f 1410/224/2 1411/205/2 1524/219/2
f 1493/225/2 1494/222/2 1503/197/2
f 1410/224/2 1524/219/2 1525/226/2
f 1530/227/2 1531/221/2 1486/223/2
f 1530/227/2 1486/223/2 1487/228/2
f 1492/229/2 1493/225/2 1503/197/2
f 1530/227/2 1487/228/2 1488/230/2
f 1491/231/2 1492/229/2 1503/197/2
f 1529/232/2 1530/227/2 1488/230/2
f 1529/232/2 1488/230/2 1489/233/2
f 1490/234/2 1491/231/2 1503/197/2
f 1529/232/2 1489/233/2 1490/234/2
f 1410/224/2 1525/226/2 1526/235/2
f 1529/232/2 1490/234/2 1503/197/2
f 1528/236/2 1529/232/2 1503/197/2
f 1410/224/2 1526/235/2 1527/237/2
f 1527/237/2 1528/236/2 1503/197/2
f 1410/224/2 1527/237/2 1390/238/2
f 1390/238/2 1527/237/2 1503/197/2
f 1409/239/2 1410/224/2 1390/238/2
f 1409/239/2 1390/238/2 1391/240/2
f 1389/241/2 1390/238/2 1503/197/2
f 1408/242/2 1409/239/2 1391/240/2
f 1408/242/2 1391/240/2 1392/243/2
f 1388/244/2 1389/241/2 1503/197/2
f 1388/244/2 1503/197/2 1367/84/2
f 1407/245/2 1408/242/2 1392/243/2
f 1407/245/2 1392/243/2 1393/246/2
f 1387/247/2 1388/244/2 1367/84/2
f 1387/247/2 1367/84/2 1368/248/2
f 1407/245/2 1393/246/2 1394/249/2
f 1386/250/2 1387/247/2 1368/248/2
f 1406/251/2 1407/245/2 1394/249/2
f 1386/250/2 1368/248/2 1369/252/2
f 1406/251/2 1394/249/2 1395/253/2
f 1385/254/2 1386/250/2 1369/252/2
f 1385/254/2 1369/252/2 1370/255/2
f 1405/256/2 1406/251/2 1395/253/2
f 1405/256/2 1395/253/2 1396/257/2
f 1384/258/2 1385/254/2 1370/255/2
f 1384/258/2 1370/255/2 1371/259/2
f 1405/256/2 1396/257/2 1397/260/2
f 1383/261/2 1384/258/2 1371/259/2
f 1383/261/2 1371/259/2 1372/262/2
f 1404/263/2 1405/256/2 1397/260/2
f 1404/263/2 1397/260/2 1398/264/2
f 1382/265/2 1383/261/2 1372/262/2
f 1382/265/2 1372/262/2 1373/266/2
f 1404/263/2 1398/264/2 1399/267/2
f 1382/265/2 1373/266/2 1374/268/2
f 1381/269/2 1382/265/2 1374/268/2
f 1403/270/2 1404/263/2 1399/267/2
f 1381/269/2 1374/268/2 1375/271/2
f 1403/270/2 1399/267/2 1400/272/2
f 1380/273/2 1381/269/2 1375/271/2
f 1380/273/2 1375/271/2 1376/274/2
f 1403/270/2 1400/272/2 1401/275/2
f 1379/276/2 1380/273/2 1376/274/2
f 1402/277/2 1403/270/2 1401/275/2
f 1379/276/2 1376/274/2 1377/278/2
f 1378/279/2 1379/276/2 1377/278/2
f 1547/53/2 1548/280/2 1549/100/2
f 1547/53/2 1549/100/2 1550/281/2
f 1550/281/2 1551/283/2 1552/282/2
f 1550/281/2 1552/282/2 1545/107/2
f 1545/107/2 1552/282/2 1553/48/2
f 1553/48/2 1541/84/2 1542/284/2
f 1553/48/2 1542/284/2 1543/285/2
f 1550/281/2 1545/107/2 1546/286/2
f 1544/287/2 1545/107/2 1553/48/2
f 1547/53/2 1550/281/2 1546/286/2
f 1544/287/2 1553/48/2 1543/285/2
f 1558/288/2 1559/53/2 1560/289/2
f 1558/288/2 1560/289/2 1563/290/2
f 1563/290/2 1560/289/2 1561/291/2
f 1558/288/2 1563/290/2 1564/48/2
f 1562/292/2 1563/290/2 1561/291/2
f 1558/288/2 1564/48/2 1556/293/2
f 1556/293/2 1564/48/2 1562/292/2
f 1556/293/2 1562/292/2 1555/294/2
f 1555/294/2 1562/292/2 1561/291/2
f 1558/288/2 1556/293/2 1557/295/2
f 1554/84/2 1555/294/2 1561/291/2
f 1684/296/2 1685/298/2 1686/297/2
f 1684/296/2 1686/297/2 1687/299/2
f 1683/300/2 1684/296/2 1687/299/2
f 1683/300/2 1687/299/2 1688/301/2
f 1683/300/2 1688/301/2 1689/302/2
f 1682/303/2 1683/300/2 1689/302/2
f 1682/303/2 1689/302/2 1690/304/2
f 1682/303/2 1690/304/2 1691/305/2
f 1681/306/2 1682/303/2 1691/305/2
f 1681/306/2 1691/305/2 1692/307/2
f 1681/306/2 1692/307/2 1693/308/2
f 1680/309/2 1681/306/2 1693/308/2
f 1680/309/2 1693/308/2 1694/310/2
f 1680/309/2 1694/310/2 1695/311/2
f 1679/18/2 1680/309/2 1695/311/2
f 1679/18/2 1695/311/2 1696/312/2
f 1679/18/2 1696/312/2 1697/313/2
f 1678/314/2 1679/18/2 1697/313/2
f 1678/314/2 1697/313/2 1572/315/2
f 1572/315/2 1697/313/2 1571/316/2
f 1571/316/2 1697/313/2 1570/317/2
f 1570/317/2 1697/313/2 1569/318/2
f 1569/318/2 1697/313/2 1568/319/2
f 1568/319/2 1697/313/2 1567/320/2
f 1567/320/2 1697/313/2 1566/321/2
f 1566/321/2 1697/313/2 1565/84/2
f 1565/84/2 1697/313/2 1698/48/2
f 1677/322/2 1678/314/2 1574/323/2
f 1574/323/2 1678/314/2 1573/324/2
f 1573/324/2 1678/314/2 1572/315/2
f 1676/325/2 1677/322/2 1575/326/2
f 1575/326/2 1677/322/2 1574/323/2
f 1675/327/2 1676/325/2 1577/328/2
f 1577/328/2 1676/325/2 1576/329/2
f 1576/329/2 1676/325/2 1575/326/2
f 1675/327/2 1577/328/2 1578/330/2
f 1675/327/2 1578/330/2 1579/331/2
f 1675/327/2 1579/331/2 1580/332/2
f 1675/327/2 1580/332/2 1581/333/2
f 1675/327/2 1581/333/2 1582/334/2
f 1674/335/2 1675/327/2 1582/334/2
f 1674/335/2 1582/334/2 1583/336/2
f 1674/335/2 1583/336/2 1584/88/2
f 1674/335/2 1584/88/2 1585/337/2
f 1674/335/2 1585/337/2 1586/338/2
f 1673/339/2 1674/335/2 1586/338/2
f 1673/339/2 1586/338/2 1587/340/2
f 1673/339/2 1587/340/2 1588/341/2
f 1673/339/2 1588/341/2 1589/342/2
f 1672/343/2 1673/339/2 1589/342/2
f 1672/343/2 1589/342/2 1590/344/2
f 1672/343/2 1590/344/2 1591/345/2
f 1672/343/2 1591/345/2 1592/346/2
f 1672/343/2 1592/346/2 1593/347/2
f 1672/343/2 1593/347/2 1594/348/2
f 1671/349/2 1672/343/2 1594/348/2
f 1671/349/2 1594/348/2 1595/350/2
f 1671/349/2 1595/350/2 1596/351/2
f 1671/349/2 1596/351/2 1597/352/2
f 1670/353/2 1671/349/2 1597/352/2
f 1670/353/2 1597/352/2 1598/354/2
f 1670/353/2 1598/354/2 1599/355/2
f 1670/353/2 1599/355/2 1600/356/2
f 1669/357/2 1670/353/2 1600/356/2
f 1669/357/2 1600/356/2 1601/358/2
f 1668/359/2 1669/357/2 1601/358/2
f 1668/359/2 1601/358/2 1602/360/2
f 1668/359/2 1602/360/2 1603/15/2
f 1667/361/2 1668/359/2 1603/15/2
f 1667/361/2 1603/15/2 1604/362/2
f 1666/363/2 1667/361/2 1604/362/2
f 1666/363/2 1604/362/2 1605/364/2
f 1666/363/2 1605/364/2 1606/365/2
f 1665/366/2 1666/363/2 1606/365/2
f 1665/366/2 1606/365/2 1607/367/2
f 1664/368/2 1665/366/2 1607/367/2
f 1664/368/2 1607/367/2 1608/369/2
f 1664/368/2 1608/369/2 1609/370/2
f 1663/371/2 1664/368/2 1609/370/2
f 1663/371/2 1609/370/2 1610/372/2
f 1662/373/2 1663/371/2 1610/372/2
f 1662/373/2 1610/372/2 1611/374/2
f 1661/375/2 1662/373/2 1611/374/2
f 1661/375/2 1611/374/2 1612/376/2
f 1636/377/2 1637/379/2 1638/378/2
f 1661/375/2 1612/376/2 1613/380/2
f 1660/65/2 1661/375/2 1613/380/2
f 1636/377/2 1638/378/2 1639/381/2
f 1659/382/2 1660/65/2 1613/380/2
f 1636/377/2 1639/381/2 1640/383/2
f 1658/384/2 1659/382/2 1613/380/2
f 1658/384/2 1613/380/2 1614/385/2
f 1636/377/2 1640/383/2 1641/71/2
f 1657/386/2 1658/384/2 1614/385/2
f 1636/377/2 1641/71/2 1642/387/2
f 1656/388/2 1657/386/2 1614/385/2
f 1636/377/2 1642/387/2 1643/389/2
f 1655/390/2 1656/388/2 1614/385/2
f 1655/390/2 1614/385/2 1615/391/2
f 1636/377/2 1643/389/2 1644/392/2
f 1654/393/2 1655/390/2 1615/391/2
f 1653/394/2 1654/393/2 1615/391/2
f 1636/377/2 1644/392/2 1645/395/2
f 1652/396/2 1653/394/2 1615/391/2
f 1636/377/2 1645/395/2 1646/397/2
f 1651/398/2 1652/396/2 1615/391/2
f 1636/377/2 1646/397/2 1647/399/2
f 1650/400/2 1651/398/2 1615/391/2
f 1636/377/2 1647/399/2 1648/401/2
f 1649/402/2 1650/400/2 1615/391/2
f 1636/377/2 1648/401/2 1649/402/2
f 1649/402/2 1615/391/2 1616/403/2
f 1636/377/2 1649/402/2 1616/403/2
f 1636/377/2 1616/403/2 1617/404/2
f 1636/377/2 1617/404/2 1618/405/2
f 1635/406/2 1636/377/2 1618/405/2
f 1635/406/2 1618/405/2 1619/407/2
f 1634/408/2 1635/406/2 1619/407/2
f 1633/409/2 1634/408/2 1619/407/2
f 1633/409/2 1619/407/2 1620/410/2
f 1632/411/2 1633/409/2 1620/410/2
f 1631/412/2 1632/411/2 1620/410/2
f 1631/412/2 1620/410/2 1621/413/2
f 1630/414/2 1631/412/2 1621/413/2
f 1630/414/2 1621/413/2 1622/14/2
f 1629/415/2 1630/414/2 1622/14/2
f 1628/416/2 1629/415/2 1622/14/2
f 1628/416/2 1622/14/2 1623/417/2
f 1627/418/2 1628/416/2 1623/417/2
f 1626/419/2 1627/418/2 1623/417/2
f 1626/419/2 1623/417/2 1624/420/2
f 1625/421/2 1626/419/2 1624/420/2
f 1754/422/2 1755/423/2 1756/48/2
f 1754/422/2 1756/48/2 1699/84/2
f 1754/422/2 1699/84/2 1700/424/2
f 1753/305/2 1754/422/2 1700/424/2
f 1752/425/1 1753/305/1 1700/424/1
f 1751/426/2 1752/425/2 1701/427/2
f 1701/427/1 1752/425/1 1700/424/1
f 1751/426/2 1701/427/2 1702/315/2
f 1751/426/2 1702/315/2 1703/428/2
f 1750/296/2 1751/426/2 1703/428/2
f 1750/296/2 1703/428/2 1704/429/2
f 1750/296/2 1704/429/2 1705/331/2
f 1749/430/2 1750/296/2 1705/331/2
f 1749/430/2 1705/331/2 1706/431/2
f 1725/432/2 1726/416/2 1727/433/2
f 1724/434/2 1725/432/2 1727/433/2
f 1749/430/2 1706/431/2 1707/435/2
f 1723/413/2 1724/434/2 1727/433/2
f 1748/436/2 1749/430/2 1707/435/2
f 1748/436/2 1707/435/2 1708/338/2
f 1722/437/2 1723/413/2 1727/433/2
f 1721/438/2 1722/437/2 1727/433/2
f 1748/436/2 1708/338/2 1709/439/2
f 1720/385/2 1721/438/2 1727/433/2
f 1748/436/2 1709/439/2 1710/440/2
f 1719/441/2 1720/385/2 1727/433/2
f 1748/436/2 1710/440/2 1711/347/2
f 1718/107/2 1719/441/2 1727/433/2
f 1747/322/2 1748/436/2 1711/347/2
f 1717/367/2 1718/107/2 1727/433/2
f 1747/322/2 1711/347/2 1712/442/2
f 1716/443/2 1717/367/2 1727/433/2
f 1747/322/2 1712/442/2 1713/444/2
f 1715/445/2 1716/443/2 1727/433/2
f 1747/322/2 1713/444/2 1714/356/2
f 1714/356/2 1715/445/2 1727/433/2
f 1747/322/2 1714/356/2 1727/433/2
f 1746/446/2 1747/322/2 1727/433/2
f 1745/447/2 1746/446/2 1727/433/2
f 1744/353/2 1745/447/2 1727/433/2
f 1744/353/2 1727/433/2 1728/448/2
f 1743/449/2 1744/353/2 1728/448/2
f 1743/449/2 1728/448/2 1729/406/2
f 1743/449/2 1729/406/2 1730/450/2
f 1742/451/2 1743/449/2 1730/450/2
f 1742/451/2 1730/450/2 1731/452/2
f 1742/451/2 1731/452/2 1732/387/2
f 1742/451/2 1732/387/2 1733/453/2
f 1741/371/2 1742/451/2 1733/453/2
f 1741/371/2 1733/453/2 1734/454/2
f 1741/371/2 1734/454/2 1735/402/2
f 1740/455/2 1741/371/2 1735/402/2
f 1740/455/2 1735/402/2 1736/456/2
f 1740/455/2 1736/456/2 1737/100/2
f 1739/457/2 1740/455/2 1737/100/2
f 1739/457/2 1737/100/2 1738/388/2
f 1768/458/2 1769/54/2 1770/459/2
f 1767/460/2 1768/458/2 1770/459/2
f 1767/460/2 1770/459/2 1771/287/2
f 1766/461/2 1767/460/2 1771/287/2
f 1765/88/2 1766/461/2 1771/287/2
f 1765/88/2 1771/287/2 1772/462/2
f 1764/463/2 1765/88/2 1772/462/2
f 1810/464/2 1811/466/2 1812/465/2
f 1810/464/2 1812/465/2 1813/48/2
f 1764/463/2 1772/462/2 1773/15/2
f 1763/467/2 1764/463/2 1773/15/2
f 1762/468/2 1763/467/2 1773/15/2
f 1762/468/2 1773/15/2 1774/469/2
f 1761/95/2 1762/468/2 1774/469/2
f 1761/95/2 1774/469/2 1775/470/2
f 1760/471/2 1761/95/2 1775/470/2
f 1759/472/2 1760/471/2 1775/470/2
f 1759/472/2 1775/470/2 1776/473/2
f 1758/474/2 1759/472/2 1776/473/2
f 1757/84/2 1758/474/2 1776/473/2
f 1757/84/2 1776/473/2 1796/475/2
f 1796/475/2 1776/473/2 1777/3/2
f 1810/464/2 1813/48/2 1757/84/2
f 1810/464/2 1757/84/2 1808/476/2
f 1808/476/2 1757/84/2 1807/477/2
f 1807/477/2 1757/84/2 1806/478/2
f 1806/478/2 1757/84/2 1805/18/2
f 1805/18/2 1757/84/2 1804/479/2
f 1804/479/2 1757/84/2 1803/480/2
f 1803/480/2 1757/84/2 1802/481/2
f 1802/481/2 1757/84/2 1801/36/2
f 1801/36/2 1757/84/2 1800/482/2
f 1800/482/2 1757/84/2 1799/281/2
f 1799/281/2 1757/84/2 1798/483/2
f 1798/483/2 1757/84/2 1797/65/2
f 1797/65/2 1757/84/2 1796/475/2
f 1795/484/2 1796/475/2 1777/3/2
f 1794/485/2 1795/484/2 1777/3/2
f 1793/78/2 1794/485/2 1777/3/2
f 1792/486/2 1793/78/2 1777/3/2
f 1792/486/2 1777/3/2 1778/487/2
f 1791/488/2 1792/486/2 1778/487/2
f 1790/489/2 1791/488/2 1778/487/2
f 1789/71/2 1790/489/2 1778/487/2
f 1789/71/2 1778/487/2 1779/490/2
f 1788/491/2 1789/71/2 1779/490/2
f 1787/492/2 1788/491/2 1779/490/2
f 1787/492/2 1779/490/2 1780/493/2
f 1786/494/2 1787/492/2 1780/493/2
f 1810/464/2 1808/476/2 1809/29/2
f 1785/53/2 1786/494/2 1780/493/2
f 1785/53/2 1780/493/2 1781/14/2
f 1784/495/2 1785/53/2 1781/14/2
f 1783/496/2 1784/495/2 1781/14/2
f 1783/496/2 1781/14/2 1782/497/2
f 1848/1/2 1849/3/2 1850/2/2
f 1848/1/2 1850/2/2 1851/4/2
f 1847/5/2 1848/1/2 1851/4/2
f 1847/5/2 1851/4/2 1852/6/2
f 1846/7/2 1847/5/2 1852/6/2
f 1846/7/2 1852/6/2 1853/8/2
f 1845/9/2 1846/7/2 1853/8/2
f 1845/9/2 1853/8/2 1854/10/2
f 1844/11/2 1845/9/2 1854/10/2
f 1844/11/2 1854/10/2 1855/12/2
f 1843/13/2 1844/11/2 1855/12/2
f 1843/13/2 1855/12/2 1856/14/2
f 1842/15/2 1843/13/2 1899/16/2
f 1899/16/2 1843/13/2 1856/14/2
f 1842/15/2 1899/16/2 1900/17/2
f 1898/18/2 1899/16/2 1856/14/2
f 1842/15/2 1900/17/2 1901/19/2
f 1897/20/2 1898/18/2 1856/14/2
f 1842/15/2 1901/19/2 1902/21/2
f 1896/22/2 1897/20/2 1856/14/2
f 1896/22/2 1856/14/2 1857/23/2
f 1842/15/2 1902/21/2 1903/24/2
f 1841/25/2 1842/15/2 1903/24/2
f 1895/26/2 1896/22/2 1857/23/2
f 1841/25/2 1903/24/2 1904/27/2
f 1894/28/2 1895/26/2 1857/23/2
f 1841/25/2 1904/27/2 1905/29/2
f 1893/30/2 1894/28/2 1857/23/2
f 1841/25/2 1905/29/2 1906/31/2
f 1892/32/2 1893/30/2 1857/23/2
f 1840/33/2 1841/25/2 1906/31/2
f 1892/32/2 1857/23/2 1858/34/2
f 1840/33/2 1906/31/2 1907/35/2
f 1891/36/2 1892/32/2 1858/34/2
f 1840/33/2 1907/35/2 1908/37/2
f 1890/38/2 1891/36/2 1858/34/2
f 1839/39/2 1840/33/2 1908/37/2
f 1890/38/2 1858/34/2 1859/40/2
f 1839/39/2 1908/37/2 1909/41/2
f 1889/42/2 1890/38/2 1859/40/2
f 1839/39/2 1909/41/2 1910/43/2
f 1888/44/2 1889/42/2 1859/40/2
f 1838/45/2 1839/39/2 1910/43/2
f 1838/45/2 1910/43/2 1911/46/2
f 1888/44/2 1859/40/2 1860/47/2
f 1912/48/2 1888/44/2 1860/47/2
f 1838/45/2 1911/46/2 1912/48/2
f 1838/45/2 1912/48/2 1860/47/2
f 1837/49/2 1838/45/2 1860/47/2
f 1837/49/2 1860/47/2 1861/50/2
f 1836/51/2 1837/49/2 1862/52/2
f 1862/52/2 1837/49/2 1861/50/2
f 1836/51/2 1862/52/2 1863/53/2
f 1835/54/2 1836/51/2 1863/53/2
f 1835/54/2 1863/53/2 1864/55/2
f 1835/54/2 1864/55/2 1865/56/2
f 1834/57/2 1835/54/2 1865/56/2
f 1834/57/2 1865/56/2 1866/58/2
f 1833/59/2 1834/57/2 1866/58/2
f 1833/59/2 1866/58/2 1867/60/2
f 1885/61/2 1886/63/2 1887/62/2
f 1833/59/2 1867/60/2 1868/64/2
f 1884/65/2 1885/61/2 1887/62/2
f 1883/66/2 1884/65/2 1887/62/2
f 1832/67/2 1833/59/2 1868/64/2
f 1832/67/2 1868/64/2 1869/68/2
f 1882/69/2 1883/66/2 1887/62/2
f 1881/70/2 1882/69/2 1887/62/2
f 1832/67/2 1869/68/2 1870/71/2
f 1880/72/2 1881/70/2 1887/62/2
f 1832/67/2 1870/71/2 1871/73/2
f 1879/74/2 1880/72/2 1887/62/2
f 1831/75/2 1832/67/2 1871/73/2
f 1878/76/2 1879/74/2 1887/62/2
f 1831/75/2 1871/73/2 1872/77/2
f 1877/78/2 1878/76/2 1887/62/2
f 1831/75/2 1872/77/2 1873/79/2
f 1876/80/2 1877/78/2 1887/62/2
f 1875/81/2 1876/80/2 1887/62/2
f 1831/75/2 1873/79/2 1874/82/2
f 1874/82/2 1875/81/2 1887/62/2
f 1831/75/2 1874/82/2 1887/62/2
f 1830/83/2 1831/75/2 1887/62/2
f 1830/83/2 1887/62/2 1814/84/2
f 1829/85/2 1830/83/2 1814/84/2
f 1829/85/2 1814/84/2 1815/86/2
f 1829/85/2 1815/86/2 1816/87/2
f 1828/88/2 1829/85/2 1816/87/2
f 1828/88/2 1816/87/2 1817/89/2
f 1828/88/2 1817/89/2 1818/90/2
f 1827/91/2 1828/88/2 1818/90/2
f 1827/91/2 1818/90/2 1819/92/2
f 1827/91/2 1819/92/2 1820/93/2
f 1826/94/2 1827/91/2 1820/93/2
f 1826/94/2 1820/93/2 1821/95/2
f 1826/94/2 1821/95/2 1822/96/2
f 1826/94/2 1822/96/2 1823/97/2
f 1825/98/2 1826/94/2 1823/97/2
f 1825/98/2 1823/97/2 1824/99/2
f 1924/498/2 1925/500/2 1926/499/2
f 1948/501/2 1949/503/2 1950/502/2
f 1923/504/2 1924/498/2 1926/499/2
f 1923/504/2 1926/499/2 1927/505/2
f 1947/506/2 1948/501/2 1950/502/2
f 1947/506/2 1950/502/2 1951/507/2
f 1922/508/2 1923/504/2 1927/505/2
f 1922/508/2 1927/505/2 1928/509/2
f 1946/510/2 1947/506/2 1951/507/2
f 1921/511/2 1922/508/2 1928/509/2
f 1921/511/2 1928/509/2 1929/512/2
f 1946/510/2 1951/507/2 1952/513/2
f 1945/514/2 1946/510/2 1952/513/2
f 1920/515/2 1921/511/2 1929/512/2
f 2017/516/2 2018/517/2 2019/48/2
f 2017/516/2 2019/48/2 1913/84/2
f 1920/515/2 1929/512/2 1930/518/2
f 1944/519/2 1945/514/2 1952/513/2
f 1919/520/2 1920/515/2 1930/518/2
f 1944/519/2 1952/513/2 1953/521/2
f 1919/520/2 1930/518/2 1931/522/2
f 1918/523/2 1919/520/2 1931/522/2
f 1943/524/2 1944/519/2 1953/521/2
f 1918/523/2 1931/522/2 1932/525/2
f 1943/524/2 1953/521/2 1954/526/2
f 1917/527/2 1918/523/2 1932/525/2
f 1942/528/2 1943/524/2 1954/526/2
f 1917/527/2 1932/525/2 1933/529/2
f 1916/530/2 1917/527/2 1933/529/2
f 1941/531/2 1942/528/2 1954/526/2
f 1941/531/2 1954/526/2 1955/532/2
f 1916/530/2 1933/529/2 1934/533/2
f 1915/534/2 1916/530/2 1934/533/2
f 1940/535/2 1941/531/2 1955/532/2
f 1915/534/2 1934/533/2 1935/536/2
f 1914/537/2 1915/534/2 1935/536/2
f 1940/535/2 1955/532/2 1956/538/2
f 1939/539/2 1940/535/2 1956/538/2
f 1914/537/2 1935/536/2 1936/540/2
f 1913/84/2 1914/537/2 1936/540/2
f 1938/541/2 1939/539/2 1956/538/2
f 1938/541/2 1956/538/2 1976/542/2
f 1976/542/2 1956/538/2 1957/543/2
f 2017/516/2 1913/84/2 2015/544/2
f 2015/544/2 1913/84/2 2014/545/2
f 2014/545/2 1913/84/2 2013/546/2
f 2013/546/2 1913/84/2 2012/547/2
f 2012/547/2 1913/84/2 2011/548/2
f 2011/548/2 1913/84/2 2010/549/2
f 2010/549/2 1913/84/2 2009/550/2
f 2009/550/2 1913/84/2 2008/551/2
f 2008/551/2 1913/84/2 2007/552/2
f 2007/552/2 1913/84/2 2006/553/2
f 2006/553/2 1913/84/2 2005/554/2
f 2005/554/2 1913/84/2 2004/555/2
f 2004/555/2 1913/84/2 1936/540/2
f 2004/555/2 1936/540/2 2003/556/2
f 2003/556/2 1936/540/2 1937/557/2
f 1937/557/2 1938/541/2 1977/558/2
f 1977/558/2 1938/541/2 1976/542/2
f 2002/559/2 2003/556/2 1937/557/2
f 1975/560/2 1976/542/2 1957/543/2
f 1937/557/2 1977/558/2 1978/561/2
f 2001/562/2 2002/559/2 1937/557/2
f 1974/563/2 1975/560/2 1957/543/2
f 1937/557/2 1978/561/2 1979/564/2
f 2000/565/2 2001/562/2 1937/557/2
f 1973/566/2 1974/563/2 1957/543/2
f 1937/557/2 1979/564/2 1980/567/2
f 1999/568/2 2000/565/2 1937/557/2
f 1999/568/2 1937/557/2 1980/567/2
f 1972/569/2 1973/566/2 1957/543/2
f 1999/568/2 1980/567/2 1981/570/2
f 1972/569/2 1957/543/2 1958/571/2
f 1998/572/2 1999/568/2 1981/570/2
f 1998/572/2 1981/570/2 1982/573/2
f 1971/574/2 1972/569/2 1958/571/2
f 1998/572/2 1982/573/2 1983/575/2
f 1997/576/2 1998/572/2 1983/575/2
f 1970/577/2 1971/574/2 1958/571/2
f 1997/576/2 1983/575/2 1984/578/2
f 1996/579/2 1997/576/2 1984/578/2
f 1969/580/2 1970/577/2 1958/571/2
f 1996/579/2 1984/578/2 1985/581/2
f 1969/580/2 1958/571/2 1959/582/2
f 1995/583/2 1996/579/2 1985/581/2
f 1995/583/2 1985/581/2 1986/584/2
f 1968/585/2 1969/580/2 1959/582/2
f 1995/583/2 1986/584/2 1987/586/2
f 1994/587/2 1995/583/2 1987/586/2
f 1967/588/2 1968/585/2 1959/582/2
f 1994/587/2 1987/586/2 1988/589/2
f 1967/588/2 1959/582/2 1960/590/2
f 1993/591/2 1994/587/2 1988/589/2
f 2017/516/2 2015/544/2 2016/592/2
f 1993/591/2 1988/589/2 1989/593/2
f 1966/53/2 1967/588/2 1960/590/2
f 1992/594/2 1993/591/2 1989/593/2
f 1965/595/2 1966/53/2 1960/590/2
f 1965/595/2 1960/590/2 1961/596/2
f 1991/597/2 1992/594/2 1989/593/2
f 1964/598/2 1965/595/2 1961/596/2
f 1964/598/2 1961/596/2 1962/599/2
f 1990/600/2 1991/597/2 1989/593/2
f 1963/601/2 1964/598/2 1962/599/2
f 2176/602/2 2177/604/2 2178/603/2
f 2176/602/2 2178/603/2 2179/605/2
f 2175/606/2 2176/602/2 2179/605/2
f 2174/607/2 2175/606/2 2179/605/2
f 2173/289/2 2174/607/2 2179/605/2
f 2172/608/2 2173/289/2 2179/605/2
f 2171/609/2 2172/608/2 2179/605/2
f 2170/610/2 2171/609/2 2179/605/2
f 2169/611/2 2170/610/2 2020/84/2
f 2020/84/2 2170/610/2 2179/605/2
f 2169/611/2 2020/84/2 2021/612/2
f 2168/613/2 2169/611/2 2180/614/2
f 2180/614/2 2169/611/2 2227/615/2
f 2227/615/2 2169/611/2 2021/612/2
f 2226/616/2 2227/615/2 2021/612/2
f 2226/616/2 2021/612/2 2022/617/2
f 2225/618/2 2226/616/2 2022/617/2
f 2168/613/2 2180/614/2 2181/619/2
f 2224/292/2 2225/618/2 2022/617/2
f 2168/613/2 2181/619/2 2182/620/2
f 2223/621/2 2224/292/2 2022/617/2
f 2168/613/2 2182/620/2 2183/622/2
f 2223/621/2 2022/617/2 2023/623/2
f 2222/624/2 2223/621/2 2023/623/2
f 2168/613/2 2183/622/2 2184/625/2
f 2167/626/2 2168/613/2 2184/625/2
f 2221/627/2 2222/624/2 2023/623/2
f 2221/627/2 2023/623/2 2024/628/2
f 2167/626/2 2184/625/2 2185/629/2
f 2220/630/2 2221/627/2 2024/628/2
f 2167/626/2 2185/629/2 2186/631/2
f 2220/630/2 2024/628/2 2025/632/2
f 2219/633/2 2220/630/2 2025/632/2
f 2167/626/2 2186/631/2 2187/634/2
f 2219/633/2 2025/632/2 2026/635/2
f 2166/636/2 2167/626/2 2187/634/2
f 2218/637/2 2219/633/2 2026/635/2
f 2218/637/2 2026/635/2 2027/638/2
f 2166/636/2 2187/634/2 2188/639/2
f 2218/637/2 2027/638/2 2028/640/2
f 2217/641/2 2218/637/2 2028/640/2
f 2166/636/2 2188/639/2 2189/642/2
f 2165/643/2 2166/636/2 2189/642/2
f 2217/641/2 2028/640/2 2029/644/2
f 2216/645/2 2217/641/2 2029/644/2
f 2165/643/2 2189/642/2 2190/100/2
f 2216/645/2 2029/644/2 2030/646/2
f 2215/647/2 2216/645/2 2030/646/2
f 2165/643/2 2190/100/2 2191/648/2
f 2215/647/2 2030/646/2 2031/649/2
f 2164/650/2 2165/643/2 2191/648/2
f 2214/651/2 2215/647/2 2031/649/2
f 2214/651/2 2031/649/2 2032/652/2
f 2164/650/2 2191/648/2 2192/653/2
f 2163/654/2 2164/650/2 2192/653/2
f 2214/651/2 2032/652/2 2033/655/2
f 2213/656/2 2214/651/2 2033/655/2
f 2163/654/2 2192/653/2 2193/657/2
f 2162/658/2 2163/654/2 2193/657/2
f 2213/656/2 2033/655/2 2034/659/2
f 2161/660/2 2162/658/2 2193/657/2
f 2212/661/2 2213/656/2 2034/659/2
f 2161/660/2 2193/657/2 2194/662/2
f 2212/661/2 2034/659/2 2035/663/2
f 2160/664/2 2161/660/2 2194/662/2
f 2211/665/2 2212/661/2 2035/663/2
f 2160/664/2 2194/662/2 2195/666/2
f 2159/667/2 2160/664/2 2195/666/2
f 2211/665/2 2035/663/2 2036/668/2
f 2210/669/2 2211/665/2 2036/668/2
f 2158/670/2 2159/667/2 2195/666/2
f 2158/670/2 2195/666/2 2196/671/2
f 2210/669/2 2036/668/2 2037/672/2
f 2157/673/2 2158/670/2 2196/671/2
f 2209/674/2 2210/669/2 2037/672/2
f 2157/673/2 2196/671/2 2197/675/2
f 2156/676/2 2157/673/2 2197/675/2
f 2209/674/2 2037/672/2 2038/677/2
f 2208/678/2 2209/674/2 2038/677/2
f 2156/676/2 2197/675/2 2198/679/2
f 2155/680/2 2156/676/2 2198/679/2
f 2207/681/2 2208/678/2 2038/677/2
f 2207/681/2 2038/677/2 2039/682/2
f 2155/680/2 2198/679/2 2199/683/2
f 2154/684/2 2155/680/2 2199/683/2
f 2206/685/2 2207/681/2 2039/682/2
f 2154/684/2 2199/683/2 2200/686/2
f 2206/685/2 2039/682/2 2040/687/2
f 2153/688/2 2154/684/2 2200/686/2
f 2205/689/2 2206/685/2 2040/687/2
f 2153/688/2 2200/686/2 2201/690/2
f 2204/691/2 2205/689/2 2040/687/2
f 2153/688/2 2201/690/2 2202/692/2
f 2152/693/2 2153/688/2 2202/692/2
f 2203/694/2 2204/691/2 2040/687/2
f 2152/693/2 2202/692/2 2203/694/2
f 2152/693/2 2203/694/2 2040/687/2
f 2152/693/2 2040/687/2 2041/695/2
f 2151/696/2 2152/693/2 2041/695/2
f 2151/696/2 2041/695/2 2042/697/2
f 2150/698/2 2151/696/2 2042/697/2
f 2150/698/2 2042/697/2 2043/699/2
f 2149/700/2 2150/698/2 2043/699/2
f 2148/701/2 2149/700/2 2043/699/2
f 2148/701/2 2043/699/2 2044/702/2
f 2147/703/2 2148/701/2 2044/702/2
f 2147/703/2 2044/702/2 2045/704/2
f 2146/705/2 2147/703/2 2045/704/2
f 2145/706/2 2146/705/2 2045/704/2
f 2144/707/2 2145/706/2 2045/704/2
f 2144/707/2 2045/704/2 2046/708/2
f 2143/709/2 2144/707/2 2046/708/2
f 2142/710/2 2143/709/2 2046/708/2
f 2141/711/2 2142/710/2 2046/708/2
f 2141/711/2 2046/708/2 2047/712/2
f 2140/713/2 2141/711/2 2047/712/2
f 2139/714/2 2140/713/2 2047/712/2
f 2138/715/2 2139/714/2 2047/712/2
f 2138/715/2 2047/712/2 2048/716/2
f 2137/717/2 2138/715/2 2048/716/2
f 2137/717/2 2048/716/2 2049/718/2
f 2136/719/2 2137/717/2 2049/718/2
f 2136/719/2 2049/718/2 2050/720/2
f 2135/721/2 2136/719/2 2050/720/2
f 2135/721/2 2050/720/2 2051/722/2
f 2134/723/2 2135/721/2 2051/722/2
f 2134/723/2 2051/722/2 2052/724/2
f 2134/723/2 2052/724/2 2053/725/2
f 2133/726/2 2134/723/2 2053/725/2
f 2133/726/2 2053/725/2 2054/727/2
f 2132/728/2 2133/726/2 2054/727/2
f 2132/728/2 2054/727/2 2055/729/2
f 2131/730/2 2132/728/2 2055/729/2
f 2130/731/2 2131/730/2 2055/729/2
f 2130/731/2 2055/729/2 2056/732/2
f 2129/733/2 2130/731/2 2056/732/2
f 2129/733/2 2056/732/2 2057/734/2
f 2128/735/2 2129/733/2 2057/734/2
f 2128/735/2 2057/734/2 2058/736/2
f 2127/737/2 2128/735/2 2058/736/2
f 2127/737/2 2058/736/2 2059/738/2
f 2126/739/2 2127/737/2 2059/738/2
f 2126/739/2 2059/738/2 2060/740/2
f 2125/741/2 2126/739/2 2060/740/2
f 2125/741/2 2060/740/2 2061/742/2
f 2124/743/2 2125/741/2 2061/742/2
f 2124/743/2 2061/742/2 2062/744/2
f 2123/745/2 2124/743/2 2062/744/2
f 2123/745/2 2062/744/2 2063/746/2
f 2122/288/2 2123/745/2 2063/746/2
f 2122/288/2 2063/746/2 2064/747/2
f 2121/748/2 2122/288/2 2064/747/2
f 2121/748/2 2064/747/2 2065/749/2
f 2120/750/2 2121/748/2 2065/749/2
f 2120/750/2 2065/749/2 2066/751/2
f 2119/752/2 2120/750/2 2066/751/2
f 2119/752/2 2066/751/2 2067/753/2
f 2118/754/2 2119/752/2 2067/753/2
f 2118/754/2 2067/753/2 2068/755/2
f 2117/756/2 2118/754/2 2068/755/2
f 2117/756/2 2068/755/2 2069/757/2
f 2116/758/2 2117/756/2 2069/757/2
f 2116/758/2 2069/757/2 2070/759/2
f 2115/760/2 2116/758/2 2070/759/2
f 2115/760/2 2070/759/2 2071/293/2
f 2114/761/2 2115/760/2 2071/293/2
f 2113/762/2 2114/761/2 2071/293/2
f 2113/762/2 2071/293/2 2072/763/2
f 2112/764/2 2113/762/2 2072/763/2
f 2112/764/2 2072/763/2 2073/765/2
f 2111/766/2 2112/764/2 2073/765/2
f 2111/766/2 2073/765/2 2074/767/2
f 2110/768/2 2111/766/2 2074/767/2
f 2110/768/2 2074/767/2 2075/769/2
f 2109/770/2 2110/768/2 2275/48/2
f 2275/48/2 2110/768/2 2075/769/2
f 2275/48/2 2075/769/2 2274/771/2
f 2274/771/2 2075/769/2 2076/772/2
f 2109/770/2 2275/48/2 2228/773/2
f 2273/774/2 2274/771/2 2076/772/2
f 2109/770/2 2228/773/2 2229/775/2
f 2272/776/2 2273/774/2 2076/772/2
f 2109/770/2 2229/775/2 2230/777/2
f 2108/778/2 2109/770/2 2230/777/2
f 2271/779/2 2272/776/2 2076/772/2
f 2108/778/2 2230/777/2 2231/780/2
f 2270/781/2 2271/779/2 2076/772/2
f 2108/778/2 2231/780/2 2232/782/2
f 2269/783/2 2270/781/2 2076/772/2
f 2269/783/2 2076/772/2 2077/784/2
f 2108/778/2 2232/782/2 2233/785/2
f 2268/786/2 2269/783/2 2077/784/2
f 2107/787/2 2108/778/2 2233/785/2
f 2107/787/2 2233/785/2 2234/788/2
f 2267/789/2 2268/786/2 2077/784/2
f 2267/789/2 2077/784/2 2078/790/2
f 2107/787/2 2234/788/2 2235/791/2
f 2106/792/2 2107/787/2 2235/791/2
f 2266/793/2 2267/789/2 2078/790/2
f 2106/792/2 2235/791/2 2236/794/2
f 2265/795/2 2266/793/2 2078/790/2
f 2265/795/2 2078/790/2 2079/796/2
f 2106/792/2 2236/794/2 2237/797/2
f 2105/107/2 2106/792/2 2237/797/2
f 2264/798/2 2265/795/2 2079/796/2
f 2105/107/2 2237/797/2 2238/799/2
f 2264/798/2 2079/796/2 2080/800/2
f 2104/801/2 2105/107/2 2238/799/2
f 2104/801/2 2238/799/2 2239/802/2
f 2263/803/2 2264/798/2 2080/800/2
f 2263/803/2 2080/800/2 2081/804/2
f 2104/801/2 2239/802/2 2240/805/2
f 2103/806/2 2104/801/2 2240/805/2
f 2262/807/2 2263/803/2 2081/804/2
f 2103/806/2 2240/805/2 2241/808/2
f 2261/809/2 2262/807/2 2081/804/2
f 2261/809/2 2081/804/2 2082/810/2
f 2103/806/2 2241/808/2 2242/811/2
f 2260/812/2 2261/809/2 2082/810/2
f 2102/813/2 2103/806/2 2242/811/2
f 2102/813/2 2242/811/2 2243/814/2
f 2259/815/2 2260/812/2 2082/810/2
f 2102/813/2 2243/814/2 2244/816/2
f 2259/815/2 2082/810/2 2083/817/2
f 2258/818/2 2259/815/2 2083/817/2
f 2101/819/2 2102/813/2 2244/816/2
f 2101/819/2 2244/816/2 2245/820/2
f 2257/821/2 2258/818/2 2083/817/2
f 2101/819/2 2245/820/2 2246/822/2
f 2256/823/2 2257/821/2 2083/817/2
f 2101/819/2 2246/822/2 2247/824/2
f 2256/823/2 2083/817/2 2084/825/2
f 2255/826/2 2256/823/2 2084/825/2
f 2100/827/2 2101/819/2 2247/824/2
f 2100/827/2 2247/824/2 2248/828/2
f 2254/829/2 2255/826/2 2084/825/2
f 2100/827/2 2248/828/2 2249/830/2
f 2253/831/2 2254/829/2 2084/825/2
f 2100/827/2 2249/830/2 2250/832/2
f 2252/833/2 2253/831/2 2084/825/2
f 2100/827/2 2250/832/2 2251/834/2
f 2251/834/2 2252/833/2 2084/825/2
f 2100/827/2 2251/834/2 2084/825/2
f 2100/827/2 2084/825/2 2085/835/2
f 2099/836/2 2100/827/2 2085/835/2
f 2099/836/2 2085/835/2 2086/837/2
f 2098/838/2 2099/836/2 2086/837/2
f 2097/839/2 2098/838/2 2086/837/2
f 2097/839/2 2086/837/2 2087/840/2
f 2096/841/2 2097/839/2 2087/840/2
f 2096/841/2 2087/840/2 2088/842/2
f 2095/843/2 2096/841/2 2088/842/2
f 2095/843/2 2088/842/2 2089/844/2
f 2094/845/2 2095/843/2 2089/844/2
f 2094/845/2 2089/844/2 2090/846/2
f 2093/847/2 2094/845/2 2090/846/2
f 2093/847/2 2090/846/2 2091/848/2
f 2092/849/2 2093/847/2 2091/848/2
f 2373/108/2 2374/110/2 2375/109/2
f 2372/111/2 2373/108/2 2375/109/2
f 2372/111/2 2375/109/2 2376/112/2
f 2371/113/2 2372/111/2 2376/112/2
f 2370/114/2 2371/113/2 2376/112/2
f 2370/114/2 2376/112/2 2377/115/2
f 2369/116/2 2370/114/2 2377/115/2
f 2369/116/2 2377/115/2 2378/117/2
f 2368/118/2 2369/116/2 2378/117/2
f 2367/119/2 2368/118/2 2378/117/2
f 2367/119/2 2378/117/2 2379/120/2
f 2366/121/2 2367/119/2 2379/120/2
f 2366/121/2 2379/120/2 2380/122/2
f 2365/123/2 2366/121/2 2380/122/2
f 2364/124/2 2365/123/2 2380/122/2
f 2364/124/2 2380/122/2 2381/125/2
f 2363/126/2 2364/124/2 2381/125/2
f 2363/126/2 2381/125/2 2382/127/2
f 2362/128/2 2363/126/2 2382/127/2
f 2361/129/2 2362/128/2 2360/130/2
f 2360/130/2 2362/128/2 2359/131/2
f 2359/131/2 2362/128/2 2358/132/2
f 2358/132/2 2362/128/2 2357/133/2
f 2357/133/2 2362/128/2 2356/134/2
f 2356/134/2 2362/128/2 2355/135/2
f 2355/135/2 2362/128/2 2354/136/2
f 2354/136/2 2362/128/2 2353/137/2
f 2353/137/2 2362/128/2 2352/138/2
f 2352/138/2 2362/128/2 2351/139/2
f 2351/139/2 2362/128/2 2382/127/2
f 2351/139/2 2382/127/2 2350/140/2
f 2350/140/2 2382/127/2 2349/141/2
f 2349/141/2 2382/127/2 2383/142/2
f 2349/141/2 2383/142/2 2348/143/2
f 2348/143/2 2383/142/2 2384/144/2
f 2347/145/2 2348/143/2 2384/144/2
f 2346/146/2 2347/145/2 2384/144/2
f 2345/147/2 2346/146/2 2384/144/2
f 2344/148/2 2345/147/2 2384/144/2
f 2343/149/2 2344/148/2 2384/144/2
f 2343/149/2 2384/144/2 2385/150/2
f 2342/151/2 2343/149/2 2385/150/2
f 2341/152/2 2342/151/2 2385/150/2
f 2340/153/2 2341/152/2 2385/150/2
f 2340/153/2 2385/150/2 2386/154/2
f 2339/155/2 2340/153/2 2386/154/2
f 2338/156/2 2339/155/2 2386/154/2
f 2338/156/2 2386/154/2 2387/157/2
f 2337/158/2 2338/156/2 2387/157/2
f 2336/159/2 2337/158/2 2387/157/2
f 2335/160/2 2336/159/2 2449/48/2
f 2449/48/2 2336/159/2 2387/157/2
f 2334/161/2 2335/160/2 2449/48/2
f 2333/162/2 2334/161/2 2449/48/2
f 2332/163/2 2333/162/2 2449/48/2
f 2331/164/2 2332/163/2 2449/48/2
f 2331/164/2 2449/48/2 2413/165/2
f 2448/166/2 2449/48/2 2387/157/2
f 2331/164/2 2413/165/2 2414/167/2
f 2330/168/2 2331/164/2 2414/167/2
f 2330/168/2 2414/167/2 2415/169/2
f 2329/170/2 2330/168/2 2415/169/2
f 2329/170/2 2415/169/2 2416/171/2
f 2328/172/2 2329/170/2 2416/171/2
f 2328/172/2 2416/171/2 2417/173/2
f 2328/172/2 2417/173/2 2418/174/2
f 2327/175/2 2328/172/2 2418/174/2
f 2327/175/2 2418/174/2 2419/176/2
f 2326/177/2 2327/175/2 2419/176/2
f 2326/177/2 2419/176/2 2420/178/2
f 2326/177/2 2420/178/2 2421/179/2
f 2325/180/2 2326/177/2 2421/179/2
f 2325/180/2 2421/179/2 2422/181/2
f 2325/180/2 2422/181/2 2423/182/2
f 2324/183/2 2325/180/2 2423/182/2
f 2324/183/2 2423/182/2 2424/184/2
f 2323/185/2 2324/183/2 2424/184/2
f 2323/185/2 2424/184/2 2425/186/2
f 2323/185/2 2425/186/2 2426/187/2
f 2322/188/2 2323/185/2 2426/187/2
f 2322/188/2 2426/187/2 2427/189/2
f 2322/188/2 2427/189/2 2428/190/2
f 2447/191/2 2448/166/2 2387/157/2
f 2321/192/2 2322/188/2 2428/190/2
f 2446/193/2 2447/191/2 2387/157/2
f 2321/192/2 2428/190/2 2429/194/2
f 2445/195/2 2446/193/2 2387/157/2
f 2410/196/2 2411/198/2 2412/197/2
f 2445/195/2 2387/157/2 2388/199/2
f 2321/192/2 2429/194/2 2430/200/2
f 2409/201/2 2410/196/2 2412/197/2
f 2444/202/2 2445/195/2 2388/199/2
f 2444/202/2 2388/199/2 2389/203/2
f 2408/204/2 2409/201/2 2412/197/2
f 2320/205/2 2321/192/2 2430/200/2
f 2320/205/2 2430/200/2 2431/206/2
f 2444/202/2 2389/203/2 2390/207/2
f 2443/208/2 2444/202/2 2390/207/2
f 2407/209/2 2408/204/2 2412/197/2
f 2443/208/2 2390/207/2 2391/210/2
f 2442/211/2 2443/208/2 2391/210/2
f 2406/212/2 2407/209/2 2412/197/2
f 2320/205/2 2431/206/2 2432/213/2
f 2442/211/2 2391/210/2 2392/214/2
f 2405/215/2 2406/212/2 2412/197/2
f 2441/216/2 2442/211/2 2392/214/2
f 2441/216/2 2392/214/2 2393/217/2
f 2404/218/2 2405/215/2 2412/197/2
f 2320/205/2 2432/213/2 2433/219/2
f 2441/216/2 2393/217/2 2394/220/2
f 2440/221/2 2441/216/2 2394/220/2
f 2403/222/2 2404/218/2 2412/197/2
f 2440/221/2 2394/220/2 2395/223/2
f 2319/224/2 2320/205/2 2433/219/2
f 2402/225/2 2403/222/2 2412/197/2
f 2319/224/2 2433/219/2 2434/226/2
f 2439/227/2 2440/221/2 2395/223/2
f 2439/227/2 2395/223/2 2396/228/2
f 2401/229/2 2402/225/2 2412/197/2
f 2439/227/2 2396/228/2 2397/230/2
f 2400/231/2 2401/229/2 2412/197/2
f 2438/232/2 2439/227/2 2397/230/2
f 2438/232/2 2397/230/2 2398/233/2
f 2399/234/2 2400/231/2 2412/197/2
f 2438/232/2 2398/233/2 2399/234/2
f 2319/224/2 2434/226/2 2435/235/2
f 2438/232/2 2399/234/2 2412/197/2
f 2437/236/2 2438/232/2 2412/197/2
f 2319/224/2 2435/235/2 2436/237/2
f 2436/237/2 2437/236/2 2412/197/2
f 2319/224/2 2436/237/2 2299/238/2
f 2299/238/2 2436/237/2 2412/197/2
f 2318/239/2 2319/224/2 2299/238/2
f 2318/239/2 2299/238/2 2300/240/2
f 2298/241/2 2299/238/2 2412/197/2
f 2317/242/2 2318/239/2 2300/240/2
f 2317/242/2 2300/240/2 2301/243/2
f 2297/244/2 2298/241/2 2412/197/2
f 2297/244/2 2412/197/2 2276/84/2
f 2316/245/2 2317/242/2 2301/243/2
f 2316/245/2 2301/243/2 2302/246/2
f 2296/247/2 2297/244/2 2276/84/2
f 2296/247/2 2276/84/2 2277/248/2
f 2316/245/2 2302/246/2 2303/249/2
f 2295/250/2 2296/247/2 2277/248/2
f 2315/251/2 2316/245/2 2303/249/2
f 2295/250/2 2277/248/2 2278/252/2
f 2315/251/2 2303/249/2 2304/253/2
f 2294/254/2 2295/250/2 2278/252/2
f 2294/254/2 2278/252/2 2279/255/2
f 2314/256/2 2315/251/2 2304/253/2
f 2314/256/2 2304/253/2 2305/257/2
f 2293/258/2 2294/254/2 2279/255/2
f 2293/258/2 2279/255/2 2280/259/2
f 2314/256/2 2305/257/2 2306/260/2
f 2292/261/2 2293/258/2 2280/259/2
f 2292/261/2 2280/259/2 2281/262/2
f 2313/263/2 2314/256/2 2306/260/2
f 2313/263/2 2306/260/2 2307/264/2
f 2291/265/2 2292/261/2 2281/262/2
f 2291/265/2 2281/262/2 2282/266/2
f 2313/263/2 2307/264/2 2308/267/2
f 2291/265/2 2282/266/2 2283/268/2
f 2290/269/2 2291/265/2 2283/268/2
f 2312/270/2 2313/263/2 2308/267/2
f 2290/269/2 2283/268/2 2284/271/2
f 2312/270/2 2308/267/2 2309/272/2
f 2289/273/2 2290/269/2 2284/271/2
f 2289/273/2 2284/271/2 2285/274/2
f 2312/270/2 2309/272/2 2310/275/2
f 2288/276/2 2289/273/2 2285/274/2
f 2311/277/2 2312/270/2 2310/275/2
f 2288/276/2 2285/274/2 2286/278/2
f 2287/279/2 2288/276/2 2286/278/2
f 2462/105/2 2463/851/2 2464/850/2
f 2462/105/2 2464/850/2 2465/852/2
f 2461/853/2 2462/105/2 2465/852/2
f 2461/853/2 2465/852/2 2466/854/2
f 2460/855/2 2461/853/2 2466/854/2
f 2460/855/2 2466/854/2 2467/856/2
f 2460/855/2 2467/856/2 2468/107/2
f 2459/285/2 2460/855/2 2468/107/2
f 2459/285/2 2468/107/2 2469/857/2
f 2502/858/2 2503/859/2 2504/48/2
f 2502/858/2 2504/48/2 2450/84/2
f 2458/860/2 2459/285/2 2469/857/2
f 2458/860/2 2469/857/2 2470/861/2
f 2458/860/2 2470/861/2 2471/862/2
f 2457/863/2 2458/860/2 2471/862/2
f 2457/863/2 2471/862/2 2472/864/2
f 2456/106/2 2457/863/2 2472/864/2
f 2456/106/2 2472/864/2 2473/865/2
f 2456/106/2 2473/865/2 2474/104/2
f 2455/866/2 2456/106/2 2474/104/2
f 2455/866/2 2474/104/2 2475/867/2
f 2454/868/2 2455/866/2 2475/867/2
f 2454/868/2 2475/867/2 2485/869/2
f 2485/869/2 2475/867/2 2484/870/2
f 2484/870/2 2475/867/2 2483/871/2
f 2483/871/2 2475/867/2 2482/872/2
f 2482/872/2 2475/867/2 2481/873/2
f 2481/873/2 2475/867/2 2480/103/2
f 2480/103/2 2475/867/2 2479/874/2
f 2479/874/2 2475/867/2 2478/875/2
f 2478/875/2 2475/867/2 2477/53/2
f 2477/53/2 2475/867/2 2476/876/2
f 2453/877/2 2454/868/2 2487/878/2
f 2487/878/2 2454/868/2 2486/100/2
f 2486/100/2 2454/868/2 2485/869/2
f 2452/879/2 2453/877/2 2489/880/2
f 2489/880/2 2453/877/2 2488/881/2
f 2488/881/2 2453/877/2 2487/878/2
f 2452/879/2 2489/880/2 2490/882/2
f 2452/879/2 2490/882/2 2491/883/2
f 2451/884/2 2452/879/2 2491/883/2
f 2451/884/2 2491/883/2 2492/102/2
f 2451/884/2 2492/102/2 2493/885/2
f 2502/858/2 2450/84/2 2451/884/2
f 2502/858/2 2451/884/2 2497/886/2
f 2497/886/2 2451/884/2 2496/887/2
f 2496/887/2 2451/884/2 2495/283/2
f 2495/283/2 2451/884/2 2494/888/2
f 2494/888/2 2451/884/2 2493/885/2
f 2502/858/2 2497/886/2 2498/101/2
f 2502/858/2 2498/101/2 2499/889/2
f 2502/858/2 2499/889/2 2500/890/2
f 2502/858/2 2500/890/2 2501/891/2
f 2511/100/2 2512/102/2 2505/84/2
f 2505/84/2 2512/102/2 2513/101/2
f 2505/84/2 2513/101/2 2514/48/2
f 2511/100/2 2505/84/2 2506/106/2
f 2511/100/2 2506/106/2 2509/104/2
f 2509/104/2 2506/106/2 2507/105/2
f 2509/104/2 2507/105/2 2508/107/2
f 2511/100/2 2509/104/2 2510/103/2
s 1
f 2516/892/3 2518/893/4 2517/294/4 2515/84/3
f 2518/893/4 2520/894/4 2519/293/4 2517/294/4
f 2520/894/4 2522/895/3 2521/295/3 2519/293/4
f 2522/895/3 2524/896/3 2523/288/3 2521/295/3
f 2524/896/3 2526/897/3 2525/53/3 2523/288/3
f 2526/897/3 2528/898/5 2527/289/5 2525/53/3
f 2528/898/5 2530/899/6 2529/291/6 2527/289/5
f 2530/899/6 2532/900/4 2531/292/4 2529/291/6
f 2532/900/4 2534/901/3 2533/290/3 2531/292/4
f 2534/901/3 2516/902/3 2515/48/3 2533/290/3
f 2536/892/4 2538/903/7 2537/904/7 2535/84/4
f 2538/903/7 2540/905/8 2539/906/8 2537/904/7
f 2540/905/8 2542/907/9 2541/908/9 2539/906/8
f 2542/907/9 2544/909/10 2543/910/10 2541/908/9
f 2544/909/10 2546/911/11 2545/912/11 2543/910/10
f 2546/911/11 2548/913/12 2547/914/12 2545/912/11
f 2548/913/12 2550/915/13 2549/916/13 2547/914/12
f 2550/915/13 2552/917/14 2551/918/14 2549/916/13
f 2552/917/14 2554/919/15 2553/920/15 2551/918/14
f 2554/919/15 2556/921/16 2555/922/16 2553/920/15
f 2556/921/16 2558/894/17 2557/293/17 2555/922/16
f 2558/894/17 2560/923/18 2559/924/18 2557/293/17
f 2560/923/18 2562/925/19 2561/926/19 2559/924/18
f 2562/925/19 2564/927/20 2563/928/20 2561/926/19
f 2564/927/20 2566/929/21 2565/930/21 2563/928/20
f 2566/929/21 2568/931/22 2567/932/22 2565/930/21
f 2568/931/22 2570/933/23 2569/934/23 2567/932/22
f 2570/933/23 2572/935/24 2571/936/24 2569/934/23
f 2572/935/24 2574/937/25 2573/938/25 2571/936/24
f 2574/937/25 2576/939/26 2575/940/26 2573/938/25
f 2576/939/26 2578/941/27 2577/942/27 2575/940/26
f 2578/941/27 2580/896/28 2579/288/28 2577/942/27
f 2580/896/28 2582/943/29 2581/944/29 2579/288/28
f 2582/943/29 2584/945/30 2583/946/30 2581/944/29
f 2584/945/30 2586/947/31 2585/948/31 2583/946/30
f 2586/947/31 2588/949/32 2587/950/32 2585/948/31
f 2588/949/32 2590/951/33 2589/952/33 2587/950/32
f 2590/951/33 2592/953/34 2591/954/34 2589/952/33
f 2592/953/34 2594/955/35 2593/956/35 2591/954/34
f 2594/955/35 2596/957/36 2595/958/36 2593/956/35
f 2596/957/36 2598/959/37 2597/960/37 2595/958/36
f 2598/959/37 2600/961/38 2599/962/38 2597/960/37
f 2600/961/38 2602/898/39 2601/289/39 2599/962/38
f 2602/898/39 2604/963/40 2603/964/40 2601/289/39
f 2604/963/40 2606/965/41 2605/966/41 2603/964/40
f 2606/965/41 2608/967/42 2607/968/42 2605/966/41
f 2608/967/42 2610/969/43 2609/970/43 2607/968/42
f 2610/969/43 2612/971/44 2611/972/44 2609/970/43
f 2612/971/44 2614/973/45 2613/974/45 2611/972/44
f 2614/973/45 2616/975/46 2615/976/46 2613/974/45
f 2616/975/46 2618/977/47 2617/978/47 2615/976/46
f 2618/977/47 2620/979/48 2619/980/48 2617/978/47
f 2620/979/48 2622/981/49 2621/982/49 2619/980/48
f 2622/981/49 2624/900/50 2623/292/50 2621/982/49
f 2624/900/50 2626/983/51 2625/984/51 2623/292/50
f 2626/983/51 2628/985/52 2627/986/52 2625/984/51
f 2628/985/52 2630/987/53 2629/988/53 2627/986/52
f 2630/987/53 2632/989/54 2631/990/54 2629/988/53
f 2632/989/54 2634/991/55 2633/992/55 2631/990/54
f 2634/991/55 2636/993/56 2635/994/56 2633/992/55
f 2636/993/56 2638/995/3 2637/996/3 2635/994/56
f 2638/995/3 2640/997/5 2639/998/5 2637/996/3
f 2640/997/5 2642/999/6 2641/1000/6 2639/998/5
f 2642/999/6 2644/1001/4 2643/1002/4 2641/1000/6
f 2644/1001/4 2536/902/4 2535/48/4 2643/1002/4
f 2646/892/57 2648/1003/58 2647/1004/58 2645/84/57
f 2648/1003/58 2650/1005/59 2649/1006/59 2647/1004/58
f 2650/1005/59 2652/1007/60 2651/1008/60 2649/1006/59
f 2652/1007/60 2654/1009/61 2653/1010/61 2651/1008/60
f 2654/1009/61 2656/1011/62 2655/1012/62 2653/1010/61
f 2656/1011/62 2658/1013/63 2657/1014/63 2655/1012/62
f 2658/1013/63 2660/1015/64 2659/1016/64 2657/1014/63
f 2660/1015/64 2662/1017/65 2661/1018/65 2659/1016/64
f 2662/1017/65 2664/1019/66 2663/1020/66 2661/1018/65
f 2664/1019/66 2666/1021/67 2665/1022/67 2663/1020/66
f 2666/1021/67 2668/1023/68 2667/1024/68 2665/1022/67
f 2668/1023/68 2670/1025/69 2669/1026/69 2667/1024/68
f 2670/1025/69 2672/1027/70 2671/1028/70 2669/1026/69
f 2672/1027/70 2674/1029/71 2673/1030/71 2671/1028/70
f 2674/1029/71 2676/1031/72 2675/1032/72 2673/1030/71
f 2676/1031/72 2678/1033/73 2677/1034/73 2675/1032/72
f 2678/1033/73 2680/1035/74 2679/1036/74 2677/1034/73
f 2680/1035/74 2682/1037/75 2681/1038/75 2679/1036/74
f 2682/1037/75 2684/1039/76 2683/1040/76 2681/1038/75
f 2684/1039/76 2686/1041/77 2685/1042/77 2683/1040/76
f 2686/1041/77 2688/1043/78 2687/1044/78 2685/1042/77
f 2688/1043/78 2690/1045/79 2689/1046/79 2687/1044/78
f 2690/1045/79 2692/1047/80 2691/1048/80 2689/1046/79
f 2692/1047/80 2694/1049/81 2693/1050/81 2691/1048/80
f 2694/1049/81 2696/1051/82 2695/1052/82 2693/1050/81
f 2696/1051/82 2698/1053/83 2697/1054/83 2695/1052/82
f 2698/1053/83 2700/1055/84 2699/1056/84 2697/1054/83
f 2700/1055/84 2702/1057/85 2701/1058/85 2699/1056/84
f 2702/1057/85 2704/1059/86 2703/1060/86 2701/1058/85
f 2704/1059/86 2706/1061/87 2705/1062/87 2703/1060/86
f 2706/1061/87 2708/1063/88 2707/1064/88 2705/1062/87
f 2708/1063/88 2710/1065/89 2709/1066/89 2707/1064/88
f 2710/1065/89 2712/1067/90 2711/1068/90 2709/1066/89
f 2712/1067/90 2714/1069/91 2713/1070/91 2711/1068/90
f 2714/1069/91 2716/1071/92 2715/1072/92 2713/1070/91
f 2716/1071/92 2718/1073/93 2717/1074/93 2715/1072/92
f 2718/1073/93 2720/1075/94 2719/1076/94 2717/1074/93
f 2720/1075/94 2722/1077/95 2721/1078/95 2719/1076/94
f 2722/1077/95 2724/1079/96 2723/1080/96 2721/1078/95
f 2724/1079/96 2726/1081/97 2725/1082/97 2723/1080/96
f 2726/1081/97 2728/1083/98 2727/1084/98 2725/1082/97
f 2728/1083/98 2730/1085/99 2729/1086/99 2727/1084/98
f 2730/1085/99 2732/1087/100 2731/1088/100 2729/1086/99
f 2732/1087/100 2734/1089/101 2733/1090/101 2731/1088/100
f 2734/1089/101 2736/1091/102 2735/1092/102 2733/1090/101
f 2736/1091/102 2738/1093/103 2737/1094/103 2735/1092/102
f 2738/1093/103 2740/1095/104 2739/1096/104 2737/1094/103
f 2740/1095/104 2742/1097/105 2741/1098/105 2739/1096/104
f 2742/1097/105 2744/1099/106 2743/1100/106 2741/1098/105
f 2744/1099/106 2746/1101/107 2745/1102/107 2743/1100/106
f 2746/1101/107 2748/1103/108 2747/1104/108 2745/1102/107
f 2748/1103/108 2750/1105/109 2749/1106/109 2747/1104/108
f 2750/1105/109 2752/1107/110 2751/1108/110 2749/1106/109
f 2752/1107/110 2754/1109/111 2753/1110/111 2751/1108/110
f 2754/1109/111 2756/1111/112 2755/1112/112 2753/1110/111
f 2756/1111/112 2758/1113/113 2757/1114/113 2755/1112/112
f 2758/1113/113 2760/1115/114 2759/1116/114 2757/1114/113
f 2760/1115/114 2762/1117/115 2761/1118/115 2759/1116/114
f 2762/1117/115 2764/1119/116 2763/1120/116 2761/1118/115
f 2764/1119/116 2766/1121/117 2765/1122/117 2763/1120/116
f 2766/1121/117 2768/1123/118 2767/1124/118 2765/1122/117
f 2768/1123/118 2770/1125/119 2769/1126/119 2767/1124/118
f 2770/1125/119 2772/1127/120 2771/1128/120 2769/1126/119
f 2772/1127/120 2774/1129/121 2773/1130/121 2771/1128/120
f 2774/1129/121 2776/1131/122 2775/1132/122 2773/1130/121
f 2776/1131/122 2778/1133/123 2777/1134/123 2775/1132/122
f 2778/1133/123 2780/1135/124 2779/1136/124 2777/1134/123
f 2780/1135/124 2782/1137/125 2781/1138/125 2779/1136/124
f 2782/1137/125 2784/1139/126 2783/1140/126 2781/1138/125
f 2784/1139/126 2786/1141/127 2785/1142/127 2783/1140/126
f 2786/1141/127 2788/1143/128 2787/1144/128 2785/1142/127
f 2788/1143/128 2790/1145/129 2789/1146/129 2787/1144/128
f 2790/1145/129 2792/1147/130 2791/1148/130 2789/1146/129
f 2792/1147/130 2794/1149/131 2793/1150/131 2791/1148/130
f 2794/1149/131 2796/1151/132 2795/1152/132 2793/1150/131
f 2796/1151/132 2798/1153/133 2797/1154/133 2795/1152/132
f 2798/1153/133 2800/1155/134 2799/1156/134 2797/1154/133
f 2800/1155/134 2802/1157/135 2801/1158/135 2799/1156/134
f 2802/1157/135 2804/1159/136 2803/1160/136 2801/1158/135
f 2804/1159/136 2806/1161/137 2805/1162/137 2803/1160/136
f 2806/1161/137 2808/1163/138 2807/1164/138 2805/1162/137
f 2808/1163/138 2810/1165/139 2809/1166/139 2807/1164/138
f 2810/1165/139 2812/1167/140 2811/1168/140 2809/1166/139
f 2812/1167/140 2814/1169/141 2813/1170/141 2811/1168/140
f 2814/1169/141 2816/1171/142 2815/1172/142 2813/1170/141
f 2816/1171/142 2818/1173/143 2817/1174/143 2815/1172/142
f 2818/1173/143 2820/1175/144 2819/1176/144 2817/1174/143
f 2820/1175/144 2822/1177/145 2821/1178/145 2819/1176/144
f 2822/1177/145 2824/1179/146 2823/1180/146 2821/1178/145
f 2824/1179/146 2826/1181/147 2825/1182/147 2823/1180/146
f 2826/1181/147 2828/1183/148 2827/1184/148 2825/1182/147
f 2828/1183/148 2830/1185/149 2829/1186/149 2827/1184/148
f 2830/1185/149 2832/1187/150 2831/1188/150 2829/1186/149
f 2832/1187/150 2834/1189/151 2833/1190/151 2831/1188/150
f 2834/1189/151 2836/1191/152 2835/1192/152 2833/1190/151
f 2836/1191/152 2838/1193/153 2837/1194/153 2835/1192/152
f 2838/1193/153 2840/1195/154 2839/1196/154 2837/1194/153
f 2840/1195/154 2842/1197/155 2841/1198/155 2839/1196/154
f 2842/1197/155 2844/1199/156 2843/1200/156 2841/1198/155
f 2844/1199/156 2846/1201/157 2845/1202/157 2843/1200/156
f 2846/1201/157 2848/1203/158 2847/1204/158 2845/1202/157
f 2848/1203/158 2850/1205/159 2849/1206/159 2847/1204/158
f 2850/1205/159 2852/1207/160 2851/1208/160 2849/1206/159
f 2852/1207/160 2854/1209/161 2853/1210/161 2851/1208/160
f 2854/1209/161 2856/1211/162 2855/1212/162 2853/1210/161
f 2856/1211/162 2858/1213/163 2857/1214/163 2855/1212/162
f 2858/1213/163 2860/1215/164 2859/1216/164 2857/1214/163
f 2860/1215/164 2862/1217/165 2861/1218/165 2859/1216/164
f 2862/1217/165 2864/1219/166 2863/1220/166 2861/1218/165
f 2864/1219/166 2866/1221/167 2865/1222/167 2863/1220/166
f 2866/1221/167 2868/1223/168 2867/1224/168 2865/1222/167
f 2868/1223/168 2870/1225/169 2869/1226/169 2867/1224/168
f 2870/1225/169 2872/1227/170 2871/1228/170 2869/1226/169
f 2872/1227/170 2874/1229/171 2873/1230/171 2871/1228/170
f 2874/1229/171 2876/1231/172 2875/1232/172 2873/1230/171
f 2876/1231/172 2878/1233/173 2877/1234/173 2875/1232/172
f 2878/1233/173 2880/1235/174 2879/1236/174 2877/1234/173
f 2880/1235/174 2882/1237/175 2881/1238/175 2879/1236/174
f 2882/1237/175 2884/1239/176 2883/1240/176 2881/1238/175
f 2884/1239/176 2886/1241/177 2885/1242/177 2883/1240/176
f 2886/1241/177 2888/1243/178 2887/1244/178 2885/1242/177
f 2888/1243/178 2890/1245/179 2889/1246/179 2887/1244/178
f 2890/1245/179 2892/1247/180 2891/1248/180 2889/1246/179
f 2892/1247/180 2894/1249/181 2893/1250/181 2891/1248/180
f 2894/1249/181 2896/1251/182 2895/1252/182 2893/1250/181
f 2896/1251/182 2898/1253/183 2897/1254/183 2895/1252/182
f 2898/1253/183 2900/1255/184 2899/1256/184 2897/1254/183
f 2900/1255/184 2902/1257/185 2901/1258/185 2899/1256/184
f 2902/1257/185 2904/1259/186 2903/1260/186 2901/1258/185
f 2904/1259/186 2906/1261/187 2905/1262/187 2903/1260/186
f 2906/1261/187 2908/1263/188 2907/1264/188 2905/1262/187
f 2908/1263/188 2910/1265/189 2909/1266/189 2907/1264/188
f 2910/1265/189 2912/1267/190 2911/1268/190 2909/1266/189
f 2912/1267/190 2914/1269/191 2913/1270/191 2911/1268/190
f 2914/1269/191 2916/1271/192 2915/1272/192 2913/1270/191
f 2916/1271/192 2918/1273/193 2917/1274/193 2915/1272/192
f 2918/1273/193 2646/902/57 2645/48/57 2917/1274/193
f 2920/892/194 2922/1275/195 2921/1276/195 2919/84/194
f 2922/1275/195 2924/1277/196 2923/1278/196 2921/1276/195
f 2924/1277/196 2926/1279/197 2925/1280/197 2923/1278/196
f 2926/1279/197 2928/1281/198 2927/1282/198 2925/1280/197
f 2928/1281/198 2930/1283/199 2929/1284/199 2927/1282/198
f 2930/1283/199 2932/1285/200 2931/1286/200 2929/1284/199
f 2932/1285/200 2934/1287/201 2933/1288/201 2931/1286/200
f 2934/1287/201 2936/1289/202 2935/1290/202 2933/1288/201
f 2936/1289/202 2938/1291/203 2937/1292/203 2935/1290/202
f 2938/1291/203 2940/1293/204 2939/1294/204 2937/1292/203
f 2940/1293/204 2942/1295/205 2941/1296/205 2939/1294/204
f 2942/1295/205 2944/1297/206 2943/1298/206 2941/1296/205
f 2944/1297/206 2946/1299/207 2945/1300/207 2943/1298/206
f 2946/1299/207 2948/1301/208 2947/1302/208 2945/1300/207
f 2948/1301/208 2950/1303/209 2949/1304/209 2947/1302/208
f 2950/1303/209 2952/1305/210 2951/1306/210 2949/1304/209
f 2952/1305/210 2954/1307/211 2953/1308/211 2951/1306/210
f 2954/1307/211 2956/1309/212 2955/1310/212 2953/1308/211
f 2956/1309/212 2958/1311/213 2957/1312/213 2955/1310/212
f 2958/1311/213 2960/1313/214 2959/1314/214 2957/1312/213
f 2960/1313/214 2962/1315/215 2961/1316/215 2959/1314/214
f 2962/1315/215 2964/1317/216 2963/1318/216 2961/1316/215
f 2964/1317/216 2966/1319/217 2965/1320/217 2963/1318/216
f 2966/1319/217 2968/1321/218 2967/1322/218 2965/1320/217
f 2968/1321/218 2970/1323/219 2969/1324/219 2967/1322/218
f 2970/1323/219 2972/1325/220 2971/1326/220 2969/1324/219
f 2972/1325/220 2974/1327/221 2973/1328/221 2971/1326/220
f 2974/1327/221 2976/1329/222 2975/1330/222 2973/1328/221
f 2976/1329/222 2978/1331/223 2977/1332/223 2975/1330/222
f 2978/1331/223 2980/1333/224 2979/1334/224 2977/1332/223
f 2980/1333/224 2982/1335/225 2981/1336/225 2979/1334/224
f 2982/1335/225 2984/1337/226 2983/1338/226 2981/1336/225
f 2984/1337/226 2986/1339/227 2985/1340/227 2983/1338/226
f 2986/1339/227 2988/1341/228 2987/1342/228 2985/1340/227
f 2988/1341/228 2990/1343/229 2989/1344/229 2987/1342/228
f 2990/1343/229 2992/1345/230 2991/1346/230 2989/1344/229
f 2992/1345/230 2920/902/194 2919/48/194 2991/1346/230
f 2994/892/231 2996/1347/232 2995/1348/232 2993/84/231
f 2996/1347/232 2998/1349/233 2997/1350/233 2995/1348/232
f 2998/1349/233 3000/1351/234 2999/1352/234 2997/1350/233
f 3000/1351/234 3002/1353/235 3001/1354/235 2999/1352/234
f 3002/1353/235 3004/1355/236 3003/1356/236 3001/1354/235
f 3004/1355/236 3006/1357/237 3005/1358/237 3003/1356/236
f 3006/1357/237 3008/1359/238 3007/1360/238 3005/1358/237
f 3008/1359/238 3010/1361/239 3009/1362/239 3007/1360/238
f 3010/1361/239 3012/1363/240 3011/1364/240 3009/1362/239
f 3012/1363/240 3014/1365/241 3013/1366/241 3011/1364/240
f 3014/1365/241 3016/1367/242 3015/1368/242 3013/1366/241
f 3016/1367/242 3018/1369/243 3017/1370/243 3015/1368/242
f 3018/1369/243 3020/1371/244 3019/1372/244 3017/1370/243
f 3020/1371/244 3022/1373/245 3021/1374/245 3019/1372/244
f 3022/1373/245 3024/1375/246 3023/1376/246 3021/1374/245
f 3024/1375/246 3026/893/247 3025/294/247 3023/1376/246
f 3026/893/247 3028/1377/248 3027/1378/248 3025/294/247
f 3028/1377/248 3030/1379/249 3029/1380/249 3027/1378/248
f 3030/1379/249 3032/1381/250 3031/1382/250 3029/1380/249
f 3032/1381/250 3034/1383/251 3033/463/251 3031/1382/250
f 3034/1383/251 3036/1384/252 3035/1385/252 3033/463/251
f 3036/1384/252 3038/1386/253 3037/1387/253 3035/1385/252
f 3038/1386/253 3040/1388/254 3039/1389/254 3037/1387/253
f 3040/1388/254 3042/1390/49 3041/1391/49 3039/1389/254
f 3042/1390/49 3044/1392/255 3043/1393/255 3041/1391/49
f 3044/1392/255 3046/1394/256 3045/1395/256 3043/1393/255
f 3046/1394/256 3048/1396/257 3047/1397/257 3045/1395/256
f 3048/1396/257 3050/1398/258 3049/1399/258 3047/1397/257
f 3050/1398/258 3052/1400/259 3051/1401/259 3049/1399/258
f 3052/1400/259 3054/1402/260 3053/1403/260 3051/1401/259
f 3054/1402/260 3056/1404/261 3055/1405/261 3053/1403/260
f 3056/1404/261 3058/894/262 3057/293/262 3055/1405/261
f 3058/894/262 3060/1406/263 3059/1407/263 3057/293/262
f 3060/1406/263 3062/1408/264 3061/1409/264 3059/1407/263
f 3062/1408/264 3064/1410/265 3063/1411/265 3061/1409/264
f 3064/1410/265 3066/1412/266 3065/1413/266 3063/1411/265
f 3066/1412/266 3068/1414/267 3067/1415/267 3065/1413/266
f 3068/1414/267 3070/1416/268 3069/1417/268 3067/1415/267
f 3070/1416/268 3072/1418/269 3071/1419/269 3069/1417/268
f 3072/1418/269 3074/1420/27 3073/287/27 3071/1419/269
f 3074/1420/27 3076/1421/270 3075/1422/270 3073/287/27
f 3076/1421/270 3078/1423/271 3077/1424/271 3075/1422/270
f 3078/1423/271 3080/1425/272 3079/1426/272 3077/1424/271
f 3080/1425/272 3082/1427/273 3081/1428/273 3079/1426/272
f 3082/1427/273 3084/1429/274 3083/1430/274 3081/1428/273
f 3084/1429/274 3086/1431/275 3085/1432/275 3083/1430/274
f 3086/1431/275 3088/1433/276 3087/1434/276 3085/1432/275
f 3088/1433/276 3090/895/277 3089/295/277 3087/1434/276
f 3090/895/277 3092/1435/278 3091/1436/278 3089/295/277
f 3092/1435/278 3094/1437/279 3093/1438/279 3091/1436/278
f 3094/1437/279 3096/1439/280 3095/1440/280 3093/1438/279
f 3096/1439/280 3098/1441/281 3097/1442/281 3095/1440/280
f 3098/1441/281 3100/1443/282 3099/1444/282 3097/1442/281
f 3100/1443/282 3102/1445/283 3101/1446/283 3099/1444/282
f 3102/1445/283 3104/1447/284 3103/1448/284 3101/1446/283
f 3104/1447/284 3106/1449/285 3105/1450/285 3103/1448/284
f 3106/1449/285 3108/1451/286 3107/1452/286 3105/1450/285
f 3108/1451/286 3110/1453/287 3109/1454/287 3107/1452/286
f 3110/1453/287 3112/1455/288 3111/1456/288 3109/1454/287
f 3112/1455/288 3114/1457/289 3113/487/289 3111/1456/288
f 3114/1457/289 3116/1458/290 3115/1459/290 3113/487/289
f 3116/1458/290 3118/1460/291 3117/1461/291 3115/1459/290
f 3118/1460/291 3120/1462/292 3119/1463/292 3117/1461/291
f 3120/1462/292 3122/896/293 3121/288/293 3119/1463/292
f 3122/896/293 3124/1464/294 3123/1465/294 3121/288/293
f 3124/1464/294 3126/1466/295 3125/1467/295 3123/1465/294
f 3126/1466/295 3128/1468/296 3127/1469/296 3125/1467/295
f 3128/1468/296 3130/1470/297 3129/1471/297 3127/1469/296
f 3130/1470/297 3132/1472/298 3131/1473/298 3129/1471/297
f 3132/1472/298 3134/1474/299 3133/1475/299 3131/1473/298
f 3134/1474/299 3136/1476/300 3135/1477/300 3133/1475/299
f 3136/1476/300 3138/1478/301 3137/1479/301 3135/1477/300
f 3138/1478/301 3140/1480/302 3139/1481/302 3137/1479/301
f 3140/1480/302 3142/1482/303 3141/1483/303 3139/1481/302
f 3142/1482/303 3144/1484/304 3143/1485/304 3141/1483/303
f 3144/1484/304 3146/1486/305 3145/1487/305 3143/1485/304
f 3146/1486/305 3148/1488/306 3147/1489/306 3145/1487/305
f 3148/1488/306 3150/1490/307 3149/1491/307 3147/1489/306
f 3150/1490/307 3152/1492/308 3151/1493/308 3149/1491/307
f 3152/1492/308 3154/897/309 3153/53/309 3151/1493/308
f 3154/897/309 3156/1494/310 3155/1495/310 3153/53/309
f 3156/1494/310 3158/1496/311 3157/1497/311 3155/1495/310
f 3158/1496/311 3160/1498/312 3159/1499/312 3157/1497/311
f 3160/1498/312 3162/1500/313 3161/1501/313 3159/1499/312
f 3162/1500/313 3164/1502/314 3163/1503/314 3161/1501/313
f 3164/1502/314 3166/1504/315 3165/1505/315 3163/1503/314
f 3166/1504/315 3168/1506/316 3167/1507/316 3165/1505/315
f 3168/1506/316 3170/1508/317 3169/1509/317 3167/1507/316
f 3170/1508/317 3172/1510/318 3171/1511/318 3169/1509/317
f 3172/1510/318 3174/1512/319 3173/1513/319 3171/1511/318
f 3174/1512/319 3176/1514/320 3175/1515/320 3173/1513/319
f 3176/1514/320 3178/1516/321 3177/1517/321 3175/1515/320
f 3178/1516/321 3180/1518/322 3179/1519/322 3177/1517/321
f 3180/1518/322 3182/1520/323 3181/1521/323 3179/1519/322
f 3182/1520/323 3184/1522/324 3183/1523/324 3181/1521/323
f 3184/1522/324 3186/898/325 3185/289/325 3183/1523/324
f 3186/898/325 3188/1524/326 3187/1525/326 3185/289/325
f 3188/1524/326 3190/1526/327 3189/1527/327 3187/1525/326
f 3190/1526/327 3192/1528/328 3191/1529/328 3189/1527/327
f 3192/1528/328 3194/1530/329 3193/486/329 3191/1529/328
f 3194/1530/329 3196/1531/330 3195/1532/330 3193/486/329
f 3196/1531/330 3198/1533/331 3197/1534/331 3195/1532/330
f 3198/1533/331 3200/1535/332 3199/1536/332 3197/1534/331
f 3200/1535/332 3202/1537/333 3201/1538/333 3199/1536/332
f 3202/1537/333 3204/1539/334 3203/1540/334 3201/1538/333
f 3204/1539/334 3206/1541/335 3205/1542/335 3203/1540/334
f 3206/1541/335 3208/1543/336 3207/1544/336 3205/1542/335
f 3208/1543/336 3210/1545/337 3209/1546/337 3207/1544/336
f 3210/1545/337 3212/1547/338 3211/1548/338 3209/1546/337
f 3212/1547/338 3214/1549/339 3213/1550/339 3211/1548/338
f 3214/1549/339 3216/1551/340 3215/1552/340 3213/1550/339
f 3216/1551/340 3218/899/341 3217/291/341 3215/1552/340
f 3218/899/341 3220/1553/342 3219/1554/342 3217/291/341
f 3220/1553/342 3222/1555/343 3221/1556/343 3219/1554/342
f 3222/1555/343 3224/1557/344 3223/1558/344 3221/1556/343
f 3224/1557/344 3226/1559/345 3225/1560/345 3223/1558/344
f 3226/1559/345 3228/1561/346 3227/1562/346 3225/1560/345
f 3228/1561/346 3230/1563/347 3229/1564/347 3227/1562/346
f 3230/1563/347 3232/1565/348 3231/1566/348 3229/1564/347
f 3232/1565/348 3234/1567/349 3233/281/349 3231/1566/348
f 3234/1567/349 3236/1568/350 3235/1569/350 3233/281/349
f 3236/1568/350 3238/1570/351 3237/1571/351 3235/1569/350
f 3238/1570/351 3240/1572/352 3239/1573/352 3237/1571/351
f 3240/1572/352 3242/1574/353 3241/1575/353 3239/1573/352
f 3242/1574/353 3244/1576/354 3243/1577/354 3241/1575/353
f 3244/1576/354 3246/1578/355 3245/1579/355 3243/1577/354
f 3246/1578/355 3248/1580/356 3247/1581/356 3245/1579/355
f 3248/1580/356 3250/900/357 3249/292/357 3247/1581/356
f 3250/900/357 3252/1582/358 3251/1583/358 3249/292/357
f 3252/1582/358 3254/1584/359 3253/1585/359 3251/1583/358
f 3254/1584/359 3256/1586/360 3255/1587/360 3253/1585/359
f 3256/1586/360 3258/1588/361 3257/1589/361 3255/1587/360
f 3258/1588/361 3260/1590/362 3259/1591/362 3257/1589/361
f 3260/1590/362 3262/1592/363 3261/1593/363 3259/1591/362
f 3262/1592/363 3264/1594/364 3263/1595/364 3261/1593/363
f 3264/1594/364 3266/1596/365 3265/1597/365 3263/1595/364
f 3266/1596/365 3268/1598/366 3267/1599/366 3265/1597/365
f 3268/1598/366 3270/1600/367 3269/1601/367 3267/1599/366
f 3270/1600/367 3272/1602/368 3271/1603/368 3269/1601/367
f 3272/1602/368 3274/1604/369 3273/478/369 3271/1603/368
f 3274/1604/369 3276/1605/370 3275/1606/370 3273/478/369
f 3276/1605/370 3278/1607/371 3277/1608/371 3275/1606/370
f 3278/1607/371 3280/1609/372 3279/1610/372 3277/1608/371
f 3280/1609/372 3282/901/373 3281/290/373 3279/1610/372
f 3282/901/373 3284/1611/374 3283/1612/374 3281/290/373
f 3284/1611/374 3286/1613/375 3285/1614/375 3283/1612/374
f 3286/1613/375 3288/1615/376 3287/1616/376 3285/1614/375
f 3288/1615/376 3290/1617/377 3289/1618/377 3287/1616/376
f 3290/1617/377 3292/1619/378 3291/1620/378 3289/1618/377
f 3292/1619/378 3294/1621/379 3293/1622/379 3291/1620/378
f 3294/1621/379 3296/1623/380 3295/1624/380 3293/1622/379
f 3296/1623/380 3298/1625/381 3297/1626/381 3295/1624/380
f 3298/1625/381 3300/1627/382 3299/1628/382 3297/1626/381
f 3300/1627/382 3302/1629/383 3301/1630/383 3299/1628/382
f 3302/1629/383 3304/1631/384 3303/1632/384 3301/1630/383
f 3304/1631/384 3306/1633/385 3305/1634/385 3303/1632/384
f 3306/1633/385 3308/1635/386 3307/1636/386 3305/1634/385
f 3308/1635/386 3310/1637/4 3309/1638/4 3307/1636/386
f 3310/1637/4 3312/1639/3 3311/1640/3 3309/1638/4
f 3312/1639/3 2994/902/231 2993/48/231 3311/1640/3
f 3314/892/387 3316/1641/388 3315/1642/388 3313/84/387
f 3316/1641/388 3318/1643/389 3317/1644/389 3315/1642/388
f 3318/1643/389 3320/1365/390 3319/1366/390 3317/1644/389
f 3320/1365/390 3322/1645/391 3321/284/391 3319/1366/390
f 3322/1645/391 3324/1646/392 3323/1647/392 3321/284/391
f 3324/1646/392 3326/1383/393 3325/463/393 3323/1647/392
f 3326/1383/393 3328/1648/394 3327/1649/394 3325/463/393
f 3328/1648/394 3330/1650/395 3329/285/395 3327/1649/394
f 3330/1650/395 3332/1402/396 3331/1403/396 3329/285/395
f 3332/1402/396 3334/1651/397 3333/1652/397 3331/1403/396
f 3334/1651/397 3336/1653/398 3335/1654/398 3333/1652/397
f 3336/1653/398 3338/1420/399 3337/287/399 3335/1654/398
f 3338/1420/399 3340/1655/400 3339/1656/400 3337/287/399
f 3340/1655/400 3342/1657/401 3341/1658/401 3339/1656/400
f 3342/1657/401 3344/1437/402 3343/1438/402 3341/1658/401
f 3344/1437/402 3346/1659/403 3345/107/403 3343/1438/402
f 3346/1659/403 3348/1660/404 3347/1661/404 3345/107/403
f 3348/1660/404 3350/1457/405 3349/487/405 3347/1661/404
f 3350/1457/405 3352/1662/406 3351/1663/406 3349/487/405
f 3352/1662/406 3354/1664/407 3353/286/407 3351/1663/406
f 3354/1664/407 3356/1474/408 3355/1475/408 3353/286/407
f 3356/1474/408 3358/1665/409 3357/1666/409 3355/1475/408
f 3358/1665/409 3360/1667/410 3359/1668/410 3357/1666/409
f 3360/1667/410 3362/897/411 3361/53/411 3359/1668/410
f 3362/897/411 3364/1669/412 3363/1670/412 3361/53/411
f 3364/1669/412 3366/1671/413 3365/1672/413 3363/1670/412
f 3366/1671/413 3368/1512/414 3367/1513/414 3365/1672/413
f 3368/1512/414 3370/1673/415 3369/280/415 3367/1513/414
f 3370/1673/415 3372/1674/416 3371/1675/416 3369/280/415
f 3372/1674/416 3374/1530/10 3373/486/10 3371/1675/416
f 3374/1530/10 3376/1676/417 3375/1677/417 3373/486/10
f 3376/1676/417 3378/1678/418 3377/100/418 3375/1677/417
f 3378/1678/418 3380/1549/419 3379/1550/419 3377/100/418
f 3380/1549/419 3382/1679/420 3381/1680/420 3379/1550/419
f 3382/1679/420 3384/1681/421 3383/1682/421 3381/1680/420
f 3384/1681/421 3386/1567/422 3385/281/422 3383/1682/421
f 3386/1567/422 3388/1683/423 3387/1684/423 3385/281/422
f 3388/1683/423 3390/1685/424 3389/1686/424 3387/1684/423
f 3390/1685/424 3392/1584/425 3391/1585/425 3389/1686/424
f 3392/1584/425 3394/1687/426 3393/283/426 3391/1585/425
f 3394/1687/426 3396/1688/427 3395/1689/427 3393/283/426
f 3396/1688/427 3398/1604/428 3397/478/428 3395/1689/427
f 3398/1604/428 3400/1690/429 3399/1691/429 3397/478/428
f 3400/1690/429 3402/1692/430 3401/282/430 3399/1691/429
f 3402/1692/430 3404/1621/431 3403/1622/431 3401/282/430
f 3404/1621/431 3406/1693/432 3405/1694/432 3403/1622/431
f 3406/1693/432 3408/1695/433 3407/1696/433 3405/1694/432
f 3408/1695/433 3314/902/387 3313/48/387 3407/1696/433
f 3410/892/434 3412/1641/45 3411/1642/45 3409/84/434
f 3412/1641/45 3414/1643/435 3413/1644/435 3411/1642/45
f 3414/1643/435 3416/1365/436 3415/1366/436 3413/1644/435
f 3416/1365/436 3418/1645/437 3417/284/437 3415/1366/436
f 3418/1645/437 3420/1646/438 3419/1647/438 3417/284/437
f 3420/1646/438 3422/1383/439 3421/463/439 3419/1647/438
f 3422/1383/439 3424/1648/440 3423/1649/440 3421/463/439
f 3424/1648/440 3426/1650/441 3425/285/441 3423/1649/440
f 3426/1650/441 3428/1402/442 3427/1403/442 3425/285/441
f 3428/1402/442 3430/1651/443 3429/1652/443 3427/1403/442
f 3430/1651/443 3432/1653/444 3431/1654/444 3429/1652/443
f 3432/1653/444 3434/1420/445 3433/287/445 3431/1654/444
f 3434/1420/445 3436/1655/446 3435/1656/446 3433/287/445
f 3436/1655/446 3438/1657/447 3437/1658/447 3435/1656/446
f 3438/1657/447 3440/1437/448 3439/1438/448 3437/1658/447
f 3440/1437/448 3442/1659/449 3441/107/449 3439/1438/448
f 3442/1659/449 3444/1660/450 3443/1661/450 3441/107/449
f 3444/1660/450 3446/1457/451 3445/487/451 3443/1661/450
f 3446/1457/451 3448/1662/452 3447/1663/452 3445/487/451
f 3448/1662/452 3450/1664/453 3449/286/453 3447/1663/452
f 3450/1664/453 3452/1474/454 3451/1475/454 3449/286/453
f 3452/1474/454 3454/1665/455 3453/1666/455 3451/1475/454
f 3454/1665/455 3456/1667/456 3455/1668/456 3453/1666/455
f 3456/1667/456 3458/897/457 3457/53/457 3455/1668/456
f 3458/897/457 3460/1669/458 3459/1670/458 3457/53/457
f 3460/1669/458 3462/1671/459 3461/1672/459 3459/1670/458
f 3462/1671/459 3464/1512/460 3463/1513/460 3461/1672/459
f 3464/1512/460 3466/1673/461 3465/280/461 3463/1513/460
f 3466/1673/461 3468/1674/462 3467/1675/462 3465/280/461
f 3468/1674/462 3470/1530/463 3469/486/463 3467/1675/462
f 3470/1530/463 3472/1676/464 3471/1677/464 3469/486/463
f 3472/1676/464 3474/1678/465 3473/100/465 3471/1677/464
f 3474/1678/465 3476/1549/466 3475/1550/466 3473/100/465
f 3476/1549/466 3478/1679/467 3477/1680/467 3475/1550/466
f 3478/1679/467 3480/1681/468 3479/1682/468 3477/1680/467
f 3480/1681/468 3482/1567/469 3481/281/469 3479/1682/468
f 3482/1567/469 3484/1683/470 3483/1684/470 3481/281/469
f 3484/1683/470 3486/1685/471 3485/1686/471 3483/1684/470
f 3486/1685/471 3488/1584/472 3487/1585/472 3485/1686/471
f 3488/1584/472 3490/1687/473 3489/283/473 3487/1585/472
f 3490/1687/473 3492/1688/474 3491/1689/474 3489/283/473
f 3492/1688/474 3494/1604/475 3493/478/475 3491/1689/474
f 3494/1604/475 3496/1690/476 3495/1691/476 3493/478/475
f 3496/1690/476 3498/1692/477 3497/282/477 3495/1691/476
f 3498/1692/477 3500/1621/478 3499/1622/478 3497/282/477
f 3500/1621/478 3502/1693/479 3501/1694/479 3499/1622/478
f 3502/1693/479 3504/1695/480 3503/1696/480 3501/1694/479
f 3504/1695/480 3410/902/434 3409/48/434 3503/1696/480
f 3506/892/481 3508/1697/482 3507/1698/482 3505/84/481
f 3508/1697/482 3510/1699/483 3509/1700/483 3507/1698/482
f 3510/1699/483 3512/1701/484 3511/1702/484 3509/1700/483
f 3512/1701/484 3514/1703/485 3513/1704/485 3511/1702/484
f 3514/1703/485 3516/1705/486 3515/1706/486 3513/1704/485
f 3516/1705/486 3518/1707/487 3517/1708/487 3515/1706/486
f 3518/1707/487 3520/1709/488 3519/1710/488 3517/1708/487
f 3520/1709/488 3522/1711/489 3521/1712/489 3519/1710/488
f 3522/1711/489 3524/1713/490 3523/1714/490 3521/1712/489
f 3524/1713/490 3526/1715/491 3525/1716/491 3523/1714/490
f 3526/1715/491 3528/1717/492 3527/1718/492 3525/1716/491
f 3528/1717/492 3530/1719/493 3529/1720/493 3527/1718/492
f 3530/1719/493 3532/1721/494 3531/1722/494 3529/1720/493
f 3532/1721/494 3534/1723/495 3533/1724/495 3531/1722/494
f 3534/1723/495 3536/1725/496 3535/1726/496 3533/1724/495
f 3536/1725/496 3538/1727/497 3537/1728/497 3535/1726/496
f 3538/1727/497 3540/1729/498 3539/1730/498 3537/1728/497
f 3540/1729/498 3542/1731/499 3541/1732/499 3539/1730/498
f 3542/1731/499 3544/1733/500 3543/1734/500 3541/1732/499
f 3544/1733/500 3546/1735/501 3545/1736/501 3543/1734/500
f 3546/1735/501 3548/1737/502 3547/1738/502 3545/1736/501
f 3548/1737/502 3550/1739/503 3549/1740/503 3547/1738/502
f 3550/1739/503 3552/1741/504 3551/1742/504 3549/1740/503
f 3552/1741/504 3554/1743/505 3553/1744/505 3551/1742/504
f 3554/1743/505 3556/1745/506 3555/1746/506 3553/1744/505
f 3556/1745/506 3558/1747/507 3557/1748/507 3555/1746/506
f 3558/1747/507 3560/1749/508 3559/1750/508 3557/1748/507
f 3560/1749/508 3562/1751/509 3561/1752/509 3559/1750/508
f 3562/1751/509 3564/1753/510 3563/1754/510 3561/1752/509
f 3564/1753/510 3566/1755/511 3565/1756/511 3563/1754/510
f 3566/1755/511 3568/1757/512 3567/1758/512 3565/1756/511
f 3568/1757/512 3570/1759/513 3569/1760/513 3567/1758/512
f 3570/1759/513 3572/1761/514 3571/1762/514 3569/1760/513
f 3572/1761/514 3574/1763/515 3573/1764/515 3571/1762/514
f 3574/1763/515 3576/1765/516 3575/1766/516 3573/1764/515
f 3576/1765/516 3578/1767/155 3577/1768/155 3575/1766/516
f 3578/1767/155 3580/1769/517 3579/1770/517 3577/1768/155
f 3580/1769/517 3582/1771/518 3581/1772/518 3579/1770/517
f 3582/1771/518 3584/1773/519 3583/1774/519 3581/1772/518
f 3584/1773/519 3586/1775/520 3585/1776/520 3583/1774/519
f 3586/1775/520 3588/1777/521 3587/1778/521 3585/1776/520
f 3588/1777/521 3590/1779/522 3589/1780/522 3587/1778/521
f 3590/1779/522 3592/1781/523 3591/1782/523 3589/1780/522
f 3592/1781/523 3594/1783/524 3593/1784/524 3591/1782/523
f 3594/1783/524 3596/1785/525 3595/1786/525 3593/1784/524
f 3596/1785/525 3598/1787/526 3597/1788/526 3595/1786/525
f 3598/1787/526 3600/1789/527 3599/1790/527 3597/1788/526
f 3600/1789/527 3602/1791/528 3601/1792/528 3599/1790/527
f 3602/1791/528 3604/1793/3 3603/1794/3 3601/1792/528
f 3604/1793/3 3606/1795/5 3605/1796/5 3603/1794/3
f 3606/1795/5 3608/1797/529 3607/1798/529 3605/1796/5
f 3608/1797/529 3610/1799/530 3609/1800/530 3607/1798/529
f 3610/1799/530 3612/1801/531 3611/1802/531 3609/1800/530
f 3612/1801/531 3614/1803/532 3613/1804/532 3611/1802/531
f 3614/1803/532 3616/1805/533 3615/1806/533 3613/1804/532
f 3616/1805/533 3618/1807/534 3617/1808/534 3615/1806/533
f 3618/1807/534 3620/1809/535 3619/1810/535 3617/1808/534
f 3620/1809/535 3622/1811/536 3621/1812/536 3619/1810/535
f 3622/1811/536 3624/1813/537 3623/1814/537 3621/1812/536
f 3624/1813/537 3626/1815/538 3625/1816/538 3623/1814/537
f 3626/1815/538 3628/1817/539 3627/1818/539 3625/1816/538
f 3628/1817/539 3630/1819/540 3629/1820/540 3627/1818/539
f 3630/1819/540 3632/1821/541 3631/1822/541 3629/1820/540
f 3632/1821/541 3634/1823/542 3633/1824/542 3631/1822/541
f 3634/1823/542 3636/1825/543 3635/1826/543 3633/1824/542
f 3636/1825/543 3638/1827/544 3637/1828/544 3635/1826/543
f 3638/1827/544 3640/1829/545 3639/1830/545 3637/1828/544
f 3640/1829/545 3642/1831/546 3641/1832/546 3639/1830/545
f 3642/1831/546 3644/1833/547 3643/1834/547 3641/1832/546
f 3644/1833/547 3646/1835/548 3645/1836/548 3643/1834/547
f 3646/1835/548 3648/1837/549 3647/1838/549 3645/1836/548
f 3648/1837/549 3650/1839/550 3649/1840/550 3647/1838/549
f 3650/1839/550 3652/1841/551 3651/1842/551 3649/1840/550
f 3652/1841/551 3654/1843/552 3653/1844/552 3651/1842/551
f 3654/1843/552 3656/1845/553 3655/1846/553 3653/1844/552
f 3656/1845/553 3658/1847/3 3657/1848/3 3655/1846/553
f 3658/1847/3 3660/1849/5 3659/1850/5 3657/1848/3
f 3660/1849/5 3662/1851/554 3661/1852/554 3659/1850/5
f 3662/1851/554 3664/1853/119 3663/1854/119 3661/1852/554
f 3664/1853/119 3666/1855/555 3665/1856/555 3663/1854/119
f 3666/1855/555 3668/1857/556 3667/1858/556 3665/1856/555
f 3668/1857/556 3670/1859/557 3669/1860/557 3667/1858/556
f 3670/1859/557 3672/1861/558 3671/1862/558 3669/1860/557
f 3672/1861/558 3674/1863/559 3673/1864/559 3671/1862/558
f 3674/1863/559 3676/1865/560 3675/1866/560 3673/1864/559
f 3676/1865/560 3678/1867/561 3677/1868/561 3675/1866/560
f 3678/1867/561 3680/1869/562 3679/1870/562 3677/1868/561
f 3680/1869/562 3682/1871/563 3681/1872/563 3679/1870/562
f 3682/1871/563 3684/1873/564 3683/1874/564 3681/1872/563
f 3684/1873/564 3686/1875/565 3685/1876/565 3683/1874/564
f 3686/1875/565 3688/1877/566 3687/1878/566 3685/1876/565
f 3688/1877/566 3690/1879/567 3689/1880/567 3687/1878/566
f 3690/1879/567 3692/1881/568 3691/1882/568 3689/1880/567
f 3692/1881/568 3694/1883/569 3693/1884/569 3691/1882/568
f 3694/1883/569 3696/1885/570 3695/1886/570 3693/1884/569
f 3696/1885/570 3698/1887/571 3697/1888/571 3695/1886/570
f 3698/1887/571 3700/1889/572 3699/1890/572 3697/1888/571
f 3700/1889/572 3702/1891/573 3701/1892/573 3699/1890/572
f 3702/1891/573 3704/1893/574 3703/1894/574 3701/1892/573
f 3704/1893/574 3706/1895/575 3705/1896/575 3703/1894/574
f 3706/1895/575 3708/1897/576 3707/1898/576 3705/1896/575
f 3708/1897/576 3710/1899/577 3709/1900/577 3707/1898/576
f 3710/1899/577 3712/1901/3 3711/1902/3 3709/1900/577
f 3712/1901/3 3714/1903/5 3713/1904/5 3711/1902/3
f 3714/1903/5 3716/1905/6 3715/1906/6 3713/1904/5
f 3716/1905/6 3718/1907/4 3717/1908/4 3715/1906/6
f 3718/1907/4 3506/902/481 3505/48/481 3717/1908/4
f 3720/892/578 3722/1909/579 3721/1910/579 3719/84/578
f 3722/1909/579 3724/1275/580 3723/1276/580 3721/1910/579
f 3724/1275/580 3726/1911/581 3725/1912/581 3723/1276/580
f 3726/1911/581 3728/1277/582 3727/1278/582 3725/1912/581
f 3728/1277/582 3730/1913/583 3729/1914/583 3727/1278/582
f 3730/1913/583 3732/1279/584 3731/1280/584 3729/1914/583
f 3732/1279/584 3734/1915/585 3733/1916/585 3731/1280/584
f 3734/1915/585 3736/1281/586 3735/1282/586 3733/1916/585
f 3736/1281/586 3738/1917/587 3737/1918/587 3735/1282/586
f 3738/1917/587 3740/1283/588 3739/1284/588 3737/1918/587
f 3740/1283/588 3742/1919/589 3741/1920/589 3739/1284/588
f 3742/1919/589 3744/1285/590 3743/1286/590 3741/1920/589
f 3744/1285/590 3746/1921/591 3745/1922/591 3743/1286/590
f 3746/1921/591 3748/1287/592 3747/1288/592 3745/1922/591
f 3748/1287/592 3750/1923/593 3749/1924/593 3747/1288/592
f 3750/1923/593 3752/1289/594 3751/1290/594 3749/1924/593
f 3752/1289/594 3754/1925/595 3753/1926/595 3751/1290/594
f 3754/1925/595 3756/1291/596 3755/1292/596 3753/1926/595
f 3756/1291/596 3758/1927/597 3757/1928/597 3755/1292/596
f 3758/1927/597 3760/1293/598 3759/1294/598 3757/1928/597
f 3760/1293/598 3762/1929/599 3761/1930/599 3759/1294/598
f 3762/1929/599 3764/1295/600 3763/1296/600 3761/1930/599
f 3764/1295/600 3766/1931/601 3765/1932/601 3763/1296/600
f 3766/1931/601 3768/1297/602 3767/1298/602 3765/1932/601
f 3768/1297/602 3770/1933/603 3769/1934/603 3767/1298/602
f 3770/1933/603 3772/1299/604 3771/1300/604 3769/1934/603
f 3772/1299/604 3774/1935/605 3773/1936/605 3771/1300/604
f 3774/1935/605 3776/1301/606 3775/1302/606 3773/1936/605
f 3776/1301/606 3778/1937/607 3777/1938/607 3775/1302/606
f 3778/1937/607 3780/1303/608 3779/1304/608 3777/1938/607
f 3780/1303/608 3782/1939/486 3781/1940/486 3779/1304/608
f 3782/1939/486 3784/1305/609 3783/1306/609 3781/1940/486
f 3784/1305/609 3786/1941/610 3785/1942/610 3783/1306/609
f 3786/1941/610 3788/1307/611 3787/1308/611 3785/1942/610
f 3788/1307/611 3790/1943/612 3789/1944/612 3787/1308/611
f 3790/1943/612 3792/1309/613 3791/1310/613 3789/1944/612
f 3792/1309/613 3794/897/614 3793/53/614 3791/1310/613
f 3794/897/614 3796/1311/615 3795/1312/615 3793/53/614
f 3796/1311/615 3798/1945/616 3797/1946/616 3795/1312/615
f 3798/1945/616 3800/1313/617 3799/1314/617 3797/1946/616
f 3800/1313/617 3802/1947/618 3801/1948/618 3799/1314/617
f 3802/1947/618 3804/1315/619 3803/1316/619 3801/1948/618
f 3804/1315/619 3806/1949/620 3805/1950/620 3803/1316/619
f 3806/1949/620 3808/1317/621 3807/1318/621 3805/1950/620
f 3808/1317/621 3810/1951/622 3809/1952/622 3807/1318/621
f 3810/1951/622 3812/1319/623 3811/1320/623 3809/1952/622
f 3812/1319/623 3814/1953/624 3813/1954/624 3811/1320/623
f 3814/1953/624 3816/1321/625 3815/1322/625 3813/1954/624
f 3816/1321/625 3818/1955/626 3817/1956/626 3815/1322/625
f 3818/1955/626 3820/1323/627 3819/1324/627 3817/1956/626
f 3820/1323/627 3822/1957/628 3821/1958/628 3819/1324/627
f 3822/1957/628 3824/1325/629 3823/1326/629 3821/1958/628
f 3824/1325/629 3826/1959/630 3825/1960/630 3823/1326/629
f 3826/1959/630 3828/1327/631 3827/1328/631 3825/1960/630
f 3828/1327/631 3830/1961/632 3829/1962/632 3827/1328/631
f 3830/1961/632 3832/1329/633 3831/1330/633 3829/1962/632
f 3832/1329/633 3834/1963/634 3833/1964/634 3831/1330/633
f 3834/1963/634 3836/1331/635 3835/1332/635 3833/1964/634
f 3836/1331/635 3838/1965/636 3837/1966/636 3835/1332/635
f 3838/1965/636 3840/1333/637 3839/1334/637 3837/1966/636
f 3840/1333/637 3842/1967/638 3841/1968/638 3839/1334/637
f 3842/1967/638 3844/1335/639 3843/1336/639 3841/1968/638
f 3844/1335/639 3846/1969/640 3845/1970/640 3843/1336/639
f 3846/1969/640 3848/1337/641 3847/1338/641 3845/1970/640
f 3848/1337/641 3850/1971/642 3849/1972/642 3847/1338/641
f 3850/1971/642 3852/1339/643 3851/1340/643 3849/1972/642
f 3852/1339/643 3854/1973/644 3853/1974/644 3851/1340/643
f 3854/1973/644 3856/1341/645 3855/1342/645 3853/1974/644
f 3856/1341/645 3858/1975/646 3857/1976/646 3855/1342/645
f 3858/1975/646 3860/1343/647 3859/1344/647 3857/1976/646
f 3860/1343/647 3862/1977/648 3861/1978/648 3859/1344/647
f 3862/1977/648 3864/1345/649 3863/1346/649 3861/1978/648
f 3864/1345/649 3866/1979/650 3865/1980/650 3863/1346/649
f 3866/1979/650 3720/902/578 3719/48/578 3865/1980/650
f 3868/892/651 3870/1981/652 3869/1982/652 3867/84/651
f 3870/1981/652 3872/1983/334 3871/1984/334 3869/1982/652
f 3872/1983/334 3874/1985/653 3873/1986/653 3871/1984/334
f 3874/1985/653 3876/1987/654 3875/1988/654 3873/1986/653
f 3876/1987/654 3878/894/655 3877/293/655 3875/1988/654
f 3878/894/655 3880/1989/656 3879/1990/656 3877/293/655
f 3880/1989/656 3882/1991/657 3881/1992/657 3879/1990/656
f 3882/1991/657 3884/1993/658 3883/1994/658 3881/1992/657
f 3884/1993/658 3886/1995/659 3885/1996/659 3883/1994/658
f 3886/1995/659 3888/896/660 3887/288/660 3885/1996/659
f 3888/896/660 3890/1997/661 3889/1998/661 3887/288/660
f 3890/1997/661 3892/1999/662 3891/2000/662 3889/1998/661
f 3892/1999/662 3894/2001/663 3893/2002/663 3891/2000/662
f 3894/2001/663 3896/2003/664 3895/2004/664 3893/2002/663
f 3896/2003/664 3898/898/665 3897/289/665 3895/2004/664
f 3898/898/665 3900/2005/666 3899/2006/666 3897/289/665
f 3900/2005/666 3902/2007/667 3901/2008/667 3899/2006/666
f 3902/2007/667 3904/2009/668 3903/2010/668 3901/2008/667
f 3904/2009/668 3906/2011/669 3905/2012/669 3903/2010/668
f 3906/2011/669 3908/900/670 3907/292/670 3905/2012/669
f 3908/900/670 3910/2013/671 3909/2014/671 3907/292/670
f 3910/2013/671 3912/2015/672 3911/2016/672 3909/2014/671
f 3912/2015/672 3914/2017/673 3913/2018/673 3911/2016/672
f 3914/2017/673 3916/2019/674 3915/2020/674 3913/2018/673
f 3916/2019/674 3868/902/651 3867/48/651 3915/2020/674
f 3918/892/675 3920/2021/676 3919/424/676 3917/84/675
f 3920/2021/676 3922/2022/677 3921/427/677 3919/424/676
f 3922/2022/677 3924/2023/678 3923/315/678 3921/427/677
f 3924/2023/678 3926/2024/679 3925/428/679 3923/315/678
f 3926/2024/679 3928/2025/680 3927/429/680 3925/428/679
f 3928/2025/680 3930/2026/681 3929/331/681 3927/429/680
f 3930/2026/681 3932/2027/682 3931/431/682 3929/331/681
f 3932/2027/682 3934/2028/683 3933/435/683 3931/431/682
f 3934/2028/683 3936/2029/684 3935/338/684 3933/435/683
f 3936/2029/684 3938/2030/685 3937/439/685 3935/338/684
f 3938/2030/685 3940/2031/686 3939/440/686 3937/439/685
f 3940/2031/686 3942/2032/687 3941/347/687 3939/440/686
f 3942/2032/687 3944/2033/688 3943/442/688 3941/347/687
f 3944/2033/688 3946/2034/689 3945/444/689 3943/442/688
f 3946/2034/689 3948/2035/690 3947/356/690 3945/444/689
f 3948/2035/690 3950/2036/691 3949/445/691 3947/356/690
f 3950/2036/691 3952/2037/692 3951/443/692 3949/445/691
f 3952/2037/692 3954/2038/693 3953/367/693 3951/443/692
f 3954/2038/693 3956/1659/694 3955/107/694 3953/367/693
f 3956/1659/694 3958/2039/695 3957/441/695 3955/107/694
f 3958/2039/695 3960/2040/696 3959/385/696 3957/441/695
f 3960/2040/696 3962/2041/697 3961/438/697 3959/385/696
f 3962/2041/697 3964/2042/698 3963/437/698 3961/438/697
f 3964/2042/698 3966/2043/699 3965/413/699 3963/437/698
f 3966/2043/699 3968/2044/3 3967/434/3 3965/413/699
f 3968/2044/3 3970/2045/5 3969/432/5 3967/434/3
f 3970/2045/5 3972/2046/700 3971/416/700 3969/432/5
f 3972/2046/700 3974/2047/701 3973/433/701 3971/416/700
f 3974/2047/701 3976/2048/702 3975/448/702 3973/433/701
f 3976/2048/702 3978/2049/703 3977/406/703 3975/448/702
f 3978/2049/703 3980/2050/704 3979/450/704 3977/406/703
f 3980/2050/704 3982/2051/705 3981/452/705 3979/450/704
f 3982/2051/705 3984/2052/706 3983/387/706 3981/452/705
f 3984/2052/706 3986/2053/707 3985/453/707 3983/387/706
f 3986/2053/707 3988/2054/708 3987/454/708 3985/453/707
f 3988/2054/708 3990/2055/709 3989/402/709 3987/454/708
f 3990/2055/709 3992/2056/710 3991/456/710 3989/402/709
f 3992/2056/710 3994/1678/711 3993/100/711 3991/456/710
f 3994/1678/711 3996/2057/712 3995/388/712 3993/100/711
f 3996/2057/712 3998/2058/713 3997/457/713 3995/388/712
f 3998/2058/713 4000/2059/714 3999/455/714 3997/457/713
f 4000/2059/714 4002/2060/715 4001/371/715 3999/455/714
f 4002/2060/715 4004/2061/716 4003/451/716 4001/371/715
f 4004/2061/716 4006/2062/717 4005/449/717 4003/451/716
f 4006/2062/717 4008/2063/718 4007/353/718 4005/449/717
f 4008/2063/718 4010/2064/719 4009/447/719 4007/353/718
f 4010/2064/719 4012/2065/720 4011/446/720 4009/447/719
f 4012/2065/720 4014/2066/721 4013/322/721 4011/446/720
f 4014/2066/721 4016/2067/722 4015/436/722 4013/322/721
f 4016/2067/722 4018/2068/723 4017/430/723 4015/436/722
f 4018/2068/723 4020/2069/724 4019/296/724 4017/430/723
f 4020/2069/724 4022/2070/3 4021/426/3 4019/296/724
f 4022/2070/3 4024/2071/5 4023/425/5 4021/426/3
f 4024/2071/5 4026/2072/6 4025/305/6 4023/425/5
f 4026/2072/6 4028/2073/4 4027/422/4 4025/305/6
f 4028/2073/4 4030/2074/4 4029/423/4 4027/422/4
f 4030/2074/4 3918/902/675 3917/48/675 4029/423/4
f 4032/892/4 4034/2075/3 4033/2076/3 4031/84/4
f 4034/2075/3 4036/2077/3 4035/2078/3 4033/2076/3
f 4036/2077/3 4038/2079/725 4037/2080/725 4035/2078/3
f 4038/2079/725 4040/2081/726 4039/2082/726 4037/2080/725
f 4040/2081/726 4042/2083/727 4041/2084/727 4039/2082/726
f 4042/2083/727 4044/2085/728 4043/2086/728 4041/2084/727
f 4044/2085/728 4046/2087/729 4045/2088/729 4043/2086/728
f 4046/2087/729 4048/2089/730 4047/2090/730 4045/2088/729
f 4048/2089/730 4050/2091/731 4049/2092/731 4047/2090/730
f 4050/2091/731 4052/2093/732 4051/2094/732 4049/2092/731
f 4052/2093/732 4054/2095/733 4053/2096/733 4051/2094/732
f 4054/2095/733 4056/2097/734 4055/2098/734 4053/2096/733
f 4056/2097/734 4058/2099/735 4057/2100/735 4055/2098/734
f 4058/2099/735 4060/2101/736 4059/2102/736 4057/2100/735
f 4060/2101/736 4062/2103/737 4061/2104/737 4059/2102/736
f 4062/2103/737 4064/2105/738 4063/2106/738 4061/2104/737
f 4064/2105/738 4066/2107/739 4065/2108/739 4063/2106/738
f 4066/2107/739 4068/2109/740 4067/2110/740 4065/2108/739
f 4068/2109/740 4070/2111/741 4069/2112/741 4067/2110/740
f 4070/2111/741 4072/2113/742 4071/2114/742 4069/2112/741
f 4072/2113/742 4074/2115/743 4073/2116/743 4071/2114/742
f 4074/2115/743 4076/2117/744 4075/2118/744 4073/2116/743
f 4076/2117/744 4078/2119/745 4077/2120/745 4075/2118/744
f 4078/2119/745 4080/2121/746 4079/2122/746 4077/2120/745
f 4080/2121/746 4082/2123/747 4081/2124/747 4079/2122/746
f 4082/2123/747 4084/2125/748 4083/2126/748 4081/2124/747
f 4084/2125/748 4086/2127/749 4085/2128/749 4083/2126/748
f 4086/2127/749 4088/2129/750 4087/2130/750 4085/2128/749
f 4088/2129/750 4090/897/751 4089/53/751 4087/2130/750
f 4090/897/751 4092/2131/752 4091/2132/752 4089/53/751
f 4092/2131/752 4094/2133/753 4093/2134/753 4091/2132/752
f 4094/2133/753 4096/2135/754 4095/2136/754 4093/2134/753
f 4096/2135/754 4098/2137/755 4097/2138/755 4095/2136/754
f 4098/2137/755 4100/2139/756 4099/2140/756 4097/2138/755
f 4100/2139/756 4102/2141/757 4101/2142/757 4099/2140/756
f 4102/2141/757 4104/2143/758 4103/2144/758 4101/2142/757
f 4104/2143/758 4106/2145/759 4105/2146/759 4103/2144/758
f 4106/2145/759 4108/2147/760 4107/2148/760 4105/2146/759
f 4108/2147/760 4110/2149/761 4109/2150/761 4107/2148/760
f 4110/2149/761 4112/2151/762 4111/2152/762 4109/2150/761
f 4112/2151/762 4114/2153/763 4113/2154/763 4111/2152/762
f 4114/2153/763 4116/2155/764 4115/2156/764 4113/2154/763
f 4116/2155/764 4118/2157/765 4117/2158/765 4115/2156/764
f 4118/2157/765 4120/2159/766 4119/2160/766 4117/2158/765
f 4120/2159/766 4122/2161/767 4121/2162/767 4119/2160/766
f 4122/2161/767 4124/2163/768 4123/2164/768 4121/2162/767
f 4124/2163/768 4126/2165/769 4125/2166/769 4123/2164/768
f 4126/2165/769 4128/2167/770 4127/2168/770 4125/2166/769
f 4128/2167/770 4130/2169/771 4129/2170/771 4127/2168/770
f 4130/2169/771 4132/2171/772 4131/2172/772 4129/2170/771
f 4132/2171/772 4134/2173/773 4133/2174/773 4131/2172/772
f 4134/2173/773 4136/2175/774 4135/2176/774 4133/2174/773
f 4136/2175/774 4138/2177/5 4137/2178/5 4135/2176/774
f 4138/2177/5 4140/2179/5 4139/2180/5 4137/2178/5
f 4140/2179/5 4142/2181/775 4141/2182/775 4139/2180/5
f 4142/2181/775 4144/2183/776 4143/2184/776 4141/2182/775
f 4144/2183/776 4146/2185/4 4145/2186/4 4143/2184/776
f 4146/2185/4 4032/902/4 4031/48/4 4145/2186/4
f 4148/892/777 4150/2187/778 4149/2188/778 4147/84/777
f 4150/2187/778 4152/2189/779 4151/2190/779 4149/2188/778
f 4152/2189/779 4154/2191/780 4153/2192/780 4151/2190/779
f 4154/2191/780 4156/2193/781 4155/2194/781 4153/2192/780
f 4156/2193/781 4158/2195/782 4157/2196/782 4155/2194/781
f 4158/2195/782 4160/2197/783 4159/2198/783 4157/2196/782
f 4160/2197/783 4162/2199/784 4161/2200/784 4159/2198/783
f 4162/2199/784 4164/2201/785 4163/2202/785 4161/2200/784
f 4164/2201/785 4166/2203/786 4165/2204/786 4163/2202/785
f 4166/2203/786 4168/2205/787 4167/2206/787 4165/2204/786
f 4168/2205/787 4170/2207/788 4169/2208/788 4167/2206/787
f 4170/2207/788 4172/2209/789 4171/2210/789 4169/2208/788
f 4172/2209/789 4174/2211/790 4173/2212/790 4171/2210/789
f 4174/2211/790 4176/2213/791 4175/2214/791 4173/2212/790
f 4176/2213/791 4178/2215/792 4177/2216/792 4175/2214/791
f 4178/2215/792 4180/2217/793 4179/2218/793 4177/2216/792
f 4180/2217/793 4182/2219/391 4181/2220/391 4179/2218/793
f 4182/2219/391 4184/2221/794 4183/2222/794 4181/2220/391
f 4184/2221/794 4186/2223/795 4185/2224/795 4183/2222/794
f 4186/2223/795 4188/2225/796 4187/2226/796 4185/2224/795
f 4188/2225/796 4190/2227/797 4189/2228/797 4187/2226/796
f 4190/2227/797 4192/2229/798 4191/2230/798 4189/2228/797
f 4192/2229/798 4194/2231/799 4193/2232/799 4191/2230/798
f 4194/2231/799 4196/2233/800 4195/2234/800 4193/2232/799
f 4196/2233/800 4198/2235/801 4197/2236/801 4195/2234/800
f 4198/2235/801 4200/2237/802 4199/2238/802 4197/2236/801
f 4200/2237/802 4202/2239/803 4201/2240/803 4199/2238/802
f 4202/2239/803 4204/2241/804 4203/2242/804 4201/2240/803
f 4204/2241/804 4206/2243/805 4205/2244/805 4203/2242/804
f 4206/2243/805 4208/2245/806 4207/2246/806 4205/2244/805
f 4208/2245/806 4210/2247/807 4209/2248/807 4207/2246/806
f 4210/2247/807 4212/2249/808 4211/2250/808 4209/2248/807
f 4212/2249/808 4214/2251/809 4213/2252/809 4211/2250/808
f 4214/2251/809 4216/2253/810 4215/2254/810 4213/2252/809
f 4216/2253/810 4218/2255/811 4217/2256/811 4215/2254/810
f 4218/2255/811 4220/2257/812 4219/2258/812 4217/2256/811
f 4220/2257/812 4222/2259/813 4221/2260/813 4219/2258/812
f 4222/2259/813 4224/2261/814 4223/2262/814 4221/2260/813
f 4224/2261/814 4226/2263/815 4225/2264/815 4223/2262/814
f 4226/2263/815 4228/2265/816 4227/2266/816 4225/2264/815
f 4228/2265/816 4230/2267/817 4229/2268/817 4227/2266/816
f 4230/2267/817 4232/2269/818 4231/2270/818 4229/2268/817
f 4232/2269/818 4234/2271/819 4233/2272/819 4231/2270/818
f 4234/2271/819 4236/2273/820 4235/2274/820 4233/2272/819
f 4236/2273/820 4238/2275/821 4237/2276/821 4235/2274/820
f 4238/2275/821 4240/2277/822 4239/2278/822 4237/2276/821
f 4240/2277/822 4242/2279/823 4241/2280/823 4239/2278/822
f 4242/2279/823 4244/2281/824 4243/2282/824 4241/2280/823
f 4244/2281/824 4246/2283/825 4245/2284/825 4243/2282/824
f 4246/2283/825 4248/2285/826 4247/2286/826 4245/2284/825
f 4248/2285/826 4250/2287/827 4249/2288/827 4247/2286/826
f 4250/2287/827 4252/2289/828 4251/2290/828 4249/2288/827
f 4252/2289/828 4254/2291/829 4253/2292/829 4251/2290/828
f 4254/2291/829 4256/2293/830 4255/2294/830 4253/2292/829
f 4256/2293/830 4258/2295/831 4257/2296/831 4255/2294/830
f 4258/2295/831 4260/2297/832 4259/2298/832 4257/2296/831
f 4260/2297/832 4262/2299/833 4261/2300/833 4259/2298/832
f 4262/2299/833 4264/2301/834 4263/2302/834 4261/2300/833
f 4264/2301/834 4266/2303/835 4265/2304/835 4263/2302/834
f 4266/2303/835 4268/2305/836 4267/2306/836 4265/2304/835
f 4268/2305/836 4270/2307/837 4269/2308/837 4267/2306/836
f 4270/2307/837 4272/2309/838 4271/2310/838 4269/2308/837
f 4272/2309/838 4274/2311/839 4273/2312/839 4271/2310/838
f 4274/2311/839 4276/2313/840 4275/2314/840 4273/2312/839
f 4276/2313/840 4278/2315/841 4277/2316/841 4275/2314/840
f 4278/2315/841 4280/2317/842 4279/2318/842 4277/2316/841
f 4280/2317/842 4282/897/72 4281/53/72 4279/2318/842
f 4282/897/72 4284/2319/843 4283/2320/843 4281/53/72
f 4284/2319/843 4286/2321/844 4285/2322/844 4283/2320/843
f 4286/2321/844 4288/2323/845 4287/2324/845 4285/2322/844
f 4288/2323/845 4290/2325/846 4289/2326/846 4287/2324/845
f 4290/2325/846 4292/2327/847 4291/2328/847 4289/2326/846
f 4292/2327/847 4294/2329/848 4293/2330/848 4291/2328/847
f 4294/2329/848 4296/2331/849 4295/2332/849 4293/2330/848
f 4296/2331/849 4298/2333/850 4297/2334/850 4295/2332/849
f 4298/2333/850 4300/2335/851 4299/2336/851 4297/2334/850
f 4300/2335/851 4302/2337/852 4301/2338/852 4299/2336/851
f 4302/2337/852 4304/2339/853 4303/2340/853 4301/2338/852
f 4304/2339/853 4306/2341/854 4305/2342/854 4303/2340/853
f 4306/2341/854 4308/2343/855 4307/2344/855 4305/2342/854
f 4308/2343/855 4310/2345/856 4309/2346/856 4307/2344/855
f 4310/2345/856 4312/2347/857 4311/2348/857 4309/2346/856
f 4312/2347/857 4314/2349/858 4313/2350/858 4311/2348/857
f 4314/2349/858 4316/2351/859 4315/2352/859 4313/2350/858
f 4316/2351/859 4318/2353/860 4317/2354/860 4315/2352/859
f 4318/2353/860 4320/2355/861 4319/2356/861 4317/2354/860
f 4320/2355/861 4322/2357/862 4321/2358/862 4319/2356/861
f 4322/2357/862 4324/2359/863 4323/2360/863 4321/2358/862
f 4324/2359/863 4326/2361/864 4325/2362/864 4323/2360/863
f 4326/2361/864 4328/2363/865 4327/2364/865 4325/2362/864
f 4328/2363/865 4330/2365/866 4329/2366/866 4327/2364/865
f 4330/2365/866 4332/2367/867 4331/2368/867 4329/2366/866
f 4332/2367/867 4334/2369/868 4333/2370/868 4331/2368/867
f 4334/2369/868 4336/2371/869 4335/2372/869 4333/2370/868
f 4336/2371/869 4338/2373/870 4337/2374/870 4335/2372/869
f 4338/2373/870 4340/2375/871 4339/2376/871 4337/2374/870
f 4340/2375/871 4342/2377/872 4341/2378/872 4339/2376/871
f 4342/2377/872 4344/2379/873 4343/2380/873 4341/2378/872
f 4344/2379/873 4346/2381/874 4345/2382/874 4343/2380/873
f 4346/2381/874 4348/2383/875 4347/2384/875 4345/2382/874
f 4348/2383/875 4350/2385/876 4349/2386/876 4347/2384/875
f 4350/2385/876 4352/2387/877 4351/2388/877 4349/2386/876
f 4352/2387/877 4354/2389/878 4353/2390/878 4351/2388/877
f 4354/2389/878 4356/2391/879 4355/2392/879 4353/2390/878
f 4356/2391/879 4358/2393/880 4357/2394/880 4355/2392/879
f 4358/2393/880 4360/2395/881 4359/2396/881 4357/2394/880
f 4360/2395/881 4362/2397/882 4361/2398/882 4359/2396/881
f 4362/2397/882 4364/2399/883 4363/2400/883 4361/2398/882
f 4364/2399/883 4366/2401/884 4365/2402/884 4363/2400/883
f 4366/2401/884 4368/2403/885 4367/2404/885 4365/2402/884
f 4368/2403/885 4370/2405/886 4369/2406/886 4367/2404/885
f 4370/2405/886 4372/2407/887 4371/2408/887 4369/2406/886
f 4372/2407/887 4374/2409/888 4373/2410/888 4371/2408/887
f 4374/2409/888 4376/2411/889 4375/2412/889 4373/2410/888
f 4376/2411/889 4378/2413/890 4377/2414/890 4375/2412/889
f 4378/2413/890 4380/2415/891 4379/2416/891 4377/2414/890
f 4380/2415/891 4382/2417/892 4381/2418/892 4379/2416/891
f 4382/2417/892 4384/2419/893 4383/2420/893 4381/2418/892
f 4384/2419/893 4386/2421/894 4385/2422/894 4383/2420/893
f 4386/2421/894 4388/2423/895 4387/2424/895 4385/2422/894
f 4388/2423/895 4390/2425/896 4389/2426/896 4387/2424/895
f 4390/2425/896 4392/2427/897 4391/2428/897 4389/2426/896
f 4392/2427/897 4394/2429/898 4393/2430/898 4391/2428/897
f 4394/2429/898 4396/2431/899 4395/2432/899 4393/2430/898
f 4396/2431/899 4398/2433/900 4397/2434/900 4395/2432/899
f 4398/2433/900 4400/2435/901 4399/2436/901 4397/2434/900
f 4400/2435/901 4402/2437/902 4401/2438/902 4399/2436/901
f 4402/2437/902 4404/2439/903 4403/2440/903 4401/2438/902
f 4404/2439/903 4406/2441/904 4405/2442/904 4403/2440/903
f 4406/2441/904 4408/2443/905 4407/2444/905 4405/2442/904
f 4408/2443/905 4410/2445/906 4409/2446/906 4407/2444/905
f 4410/2445/906 4412/2447/907 4411/2448/907 4409/2446/906
f 4412/2447/907 4414/2449/908 4413/2450/908 4411/2448/907
f 4414/2449/908 4148/902/777 4147/48/777 4413/2450/908
f 4416/892/909 4418/1383/909 4417/463/909 4415/84/909
f 4418/1383/909 4420/1420/910 4419/287/910 4417/463/909
f 4420/1420/910 4422/1457/910 4421/487/910 4419/287/910
f 4422/1457/910 4424/897/911 4423/53/911 4421/487/910
f 4424/897/911 4426/1530/912 4425/486/912 4423/53/911
f 4426/1530/912 4428/1567/808 4427/281/808 4425/486/912
f 4428/1567/808 4430/1604/913 4429/478/913 4427/281/808
f 4430/1604/913 4416/902/909 4415/48/909 4429/478/913
f 4432/892/914 4434/1659/915 4433/107/915 4431/84/914
f 4434/1659/915 4436/1678/916 4435/100/916 4433/107/915
f 4436/1678/916 4432/902/914 4431/48/914 4435/100/916
f 4438/892/917 4440/2451/918 4439/2452/918 4437/84/917
f 4440/2451/918 4442/2453/919 4441/2454/919 4439/2452/918
f 4442/2453/919 4444/2455/920 4443/2456/920 4441/2454/919
f 4444/2455/920 4446/2457/921 4445/2458/921 4443/2456/920
f 4446/2457/921 4448/2459/922 4447/2460/922 4445/2458/921
f 4448/2459/922 4450/2461/923 4449/2462/923 4447/2460/922
f 4450/2461/923 4452/2463/924 4451/2464/924 4449/2462/923
f 4452/2463/924 4454/2465/925 4453/2466/925 4451/2464/924
f 4454/2465/925 4456/2467/926 4455/2468/926 4453/2466/925
f 4456/2467/926 4458/2469/927 4457/2470/927 4455/2468/926
f 4458/2469/927 4460/2471/928 4459/2472/928 4457/2470/927
f 4460/2471/928 4462/2473/929 4461/2474/929 4459/2472/928
f 4462/2473/929 4438/902/917 4437/48/917 4461/2474/929
f 4464/892/57 4466/1003/58 4465/1004/58 4463/84/57
f 4466/1003/58 4468/1005/59 4467/1006/59 4465/1004/58
f 4468/1005/59 4470/1007/60 4469/1008/60 4467/1006/59
f 4470/1007/60 4472/1009/61 4471/1010/61 4469/1008/60
f 4472/1009/61 4474/1011/62 4473/1012/62 4471/1010/61
f 4474/1011/62 4476/1013/63 4475/1014/63 4473/1012/62
f 4476/1013/63 4478/1015/64 4477/1016/64 4475/1014/63
f 4478/1015/64 4480/1017/65 4479/1018/65 4477/1016/64
f 4480/1017/65 4482/1019/66 4481/1020/66 4479/1018/65
f 4482/1019/66 4484/1021/67 4483/1022/67 4481/1020/66
f 4484/1021/67 4486/1023/68 4485/1024/68 4483/1022/67
f 4486/1023/68 4488/1025/69 4487/1026/69 4485/1024/68
f 4488/1025/69 4490/1027/70 4489/1028/70 4487/1026/69
f 4490/1027/70 4492/1029/71 4491/1030/71 4489/1028/70
f 4492/1029/71 4494/1031/72 4493/1032/72 4491/1030/71
f 4494/1031/72 4496/1033/73 4495/1034/73 4493/1032/72
f 4496/1033/73 4498/1035/74 4497/1036/74 4495/1034/73
f 4498/1035/74 4500/1037/75 4499/1038/75 4497/1036/74
f 4500/1037/75 4502/1039/76 4501/1040/76 4499/1038/75
f 4502/1039/76 4504/1041/930 4503/1042/930 4501/1040/76
f 4504/1041/930 4506/1043/931 4505/1044/931 4503/1042/930
f 4506/1043/931 4508/1045/79 4507/1046/79 4505/1044/931
f 4508/1045/79 4510/1047/80 4509/1048/80 4507/1046/79
f 4510/1047/80 4512/1049/81 4511/1050/81 4509/1048/80
f 4512/1049/81 4514/1051/82 4513/1052/82 4511/1050/81
f 4514/1051/82 4516/1053/83 4515/1054/83 4513/1052/82
f 4516/1053/83 4518/1055/84 4517/1056/84 4515/1054/83
f 4518/1055/84 4520/1057/85 4519/1058/85 4517/1056/84
f 4520/1057/85 4522/1059/86 4521/1060/86 4519/1058/85
f 4522/1059/86 4524/1061/87 4523/1062/87 4521/1060/86
f 4524/1061/87 4526/1063/88 4525/1064/88 4523/1062/87
f 4526/1063/88 4528/1065/89 4527/1066/89 4525/1064/88
f 4528/1065/89 4530/1067/90 4529/1068/90 4527/1066/89
f 4530/1067/90 4532/1069/91 4531/1070/91 4529/1068/90
f 4532/1069/91 4534/1071/92 4533/1072/92 4531/1070/91
f 4534/1071/92 4536/1073/93 4535/1074/93 4533/1072/92
f 4536/1073/93 4538/1075/94 4537/1076/94 4535/1074/93
f 4538/1075/94 4540/1077/95 4539/1078/95 4537/1076/94
f 4540/1077/95 4542/1079/96 4541/1080/96 4539/1078/95
f 4542/1079/96 4544/1081/97 4543/1082/97 4541/1080/96
f 4544/1081/97 4546/1083/98 4545/1084/98 4543/1082/97
f 4546/1083/98 4548/1085/99 4547/1086/99 4545/1084/98
f 4548/1085/99 4550/1087/100 4549/1088/100 4547/1086/99
f 4550/1087/100 4552/1089/101 4551/1090/101 4549/1088/100
f 4552/1089/101 4554/1091/102 4553/1092/102 4551/1090/101
f 4554/1091/102 4556/1093/103 4555/1094/103 4553/1092/102
f 4556/1093/103 4558/1095/104 4557/1096/104 4555/1094/103
f 4558/1095/104 4560/1097/105 4559/1098/105 4557/1096/104
f 4560/1097/105 4562/1099/106 4561/1100/106 4559/1098/105
f 4562/1099/106 4564/1101/107 4563/1102/107 4561/1100/106
f 4564/1101/107 4566/1103/108 4565/1104/108 4563/1102/107
f 4566/1103/108 4568/1105/109 4567/1106/109 4565/1104/108
f 4568/1105/109 4570/1107/110 4569/1108/110 4567/1106/109
f 4570/1107/110 4572/1109/111 4571/1110/111 4569/1108/110
f 4572/1109/111 4574/1111/112 4573/1112/112 4571/1110/111
f 4574/1111/112 4576/1113/113 4575/1114/113 4573/1112/112
f 4576/1113/113 4578/1115/114 4577/1116/114 4575/1114/113
f 4578/1115/114 4580/1117/115 4579/1118/115 4577/1116/114
f 4580/1117/115 4582/1119/116 4581/1120/116 4579/1118/115
f 4582/1119/116 4584/1121/117 4583/1122/117 4581/1120/116
f 4584/1121/117 4586/1123/118 4585/1124/118 4583/1122/117
f 4586/1123/118 4588/1125/932 4587/1126/932 4585/1124/118
f 4588/1125/932 4590/1127/120 4589/1128/120 4587/1126/932
f 4590/1127/120 4592/1129/121 4591/1130/121 4589/1128/120
f 4592/1129/121 4594/1131/933 4593/1132/933 4591/1130/121
f 4594/1131/933 4596/1133/123 4595/1134/123 4593/1132/933
f 4596/1133/123 4598/1135/934 4597/1136/934 4595/1134/123
f 4598/1135/934 4600/1137/125 4599/1138/125 4597/1136/934
f 4600/1137/125 4602/1139/126 4601/1140/126 4599/1138/125
f 4602/1139/126 4604/1141/127 4603/1142/127 4601/1140/126
f 4604/1141/127 4606/1143/128 4605/1144/128 4603/1142/127
f 4606/1143/128 4608/1145/129 4607/1146/129 4605/1144/128
f 4608/1145/129 4610/1147/130 4609/1148/130 4607/1146/129
f 4610/1147/130 4612/1149/131 4611/1150/131 4609/1148/130
f 4612/1149/131 4614/1151/132 4613/1152/132 4611/1150/131
f 4614/1151/132 4616/1153/133 4615/1154/133 4613/1152/132
f 4616/1153/133 4618/1155/134 4617/1156/134 4615/1154/133
f 4618/1155/134 4620/1157/135 4619/1158/135 4617/1156/134
f 4620/1157/135 4622/1159/136 4621/1160/136 4619/1158/135
f 4622/1159/136 4624/1161/137 4623/1162/137 4621/1160/136
f 4624/1161/137 4626/1163/138 4625/1164/138 4623/1162/137
f 4626/1163/138 4628/1165/139 4627/1166/139 4625/1164/138
f 4628/1165/139 4630/1167/140 4629/1168/140 4627/1166/139
f 4630/1167/140 4632/1169/141 4631/1170/141 4629/1168/140
f 4632/1169/141 4634/1171/142 4633/1172/142 4631/1170/141
f 4634/1171/142 4636/1173/143 4635/1174/143 4633/1172/142
f 4636/1173/143 4638/1175/144 4637/1176/144 4635/1174/143
f 4638/1175/144 4640/1177/145 4639/1178/145 4637/1176/144
f 4640/1177/145 4642/1179/146 4641/1180/146 4639/1178/145
f 4642/1179/146 4644/1181/147 4643/1182/147 4641/1180/146
f 4644/1181/147 4646/1183/148 4645/1184/148 4643/1182/147
f 4646/1183/148 4648/1185/149 4647/1186/149 4645/1184/148
f 4648/1185/149 4650/1187/150 4649/1188/150 4647/1186/149
f 4650/1187/150 4652/1189/151 4651/1190/151 4649/1188/150
f 4652/1189/151 4654/1191/152 4653/1192/152 4651/1190/151
f 4654/1191/152 4656/1193/153 4655/1194/153 4653/1192/152
f 4656/1193/153 4658/1195/154 4657/1196/154 4655/1194/153
f 4658/1195/154 4660/1197/155 4659/1198/155 4657/1196/154
f 4660/1197/155 4662/1199/156 4661/1200/156 4659/1198/155
f 4662/1199/156 4664/1201/157 4663/1202/157 4661/1200/156
f 4664/1201/157 4666/1203/158 4665/1204/158 4663/1202/157
f 4666/1203/158 4668/1205/159 4667/1206/159 4665/1204/158
f 4668/1205/159 4670/1207/160 4669/1208/160 4667/1206/159
f 4670/1207/160 4672/1209/161 4671/1210/161 4669/1208/160
f 4672/1209/161 4674/1211/162 4673/1212/162 4671/1210/161
f 4674/1211/162 4676/1213/163 4675/1214/163 4673/1212/162
f 4676/1213/163 4678/1215/164 4677/1216/164 4675/1214/163
f 4678/1215/164 4680/1217/165 4679/1218/165 4677/1216/164
f 4680/1217/165 4682/1219/166 4681/1220/166 4679/1218/165
f 4682/1219/166 4684/1221/167 4683/1222/167 4681/1220/166
f 4684/1221/167 4686/1223/168 4685/1224/168 4683/1222/167
f 4686/1223/168 4688/1225/169 4687/1226/169 4685/1224/168
f 4688/1225/169 4690/1227/935 4689/1228/935 4687/1226/169
f 4690/1227/935 4692/1229/171 4691/1230/171 4689/1228/935
f 4692/1229/171 4694/1231/936 4693/1232/936 4691/1230/171
f 4694/1231/936 4696/1233/173 4695/1234/173 4693/1232/936
f 4696/1233/173 4698/1235/174 4697/1236/174 4695/1234/173
f 4698/1235/174 4700/1237/937 4699/1238/937 4697/1236/174
f 4700/1237/937 4702/1239/176 4701/1240/176 4699/1238/937
f 4702/1239/176 4704/1241/177 4703/1242/177 4701/1240/176
f 4704/1241/177 4706/1243/178 4705/1244/178 4703/1242/177
f 4706/1243/178 4708/1245/179 4707/1246/179 4705/1244/178
f 4708/1245/179 4710/1247/180 4709/1248/180 4707/1246/179
f 4710/1247/180 4712/1249/938 4711/1250/938 4709/1248/180
f 4712/1249/938 4714/1251/182 4713/1252/182 4711/1250/938
f 4714/1251/182 4716/1253/183 4715/1254/183 4713/1252/182
f 4716/1253/183 4718/1255/184 4717/1256/184 4715/1254/183
f 4718/1255/184 4720/1257/185 4719/1258/185 4717/1256/184
f 4720/1257/185 4722/1259/186 4721/1260/186 4719/1258/185
f 4722/1259/186 4724/1261/939 4723/1262/939 4721/1260/186
f 4724/1261/939 4726/1263/188 4725/1264/188 4723/1262/939
f 4726/1263/188 4728/1265/189 4727/1266/189 4725/1264/188
f 4728/1265/189 4730/1267/190 4729/1268/190 4727/1266/189
f 4730/1267/190 4732/1269/940 4731/1270/940 4729/1268/190
f 4732/1269/940 4734/1271/192 4733/1272/192 4731/1270/940
f 4734/1271/192 4736/1273/193 4735/1274/193 4733/1272/192
f 4736/1273/193 4464/902/57 4463/48/57 4735/1274/193
f 4738/892/194 4740/1275/195 4739/1276/195 4737/84/194
f 4740/1275/195 4742/1277/196 4741/1278/196 4739/1276/195
f 4742/1277/196 4744/1279/197 4743/1280/197 4741/1278/196
f 4744/1279/197 4746/1281/198 4745/1282/198 4743/1280/197
f 4746/1281/198 4748/1283/199 4747/1284/199 4745/1282/198
f 4748/1283/199 4750/1285/200 4749/1286/200 4747/1284/199
f 4750/1285/200 4752/1287/201 4751/1288/201 4749/1286/200
f 4752/1287/201 4754/1289/202 4753/1290/202 4751/1288/201
f 4754/1289/202 4756/1291/203 4755/1292/203 4753/1290/202
f 4756/1291/203 4758/1293/204 4757/1294/204 4755/1292/203
f 4758/1293/204 4760/1295/205 4759/1296/205 4757/1294/204
f 4760/1295/205 4762/1297/206 4761/1298/206 4759/1296/205
f 4762/1297/206 4764/1299/941 4763/1300/941 4761/1298/206
f 4764/1299/941 4766/1301/208 4765/1302/208 4763/1300/941
f 4766/1301/208 4768/1303/209 4767/1304/209 4765/1302/208
f 4768/1303/209 4770/1305/210 4769/1306/210 4767/1304/209
f 4770/1305/210 4772/1307/211 4771/1308/211 4769/1306/210
f 4772/1307/211 4774/1309/212 4773/1310/212 4771/1308/211
f 4774/1309/212 4776/1311/213 4775/1312/213 4773/1310/212
f 4776/1311/213 4778/1313/214 4777/1314/214 4775/1312/213
f 4778/1313/214 4780/1315/215 4779/1316/215 4777/1314/214
f 4780/1315/215 4782/1317/216 4781/1318/216 4779/1316/215
f 4782/1317/216 4784/1319/217 4783/1320/217 4781/1318/216
f 4784/1319/217 4786/1321/218 4785/1322/218 4783/1320/217
f 4786/1321/218 4788/1323/219 4787/1324/219 4785/1322/218
f 4788/1323/219 4790/1325/220 4789/1326/220 4787/1324/219
f 4790/1325/220 4792/1327/221 4791/1328/221 4789/1326/220
f 4792/1327/221 4794/1329/222 4793/1330/222 4791/1328/221
f 4794/1329/222 4796/1331/223 4795/1332/223 4793/1330/222
f 4796/1331/223 4798/1333/224 4797/1334/224 4795/1332/223
f 4798/1333/224 4800/1335/225 4799/1336/225 4797/1334/224
f 4800/1335/225 4802/1337/226 4801/1338/226 4799/1336/225
f 4802/1337/226 4804/1339/227 4803/1340/227 4801/1338/226
f 4804/1339/227 4806/1341/228 4805/1342/228 4803/1340/227
f 4806/1341/228 4808/1343/229 4807/1344/229 4805/1342/228
f 4808/1343/229 4810/1345/230 4809/1346/230 4807/1344/229
f 4810/1345/230 4738/902/194 4737/48/194 4809/1346/230
f 4812/892/942 4814/1650/943 4813/285/943 4811/84/942
f 4814/1650/943 4816/1659/944 4815/107/944 4813/285/943
f 4816/1659/944 4818/897/945 4817/53/945 4815/107/944
f 4818/897/945 4820/1678/946 4819/100/946 4817/53/945
f 4820/1678/946 4822/1687/947 4821/283/947 4819/100/946
f 4822/1687/947 4812/902/942 4811/48/942 4821/283/947
f 4824/892/5 4826/1420/6 4825/287/6 4823/84/5
f 4826/1420/6 4828/897/4 4827/53/4 4825/287/6
f 4828/897/4 4830/1567/3 4829/281/3 4827/53/4
f 4830/1567/3 4824/902/5 4823/48/5 4829/281/3
f 4832/892/578 4834/1909/579 4833/1910/579 4831/84/578
f 4834/1909/579 4836/1275/580 4835/1276/580 4833/1910/579
f 4836/1275/580 4838/1911/581 4837/1912/581 4835/1276/580
f 4838/1911/581 4840/1277/582 4839/1278/582 4837/1912/581
f 4840/1277/582 4842/1913/583 4841/1914/583 4839/1278/582
f 4842/1913/583 4844/1279/584 4843/1280/584 4841/1914/583
f 4844/1279/584 4846/1915/585 4845/1916/585 4843/1280/584
f 4846/1915/585 4848/1281/586 4847/1282/586 4845/1916/585
f 4848/1281/586 4850/1917/587 4849/1918/587 4847/1282/586
f 4850/1917/587 4852/1283/588 4851/1284/588 4849/1918/587
f 4852/1283/588 4854/1919/589 4853/1920/589 4851/1284/588
f 4854/1919/589 4856/1285/590 4855/1286/590 4853/1920/589
f 4856/1285/590 4858/1921/591 4857/1922/591 4855/1286/590
f 4858/1921/591 4860/1287/592 4859/1288/592 4857/1922/591
f 4860/1287/592 4862/1923/593 4861/1924/593 4859/1288/592
f 4862/1923/593 4864/1289/594 4863/1290/594 4861/1924/593
f 4864/1289/594 4866/1925/595 4865/1926/595 4863/1290/594
f 4866/1925/595 4868/1291/596 4867/1292/596 4865/1926/595
f 4868/1291/596 4870/1927/597 4869/1928/597 4867/1292/596
f 4870/1927/597 4872/1293/598 4871/1294/598 4869/1928/597
f 4872/1293/598 4874/1929/599 4873/1930/599 4871/1294/598
f 4874/1929/599 4876/1295/600 4875/1296/600 4873/1930/599
f 4876/1295/600 4878/1931/601 4877/1932/601 4875/1296/600
f 4878/1931/601 4880/1297/602 4879/1298/602 4877/1932/601
f 4880/1297/602 4882/1933/603 4881/1934/603 4879/1298/602
f 4882/1933/603 4884/1299/604 4883/1300/604 4881/1934/603
f 4884/1299/604 4886/1935/605 4885/1936/605 4883/1300/604
f 4886/1935/605 4888/1301/606 4887/1302/606 4885/1936/605
f 4888/1301/606 4890/1937/607 4889/1938/607 4887/1302/606
f 4890/1937/607 4892/1303/608 4891/1304/608 4889/1938/607
f 4892/1303/608 4894/1939/486 4893/1940/486 4891/1304/608
f 4894/1939/486 4896/1305/609 4895/1306/609 4893/1940/486
f 4896/1305/609 4898/1941/610 4897/1942/610 4895/1306/609
f 4898/1941/610 4900/1307/611 4899/1308/611 4897/1942/610
f 4900/1307/611 4902/1943/612 4901/1944/612 4899/1308/611
f 4902/1943/612 4904/1309/613 4903/1310/613 4901/1944/612
f 4904/1309/613 4906/897/614 4905/53/614 4903/1310/613
f 4906/897/614 4908/1311/615 4907/1312/615 4905/53/614
f 4908/1311/615 4910/1945/616 4909/1946/616 4907/1312/615
f 4910/1945/616 4912/1313/617 4911/1314/617 4909/1946/616
f 4912/1313/617 4914/1947/618 4913/1948/618 4911/1314/617
f 4914/1947/618 4916/1315/619 4915/1316/619 4913/1948/618
f 4916/1315/619 4918/1949/620 4917/1950/620 4915/1316/619
f 4918/1949/620 4920/1317/948 4919/1318/948 4917/1950/620
f 4920/1317/948 4922/1951/622 4921/1952/622 4919/1318/948
f 4922/1951/622 4924/1319/623 4923/1320/623 4921/1952/622
f 4924/1319/623 4926/1953/624 4925/1954/624 4923/1320/623
f 4926/1953/624 4928/1321/625 4927/1322/625 4925/1954/624
f 4928/1321/625 4930/1955/626 4929/1956/626 4927/1322/625
f 4930/1955/626 4932/1323/627 4931/1324/627 4929/1956/626
f 4932/1323/627 4934/1957/628 4933/1958/628 4931/1324/627
f 4934/1957/628 4936/1325/629 4935/1326/629 4933/1958/628
f 4936/1325/629 4938/1959/630 4937/1960/630 4935/1326/629
f 4938/1959/630 4940/1327/631 4939/1328/631 4937/1960/630
f 4940/1327/631 4942/1961/632 4941/1962/632 4939/1328/631
f 4942/1961/632 4944/1329/633 4943/1330/633 4941/1962/632
f 4944/1329/633 4946/1963/634 4945/1964/634 4943/1330/633
f 4946/1963/634 4948/1331/635 4947/1332/635 4945/1964/634
f 4948/1331/635 4950/1965/636 4949/1966/636 4947/1332/635
f 4950/1965/636 4952/1333/637 4951/1334/637 4949/1966/636
f 4952/1333/637 4954/1967/638 4953/1968/638 4951/1334/637
f 4954/1967/638 4956/1335/639 4955/1336/639 4953/1968/638
f 4956/1335/639 4958/1969/640 4957/1970/640 4955/1336/639
f 4958/1969/640 4960/1337/641 4959/1338/641 4957/1970/640
f 4960/1337/641 4962/1971/642 4961/1972/642 4959/1338/641
f 4962/1971/642 4964/1339/643 4963/1340/643 4961/1972/642
f 4964/1339/643 4966/1973/644 4965/1974/644 4963/1340/643
f 4966/1973/644 4968/1341/645 4967/1342/645 4965/1974/644
f 4968/1341/645 4970/1975/646 4969/1976/646 4967/1342/645
f 4970/1975/646 4972/1343/647 4971/1344/647 4969/1976/646
f 4972/1343/647 4974/1977/648 4973/1978/648 4971/1344/647
f 4974/1977/648 4976/1345/649 4975/1346/649 4973/1978/648
f 4976/1345/649 4978/1979/650 4977/1980/650 4975/1346/649
f 4978/1979/650 4832/902/578 4831/48/578 4977/1980/650
f 4980/892/949 4982/1981/950 4981/1982/950 4979/84/949
f 4982/1981/950 4984/1983/334 4983/1984/334 4981/1982/950
f 4984/1983/334 4986/1985/653 4985/1986/653 4983/1984/334
f 4986/1985/653 4988/1987/654 4987/1988/654 4985/1986/653
f 4988/1987/654 4990/894/655 4989/293/655 4987/1988/654
f 4990/894/655 4992/1989/656 4991/1990/656 4989/293/655
f 4992/1989/656 4994/1991/657 4993/1992/657 4991/1990/656
f 4994/1991/657 4996/1993/658 4995/1994/658 4993/1992/657
f 4996/1993/658 4998/1995/659 4997/1996/659 4995/1994/658
f 4998/1995/659 5000/896/660 4999/288/660 4997/1996/659
f 5000/896/660 5002/1997/661 5001/1998/661 4999/288/660
f 5002/1997/661 5004/1999/662 5003/2000/662 5001/1998/661
f 5004/1999/662 5006/2001/663 5005/2002/663 5003/2000/662
f 5006/2001/663 5008/2003/664 5007/2004/664 5005/2002/663
f 5008/2003/664 5010/898/665 5009/289/665 5007/2004/664
f 5010/898/665 5012/2005/666 5011/2006/666 5009/289/665
f 5012/2005/666 5014/2007/667 5013/2008/667 5011/2006/666
f 5014/2007/667 5016/2009/951 5015/2010/951 5013/2008/667
f 5016/2009/951 5018/2011/669 5017/2012/669 5015/2010/951
f 5018/2011/669 5020/900/670 5019/292/670 5017/2012/669
f 5020/900/670 5022/2013/671 5021/2014/671 5019/292/670
f 5022/2013/671 5024/2015/672 5023/2016/672 5021/2014/671
f 5024/2015/672 5026/2017/673 5025/2018/673 5023/2016/672
f 5026/2017/673 5028/2019/952 5027/2020/952 5025/2018/673
f 5028/2019/952 4980/902/949 4979/48/949 5027/2020/952
