# Blender 4.4.1
# www.blender.org
mtllib gameOverFont.mtl
o テキスト.002
v -17.778252 0.117609 -0.440003
v -17.792767 0.117609 -0.440003
v -17.874126 0.254063 -0.440003
v -17.954906 0.376933 -0.440003
v -18.035133 0.486546 -0.440003
v -18.114826 0.583230 -0.440003
v -18.194023 0.667312 -0.440003
v -18.272736 0.739120 -0.440003
v -18.350994 0.798982 -0.440003
v -18.428825 0.847225 -0.440003
v -18.506256 0.884177 -0.440003
v -18.583305 0.910166 -0.440003
v -18.660004 0.925519 -0.440003
v -18.736374 0.930564 -0.440003
v -18.801418 0.927989 -0.440003
v -18.865986 0.920247 -0.440003
v -18.930202 0.907314 -0.440003
v -18.994186 0.889163 -0.440003
v -19.058075 0.865770 -0.440003
v -19.121983 0.837110 -0.440003
v -19.186047 0.803157 -0.440003
v -19.250385 0.763886 -0.440003
v -19.315128 0.719272 -0.440003
v -19.380398 0.669290 -0.440003
v -19.446327 0.613915 -0.440003
v -19.513035 0.553120 -0.440003
v -19.171886 -0.005786 -0.440003
v -19.121777 0.040143 -0.440003
v -19.069801 0.083400 -0.440003
v -19.016514 0.123733 -0.440003
v -18.962467 0.160891 -0.440003
v -18.908218 0.194622 -0.440003
v -18.854328 0.224672 -0.440003
v -18.801342 0.250791 -0.440003
v -18.749817 0.272726 -0.440003
v -18.700310 0.290226 -0.440003
v -18.653374 0.303037 -0.440003
v -18.609562 0.310909 -0.440003
v -18.569431 0.313589 -0.440003
v -18.460846 0.304554 -0.440003
v -18.357082 0.278204 -0.440003
v -18.259010 0.235673 -0.440003
v -18.167519 0.178097 -0.440003
v -18.083488 0.106608 -0.440003
v -18.007801 0.022341 -0.440003
v -17.941334 -0.073570 -0.440003
v -17.884979 -0.179991 -0.440003
v -17.839607 -0.295787 -0.440003
v -17.806110 -0.419824 -0.440003
v -17.785362 -0.550969 -0.440003
v -17.778252 -0.688087 -0.440003
v -17.778252 -2.393841 -0.440003
v -17.132240 -2.393841 -0.440003
v -17.132240 0.865237 -0.440003
v -17.778252 0.865237 -0.440003
v -16.236435 -2.136927 -0.440003
v -16.139774 -2.193693 -0.440003
v -16.043011 -2.244814 -0.440003
v -15.945342 -2.290339 -0.440003
v -15.845956 -2.330320 -0.440003
v -15.744048 -2.364806 -0.440003
v -15.638816 -2.393849 -0.440003
v -15.529452 -2.417498 -0.440003
v -15.415147 -2.435804 -0.440003
v -15.295098 -2.448817 -0.440003
v -15.168494 -2.456588 -0.440003
v -15.034530 -2.459167 -0.440003
v -14.789922 -2.442222 -0.440003
v -14.564469 -2.393168 -0.440003
v -14.358579 -2.314677 -0.440003
v -14.172647 -2.209420 -0.440003
v -14.007079 -2.080069 -0.440003
v -13.862279 -1.929295 -0.440003
v -13.738647 -1.759770 -0.440003
v -13.636592 -1.574165 -0.440003
v -13.556512 -1.375152 -0.440003
v -13.498815 -1.165403 -0.440003
v -13.463899 -0.947588 -0.440003
v -13.452170 -0.724380 -0.440003
v -13.464976 -0.484446 -0.440003
v -13.502580 -0.259028 -0.440003
v -13.563773 -0.049337 -0.440003
v -13.647346 0.143417 -0.440003
v -13.752090 0.318025 -0.440003
v -13.876796 0.473276 -0.440003
v -14.020251 0.607962 -0.440003
v -14.181251 0.720873 -0.440003
v -14.358581 0.810798 -0.440003
v -14.551034 0.876528 -0.440003
v -14.757398 0.916853 -0.440003
v -14.976462 0.930564 -0.440003
v -15.185765 0.918298 -0.440003
v -15.381228 0.881434 -0.440003
v -15.562024 0.819871 -0.440003
v -15.727319 0.733508 -0.440003
v -15.876281 0.622244 -0.440003
v -16.008083 0.485979 -0.440003
v -16.121887 0.324611 -0.440003
v -16.216866 0.138040 -0.440003
v -16.292187 -0.073835 -0.440003
v -16.347012 -0.311115 -0.440003
v -16.380520 -0.573900 -0.440003
v -16.391872 -0.862292 -0.440003
v -14.098180 -0.862292 -0.440003
v -14.129170 -1.017279 -0.440003
v -14.171302 -1.159186 -0.440003
v -14.224524 -1.287936 -0.440003
v -14.288783 -1.403455 -0.440003
v -14.364032 -1.505667 -0.440003
v -14.450219 -1.594496 -0.440003
v -14.547292 -1.669866 -0.440003
v -14.655204 -1.731702 -0.440003
v -14.773904 -1.779928 -0.440003
v -14.903340 -1.814469 -0.440003
v -15.043460 -1.835249 -0.440003
v -15.194217 -1.842193 -0.440003
v -15.291768 -1.839194 -0.440003
v -15.388515 -1.830297 -0.440003
v -15.484553 -1.815654 -0.440003
v -15.579991 -1.795416 -0.440003
v -15.674924 -1.769734 -0.440003
v -15.769454 -1.738759 -0.440003
v -15.863679 -1.702643 -0.440003
v -15.957705 -1.661536 -0.440003
v -16.051628 -1.615591 -0.440003
v -16.145554 -1.564957 -0.440003
v -16.239578 -1.509788 -0.440003
v -16.333805 -1.450232 -0.440003
v -16.333805 -2.074466 -0.440003
v -15.742288 -0.314501 -0.440003
v -15.720862 -0.202976 -0.440003
v -15.689158 -0.099921 -0.440003
v -15.647473 -0.005786 -0.440003
v -15.596110 0.078972 -0.440003
v -15.535371 0.153901 -0.440003
v -15.465560 0.218547 -0.440003
v -15.386973 0.272457 -0.440003
v -15.299924 0.315177 -0.440003
v -15.204703 0.346252 -0.440003
v -15.101621 0.365230 -0.440003
v -14.990979 0.371657 -0.440003
v -14.871676 0.365647 -0.440003
v -14.760589 0.347765 -0.440003
v -14.657769 0.318239 -0.440003
v -14.563266 0.277297 -0.440003
v -14.477128 0.225164 -0.440003
v -14.399409 0.162068 -0.440003
v -14.330159 0.088235 -0.440003
v -14.269425 0.003892 -0.440003
v -14.217263 -0.090734 -0.440003
v -14.173722 -0.195415 -0.440003
v -14.138852 -0.309926 -0.440003
v -14.112699 -0.434039 -0.440003
v -15.753123 -0.434039 -0.440003
v -10.701190 0.865237 -0.440002
v -11.579473 -1.138116 -0.440002
v -12.435979 0.865237 -0.440003
v -13.125539 0.865237 -0.440003
v -11.688352 -2.459167 -0.440002
v -11.470595 -2.459167 -0.440002
v -9.997115 0.865237 -0.440002
v -7.380321 2.598151 -0.440002
v -7.749225 2.529388 -0.440002
v -8.090051 2.418788 -0.440002
v -8.401315 2.269627 -0.440002
v -8.681527 2.085181 -0.440002
v -8.929204 1.868727 -0.440002
v -9.142858 1.623542 -0.440002
v -9.320998 1.352902 -0.440002
v -9.462140 1.060083 -0.440002
v -9.564797 0.748361 -0.440002
v -9.627481 0.421014 -0.440002
v -9.648707 0.081316 -0.440002
v -9.628028 -0.249232 -0.440002
v -9.566747 -0.570607 -0.440002
v -9.465997 -0.879077 -0.440002
v -9.326913 -1.170914 -0.440002
v -9.150628 -1.442386 -0.440002
v -8.938279 -1.689764 -0.440002
v -8.690999 -1.909317 -0.440002
v -8.409921 -2.097317 -0.440002
v -8.096177 -2.250031 -0.440002
v -7.750905 -2.363731 -0.440002
v -7.375237 -2.434687 -0.440002
v -6.970309 -2.459167 -0.440002
v -6.578296 -2.434825 -0.440002
v -6.212567 -2.364235 -0.440002
v -5.874614 -2.251052 -0.440002
v -5.565921 -2.098929 -0.440002
v -5.287976 -1.911523 -0.440002
v -5.042266 -1.692486 -0.440002
v -4.830279 -1.445473 -0.440002
v -4.653499 -1.174140 -0.440002
v -4.513415 -0.882139 -0.440002
v -4.411513 -0.573127 -0.440002
v -4.349282 -0.250757 -0.440002
v -4.328208 0.081316 -0.440002
v -4.349845 0.419488 -0.440002
v -4.413598 0.745841 -0.440002
v -4.517724 1.057020 -0.440002
v -4.660487 1.349676 -0.440002
v -4.840148 1.620455 -0.440002
v -5.054967 1.866006 -0.440002
v -5.303206 2.082976 -0.440002
v -5.583125 2.268014 -0.440002
v -5.892987 2.417767 -0.440002
v -6.231050 2.528884 -0.440002
v -6.595576 2.598012 -0.440002
v -6.984828 2.621800 -0.440002
v -7.256112 -1.789421 -0.440002
v -7.513457 -1.741212 -0.440002
v -7.755025 -1.663111 -0.440002
v -7.978976 -1.556959 -0.440002
v -8.183471 -1.424596 -0.440002
v -8.366668 -1.267862 -0.440002
v -8.526731 -1.088596 -0.440002
v -8.661815 -0.888638 -0.440002
v -8.770083 -0.669827 -0.440002
v -8.849696 -0.434005 -0.440002
v -8.898814 -0.183011 -0.440002
v -8.915595 0.081316 -0.440002
v -8.898814 0.347168 -0.440002
v -8.849696 0.599158 -0.440002
v -8.770083 0.835522 -0.440002
v -8.661815 1.054496 -0.440002
v -8.526731 1.254316 -0.440002
v -8.366668 1.433217 -0.440002
v -8.183471 1.589434 -0.440002
v -7.978976 1.721205 -0.440002
v -7.755025 1.826764 -0.440002
v -7.513457 1.904348 -0.440002
v -7.256112 1.952193 -0.440002
v -6.984828 1.968532 -0.440002
v -6.715213 1.952192 -0.440002
v -6.459256 1.904348 -0.440002
v -6.218827 1.826764 -0.440002
v -5.995786 1.721205 -0.440002
v -5.792001 1.589434 -0.440002
v -5.609336 1.433216 -0.440002
v -5.449656 1.254315 -0.440002
v -5.314828 1.054496 -0.440002
v -5.206716 0.835522 -0.440002
v -5.127181 0.599158 -0.440002
v -5.078094 0.347168 -0.440002
v -5.061318 0.081316 -0.440002
v -5.078094 -0.183011 -0.440002
v -5.127181 -0.434005 -0.440002
v -5.206716 -0.669828 -0.440002
v -5.314828 -0.888638 -0.440002
v -5.449656 -1.088596 -0.440002
v -5.609336 -1.267862 -0.440002
v -5.792001 -1.424597 -0.440002
v -5.995786 -1.556960 -0.440002
v -6.218827 -1.663111 -0.440002
v -6.459256 -1.741212 -0.440002
v -6.715213 -1.789421 -0.440002
v -6.984828 -1.805900 -0.440002
v -1.588737 -2.136927 -0.440002
v -1.492074 -2.193693 -0.440001
v -1.395310 -2.244814 -0.440001
v -1.297639 -2.290339 -0.440001
v -1.198255 -2.330320 -0.440001
v -1.096351 -2.364806 -0.440001
v -0.991118 -2.393849 -0.440001
v -0.881753 -2.417498 -0.440001
v -0.767447 -2.435804 -0.440001
v -0.647397 -2.448817 -0.440001
v -0.520791 -2.456588 -0.440001
v -0.386828 -2.459167 -0.440001
v -0.142222 -2.442222 -0.440001
v 0.083228 -2.393168 -0.440001
v 0.289121 -2.314677 -0.440001
v 0.475053 -2.209420 -0.440001
v 0.640621 -2.080069 -0.440001
v 0.785421 -1.929295 -0.440001
v 0.909052 -1.759770 -0.440001
v 1.011108 -1.574165 -0.440001
v 1.091187 -1.375152 -0.440001
v 1.148887 -1.165403 -0.440001
v 1.183802 -0.947588 -0.440001
v 1.195530 -0.724380 -0.440001
v 1.182723 -0.484446 -0.440001
v 1.145120 -0.259028 -0.440001
v 1.083926 -0.049337 -0.440001
v 1.000353 0.143417 -0.440001
v 0.895609 0.318025 -0.440001
v 0.770904 0.473276 -0.440001
v 0.627447 0.607962 -0.440001
v 0.466449 0.720873 -0.440001
v 0.289119 0.810798 -0.440001
v 0.096668 0.876528 -0.440001
v -0.109695 0.916853 -0.440002
v -0.328761 0.930564 -0.440002
v -0.538058 0.918298 -0.440002
v -0.733523 0.881434 -0.440002
v -0.914319 0.819871 -0.440002
v -1.079614 0.733508 -0.440002
v -1.228578 0.622244 -0.440002
v -1.360377 0.485979 -0.440002
v -1.474183 0.324611 -0.440002
v -1.569161 0.138040 -0.440002
v -1.644481 -0.073835 -0.440002
v -1.699311 -0.311115 -0.440002
v -1.732818 -0.573900 -0.440002
v -1.744172 -0.862292 -0.440002
v 0.549521 -0.862292 -0.440001
v 0.518530 -1.017279 -0.440001
v 0.476399 -1.159186 -0.440001
v 0.423180 -1.287936 -0.440001
v 0.358920 -1.403455 -0.440001
v 0.283671 -1.505667 -0.440001
v 0.197484 -1.594496 -0.440001
v 0.100410 -1.669866 -0.440001
v -0.007502 -1.731702 -0.440001
v -0.126202 -1.779928 -0.440001
v -0.255637 -1.814469 -0.440001
v -0.395760 -1.835249 -0.440001
v -0.546515 -1.842193 -0.440001
v -0.644069 -1.839194 -0.440001
v -0.740815 -1.830297 -0.440001
v -0.836858 -1.815654 -0.440001
v -0.932292 -1.795416 -0.440001
v -1.027225 -1.769734 -0.440001
v -1.121753 -1.738759 -0.440001
v -1.215980 -1.702643 -0.440001
v -1.310004 -1.661536 -0.440002
v -1.403930 -1.615591 -0.440002
v -1.497853 -1.564957 -0.440002
v -1.591880 -1.509788 -0.440002
v -1.686105 -1.450232 -0.440002
v -1.686105 -2.074466 -0.440002
v -1.094583 -0.314501 -0.440002
v -1.073161 -0.202976 -0.440002
v -1.041455 -0.099921 -0.440002
v -0.999768 -0.005786 -0.440002
v -0.948405 0.078972 -0.440002
v -0.887666 0.153901 -0.440002
v -0.817853 0.218547 -0.440002
v -0.739270 0.272457 -0.440002
v -0.652217 0.315177 -0.440002
v -0.557000 0.346252 -0.440002
v -0.453919 0.365230 -0.440002
v -0.343277 0.371657 -0.440002
v -0.223971 0.365647 -0.440001
v -0.112885 0.347765 -0.440001
v -0.010065 0.318239 -0.440001
v 0.084438 0.277297 -0.440001
v 0.170573 0.225164 -0.440001
v 0.248292 0.162068 -0.440001
v 0.317542 0.088235 -0.440001
v 0.378273 0.003892 -0.440001
v 0.430435 -0.090734 -0.440001
v 0.473978 -0.195415 -0.440001
v 0.508851 -0.309926 -0.440001
v 0.535004 -0.434039 -0.440001
v -1.105422 -0.434039 -0.440002
v 6.015190 0.436984 -0.440001
v 5.932162 0.516836 -0.440001
v 5.849992 0.589480 -0.440001
v 5.768627 0.654967 -0.440001
v 5.688019 0.713346 -0.440001
v 5.608116 0.764668 -0.440001
v 5.528870 0.808983 -0.440001
v 5.450227 0.846343 -0.440001
v 5.372139 0.876797 -0.440001
v 5.294555 0.900395 -0.440001
v 5.217424 0.917189 -0.440001
v 5.140697 0.927228 -0.440001
v 5.064322 0.930564 -0.440001
v 4.962431 0.926342 -0.440001
v 4.863739 0.913728 -0.440001
v 4.768424 0.892797 -0.440001
v 4.676663 0.863624 -0.440001
v 4.588634 0.826285 -0.440001
v 4.504510 0.780856 -0.440001
v 4.424468 0.727413 -0.440001
v 4.348686 0.666031 -0.440001
v 4.277341 0.596785 -0.440001
v 4.210607 0.519751 -0.440001
v 4.148661 0.435005 -0.440001
v 4.091681 0.342623 -0.440001
v 4.019663 0.421282 -0.440001
v 3.944998 0.497068 -0.440001
v 3.867460 0.569225 -0.440001
v 3.786822 0.636997 -0.440001
v 3.702858 0.699627 -0.440001
v 3.615340 0.756359 -0.440001
v 3.524041 0.806438 -0.440001
v 3.428736 0.849107 -0.440001
v 3.329196 0.883610 -0.440001
v 3.225195 0.909191 -0.440001
v 3.116506 0.925095 -0.440001
v 3.002903 0.930564 -0.440001
v 2.842866 0.920121 -0.440001
v 2.693440 0.889365 -0.440001
v 2.555255 0.839152 -0.440001
v 2.428941 0.770339 -0.440001
v 2.315127 0.683782 -0.440001
v 2.214445 0.580340 -0.440001
v 2.127523 0.460868 -0.440001
v 2.054993 0.326224 -0.440001
v 1.997483 0.177265 -0.440001
v 1.955625 0.014847 -0.440001
v 1.930048 -0.160173 -0.440001
v 1.921382 -0.346937 -0.440001
v 1.921382 -2.393841 -0.440001
v 2.567390 -2.393841 -0.440001
v 2.567390 -0.375971 -0.440001
v 2.573604 -0.257289 -0.440001
v 2.591687 -0.148134 -0.440001
v 2.620809 -0.048657 -0.440001
v 2.660139 0.040991 -0.440001
v 2.708844 0.120659 -0.440001
v 2.766092 0.190194 -0.440001
v 2.831054 0.249447 -0.440001
v 2.902896 0.298265 -0.440001
v 2.980786 0.336499 -0.440001
v 3.063894 0.363996 -0.440001
v 3.151387 0.380605 -0.440001
v 3.242434 0.386174 -0.440001
v 3.296499 0.384133 -0.440001
v 3.353160 0.374681 -0.440001
v 3.411988 0.358274 -0.440001
v 3.472555 0.335364 -0.440001
v 3.534433 0.306406 -0.440001
v 3.597193 0.271852 -0.440001
v 3.660407 0.232157 -0.440001
v 3.723646 0.187774 -0.440001
v 3.786483 0.139158 -0.440001
v 3.848486 0.086760 -0.440001
v 3.909230 0.031036 -0.440001
v 3.968286 -0.027562 -0.440001
v 3.968286 -2.393841 -0.440001
v 4.614294 -2.393841 -0.440001
v 4.614294 -0.368712 -0.440001
v 4.619763 -0.242549 -0.440001
v 4.635667 -0.128811 -0.440001
v 4.661248 -0.027221 -0.440001
v 4.695751 0.062498 -0.440001
v 4.738420 0.140624 -0.440001
v 4.788499 0.207433 -0.440001
v 4.845231 0.263204 -0.440001
v 4.907862 0.308213 -0.440001
v 4.975633 0.342736 -0.440001
v 5.047790 0.367054 -0.440001
v 5.123576 0.381440 -0.440001
v 5.202235 0.386174 -0.440001
v 5.281717 0.383995 -0.440001
v 5.357218 0.377202 -0.440001
v 5.429291 0.365420 -0.440001
v 5.498490 0.348269 -0.440001
v 5.565372 0.325372 -0.440001
v 5.630488 0.296350 -0.440001
v 5.694395 0.260826 -0.440001
v 5.757647 0.218422 -0.440001
v 5.820798 0.168759 -0.440001
v 5.884402 0.111459 -0.440001
v 5.949015 0.046145 -0.440001
v 6.015190 -0.027562 -0.440001
v 6.015190 -2.393841 -0.440001
v 6.661199 -2.393841 -0.440001
v 6.661199 0.865237 -0.440001
v 6.015190 0.865237 -0.440001
v 7.276505 -2.251287 -0.440001
v 7.341046 -2.291986 -0.440001
v 7.400093 -2.327493 -0.440001
v 7.454528 -2.358086 -0.440001
v 7.505233 -2.384041 -0.440001
v 7.553089 -2.405636 -0.440001
v 7.598980 -2.423148 -0.440001
v 7.643787 -2.436854 -0.440001
v 7.688393 -2.447032 -0.440001
v 7.733679 -2.453959 -0.440001
v 7.780527 -2.457911 -0.440001
v 7.829821 -2.459167 -0.440001
v 7.897890 -2.457033 -0.440001
v 7.960642 -2.450565 -0.440001
v 8.018202 -2.439660 -0.440001
v 8.070697 -2.424219 -0.440001
v 8.118251 -2.404140 -0.440001
v 8.160992 -2.379323 -0.440001
v 8.199044 -2.349668 -0.440001
v 8.232534 -2.315072 -0.440001
v 8.261591 -2.275436 -0.440001
v 8.286335 -2.230658 -0.440001
v 8.306897 -2.180638 -0.440001
v 8.323400 -2.125275 -0.440001
v 8.394466 -2.179113 -0.440001
v 8.466085 -2.228138 -0.440001
v 8.538208 -2.272374 -0.440001
v 8.610785 -2.311846 -0.440001
v 8.683765 -2.346580 -0.440001
v 8.757097 -2.376602 -0.440001
v 8.830733 -2.401935 -0.440001
v 8.904621 -2.422606 -0.440001
v 8.978710 -2.438639 -0.440001
v 9.052950 -2.450061 -0.440001
v 9.127291 -2.456895 -0.440001
v 9.201682 -2.459167 -0.440001
v 9.318028 -2.451497 -0.440001
v 9.427166 -2.429260 -0.440001
v 9.528543 -2.393614 -0.440001
v 9.621601 -2.345719 -0.440001
v 9.705788 -2.286735 -0.440001
v 9.780549 -2.217821 -0.440001
v 9.845329 -2.140137 -0.440001
v 9.899575 -2.054841 -0.440001
v 9.942732 -1.963093 -0.440001
v 9.974244 -1.866052 -0.440001
v 9.993559 -1.764878 -0.440001
v 10.000120 -1.660730 -0.440001
v 9.988249 -1.508347 -0.440001
v 9.954149 -1.373178 -0.440001
v 9.900088 -1.253685 -0.440001
v 9.828335 -1.148332 -0.440001
v 9.741157 -1.055580 -0.440001
v 9.640823 -0.973892 -0.440001
v 9.529601 -0.901731 -0.440001
v 9.409760 -0.837559 -0.440001
v 9.283567 -0.779840 -0.440001
v 9.153292 -0.727035 -0.440001
v 9.021202 -0.677607 -0.440001
v 8.889565 -0.630019 -0.440001
v 8.316142 -0.426780 -0.440001
v 8.316142 -0.252576 -0.440001
v 8.320227 -0.155905 -0.440001
v 8.332475 -0.068962 -0.440001
v 8.352890 0.008504 -0.440001
v 8.381470 0.076746 -0.440001
v 8.418216 0.136016 -0.440001
v 8.463127 0.186565 -0.440001
v 8.516206 0.228646 -0.440001
v 8.577450 0.262511 -0.440001
v 8.646859 0.288411 -0.440001
v 8.724434 0.306599 -0.440001
v 8.810176 0.317327 -0.440001
v 8.904083 0.320848 -0.440001
v 8.993116 0.317349 -0.440001
v 9.082253 0.306768 -0.440001
v 9.171288 0.288978 -0.440001
v 9.260019 0.263855 -0.440001
v 9.348248 0.231271 -0.440001
v 9.435770 0.191102 -0.440001
v 9.522385 0.143219 -0.440001
v 9.607891 0.087499 -0.440001
v 9.692086 0.023815 -0.440001
v 9.774769 -0.047960 -0.440001
v 9.855739 -0.127950 -0.440001
v 9.934793 -0.216283 -0.440001
v 9.934793 0.487793 -0.440001
v 9.869156 0.559022 -0.440001
v 9.799233 0.623924 -0.440001
v 9.724977 0.682526 -0.440001
v 9.646334 0.734852 -0.440001
v 9.563255 0.780928 -0.440001
v 9.475691 0.820778 -0.440001
v 9.383591 0.854429 -0.440001
v 9.286902 0.881905 -0.440001
v 9.185577 0.903231 -0.440001
v 9.079564 0.918433 -0.440001
v 8.968813 0.927535 -0.440001
v 8.853273 0.930564 -0.440001
v 8.691238 0.923565 -0.440001
v 8.536285 0.902403 -0.440001
v 8.389750 0.866825 -0.440001
v 8.252968 0.816578 -0.440001
v 8.127275 0.751411 -0.440001
v 8.014008 0.671072 -0.440001
v 7.914501 0.575308 -0.440001
v 7.830091 0.463867 -0.440001
v 7.762113 0.336499 -0.440001
v 7.711904 0.192950 -0.440001
v 7.680799 0.032968 -0.440001
v 7.670134 -0.143698 -0.440001
v 7.670134 -1.820417 -0.440001
v 7.669230 -1.849623 -0.440001
v 7.666537 -1.875629 -0.440001
v 7.662079 -1.898560 -0.440001
v 7.655884 -1.918542 -0.440001
v 7.647974 -1.935701 -0.440001
v 7.638376 -1.950163 -0.440001
v 7.627114 -1.962055 -0.440001
v 7.614214 -1.971502 -0.440001
v 7.599702 -1.978630 -0.440001
v 7.583602 -1.983566 -0.440001
v 7.565939 -1.986435 -0.440001
v 7.546738 -1.987363 -0.440001
v 7.529076 -1.986015 -0.440001
v 7.508867 -1.982020 -0.440001
v 7.486289 -1.975455 -0.440001
v 7.461519 -1.966394 -0.440001
v 7.434732 -1.954914 -0.440001
v 7.406105 -1.941090 -0.440001
v 7.375815 -1.924998 -0.440001
v 7.344039 -1.906713 -0.440001
v 7.310951 -1.886311 -0.440001
v 7.276729 -1.863868 -0.440001
v 7.241549 -1.839458 -0.440001
v 7.205588 -1.813159 -0.440001
v 7.205588 -2.205119 -0.440001
v 8.452307 -0.829742 -0.440001
v 8.584036 -0.877716 -0.440001
v 8.709917 -0.927051 -0.440001
v 8.828540 -0.978428 -0.440001
v 8.938494 -1.032527 -0.440001
v 9.038365 -1.090028 -0.440001
v 9.126744 -1.151612 -0.440001
v 9.202219 -1.217960 -0.440001
v 9.263380 -1.289751 -0.440001
v 9.308813 -1.367667 -0.440001
v 9.337107 -1.452387 -0.440001
v 9.346853 -1.544593 -0.440001
v 9.342841 -1.610008 -0.440001
v 9.331093 -1.671718 -0.440001
v 9.312035 -1.729345 -0.440001
v 9.286097 -1.782511 -0.440001
v 9.253706 -1.830839 -0.440001
v 9.215292 -1.873949 -0.440001
v 9.171284 -1.911464 -0.440001
v 9.122108 -1.943006 -0.440001
v 9.068193 -1.968196 -0.440001
v 9.009970 -1.986658 -0.440001
v 8.947865 -1.998012 -0.440001
v 8.882307 -2.001880 -0.440001
v 8.831800 -1.999784 -0.440001
v 8.781898 -1.993580 -0.440001
v 8.732600 -1.983394 -0.440001
v 8.683908 -1.969351 -0.440001
v 8.635820 -1.951579 -0.440001
v 8.588337 -1.930202 -0.440001
v 8.541459 -1.905348 -0.440001
v 8.495186 -1.877141 -0.440001
v 8.449517 -1.845709 -0.440001
v 8.404453 -1.811176 -0.440001
v 8.359995 -1.773669 -0.440001
v 8.316142 -1.733315 -0.440001
v 8.316142 -0.782448 -0.440001
v 10.837883 -2.121680 -0.440000
v 10.996420 -2.183612 -0.440000
v 11.151730 -2.238690 -0.440000
v 11.304772 -2.287113 -0.440000
v 11.456505 -2.329085 -0.440000
v 11.607883 -2.364806 -0.440000
v 11.759867 -2.394479 -0.440000
v 11.913413 -2.418304 -0.440000
v 12.069479 -2.436484 -0.440000
v 12.229024 -2.449220 -0.440000
v 12.393004 -2.456714 -0.440000
v 12.562379 -2.459167 -0.440000
v 12.932903 -2.437475 -0.440000
v 13.284300 -2.373946 -0.440000
v 13.614071 -2.270899 -0.440000
v 13.919723 -2.130651 -0.440000
v 14.198760 -1.955523 -0.440000
v 14.448688 -1.747832 -0.440000
v 14.667010 -1.509897 -0.440000
v 14.851233 -1.244036 -0.440000
v 14.998861 -0.952570 -0.440000
v 15.107399 -0.637815 -0.440000
v 15.174351 -0.302092 -0.440000
v 15.197223 0.052282 -0.440000
v 15.173784 0.409323 -0.440000
v 15.105282 0.749201 -0.440000
v 14.994438 1.069270 -0.440000
v 14.843975 1.366882 -0.440000
v 14.656614 1.639392 -0.440000
v 14.435078 1.884153 -0.440000
v 14.182088 2.098518 -0.440000
v 13.900367 2.279843 -0.440000
v 13.592636 2.425480 -0.440000
v 13.261617 2.532782 -0.440000
v 12.910032 2.599104 -0.440000
v 12.540604 2.621800 -0.440000
v 12.398746 2.619754 -0.440001
v 12.262259 2.613298 -0.440001
v 12.129249 2.601952 -0.440001
v 11.997827 2.585239 -0.440001
v 11.866102 2.562678 -0.440001
v 11.732185 2.533790 -0.440001
v 11.594185 2.498099 -0.440001
v 11.450212 2.455123 -0.440001
v 11.298374 2.404384 -0.440001
v 11.136784 2.345404 -0.440001
v 10.963551 2.277704 -0.440001
v 10.776781 2.200805 -0.440001
v 10.776781 1.482212 -0.440001
v 10.922389 1.558871 -0.440001
v 11.068803 1.629129 -0.440001
v 11.215921 1.692935 -0.440001
v 11.363647 1.750239 -0.440001
v 11.511875 1.800990 -0.440001
v 11.660507 1.845138 -0.440001
v 11.809442 1.882632 -0.440001
v 11.958577 1.913422 -0.440001
v 12.107814 1.937457 -0.440000
v 12.257051 1.954687 -0.440000
v 12.406186 1.965063 -0.440000
v 12.555120 1.968532 -0.440000
v 12.818351 1.951773 -0.440000
v 13.069534 1.902803 -0.440000
v 13.306604 1.823589 -0.440000
v 13.527493 1.716098 -0.440000
v 13.730136 1.582294 -0.440000
v 13.912464 1.424144 -0.440000
v 14.072412 1.243613 -0.440000
v 14.207913 1.042668 -0.440000
v 14.316900 0.823274 -0.440000
v 14.397306 0.587397 -0.440000
v 14.447066 0.337003 -0.440000
v 14.464112 0.074058 -0.440000
v 14.447151 -0.194701 -0.440000
v 14.397374 -0.448287 -0.440000
v 14.316447 -0.685139 -0.440000
v 14.206032 -0.903692 -0.440000
v 14.067792 -1.102386 -0.440000
v 13.903391 -1.279657 -0.440000
v 13.714493 -1.433943 -0.440000
v 13.502761 -1.563680 -0.440000
v 13.269858 -1.667308 -0.440000
v 13.017448 -1.743262 -0.440000
v 12.747194 -1.789980 -0.440000
v 12.460759 -1.805900 -0.440000
v 12.365323 -1.804123 -0.440000
v 12.271298 -1.798944 -0.440000
v 12.178584 -1.790589 -0.440000
v 12.087080 -1.779285 -0.440000
v 11.996685 -1.765260 -0.440000
v 11.907297 -1.748739 -0.440000
v 11.818817 -1.729950 -0.440000
v 11.731144 -1.709120 -0.440000
v 11.644176 -1.686475 -0.440000
v 11.557813 -1.662242 -0.440000
v 11.471953 -1.636648 -0.440000
v 11.386497 -1.609920 -0.440000
v 11.386497 -0.593727 -0.440000
v 12.337364 -0.593727 -0.440000
v 12.337364 0.045024 -0.440000
v 10.675162 0.045024 -0.440001
v 10.675162 -2.052690 -0.440000
v -17.778252 0.117609 0.439997
v -17.792767 0.117609 0.439997
v -17.874126 0.254063 0.439997
v -17.954906 0.376933 0.439997
v -18.035133 0.486546 0.439997
v -18.114826 0.583230 0.439997
v -18.194023 0.667312 0.439997
v -18.272736 0.739120 0.439997
v -18.350994 0.798982 0.439997
v -18.428825 0.847225 0.439997
v -18.506256 0.884177 0.439997
v -18.583305 0.910166 0.439997
v -18.660004 0.925519 0.439997
v -18.736374 0.930564 0.439997
v -18.801418 0.927989 0.439997
v -18.865986 0.920247 0.439997
v -18.930202 0.907314 0.439997
v -18.994186 0.889163 0.439997
v -19.058075 0.865770 0.439997
v -19.121983 0.837110 0.439997
v -19.186047 0.803157 0.439997
v -19.250385 0.763886 0.439997
v -19.315128 0.719272 0.439997
v -19.380398 0.669290 0.439997
v -19.446327 0.613915 0.439997
v -19.513035 0.553120 0.439997
v -19.171886 -0.005786 0.439997
v -19.121777 0.040143 0.439997
v -19.069801 0.083400 0.439997
v -19.016514 0.123733 0.439997
v -18.962467 0.160891 0.439997
v -18.908218 0.194622 0.439997
v -18.854328 0.224672 0.439997
v -18.801342 0.250791 0.439997
v -18.749817 0.272726 0.439997
v -18.700310 0.290226 0.439997
v -18.653374 0.303037 0.439997
v -18.609562 0.310909 0.439997
v -18.569431 0.313589 0.439997
v -18.460846 0.304554 0.439997
v -18.357082 0.278204 0.439997
v -18.259010 0.235673 0.439997
v -18.167519 0.178097 0.439997
v -18.083488 0.106608 0.439997
v -18.007801 0.022341 0.439997
v -17.941334 -0.073570 0.439997
v -17.884979 -0.179991 0.439997
v -17.839607 -0.295787 0.439997
v -17.806110 -0.419824 0.439997
v -17.785362 -0.550969 0.439997
v -17.778252 -0.688087 0.439997
v -17.778252 -2.393841 0.439997
v -17.132240 -2.393841 0.439997
v -17.132240 0.865237 0.439997
v -17.778252 0.865237 0.439997
v -16.236435 -2.136927 0.439997
v -16.139774 -2.193693 0.439997
v -16.043011 -2.244814 0.439997
v -15.945342 -2.290339 0.439997
v -15.845956 -2.330320 0.439997
v -15.744048 -2.364806 0.439997
v -15.638816 -2.393849 0.439997
v -15.529452 -2.417498 0.439997
v -15.415147 -2.435804 0.439997
v -15.295098 -2.448817 0.439997
v -15.168494 -2.456588 0.439997
v -15.034530 -2.459167 0.439997
v -14.789922 -2.442222 0.439997
v -14.564469 -2.393168 0.439997
v -14.358579 -2.314677 0.439997
v -14.172647 -2.209420 0.439997
v -14.007079 -2.080069 0.439997
v -13.862279 -1.929295 0.439997
v -13.738647 -1.759770 0.439997
v -13.636592 -1.574165 0.439997
v -13.556512 -1.375152 0.439997
v -13.498815 -1.165403 0.439997
v -13.463899 -0.947588 0.439997
v -13.452170 -0.724380 0.439997
v -13.464976 -0.484446 0.439997
v -13.502580 -0.259028 0.439997
v -13.563773 -0.049337 0.439997
v -13.647346 0.143417 0.439997
v -13.752090 0.318025 0.439997
v -13.876796 0.473276 0.439997
v -14.020251 0.607962 0.439997
v -14.181251 0.720873 0.439997
v -14.358581 0.810798 0.439997
v -14.551034 0.876528 0.439997
v -14.757398 0.916853 0.439997
v -14.976462 0.930564 0.439997
v -15.185765 0.918298 0.439997
v -15.381228 0.881434 0.439997
v -15.562024 0.819871 0.439997
v -15.727319 0.733508 0.439997
v -15.876281 0.622244 0.439997
v -16.008083 0.485979 0.439997
v -16.121887 0.324611 0.439997
v -16.216866 0.138040 0.439997
v -16.292187 -0.073835 0.439997
v -16.347012 -0.311115 0.439997
v -16.380520 -0.573900 0.439997
v -16.391872 -0.862292 0.439997
v -14.098180 -0.862292 0.439997
v -14.129170 -1.017279 0.439997
v -14.171302 -1.159186 0.439997
v -14.224524 -1.287936 0.439997
v -14.288783 -1.403455 0.439997
v -14.364032 -1.505667 0.439997
v -14.450219 -1.594496 0.439997
v -14.547292 -1.669866 0.439997
v -14.655204 -1.731702 0.439997
v -14.773904 -1.779928 0.439997
v -14.903340 -1.814469 0.439997
v -15.043460 -1.835249 0.439997
v -15.194217 -1.842193 0.439997
v -15.291768 -1.839194 0.439997
v -15.388515 -1.830297 0.439997
v -15.484553 -1.815654 0.439997
v -15.579991 -1.795416 0.439997
v -15.674924 -1.769734 0.439997
v -15.769454 -1.738759 0.439997
v -15.863679 -1.702643 0.439997
v -15.957705 -1.661536 0.439997
v -16.051628 -1.615591 0.439997
v -16.145554 -1.564957 0.439997
v -16.239578 -1.509788 0.439997
v -16.333805 -1.450232 0.439997
v -16.333805 -2.074466 0.439997
v -15.742288 -0.314501 0.439997
v -15.720862 -0.202976 0.439997
v -15.689158 -0.099921 0.439997
v -15.647473 -0.005786 0.439997
v -15.596110 0.078972 0.439997
v -15.535371 0.153901 0.439997
v -15.465560 0.218547 0.439997
v -15.386973 0.272457 0.439997
v -15.299924 0.315177 0.439997
v -15.204703 0.346252 0.439997
v -15.101621 0.365230 0.439997
v -14.990979 0.371657 0.439997
v -14.871676 0.365647 0.439997
v -14.760589 0.347765 0.439997
v -14.657769 0.318239 0.439997
v -14.563266 0.277297 0.439997
v -14.477128 0.225164 0.439997
v -14.399409 0.162068 0.439997
v -14.330159 0.088235 0.439997
v -14.269425 0.003892 0.439997
v -14.217263 -0.090734 0.439997
v -14.173722 -0.195415 0.439997
v -14.138852 -0.309926 0.439997
v -14.112699 -0.434039 0.439997
v -15.753123 -0.434039 0.439997
v -10.701190 0.865237 0.439998
v -11.579473 -1.138116 0.439998
v -12.435979 0.865237 0.439997
v -13.125539 0.865237 0.439997
v -11.688352 -2.459167 0.439998
v -11.470595 -2.459167 0.439998
v -9.997115 0.865237 0.439998
v -7.380321 2.598151 0.439998
v -7.749225 2.529388 0.439998
v -8.090051 2.418788 0.439998
v -8.401315 2.269627 0.439998
v -8.681527 2.085181 0.439998
v -8.929204 1.868727 0.439998
v -9.142858 1.623542 0.439998
v -9.320998 1.352902 0.439998
v -9.462140 1.060083 0.439998
v -9.564797 0.748361 0.439998
v -9.627481 0.421014 0.439998
v -9.648707 0.081316 0.439998
v -9.628028 -0.249232 0.439998
v -9.566747 -0.570607 0.439998
v -9.465997 -0.879077 0.439998
v -9.326913 -1.170914 0.439998
v -9.150628 -1.442386 0.439998
v -8.938279 -1.689764 0.439998
v -8.690999 -1.909317 0.439998
v -8.409921 -2.097316 0.439998
v -8.096177 -2.250031 0.439998
v -7.750905 -2.363731 0.439998
v -7.375237 -2.434686 0.439998
v -6.970309 -2.459167 0.439998
v -6.578296 -2.434825 0.439998
v -6.212567 -2.364235 0.439998
v -5.874614 -2.251052 0.439998
v -5.565921 -2.098929 0.439998
v -5.287976 -1.911523 0.439998
v -5.042266 -1.692486 0.439998
v -4.830279 -1.445473 0.439998
v -4.653499 -1.174140 0.439998
v -4.513415 -0.882139 0.439998
v -4.411513 -0.573127 0.439998
v -4.349282 -0.250757 0.439998
v -4.328208 0.081316 0.439998
v -4.349845 0.419488 0.439998
v -4.413598 0.745841 0.439998
v -4.517724 1.057020 0.439998
v -4.660487 1.349676 0.439998
v -4.840148 1.620455 0.439998
v -5.054967 1.866006 0.439998
v -5.303206 2.082976 0.439998
v -5.583125 2.268014 0.439998
v -5.892987 2.417767 0.439998
v -6.231050 2.528884 0.439998
v -6.595576 2.598012 0.439998
v -6.984828 2.621800 0.439998
v -7.256112 -1.789421 0.439998
v -7.513457 -1.741212 0.439998
v -7.755025 -1.663111 0.439998
v -7.978976 -1.556959 0.439998
v -8.183471 -1.424596 0.439998
v -8.366668 -1.267862 0.439998
v -8.526731 -1.088596 0.439998
v -8.661815 -0.888638 0.439998
v -8.770083 -0.669827 0.439998
v -8.849696 -0.434005 0.439998
v -8.898814 -0.183011 0.439998
v -8.915595 0.081316 0.439998
v -8.898814 0.347168 0.439998
v -8.849696 0.599158 0.439998
v -8.770083 0.835522 0.439998
v -8.661815 1.054496 0.439998
v -8.526731 1.254316 0.439998
v -8.366668 1.433217 0.439998
v -8.183471 1.589434 0.439998
v -7.978976 1.721205 0.439998
v -7.755025 1.826764 0.439998
v -7.513457 1.904348 0.439998
v -7.256112 1.952193 0.439998
v -6.984828 1.968532 0.439998
v -6.715213 1.952192 0.439998
v -6.459256 1.904348 0.439998
v -6.218827 1.826764 0.439998
v -5.995786 1.721205 0.439998
v -5.792001 1.589434 0.439998
v -5.609336 1.433216 0.439998
v -5.449656 1.254315 0.439998
v -5.314828 1.054496 0.439998
v -5.206716 0.835522 0.439998
v -5.127181 0.599158 0.439998
v -5.078094 0.347168 0.439998
v -5.061318 0.081316 0.439998
v -5.078094 -0.183011 0.439998
v -5.127181 -0.434005 0.439998
v -5.206716 -0.669828 0.439998
v -5.314828 -0.888638 0.439998
v -5.449656 -1.088596 0.439998
v -5.609336 -1.267862 0.439998
v -5.792001 -1.424597 0.439998
v -5.995786 -1.556960 0.439998
v -6.218827 -1.663111 0.439998
v -6.459256 -1.741212 0.439998
v -6.715213 -1.789421 0.439998
v -6.984828 -1.805900 0.439998
v -1.588737 -2.136927 0.439998
v -1.492074 -2.193693 0.439999
v -1.395310 -2.244814 0.439999
v -1.297639 -2.290339 0.439999
v -1.198255 -2.330320 0.439999
v -1.096351 -2.364806 0.439999
v -0.991118 -2.393849 0.439999
v -0.881753 -2.417498 0.439999
v -0.767447 -2.435804 0.439999
v -0.647397 -2.448817 0.439999
v -0.520791 -2.456588 0.439999
v -0.386828 -2.459167 0.439999
v -0.142222 -2.442222 0.439999
v 0.083228 -2.393168 0.439999
v 0.289121 -2.314677 0.439999
v 0.475053 -2.209420 0.439999
v 0.640621 -2.080069 0.439999
v 0.785421 -1.929295 0.439999
v 0.909052 -1.759770 0.439999
v 1.011108 -1.574165 0.439999
v 1.091187 -1.375152 0.439999
v 1.148887 -1.165403 0.439999
v 1.183802 -0.947588 0.439999
v 1.195530 -0.724380 0.439999
v 1.182723 -0.484446 0.439999
v 1.145120 -0.259028 0.439999
v 1.083926 -0.049337 0.439999
v 1.000353 0.143417 0.439999
v 0.895609 0.318025 0.439999
v 0.770904 0.473276 0.439999
v 0.627447 0.607962 0.439999
v 0.466449 0.720873 0.439999
v 0.289119 0.810798 0.439999
v 0.096668 0.876528 0.439999
v -0.109695 0.916853 0.439998
v -0.328761 0.930564 0.439998
v -0.538058 0.918298 0.439998
v -0.733523 0.881434 0.439998
v -0.914319 0.819871 0.439998
v -1.079614 0.733508 0.439998
v -1.228578 0.622244 0.439998
v -1.360377 0.485979 0.439998
v -1.474183 0.324611 0.439998
v -1.569161 0.138040 0.439998
v -1.644481 -0.073835 0.439998
v -1.699311 -0.311115 0.439998
v -1.732818 -0.573900 0.439998
v -1.744172 -0.862292 0.439998
v 0.549521 -0.862292 0.439999
v 0.518530 -1.017279 0.439999
v 0.476399 -1.159186 0.439999
v 0.423180 -1.287936 0.439999
v 0.358920 -1.403455 0.439999
v 0.283671 -1.505667 0.439999
v 0.197484 -1.594496 0.439999
v 0.100410 -1.669866 0.439999
v -0.007502 -1.731702 0.439999
v -0.126202 -1.779928 0.439999
v -0.255637 -1.814469 0.439999
v -0.395760 -1.835249 0.439999
v -0.546515 -1.842193 0.439999
v -0.644069 -1.839194 0.439999
v -0.740815 -1.830297 0.439999
v -0.836858 -1.815654 0.439999
v -0.932292 -1.795416 0.439999
v -1.027225 -1.769734 0.439999
v -1.121753 -1.738759 0.439999
v -1.215980 -1.702643 0.439999
v -1.310004 -1.661536 0.439998
v -1.403930 -1.615591 0.439998
v -1.497853 -1.564957 0.439998
v -1.591880 -1.509788 0.439998
v -1.686105 -1.450232 0.439998
v -1.686105 -2.074466 0.439998
v -1.094583 -0.314501 0.439998
v -1.073161 -0.202976 0.439998
v -1.041455 -0.099921 0.439998
v -0.999768 -0.005786 0.439998
v -0.948405 0.078972 0.439998
v -0.887666 0.153901 0.439998
v -0.817853 0.218547 0.439998
v -0.739270 0.272457 0.439998
v -0.652217 0.315177 0.439998
v -0.557000 0.346252 0.439998
v -0.453919 0.365230 0.439998
v -0.343277 0.371657 0.439998
v -0.223971 0.365647 0.439999
v -0.112885 0.347765 0.439999
v -0.010065 0.318239 0.439999
v 0.084438 0.277297 0.439999
v 0.170573 0.225164 0.439999
v 0.248292 0.162068 0.439999
v 0.317542 0.088235 0.439999
v 0.378273 0.003892 0.439999
v 0.430435 -0.090734 0.439999
v 0.473978 -0.195415 0.439999
v 0.508851 -0.309926 0.439999
v 0.535004 -0.434039 0.439999
v -1.105422 -0.434039 0.439998
v 6.015190 0.436984 0.439999
v 5.932162 0.516836 0.439999
v 5.849992 0.589480 0.439999
v 5.768627 0.654967 0.439999
v 5.688019 0.713346 0.439999
v 5.608116 0.764668 0.439999
v 5.528870 0.808983 0.439999
v 5.450227 0.846343 0.439999
v 5.372139 0.876797 0.439999
v 5.294555 0.900395 0.439999
v 5.217424 0.917189 0.439999
v 5.140697 0.927228 0.439999
v 5.064322 0.930564 0.439999
v 4.962431 0.926342 0.439999
v 4.863739 0.913728 0.439999
v 4.768424 0.892797 0.439999
v 4.676663 0.863624 0.439999
v 4.588634 0.826285 0.439999
v 4.504510 0.780856 0.439999
v 4.424468 0.727413 0.439999
v 4.348686 0.666031 0.439999
v 4.277341 0.596785 0.439999
v 4.210607 0.519751 0.439999
v 4.148661 0.435005 0.439999
v 4.091681 0.342623 0.439999
v 4.019663 0.421282 0.439999
v 3.944998 0.497068 0.439999
v 3.867460 0.569225 0.439999
v 3.786822 0.636997 0.439999
v 3.702858 0.699627 0.439999
v 3.615340 0.756359 0.439999
v 3.524041 0.806438 0.439999
v 3.428736 0.849107 0.439999
v 3.329196 0.883610 0.439999
v 3.225195 0.909191 0.439999
v 3.116506 0.925095 0.439999
v 3.002903 0.930564 0.439999
v 2.842866 0.920121 0.439999
v 2.693440 0.889365 0.439999
v 2.555255 0.839152 0.439999
v 2.428941 0.770339 0.439999
v 2.315127 0.683782 0.439999
v 2.214445 0.580340 0.439999
v 2.127523 0.460868 0.439999
v 2.054993 0.326224 0.439999
v 1.997483 0.177265 0.439999
v 1.955625 0.014847 0.439999
v 1.930048 -0.160173 0.439999
v 1.921382 -0.346937 0.439999
v 1.921382 -2.393841 0.439999
v 2.567390 -2.393841 0.439999
v 2.567390 -0.375971 0.439999
v 2.573604 -0.257289 0.439999
v 2.591687 -0.148134 0.439999
v 2.620809 -0.048657 0.439999
v 2.660139 0.040991 0.439999
v 2.708844 0.120659 0.439999
v 2.766092 0.190194 0.439999
v 2.831054 0.249447 0.439999
v 2.902896 0.298265 0.439999
v 2.980786 0.336499 0.439999
v 3.063894 0.363996 0.439999
v 3.151387 0.380605 0.439999
v 3.242434 0.386174 0.439999
v 3.296499 0.384133 0.439999
v 3.353160 0.374681 0.439999
v 3.411988 0.358274 0.439999
v 3.472555 0.335364 0.439999
v 3.534433 0.306406 0.439999
v 3.597193 0.271852 0.439999
v 3.660407 0.232157 0.439999
v 3.723646 0.187774 0.439999
v 3.786483 0.139158 0.439999
v 3.848486 0.086760 0.439999
v 3.909230 0.031036 0.439999
v 3.968286 -0.027562 0.439999
v 3.968286 -2.393841 0.439999
v 4.614294 -2.393841 0.439999
v 4.614294 -0.368712 0.439999
v 4.619763 -0.242549 0.439999
v 4.635667 -0.128811 0.439999
v 4.661248 -0.027221 0.439999
v 4.695751 0.062498 0.439999
v 4.738420 0.140624 0.439999
v 4.788499 0.207433 0.439999
v 4.845231 0.263204 0.439999
v 4.907862 0.308213 0.439999
v 4.975633 0.342736 0.439999
v 5.047790 0.367054 0.439999
v 5.123576 0.381440 0.439999
v 5.202235 0.386174 0.439999
v 5.281717 0.383995 0.439999
v 5.357218 0.377202 0.439999
v 5.429291 0.365420 0.439999
v 5.498490 0.348269 0.439999
v 5.565372 0.325372 0.439999
v 5.630488 0.296350 0.439999
v 5.694395 0.260826 0.439999
v 5.757647 0.218422 0.439999
v 5.820798 0.168759 0.439999
v 5.884402 0.111459 0.439999
v 5.949015 0.046145 0.439999
v 6.015190 -0.027562 0.439999
v 6.015190 -2.393841 0.439999
v 6.661199 -2.393841 0.439999
v 6.661199 0.865237 0.439999
v 6.015190 0.865237 0.439999
v 7.276505 -2.251287 0.439999
v 7.341046 -2.291986 0.439999
v 7.400093 -2.327493 0.439999
v 7.454528 -2.358086 0.439999
v 7.505233 -2.384041 0.439999
v 7.553089 -2.405636 0.439999
v 7.598980 -2.423148 0.439999
v 7.643787 -2.436854 0.439999
v 7.688393 -2.447032 0.439999
v 7.733679 -2.453959 0.439999
v 7.780527 -2.457911 0.439999
v 7.829821 -2.459167 0.439999
v 7.897890 -2.457033 0.439999
v 7.960642 -2.450565 0.439999
v 8.018202 -2.439660 0.439999
v 8.070697 -2.424219 0.439999
v 8.118251 -2.404140 0.439999
v 8.160992 -2.379323 0.439999
v 8.199044 -2.349668 0.439999
v 8.232534 -2.315072 0.439999
v 8.261591 -2.275436 0.439999
v 8.286335 -2.230658 0.439999
v 8.306897 -2.180638 0.439999
v 8.323400 -2.125275 0.439999
v 8.394466 -2.179113 0.439999
v 8.466085 -2.228138 0.439999
v 8.538208 -2.272374 0.439999
v 8.610785 -2.311846 0.439999
v 8.683765 -2.346580 0.439999
v 8.757097 -2.376601 0.439999
v 8.830733 -2.401935 0.439999
v 8.904621 -2.422606 0.439999
v 8.978710 -2.438639 0.439999
v 9.052950 -2.450061 0.439999
v 9.127291 -2.456895 0.439999
v 9.201682 -2.459167 0.439999
v 9.318028 -2.451497 0.439999
v 9.427166 -2.429260 0.439999
v 9.528543 -2.393614 0.439999
v 9.621601 -2.345719 0.439999
v 9.705788 -2.286735 0.439999
v 9.780549 -2.217821 0.439999
v 9.845329 -2.140137 0.439999
v 9.899575 -2.054841 0.439999
v 9.942732 -1.963092 0.439999
v 9.974244 -1.866052 0.439999
v 9.993559 -1.764878 0.439999
v 10.000120 -1.660730 0.439999
v 9.988249 -1.508347 0.439999
v 9.954149 -1.373178 0.439999
v 9.900088 -1.253685 0.439999
v 9.828335 -1.148332 0.439999
v 9.741157 -1.055580 0.439999
v 9.640823 -0.973892 0.439999
v 9.529601 -0.901731 0.439999
v 9.409760 -0.837559 0.439999
v 9.283567 -0.779840 0.439999
v 9.153292 -0.727035 0.439999
v 9.021202 -0.677607 0.439999
v 8.889565 -0.630019 0.439999
v 8.316142 -0.426780 0.439999
v 8.316142 -0.252576 0.439999
v 8.320227 -0.155905 0.439999
v 8.332475 -0.068962 0.439999
v 8.352890 0.008504 0.439999
v 8.381470 0.076746 0.439999
v 8.418216 0.136016 0.439999
v 8.463127 0.186565 0.439999
v 8.516206 0.228646 0.439999
v 8.577450 0.262511 0.439999
v 8.646859 0.288411 0.439999
v 8.724434 0.306599 0.439999
v 8.810176 0.317327 0.439999
v 8.904083 0.320848 0.439999
v 8.993116 0.317349 0.439999
v 9.082253 0.306768 0.439999
v 9.171288 0.288978 0.439999
v 9.260019 0.263855 0.439999
v 9.348248 0.231271 0.439999
v 9.435770 0.191102 0.439999
v 9.522385 0.143219 0.439999
v 9.607891 0.087499 0.439999
v 9.692086 0.023815 0.439999
v 9.774769 -0.047960 0.439999
v 9.855739 -0.127950 0.439999
v 9.934793 -0.216283 0.439999
v 9.934793 0.487793 0.439999
v 9.869156 0.559022 0.439999
v 9.799233 0.623924 0.439999
v 9.724977 0.682526 0.439999
v 9.646334 0.734852 0.439999
v 9.563255 0.780928 0.439999
v 9.475691 0.820778 0.439999
v 9.383591 0.854429 0.439999
v 9.286902 0.881905 0.439999
v 9.185577 0.903231 0.439999
v 9.079564 0.918433 0.439999
v 8.968813 0.927535 0.439999
v 8.853273 0.930564 0.439999
v 8.691238 0.923565 0.439999
v 8.536285 0.902403 0.439999
v 8.389750 0.866825 0.439999
v 8.252968 0.816578 0.439999
v 8.127275 0.751411 0.439999
v 8.014008 0.671072 0.439999
v 7.914501 0.575308 0.439999
v 7.830091 0.463867 0.439999
v 7.762113 0.336499 0.439999
v 7.711904 0.192950 0.439999
v 7.680799 0.032968 0.439999
v 7.670134 -0.143698 0.439999
v 7.670134 -1.820417 0.439999
v 7.669230 -1.849623 0.439999
v 7.666537 -1.875629 0.439999
v 7.662079 -1.898560 0.439999
v 7.655884 -1.918542 0.439999
v 7.647974 -1.935701 0.439999
v 7.638376 -1.950163 0.439999
v 7.627114 -1.962055 0.439999
v 7.614214 -1.971502 0.439999
v 7.599702 -1.978630 0.439999
v 7.583602 -1.983566 0.439999
v 7.565939 -1.986435 0.439999
v 7.546738 -1.987363 0.439999
v 7.529076 -1.986015 0.439999
v 7.508867 -1.982020 0.439999
v 7.486289 -1.975455 0.439999
v 7.461519 -1.966394 0.439999
v 7.434732 -1.954914 0.439999
v 7.406105 -1.941090 0.439999
v 7.375815 -1.924998 0.439999
v 7.344039 -1.906713 0.439999
v 7.310951 -1.886311 0.439999
v 7.276729 -1.863868 0.439999
v 7.241549 -1.839458 0.439999
v 7.205588 -1.813159 0.439999
v 7.205588 -2.205119 0.439999
v 8.452307 -0.829742 0.439999
v 8.584036 -0.877716 0.439999
v 8.709917 -0.927051 0.439999
v 8.828540 -0.978428 0.439999
v 8.938494 -1.032527 0.439999
v 9.038365 -1.090028 0.439999
v 9.126744 -1.151612 0.439999
v 9.202219 -1.217960 0.439999
v 9.263380 -1.289751 0.439999
v 9.308813 -1.367667 0.439999
v 9.337107 -1.452387 0.439999
v 9.346853 -1.544593 0.439999
v 9.342841 -1.610008 0.439999
v 9.331093 -1.671718 0.439999
v 9.312035 -1.729345 0.439999
v 9.286097 -1.782511 0.439999
v 9.253706 -1.830839 0.439999
v 9.215292 -1.873949 0.439999
v 9.171284 -1.911464 0.439999
v 9.122108 -1.943006 0.439999
v 9.068193 -1.968196 0.439999
v 9.009970 -1.986658 0.439999
v 8.947865 -1.998012 0.439999
v 8.882307 -2.001880 0.439999
v 8.831800 -1.999784 0.439999
v 8.781898 -1.993580 0.439999
v 8.732600 -1.983394 0.439999
v 8.683908 -1.969351 0.439999
v 8.635820 -1.951579 0.439999
v 8.588337 -1.930202 0.439999
v 8.541459 -1.905348 0.439999
v 8.495186 -1.877141 0.439999
v 8.449517 -1.845709 0.439999
v 8.404453 -1.811176 0.439999
v 8.359995 -1.773669 0.439999
v 8.316142 -1.733315 0.439999
v 8.316142 -0.782448 0.439999
v 10.837883 -2.121680 0.440000
v 10.996420 -2.183612 0.440000
v 11.151730 -2.238690 0.440000
v 11.304772 -2.287113 0.440000
v 11.456505 -2.329085 0.440000
v 11.607883 -2.364806 0.440000
v 11.759867 -2.394479 0.440000
v 11.913413 -2.418304 0.440000
v 12.069479 -2.436484 0.440000
v 12.229024 -2.449220 0.440000
v 12.393004 -2.456714 0.440000
v 12.562379 -2.459167 0.440000
v 12.932903 -2.437475 0.440000
v 13.284300 -2.373946 0.440000
v 13.614071 -2.270899 0.440000
v 13.919723 -2.130651 0.440000
v 14.198760 -1.955523 0.440000
v 14.448688 -1.747832 0.440000
v 14.667010 -1.509897 0.440000
v 14.851233 -1.244036 0.440000
v 14.998861 -0.952570 0.440000
v 15.107399 -0.637815 0.440000
v 15.174351 -0.302092 0.440000
v 15.197223 0.052282 0.440000
v 15.173784 0.409323 0.440000
v 15.105282 0.749201 0.440000
v 14.994438 1.069270 0.440000
v 14.843975 1.366882 0.440000
v 14.656614 1.639392 0.440000
v 14.435078 1.884153 0.440000
v 14.182088 2.098518 0.440000
v 13.900367 2.279843 0.440000
v 13.592636 2.425480 0.440000
v 13.261617 2.532782 0.440000
v 12.910032 2.599104 0.440000
v 12.540604 2.621800 0.440000
v 12.398746 2.619754 0.439999
v 12.262259 2.613298 0.439999
v 12.129249 2.601952 0.439999
v 11.997827 2.585239 0.439999
v 11.866102 2.562678 0.439999
v 11.732185 2.533790 0.439999
v 11.594185 2.498099 0.439999
v 11.450212 2.455123 0.439999
v 11.298374 2.404384 0.439999
v 11.136784 2.345404 0.439999
v 10.963551 2.277704 0.439999
v 10.776781 2.200805 0.439999
v 10.776781 1.482212 0.439999
v 10.922389 1.558871 0.439999
v 11.068803 1.629129 0.439999
v 11.215921 1.692935 0.439999
v 11.363647 1.750239 0.439999
v 11.511875 1.800990 0.439999
v 11.660507 1.845138 0.439999
v 11.809442 1.882632 0.439999
v 11.958577 1.913422 0.439999
v 12.107814 1.937457 0.440000
v 12.257051 1.954687 0.440000
v 12.406186 1.965063 0.440000
v 12.555120 1.968532 0.440000
v 12.818351 1.951773 0.440000
v 13.069534 1.902803 0.440000
v 13.306604 1.823589 0.440000
v 13.527493 1.716098 0.440000
v 13.730136 1.582294 0.440000
v 13.912464 1.424144 0.440000
v 14.072412 1.243613 0.440000
v 14.207913 1.042668 0.440000
v 14.316900 0.823274 0.440000
v 14.397306 0.587397 0.440000
v 14.447066 0.337003 0.440000
v 14.464112 0.074058 0.440000
v 14.447151 -0.194701 0.440000
v 14.397374 -0.448287 0.440000
v 14.316447 -0.685139 0.440000
v 14.206032 -0.903692 0.440000
v 14.067792 -1.102386 0.440000
v 13.903391 -1.279657 0.440000
v 13.714493 -1.433943 0.440000
v 13.502761 -1.563680 0.440000
v 13.269858 -1.667308 0.440000
v 13.017448 -1.743262 0.440000
v 12.747194 -1.789980 0.440000
v 12.460759 -1.805900 0.440000
v 12.365323 -1.804123 0.440000
v 12.271298 -1.798944 0.440000
v 12.178584 -1.790589 0.440000
v 12.087080 -1.779285 0.440000
v 11.996685 -1.765260 0.440000
v 11.907297 -1.748739 0.440000
v 11.818817 -1.729950 0.440000
v 11.731144 -1.709120 0.440000
v 11.644176 -1.686475 0.440000
v 11.557813 -1.662242 0.440000
v 11.471953 -1.636648 0.440000
v 11.386497 -1.609920 0.440000
v 11.386497 -0.593727 0.440000
v 12.337364 -0.593727 0.440000
v 12.337364 0.045024 0.440000
v 10.675162 0.045024 0.439999
v 10.675162 -2.052690 0.440000
v 10.837883 -2.121680 0.440000
v 10.837883 -2.121680 -0.440000
v 10.996420 -2.183612 0.440000
v 10.996420 -2.183612 -0.440000
v 11.151730 -2.238690 0.440000
v 11.151730 -2.238690 -0.440000
v 11.304772 -2.287113 0.440000
v 11.304772 -2.287113 -0.440000
v 11.456505 -2.329085 0.440000
v 11.456505 -2.329085 -0.440000
v 11.607883 -2.364806 0.440000
v 11.607883 -2.364806 -0.440000
v 11.759867 -2.394479 0.440000
v 11.759867 -2.394479 -0.440000
v 11.913413 -2.418304 0.440000
v 11.913413 -2.418304 -0.440000
v 12.069479 -2.436484 0.440000
v 12.069479 -2.436484 -0.440000
v 12.229024 -2.449220 0.440000
v 12.229024 -2.449220 -0.440000
v 12.393004 -2.456714 0.440000
v 12.393004 -2.456714 -0.440000
v 12.562379 -2.459167 0.440000
v 12.562379 -2.459167 -0.440000
v 12.932903 -2.437475 0.440000
v 12.932903 -2.437475 -0.440000
v 13.284300 -2.373946 0.440000
v 13.284300 -2.373946 -0.440000
v 13.614071 -2.270899 0.440000
v 13.614071 -2.270899 -0.440000
v 13.919723 -2.130651 0.440000
v 13.919723 -2.130651 -0.440000
v 14.198760 -1.955523 0.440000
v 14.198760 -1.955523 -0.440000
v 14.448688 -1.747832 0.440000
v 14.448688 -1.747832 -0.440000
v 14.667010 -1.509897 0.440000
v 14.667010 -1.509897 -0.440000
v 14.851233 -1.244036 0.440000
v 14.851233 -1.244036 -0.440000
v 14.998861 -0.952570 0.440000
v 14.998861 -0.952570 -0.440000
v 15.107399 -0.637815 0.440000
v 15.107399 -0.637815 -0.440000
v 15.174351 -0.302092 0.440000
v 15.174351 -0.302092 -0.440000
v 15.197223 0.052282 0.440000
v 15.197223 0.052282 -0.440000
v 15.173784 0.409323 0.440000
v 15.173784 0.409323 -0.440000
v 15.105282 0.749201 0.440000
v 15.105282 0.749201 -0.440000
v 14.994438 1.069270 0.440000
v 14.994438 1.069270 -0.440000
v 14.843975 1.366882 0.440000
v 14.843975 1.366882 -0.440000
v 14.656614 1.639392 0.440000
v 14.656614 1.639392 -0.440000
v 14.435078 1.884153 0.440000
v 14.435078 1.884153 -0.440000
v 14.182088 2.098518 0.440000
v 14.182088 2.098518 -0.440000
v 13.900367 2.279843 0.440000
v 13.900367 2.279843 -0.440000
v 13.592636 2.425480 0.440000
v 13.592636 2.425480 -0.440000
v 13.261617 2.532782 0.440000
v 13.261617 2.532782 -0.440000
v 12.910032 2.599104 0.440000
v 12.910032 2.599104 -0.440000
v 12.540604 2.621800 0.440000
v 12.540604 2.621800 -0.440000
v 12.398746 2.619754 0.439999
v 12.398746 2.619754 -0.440001
v 12.262259 2.613298 0.439999
v 12.262259 2.613298 -0.440001
v 12.129249 2.601952 0.439999
v 12.129249 2.601952 -0.440001
v 11.997827 2.585239 0.439999
v 11.997827 2.585239 -0.440001
v 11.866102 2.562678 0.439999
v 11.866102 2.562678 -0.440001
v 11.732185 2.533790 0.439999
v 11.732185 2.533790 -0.440001
v 11.594185 2.498099 0.439999
v 11.594185 2.498099 -0.440001
v 11.450212 2.455123 0.439999
v 11.450212 2.455123 -0.440001
v 11.298374 2.404384 0.439999
v 11.298374 2.404384 -0.440001
v 11.136784 2.345404 0.439999
v 11.136784 2.345404 -0.440001
v 10.963551 2.277704 0.439999
v 10.963551 2.277704 -0.440001
v 10.776781 2.200805 0.439999
v 10.776781 2.200805 -0.440001
v 10.776781 1.482212 0.439999
v 10.776781 1.482212 -0.440001
v 10.922389 1.558871 0.439999
v 10.922389 1.558871 -0.440001
v 11.068803 1.629129 0.439999
v 11.068803 1.629129 -0.440001
v 11.215921 1.692935 0.439999
v 11.215921 1.692935 -0.440001
v 11.363647 1.750239 0.439999
v 11.363647 1.750239 -0.440001
v 11.511875 1.800990 0.439999
v 11.511875 1.800990 -0.440001
v 11.660507 1.845138 0.439999
v 11.660507 1.845138 -0.440001
v 11.809442 1.882632 0.439999
v 11.809442 1.882632 -0.440001
v 11.958577 1.913422 0.439999
v 11.958577 1.913422 -0.440001
v 12.107814 1.937457 0.440000
v 12.107814 1.937457 -0.440000
v 12.257051 1.954687 0.440000
v 12.257051 1.954687 -0.440000
v 12.406186 1.965063 0.440000
v 12.406186 1.965063 -0.440000
v 12.555120 1.968532 0.440000
v 12.555120 1.968532 -0.440000
v 12.818351 1.951773 0.440000
v 12.818351 1.951773 -0.440000
v 13.069534 1.902803 0.440000
v 13.069534 1.902803 -0.440000
v 13.306604 1.823589 0.440000
v 13.306604 1.823589 -0.440000
v 13.527493 1.716098 0.440000
v 13.527493 1.716098 -0.440000
v 13.730136 1.582294 0.440000
v 13.730136 1.582294 -0.440000
v 13.912464 1.424144 0.440000
v 13.912464 1.424144 -0.440000
v 14.072412 1.243613 0.440000
v 14.072412 1.243613 -0.440000
v 14.207913 1.042668 0.440000
v 14.207913 1.042668 -0.440000
v 14.316900 0.823274 0.440000
v 14.316900 0.823274 -0.440000
v 14.397306 0.587397 0.440000
v 14.397306 0.587397 -0.440000
v 14.447066 0.337003 0.440000
v 14.447066 0.337003 -0.440000
v 14.464112 0.074058 0.440000
v 14.464112 0.074058 -0.440000
v 14.447151 -0.194701 0.440000
v 14.447151 -0.194701 -0.440000
v 14.397374 -0.448287 0.440000
v 14.397374 -0.448287 -0.440000
v 14.316447 -0.685139 0.440000
v 14.316447 -0.685139 -0.440000
v 14.206032 -0.903692 0.440000
v 14.206032 -0.903692 -0.440000
v 14.067792 -1.102386 0.440000
v 14.067792 -1.102386 -0.440000
v 13.903391 -1.279657 0.440000
v 13.903391 -1.279657 -0.440000
v 13.714493 -1.433943 0.440000
v 13.714493 -1.433943 -0.440000
v 13.502761 -1.563680 0.440000
v 13.502761 -1.563680 -0.440000
v 13.269858 -1.667308 0.440000
v 13.269858 -1.667308 -0.440000
v 13.017448 -1.743262 0.440000
v 13.017448 -1.743262 -0.440000
v 12.747194 -1.789980 0.440000
v 12.747194 -1.789980 -0.440000
v 12.460759 -1.805900 0.440000
v 12.460759 -1.805900 -0.440000
v 12.365323 -1.804123 0.440000
v 12.365323 -1.804123 -0.440000
v 12.271298 -1.798944 0.440000
v 12.271298 -1.798944 -0.440000
v 12.178584 -1.790589 0.440000
v 12.178584 -1.790589 -0.440000
v 12.087080 -1.779285 0.440000
v 12.087080 -1.779285 -0.440000
v 11.996685 -1.765260 0.440000
v 11.996685 -1.765260 -0.440000
v 11.907297 -1.748739 0.440000
v 11.907297 -1.748739 -0.440000
v 11.818817 -1.729950 0.440000
v 11.818817 -1.729950 -0.440000
v 11.731144 -1.709120 0.440000
v 11.731144 -1.709120 -0.440000
v 11.644176 -1.686475 0.440000
v 11.644176 -1.686475 -0.440000
v 11.557813 -1.662242 0.440000
v 11.557813 -1.662242 -0.440000
v 11.471953 -1.636648 0.440000
v 11.471953 -1.636648 -0.440000
v 11.386497 -1.609920 0.440000
v 11.386497 -1.609920 -0.440000
v 11.386497 -0.593727 0.440000
v 11.386497 -0.593727 -0.440000
v 12.337364 -0.593727 0.440000
v 12.337364 -0.593727 -0.440000
v 12.337364 0.045024 0.440000
v 12.337364 0.045024 -0.440000
v 10.675162 0.045024 0.439999
v 10.675162 0.045024 -0.440001
v 10.675162 -2.052690 0.440000
v 10.675162 -2.052690 -0.440000
v 7.276505 -2.251287 0.439999
v 7.276505 -2.251287 -0.440001
v 7.341046 -2.291986 0.439999
v 7.341046 -2.291986 -0.440001
v 7.400093 -2.327493 0.439999
v 7.400093 -2.327493 -0.440001
v 7.454528 -2.358086 0.439999
v 7.454528 -2.358086 -0.440001
v 7.505233 -2.384041 0.439999
v 7.505233 -2.384041 -0.440001
v 7.553089 -2.405636 0.439999
v 7.553089 -2.405636 -0.440001
v 7.598980 -2.423148 0.439999
v 7.598980 -2.423148 -0.440001
v 7.643787 -2.436854 0.439999
v 7.643787 -2.436854 -0.440001
v 7.688393 -2.447032 0.439999
v 7.688393 -2.447032 -0.440001
v 7.733679 -2.453959 0.439999
v 7.733679 -2.453959 -0.440001
v 7.780527 -2.457911 0.439999
v 7.780527 -2.457911 -0.440001
v 7.829821 -2.459167 0.439999
v 7.829821 -2.459167 -0.440001
v 7.897890 -2.457033 0.439999
v 7.897890 -2.457033 -0.440001
v 7.960642 -2.450565 0.439999
v 7.960642 -2.450565 -0.440001
v 8.018202 -2.439660 0.439999
v 8.018202 -2.439660 -0.440001
v 8.070697 -2.424219 0.439999
v 8.070697 -2.424219 -0.440001
v 8.118251 -2.404140 0.439999
v 8.118251 -2.404140 -0.440001
v 8.160992 -2.379323 0.439999
v 8.160992 -2.379323 -0.440001
v 8.199044 -2.349668 0.439999
v 8.199044 -2.349668 -0.440001
v 8.232534 -2.315072 0.439999
v 8.232534 -2.315072 -0.440001
v 8.261591 -2.275436 0.439999
v 8.261591 -2.275436 -0.440001
v 8.286335 -2.230658 0.439999
v 8.286335 -2.230658 -0.440001
v 8.306897 -2.180638 0.439999
v 8.306897 -2.180638 -0.440001
v 8.323400 -2.125275 0.439999
v 8.323400 -2.125275 -0.440001
v 8.394466 -2.179113 0.439999
v 8.394466 -2.179113 -0.440001
v 8.466085 -2.228138 0.439999
v 8.466085 -2.228138 -0.440001
v 8.538208 -2.272374 0.439999
v 8.538208 -2.272374 -0.440001
v 8.610785 -2.311846 0.439999
v 8.610785 -2.311846 -0.440001
v 8.683765 -2.346580 0.439999
v 8.683765 -2.346580 -0.440001
v 8.757097 -2.376601 0.439999
v 8.757097 -2.376602 -0.440001
v 8.830733 -2.401935 0.439999
v 8.830733 -2.401935 -0.440001
v 8.904621 -2.422606 0.439999
v 8.904621 -2.422606 -0.440001
v 8.978710 -2.438639 0.439999
v 8.978710 -2.438639 -0.440001
v 9.052950 -2.450061 0.439999
v 9.052950 -2.450061 -0.440001
v 9.127291 -2.456895 0.439999
v 9.127291 -2.456895 -0.440001
v 9.201682 -2.459167 0.439999
v 9.201682 -2.459167 -0.440001
v 9.318028 -2.451497 0.439999
v 9.318028 -2.451497 -0.440001
v 9.427166 -2.429260 0.439999
v 9.427166 -2.429260 -0.440001
v 9.528543 -2.393614 0.439999
v 9.528543 -2.393614 -0.440001
v 9.621601 -2.345719 0.439999
v 9.621601 -2.345719 -0.440001
v 9.705788 -2.286735 0.439999
v 9.705788 -2.286735 -0.440001
v 9.780549 -2.217821 0.439999
v 9.780549 -2.217821 -0.440001
v 9.845329 -2.140137 0.439999
v 9.845329 -2.140137 -0.440001
v 9.899575 -2.054841 0.439999
v 9.899575 -2.054841 -0.440001
v 9.942732 -1.963092 0.439999
v 9.942732 -1.963093 -0.440001
v 9.974244 -1.866052 0.439999
v 9.974244 -1.866052 -0.440001
v 9.993559 -1.764878 0.439999
v 9.993559 -1.764878 -0.440001
v 10.000120 -1.660730 0.439999
v 10.000120 -1.660730 -0.440001
v 9.988249 -1.508347 0.439999
v 9.988249 -1.508347 -0.440001
v 9.954149 -1.373178 0.439999
v 9.954149 -1.373178 -0.440001
v 9.900088 -1.253685 0.439999
v 9.900088 -1.253685 -0.440001
v 9.828335 -1.148332 0.439999
v 9.828335 -1.148332 -0.440001
v 9.741157 -1.055580 0.439999
v 9.741157 -1.055580 -0.440001
v 9.640823 -0.973892 0.439999
v 9.640823 -0.973892 -0.440001
v 9.529601 -0.901731 0.439999
v 9.529601 -0.901731 -0.440001
v 9.409760 -0.837559 0.439999
v 9.409760 -0.837559 -0.440001
v 9.283567 -0.779840 0.439999
v 9.283567 -0.779840 -0.440001
v 9.153292 -0.727035 0.439999
v 9.153292 -0.727035 -0.440001
v 9.021202 -0.677607 0.439999
v 9.021202 -0.677607 -0.440001
v 8.889565 -0.630019 0.439999
v 8.889565 -0.630019 -0.440001
v 8.316142 -0.426780 0.439999
v 8.316142 -0.426780 -0.440001
v 8.316142 -0.252576 0.439999
v 8.316142 -0.252576 -0.440001
v 8.320227 -0.155905 0.439999
v 8.320227 -0.155905 -0.440001
v 8.332475 -0.068962 0.439999
v 8.332475 -0.068962 -0.440001
v 8.352890 0.008504 0.439999
v 8.352890 0.008504 -0.440001
v 8.381470 0.076746 0.439999
v 8.381470 0.076746 -0.440001
v 8.418216 0.136016 0.439999
v 8.418216 0.136016 -0.440001
v 8.463127 0.186565 0.439999
v 8.463127 0.186565 -0.440001
v 8.516206 0.228646 0.439999
v 8.516206 0.228646 -0.440001
v 8.577450 0.262511 0.439999
v 8.577450 0.262511 -0.440001
v 8.646859 0.288411 0.439999
v 8.646859 0.288411 -0.440001
v 8.724434 0.306599 0.439999
v 8.724434 0.306599 -0.440001
v 8.810176 0.317327 0.439999
v 8.810176 0.317327 -0.440001
v 8.904083 0.320848 0.439999
v 8.904083 0.320848 -0.440001
v 8.993116 0.317349 0.439999
v 8.993116 0.317349 -0.440001
v 9.082253 0.306768 0.439999
v 9.082253 0.306768 -0.440001
v 9.171288 0.288978 0.439999
v 9.171288 0.288978 -0.440001
v 9.260019 0.263855 0.439999
v 9.260019 0.263855 -0.440001
v 9.348248 0.231271 0.439999
v 9.348248 0.231271 -0.440001
v 9.435770 0.191102 0.439999
v 9.435770 0.191102 -0.440001
v 9.522385 0.143219 0.439999
v 9.522385 0.143219 -0.440001
v 9.607891 0.087499 0.439999
v 9.607891 0.087499 -0.440001
v 9.692086 0.023815 0.439999
v 9.692086 0.023815 -0.440001
v 9.774769 -0.047960 0.439999
v 9.774769 -0.047960 -0.440001
v 9.855739 -0.127950 0.439999
v 9.855739 -0.127950 -0.440001
v 9.934793 -0.216283 0.439999
v 9.934793 -0.216283 -0.440001
v 9.934793 0.487793 0.439999
v 9.934793 0.487793 -0.440001
v 9.869156 0.559022 0.439999
v 9.869156 0.559022 -0.440001
v 9.799233 0.623924 0.439999
v 9.799233 0.623924 -0.440001
v 9.724977 0.682526 0.439999
v 9.724977 0.682526 -0.440001
v 9.646334 0.734852 0.439999
v 9.646334 0.734852 -0.440001
v 9.563255 0.780928 0.439999
v 9.563255 0.780928 -0.440001
v 9.475691 0.820778 0.439999
v 9.475691 0.820778 -0.440001
v 9.383591 0.854429 0.439999
v 9.383591 0.854429 -0.440001
v 9.286902 0.881905 0.439999
v 9.286902 0.881905 -0.440001
v 9.185577 0.903231 0.439999
v 9.185577 0.903231 -0.440001
v 9.079564 0.918433 0.439999
v 9.079564 0.918433 -0.440001
v 8.968813 0.927535 0.439999
v 8.968813 0.927535 -0.440001
v 8.853273 0.930564 0.439999
v 8.853273 0.930564 -0.440001
v 8.691238 0.923565 0.439999
v 8.691238 0.923565 -0.440001
v 8.536285 0.902403 0.439999
v 8.536285 0.902403 -0.440001
v 8.389750 0.866825 0.439999
v 8.389750 0.866825 -0.440001
v 8.252968 0.816578 0.439999
v 8.252968 0.816578 -0.440001
v 8.127275 0.751411 0.439999
v 8.127275 0.751411 -0.440001
v 8.014008 0.671072 0.439999
v 8.014008 0.671072 -0.440001
v 7.914501 0.575308 0.439999
v 7.914501 0.575308 -0.440001
v 7.830091 0.463867 0.439999
v 7.830091 0.463867 -0.440001
v 7.762113 0.336499 0.439999
v 7.762113 0.336499 -0.440001
v 7.711904 0.192950 0.439999
v 7.711904 0.192950 -0.440001
v 7.680799 0.032968 0.439999
v 7.680799 0.032968 -0.440001
v 7.670134 -0.143698 0.439999
v 7.670134 -0.143698 -0.440001
v 7.670134 -1.820417 0.439999
v 7.670134 -1.820417 -0.440001
v 7.669230 -1.849623 0.439999
v 7.669230 -1.849623 -0.440001
v 7.666537 -1.875629 0.439999
v 7.666537 -1.875629 -0.440001
v 7.662079 -1.898560 0.439999
v 7.662079 -1.898560 -0.440001
v 7.655884 -1.918542 0.439999
v 7.655884 -1.918542 -0.440001
v 7.647974 -1.935701 0.439999
v 7.647974 -1.935701 -0.440001
v 7.638376 -1.950163 0.439999
v 7.638376 -1.950163 -0.440001
v 7.627114 -1.962055 0.439999
v 7.627114 -1.962055 -0.440001
v 7.614214 -1.971502 0.439999
v 7.614214 -1.971502 -0.440001
v 7.599702 -1.978630 0.439999
v 7.599702 -1.978630 -0.440001
v 7.583602 -1.983566 0.439999
v 7.583602 -1.983566 -0.440001
v 7.565939 -1.986435 0.439999
v 7.565939 -1.986435 -0.440001
v 7.546738 -1.987363 0.439999
v 7.546738 -1.987363 -0.440001
v 7.529076 -1.986015 0.439999
v 7.529076 -1.986015 -0.440001
v 7.508867 -1.982020 0.439999
v 7.508867 -1.982020 -0.440001
v 7.486289 -1.975455 0.439999
v 7.486289 -1.975455 -0.440001
v 7.461519 -1.966394 0.439999
v 7.461519 -1.966394 -0.440001
v 7.434732 -1.954914 0.439999
v 7.434732 -1.954914 -0.440001
v 7.406105 -1.941090 0.439999
v 7.406105 -1.941090 -0.440001
v 7.375815 -1.924998 0.439999
v 7.375815 -1.924998 -0.440001
v 7.344039 -1.906713 0.439999
v 7.344039 -1.906713 -0.440001
v 7.310951 -1.886311 0.439999
v 7.310951 -1.886311 -0.440001
v 7.276729 -1.863868 0.439999
v 7.276729 -1.863868 -0.440001
v 7.241549 -1.839458 0.439999
v 7.241549 -1.839458 -0.440001
v 7.205588 -1.813159 0.439999
v 7.205588 -1.813159 -0.440001
v 7.205588 -2.205119 0.439999
v 7.205588 -2.205119 -0.440001
v 8.452307 -0.829742 0.439999
v 8.452307 -0.829742 -0.440001
v 8.584036 -0.877716 0.439999
v 8.584036 -0.877716 -0.440001
v 8.709917 -0.927051 0.439999
v 8.709917 -0.927051 -0.440001
v 8.828540 -0.978428 0.439999
v 8.828540 -0.978428 -0.440001
v 8.938494 -1.032527 0.439999
v 8.938494 -1.032527 -0.440001
v 9.038365 -1.090028 0.439999
v 9.038365 -1.090028 -0.440001
v 9.126744 -1.151612 0.439999
v 9.126744 -1.151612 -0.440001
v 9.202219 -1.217960 0.439999
v 9.202219 -1.217960 -0.440001
v 9.263380 -1.289751 0.439999
v 9.263380 -1.289751 -0.440001
v 9.308813 -1.367667 0.439999
v 9.308813 -1.367667 -0.440001
v 9.337107 -1.452387 0.439999
v 9.337107 -1.452387 -0.440001
v 9.346853 -1.544593 0.439999
v 9.346853 -1.544593 -0.440001
v 9.342841 -1.610008 0.439999
v 9.342841 -1.610008 -0.440001
v 9.331093 -1.671718 0.439999
v 9.331093 -1.671718 -0.440001
v 9.312035 -1.729345 0.439999
v 9.312035 -1.729345 -0.440001
v 9.286097 -1.782511 0.439999
v 9.286097 -1.782511 -0.440001
v 9.253706 -1.830839 0.439999
v 9.253706 -1.830839 -0.440001
v 9.215292 -1.873949 0.439999
v 9.215292 -1.873949 -0.440001
v 9.171284 -1.911464 0.439999
v 9.171284 -1.911464 -0.440001
v 9.122108 -1.943006 0.439999
v 9.122108 -1.943006 -0.440001
v 9.068193 -1.968196 0.439999
v 9.068193 -1.968196 -0.440001
v 9.009970 -1.986658 0.439999
v 9.009970 -1.986658 -0.440001
v 8.947865 -1.998012 0.439999
v 8.947865 -1.998012 -0.440001
v 8.882307 -2.001880 0.439999
v 8.882307 -2.001880 -0.440001
v 8.831800 -1.999784 0.439999
v 8.831800 -1.999784 -0.440001
v 8.781898 -1.993580 0.439999
v 8.781898 -1.993580 -0.440001
v 8.732600 -1.983394 0.439999
v 8.732600 -1.983394 -0.440001
v 8.683908 -1.969351 0.439999
v 8.683908 -1.969351 -0.440001
v 8.635820 -1.951579 0.439999
v 8.635820 -1.951579 -0.440001
v 8.588337 -1.930202 0.439999
v 8.588337 -1.930202 -0.440001
v 8.541459 -1.905348 0.439999
v 8.541459 -1.905348 -0.440001
v 8.495186 -1.877141 0.439999
v 8.495186 -1.877141 -0.440001
v 8.449517 -1.845709 0.439999
v 8.449517 -1.845709 -0.440001
v 8.404453 -1.811176 0.439999
v 8.404453 -1.811176 -0.440001
v 8.359995 -1.773669 0.439999
v 8.359995 -1.773669 -0.440001
v 8.316142 -1.733315 0.439999
v 8.316142 -1.733315 -0.440001
v 8.316142 -0.782448 0.439999
v 8.316142 -0.782448 -0.440001
v 6.015190 0.436984 0.439999
v 6.015190 0.436984 -0.440001
v 5.932162 0.516836 0.439999
v 5.932162 0.516836 -0.440001
v 5.849992 0.589480 0.439999
v 5.849992 0.589480 -0.440001
v 5.768627 0.654967 0.439999
v 5.768627 0.654967 -0.440001
v 5.688019 0.713346 0.439999
v 5.688019 0.713346 -0.440001
v 5.608116 0.764668 0.439999
v 5.608116 0.764668 -0.440001
v 5.528870 0.808983 0.439999
v 5.528870 0.808983 -0.440001
v 5.450227 0.846343 0.439999
v 5.450227 0.846343 -0.440001
v 5.372139 0.876797 0.439999
v 5.372139 0.876797 -0.440001
v 5.294555 0.900395 0.439999
v 5.294555 0.900395 -0.440001
v 5.217424 0.917189 0.439999
v 5.217424 0.917189 -0.440001
v 5.140697 0.927228 0.439999
v 5.140697 0.927228 -0.440001
v 5.064322 0.930564 0.439999
v 5.064322 0.930564 -0.440001
v 4.962431 0.926342 0.439999
v 4.962431 0.926342 -0.440001
v 4.863739 0.913728 0.439999
v 4.863739 0.913728 -0.440001
v 4.768424 0.892797 0.439999
v 4.768424 0.892797 -0.440001
v 4.676663 0.863624 0.439999
v 4.676663 0.863624 -0.440001
v 4.588634 0.826285 0.439999
v 4.588634 0.826285 -0.440001
v 4.504510 0.780856 0.439999
v 4.504510 0.780856 -0.440001
v 4.424468 0.727413 0.439999
v 4.424468 0.727413 -0.440001
v 4.348686 0.666031 0.439999
v 4.348686 0.666031 -0.440001
v 4.277341 0.596785 0.439999
v 4.277341 0.596785 -0.440001
v 4.210607 0.519751 0.439999
v 4.210607 0.519751 -0.440001
v 4.148661 0.435005 0.439999
v 4.148661 0.435005 -0.440001
v 4.091681 0.342623 0.439999
v 4.091681 0.342623 -0.440001
v 4.019663 0.421282 0.439999
v 4.019663 0.421282 -0.440001
v 3.944998 0.497068 0.439999
v 3.944998 0.497068 -0.440001
v 3.867460 0.569225 0.439999
v 3.867460 0.569225 -0.440001
v 3.786822 0.636997 0.439999
v 3.786822 0.636997 -0.440001
v 3.702858 0.699627 0.439999
v 3.702858 0.699627 -0.440001
v 3.615340 0.756359 0.439999
v 3.615340 0.756359 -0.440001
v 3.524041 0.806438 0.439999
v 3.524041 0.806438 -0.440001
v 3.428736 0.849107 0.439999
v 3.428736 0.849107 -0.440001
v 3.329196 0.883610 0.439999
v 3.329196 0.883610 -0.440001
v 3.225195 0.909191 0.439999
v 3.225195 0.909191 -0.440001
v 3.116506 0.925095 0.439999
v 3.116506 0.925095 -0.440001
v 3.002903 0.930564 0.439999
v 3.002903 0.930564 -0.440001
v 2.842866 0.920121 0.439999
v 2.842866 0.920121 -0.440001
v 2.693440 0.889365 0.439999
v 2.693440 0.889365 -0.440001
v 2.555255 0.839152 0.439999
v 2.555255 0.839152 -0.440001
v 2.428941 0.770339 0.439999
v 2.428941 0.770339 -0.440001
v 2.315127 0.683782 0.439999
v 2.315127 0.683782 -0.440001
v 2.214445 0.580340 0.439999
v 2.214445 0.580340 -0.440001
v 2.127523 0.460868 0.439999
v 2.127523 0.460868 -0.440001
v 2.054993 0.326224 0.439999
v 2.054993 0.326224 -0.440001
v 1.997483 0.177265 0.439999
v 1.997483 0.177265 -0.440001
v 1.955625 0.014847 0.439999
v 1.955625 0.014847 -0.440001
v 1.930048 -0.160173 0.439999
v 1.930048 -0.160173 -0.440001
v 1.921382 -0.346937 0.439999
v 1.921382 -0.346937 -0.440001
v 1.921382 -2.393841 0.439999
v 1.921382 -2.393841 -0.440001
v 2.567390 -2.393841 0.439999
v 2.567390 -2.393841 -0.440001
v 2.567390 -0.375971 0.439999
v 2.567390 -0.375971 -0.440001
v 2.573604 -0.257289 0.439999
v 2.573604 -0.257289 -0.440001
v 2.591687 -0.148134 0.439999
v 2.591687 -0.148134 -0.440001
v 2.620809 -0.048657 0.439999
v 2.620809 -0.048657 -0.440001
v 2.660139 0.040991 0.439999
v 2.660139 0.040991 -0.440001
v 2.708844 0.120659 0.439999
v 2.708844 0.120659 -0.440001
v 2.766092 0.190194 0.439999
v 2.766092 0.190194 -0.440001
v 2.831054 0.249447 0.439999
v 2.831054 0.249447 -0.440001
v 2.902896 0.298265 0.439999
v 2.902896 0.298265 -0.440001
v 2.980786 0.336499 0.439999
v 2.980786 0.336499 -0.440001
v 3.063894 0.363996 0.439999
v 3.063894 0.363996 -0.440001
v 3.151387 0.380605 0.439999
v 3.151387 0.380605 -0.440001
v 3.242434 0.386174 0.439999
v 3.242434 0.386174 -0.440001
v 3.296499 0.384133 0.439999
v 3.296499 0.384133 -0.440001
v 3.353160 0.374681 0.439999
v 3.353160 0.374681 -0.440001
v 3.411988 0.358274 0.439999
v 3.411988 0.358274 -0.440001
v 3.472555 0.335364 0.439999
v 3.472555 0.335364 -0.440001
v 3.534433 0.306406 0.439999
v 3.534433 0.306406 -0.440001
v 3.597193 0.271852 0.439999
v 3.597193 0.271852 -0.440001
v 3.660407 0.232157 0.439999
v 3.660407 0.232157 -0.440001
v 3.723646 0.187774 0.439999
v 3.723646 0.187774 -0.440001
v 3.786483 0.139158 0.439999
v 3.786483 0.139158 -0.440001
v 3.848486 0.086760 0.439999
v 3.848486 0.086760 -0.440001
v 3.909230 0.031036 0.439999
v 3.909230 0.031036 -0.440001
v 3.968286 -0.027562 0.439999
v 3.968286 -0.027562 -0.440001
v 3.968286 -2.393841 0.439999
v 3.968286 -2.393841 -0.440001
v 4.614294 -2.393841 0.439999
v 4.614294 -2.393841 -0.440001
v 4.614294 -0.368712 0.439999
v 4.614294 -0.368712 -0.440001
v 4.619763 -0.242549 0.439999
v 4.619763 -0.242549 -0.440001
v 4.635667 -0.128811 0.439999
v 4.635667 -0.128811 -0.440001
v 4.661248 -0.027221 0.439999
v 4.661248 -0.027221 -0.440001
v 4.695751 0.062498 0.439999
v 4.695751 0.062498 -0.440001
v 4.738420 0.140624 0.439999
v 4.738420 0.140624 -0.440001
v 4.788499 0.207433 0.439999
v 4.788499 0.207433 -0.440001
v 4.845231 0.263204 0.439999
v 4.845231 0.263204 -0.440001
v 4.907862 0.308213 0.439999
v 4.907862 0.308213 -0.440001
v 4.975633 0.342736 0.439999
v 4.975633 0.342736 -0.440001
v 5.047790 0.367054 0.439999
v 5.047790 0.367054 -0.440001
v 5.123576 0.381440 0.439999
v 5.123576 0.381440 -0.440001
v 5.202235 0.386174 0.439999
v 5.202235 0.386174 -0.440001
v 5.281717 0.383995 0.439999
v 5.281717 0.383995 -0.440001
v 5.357218 0.377202 0.439999
v 5.357218 0.377202 -0.440001
v 5.429291 0.365420 0.439999
v 5.429291 0.365420 -0.440001
v 5.498490 0.348269 0.439999
v 5.498490 0.348269 -0.440001
v 5.565372 0.325372 0.439999
v 5.565372 0.325372 -0.440001
v 5.630488 0.296350 0.439999
v 5.630488 0.296350 -0.440001
v 5.694395 0.260826 0.439999
v 5.694395 0.260826 -0.440001
v 5.757647 0.218422 0.439999
v 5.757647 0.218422 -0.440001
v 5.820798 0.168759 0.439999
v 5.820798 0.168759 -0.440001
v 5.884402 0.111459 0.439999
v 5.884402 0.111459 -0.440001
v 5.949015 0.046145 0.439999
v 5.949015 0.046145 -0.440001
v 6.015190 -0.027562 0.439999
v 6.015190 -0.027562 -0.440001
v 6.015190 -2.393841 0.439999
v 6.015190 -2.393841 -0.440001
v 6.661199 -2.393841 0.439999
v 6.661199 -2.393841 -0.440001
v 6.661199 0.865237 0.439999
v 6.661199 0.865237 -0.440001
v 6.015190 0.865237 0.439999
v 6.015190 0.865237 -0.440001
v -1.588737 -2.136927 0.439998
v -1.588737 -2.136927 -0.440002
v -1.492074 -2.193693 0.439999
v -1.492074 -2.193693 -0.440001
v -1.395310 -2.244814 0.439999
v -1.395310 -2.244814 -0.440001
v -1.297639 -2.290339 0.439999
v -1.297639 -2.290339 -0.440001
v -1.198255 -2.330320 0.439999
v -1.198255 -2.330320 -0.440001
v -1.096351 -2.364806 0.439999
v -1.096351 -2.364806 -0.440001
v -0.991118 -2.393849 0.439999
v -0.991118 -2.393849 -0.440001
v -0.881753 -2.417498 0.439999
v -0.881753 -2.417498 -0.440001
v -0.767447 -2.435804 0.439999
v -0.767447 -2.435804 -0.440001
v -0.647397 -2.448817 0.439999
v -0.647397 -2.448817 -0.440001
v -0.520791 -2.456588 0.439999
v -0.520791 -2.456588 -0.440001
v -0.386828 -2.459167 0.439999
v -0.386828 -2.459167 -0.440001
v -0.142222 -2.442222 0.439999
v -0.142222 -2.442222 -0.440001
v 0.083228 -2.393168 0.439999
v 0.083228 -2.393168 -0.440001
v 0.289121 -2.314677 0.439999
v 0.289121 -2.314677 -0.440001
v 0.475053 -2.209420 0.439999
v 0.475053 -2.209420 -0.440001
v 0.640621 -2.080069 0.439999
v 0.640621 -2.080069 -0.440001
v 0.785421 -1.929295 0.439999
v 0.785421 -1.929295 -0.440001
v 0.909052 -1.759770 0.439999
v 0.909052 -1.759770 -0.440001
v 1.011108 -1.574165 0.439999
v 1.011108 -1.574165 -0.440001
v 1.091187 -1.375152 0.439999
v 1.091187 -1.375152 -0.440001
v 1.148887 -1.165403 0.439999
v 1.148887 -1.165403 -0.440001
v 1.183802 -0.947588 0.439999
v 1.183802 -0.947588 -0.440001
v 1.195530 -0.724380 0.439999
v 1.195530 -0.724380 -0.440001
v 1.182723 -0.484446 0.439999
v 1.182723 -0.484446 -0.440001
v 1.145120 -0.259028 0.439999
v 1.145120 -0.259028 -0.440001
v 1.083926 -0.049337 0.439999
v 1.083926 -0.049337 -0.440001
v 1.000353 0.143417 0.439999
v 1.000353 0.143417 -0.440001
v 0.895609 0.318025 0.439999
v 0.895609 0.318025 -0.440001
v 0.770904 0.473276 0.439999
v 0.770904 0.473276 -0.440001
v 0.627447 0.607962 0.439999
v 0.627447 0.607962 -0.440001
v 0.466449 0.720873 0.439999
v 0.466449 0.720873 -0.440001
v 0.289119 0.810798 0.439999
v 0.289119 0.810798 -0.440001
v 0.096668 0.876528 0.439999
v 0.096668 0.876528 -0.440001
v -0.109695 0.916853 0.439998
v -0.109695 0.916853 -0.440002
v -0.328761 0.930564 0.439998
v -0.328761 0.930564 -0.440002
v -0.538058 0.918298 0.439998
v -0.538058 0.918298 -0.440002
v -0.733523 0.881434 0.439998
v -0.733523 0.881434 -0.440002
v -0.914319 0.819871 0.439998
v -0.914319 0.819871 -0.440002
v -1.079614 0.733508 0.439998
v -1.079614 0.733508 -0.440002
v -1.228578 0.622244 0.439998
v -1.228578 0.622244 -0.440002
v -1.360377 0.485979 0.439998
v -1.360377 0.485979 -0.440002
v -1.474183 0.324611 0.439998
v -1.474183 0.324611 -0.440002
v -1.569161 0.138040 0.439998
v -1.569161 0.138040 -0.440002
v -1.644481 -0.073835 0.439998
v -1.644481 -0.073835 -0.440002
v -1.699311 -0.311115 0.439998
v -1.699311 -0.311115 -0.440002
v -1.732818 -0.573900 0.439998
v -1.732818 -0.573900 -0.440002
v -1.744172 -0.862292 0.439998
v -1.744172 -0.862292 -0.440002
v 0.549521 -0.862292 0.439999
v 0.549521 -0.862292 -0.440001
v 0.518530 -1.017279 0.439999
v 0.518530 -1.017279 -0.440001
v 0.476399 -1.159186 0.439999
v 0.476399 -1.159186 -0.440001
v 0.423180 -1.287936 0.439999
v 0.423180 -1.287936 -0.440001
v 0.358920 -1.403455 0.439999
v 0.358920 -1.403455 -0.440001
v 0.283671 -1.505667 0.439999
v 0.283671 -1.505667 -0.440001
v 0.197484 -1.594496 0.439999
v 0.197484 -1.594496 -0.440001
v 0.100410 -1.669866 0.439999
v 0.100410 -1.669866 -0.440001
v -0.007502 -1.731702 0.439999
v -0.007502 -1.731702 -0.440001
v -0.126202 -1.779928 0.439999
v -0.126202 -1.779928 -0.440001
v -0.255637 -1.814469 0.439999
v -0.255637 -1.814469 -0.440001
v -0.395760 -1.835249 0.439999
v -0.395760 -1.835249 -0.440001
v -0.546515 -1.842193 0.439999
v -0.546515 -1.842193 -0.440001
v -0.644069 -1.839194 0.439999
v -0.644069 -1.839194 -0.440001
v -0.740815 -1.830297 0.439999
v -0.740815 -1.830297 -0.440001
v -0.836858 -1.815654 0.439999
v -0.836858 -1.815654 -0.440001
v -0.932292 -1.795416 0.439999
v -0.932292 -1.795416 -0.440001
v -1.027225 -1.769734 0.439999
v -1.027225 -1.769734 -0.440001
v -1.121753 -1.738759 0.439999
v -1.121753 -1.738759 -0.440001
v -1.215980 -1.702643 0.439999
v -1.215980 -1.702643 -0.440001
v -1.310004 -1.661536 0.439998
v -1.310004 -1.661536 -0.440002
v -1.403930 -1.615591 0.439998
v -1.403930 -1.615591 -0.440002
v -1.497853 -1.564957 0.439998
v -1.497853 -1.564957 -0.440002
v -1.591880 -1.509788 0.439998
v -1.591880 -1.509788 -0.440002
v -1.686105 -1.450232 0.439998
v -1.686105 -1.450232 -0.440002
v -1.686105 -2.074466 0.439998
v -1.686105 -2.074466 -0.440002
v -1.094583 -0.314501 0.439998
v -1.094583 -0.314501 -0.440002
v -1.073161 -0.202976 0.439998
v -1.073161 -0.202976 -0.440002
v -1.041455 -0.099921 0.439998
v -1.041455 -0.099921 -0.440002
v -0.999768 -0.005786 0.439998
v -0.999768 -0.005786 -0.440002
v -0.948405 0.078972 0.439998
v -0.948405 0.078972 -0.440002
v -0.887666 0.153901 0.439998
v -0.887666 0.153901 -0.440002
v -0.817853 0.218547 0.439998
v -0.817853 0.218547 -0.440002
v -0.739270 0.272457 0.439998
v -0.739270 0.272457 -0.440002
v -0.652217 0.315177 0.439998
v -0.652217 0.315177 -0.440002
v -0.557000 0.346252 0.439998
v -0.557000 0.346252 -0.440002
v -0.453919 0.365230 0.439998
v -0.453919 0.365230 -0.440002
v -0.343277 0.371657 0.439998
v -0.343277 0.371657 -0.440002
v -0.223971 0.365647 0.439999
v -0.223971 0.365647 -0.440001
v -0.112885 0.347765 0.439999
v -0.112885 0.347765 -0.440001
v -0.010065 0.318239 0.439999
v -0.010065 0.318239 -0.440001
v 0.084438 0.277297 0.439999
v 0.084438 0.277297 -0.440001
v 0.170573 0.225164 0.439999
v 0.170573 0.225164 -0.440001
v 0.248292 0.162068 0.439999
v 0.248292 0.162068 -0.440001
v 0.317542 0.088235 0.439999
v 0.317542 0.088235 -0.440001
v 0.378273 0.003892 0.439999
v 0.378273 0.003892 -0.440001
v 0.430435 -0.090734 0.439999
v 0.430435 -0.090734 -0.440001
v 0.473978 -0.195415 0.439999
v 0.473978 -0.195415 -0.440001
v 0.508851 -0.309926 0.439999
v 0.508851 -0.309926 -0.440001
v 0.535004 -0.434039 0.439999
v 0.535004 -0.434039 -0.440001
v -1.105422 -0.434039 0.439998
v -1.105422 -0.434039 -0.440002
v -7.380321 2.598151 0.439998
v -7.380321 2.598151 -0.440002
v -7.749225 2.529388 0.439998
v -7.749225 2.529388 -0.440002
v -8.090051 2.418788 0.439998
v -8.090051 2.418788 -0.440002
v -8.401315 2.269627 0.439998
v -8.401315 2.269627 -0.440002
v -8.681527 2.085181 0.439998
v -8.681527 2.085181 -0.440002
v -8.929204 1.868727 0.439998
v -8.929204 1.868727 -0.440002
v -9.142858 1.623542 0.439998
v -9.142858 1.623542 -0.440002
v -9.320998 1.352902 0.439998
v -9.320998 1.352902 -0.440002
v -9.462140 1.060083 0.439998
v -9.462140 1.060083 -0.440002
v -9.564797 0.748361 0.439998
v -9.564797 0.748361 -0.440002
v -9.627481 0.421014 0.439998
v -9.627481 0.421014 -0.440002
v -9.648707 0.081316 0.439998
v -9.648707 0.081316 -0.440002
v -9.628028 -0.249232 0.439998
v -9.628028 -0.249232 -0.440002
v -9.566747 -0.570607 0.439998
v -9.566747 -0.570607 -0.440002
v -9.465997 -0.879077 0.439998
v -9.465997 -0.879077 -0.440002
v -9.326913 -1.170914 0.439998
v -9.326913 -1.170914 -0.440002
v -9.150628 -1.442386 0.439998
v -9.150628 -1.442386 -0.440002
v -8.938279 -1.689764 0.439998
v -8.938279 -1.689764 -0.440002
v -8.690999 -1.909317 0.439998
v -8.690999 -1.909317 -0.440002
v -8.409921 -2.097316 0.439998
v -8.409921 -2.097317 -0.440002
v -8.096177 -2.250031 0.439998
v -8.096177 -2.250031 -0.440002
v -7.750905 -2.363731 0.439998
v -7.750905 -2.363731 -0.440002
v -7.375237 -2.434686 0.439998
v -7.375237 -2.434687 -0.440002
v -6.970309 -2.459167 0.439998
v -6.970309 -2.459167 -0.440002
v -6.578296 -2.434825 0.439998
v -6.578296 -2.434825 -0.440002
v -6.212567 -2.364235 0.439998
v -6.212567 -2.364235 -0.440002
v -5.874614 -2.251052 0.439998
v -5.874614 -2.251052 -0.440002
v -5.565921 -2.098929 0.439998
v -5.565921 -2.098929 -0.440002
v -5.287976 -1.911523 0.439998
v -5.287976 -1.911523 -0.440002
v -5.042266 -1.692486 0.439998
v -5.042266 -1.692486 -0.440002
v -4.830279 -1.445473 0.439998
v -4.830279 -1.445473 -0.440002
v -4.653499 -1.174140 0.439998
v -4.653499 -1.174140 -0.440002
v -4.513415 -0.882139 0.439998
v -4.513415 -0.882139 -0.440002
v -4.411513 -0.573127 0.439998
v -4.411513 -0.573127 -0.440002
v -4.349282 -0.250757 0.439998
v -4.349282 -0.250757 -0.440002
v -4.328208 0.081316 0.439998
v -4.328208 0.081316 -0.440002
v -4.349845 0.419488 0.439998
v -4.349845 0.419488 -0.440002
v -4.413598 0.745841 0.439998
v -4.413598 0.745841 -0.440002
v -4.517724 1.057020 0.439998
v -4.517724 1.057020 -0.440002
v -4.660487 1.349676 0.439998
v -4.660487 1.349676 -0.440002
v -4.840148 1.620455 0.439998
v -4.840148 1.620455 -0.440002
v -5.054967 1.866006 0.439998
v -5.054967 1.866006 -0.440002
v -5.303206 2.082976 0.439998
v -5.303206 2.082976 -0.440002
v -5.583125 2.268014 0.439998
v -5.583125 2.268014 -0.440002
v -5.892987 2.417767 0.439998
v -5.892987 2.417767 -0.440002
v -6.231050 2.528884 0.439998
v -6.231050 2.528884 -0.440002
v -6.595576 2.598012 0.439998
v -6.595576 2.598012 -0.440002
v -6.984828 2.621800 0.439998
v -6.984828 2.621800 -0.440002
v -7.256112 -1.789421 0.439998
v -7.256112 -1.789421 -0.440002
v -7.513457 -1.741212 0.439998
v -7.513457 -1.741212 -0.440002
v -7.755025 -1.663111 0.439998
v -7.755025 -1.663111 -0.440002
v -7.978976 -1.556959 0.439998
v -7.978976 -1.556959 -0.440002
v -8.183471 -1.424596 0.439998
v -8.183471 -1.424596 -0.440002
v -8.366668 -1.267862 0.439998
v -8.366668 -1.267862 -0.440002
v -8.526731 -1.088596 0.439998
v -8.526731 -1.088596 -0.440002
v -8.661815 -0.888638 0.439998
v -8.661815 -0.888638 -0.440002
v -8.770083 -0.669827 0.439998
v -8.770083 -0.669827 -0.440002
v -8.849696 -0.434005 0.439998
v -8.849696 -0.434005 -0.440002
v -8.898814 -0.183011 0.439998
v -8.898814 -0.183011 -0.440002
v -8.915595 0.081316 0.439998
v -8.915595 0.081316 -0.440002
v -8.898814 0.347168 0.439998
v -8.898814 0.347168 -0.440002
v -8.849696 0.599158 0.439998
v -8.849696 0.599158 -0.440002
v -8.770083 0.835522 0.439998
v -8.770083 0.835522 -0.440002
v -8.661815 1.054496 0.439998
v -8.661815 1.054496 -0.440002
v -8.526731 1.254316 0.439998
v -8.526731 1.254316 -0.440002
v -8.366668 1.433217 0.439998
v -8.366668 1.433217 -0.440002
v -8.183471 1.589434 0.439998
v -8.183471 1.589434 -0.440002
v -7.978976 1.721205 0.439998
v -7.978976 1.721205 -0.440002
v -7.755025 1.826764 0.439998
v -7.755025 1.826764 -0.440002
v -7.513457 1.904348 0.439998
v -7.513457 1.904348 -0.440002
v -7.256112 1.952193 0.439998
v -7.256112 1.952193 -0.440002
v -6.984828 1.968532 0.439998
v -6.984828 1.968532 -0.440002
v -6.715213 1.952192 0.439998
v -6.715213 1.952192 -0.440002
v -6.459256 1.904348 0.439998
v -6.459256 1.904348 -0.440002
v -6.218827 1.826764 0.439998
v -6.218827 1.826764 -0.440002
v -5.995786 1.721205 0.439998
v -5.995786 1.721205 -0.440002
v -5.792001 1.589434 0.439998
v -5.792001 1.589434 -0.440002
v -5.609336 1.433216 0.439998
v -5.609336 1.433216 -0.440002
v -5.449656 1.254315 0.439998
v -5.449656 1.254315 -0.440002
v -5.314828 1.054496 0.439998
v -5.314828 1.054496 -0.440002
v -5.206716 0.835522 0.439998
v -5.206716 0.835522 -0.440002
v -5.127181 0.599158 0.439998
v -5.127181 0.599158 -0.440002
v -5.078094 0.347168 0.439998
v -5.078094 0.347168 -0.440002
v -5.061318 0.081316 0.439998
v -5.061318 0.081316 -0.440002
v -5.078094 -0.183011 0.439998
v -5.078094 -0.183011 -0.440002
v -5.127181 -0.434005 0.439998
v -5.127181 -0.434005 -0.440002
v -5.206716 -0.669828 0.439998
v -5.206716 -0.669828 -0.440002
v -5.314828 -0.888638 0.439998
v -5.314828 -0.888638 -0.440002
v -5.449656 -1.088596 0.439998
v -5.449656 -1.088596 -0.440002
v -5.609336 -1.267862 0.439998
v -5.609336 -1.267862 -0.440002
v -5.792001 -1.424597 0.439998
v -5.792001 -1.424597 -0.440002
v -5.995786 -1.556960 0.439998
v -5.995786 -1.556960 -0.440002
v -6.218827 -1.663111 0.439998
v -6.218827 -1.663111 -0.440002
v -6.459256 -1.741212 0.439998
v -6.459256 -1.741212 -0.440002
v -6.715213 -1.789421 0.439998
v -6.715213 -1.789421 -0.440002
v -6.984828 -1.805900 0.439998
v -6.984828 -1.805900 -0.440002
v -10.701190 0.865237 0.439998
v -10.701190 0.865237 -0.440002
v -11.579473 -1.138116 0.439998
v -11.579473 -1.138116 -0.440002
v -12.435979 0.865237 0.439997
v -12.435979 0.865237 -0.440003
v -13.125539 0.865237 0.439997
v -13.125539 0.865237 -0.440003
v -11.688352 -2.459167 0.439998
v -11.688352 -2.459167 -0.440002
v -11.470595 -2.459167 0.439998
v -11.470595 -2.459167 -0.440002
v -9.997115 0.865237 0.439998
v -9.997115 0.865237 -0.440002
v -16.236435 -2.136927 0.439997
v -16.236435 -2.136927 -0.440003
v -16.139774 -2.193693 0.439997
v -16.139774 -2.193693 -0.440003
v -16.043011 -2.244814 0.439997
v -16.043011 -2.244814 -0.440003
v -15.945342 -2.290339 0.439997
v -15.945342 -2.290339 -0.440003
v -15.845956 -2.330320 0.439997
v -15.845956 -2.330320 -0.440003
v -15.744048 -2.364806 0.439997
v -15.744048 -2.364806 -0.440003
v -15.638816 -2.393849 0.439997
v -15.638816 -2.393849 -0.440003
v -15.529452 -2.417498 0.439997
v -15.529452 -2.417498 -0.440003
v -15.415147 -2.435804 0.439997
v -15.415147 -2.435804 -0.440003
v -15.295098 -2.448817 0.439997
v -15.295098 -2.448817 -0.440003
v -15.168494 -2.456588 0.439997
v -15.168494 -2.456588 -0.440003
v -15.034530 -2.459167 0.439997
v -15.034530 -2.459167 -0.440003
v -14.789922 -2.442222 0.439997
v -14.789922 -2.442222 -0.440003
v -14.564469 -2.393168 0.439997
v -14.564469 -2.393168 -0.440003
v -14.358579 -2.314677 0.439997
v -14.358579 -2.314677 -0.440003
v -14.172647 -2.209420 0.439997
v -14.172647 -2.209420 -0.440003
v -14.007079 -2.080069 0.439997
v -14.007079 -2.080069 -0.440003
v -13.862279 -1.929295 0.439997
v -13.862279 -1.929295 -0.440003
v -13.738647 -1.759770 0.439997
v -13.738647 -1.759770 -0.440003
v -13.636592 -1.574165 0.439997
v -13.636592 -1.574165 -0.440003
v -13.556512 -1.375152 0.439997
v -13.556512 -1.375152 -0.440003
v -13.498815 -1.165403 0.439997
v -13.498815 -1.165403 -0.440003
v -13.463899 -0.947588 0.439997
v -13.463899 -0.947588 -0.440003
v -13.452170 -0.724380 0.439997
v -13.452170 -0.724380 -0.440003
v -13.464976 -0.484446 0.439997
v -13.464976 -0.484446 -0.440003
v -13.502580 -0.259028 0.439997
v -13.502580 -0.259028 -0.440003
v -13.563773 -0.049337 0.439997
v -13.563773 -0.049337 -0.440003
v -13.647346 0.143417 0.439997
v -13.647346 0.143417 -0.440003
v -13.752090 0.318025 0.439997
v -13.752090 0.318025 -0.440003
v -13.876796 0.473276 0.439997
v -13.876796 0.473276 -0.440003
v -14.020251 0.607962 0.439997
v -14.020251 0.607962 -0.440003
v -14.181251 0.720873 0.439997
v -14.181251 0.720873 -0.440003
v -14.358581 0.810798 0.439997
v -14.358581 0.810798 -0.440003
v -14.551034 0.876528 0.439997
v -14.551034 0.876528 -0.440003
v -14.757398 0.916853 0.439997
v -14.757398 0.916853 -0.440003
v -14.976462 0.930564 0.439997
v -14.976462 0.930564 -0.440003
v -15.185765 0.918298 0.439997
v -15.185765 0.918298 -0.440003
v -15.381228 0.881434 0.439997
v -15.381228 0.881434 -0.440003
v -15.562024 0.819871 0.439997
v -15.562024 0.819871 -0.440003
v -15.727319 0.733508 0.439997
v -15.727319 0.733508 -0.440003
v -15.876281 0.622244 0.439997
v -15.876281 0.622244 -0.440003
v -16.008083 0.485979 0.439997
v -16.008083 0.485979 -0.440003
v -16.121887 0.324611 0.439997
v -16.121887 0.324611 -0.440003
v -16.216866 0.138040 0.439997
v -16.216866 0.138040 -0.440003
v -16.292187 -0.073835 0.439997
v -16.292187 -0.073835 -0.440003
v -16.347012 -0.311115 0.439997
v -16.347012 -0.311115 -0.440003
v -16.380520 -0.573900 0.439997
v -16.380520 -0.573900 -0.440003
v -16.391872 -0.862292 0.439997
v -16.391872 -0.862292 -0.440003
v -14.098180 -0.862292 0.439997
v -14.098180 -0.862292 -0.440003
v -14.129170 -1.017279 0.439997
v -14.129170 -1.017279 -0.440003
v -14.171302 -1.159186 0.439997
v -14.171302 -1.159186 -0.440003
v -14.224524 -1.287936 0.439997
v -14.224524 -1.287936 -0.440003
v -14.288783 -1.403455 0.439997
v -14.288783 -1.403455 -0.440003
v -14.364032 -1.505667 0.439997
v -14.364032 -1.505667 -0.440003
v -14.450219 -1.594496 0.439997
v -14.450219 -1.594496 -0.440003
v -14.547292 -1.669866 0.439997
v -14.547292 -1.669866 -0.440003
v -14.655204 -1.731702 0.439997
v -14.655204 -1.731702 -0.440003
v -14.773904 -1.779928 0.439997
v -14.773904 -1.779928 -0.440003
v -14.903340 -1.814469 0.439997
v -14.903340 -1.814469 -0.440003
v -15.043460 -1.835249 0.439997
v -15.043460 -1.835249 -0.440003
v -15.194217 -1.842193 0.439997
v -15.194217 -1.842193 -0.440003
v -15.291768 -1.839194 0.439997
v -15.291768 -1.839194 -0.440003
v -15.388515 -1.830297 0.439997
v -15.388515 -1.830297 -0.440003
v -15.484553 -1.815654 0.439997
v -15.484553 -1.815654 -0.440003
v -15.579991 -1.795416 0.439997
v -15.579991 -1.795416 -0.440003
v -15.674924 -1.769734 0.439997
v -15.674924 -1.769734 -0.440003
v -15.769454 -1.738759 0.439997
v -15.769454 -1.738759 -0.440003
v -15.863679 -1.702643 0.439997
v -15.863679 -1.702643 -0.440003
v -15.957705 -1.661536 0.439997
v -15.957705 -1.661536 -0.440003
v -16.051628 -1.615591 0.439997
v -16.051628 -1.615591 -0.440003
v -16.145554 -1.564957 0.439997
v -16.145554 -1.564957 -0.440003
v -16.239578 -1.509788 0.439997
v -16.239578 -1.509788 -0.440003
v -16.333805 -1.450232 0.439997
v -16.333805 -1.450232 -0.440003
v -16.333805 -2.074466 0.439997
v -16.333805 -2.074466 -0.440003
v -15.742288 -0.314501 0.439997
v -15.742288 -0.314501 -0.440003
v -15.720862 -0.202976 0.439997
v -15.720862 -0.202976 -0.440003
v -15.689158 -0.099921 0.439997
v -15.689158 -0.099921 -0.440003
v -15.647473 -0.005786 0.439997
v -15.647473 -0.005786 -0.440003
v -15.596110 0.078972 0.439997
v -15.596110 0.078972 -0.440003
v -15.535371 0.153901 0.439997
v -15.535371 0.153901 -0.440003
v -15.465560 0.218547 0.439997
v -15.465560 0.218547 -0.440003
v -15.386973 0.272457 0.439997
v -15.386973 0.272457 -0.440003
v -15.299924 0.315177 0.439997
v -15.299924 0.315177 -0.440003
v -15.204703 0.346252 0.439997
v -15.204703 0.346252 -0.440003
v -15.101621 0.365230 0.439997
v -15.101621 0.365230 -0.440003
v -14.990979 0.371657 0.439997
v -14.990979 0.371657 -0.440003
v -14.871676 0.365647 0.439997
v -14.871676 0.365647 -0.440003
v -14.760589 0.347765 0.439997
v -14.760589 0.347765 -0.440003
v -14.657769 0.318239 0.439997
v -14.657769 0.318239 -0.440003
v -14.563266 0.277297 0.439997
v -14.563266 0.277297 -0.440003
v -14.477128 0.225164 0.439997
v -14.477128 0.225164 -0.440003
v -14.399409 0.162068 0.439997
v -14.399409 0.162068 -0.440003
v -14.330159 0.088235 0.439997
v -14.330159 0.088235 -0.440003
v -14.269425 0.003892 0.439997
v -14.269425 0.003892 -0.440003
v -14.217263 -0.090734 0.439997
v -14.217263 -0.090734 -0.440003
v -14.173722 -0.195415 0.439997
v -14.173722 -0.195415 -0.440003
v -14.138852 -0.309926 0.439997
v -14.138852 -0.309926 -0.440003
v -14.112699 -0.434039 0.439997
v -14.112699 -0.434039 -0.440003
v -15.753123 -0.434039 0.439997
v -15.753123 -0.434039 -0.440003
v -17.778252 0.117609 0.439997
v -17.778252 0.117609 -0.440003
v -17.792767 0.117609 0.439997
v -17.792767 0.117609 -0.440003
v -17.874126 0.254063 0.439997
v -17.874126 0.254063 -0.440003
v -17.954906 0.376933 0.439997
v -17.954906 0.376933 -0.440003
v -18.035133 0.486546 0.439997
v -18.035133 0.486546 -0.440003
v -18.114826 0.583230 0.439997
v -18.114826 0.583230 -0.440003
v -18.194023 0.667312 0.439997
v -18.194023 0.667312 -0.440003
v -18.272736 0.739120 0.439997
v -18.272736 0.739120 -0.440003
v -18.350994 0.798982 0.439997
v -18.350994 0.798982 -0.440003
v -18.428825 0.847225 0.439997
v -18.428825 0.847225 -0.440003
v -18.506256 0.884177 0.439997
v -18.506256 0.884177 -0.440003
v -18.583305 0.910166 0.439997
v -18.583305 0.910166 -0.440003
v -18.660004 0.925519 0.439997
v -18.660004 0.925519 -0.440003
v -18.736374 0.930564 0.439997
v -18.736374 0.930564 -0.440003
v -18.801418 0.927989 0.439997
v -18.801418 0.927989 -0.440003
v -18.865986 0.920247 0.439997
v -18.865986 0.920247 -0.440003
v -18.930202 0.907314 0.439997
v -18.930202 0.907314 -0.440003
v -18.994186 0.889163 0.439997
v -18.994186 0.889163 -0.440003
v -19.058075 0.865770 0.439997
v -19.058075 0.865770 -0.440003
v -19.121983 0.837110 0.439997
v -19.121983 0.837110 -0.440003
v -19.186047 0.803157 0.439997
v -19.186047 0.803157 -0.440003
v -19.250385 0.763886 0.439997
v -19.250385 0.763886 -0.440003
v -19.315128 0.719272 0.439997
v -19.315128 0.719272 -0.440003
v -19.380398 0.669290 0.439997
v -19.380398 0.669290 -0.440003
v -19.446327 0.613915 0.439997
v -19.446327 0.613915 -0.440003
v -19.513035 0.553120 0.439997
v -19.513035 0.553120 -0.440003
v -19.171886 -0.005786 0.439997
v -19.171886 -0.005786 -0.440003
v -19.121777 0.040143 0.439997
v -19.121777 0.040143 -0.440003
v -19.069801 0.083400 0.439997
v -19.069801 0.083400 -0.440003
v -19.016514 0.123733 0.439997
v -19.016514 0.123733 -0.440003
v -18.962467 0.160891 0.439997
v -18.962467 0.160891 -0.440003
v -18.908218 0.194622 0.439997
v -18.908218 0.194622 -0.440003
v -18.854328 0.224672 0.439997
v -18.854328 0.224672 -0.440003
v -18.801342 0.250791 0.439997
v -18.801342 0.250791 -0.440003
v -18.749817 0.272726 0.439997
v -18.749817 0.272726 -0.440003
v -18.700310 0.290226 0.439997
v -18.700310 0.290226 -0.440003
v -18.653374 0.303037 0.439997
v -18.653374 0.303037 -0.440003
v -18.609562 0.310909 0.439997
v -18.609562 0.310909 -0.440003
v -18.569431 0.313589 0.439997
v -18.569431 0.313589 -0.440003
v -18.460846 0.304554 0.439997
v -18.460846 0.304554 -0.440003
v -18.357082 0.278204 0.439997
v -18.357082 0.278204 -0.440003
v -18.259010 0.235673 0.439997
v -18.259010 0.235673 -0.440003
v -18.167519 0.178097 0.439997
v -18.167519 0.178097 -0.440003
v -18.083488 0.106608 0.439997
v -18.083488 0.106608 -0.440003
v -18.007801 0.022341 0.439997
v -18.007801 0.022341 -0.440003
v -17.941334 -0.073570 0.439997
v -17.941334 -0.073570 -0.440003
v -17.884979 -0.179991 0.439997
v -17.884979 -0.179991 -0.440003
v -17.839607 -0.295787 0.439997
v -17.839607 -0.295787 -0.440003
v -17.806110 -0.419824 0.439997
v -17.806110 -0.419824 -0.440003
v -17.785362 -0.550969 0.439997
v -17.785362 -0.550969 -0.440003
v -17.778252 -0.688087 0.439997
v -17.778252 -0.688087 -0.440003
v -17.778252 -2.393841 0.439997
v -17.778252 -2.393841 -0.440003
v -17.132240 -2.393841 0.439997
v -17.132240 -2.393841 -0.440003
v -17.132240 0.865237 0.439997
v -17.132240 0.865237 -0.440003
v -17.778252 0.865237 0.439997
v -17.778252 0.865237 -0.440003
vn -0.0000 -0.0000 -1.0000
vn -0.0000 -0.0000 1.0000
vn -0.3771 -0.9262 -0.0000
vn -0.3491 -0.9371 -0.0000
vn -0.3180 -0.9481 -0.0000
vn -0.2842 -0.9588 -0.0000
vn -0.2482 -0.9687 -0.0000
vn -0.2107 -0.9776 -0.0000
vn -0.1725 -0.9850 -0.0000
vn -0.1345 -0.9909 -0.0000
vn -0.0977 -0.9952 -0.0000
vn -0.0626 -0.9980 -0.0000
vn -0.0301 -0.9995 -0.0000
vn 0.0220 -0.9998 -0.0000
vn 0.1184 -0.9930 -0.0000
vn 0.2385 -0.9711 -0.0000
vn 0.3584 -0.9336 -0.0000
vn 0.4753 -0.8798 -0.0000
vn 0.5867 -0.8098 -0.0000
vn 0.6895 -0.7242 -0.0000
vn 0.7812 -0.6243 -0.0000
vn 0.8590 -0.5119 -0.0000
vn 0.9209 -0.3898 -0.0000
vn 0.9652 -0.2614 -0.0000
vn 0.9915 -0.1303 -0.0000
vn 1.0000 0.0006 -0.0000
vn 0.9913 0.1318 -0.0000
vn 0.9648 0.2630 -0.0000
vn 0.9208 0.3901 -0.0000
vn 0.8602 0.5100 -0.0000
vn 0.7845 0.6202 -0.0000
vn 0.6955 0.7186 -0.0000
vn 0.5951 0.8036 -0.0000
vn 0.4855 0.8742 -0.0000
vn 0.3688 0.9295 -0.0000
vn 0.2474 0.9689 -0.0000
vn 0.1236 0.9923 -0.0000
vn 0.0235 0.9997 -0.0000
vn -0.0308 0.9995 -0.0000
vn -0.0661 0.9978 -0.0000
vn -0.1056 0.9944 -0.0000
vn -0.1475 0.9891 -0.0000
vn -0.1899 0.9818 -0.0000
vn -0.2307 0.9730 -0.0000
vn -0.2683 0.9633 -0.0000
vn -0.3015 0.9535 -0.0000
vn -0.3299 0.9440 -0.0000
vn -0.3535 0.9355 -0.0000
vn -0.3724 0.9281 -0.0000
vn -0.8309 0.5565 -0.0000
vn -0.5168 -0.8561 -0.0000
vn 0.4493 -0.8934 -0.0000
vn 0.4153 -0.9097 -0.0000
vn 0.3798 -0.9250 -0.0000
vn 0.3429 -0.9394 -0.0000
vn 0.3044 -0.9525 -0.0000
vn 0.2645 -0.9644 -0.0000
vn 0.2232 -0.9748 -0.0000
vn 0.1806 -0.9835 -0.0000
vn 0.1369 -0.9906 -0.0000
vn 0.0921 -0.9958 -0.0000
vn 0.0464 -0.9989 -0.0000
vn -0.0201 -0.9998 -0.0000
vn -0.1277 -0.9918 -0.0000
vn -0.2547 -0.9670 -0.0000
vn -0.3780 -0.9258 -0.0000
vn -0.4953 -0.8687 -0.0000
vn -0.6044 -0.7967 -0.0000
vn -0.7034 -0.7108 -0.0000
vn -0.7905 -0.6124 -0.0000
vn -0.8642 -0.5031 -0.0000
vn -0.9231 -0.3846 -0.0000
vn -0.9658 -0.2594 -0.0000
vn -0.9915 -0.1301 -0.0000
vn -1.0000 -0.0009 -0.0000
vn -0.9918 0.1281 -0.0000
vn -0.9660 0.2586 -0.0000
vn -0.9216 0.3881 -0.0000
vn -0.8588 0.5123 -0.0000
vn -0.7790 0.6271 -0.0000
vn -0.6845 0.7290 -0.0000
vn -0.5788 0.8154 -0.0000
vn -0.4655 0.8851 -0.0000
vn -0.3480 0.9375 -0.0000
vn -0.2297 0.9733 -0.0000
vn -0.1131 0.9936 -0.0000
vn -0.0185 0.9998 -0.0000
vn 0.0368 0.9993 -0.0000
vn 0.0724 0.9974 -0.0000
vn 0.1062 0.9943 -0.0000
vn 0.1380 0.9904 -0.0000
vn 0.1676 0.9859 -0.0000
vn 0.1947 0.9809 -0.0000
vn 0.2195 0.9756 -0.0000
vn 0.2416 0.9704 -0.0000
vn 0.2611 0.9653 -0.0000
vn 0.2779 0.9606 -0.0000
vn 0.2921 0.9564 -0.0000
vn 0.8058 0.5922 -0.0000
vn 0.7071 -0.7071 -0.0000
vn 0.7071 0.7071 -0.0000
vn -0.7071 0.7071 -0.0000
vn -0.8338 -0.5521 -0.0000
vn -0.5395 -0.8420 -0.0000
vn -0.5244 -0.8515 -0.0000
vn -0.5027 -0.8645 -0.0000
vn -0.4729 -0.8811 -0.0000
vn -0.4336 -0.9011 -0.0000
vn -0.3841 -0.9233 -0.0000
vn -0.3247 -0.9458 -0.0000
vn -0.2577 -0.9662 -0.0000
vn -0.1869 -0.9824 -0.0000
vn -0.1177 -0.9930 -0.0000
vn -0.0548 -0.9985 -0.0000
vn 0.0029 -1.0000 -0.0000
vn 0.0670 -0.9978 -0.0000
vn 0.1445 -0.9895 -0.0000
vn 0.2345 -0.9721 -0.0000
vn 0.3361 -0.9418 -0.0000
vn 0.4464 -0.8948 -0.0000
vn 0.5597 -0.8287 -0.0000
vn 0.6682 -0.7440 -0.0000
vn 0.7643 -0.6449 -0.0000
vn 0.8426 -0.5385 -0.0000
vn 0.9016 -0.4327 -0.0000
vn 0.9428 -0.3334 -0.0000
vn 0.3111 -0.9504 -0.0000
vn -0.5845 -0.8114 -0.0000
vn -0.5440 -0.8391 -0.0000
vn -0.5005 -0.8658 -0.0000
vn -0.4539 -0.8910 -0.0000
vn -0.4045 -0.9146 -0.0000
vn -0.3522 -0.9359 -0.0000
vn -0.2975 -0.9547 -0.0000
vn -0.2406 -0.9706 -0.0000
vn -0.1819 -0.9833 -0.0000
vn -0.1219 -0.9925 -0.0000
vn -0.0611 -0.9981 -0.0000
vn 0.0176 -0.9998 -0.0000
vn 0.1330 -0.9911 -0.0000
vn 0.2663 -0.9639 -0.0000
vn 0.3956 -0.9184 -0.0000
vn 0.5169 -0.8560 -0.0000
vn 0.6272 -0.7789 -0.0000
vn 0.7244 -0.6893 -0.0000
vn 0.8076 -0.5898 -0.0000
vn 0.8761 -0.4821 -0.0000
vn 0.9298 -0.3680 -0.0000
vn 0.9686 -0.2487 -0.0000
vn 0.9921 -0.1254 -0.0000
vn 1.0000 0.0074 -0.0000
vn 0.9868 0.1617 -0.0000
vn 0.9441 0.3297 -0.0000
vn 0.8721 0.4894 -0.0000
vn 0.7800 0.6258 -0.0000
vn 0.6815 0.7318 -0.0000
vn 0.5887 0.8084 -0.0000
vn 0.5086 0.8610 -0.0000
vn 0.4442 0.8959 -0.0000
vn 0.3959 0.9183 -0.0000
vn 0.3631 0.9318 -0.0000
vn 0.3452 0.9385 -0.0000
vn 0.3370 0.9415 -0.0000
vn 0.8167 0.5770 -0.0000
vn 0.9998 -0.0211 -0.0000
vn 0.9959 -0.0910 -0.0000
vn 0.9803 -0.1975 -0.0000
vn 0.9470 -0.3213 -0.0000
vn 0.8889 -0.4580 -0.0000
vn 0.8017 -0.5978 -0.0000
vn 0.6870 -0.7267 -0.0000
vn 0.5545 -0.8322 -0.0000
vn 0.4179 -0.9085 -0.0000
vn 0.2895 -0.9572 -0.0000
vn 0.1765 -0.9843 -0.0000
vn 0.0809 -0.9967 -0.0000
vn -0.0009 -1.0000 -0.0000
vn -0.0786 -0.9969 -0.0000
vn -0.1570 -0.9876 -0.0000
vn -0.2344 -0.9721 -0.0000
vn -0.3097 -0.9508 -0.0000
vn -0.3821 -0.9241 -0.0000
vn -0.4508 -0.8926 -0.0000
vn -0.5152 -0.8571 -0.0000
vn -0.5750 -0.8182 -0.0000
vn -0.6298 -0.7768 -0.0000
vn -0.6795 -0.7337 -0.0000
vn -0.7243 -0.6895 -0.0000
vn 0.3570 -0.9341 -0.0000
vn 0.9315 0.3637 -0.0000
vn 0.7084 0.7058 -0.0000
vn 0.6504 0.7596 -0.0000
vn 0.5872 0.8094 -0.0000
vn 0.5199 0.8542 -0.0000
vn 0.4500 0.8930 -0.0000
vn 0.3790 0.9254 -0.0000
vn 0.3085 0.9512 -0.0000
vn 0.2398 0.9708 -0.0000
vn 0.1740 0.9847 -0.0000
vn 0.1120 0.9937 -0.0000
vn 0.0541 0.9985 -0.0000
vn -0.0085 1.0000 -0.0000
vn -0.0893 0.9960 -0.0000
vn -0.1859 0.9826 -0.0000
vn -0.2909 0.9568 -0.0000
vn -0.4034 0.9150 -0.0000
vn -0.5207 0.8538 -0.0000
vn -0.6378 0.7702 -0.0000
vn -0.7476 0.6642 -0.0000
vn -0.8423 0.5390 -0.0000
vn -0.9158 0.4017 -0.0000
vn -0.9653 0.2612 -0.0000
vn -0.9921 0.1258 -0.0000
vn -0.9995 0.0301 -0.0000
vn -0.9999 0.0155 -0.0000
vn -0.9978 0.0670 -0.0000
vn -0.9891 0.1470 -0.0000
vn -0.9698 0.2438 -0.0000
vn -0.9337 0.3582 -0.0000
vn -0.8733 0.4872 -0.0000
vn -0.7825 0.6226 -0.0000
vn -0.6611 0.7503 -0.0000
vn -0.5179 0.8555 -0.0000
vn -0.3681 0.9298 -0.0000
vn -0.2272 0.9738 -0.0000
vn -0.1045 0.9945 -0.0000
vn 0.0139 0.9999 -0.0000
vn 0.1353 0.9908 -0.0000
vn 0.2368 0.9716 -0.0000
vn 0.3116 0.9502 -0.0000
vn 0.3689 0.9295 -0.0000
vn 0.4145 0.9101 -0.0000
vn 0.4521 0.8920 -0.0000
vn 0.4840 0.8751 -0.0000
vn 0.5119 0.8591 -0.0000
vn 0.5367 0.8438 -0.0000
vn 0.5593 0.8290 -0.0000
vn 0.5802 0.8145 -0.0000
vn -0.4526 0.8917 -0.0000
vn -0.8791 -0.4767 -0.0000
vn -0.3352 -0.9422 -0.0000
vn -0.3536 -0.9354 -0.0000
vn -0.3812 -0.9245 -0.0000
vn -0.4196 -0.9077 -0.0000
vn -0.4705 -0.8824 -0.0000
vn -0.5358 -0.8443 -0.0000
vn -0.6169 -0.7870 -0.0000
vn -0.7126 -0.7016 -0.0000
vn -0.8158 -0.5784 -0.0000
vn -0.9110 -0.4124 -0.0000
vn -0.9772 -0.2122 -0.0000
vn -0.9998 -0.0220 -0.0000
vn -0.9922 0.1244 -0.0000
vn -0.9680 0.2510 -0.0000
vn -0.9262 0.3771 -0.0000
vn -0.8667 0.4988 -0.0000
vn -0.7905 0.6125 -0.0000
vn -0.6993 0.7148 -0.0000
vn -0.5957 0.8032 -0.0000
vn -0.4827 0.8758 -0.0000
vn -0.3635 0.9316 -0.0000
vn -0.2415 0.9704 -0.0000
vn -0.1196 0.9928 -0.0000
vn -0.0087 1.0000 -0.0000
vn 0.0825 0.9966 -0.0000
vn 0.1630 0.9866 -0.0000
vn 0.2399 0.9708 -0.0000
vn 0.3121 0.9501 -0.0000
vn 0.3788 0.9255 -0.0000
vn 0.4397 0.8981 -0.0000
vn 0.4947 0.8691 -0.0000
vn 0.5439 0.8391 -0.0000
vn 0.5878 0.8090 -0.0000
vn 0.6267 0.7793 -0.0000
vn 0.6611 0.7503 -0.0000
vn 0.9157 0.4018 -0.0000
vn 0.5796 -0.8149 -0.0000
vn -0.3917 0.9201 -0.0000
vn 0.6779 0.7351 -0.0000
vn 0.6448 0.7643 -0.0000
vn 0.6070 0.7947 -0.0000
vn 0.5637 0.8260 -0.0000
vn 0.5145 0.8575 -0.0000
vn 0.4588 0.8885 -0.0000
vn 0.3965 0.9180 -0.0000
vn 0.3274 0.9449 -0.0000
vn 0.2521 0.9677 -0.0000
vn 0.1714 0.9852 -0.0000
vn 0.0868 0.9962 -0.0000
vn 0.0011 1.0000 -0.0000
vn -0.0842 0.9965 -0.0000
vn -0.1708 0.9853 -0.0000
vn -0.2590 0.9659 -0.0000
vn -0.3471 0.9378 -0.0000
vn -0.4333 0.9012 -0.0000
vn -0.5158 0.8567 -0.0000
vn -0.5930 0.8052 -0.0000
vn -0.6636 0.7481 -0.0000
vn -0.7268 0.6868 -0.0000
vn -0.7822 0.6230 -0.0000
vn -0.8299 0.5580 -0.0000
vn -0.0942 0.9956 -0.0000
vn 0.7251 0.6887 -0.0000
vn 0.6970 0.7171 -0.0000
vn 0.6625 0.7490 -0.0000
vn 0.6209 0.7839 -0.0000
vn 0.5712 0.8208 -0.0000
vn 0.5128 0.8585 -0.0000
vn 0.4451 0.8955 -0.0000
vn 0.3684 0.9297 -0.0000
vn 0.2835 0.9590 -0.0000
vn 0.1920 0.9814 -0.0000
vn 0.0965 0.9953 -0.0000
vn -0.1337 0.9910 -0.0000
vn -0.2723 0.9622 -0.0000
vn -0.4111 0.9116 -0.0000
vn -0.5434 0.8395 -0.0000
vn -0.6628 0.7488 -0.0000
vn -0.7646 0.6445 -0.0000
vn -0.8464 0.5325 -0.0000
vn -0.9084 0.4180 -0.0000
vn -0.9522 0.3054 -0.0000
vn -0.9803 0.1974 -0.0000
vn -0.9954 0.0956 -0.0000
vn -0.9997 0.0232 -0.0000
vn -0.7071 -0.7071 -0.0000
vn 0.9997 -0.0261 -0.0000
vn 0.9941 -0.1080 -0.0000
vn 0.9749 -0.2226 -0.0000
vn 0.9397 -0.3421 -0.0000
vn 0.8865 -0.4627 -0.0000
vn 0.8146 -0.5800 -0.0000
vn 0.7248 -0.6890 -0.0000
vn 0.6195 -0.7850 -0.0000
vn 0.5026 -0.8645 -0.0000
vn 0.3783 -0.9257 -0.0000
vn 0.2508 -0.9680 -0.0000
vn 0.1240 -0.9923 -0.0000
vn 0.0117 -0.9999 -0.0000
vn -0.1013 -0.9949 -0.0000
vn -0.2169 -0.9762 -0.0000
vn -0.3115 -0.9502 -0.0000
vn -0.3891 -0.9212 -0.0000
vn -0.4533 -0.8913 -0.0000
vn -0.5073 -0.8618 -0.0000
vn -0.5533 -0.8330 -0.0000
vn -0.5934 -0.8049 -0.0000
vn -0.6288 -0.7775 -0.0000
vn -0.6609 -0.7505 -0.0000
vn -0.6903 -0.7235 -0.0000
vn -0.9231 -0.3845 -0.0000
vn 0.9998 -0.0217 -0.0000
vn 0.9815 -0.1916 -0.0000
vn 0.9533 -0.3021 -0.0000
vn 0.9075 -0.4201 -0.0000
vn 0.8411 -0.5409 -0.0000
vn 0.7527 -0.6583 -0.0000
vn 0.6442 -0.7649 -0.0000
vn 0.5203 -0.8540 -0.0000
vn 0.3877 -0.9218 -0.0000
vn 0.2535 -0.9673 -0.0000
vn 0.1235 -0.9923 -0.0000
vn 0.0163 -0.9999 -0.0000
vn -0.0585 -0.9983 -0.0000
vn -0.1256 -0.9921 -0.0000
vn -0.2011 -0.9796 -0.0000
vn -0.2825 -0.9593 -0.0000
vn -0.3659 -0.9307 -0.0000
vn -0.4469 -0.8946 -0.0000
vn -0.5218 -0.8531 -0.0000
vn -0.5879 -0.8089 -0.0000
vn -0.6441 -0.7649 -0.0000
vn -0.6904 -0.7234 -0.0000
vn -0.7277 -0.6859 -0.0000
vn -0.9338 -0.3577 -0.0000
vn -0.5233 -0.8522 -0.0000
vn -0.4869 -0.8735 -0.0000
vn -0.4449 -0.8956 -0.0000
vn -0.3980 -0.9174 -0.0000
vn -0.3470 -0.9379 -0.0000
vn -0.2934 -0.9560 -0.0000
vn -0.2388 -0.9711 -0.0000
vn -0.1848 -0.9828 -0.0000
vn -0.1330 -0.9911 -0.0000
vn -0.0845 -0.9964 -0.0000
vn -0.0403 -0.9992 -0.0000
vn 0.0250 -0.9997 -0.0000
vn 0.1412 -0.9900 -0.0000
vn 0.2852 -0.9585 -0.0000
vn 0.4256 -0.9049 -0.0000
vn 0.5557 -0.8314 -0.0000
vn 0.6701 -0.7422 -0.0000
vn 0.7664 -0.6424 -0.0000
vn 0.8438 -0.5366 -0.0000
vn 0.9036 -0.4283 -0.0000
vn 0.9475 -0.3198 -0.0000
vn 0.9773 -0.2121 -0.0000
vn 0.9944 -0.1055 -0.0000
vn 1.0000 0.0004 -0.0000
vn 0.9940 0.1091 -0.0000
vn 0.9749 0.2227 -0.0000
vn 0.9406 0.3396 -0.0000
vn 0.8894 0.4571 -0.0000
vn 0.8205 0.5717 -0.0000
vn 0.7339 0.6793 -0.0000
vn 0.6309 0.7758 -0.0000
vn 0.3887 0.9214 -0.0000
vn 0.2581 0.9661 -0.0000
vn 0.1274 0.9919 -0.0000
vn 0.0020 1.0000 -0.0000
vn -0.1222 0.9925 -0.0000
vn -0.2545 0.9671 -0.0000
vn -0.3939 0.9192 -0.0000
vn -0.5325 0.8465 -0.0000
vn -0.6607 0.7506 -0.0000
vn -0.7703 0.6377 -0.0000
vn -0.8564 0.5163 -0.0000
vn -0.9186 0.3951 -0.0000
vn -0.9599 0.2805 -0.0000
vn -0.9844 0.1760 -0.0000
vn -0.9966 0.0830 -0.0000
vn -0.7209 -0.6931 -0.0000
vn -0.7733 -0.6340 -0.0000
vn -0.9706 0.2406 -0.0000
vn -0.9427 0.3338 -0.0000
vn -0.9005 0.4348 -0.0000
vn -0.8413 0.5406 -0.0000
vn -0.7633 0.6461 -0.0000
vn -0.6671 0.7449 -0.0000
vn -0.5566 0.8308 -0.0000
vn -0.4378 0.8991 -0.0000
vn -0.3177 0.9482 -0.0000
vn -0.2026 0.9793 -0.0000
vn -0.0965 0.9953 -0.0000
vn -0.0076 1.0000 -0.0000
vn 0.0612 0.9981 -0.0000
vn 0.1212 0.9926 -0.0000
vn 0.1792 0.9838 -0.0000
vn 0.2344 0.9721 -0.0000
vn 0.2864 0.9581 -0.0000
vn 0.3347 0.9423 -0.0000
vn 0.3793 0.9253 -0.0000
vn 0.4201 0.9075 -0.0000
vn 0.4571 0.8894 -0.0000
vn 0.4904 0.8715 -0.0000
vn 0.5202 0.8540 -0.0000
vn -0.4826 0.8759 -0.0000
vn -0.8775 -0.4796 -0.0000
vn 0.9902 -0.1396 -0.0000
vn 0.9703 -0.2417 -0.0000
vn 0.9367 -0.3501 -0.0000
vn 0.8866 -0.4625 -0.0000
vn 0.8179 -0.5753 -0.0000
vn 0.7300 -0.6835 -0.0000
vn 0.6242 -0.7812 -0.0000
vn 0.5044 -0.8634 -0.0000
vn 0.3763 -0.9265 -0.0000
vn 0.2462 -0.9692 -0.0000
vn 0.1198 -0.9928 -0.0000
vn 0.0038 -1.0000 -0.0000
vn -0.1048 -0.9945 -0.0000
vn -0.2179 -0.9760 -0.0000
vn -0.3375 -0.9413 -0.0000
vn -0.4587 -0.8886 -0.0000
vn -0.5754 -0.8179 -0.0000
vn -0.6814 -0.7319 -0.0000
vn -0.7721 -0.6355 -0.0000
vn -0.8452 -0.5345 -0.0000
vn -0.9009 -0.4341 -0.0000
vn -0.9411 -0.3381 -0.0000
vn -0.9685 -0.2490 -0.0000
vn -0.7766 0.6300 -0.0000
vn 0.7383 0.6744 -0.0000
vn -0.1217 0.9926 -0.0000
vn -0.2465 0.9692 -0.0000
vn -0.3712 0.9285 -0.0000
vn -0.4921 0.8705 -0.0000
vn -0.6053 0.7960 -0.0000
vn -0.7076 0.7066 -0.0000
vn -0.7964 0.6048 -0.0000
vn -0.8700 0.4931 -0.0000
vn -0.9273 0.3743 -0.0000
vn -0.9921 0.1255 -0.0000
vn -1.0000 -0.0000 -0.0000
vn -0.9921 -0.1251 -0.0000
vn -0.9684 -0.2494 -0.0000
vn -0.9286 -0.3711 -0.0000
vn -0.8726 -0.4885 -0.0000
vn -0.8005 -0.5993 -0.0000
vn -0.7130 -0.7012 -0.0000
vn -0.6114 -0.7913 -0.0000
vn -0.4980 -0.8672 -0.0000
vn -0.3761 -0.9266 -0.0000
vn -0.2497 -0.9683 -0.0000
vn -0.1232 -0.9924 -0.0000
vn 0.0008 -1.0000 -0.0000
vn 0.1260 -0.9920 -0.0000
vn 0.2541 -0.9672 -0.0000
vn 0.3807 -0.9247 -0.0000
vn 0.5017 -0.8650 -0.0000
vn 0.6136 -0.7896 -0.0000
vn 0.7137 -0.7004 -0.0000
vn 0.8001 -0.5999 -0.0000
vn 0.8716 -0.4902 -0.0000
vn 0.9276 -0.3736 -0.0000
vn 0.9678 -0.2519 -0.0000
vn 0.9919 -0.1267 -0.0000
vn 1.0000 0.0003 -0.0000
vn 0.9918 0.1281 -0.0000
vn 0.9669 0.2551 -0.0000
vn 0.9255 0.3787 -0.0000
vn 0.8679 0.4967 -0.0000
vn 0.7947 0.6070 -0.0000
vn 0.7069 0.7073 -0.0000
vn 0.6061 0.7954 -0.0000
vn 0.4944 0.8692 -0.0000
vn 0.3745 0.9272 -0.0000
vn 0.2498 0.9683 -0.0000
vn 0.1239 0.9923 -0.0000
vn 0.0007 1.0000 -0.0000
vn 0.1226 0.9925 -0.0000
vn 0.2464 0.9692 -0.0000
vn 0.4869 0.8735 -0.0000
vn 0.5981 0.8015 -0.0000
vn 0.6996 0.7145 -0.0000
vn 0.7891 0.6143 -0.0000
vn 0.8644 0.5028 -0.0000
vn 0.9239 0.3825 -0.0000
vn 0.9665 0.2565 -0.0000
vn 0.9918 0.1280 -0.0000
vn 1.0000 0.0002 -0.0000
vn 0.9918 -0.1274 -0.0000
vn 0.9667 -0.2558 -0.0000
vn 0.9241 -0.3821 -0.0000
vn 0.8644 -0.5028 -0.0000
vn 0.7887 -0.6148 -0.0000
vn 0.6986 -0.7155 -0.0000
vn 0.5966 -0.8025 -0.0000
vn 0.4851 -0.8745 -0.0000
vn 0.3668 -0.9303 -0.0000
vn 0.2448 -0.9696 -0.0000
vn 0.1217 -0.9926 -0.0000
vn -0.0002 -1.0000 -0.0000
vn -0.1224 -0.9925 -0.0000
vn -0.2459 -0.9693 -0.0000
vn -0.3682 -0.9297 -0.0000
vn -0.4864 -0.8737 -0.0000
vn -0.5978 -0.8016 -0.0000
vn -0.6996 -0.7146 -0.0000
vn -0.7893 -0.6140 -0.0000
vn -0.8648 -0.5022 -0.0000
vn -0.9243 -0.3817 -0.0000
vn -0.9668 -0.2556 -0.0000
vn -0.9919 -0.1274 -0.0000
vn -1.0000 0.0002 -0.0000
vn -0.9918 0.1279 -0.0000
vn -0.9666 0.2563 -0.0000
vn -0.9241 0.3821 -0.0000
vn -0.8648 0.5022 -0.0000
vn -0.7897 0.6135 -0.0000
vn -0.7005 0.7136 -0.0000
vn -0.5993 0.8005 -0.0000
vn -0.4883 0.8727 -0.0000
vn -0.3701 0.9290 -0.0000
vn -0.2475 0.9689 -0.0000
vn -0.1233 0.9924 -0.0000
vn -0.0002 1.0000 -0.0000
vn -0.5470 0.8371 -0.0000
vn 0.0046 1.0000 -0.0000
vn 0.5509 0.8346 -0.0000
vn -0.8357 0.5492 -0.0000
vn -0.5492 -0.8357 -0.0000
vn 0.5453 -0.8382 -0.0000
vn 0.8382 0.5453 -0.0000
vn -0.7721 -0.6356 -0.0000
vn -0.9009 -0.4340 -0.0000
vn 0.4939 0.8695 -0.0000
vn 0.8475 0.5309 -0.0000
vn 0.8215 0.5702 -0.0000
vn 0.7896 0.6136 -0.0000
vn 0.7502 0.6612 -0.0000
vn 0.7015 0.7127 -0.0000
vn 0.6414 0.7672 -0.0000
vn 0.5679 0.8231 -0.0000
vn 0.4795 0.8775 -0.0000
vn 0.3758 0.9267 -0.0000
vn 0.2585 0.9660 -0.0000
vn 0.1314 0.9913 -0.0000
vn 0.0132 0.9999 -0.0000
vn -0.0794 0.9968 -0.0000
vn -0.1584 0.9874 -0.0000
vn -0.2354 0.9719 -0.0000
vn -0.3086 0.9512 -0.0000
vn -0.3768 0.9263 -0.0000
vn -0.4390 0.8985 -0.0000
vn -0.4949 0.8690 -0.0000
vn -0.5444 0.8388 -0.0000
vn -0.5879 0.8089 -0.0000
vn -0.6257 0.7800 -0.0000
vn -0.6585 0.7526 -0.0000
vn -0.9900 0.1414 -0.0000
vn -0.1400 -0.9902 -0.0000
vn 0.6579 -0.7531 -0.0000
vn 0.6218 -0.7832 -0.0000
vn 0.5852 -0.8109 -0.0000
vn 0.5474 -0.8368 -0.0000
vn 0.5077 -0.8616 -0.0000
vn 0.4647 -0.8855 -0.0000
vn 0.4171 -0.9089 -0.0000
vn 0.3627 -0.9319 -0.0000
vn 0.2985 -0.9544 -0.0000
vn 0.2203 -0.9754 -0.0000
vn 0.1219 -0.9925 -0.0000
vn -0.0082 -1.0000 -0.0000
vn -0.1651 -0.9863 -0.0000
vn -0.3230 -0.9464 -0.0000
vn -0.4666 -0.8845 -0.0000
vn -0.5918 -0.8061 -0.0000
vn -0.6975 -0.7166 -0.0000
vn -0.7845 -0.6201 -0.0000
vn -0.8543 -0.5197 -0.0000
vn -0.9089 -0.4171 -0.0000
vn -0.9497 -0.3132 -0.0000
vn -0.9780 -0.2088 -0.0000
vn -0.9946 -0.1042 -0.0000
vn -0.9997 -0.0259 -0.0000
vt 0.222222 0.000000
vt 0.259259 0.000000
vt 0.240741 0.000000
vt 0.277778 0.000000
vt 0.203704 0.000000
vt 0.296296 0.000000
vt 0.185185 0.000000
vt 0.314815 0.000000
vt 0.333333 0.000000
vt 0.166667 0.000000
vt 0.351852 0.000000
vt 0.962963 0.000000
vt 1.000000 0.000000
vt 0.981481 0.000000
vt 0.000000 0.000000
vt 0.148148 0.000000
vt 0.370370 0.000000
vt 0.388889 0.000000
vt 0.129630 0.000000
vt 0.407407 0.000000
vt 0.111111 0.000000
vt 0.425926 0.000000
vt 0.444444 0.000000
vt 0.092593 0.000000
vt 0.462963 0.000000
vt 0.074074 0.000000
vt 0.648148 0.000000
vt 0.629630 0.000000
vt 0.611111 0.000000
vt 0.592593 0.000000
vt 0.574074 0.000000
vt 0.555556 0.000000
vt 0.537037 0.000000
vt 0.518519 0.000000
vt 0.500000 0.000000
vt 0.481481 0.000000
vt 0.055556 0.000000
vt 0.685185 0.000000
vt 0.666667 0.000000
vt 0.037037 0.000000
vt 0.722222 0.000000
vt 0.703704 0.000000
vt 0.740741 0.000000
vt 0.759259 0.000000
vt 0.018519 0.000000
vt 0.777778 0.000000
vt 0.796296 0.000000
vt 0.870370 0.000000
vt 0.851852 0.000000
vt 0.833333 0.000000
vt 0.814815 0.000000
vt 0.888889 0.000000
vt 0.907407 0.000000
vt 0.925926 0.000000
vt 0.944444 0.000000
vt 0.346939 0.000000
vt 0.367347 0.000000
vt 0.357143 0.000000
vt 0.377551 0.000000
vt 0.336735 0.000000
vt 0.387755 0.000000
vt 0.326531 0.000000
vt 0.397959 0.000000
vt 0.316327 0.000000
vt 0.408163 0.000000
vt 0.306122 0.000000
vt 0.418367 0.000000
vt 0.295918 0.000000
vt 0.428571 0.000000
vt 0.285714 0.000000
vt 0.867347 0.000000
vt 0.877551 0.000000
vt 0.857143 0.000000
vt 0.887755 0.000000
vt 0.846939 0.000000
vt 0.897959 0.000000
vt 0.836735 0.000000
vt 0.438776 0.000000
vt 0.908163 0.000000
vt 0.275510 0.000000
vt 0.826531 0.000000
vt 0.918367 0.000000
vt 0.816327 0.000000
vt 0.928571 0.000000
vt 0.806122 0.000000
vt 0.938776 0.000000
vt 0.795918 0.000000
vt 0.265306 0.000000
vt 0.448980 0.000000
vt 0.948980 0.000000
vt 0.785714 0.000000
vt 0.959184 0.000000
vt 0.775510 0.000000
vt 0.255102 0.000000
vt 0.459184 0.000000
vt 0.969388 0.000000
vt 0.765306 0.000000
vt 0.979592 0.000000
vt 0.755102 0.000000
vt 0.244898 0.000000
vt 0.989796 0.000000
vt 0.469388 0.000000
vt 0.234694 0.000000
vt 0.479592 0.000000
vt 0.224490 0.000000
vt 0.489796 0.000000
vt 0.214286 0.000000
vt 0.510204 0.000000
vt 0.520408 0.000000
vt 0.204082 0.000000
vt 0.530612 0.000000
vt 0.193878 0.000000
vt 0.540816 0.000000
vt 0.724490 0.000000
vt 0.744898 0.000000
vt 0.734694 0.000000
vt 0.551020 0.000000
vt 0.714286 0.000000
vt 0.704082 0.000000
vt 0.183673 0.000000
vt 0.561224 0.000000
vt 0.693878 0.000000
vt 0.683673 0.000000
vt 0.571429 0.000000
vt 0.673469 0.000000
vt 0.581633 0.000000
vt 0.663265 0.000000
vt 0.173469 0.000000
vt 0.653061 0.000000
vt 0.591837 0.000000
vt 0.642857 0.000000
vt 0.602041 0.000000
vt 0.632653 0.000000
vt 0.622449 0.000000
vt 0.612245 0.000000
vt 0.163265 0.000000
vt 0.153061 0.000000
vt 0.010204 0.000000
vt 0.020408 0.000000
vt 0.142857 0.000000
vt 0.030612 0.000000
vt 0.040816 0.000000
vt 0.132653 0.000000
vt 0.051020 0.000000
vt 0.061224 0.000000
vt 0.122449 0.000000
vt 0.071429 0.000000
vt 0.081633 0.000000
vt 0.091837 0.000000
vt 0.112245 0.000000
vt 0.102041 0.000000
vt 0.484211 0.000000
vt 0.494737 0.000000
vt 0.010526 0.000000
vt 0.473684 0.000000
vt 0.021053 0.000000
vt 0.463158 0.000000
vt 0.031579 0.000000
vt 0.452632 0.000000
vt 0.042105 0.000000
vt 0.442105 0.000000
vt 0.052632 0.000000
vt 0.431579 0.000000
vt 0.747368 0.000000
vt 0.757895 0.000000
vt 0.736842 0.000000
vt 0.726316 0.000000
vt 0.768421 0.000000
vt 0.715789 0.000000
vt 0.778947 0.000000
vt 0.063158 0.000000
vt 0.421053 0.000000
vt 0.705263 0.000000
vt 0.789474 0.000000
vt 0.694737 0.000000
vt 0.800000 0.000000
vt 0.073684 0.000000
vt 0.410526 0.000000
vt 0.684211 0.000000
vt 0.810526 0.000000
vt 0.673684 0.000000
vt 0.821053 0.000000
vt 0.084211 0.000000
vt 0.400000 0.000000
vt 0.663158 0.000000
vt 0.831579 0.000000
vt 0.094737 0.000000
vt 0.389474 0.000000
vt 0.652632 0.000000
vt 0.842105 0.000000
vt 0.642105 0.000000
vt 0.852632 0.000000
vt 0.105263 0.000000
vt 0.378947 0.000000
vt 0.631579 0.000000
vt 0.863158 0.000000
vt 0.115789 0.000000
vt 0.368421 0.000000
vt 0.621053 0.000000
vt 0.873684 0.000000
vt 0.357895 0.000000
vt 0.884211 0.000000
vt 0.610526 0.000000
vt 0.126316 0.000000
vt 0.894737 0.000000
vt 0.600000 0.000000
vt 0.136842 0.000000
vt 0.347368 0.000000
vt 0.905263 0.000000
vt 0.589474 0.000000
vt 0.147368 0.000000
vt 0.336842 0.000000
vt 0.578947 0.000000
vt 0.915789 0.000000
vt 0.157895 0.000000
vt 0.326316 0.000000
vt 0.568421 0.000000
vt 0.926316 0.000000
vt 0.557895 0.000000
vt 0.936842 0.000000
vt 0.168421 0.000000
vt 0.315789 0.000000
vt 0.547368 0.000000
vt 0.947368 0.000000
vt 0.536842 0.000000
vt 0.957895 0.000000
vt 0.178947 0.000000
vt 0.305263 0.000000
vt 0.526316 0.000000
vt 0.968421 0.000000
vt 0.515789 0.000000
vt 0.978947 0.000000
vt 0.189474 0.000000
vt 0.294737 0.000000
vt 0.505263 0.000000
vt 0.989474 0.000000
vt 0.200000 0.000000
vt 0.284211 0.000000
vt 0.210526 0.000000
vt 0.273684 0.000000
vt 0.221053 0.000000
vt 0.263158 0.000000
vt 0.231579 0.000000
vt 0.252632 0.000000
vt 0.242105 0.000000
vt 0.103774 0.000000
vt 0.122642 0.000000
vt 0.113208 0.000000
vt 0.330189 0.000000
vt 0.349057 0.000000
vt 0.339623 0.000000
vt 0.094340 0.000000
vt 0.132075 0.000000
vt 0.320755 0.000000
vt 0.358491 0.000000
vt 0.084906 0.000000
vt 0.141509 0.000000
vt 0.311321 0.000000
vt 0.075472 0.000000
vt 0.150943 0.000000
vt 0.367925 0.000000
vt 0.301887 0.000000
vt 0.066038 0.000000
vt 0.981132 0.000000
vt 0.990566 0.000000
vt 0.160377 0.000000
vt 0.292453 0.000000
vt 0.056604 0.000000
vt 0.377358 0.000000
vt 0.169811 0.000000
vt 0.047170 0.000000
vt 0.283019 0.000000
vt 0.179245 0.000000
vt 0.386792 0.000000
vt 0.037736 0.000000
vt 0.273585 0.000000
vt 0.188679 0.000000
vt 0.028302 0.000000
vt 0.264151 0.000000
vt 0.396226 0.000000
vt 0.198113 0.000000
vt 0.018868 0.000000
vt 0.254717 0.000000
vt 0.207547 0.000000
vt 0.009434 0.000000
vt 0.405660 0.000000
vt 0.245283 0.000000
vt 0.216981 0.000000
vt 0.235849 0.000000
vt 0.594340 0.000000
vt 0.415094 0.000000
vt 0.962264 0.000000
vt 0.952830 0.000000
vt 0.943396 0.000000
vt 0.933962 0.000000
vt 0.924528 0.000000
vt 0.915094 0.000000
vt 0.905660 0.000000
vt 0.896226 0.000000
vt 0.886792 0.000000
vt 0.877358 0.000000
vt 0.867925 0.000000
vt 0.858491 0.000000
vt 0.849057 0.000000
vt 0.226415 0.000000
vt 0.603774 0.000000
vt 0.839623 0.000000
vt 0.584906 0.000000
vt 0.613208 0.000000
vt 0.830189 0.000000
vt 0.575472 0.000000
vt 0.622642 0.000000
vt 0.820755 0.000000
vt 0.566038 0.000000
vt 0.632075 0.000000
vt 0.811321 0.000000
vt 0.556604 0.000000
vt 0.641509 0.000000
vt 0.424528 0.000000
vt 0.801887 0.000000
vt 0.650943 0.000000
vt 0.547170 0.000000
vt 0.660377 0.000000
vt 0.792453 0.000000
vt 0.537736 0.000000
vt 0.669811 0.000000
vt 0.783019 0.000000
vt 0.528302 0.000000
vt 0.679245 0.000000
vt 0.433962 0.000000
vt 0.773585 0.000000
vt 0.688679 0.000000
vt 0.518868 0.000000
vt 0.698113 0.000000
vt 0.764151 0.000000
vt 0.509434 0.000000
vt 0.707547 0.000000
vt 0.443396 0.000000
vt 0.754717 0.000000
vt 0.971698 0.000000
vt 0.716981 0.000000
vt 0.745283 0.000000
vt 0.490566 0.000000
vt 0.452830 0.000000
vt 0.735849 0.000000
vt 0.481132 0.000000
vt 0.462264 0.000000
vt 0.726415 0.000000
vt 0.471698 0.000000
vt 0.560694 0.000000
vt 0.572254 0.000000
vt 0.566474 0.000000
vt 0.554913 0.000000
vt 0.578035 0.000000
vt 0.549133 0.000000
vt 0.543353 0.000000
vt 0.583815 0.000000
vt 0.537572 0.000000
vt 0.589595 0.000000
vt 0.531792 0.000000
vt 0.526012 0.000000
vt 0.595376 0.000000
vt 0.520231 0.000000
vt 0.601156 0.000000
vt 0.514451 0.000000
vt 0.508671 0.000000
vt 0.606936 0.000000
vt 0.502890 0.000000
vt 0.612717 0.000000
vt 0.497110 0.000000
vt 0.491329 0.000000
vt 0.485549 0.000000
vt 0.479769 0.000000
vt 0.473988 0.000000
vt 0.468208 0.000000
vt 0.462428 0.000000
vt 0.456647 0.000000
vt 0.450867 0.000000
vt 0.445087 0.000000
vt 0.439306 0.000000
vt 0.433526 0.000000
vt 0.427746 0.000000
vt 0.421965 0.000000
vt 0.618497 0.000000
vt 0.416185 0.000000
vt 0.624277 0.000000
vt 0.410405 0.000000
vt 0.404624 0.000000
vt 0.398844 0.000000
vt 0.393064 0.000000
vt 0.387283 0.000000
vt 0.630058 0.000000
vt 0.381503 0.000000
vt 0.375723 0.000000
vt 0.369942 0.000000
vt 0.635838 0.000000
vt 0.364162 0.000000
vt 0.358382 0.000000
vt 0.641618 0.000000
vt 0.352601 0.000000
vt 0.346821 0.000000
vt 0.341040 0.000000
vt 0.335260 0.000000
vt 0.329480 0.000000
vt 0.323699 0.000000
vt 0.317919 0.000000
vt 0.791907 0.000000
vt 0.994220 0.000000
vt 0.797688 0.000000
vt 0.312139 0.000000
vt 0.803468 0.000000
vt 0.306358 0.000000
vt 0.809249 0.000000
vt 0.300578 0.000000
vt 0.815029 0.000000
vt 0.820809 0.000000
vt 0.294798 0.000000
vt 0.826590 0.000000
vt 0.289017 0.000000
vt 0.832370 0.000000
vt 0.838150 0.000000
vt 0.283237 0.000000
vt 0.843931 0.000000
vt 0.849711 0.000000
vt 0.277457 0.000000
vt 0.855491 0.000000
vt 0.271676 0.000000
vt 0.861272 0.000000
vt 0.867052 0.000000
vt 0.265896 0.000000
vt 0.872832 0.000000
vt 0.878613 0.000000
vt 0.988439 0.000000
vt 0.260116 0.000000
vt 0.982659 0.000000
vt 0.884393 0.000000
vt 0.976879 0.000000
vt 0.774566 0.000000
vt 0.786127 0.000000
vt 0.780347 0.000000
vt 0.647399 0.000000
vt 0.890173 0.000000
vt 0.768786 0.000000
vt 0.971098 0.000000
vt 0.653179 0.000000
vt 0.763006 0.000000
vt 0.254335 0.000000
vt 0.895954 0.000000
vt 0.658960 0.000000
vt 0.965318 0.000000
vt 0.757225 0.000000
vt 0.664740 0.000000
vt 0.959538 0.000000
vt 0.751445 0.000000
vt 0.901734 0.000000
vt 0.670520 0.000000
vt 0.745665 0.000000
vt 0.953757 0.000000
vt 0.676301 0.000000
vt 0.739884 0.000000
vt 0.907514 0.000000
vt 0.682081 0.000000
vt 0.947977 0.000000
vt 0.734104 0.000000
vt 0.687861 0.000000
vt 0.248555 0.000000
vt 0.728324 0.000000
vt 0.913295 0.000000
vt 0.942197 0.000000
vt 0.693642 0.000000
vt 0.722543 0.000000
vt 0.699422 0.000000
vt 0.716763 0.000000
vt 0.936416 0.000000
vt 0.705202 0.000000
vt 0.710983 0.000000
vt 0.919075 0.000000
vt 0.930636 0.000000
vt 0.924855 0.000000
vt 0.132948 0.000000
vt 0.242775 0.000000
vt 0.138728 0.000000
vt 0.127168 0.000000
vt 0.236994 0.000000
vt 0.144509 0.000000
vt 0.121387 0.000000
vt 0.231214 0.000000
vt 0.150289 0.000000
vt 0.115607 0.000000
vt 0.005780 0.000000
vt 0.156069 0.000000
vt 0.109827 0.000000
vt 0.225434 0.000000
vt 0.011561 0.000000
vt 0.161850 0.000000
vt 0.104046 0.000000
vt 0.017341 0.000000
vt 0.219653 0.000000
vt 0.167630 0.000000
vt 0.098266 0.000000
vt 0.023121 0.000000
vt 0.173410 0.000000
vt 0.092486 0.000000
vt 0.028902 0.000000
vt 0.213873 0.000000
vt 0.179191 0.000000
vt 0.086705 0.000000
vt 0.034682 0.000000
vt 0.184971 0.000000
vt 0.040462 0.000000
vt 0.080925 0.000000
vt 0.208092 0.000000
vt 0.046243 0.000000
vt 0.190751 0.000000
vt 0.075145 0.000000
vt 0.052023 0.000000
vt 0.196532 0.000000
vt 0.069364 0.000000
vt 0.202312 0.000000
vt 0.057803 0.000000
vt 0.063584 0.000000
vt 0.336634 0.000000
vt 0.356436 0.000000
vt 0.346535 0.000000
vt 0.366337 0.000000
vt 0.376238 0.000000
vt 0.386139 0.000000
vt 0.326733 0.000000
vt 0.396040 0.000000
vt 0.405941 0.000000
vt 0.415842 0.000000
vt 0.316832 0.000000
vt 0.425743 0.000000
vt 0.435644 0.000000
vt 0.306931 0.000000
vt 0.445545 0.000000
vt 0.455446 0.000000
vt 0.297030 0.000000
vt 0.465347 0.000000
vt 0.574257 0.000000
vt 0.564356 0.000000
vt 0.554455 0.000000
vt 0.544554 0.000000
vt 0.534653 0.000000
vt 0.524752 0.000000
vt 0.514852 0.000000
vt 0.504951 0.000000
vt 0.495050 0.000000
vt 0.485149 0.000000
vt 0.475248 0.000000
vt 0.287129 0.000000
vt 0.594059 0.000000
vt 0.584158 0.000000
vt 0.603960 0.000000
vt 0.613861 0.000000
vt 0.623762 0.000000
vt 0.277228 0.000000
vt 0.633663 0.000000
vt 0.643564 0.000000
vt 0.267327 0.000000
vt 0.653465 0.000000
vt 0.663366 0.000000
vt 0.257426 0.000000
vt 0.673267 0.000000
vt 0.247525 0.000000
vt 0.683168 0.000000
vt 0.693069 0.000000
vt 0.237624 0.000000
vt 0.702970 0.000000
vt 0.227723 0.000000
vt 0.712871 0.000000
vt 0.722772 0.000000
vt 0.217822 0.000000
vt 0.970297 0.000000
vt 0.990099 0.000000
vt 0.980198 0.000000
vt 0.960396 0.000000
vt 0.732673 0.000000
vt 0.207921 0.000000
vt 0.742574 0.000000
vt 0.950495 0.000000
vt 0.198020 0.000000
vt 0.752475 0.000000
vt 0.762376 0.000000
vt 0.188119 0.000000
vt 0.772277 0.000000
vt 0.178218 0.000000
vt 0.782178 0.000000
vt 0.792079 0.000000
vt 0.168317 0.000000
vt 0.801980 0.000000
vt 0.940594 0.000000
vt 0.930693 0.000000
vt 0.920792 0.000000
vt 0.811881 0.000000
vt 0.910891 0.000000
vt 0.900990 0.000000
vt 0.891089 0.000000
vt 0.821782 0.000000
vt 0.158416 0.000000
vt 0.881188 0.000000
vt 0.871287 0.000000
vt 0.861386 0.000000
vt 0.831683 0.000000
vt 0.851485 0.000000
vt 0.841584 0.000000
vt 0.148515 0.000000
vt 0.009901 0.000000
vt 0.138614 0.000000
vt 0.019802 0.000000
vt 0.029703 0.000000
vt 0.128713 0.000000
vt 0.039604 0.000000
vt 0.049505 0.000000
vt 0.059406 0.000000
vt 0.118812 0.000000
vt 0.069307 0.000000
vt 0.079208 0.000000
vt 0.089109 0.000000
vt 0.108911 0.000000
vt 0.099010 0.000000
vt 0.000000 1.000000
vt 0.009804 1.000000
vt 0.009804 0.000000
vt 0.019608 1.000000
vt 0.019608 0.000000
vt 0.029412 1.000000
vt 0.029412 0.000000
vt 0.039216 1.000000
vt 0.039216 0.000000
vt 0.049020 1.000000
vt 0.049020 0.000000
vt 0.058824 1.000000
vt 0.058824 0.000000
vt 0.068627 1.000000
vt 0.068627 0.000000
vt 0.078431 1.000000
vt 0.078431 0.000000
vt 0.088235 1.000000
vt 0.088235 0.000000
vt 0.098039 1.000000
vt 0.098039 0.000000
vt 0.107843 1.000000
vt 0.107843 0.000000
vt 0.117647 1.000000
vt 0.117647 0.000000
vt 0.127451 1.000000
vt 0.127451 0.000000
vt 0.137255 1.000000
vt 0.137255 0.000000
vt 0.147059 1.000000
vt 0.147059 0.000000
vt 0.156863 1.000000
vt 0.156863 0.000000
vt 0.166667 1.000000
vt 0.176471 1.000000
vt 0.176471 0.000000
vt 0.186275 1.000000
vt 0.186275 0.000000
vt 0.196078 1.000000
vt 0.196078 0.000000
vt 0.205882 1.000000
vt 0.205882 0.000000
vt 0.215686 1.000000
vt 0.215686 0.000000
vt 0.225490 1.000000
vt 0.225490 0.000000
vt 0.235294 1.000000
vt 0.235294 0.000000
vt 0.245098 1.000000
vt 0.245098 0.000000
vt 0.254902 1.000000
vt 0.254902 0.000000
vt 0.264706 1.000000
vt 0.264706 0.000000
vt 0.274510 1.000000
vt 0.274510 0.000000
vt 0.284314 1.000000
vt 0.284314 0.000000
vt 0.294118 1.000000
vt 0.294118 0.000000
vt 0.303922 1.000000
vt 0.303922 0.000000
vt 0.313726 1.000000
vt 0.313726 0.000000
vt 0.323529 1.000000
vt 0.323529 0.000000
vt 0.333333 1.000000
vt 0.343137 1.000000
vt 0.343137 0.000000
vt 0.352941 1.000000
vt 0.352941 0.000000
vt 0.362745 1.000000
vt 0.362745 0.000000
vt 0.372549 1.000000
vt 0.372549 0.000000
vt 0.382353 1.000000
vt 0.382353 0.000000
vt 0.392157 1.000000
vt 0.392157 0.000000
vt 0.401961 1.000000
vt 0.401961 0.000000
vt 0.411765 1.000000
vt 0.411765 0.000000
vt 0.421569 1.000000
vt 0.421569 0.000000
vt 0.431373 1.000000
vt 0.431373 0.000000
vt 0.441176 1.000000
vt 0.441176 0.000000
vt 0.450980 1.000000
vt 0.450980 0.000000
vt 0.460784 1.000000
vt 0.460784 0.000000
vt 0.470588 1.000000
vt 0.470588 0.000000
vt 0.480392 1.000000
vt 0.480392 0.000000
vt 0.490196 1.000000
vt 0.490196 0.000000
vt 0.500000 1.000000
vt 0.509804 1.000000
vt 0.509804 0.000000
vt 0.519608 1.000000
vt 0.519608 0.000000
vt 0.529412 1.000000
vt 0.529412 0.000000
vt 0.539216 1.000000
vt 0.539216 0.000000
vt 0.549020 1.000000
vt 0.549020 0.000000
vt 0.558824 1.000000
vt 0.558824 0.000000
vt 0.568627 1.000000
vt 0.568627 0.000000
vt 0.578431 1.000000
vt 0.578431 0.000000
vt 0.588235 1.000000
vt 0.588235 0.000000
vt 0.598039 1.000000
vt 0.598039 0.000000
vt 0.607843 1.000000
vt 0.607843 0.000000
vt 0.617647 1.000000
vt 0.617647 0.000000
vt 0.627451 1.000000
vt 0.627451 0.000000
vt 0.637255 1.000000
vt 0.637255 0.000000
vt 0.647059 1.000000
vt 0.647059 0.000000
vt 0.656863 1.000000
vt 0.656863 0.000000
vt 0.666667 1.000000
vt 0.676471 1.000000
vt 0.676471 0.000000
vt 0.686275 1.000000
vt 0.686275 0.000000
vt 0.696078 1.000000
vt 0.696078 0.000000
vt 0.705882 1.000000
vt 0.705882 0.000000
vt 0.715686 1.000000
vt 0.715686 0.000000
vt 0.725490 1.000000
vt 0.725490 0.000000
vt 0.735294 1.000000
vt 0.735294 0.000000
vt 0.745098 1.000000
vt 0.745098 0.000000
vt 0.754902 1.000000
vt 0.754902 0.000000
vt 0.764706 1.000000
vt 0.764706 0.000000
vt 0.774510 1.000000
vt 0.774510 0.000000
vt 0.784314 1.000000
vt 0.784314 0.000000
vt 0.794118 1.000000
vt 0.794118 0.000000
vt 0.803922 1.000000
vt 0.803922 0.000000
vt 0.813725 1.000000
vt 0.813725 0.000000
vt 0.823529 1.000000
vt 0.823529 0.000000
vt 0.833333 1.000000
vt 0.843137 1.000000
vt 0.843137 0.000000
vt 0.852941 1.000000
vt 0.852941 0.000000
vt 0.862745 1.000000
vt 0.862745 0.000000
vt 0.872549 1.000000
vt 0.872549 0.000000
vt 0.882353 1.000000
vt 0.882353 0.000000
vt 0.892157 1.000000
vt 0.892157 0.000000
vt 0.901961 1.000000
vt 0.901961 0.000000
vt 0.911765 1.000000
vt 0.911765 0.000000
vt 0.921569 1.000000
vt 0.921569 0.000000
vt 0.931373 1.000000
vt 0.931373 0.000000
vt 0.941176 1.000000
vt 0.941176 0.000000
vt 0.950980 1.000000
vt 0.950980 0.000000
vt 0.960784 1.000000
vt 0.960784 0.000000
vt 0.970588 1.000000
vt 0.970588 0.000000
vt 0.980392 1.000000
vt 0.980392 0.000000
vt 0.990196 1.000000
vt 0.990196 0.000000
vt 1.000000 1.000000
vt 0.007299 1.000000
vt 0.007299 0.000000
vt 0.014599 1.000000
vt 0.014599 0.000000
vt 0.021898 1.000000
vt 0.021898 0.000000
vt 0.029197 1.000000
vt 0.029197 0.000000
vt 0.036496 1.000000
vt 0.036496 0.000000
vt 0.043796 1.000000
vt 0.043796 0.000000
vt 0.051095 1.000000
vt 0.051095 0.000000
vt 0.058394 1.000000
vt 0.058394 0.000000
vt 0.065693 1.000000
vt 0.065693 0.000000
vt 0.072993 1.000000
vt 0.072993 0.000000
vt 0.080292 1.000000
vt 0.080292 0.000000
vt 0.087591 1.000000
vt 0.087591 0.000000
vt 0.094891 1.000000
vt 0.094891 0.000000
vt 0.102190 1.000000
vt 0.102190 0.000000
vt 0.109489 1.000000
vt 0.109489 0.000000
vt 0.116788 1.000000
vt 0.116788 0.000000
vt 0.124088 1.000000
vt 0.124088 0.000000
vt 0.131387 1.000000
vt 0.131387 0.000000
vt 0.138686 1.000000
vt 0.138686 0.000000
vt 0.145985 1.000000
vt 0.145985 0.000000
vt 0.153285 1.000000
vt 0.153285 0.000000
vt 0.160584 1.000000
vt 0.160584 0.000000
vt 0.167883 1.000000
vt 0.167883 0.000000
vt 0.175182 1.000000
vt 0.175182 0.000000
vt 0.182482 1.000000
vt 0.182482 0.000000
vt 0.189781 1.000000
vt 0.189781 0.000000
vt 0.197080 1.000000
vt 0.197080 0.000000
vt 0.204380 1.000000
vt 0.204380 0.000000
vt 0.211679 1.000000
vt 0.211679 0.000000
vt 0.218978 1.000000
vt 0.218978 0.000000
vt 0.226277 1.000000
vt 0.226277 0.000000
vt 0.233577 1.000000
vt 0.233577 0.000000
vt 0.240876 1.000000
vt 0.240876 0.000000
vt 0.248175 1.000000
vt 0.248175 0.000000
vt 0.255474 1.000000
vt 0.255474 0.000000
vt 0.262774 1.000000
vt 0.262774 0.000000
vt 0.270073 1.000000
vt 0.270073 0.000000
vt 0.277372 1.000000
vt 0.277372 0.000000
vt 0.284672 1.000000
vt 0.284672 0.000000
vt 0.291971 1.000000
vt 0.291971 0.000000
vt 0.299270 1.000000
vt 0.299270 0.000000
vt 0.306569 1.000000
vt 0.306569 0.000000
vt 0.313869 1.000000
vt 0.313869 0.000000
vt 0.321168 1.000000
vt 0.321168 0.000000
vt 0.328467 1.000000
vt 0.328467 0.000000
vt 0.335766 1.000000
vt 0.335766 0.000000
vt 0.343066 1.000000
vt 0.343066 0.000000
vt 0.350365 1.000000
vt 0.350365 0.000000
vt 0.357664 1.000000
vt 0.357664 0.000000
vt 0.364964 1.000000
vt 0.364964 0.000000
vt 0.372263 1.000000
vt 0.372263 0.000000
vt 0.379562 1.000000
vt 0.379562 0.000000
vt 0.386861 1.000000
vt 0.386861 0.000000
vt 0.394161 1.000000
vt 0.394161 0.000000
vt 0.401460 1.000000
vt 0.401460 0.000000
vt 0.408759 1.000000
vt 0.408759 0.000000
vt 0.416058 1.000000
vt 0.416058 0.000000
vt 0.423358 1.000000
vt 0.423358 0.000000
vt 0.430657 1.000000
vt 0.430657 0.000000
vt 0.437956 1.000000
vt 0.437956 0.000000
vt 0.445255 1.000000
vt 0.445255 0.000000
vt 0.452555 1.000000
vt 0.452555 0.000000
vt 0.459854 1.000000
vt 0.459854 0.000000
vt 0.467153 1.000000
vt 0.467153 0.000000
vt 0.474453 1.000000
vt 0.474453 0.000000
vt 0.481752 1.000000
vt 0.481752 0.000000
vt 0.489051 1.000000
vt 0.489051 0.000000
vt 0.496350 1.000000
vt 0.496350 0.000000
vt 0.503650 1.000000
vt 0.503650 0.000000
vt 0.510949 1.000000
vt 0.510949 0.000000
vt 0.518248 1.000000
vt 0.518248 0.000000
vt 0.525547 1.000000
vt 0.525547 0.000000
vt 0.532847 1.000000
vt 0.532847 0.000000
vt 0.540146 1.000000
vt 0.540146 0.000000
vt 0.547445 1.000000
vt 0.547445 0.000000
vt 0.554745 1.000000
vt 0.554745 0.000000
vt 0.562044 1.000000
vt 0.562044 0.000000
vt 0.569343 1.000000
vt 0.569343 0.000000
vt 0.576642 1.000000
vt 0.576642 0.000000
vt 0.583942 1.000000
vt 0.583942 0.000000
vt 0.591241 1.000000
vt 0.591241 0.000000
vt 0.598540 1.000000
vt 0.598540 0.000000
vt 0.605839 1.000000
vt 0.605839 0.000000
vt 0.613139 1.000000
vt 0.613139 0.000000
vt 0.620438 1.000000
vt 0.620438 0.000000
vt 0.627737 1.000000
vt 0.627737 0.000000
vt 0.635036 1.000000
vt 0.635036 0.000000
vt 0.642336 1.000000
vt 0.642336 0.000000
vt 0.649635 1.000000
vt 0.649635 0.000000
vt 0.656934 1.000000
vt 0.656934 0.000000
vt 0.664234 1.000000
vt 0.664234 0.000000
vt 0.671533 1.000000
vt 0.671533 0.000000
vt 0.678832 1.000000
vt 0.678832 0.000000
vt 0.686131 1.000000
vt 0.686131 0.000000
vt 0.693431 1.000000
vt 0.693431 0.000000
vt 0.700730 1.000000
vt 0.700730 0.000000
vt 0.708029 1.000000
vt 0.708029 0.000000
vt 0.715328 1.000000
vt 0.715328 0.000000
vt 0.722628 1.000000
vt 0.722628 0.000000
vt 0.729927 1.000000
vt 0.729927 0.000000
vt 0.737226 1.000000
vt 0.737226 0.000000
vt 0.744526 1.000000
vt 0.744526 0.000000
vt 0.751825 1.000000
vt 0.751825 0.000000
vt 0.759124 1.000000
vt 0.759124 0.000000
vt 0.766423 1.000000
vt 0.766423 0.000000
vt 0.773723 1.000000
vt 0.773723 0.000000
vt 0.781022 1.000000
vt 0.781022 0.000000
vt 0.788321 1.000000
vt 0.788321 0.000000
vt 0.795620 1.000000
vt 0.795620 0.000000
vt 0.802920 1.000000
vt 0.802920 0.000000
vt 0.810219 1.000000
vt 0.810219 0.000000
vt 0.817518 1.000000
vt 0.817518 0.000000
vt 0.824818 1.000000
vt 0.824818 0.000000
vt 0.832117 1.000000
vt 0.832117 0.000000
vt 0.839416 1.000000
vt 0.839416 0.000000
vt 0.846715 1.000000
vt 0.846715 0.000000
vt 0.854015 1.000000
vt 0.854015 0.000000
vt 0.861314 1.000000
vt 0.861314 0.000000
vt 0.868613 1.000000
vt 0.868613 0.000000
vt 0.875912 1.000000
vt 0.875912 0.000000
vt 0.883212 1.000000
vt 0.883212 0.000000
vt 0.890511 1.000000
vt 0.890511 0.000000
vt 0.897810 1.000000
vt 0.897810 0.000000
vt 0.905109 1.000000
vt 0.905109 0.000000
vt 0.912409 1.000000
vt 0.912409 0.000000
vt 0.919708 1.000000
vt 0.919708 0.000000
vt 0.927007 1.000000
vt 0.927007 0.000000
vt 0.934307 1.000000
vt 0.934307 0.000000
vt 0.941606 1.000000
vt 0.941606 0.000000
vt 0.948905 1.000000
vt 0.948905 0.000000
vt 0.956204 1.000000
vt 0.956204 0.000000
vt 0.963504 1.000000
vt 0.963504 0.000000
vt 0.970803 1.000000
vt 0.970803 0.000000
vt 0.978102 1.000000
vt 0.978102 0.000000
vt 0.985401 1.000000
vt 0.985401 0.000000
vt 0.992701 1.000000
vt 0.992701 0.000000
vt 0.027027 1.000000
vt 0.027027 0.000000
vt 0.054054 1.000000
vt 0.054054 0.000000
vt 0.081081 1.000000
vt 0.081081 0.000000
vt 0.108108 1.000000
vt 0.108108 0.000000
vt 0.135135 1.000000
vt 0.135135 0.000000
vt 0.162162 1.000000
vt 0.162162 0.000000
vt 0.189189 1.000000
vt 0.189189 0.000000
vt 0.216216 1.000000
vt 0.216216 0.000000
vt 0.243243 1.000000
vt 0.243243 0.000000
vt 0.270270 1.000000
vt 0.270270 0.000000
vt 0.297297 1.000000
vt 0.297297 0.000000
vt 0.324324 1.000000
vt 0.324324 0.000000
vt 0.351351 1.000000
vt 0.351351 0.000000
vt 0.378378 1.000000
vt 0.378378 0.000000
vt 0.405405 1.000000
vt 0.405405 0.000000
vt 0.432432 1.000000
vt 0.432432 0.000000
vt 0.459459 1.000000
vt 0.459459 0.000000
vt 0.486486 1.000000
vt 0.486486 0.000000
vt 0.513514 1.000000
vt 0.513514 0.000000
vt 0.540541 1.000000
vt 0.540541 0.000000
vt 0.567568 1.000000
vt 0.567568 0.000000
vt 0.594595 1.000000
vt 0.594595 0.000000
vt 0.621622 1.000000
vt 0.621622 0.000000
vt 0.648649 1.000000
vt 0.648649 0.000000
vt 0.675676 1.000000
vt 0.675676 0.000000
vt 0.702703 1.000000
vt 0.702703 0.000000
vt 0.729730 1.000000
vt 0.729730 0.000000
vt 0.756757 1.000000
vt 0.756757 0.000000
vt 0.783784 1.000000
vt 0.783784 0.000000
vt 0.810811 1.000000
vt 0.810811 0.000000
vt 0.837838 1.000000
vt 0.837838 0.000000
vt 0.864865 1.000000
vt 0.864865 0.000000
vt 0.891892 1.000000
vt 0.891892 0.000000
vt 0.918919 1.000000
vt 0.918919 0.000000
vt 0.945946 1.000000
vt 0.945946 0.000000
vt 0.972973 1.000000
vt 0.972973 0.000000
vt 0.009346 1.000000
vt 0.009346 0.000000
vt 0.018692 1.000000
vt 0.018692 0.000000
vt 0.028037 1.000000
vt 0.028037 0.000000
vt 0.037383 1.000000
vt 0.037383 0.000000
vt 0.046729 1.000000
vt 0.046729 0.000000
vt 0.056075 1.000000
vt 0.056075 0.000000
vt 0.065421 1.000000
vt 0.065421 0.000000
vt 0.074766 1.000000
vt 0.074766 0.000000
vt 0.084112 1.000000
vt 0.084112 0.000000
vt 0.093458 1.000000
vt 0.093458 0.000000
vt 0.102804 1.000000
vt 0.102804 0.000000
vt 0.112150 1.000000
vt 0.112150 0.000000
vt 0.121495 1.000000
vt 0.121495 0.000000
vt 0.130841 1.000000
vt 0.130841 0.000000
vt 0.140187 1.000000
vt 0.140187 0.000000
vt 0.149533 1.000000
vt 0.149533 0.000000
vt 0.158879 1.000000
vt 0.158879 0.000000
vt 0.168224 1.000000
vt 0.168224 0.000000
vt 0.177570 1.000000
vt 0.177570 0.000000
vt 0.186916 1.000000
vt 0.186916 0.000000
vt 0.196262 1.000000
vt 0.196262 0.000000
vt 0.205607 1.000000
vt 0.205607 0.000000
vt 0.214953 1.000000
vt 0.214953 0.000000
vt 0.224299 1.000000
vt 0.224299 0.000000
vt 0.233645 1.000000
vt 0.233645 0.000000
vt 0.242991 1.000000
vt 0.242991 0.000000
vt 0.252336 1.000000
vt 0.252336 0.000000
vt 0.261682 1.000000
vt 0.261682 0.000000
vt 0.271028 1.000000
vt 0.271028 0.000000
vt 0.280374 1.000000
vt 0.280374 0.000000
vt 0.289720 1.000000
vt 0.289720 0.000000
vt 0.299065 1.000000
vt 0.299065 0.000000
vt 0.308411 1.000000
vt 0.308411 0.000000
vt 0.317757 1.000000
vt 0.317757 0.000000
vt 0.327103 1.000000
vt 0.327103 0.000000
vt 0.336449 1.000000
vt 0.336449 0.000000
vt 0.345794 1.000000
vt 0.345794 0.000000
vt 0.355140 1.000000
vt 0.355140 0.000000
vt 0.364486 1.000000
vt 0.364486 0.000000
vt 0.373832 1.000000
vt 0.373832 0.000000
vt 0.383178 1.000000
vt 0.383178 0.000000
vt 0.392523 1.000000
vt 0.392523 0.000000
vt 0.401869 1.000000
vt 0.401869 0.000000
vt 0.411215 1.000000
vt 0.411215 0.000000
vt 0.420561 1.000000
vt 0.420561 0.000000
vt 0.429907 1.000000
vt 0.429907 0.000000
vt 0.439252 1.000000
vt 0.439252 0.000000
vt 0.448598 1.000000
vt 0.448598 0.000000
vt 0.457944 1.000000
vt 0.457944 0.000000
vt 0.467290 1.000000
vt 0.467290 0.000000
vt 0.476636 1.000000
vt 0.476636 0.000000
vt 0.485981 1.000000
vt 0.485981 0.000000
vt 0.495327 1.000000
vt 0.495327 0.000000
vt 0.504673 1.000000
vt 0.504673 0.000000
vt 0.514019 1.000000
vt 0.514019 0.000000
vt 0.523364 1.000000
vt 0.523364 0.000000
vt 0.532710 1.000000
vt 0.532710 0.000000
vt 0.542056 1.000000
vt 0.542056 0.000000
vt 0.551402 1.000000
vt 0.551402 0.000000
vt 0.560748 1.000000
vt 0.560748 0.000000
vt 0.570093 1.000000
vt 0.570093 0.000000
vt 0.579439 1.000000
vt 0.579439 0.000000
vt 0.588785 1.000000
vt 0.588785 0.000000
vt 0.598131 1.000000
vt 0.598131 0.000000
vt 0.607477 1.000000
vt 0.607477 0.000000
vt 0.616822 1.000000
vt 0.616822 0.000000
vt 0.626168 1.000000
vt 0.626168 0.000000
vt 0.635514 1.000000
vt 0.635514 0.000000
vt 0.644860 1.000000
vt 0.644860 0.000000
vt 0.654206 1.000000
vt 0.654206 0.000000
vt 0.663551 1.000000
vt 0.663551 0.000000
vt 0.672897 1.000000
vt 0.672897 0.000000
vt 0.682243 1.000000
vt 0.682243 0.000000
vt 0.691589 1.000000
vt 0.691589 0.000000
vt 0.700935 1.000000
vt 0.700935 0.000000
vt 0.710280 1.000000
vt 0.710280 0.000000
vt 0.719626 1.000000
vt 0.719626 0.000000
vt 0.728972 1.000000
vt 0.728972 0.000000
vt 0.738318 1.000000
vt 0.738318 0.000000
vt 0.747664 1.000000
vt 0.747664 0.000000
vt 0.757009 1.000000
vt 0.757009 0.000000
vt 0.766355 1.000000
vt 0.766355 0.000000
vt 0.775701 1.000000
vt 0.775701 0.000000
vt 0.785047 1.000000
vt 0.785047 0.000000
vt 0.794393 1.000000
vt 0.794393 0.000000
vt 0.803738 1.000000
vt 0.803738 0.000000
vt 0.813084 1.000000
vt 0.813084 0.000000
vt 0.822430 1.000000
vt 0.822430 0.000000
vt 0.831776 1.000000
vt 0.831776 0.000000
vt 0.841121 1.000000
vt 0.841121 0.000000
vt 0.850467 1.000000
vt 0.850467 0.000000
vt 0.859813 1.000000
vt 0.859813 0.000000
vt 0.869159 1.000000
vt 0.869159 0.000000
vt 0.878505 1.000000
vt 0.878505 0.000000
vt 0.887850 1.000000
vt 0.887850 0.000000
vt 0.897196 1.000000
vt 0.897196 0.000000
vt 0.906542 1.000000
vt 0.906542 0.000000
vt 0.915888 1.000000
vt 0.915888 0.000000
vt 0.925234 1.000000
vt 0.925234 0.000000
vt 0.934579 1.000000
vt 0.934579 0.000000
vt 0.943925 1.000000
vt 0.943925 0.000000
vt 0.953271 1.000000
vt 0.953271 0.000000
vt 0.962617 1.000000
vt 0.962617 0.000000
vt 0.971963 1.000000
vt 0.971963 0.000000
vt 0.981308 1.000000
vt 0.981308 0.000000
vt 0.990654 1.000000
vt 0.990654 0.000000
vt 0.013514 1.000000
vt 0.013514 0.000000
vt 0.040541 1.000000
vt 0.040541 0.000000
vt 0.067568 1.000000
vt 0.067568 0.000000
vt 0.094595 1.000000
vt 0.094595 0.000000
vt 0.121622 1.000000
vt 0.121622 0.000000
vt 0.148649 1.000000
vt 0.148649 0.000000
vt 0.175676 1.000000
vt 0.175676 0.000000
vt 0.202703 1.000000
vt 0.202703 0.000000
vt 0.229730 1.000000
vt 0.229730 0.000000
vt 0.256757 1.000000
vt 0.256757 0.000000
vt 0.283784 1.000000
vt 0.283784 0.000000
vt 0.310811 1.000000
vt 0.310811 0.000000
vt 0.337838 1.000000
vt 0.337838 0.000000
vt 0.364865 1.000000
vt 0.364865 0.000000
vt 0.391892 1.000000
vt 0.391892 0.000000
vt 0.418919 1.000000
vt 0.418919 0.000000
vt 0.445946 1.000000
vt 0.445946 0.000000
vt 0.472973 1.000000
vt 0.472973 0.000000
vt 0.527027 1.000000
vt 0.527027 0.000000
vt 0.554054 1.000000
vt 0.554054 0.000000
vt 0.581081 1.000000
vt 0.581081 0.000000
vt 0.608108 1.000000
vt 0.608108 0.000000
vt 0.635135 1.000000
vt 0.635135 0.000000
vt 0.662162 1.000000
vt 0.662162 0.000000
vt 0.689189 1.000000
vt 0.689189 0.000000
vt 0.716216 1.000000
vt 0.716216 0.000000
vt 0.743243 1.000000
vt 0.743243 0.000000
vt 0.770270 1.000000
vt 0.770270 0.000000
vt 0.797297 1.000000
vt 0.797297 0.000000
vt 0.824324 1.000000
vt 0.824324 0.000000
vt 0.851351 1.000000
vt 0.851351 0.000000
vt 0.878378 1.000000
vt 0.878378 0.000000
vt 0.905405 1.000000
vt 0.905405 0.000000
vt 0.932432 1.000000
vt 0.932432 0.000000
vt 0.959459 1.000000
vt 0.959459 0.000000
vt 0.986486 1.000000
vt 0.986486 0.000000
vt 0.040000 1.000000
vt 0.040000 0.000000
vt 0.080000 1.000000
vt 0.080000 0.000000
vt 0.120000 1.000000
vt 0.120000 0.000000
vt 0.160000 1.000000
vt 0.160000 0.000000
vt 0.200000 1.000000
vt 0.240000 1.000000
vt 0.240000 0.000000
vt 0.280000 1.000000
vt 0.280000 0.000000
vt 0.320000 1.000000
vt 0.320000 0.000000
vt 0.360000 1.000000
vt 0.360000 0.000000
vt 0.400000 1.000000
vt 0.440000 1.000000
vt 0.440000 0.000000
vt 0.480000 1.000000
vt 0.480000 0.000000
vt 0.520000 1.000000
vt 0.520000 0.000000
vt 0.560000 1.000000
vt 0.560000 0.000000
vt 0.600000 1.000000
vt 0.640000 1.000000
vt 0.640000 0.000000
vt 0.680000 1.000000
vt 0.680000 0.000000
vt 0.720000 1.000000
vt 0.720000 0.000000
vt 0.760000 1.000000
vt 0.760000 0.000000
vt 0.800000 1.000000
vt 0.840000 1.000000
vt 0.840000 0.000000
vt 0.880000 1.000000
vt 0.880000 0.000000
vt 0.920000 1.000000
vt 0.920000 0.000000
vt 0.960000 1.000000
vt 0.960000 0.000000
vt 0.020833 1.000000
vt 0.020833 0.000000
vt 0.041667 1.000000
vt 0.041667 0.000000
vt 0.062500 1.000000
vt 0.062500 0.000000
vt 0.083333 1.000000
vt 0.083333 0.000000
vt 0.104167 1.000000
vt 0.104167 0.000000
vt 0.125000 1.000000
vt 0.125000 0.000000
vt 0.145833 1.000000
vt 0.145833 0.000000
vt 0.187500 1.000000
vt 0.187500 0.000000
vt 0.208333 1.000000
vt 0.208333 0.000000
vt 0.229167 1.000000
vt 0.229167 0.000000
vt 0.250000 1.000000
vt 0.250000 0.000000
vt 0.270833 1.000000
vt 0.270833 0.000000
vt 0.291667 1.000000
vt 0.291667 0.000000
vt 0.312500 1.000000
vt 0.312500 0.000000
vt 0.354167 1.000000
vt 0.354167 0.000000
vt 0.375000 1.000000
vt 0.375000 0.000000
vt 0.395833 1.000000
vt 0.395833 0.000000
vt 0.416667 1.000000
vt 0.416667 0.000000
vt 0.437500 1.000000
vt 0.437500 0.000000
vt 0.458333 1.000000
vt 0.458333 0.000000
vt 0.479167 1.000000
vt 0.479167 0.000000
vt 0.520833 1.000000
vt 0.520833 0.000000
vt 0.541667 1.000000
vt 0.541667 0.000000
vt 0.562500 1.000000
vt 0.562500 0.000000
vt 0.583333 1.000000
vt 0.583333 0.000000
vt 0.604167 1.000000
vt 0.604167 0.000000
vt 0.625000 1.000000
vt 0.625000 0.000000
vt 0.645833 1.000000
vt 0.645833 0.000000
vt 0.687500 1.000000
vt 0.687500 0.000000
vt 0.708333 1.000000
vt 0.708333 0.000000
vt 0.729167 1.000000
vt 0.729167 0.000000
vt 0.750000 1.000000
vt 0.750000 0.000000
vt 0.770833 1.000000
vt 0.770833 0.000000
vt 0.791667 1.000000
vt 0.791667 0.000000
vt 0.812500 1.000000
vt 0.812500 0.000000
vt 0.854167 1.000000
vt 0.854167 0.000000
vt 0.875000 1.000000
vt 0.875000 0.000000
vt 0.895833 1.000000
vt 0.895833 0.000000
vt 0.916667 1.000000
vt 0.916667 0.000000
vt 0.937500 1.000000
vt 0.937500 0.000000
vt 0.958333 1.000000
vt 0.958333 0.000000
vt 0.979167 1.000000
vt 0.979167 0.000000
vt 0.142857 1.000000
vt 0.285714 1.000000
vt 0.428571 1.000000
vt 0.571429 1.000000
vt 0.714286 1.000000
vt 0.857143 1.000000
vt 0.018182 1.000000
vt 0.018182 0.000000
vt 0.036364 1.000000
vt 0.036364 0.000000
vt 0.054545 1.000000
vt 0.054545 0.000000
vt 0.072727 1.000000
vt 0.072727 0.000000
vt 0.090909 1.000000
vt 0.090909 0.000000
vt 0.109091 1.000000
vt 0.109091 0.000000
vt 0.127273 1.000000
vt 0.127273 0.000000
vt 0.145455 1.000000
vt 0.145455 0.000000
vt 0.163636 1.000000
vt 0.163636 0.000000
vt 0.181818 1.000000
vt 0.181818 0.000000
vt 0.218182 1.000000
vt 0.218182 0.000000
vt 0.236364 1.000000
vt 0.236364 0.000000
vt 0.254545 1.000000
vt 0.254545 0.000000
vt 0.272727 1.000000
vt 0.272727 0.000000
vt 0.290909 1.000000
vt 0.290909 0.000000
vt 0.309091 1.000000
vt 0.309091 0.000000
vt 0.327273 1.000000
vt 0.327273 0.000000
vt 0.345455 1.000000
vt 0.345455 0.000000
vt 0.363636 1.000000
vt 0.363636 0.000000
vt 0.381818 1.000000
vt 0.381818 0.000000
vt 0.418182 1.000000
vt 0.418182 0.000000
vt 0.436364 1.000000
vt 0.436364 0.000000
vt 0.454545 1.000000
vt 0.454545 0.000000
vt 0.472727 1.000000
vt 0.472727 0.000000
vt 0.490909 1.000000
vt 0.490909 0.000000
vt 0.509091 1.000000
vt 0.509091 0.000000
vt 0.527273 1.000000
vt 0.527273 0.000000
vt 0.545455 1.000000
vt 0.545455 0.000000
vt 0.563636 1.000000
vt 0.563636 0.000000
vt 0.581818 1.000000
vt 0.581818 0.000000
vt 0.618182 1.000000
vt 0.618182 0.000000
vt 0.636364 1.000000
vt 0.636364 0.000000
vt 0.654545 1.000000
vt 0.654545 0.000000
vt 0.672727 1.000000
vt 0.672727 0.000000
vt 0.690909 1.000000
vt 0.690909 0.000000
vt 0.709091 1.000000
vt 0.709091 0.000000
vt 0.727273 1.000000
vt 0.727273 0.000000
vt 0.745455 1.000000
vt 0.745455 0.000000
vt 0.763636 1.000000
vt 0.763636 0.000000
vt 0.781818 1.000000
vt 0.781818 0.000000
vt 0.818182 1.000000
vt 0.818182 0.000000
vt 0.836364 1.000000
vt 0.836364 0.000000
vt 0.854545 1.000000
vt 0.854545 0.000000
vt 0.872727 1.000000
vt 0.872727 0.000000
vt 0.890909 1.000000
vt 0.890909 0.000000
vt 0.909091 1.000000
vt 0.909091 0.000000
vt 0.927273 1.000000
vt 0.927273 0.000000
vt 0.945455 1.000000
vt 0.945455 0.000000
vt 0.963636 1.000000
vt 0.963636 0.000000
vt 0.981818 1.000000
vt 0.981818 0.000000
s 0
f 13/1/1 15/2/1 14/3/1
f 13/1/1 16/4/1 15/2/1
f 12/5/1 16/4/1 13/1/1
f 12/5/1 17/6/1 16/4/1
f 11/7/1 17/6/1 12/5/1
f 11/7/1 18/8/1 17/6/1
f 11/7/1 19/9/1 18/8/1
f 10/10/1 19/9/1 11/7/1
f 10/10/1 20/11/1 19/9/1
f 53/12/1 55/13/1 54/14/1
f 53/12/1 1/15/1 55/13/1
f 9/16/1 20/11/1 10/10/1
f 9/16/1 21/17/1 20/11/1
f 9/16/1 22/18/1 21/17/1
f 8/19/1 22/18/1 9/16/1
f 8/19/1 23/20/1 22/18/1
f 7/21/1 23/20/1 8/19/1
f 7/21/1 24/22/1 23/20/1
f 7/21/1 25/23/1 24/22/1
f 6/24/1 25/23/1 7/21/1
f 6/24/1 26/25/1 25/23/1
f 5/26/1 26/25/1 6/24/1
f 5/26/1 36/27/1 26/25/1
f 36/27/1 35/28/1 26/25/1
f 35/28/1 34/29/1 26/25/1
f 34/29/1 33/30/1 26/25/1
f 33/30/1 32/31/1 26/25/1
f 32/31/1 31/32/1 26/25/1
f 31/32/1 30/33/1 26/25/1
f 30/33/1 29/34/1 26/25/1
f 29/34/1 28/35/1 26/25/1
f 28/35/1 27/36/1 26/25/1
f 4/37/1 38/38/1 5/26/1
f 38/38/1 37/39/1 5/26/1
f 37/39/1 36/27/1 5/26/1
f 3/40/1 40/41/1 4/37/1
f 40/41/1 39/42/1 4/37/1
f 39/42/1 38/38/1 4/37/1
f 3/40/1 41/43/1 40/41/1
f 3/40/1 42/44/1 41/43/1
f 2/45/1 42/44/1 3/40/1
f 2/45/1 43/46/1 42/44/1
f 2/45/1 44/47/1 43/46/1
f 53/12/1 2/45/1 1/15/1
f 53/12/1 48/48/1 2/45/1
f 48/48/1 47/49/1 2/45/1
f 47/49/1 46/50/1 2/45/1
f 46/50/1 45/51/1 2/45/1
f 45/51/1 44/47/1 2/45/1
f 53/12/1 49/52/1 48/48/1
f 53/12/1 50/53/1 49/52/1
f 53/12/1 51/54/1 50/53/1
f 53/12/1 52/55/1 51/54/1
f 90/56/1 92/57/1 91/58/1
f 90/56/1 93/59/1 92/57/1
f 89/60/1 93/59/1 90/56/1
f 89/60/1 94/61/1 93/59/1
f 88/62/1 94/61/1 89/60/1
f 88/62/1 95/63/1 94/61/1
f 87/64/1 95/63/1 88/62/1
f 87/64/1 96/65/1 95/63/1
f 86/66/1 96/65/1 87/64/1
f 86/66/1 97/67/1 96/65/1
f 85/68/1 97/67/1 86/66/1
f 85/68/1 98/69/1 97/67/1
f 84/70/1 141/71/1 85/68/1
f 141/71/1 98/69/1 85/68/1
f 84/70/1 142/72/1 141/71/1
f 140/73/1 98/69/1 141/71/1
f 84/70/1 143/74/1 142/72/1
f 139/75/1 98/69/1 140/73/1
f 84/70/1 144/76/1 143/74/1
f 138/77/1 98/69/1 139/75/1
f 138/77/1 99/78/1 98/69/1
f 84/70/1 145/79/1 144/76/1
f 83/80/1 145/79/1 84/70/1
f 137/81/1 99/78/1 138/77/1
f 83/80/1 146/82/1 145/79/1
f 136/83/1 99/78/1 137/81/1
f 83/80/1 147/84/1 146/82/1
f 135/85/1 99/78/1 136/83/1
f 83/80/1 148/86/1 147/84/1
f 134/87/1 99/78/1 135/85/1
f 82/88/1 148/86/1 83/80/1
f 134/87/1 100/89/1 99/78/1
f 82/88/1 149/90/1 148/86/1
f 133/91/1 100/89/1 134/87/1
f 82/88/1 150/92/1 149/90/1
f 132/93/1 100/89/1 133/91/1
f 81/94/1 150/92/1 82/88/1
f 132/93/1 101/95/1 100/89/1
f 81/94/1 151/96/1 150/92/1
f 131/97/1 101/95/1 132/93/1
f 81/94/1 152/98/1 151/96/1
f 130/99/1 101/95/1 131/97/1
f 80/100/1 152/98/1 81/94/1
f 80/100/1 153/101/1 152/98/1
f 130/99/1 102/102/1 101/95/1
f 154/13/1 102/102/1 130/99/1
f 80/100/1 154/13/1 153/101/1
f 80/100/1 102/102/1 154/13/1
f 79/103/1 102/102/1 80/100/1
f 79/103/1 103/104/1 102/102/1
f 78/105/1 104/106/1 79/103/1
f 104/106/1 103/104/1 79/103/1
f 78/105/1 105/35/1 104/106/1
f 77/107/1 105/35/1 78/105/1
f 77/107/1 106/108/1 105/35/1
f 77/107/1 107/109/1 106/108/1
f 76/110/1 107/109/1 77/107/1
f 76/110/1 108/111/1 107/109/1
f 75/112/1 108/111/1 76/110/1
f 75/112/1 109/113/1 108/111/1
f 127/114/1 129/115/1 128/116/1
f 75/112/1 110/117/1 109/113/1
f 126/118/1 129/115/1 127/114/1
f 125/119/1 129/115/1 126/118/1
f 74/120/1 110/117/1 75/112/1
f 74/120/1 111/121/1 110/117/1
f 124/122/1 129/115/1 125/119/1
f 123/123/1 129/115/1 124/122/1
f 74/120/1 112/124/1 111/121/1
f 122/125/1 129/115/1 123/123/1
f 74/120/1 113/126/1 112/124/1
f 121/127/1 129/115/1 122/125/1
f 73/128/1 113/126/1 74/120/1
f 120/129/1 129/115/1 121/127/1
f 73/128/1 114/130/1 113/126/1
f 119/131/1 129/115/1 120/129/1
f 73/128/1 115/132/1 114/130/1
f 118/133/1 129/115/1 119/131/1
f 117/134/1 129/115/1 118/133/1
f 73/128/1 116/135/1 115/132/1
f 116/135/1 129/115/1 117/134/1
f 73/128/1 129/115/1 116/135/1
f 72/136/1 129/115/1 73/128/1
f 72/136/1 56/15/1 129/115/1
f 71/137/1 56/15/1 72/136/1
f 71/137/1 57/138/1 56/15/1
f 71/137/1 58/139/1 57/138/1
f 70/140/1 58/139/1 71/137/1
f 70/140/1 59/141/1 58/139/1
f 70/140/1 60/142/1 59/141/1
f 69/143/1 60/142/1 70/140/1
f 69/143/1 61/144/1 60/142/1
f 69/143/1 62/145/1 61/144/1
f 68/146/1 62/145/1 69/143/1
f 68/146/1 63/147/1 62/145/1
f 68/146/1 64/148/1 63/147/1
f 68/146/1 65/149/1 64/148/1
f 67/150/1 65/149/1 68/146/1
f 67/150/1 66/151/1 65/149/1
f 160/50/1 155/15/1 161/13/1
f 160/50/1 156/10/1 155/15/1
f 156/10/1 158/35/1 157/9/1
f 156/10/1 159/39/1 158/35/1
f 160/50/1 159/39/1 156/10/1
f 208/152/1 162/15/1 209/153/1
f 208/152/1 163/154/1 162/15/1
f 207/155/1 163/154/1 208/152/1
f 207/155/1 164/156/1 163/154/1
f 206/157/1 164/156/1 207/155/1
f 206/157/1 165/158/1 164/156/1
f 205/159/1 165/158/1 206/157/1
f 205/159/1 166/160/1 165/158/1
f 204/161/1 166/160/1 205/159/1
f 204/161/1 167/162/1 166/160/1
f 203/163/1 233/164/1 204/161/1
f 233/164/1 167/162/1 204/161/1
f 203/163/1 234/165/1 233/164/1
f 232/166/1 167/162/1 233/164/1
f 231/167/1 167/162/1 232/166/1
f 203/163/1 235/168/1 234/165/1
f 230/169/1 167/162/1 231/167/1
f 203/163/1 236/170/1 235/168/1
f 230/169/1 168/171/1 167/162/1
f 202/172/1 236/170/1 203/163/1
f 229/173/1 168/171/1 230/169/1
f 202/172/1 237/174/1 236/170/1
f 228/175/1 168/171/1 229/173/1
f 202/172/1 238/176/1 237/174/1
f 228/175/1 169/177/1 168/171/1
f 201/178/1 238/176/1 202/172/1
f 227/179/1 169/177/1 228/175/1
f 201/178/1 239/180/1 238/176/1
f 226/181/1 169/177/1 227/179/1
f 201/178/1 240/182/1 239/180/1
f 226/181/1 170/183/1 169/177/1
f 200/184/1 240/182/1 201/178/1
f 225/185/1 170/183/1 226/181/1
f 200/184/1 241/186/1 240/182/1
f 225/185/1 171/187/1 170/183/1
f 199/188/1 241/186/1 200/184/1
f 224/189/1 171/187/1 225/185/1
f 199/188/1 242/190/1 241/186/1
f 223/191/1 171/187/1 224/189/1
f 199/188/1 243/192/1 242/190/1
f 223/191/1 172/193/1 171/187/1
f 198/194/1 243/192/1 199/188/1
f 222/195/1 172/193/1 223/191/1
f 198/194/1 244/196/1 243/192/1
f 222/195/1 173/197/1 172/193/1
f 197/198/1 244/196/1 198/194/1
f 221/199/1 173/197/1 222/195/1
f 197/198/1 245/200/1 244/196/1
f 196/201/1 245/200/1 197/198/1
f 196/201/1 246/202/1 245/200/1
f 220/203/1 173/197/1 221/199/1
f 220/203/1 174/204/1 173/197/1
f 196/201/1 247/205/1 246/202/1
f 219/206/1 174/204/1 220/203/1
f 219/206/1 175/207/1 174/204/1
f 195/208/1 247/205/1 196/201/1
f 195/208/1 248/209/1 247/205/1
f 218/210/1 175/207/1 219/206/1
f 218/210/1 176/211/1 175/207/1
f 194/212/1 248/209/1 195/208/1
f 217/213/1 176/211/1 218/210/1
f 194/212/1 249/214/1 248/209/1
f 217/213/1 177/215/1 176/211/1
f 193/216/1 249/214/1 194/212/1
f 216/217/1 177/215/1 217/213/1
f 193/216/1 250/218/1 249/214/1
f 215/219/1 177/215/1 216/217/1
f 193/216/1 251/220/1 250/218/1
f 215/219/1 178/221/1 177/215/1
f 192/222/1 251/220/1 193/216/1
f 214/223/1 178/221/1 215/219/1
f 192/222/1 252/224/1 251/220/1
f 213/225/1 178/221/1 214/223/1
f 192/222/1 253/226/1 252/224/1
f 213/225/1 179/227/1 178/221/1
f 191/228/1 253/226/1 192/222/1
f 212/229/1 179/227/1 213/225/1
f 191/228/1 254/230/1 253/226/1
f 211/231/1 179/227/1 212/229/1
f 191/228/1 255/232/1 254/230/1
f 211/231/1 180/233/1 179/227/1
f 190/234/1 255/232/1 191/228/1
f 210/235/1 180/233/1 211/231/1
f 190/234/1 256/236/1 255/232/1
f 257/13/1 180/233/1 210/235/1
f 190/234/1 257/13/1 256/236/1
f 190/234/1 180/233/1 257/13/1
f 190/234/1 181/237/1 180/233/1
f 189/238/1 181/237/1 190/234/1
f 189/238/1 182/239/1 181/237/1
f 188/240/1 182/239/1 189/238/1
f 188/240/1 183/241/1 182/239/1
f 187/242/1 183/241/1 188/240/1
f 187/242/1 184/243/1 183/241/1
f 186/244/1 184/243/1 187/242/1
f 186/244/1 185/245/1 184/243/1
f 292/56/1 294/57/1 293/58/1
f 292/56/1 295/59/1 294/57/1
f 291/60/1 295/59/1 292/56/1
f 291/60/1 296/61/1 295/59/1
f 290/62/1 296/61/1 291/60/1
f 290/62/1 297/63/1 296/61/1
f 289/64/1 297/63/1 290/62/1
f 289/64/1 298/65/1 297/63/1
f 288/66/1 298/65/1 289/64/1
f 288/66/1 299/67/1 298/65/1
f 287/68/1 299/67/1 288/66/1
f 287/68/1 300/69/1 299/67/1
f 286/70/1 343/71/1 287/68/1
f 343/71/1 300/69/1 287/68/1
f 286/70/1 344/72/1 343/71/1
f 342/73/1 300/69/1 343/71/1
f 286/70/1 345/74/1 344/72/1
f 341/75/1 300/69/1 342/73/1
f 286/70/1 346/76/1 345/74/1
f 340/77/1 300/69/1 341/75/1
f 340/77/1 301/78/1 300/69/1
f 286/70/1 347/79/1 346/76/1
f 285/80/1 347/79/1 286/70/1
f 339/81/1 301/78/1 340/77/1
f 285/80/1 348/82/1 347/79/1
f 338/83/1 301/78/1 339/81/1
f 285/80/1 349/84/1 348/82/1
f 337/85/1 301/78/1 338/83/1
f 285/80/1 350/86/1 349/84/1
f 336/87/1 301/78/1 337/85/1
f 284/88/1 350/86/1 285/80/1
f 336/87/1 302/89/1 301/78/1
f 284/88/1 351/90/1 350/86/1
f 335/91/1 302/89/1 336/87/1
f 284/88/1 352/92/1 351/90/1
f 334/93/1 302/89/1 335/91/1
f 283/94/1 352/92/1 284/88/1
f 334/93/1 303/95/1 302/89/1
f 283/94/1 353/96/1 352/92/1
f 333/97/1 303/95/1 334/93/1
f 283/94/1 354/98/1 353/96/1
f 332/99/1 303/95/1 333/97/1
f 282/100/1 354/98/1 283/94/1
f 282/100/1 355/101/1 354/98/1
f 332/99/1 304/102/1 303/95/1
f 356/13/1 304/102/1 332/99/1
f 282/100/1 356/13/1 355/101/1
f 282/100/1 304/102/1 356/13/1
f 281/103/1 304/102/1 282/100/1
f 281/103/1 305/104/1 304/102/1
f 280/105/1 306/106/1 281/103/1
f 306/106/1 305/104/1 281/103/1
f 280/105/1 307/35/1 306/106/1
f 279/107/1 307/35/1 280/105/1
f 279/107/1 308/108/1 307/35/1
f 279/107/1 309/109/1 308/108/1
f 278/110/1 309/109/1 279/107/1
f 278/110/1 310/111/1 309/109/1
f 277/112/1 310/111/1 278/110/1
f 277/112/1 311/113/1 310/111/1
f 329/114/1 331/115/1 330/116/1
f 277/112/1 312/117/1 311/113/1
f 328/118/1 331/115/1 329/114/1
f 327/119/1 331/115/1 328/118/1
f 276/120/1 312/117/1 277/112/1
f 276/120/1 313/121/1 312/117/1
f 326/122/1 331/115/1 327/119/1
f 325/123/1 331/115/1 326/122/1
f 276/120/1 314/124/1 313/121/1
f 324/125/1 331/115/1 325/123/1
f 276/120/1 315/126/1 314/124/1
f 323/127/1 331/115/1 324/125/1
f 275/128/1 315/126/1 276/120/1
f 322/129/1 331/115/1 323/127/1
f 275/128/1 316/130/1 315/126/1
f 321/131/1 331/115/1 322/129/1
f 275/128/1 317/132/1 316/130/1
f 320/133/1 331/115/1 321/131/1
f 319/134/1 331/115/1 320/133/1
f 275/128/1 318/135/1 317/132/1
f 318/135/1 331/115/1 319/134/1
f 275/128/1 331/115/1 318/135/1
f 274/136/1 331/115/1 275/128/1
f 274/136/1 258/15/1 331/115/1
f 273/137/1 258/15/1 274/136/1
f 273/137/1 259/138/1 258/15/1
f 273/137/1 260/139/1 259/138/1
f 272/140/1 260/139/1 273/137/1
f 272/140/1 261/141/1 260/139/1
f 272/140/1 262/142/1 261/141/1
f 271/143/1 262/142/1 272/140/1
f 271/143/1 263/144/1 262/142/1
f 271/143/1 264/145/1 263/144/1
f 270/146/1 264/145/1 271/143/1
f 270/146/1 265/147/1 264/145/1
f 270/146/1 266/148/1 265/147/1
f 270/146/1 267/149/1 266/148/1
f 269/150/1 267/149/1 270/146/1
f 269/150/1 268/151/1 267/149/1
f 368/246/1 370/247/1 369/248/1
f 392/249/1 394/250/1 393/251/1
f 367/252/1 370/247/1 368/246/1
f 367/252/1 371/253/1 370/247/1
f 391/254/1 394/250/1 392/249/1
f 391/254/1 395/255/1 394/250/1
f 366/256/1 371/253/1 367/252/1
f 366/256/1 372/257/1 371/253/1
f 390/258/1 395/255/1 391/254/1
f 365/259/1 372/257/1 366/256/1
f 365/259/1 373/260/1 372/257/1
f 390/258/1 396/261/1 395/255/1
f 389/262/1 396/261/1 390/258/1
f 364/263/1 373/260/1 365/259/1
f 461/264/1 463/13/1 462/265/1
f 461/264/1 357/15/1 463/13/1
f 364/263/1 374/266/1 373/260/1
f 388/267/1 396/261/1 389/262/1
f 363/268/1 374/266/1 364/263/1
f 388/267/1 397/269/1 396/261/1
f 363/268/1 375/270/1 374/266/1
f 362/271/1 375/270/1 363/268/1
f 387/272/1 397/269/1 388/267/1
f 362/271/1 376/273/1 375/270/1
f 387/272/1 398/274/1 397/269/1
f 361/275/1 376/273/1 362/271/1
f 386/276/1 398/274/1 387/272/1
f 361/275/1 377/277/1 376/273/1
f 360/278/1 377/277/1 361/275/1
f 385/279/1 398/274/1 386/276/1
f 385/279/1 399/280/1 398/274/1
f 360/278/1 378/281/1 377/277/1
f 359/282/1 378/281/1 360/278/1
f 384/283/1 399/280/1 385/279/1
f 359/282/1 379/284/1 378/281/1
f 358/285/1 379/284/1 359/282/1
f 384/283/1 400/286/1 399/280/1
f 383/287/1 400/286/1 384/283/1
f 358/285/1 380/288/1 379/284/1
f 357/15/1 380/288/1 358/285/1
f 382/289/1 400/286/1 383/287/1
f 382/289/1 420/290/1 400/286/1
f 420/290/1 401/291/1 400/286/1
f 461/264/1 459/292/1 357/15/1
f 459/292/1 458/293/1 357/15/1
f 458/293/1 457/294/1 357/15/1
f 457/294/1 456/295/1 357/15/1
f 456/295/1 455/296/1 357/15/1
f 455/296/1 454/297/1 357/15/1
f 454/297/1 453/298/1 357/15/1
f 453/298/1 452/299/1 357/15/1
f 452/299/1 451/300/1 357/15/1
f 451/300/1 450/301/1 357/15/1
f 450/301/1 449/302/1 357/15/1
f 449/302/1 448/303/1 357/15/1
f 448/303/1 380/288/1 357/15/1
f 448/303/1 447/304/1 380/288/1
f 447/304/1 381/305/1 380/288/1
f 381/305/1 421/306/1 382/289/1
f 421/306/1 420/290/1 382/289/1
f 446/307/1 381/305/1 447/304/1
f 419/308/1 401/291/1 420/290/1
f 381/305/1 422/309/1 421/306/1
f 445/310/1 381/305/1 446/307/1
f 418/311/1 401/291/1 419/308/1
f 381/305/1 423/312/1 422/309/1
f 444/313/1 381/305/1 445/310/1
f 417/314/1 401/291/1 418/311/1
f 381/305/1 424/315/1 423/312/1
f 443/316/1 381/305/1 444/313/1
f 443/316/1 424/315/1 381/305/1
f 416/317/1 401/291/1 417/314/1
f 443/316/1 425/318/1 424/315/1
f 416/317/1 402/319/1 401/291/1
f 442/320/1 425/318/1 443/316/1
f 442/320/1 426/321/1 425/318/1
f 415/322/1 402/319/1 416/317/1
f 442/320/1 427/323/1 426/321/1
f 441/324/1 427/323/1 442/320/1
f 414/325/1 402/319/1 415/322/1
f 441/324/1 428/326/1 427/323/1
f 440/327/1 428/326/1 441/324/1
f 413/328/1 402/319/1 414/325/1
f 440/327/1 429/329/1 428/326/1
f 413/328/1 403/330/1 402/319/1
f 439/331/1 429/329/1 440/327/1
f 439/331/1 430/332/1 429/329/1
f 412/333/1 403/330/1 413/328/1
f 439/331/1 431/334/1 430/332/1
f 438/335/1 431/334/1 439/331/1
f 411/336/1 403/330/1 412/333/1
f 438/335/1 432/337/1 431/334/1
f 411/336/1 404/338/1 403/330/1
f 437/339/1 432/337/1 438/335/1
f 461/264/1 460/340/1 459/292/1
f 437/339/1 433/341/1 432/337/1
f 410/35/1 404/338/1 411/336/1
f 436/342/1 433/341/1 437/339/1
f 409/343/1 404/338/1 410/35/1
f 409/343/1 405/344/1 404/338/1
f 435/345/1 433/341/1 436/342/1
f 408/346/1 405/344/1 409/343/1
f 408/346/1 406/347/1 405/344/1
f 434/348/1 433/341/1 435/345/1
f 407/349/1 406/347/1 408/346/1
f 561/350/1 563/351/1 562/352/1
f 560/353/1 563/351/1 561/350/1
f 560/353/1 564/354/1 563/351/1
f 559/355/1 564/354/1 560/353/1
f 558/356/1 564/354/1 559/355/1
f 558/356/1 565/357/1 564/354/1
f 557/358/1 565/357/1 558/356/1
f 557/358/1 566/359/1 565/357/1
f 556/360/1 566/359/1 557/358/1
f 555/361/1 566/359/1 556/360/1
f 555/361/1 567/362/1 566/359/1
f 554/363/1 567/362/1 555/361/1
f 554/363/1 568/364/1 567/362/1
f 553/365/1 568/364/1 554/363/1
f 552/366/1 568/364/1 553/365/1
f 552/366/1 569/367/1 568/364/1
f 551/368/1 569/367/1 552/366/1
f 551/368/1 570/369/1 569/367/1
f 550/370/1 570/369/1 551/368/1
f 549/371/1 548/372/1 550/370/1
f 548/372/1 547/373/1 550/370/1
f 547/373/1 546/374/1 550/370/1
f 546/374/1 545/375/1 550/370/1
f 545/375/1 544/376/1 550/370/1
f 544/376/1 543/377/1 550/370/1
f 543/377/1 542/378/1 550/370/1
f 542/378/1 541/379/1 550/370/1
f 541/379/1 540/380/1 550/370/1
f 540/380/1 539/381/1 550/370/1
f 539/381/1 570/369/1 550/370/1
f 539/381/1 538/382/1 570/369/1
f 538/382/1 537/383/1 570/369/1
f 537/383/1 571/384/1 570/369/1
f 537/383/1 536/385/1 571/384/1
f 536/385/1 572/386/1 571/384/1
f 535/387/1 572/386/1 536/385/1
f 534/388/1 572/386/1 535/387/1
f 533/389/1 572/386/1 534/388/1
f 532/390/1 572/386/1 533/389/1
f 531/391/1 572/386/1 532/390/1
f 531/391/1 573/392/1 572/386/1
f 530/393/1 573/392/1 531/391/1
f 529/394/1 573/392/1 530/393/1
f 528/395/1 573/392/1 529/394/1
f 528/395/1 574/396/1 573/392/1
f 527/397/1 574/396/1 528/395/1
f 526/398/1 574/396/1 527/397/1
f 526/398/1 575/399/1 574/396/1
f 525/400/1 575/399/1 526/398/1
f 524/401/1 575/399/1 525/400/1
f 523/402/1 637/13/1 524/401/1
f 637/13/1 575/399/1 524/401/1
f 522/403/1 637/13/1 523/402/1
f 521/404/1 637/13/1 522/403/1
f 520/405/1 637/13/1 521/404/1
f 519/406/1 637/13/1 520/405/1
f 519/406/1 601/407/1 637/13/1
f 636/408/1 575/399/1 637/13/1
f 519/406/1 602/409/1 601/407/1
f 518/410/1 602/409/1 519/406/1
f 518/410/1 603/411/1 602/409/1
f 517/412/1 603/411/1 518/410/1
f 517/412/1 604/413/1 603/411/1
f 516/414/1 604/413/1 517/412/1
f 516/414/1 605/415/1 604/413/1
f 516/414/1 606/416/1 605/415/1
f 515/417/1 606/416/1 516/414/1
f 515/417/1 607/418/1 606/416/1
f 514/419/1 607/418/1 515/417/1
f 514/419/1 608/420/1 607/418/1
f 514/419/1 609/421/1 608/420/1
f 513/422/1 609/421/1 514/419/1
f 513/422/1 610/423/1 609/421/1
f 513/422/1 611/424/1 610/423/1
f 512/425/1 611/424/1 513/422/1
f 512/425/1 612/426/1 611/424/1
f 511/427/1 612/426/1 512/425/1
f 511/427/1 613/428/1 612/426/1
f 511/427/1 614/429/1 613/428/1
f 510/430/1 614/429/1 511/427/1
f 510/430/1 615/431/1 614/429/1
f 510/430/1 616/432/1 615/431/1
f 635/433/1 575/399/1 636/408/1
f 509/434/1 616/432/1 510/430/1
f 634/435/1 575/399/1 635/433/1
f 509/434/1 617/436/1 616/432/1
f 633/437/1 575/399/1 634/435/1
f 598/438/1 600/439/1 599/440/1
f 633/437/1 576/441/1 575/399/1
f 509/434/1 618/442/1 617/436/1
f 597/443/1 600/439/1 598/438/1
f 632/444/1 576/441/1 633/437/1
f 632/444/1 577/445/1 576/441/1
f 596/446/1 600/439/1 597/443/1
f 508/447/1 618/442/1 509/434/1
f 508/447/1 619/448/1 618/442/1
f 632/444/1 578/449/1 577/445/1
f 631/450/1 578/449/1 632/444/1
f 595/451/1 600/439/1 596/446/1
f 631/450/1 579/452/1 578/449/1
f 630/453/1 579/452/1 631/450/1
f 594/454/1 600/439/1 595/451/1
f 508/447/1 620/455/1 619/448/1
f 630/453/1 580/456/1 579/452/1
f 593/457/1 600/439/1 594/454/1
f 629/458/1 580/456/1 630/453/1
f 629/458/1 581/459/1 580/456/1
f 592/460/1 600/439/1 593/457/1
f 508/447/1 621/461/1 620/455/1
f 629/458/1 582/462/1 581/459/1
f 628/463/1 582/462/1 629/458/1
f 591/464/1 600/439/1 592/460/1
f 628/463/1 583/465/1 582/462/1
f 507/466/1 621/461/1 508/447/1
f 590/467/1 600/439/1 591/464/1
f 507/466/1 622/468/1 621/461/1
f 627/469/1 583/465/1 628/463/1
f 627/469/1 584/470/1 583/465/1
f 589/471/1 600/439/1 590/467/1
f 627/469/1 585/472/1 584/470/1
f 588/473/1 600/439/1 589/471/1
f 626/474/1 585/472/1 627/469/1
f 626/474/1 586/475/1 585/472/1
f 587/476/1 600/439/1 588/473/1
f 626/474/1 587/476/1 586/475/1
f 507/466/1 623/477/1 622/468/1
f 626/474/1 600/439/1 587/476/1
f 625/478/1 600/439/1 626/474/1
f 507/466/1 624/479/1 623/477/1
f 624/479/1 600/439/1 625/478/1
f 507/466/1 487/480/1 624/479/1
f 487/480/1 600/439/1 624/479/1
f 506/481/1 487/480/1 507/466/1
f 506/481/1 488/482/1 487/480/1
f 486/483/1 600/439/1 487/480/1
f 505/484/1 488/482/1 506/481/1
f 505/484/1 489/485/1 488/482/1
f 485/486/1 600/439/1 486/483/1
f 485/486/1 464/15/1 600/439/1
f 504/487/1 489/485/1 505/484/1
f 504/487/1 490/488/1 489/485/1
f 484/489/1 464/15/1 485/486/1
f 484/489/1 465/490/1 464/15/1
f 504/487/1 491/491/1 490/488/1
f 483/492/1 465/490/1 484/489/1
f 503/493/1 491/491/1 504/487/1
f 483/492/1 466/494/1 465/490/1
f 503/493/1 492/495/1 491/491/1
f 482/496/1 466/494/1 483/492/1
f 482/496/1 467/497/1 466/494/1
f 502/498/1 492/495/1 503/493/1
f 502/498/1 493/499/1 492/495/1
f 481/500/1 467/497/1 482/496/1
f 481/500/1 468/501/1 467/497/1
f 502/498/1 494/502/1 493/499/1
f 480/503/1 468/501/1 481/500/1
f 480/503/1 469/504/1 468/501/1
f 501/505/1 494/502/1 502/498/1
f 501/505/1 495/506/1 494/502/1
f 479/507/1 469/504/1 480/503/1
f 479/507/1 470/508/1 469/504/1
f 501/505/1 496/509/1 495/506/1
f 479/507/1 471/510/1 470/508/1
f 478/511/1 471/510/1 479/507/1
f 500/512/1 496/509/1 501/505/1
f 478/511/1 472/513/1 471/510/1
f 500/512/1 497/514/1 496/509/1
f 477/515/1 472/513/1 478/511/1
f 477/515/1 473/516/1 472/513/1
f 500/512/1 498/517/1 497/514/1
f 476/518/1 473/516/1 477/515/1
f 499/519/1 498/517/1 500/512/1
f 476/518/1 474/520/1 473/516/1
f 475/521/1 474/520/1 476/518/1
f 672/522/1 674/523/1 673/524/1
f 672/522/1 675/525/1 674/523/1
f 672/522/1 676/526/1 675/525/1
f 672/522/1 677/527/1 676/526/1
f 671/528/1 677/527/1 672/522/1
f 671/528/1 678/529/1 677/527/1
f 671/528/1 679/530/1 678/529/1
f 671/528/1 680/531/1 679/530/1
f 670/532/1 680/531/1 671/528/1
f 670/532/1 681/533/1 680/531/1
f 670/532/1 682/534/1 681/533/1
f 669/535/1 682/534/1 670/532/1
f 669/535/1 683/536/1 682/534/1
f 669/535/1 684/537/1 683/536/1
f 668/538/1 684/537/1 669/535/1
f 668/538/1 685/539/1 684/537/1
f 668/538/1 696/540/1 685/539/1
f 696/540/1 695/541/1 685/539/1
f 695/541/1 694/542/1 685/539/1
f 694/542/1 693/543/1 685/539/1
f 693/543/1 692/544/1 685/539/1
f 692/544/1 691/545/1 685/539/1
f 691/545/1 690/546/1 685/539/1
f 690/546/1 689/547/1 685/539/1
f 689/547/1 688/548/1 685/539/1
f 688/548/1 687/549/1 685/539/1
f 687/549/1 686/550/1 685/539/1
f 667/551/1 698/552/1 668/538/1
f 698/552/1 697/553/1 668/538/1
f 697/553/1 696/540/1 668/538/1
f 667/551/1 699/554/1 698/552/1
f 667/551/1 700/555/1 699/554/1
f 667/551/1 701/556/1 700/555/1
f 666/557/1 701/556/1 667/551/1
f 666/557/1 702/558/1 701/556/1
f 666/557/1 703/559/1 702/558/1
f 665/560/1 703/559/1 666/557/1
f 665/560/1 704/561/1 703/559/1
f 665/560/1 705/562/1 704/561/1
f 664/563/1 705/562/1 665/560/1
f 664/563/1 706/564/1 705/562/1
f 663/565/1 706/564/1 664/563/1
f 663/565/1 707/566/1 706/564/1
f 663/565/1 708/567/1 707/566/1
f 662/568/1 708/567/1 663/565/1
f 662/568/1 709/569/1 708/567/1
f 661/570/1 709/569/1 662/568/1
f 661/570/1 710/571/1 709/569/1
f 661/570/1 711/572/1 710/571/1
f 660/573/1 711/572/1 661/570/1
f 736/574/1 738/575/1 737/576/1
f 736/574/1 735/577/1 738/575/1
f 735/577/1 739/13/1 738/575/1
f 660/573/1 712/578/1 711/572/1
f 659/579/1 712/578/1 660/573/1
f 659/579/1 713/580/1 712/578/1
f 734/581/1 739/13/1 735/577/1
f 658/582/1 713/580/1 659/579/1
f 658/582/1 714/583/1 713/580/1
f 658/582/1 715/584/1 714/583/1
f 657/585/1 715/584/1 658/582/1
f 657/585/1 716/586/1 715/584/1
f 656/587/1 716/586/1 657/585/1
f 656/587/1 717/588/1 716/586/1
f 656/587/1 718/589/1 717/588/1
f 655/590/1 718/589/1 656/587/1
f 655/590/1 719/591/1 718/589/1
f 733/592/1 739/13/1 734/581/1
f 732/593/1 739/13/1 733/592/1
f 731/594/1 739/13/1 732/593/1
f 655/590/1 720/595/1 719/591/1
f 730/596/1 739/13/1 731/594/1
f 729/597/1 739/13/1 730/596/1
f 728/598/1 739/13/1 729/597/1
f 655/590/1 721/599/1 720/595/1
f 654/600/1 721/599/1 655/590/1
f 727/601/1 739/13/1 728/598/1
f 726/602/1 739/13/1 727/601/1
f 725/603/1 739/13/1 726/602/1
f 654/600/1 722/604/1 721/599/1
f 724/605/1 739/13/1 725/603/1
f 723/606/1 739/13/1 724/605/1
f 722/604/1 739/13/1 723/606/1
f 654/600/1 739/13/1 722/604/1
f 653/607/1 739/13/1 654/600/1
f 653/607/1 638/15/1 739/13/1
f 653/607/1 639/608/1 638/15/1
f 652/609/1 639/608/1 653/607/1
f 652/609/1 640/610/1 639/608/1
f 652/609/1 641/611/1 640/610/1
f 651/612/1 641/611/1 652/609/1
f 651/612/1 642/613/1 641/611/1
f 651/612/1 643/614/1 642/613/1
f 651/612/1 644/615/1 643/614/1
f 650/616/1 644/615/1 651/612/1
f 650/616/1 645/617/1 644/615/1
f 650/616/1 646/618/1 645/617/1
f 650/616/1 647/619/1 646/618/1
f 649/620/1 647/619/1 650/616/1
f 649/620/1 648/621/1 647/619/1
f 752/1/2 753/3/2 754/2/2
f 752/1/2 754/2/2 755/4/2
f 751/5/2 752/1/2 755/4/2
f 751/5/2 755/4/2 756/6/2
f 750/7/2 751/5/2 756/6/2
f 750/7/2 756/6/2 757/8/2
f 750/7/2 757/8/2 758/9/2
f 749/10/2 750/7/2 758/9/2
f 749/10/2 758/9/2 759/11/2
f 792/12/2 793/14/2 794/13/2
f 792/12/2 794/13/2 740/15/2
f 748/16/2 749/10/2 759/11/2
f 748/16/2 759/11/2 760/17/2
f 748/16/2 760/17/2 761/18/2
f 747/19/2 748/16/2 761/18/2
f 747/19/2 761/18/2 762/20/2
f 746/21/2 747/19/2 762/20/2
f 746/21/2 762/20/2 763/22/2
f 746/21/2 763/22/2 764/23/2
f 745/24/2 746/21/2 764/23/2
f 745/24/2 764/23/2 765/25/2
f 744/26/2 745/24/2 765/25/2
f 744/26/2 765/25/2 775/27/2
f 775/27/2 765/25/2 774/28/2
f 774/28/2 765/25/2 773/29/2
f 773/29/2 765/25/2 772/30/2
f 772/30/2 765/25/2 771/31/2
f 771/31/2 765/25/2 770/32/2
f 770/32/2 765/25/2 769/33/2
f 769/33/2 765/25/2 768/34/2
f 768/34/2 765/25/2 767/35/2
f 767/35/2 765/25/2 766/36/2
f 743/37/2 744/26/2 777/38/2
f 777/38/2 744/26/2 776/39/2
f 776/39/2 744/26/2 775/27/2
f 742/40/2 743/37/2 779/41/2
f 779/41/2 743/37/2 778/42/2
f 778/42/2 743/37/2 777/38/2
f 742/40/2 779/41/2 780/43/2
f 742/40/2 780/43/2 781/44/2
f 741/45/2 742/40/2 781/44/2
f 741/45/2 781/44/2 782/46/2
f 741/45/2 782/46/2 783/47/2
f 792/12/2 740/15/2 741/45/2
f 792/12/2 741/45/2 787/48/2
f 787/48/2 741/45/2 786/49/2
f 786/49/2 741/45/2 785/50/2
f 785/50/2 741/45/2 784/51/2
f 784/51/2 741/45/2 783/47/2
f 792/12/2 787/48/2 788/52/2
f 792/12/2 788/52/2 789/53/2
f 792/12/2 789/53/2 790/54/2
f 792/12/2 790/54/2 791/55/2
f 829/56/2 830/58/2 831/57/2
f 829/56/2 831/57/2 832/59/2
f 828/60/2 829/56/2 832/59/2
f 828/60/2 832/59/2 833/61/2
f 827/62/2 828/60/2 833/61/2
f 827/62/2 833/61/2 834/63/2
f 826/64/2 827/62/2 834/63/2
f 826/64/2 834/63/2 835/65/2
f 825/66/2 826/64/2 835/65/2
f 825/66/2 835/65/2 836/67/2
f 824/68/2 825/66/2 836/67/2
f 824/68/2 836/67/2 837/69/2
f 823/70/2 824/68/2 880/71/2
f 880/71/2 824/68/2 837/69/2
f 823/70/2 880/71/2 881/72/2
f 879/73/2 880/71/2 837/69/2
f 823/70/2 881/72/2 882/74/2
f 878/75/2 879/73/2 837/69/2
f 823/70/2 882/74/2 883/76/2
f 877/77/2 878/75/2 837/69/2
f 877/77/2 837/69/2 838/78/2
f 823/70/2 883/76/2 884/79/2
f 822/80/2 823/70/2 884/79/2
f 876/81/2 877/77/2 838/78/2
f 822/80/2 884/79/2 885/82/2
f 875/83/2 876/81/2 838/78/2
f 822/80/2 885/82/2 886/84/2
f 874/85/2 875/83/2 838/78/2
f 822/80/2 886/84/2 887/86/2
f 873/87/2 874/85/2 838/78/2
f 821/88/2 822/80/2 887/86/2
f 873/87/2 838/78/2 839/89/2
f 821/88/2 887/86/2 888/90/2
f 872/91/2 873/87/2 839/89/2
f 821/88/2 888/90/2 889/92/2
f 871/93/2 872/91/2 839/89/2
f 820/94/2 821/88/2 889/92/2
f 871/93/2 839/89/2 840/95/2
f 820/94/2 889/92/2 890/96/2
f 870/97/2 871/93/2 840/95/2
f 820/94/2 890/96/2 891/98/2
f 869/99/2 870/97/2 840/95/2
f 819/100/2 820/94/2 891/98/2
f 819/100/2 891/98/2 892/101/2
f 869/99/2 840/95/2 841/102/2
f 893/13/2 869/99/2 841/102/2
f 819/100/2 892/101/2 893/13/2
f 819/100/2 893/13/2 841/102/2
f 818/103/2 819/100/2 841/102/2
f 818/103/2 841/102/2 842/104/2
f 817/105/2 818/103/2 843/106/2
f 843/106/2 818/103/2 842/104/2
f 817/105/2 843/106/2 844/35/2
f 816/107/2 817/105/2 844/35/2
f 816/107/2 844/35/2 845/108/2
f 816/107/2 845/108/2 846/109/2
f 815/110/2 816/107/2 846/109/2
f 815/110/2 846/109/2 847/111/2
f 814/112/2 815/110/2 847/111/2
f 814/112/2 847/111/2 848/113/2
f 866/114/2 867/116/2 868/115/2
f 814/112/2 848/113/2 849/117/2
f 865/118/2 866/114/2 868/115/2
f 864/119/2 865/118/2 868/115/2
f 813/120/2 814/112/2 849/117/2
f 813/120/2 849/117/2 850/121/2
f 863/122/2 864/119/2 868/115/2
f 862/123/2 863/122/2 868/115/2
f 813/120/2 850/121/2 851/124/2
f 861/125/2 862/123/2 868/115/2
f 813/120/2 851/124/2 852/126/2
f 860/127/2 861/125/2 868/115/2
f 812/128/2 813/120/2 852/126/2
f 859/129/2 860/127/2 868/115/2
f 812/128/2 852/126/2 853/130/2
f 858/131/2 859/129/2 868/115/2
f 812/128/2 853/130/2 854/132/2
f 857/133/2 858/131/2 868/115/2
f 856/134/2 857/133/2 868/115/2
f 812/128/2 854/132/2 855/135/2
f 855/135/2 856/134/2 868/115/2
f 812/128/2 855/135/2 868/115/2
f 811/136/2 812/128/2 868/115/2
f 811/136/2 868/115/2 795/15/2
f 810/137/2 811/136/2 795/15/2
f 810/137/2 795/15/2 796/138/2
f 810/137/2 796/138/2 797/139/2
f 809/140/2 810/137/2 797/139/2
f 809/140/2 797/139/2 798/141/2
f 809/140/2 798/141/2 799/142/2
f 808/143/2 809/140/2 799/142/2
f 808/143/2 799/142/2 800/144/2
f 808/143/2 800/144/2 801/145/2
f 807/146/2 808/143/2 801/145/2
f 807/146/2 801/145/2 802/147/2
f 807/146/2 802/147/2 803/148/2
f 807/146/2 803/148/2 804/149/2
f 806/150/2 807/146/2 804/149/2
f 806/150/2 804/149/2 805/151/2
f 899/50/2 900/13/2 894/15/2
f 899/50/2 894/15/2 895/10/2
f 895/10/2 896/9/2 897/35/2
f 895/10/2 897/35/2 898/39/2
f 899/50/2 895/10/2 898/39/2
f 947/152/2 948/153/2 901/15/2
f 947/152/2 901/15/2 902/154/2
f 946/155/2 947/152/2 902/154/2
f 946/155/2 902/154/2 903/156/2
f 945/157/2 946/155/2 903/156/2
f 945/157/2 903/156/2 904/158/2
f 944/159/2 945/157/2 904/158/2
f 944/159/2 904/158/2 905/160/2
f 943/161/2 944/159/2 905/160/2
f 943/161/2 905/160/2 906/162/2
f 942/163/2 943/161/2 972/164/2
f 972/164/2 943/161/2 906/162/2
f 942/163/2 972/164/2 973/165/2
f 971/166/2 972/164/2 906/162/2
f 970/167/2 971/166/2 906/162/2
f 942/163/2 973/165/2 974/168/2
f 969/169/2 970/167/2 906/162/2
f 942/163/2 974/168/2 975/170/2
f 969/169/2 906/162/2 907/171/2
f 941/172/2 942/163/2 975/170/2
f 968/173/2 969/169/2 907/171/2
f 941/172/2 975/170/2 976/174/2
f 967/175/2 968/173/2 907/171/2
f 941/172/2 976/174/2 977/176/2
f 967/175/2 907/171/2 908/177/2
f 940/178/2 941/172/2 977/176/2
f 966/179/2 967/175/2 908/177/2
f 940/178/2 977/176/2 978/180/2
f 965/181/2 966/179/2 908/177/2
f 940/178/2 978/180/2 979/182/2
f 965/181/2 908/177/2 909/183/2
f 939/184/2 940/178/2 979/182/2
f 964/185/2 965/181/2 909/183/2
f 939/184/2 979/182/2 980/186/2
f 964/185/2 909/183/2 910/187/2
f 938/188/2 939/184/2 980/186/2
f 963/189/2 964/185/2 910/187/2
f 938/188/2 980/186/2 981/190/2
f 962/191/2 963/189/2 910/187/2
f 938/188/2 981/190/2 982/192/2
f 962/191/2 910/187/2 911/193/2
f 937/194/2 938/188/2 982/192/2
f 961/195/2 962/191/2 911/193/2
f 937/194/2 982/192/2 983/196/2
f 961/195/2 911/193/2 912/197/2
f 936/198/2 937/194/2 983/196/2
f 960/199/2 961/195/2 912/197/2
f 936/198/2 983/196/2 984/200/2
f 935/201/2 936/198/2 984/200/2
f 935/201/2 984/200/2 985/202/2
f 959/203/2 960/199/2 912/197/2
f 959/203/2 912/197/2 913/204/2
f 935/201/2 985/202/2 986/205/2
f 958/206/2 959/203/2 913/204/2
f 958/206/2 913/204/2 914/207/2
f 934/208/2 935/201/2 986/205/2
f 934/208/2 986/205/2 987/209/2
f 957/210/2 958/206/2 914/207/2
f 957/210/2 914/207/2 915/211/2
f 933/212/2 934/208/2 987/209/2
f 956/213/2 957/210/2 915/211/2
f 933/212/2 987/209/2 988/214/2
f 956/213/2 915/211/2 916/215/2
f 932/216/2 933/212/2 988/214/2
f 955/217/2 956/213/2 916/215/2
f 932/216/2 988/214/2 989/218/2
f 954/219/2 955/217/2 916/215/2
f 932/216/2 989/218/2 990/220/2
f 954/219/2 916/215/2 917/221/2
f 931/222/2 932/216/2 990/220/2
f 953/223/2 954/219/2 917/221/2
f 931/222/2 990/220/2 991/224/2
f 952/225/2 953/223/2 917/221/2
f 931/222/2 991/224/2 992/226/2
f 952/225/2 917/221/2 918/227/2
f 930/228/2 931/222/2 992/226/2
f 951/229/2 952/225/2 918/227/2
f 930/228/2 992/226/2 993/230/2
f 950/231/2 951/229/2 918/227/2
f 930/228/2 993/230/2 994/232/2
f 950/231/2 918/227/2 919/233/2
f 929/234/2 930/228/2 994/232/2
f 949/235/2 950/231/2 919/233/2
f 929/234/2 994/232/2 995/236/2
f 996/13/2 949/235/2 919/233/2
f 929/234/2 995/236/2 996/13/2
f 929/234/2 996/13/2 919/233/2
f 929/234/2 919/233/2 920/237/2
f 928/238/2 929/234/2 920/237/2
f 928/238/2 920/237/2 921/239/2
f 927/240/2 928/238/2 921/239/2
f 927/240/2 921/239/2 922/241/2
f 926/242/2 927/240/2 922/241/2
f 926/242/2 922/241/2 923/243/2
f 925/244/2 926/242/2 923/243/2
f 925/244/2 923/243/2 924/245/2
f 1031/56/2 1032/58/2 1033/57/2
f 1031/56/2 1033/57/2 1034/59/2
f 1030/60/2 1031/56/2 1034/59/2
f 1030/60/2 1034/59/2 1035/61/2
f 1029/62/2 1030/60/2 1035/61/2
f 1029/62/2 1035/61/2 1036/63/2
f 1028/64/2 1029/62/2 1036/63/2
f 1028/64/2 1036/63/2 1037/65/2
f 1027/66/2 1028/64/2 1037/65/2
f 1027/66/2 1037/65/2 1038/67/2
f 1026/68/2 1027/66/2 1038/67/2
f 1026/68/2 1038/67/2 1039/69/2
f 1025/70/2 1026/68/2 1082/71/2
f 1082/71/2 1026/68/2 1039/69/2
f 1025/70/2 1082/71/2 1083/72/2
f 1081/73/2 1082/71/2 1039/69/2
f 1025/70/2 1083/72/2 1084/74/2
f 1080/75/2 1081/73/2 1039/69/2
f 1025/70/2 1084/74/2 1085/76/2
f 1079/77/2 1080/75/2 1039/69/2
f 1079/77/2 1039/69/2 1040/78/2
f 1025/70/2 1085/76/2 1086/79/2
f 1024/80/2 1025/70/2 1086/79/2
f 1078/81/2 1079/77/2 1040/78/2
f 1024/80/2 1086/79/2 1087/82/2
f 1077/83/2 1078/81/2 1040/78/2
f 1024/80/2 1087/82/2 1088/84/2
f 1076/85/2 1077/83/2 1040/78/2
f 1024/80/2 1088/84/2 1089/86/2
f 1075/87/2 1076/85/2 1040/78/2
f 1023/88/2 1024/80/2 1089/86/2
f 1075/87/2 1040/78/2 1041/89/2
f 1023/88/2 1089/86/2 1090/90/2
f 1074/91/2 1075/87/2 1041/89/2
f 1023/88/2 1090/90/2 1091/92/2
f 1073/93/2 1074/91/2 1041/89/2
f 1022/94/2 1023/88/2 1091/92/2
f 1073/93/2 1041/89/2 1042/95/2
f 1022/94/2 1091/92/2 1092/96/2
f 1072/97/2 1073/93/2 1042/95/2
f 1022/94/2 1092/96/2 1093/98/2
f 1071/99/2 1072/97/2 1042/95/2
f 1021/100/2 1022/94/2 1093/98/2
f 1021/100/2 1093/98/2 1094/101/2
f 1071/99/2 1042/95/2 1043/102/2
f 1095/13/2 1071/99/2 1043/102/2
f 1021/100/2 1094/101/2 1095/13/2
f 1021/100/2 1095/13/2 1043/102/2
f 1020/103/2 1021/100/2 1043/102/2
f 1020/103/2 1043/102/2 1044/104/2
f 1019/105/2 1020/103/2 1045/106/2
f 1045/106/2 1020/103/2 1044/104/2
f 1019/105/2 1045/106/2 1046/35/2
f 1018/107/2 1019/105/2 1046/35/2
f 1018/107/2 1046/35/2 1047/108/2
f 1018/107/2 1047/108/2 1048/109/2
f 1017/110/2 1018/107/2 1048/109/2
f 1017/110/2 1048/109/2 1049/111/2
f 1016/112/2 1017/110/2 1049/111/2
f 1016/112/2 1049/111/2 1050/113/2
f 1068/114/2 1069/116/2 1070/115/2
f 1016/112/2 1050/113/2 1051/117/2
f 1067/118/2 1068/114/2 1070/115/2
f 1066/119/2 1067/118/2 1070/115/2
f 1015/120/2 1016/112/2 1051/117/2
f 1015/120/2 1051/117/2 1052/121/2
f 1065/122/2 1066/119/2 1070/115/2
f 1064/123/2 1065/122/2 1070/115/2
f 1015/120/2 1052/121/2 1053/124/2
f 1063/125/2 1064/123/2 1070/115/2
f 1015/120/2 1053/124/2 1054/126/2
f 1062/127/2 1063/125/2 1070/115/2
f 1014/128/2 1015/120/2 1054/126/2
f 1061/129/2 1062/127/2 1070/115/2
f 1014/128/2 1054/126/2 1055/130/2
f 1060/131/2 1061/129/2 1070/115/2
f 1014/128/2 1055/130/2 1056/132/2
f 1059/133/2 1060/131/2 1070/115/2
f 1058/134/2 1059/133/2 1070/115/2
f 1014/128/2 1056/132/2 1057/135/2
f 1057/135/2 1058/134/2 1070/115/2
f 1014/128/2 1057/135/2 1070/115/2
f 1013/136/2 1014/128/2 1070/115/2
f 1013/136/2 1070/115/2 997/15/2
f 1012/137/2 1013/136/2 997/15/2
f 1012/137/2 997/15/2 998/138/2
f 1012/137/2 998/138/2 999/139/2
f 1011/140/2 1012/137/2 999/139/2
f 1011/140/2 999/139/2 1000/141/2
f 1011/140/2 1000/141/2 1001/142/2
f 1010/143/2 1011/140/2 1001/142/2
f 1010/143/2 1001/142/2 1002/144/2
f 1010/143/2 1002/144/2 1003/145/2
f 1009/146/2 1010/143/2 1003/145/2
f 1009/146/2 1003/145/2 1004/147/2
f 1009/146/2 1004/147/2 1005/148/2
f 1009/146/2 1005/148/2 1006/149/2
f 1008/150/2 1009/146/2 1006/149/2
f 1008/150/2 1006/149/2 1007/151/2
f 1107/246/2 1108/248/2 1109/247/2
f 1131/249/2 1132/251/2 1133/250/2
f 1106/252/2 1107/246/2 1109/247/2
f 1106/252/2 1109/247/2 1110/253/2
f 1130/254/2 1131/249/2 1133/250/2
f 1130/254/2 1133/250/2 1134/255/2
f 1105/256/2 1106/252/2 1110/253/2
f 1105/256/2 1110/253/2 1111/257/2
f 1129/258/2 1130/254/2 1134/255/2
f 1104/259/2 1105/256/2 1111/257/2
f 1104/259/2 1111/257/2 1112/260/2
f 1129/258/2 1134/255/2 1135/261/2
f 1128/262/2 1129/258/2 1135/261/2
f 1103/263/2 1104/259/2 1112/260/2
f 1200/264/2 1201/265/2 1202/13/2
f 1200/264/2 1202/13/2 1096/15/2
f 1103/263/2 1112/260/2 1113/266/2
f 1127/267/2 1128/262/2 1135/261/2
f 1102/268/2 1103/263/2 1113/266/2
f 1127/267/2 1135/261/2 1136/269/2
f 1102/268/2 1113/266/2 1114/270/2
f 1101/271/2 1102/268/2 1114/270/2
f 1126/272/2 1127/267/2 1136/269/2
f 1101/271/2 1114/270/2 1115/273/2
f 1126/272/2 1136/269/2 1137/274/2
f 1100/275/2 1101/271/2 1115/273/2
f 1125/276/2 1126/272/2 1137/274/2
f 1100/275/2 1115/273/2 1116/277/2
f 1099/278/2 1100/275/2 1116/277/2
f 1124/279/2 1125/276/2 1137/274/2
f 1124/279/2 1137/274/2 1138/280/2
f 1099/278/2 1116/277/2 1117/281/2
f 1098/282/2 1099/278/2 1117/281/2
f 1123/283/2 1124/279/2 1138/280/2
f 1098/282/2 1117/281/2 1118/284/2
f 1097/285/2 1098/282/2 1118/284/2
f 1123/283/2 1138/280/2 1139/286/2
f 1122/287/2 1123/283/2 1139/286/2
f 1097/285/2 1118/284/2 1119/288/2
f 1096/15/2 1097/285/2 1119/288/2
f 1121/289/2 1122/287/2 1139/286/2
f 1121/289/2 1139/286/2 1159/290/2
f 1159/290/2 1139/286/2 1140/291/2
f 1200/264/2 1096/15/2 1198/292/2
f 1198/292/2 1096/15/2 1197/293/2
f 1197/293/2 1096/15/2 1196/294/2
f 1196/294/2 1096/15/2 1195/295/2
f 1195/295/2 1096/15/2 1194/296/2
f 1194/296/2 1096/15/2 1193/297/2
f 1193/297/2 1096/15/2 1192/298/2
f 1192/298/2 1096/15/2 1191/299/2
f 1191/299/2 1096/15/2 1190/300/2
f 1190/300/2 1096/15/2 1189/301/2
f 1189/301/2 1096/15/2 1188/302/2
f 1188/302/2 1096/15/2 1187/303/2
f 1187/303/2 1096/15/2 1119/288/2
f 1187/303/2 1119/288/2 1186/304/2
f 1186/304/2 1119/288/2 1120/305/2
f 1120/305/2 1121/289/2 1160/306/2
f 1160/306/2 1121/289/2 1159/290/2
f 1185/307/2 1186/304/2 1120/305/2
f 1158/308/2 1159/290/2 1140/291/2
f 1120/305/2 1160/306/2 1161/309/2
f 1184/310/2 1185/307/2 1120/305/2
f 1157/311/2 1158/308/2 1140/291/2
f 1120/305/2 1161/309/2 1162/312/2
f 1183/313/2 1184/310/2 1120/305/2
f 1156/314/2 1157/311/2 1140/291/2
f 1120/305/2 1162/312/2 1163/315/2
f 1182/316/2 1183/313/2 1120/305/2
f 1182/316/2 1120/305/2 1163/315/2
f 1155/317/2 1156/314/2 1140/291/2
f 1182/316/2 1163/315/2 1164/318/2
f 1155/317/2 1140/291/2 1141/319/2
f 1181/320/2 1182/316/2 1164/318/2
f 1181/320/2 1164/318/2 1165/321/2
f 1154/322/2 1155/317/2 1141/319/2
f 1181/320/2 1165/321/2 1166/323/2
f 1180/324/2 1181/320/2 1166/323/2
f 1153/325/2 1154/322/2 1141/319/2
f 1180/324/2 1166/323/2 1167/326/2
f 1179/327/2 1180/324/2 1167/326/2
f 1152/328/2 1153/325/2 1141/319/2
f 1179/327/2 1167/326/2 1168/329/2
f 1152/328/2 1141/319/2 1142/330/2
f 1178/331/2 1179/327/2 1168/329/2
f 1178/331/2 1168/329/2 1169/332/2
f 1151/333/2 1152/328/2 1142/330/2
f 1178/331/2 1169/332/2 1170/334/2
f 1177/335/2 1178/331/2 1170/334/2
f 1150/336/2 1151/333/2 1142/330/2
f 1177/335/2 1170/334/2 1171/337/2
f 1150/336/2 1142/330/2 1143/338/2
f 1176/339/2 1177/335/2 1171/337/2
f 1200/264/2 1198/292/2 1199/340/2
f 1176/339/2 1171/337/2 1172/341/2
f 1149/35/2 1150/336/2 1143/338/2
f 1175/342/2 1176/339/2 1172/341/2
f 1148/343/2 1149/35/2 1143/338/2
f 1148/343/2 1143/338/2 1144/344/2
f 1174/345/2 1175/342/2 1172/341/2
f 1147/346/2 1148/343/2 1144/344/2
f 1147/346/2 1144/344/2 1145/347/2
f 1173/348/2 1174/345/2 1172/341/2
f 1146/349/2 1147/346/2 1145/347/2
f 1300/350/2 1301/352/2 1302/351/2
f 1299/353/2 1300/350/2 1302/351/2
f 1299/353/2 1302/351/2 1303/354/2
f 1298/355/2 1299/353/2 1303/354/2
f 1297/356/2 1298/355/2 1303/354/2
f 1297/356/2 1303/354/2 1304/357/2
f 1296/358/2 1297/356/2 1304/357/2
f 1296/358/2 1304/357/2 1305/359/2
f 1295/360/2 1296/358/2 1305/359/2
f 1294/361/2 1295/360/2 1305/359/2
f 1294/361/2 1305/359/2 1306/362/2
f 1293/363/2 1294/361/2 1306/362/2
f 1293/363/2 1306/362/2 1307/364/2
f 1292/365/2 1293/363/2 1307/364/2
f 1291/366/2 1292/365/2 1307/364/2
f 1291/366/2 1307/364/2 1308/367/2
f 1290/368/2 1291/366/2 1308/367/2
f 1290/368/2 1308/367/2 1309/369/2
f 1289/370/2 1290/368/2 1309/369/2
f 1288/371/2 1289/370/2 1287/372/2
f 1287/372/2 1289/370/2 1286/373/2
f 1286/373/2 1289/370/2 1285/374/2
f 1285/374/2 1289/370/2 1284/375/2
f 1284/375/2 1289/370/2 1283/376/2
f 1283/376/2 1289/370/2 1282/377/2
f 1282/377/2 1289/370/2 1281/378/2
f 1281/378/2 1289/370/2 1280/379/2
f 1280/379/2 1289/370/2 1279/380/2
f 1279/380/2 1289/370/2 1278/381/2
f 1278/381/2 1289/370/2 1309/369/2
f 1278/381/2 1309/369/2 1277/382/2
f 1277/382/2 1309/369/2 1276/383/2
f 1276/383/2 1309/369/2 1310/384/2
f 1276/383/2 1310/384/2 1275/385/2
f 1275/385/2 1310/384/2 1311/386/2
f 1274/387/2 1275/385/2 1311/386/2
f 1273/388/2 1274/387/2 1311/386/2
f 1272/389/2 1273/388/2 1311/386/2
f 1271/390/2 1272/389/2 1311/386/2
f 1270/391/2 1271/390/2 1311/386/2
f 1270/391/2 1311/386/2 1312/392/2
f 1269/393/2 1270/391/2 1312/392/2
f 1268/394/2 1269/393/2 1312/392/2
f 1267/395/2 1268/394/2 1312/392/2
f 1267/395/2 1312/392/2 1313/396/2
f 1266/397/2 1267/395/2 1313/396/2
f 1265/398/2 1266/397/2 1313/396/2
f 1265/398/2 1313/396/2 1314/399/2
f 1264/400/2 1265/398/2 1314/399/2
f 1263/401/2 1264/400/2 1314/399/2
f 1262/402/2 1263/401/2 1376/13/2
f 1376/13/2 1263/401/2 1314/399/2
f 1261/403/2 1262/402/2 1376/13/2
f 1260/404/2 1261/403/2 1376/13/2
f 1259/405/2 1260/404/2 1376/13/2
f 1258/406/2 1259/405/2 1376/13/2
f 1258/406/2 1376/13/2 1340/407/2
f 1375/408/2 1376/13/2 1314/399/2
f 1258/406/2 1340/407/2 1341/409/2
f 1257/410/2 1258/406/2 1341/409/2
f 1257/410/2 1341/409/2 1342/411/2
f 1256/412/2 1257/410/2 1342/411/2
f 1256/412/2 1342/411/2 1343/413/2
f 1255/414/2 1256/412/2 1343/413/2
f 1255/414/2 1343/413/2 1344/415/2
f 1255/414/2 1344/415/2 1345/416/2
f 1254/417/2 1255/414/2 1345/416/2
f 1254/417/2 1345/416/2 1346/418/2
f 1253/419/2 1254/417/2 1346/418/2
f 1253/419/2 1346/418/2 1347/420/2
f 1253/419/2 1347/420/2 1348/421/2
f 1252/422/2 1253/419/2 1348/421/2
f 1252/422/2 1348/421/2 1349/423/2
f 1252/422/2 1349/423/2 1350/424/2
f 1251/425/2 1252/422/2 1350/424/2
f 1251/425/2 1350/424/2 1351/426/2
f 1250/427/2 1251/425/2 1351/426/2
f 1250/427/2 1351/426/2 1352/428/2
f 1250/427/2 1352/428/2 1353/429/2
f 1249/430/2 1250/427/2 1353/429/2
f 1249/430/2 1353/429/2 1354/431/2
f 1249/430/2 1354/431/2 1355/432/2
f 1374/433/2 1375/408/2 1314/399/2
f 1248/434/2 1249/430/2 1355/432/2
f 1373/435/2 1374/433/2 1314/399/2
f 1248/434/2 1355/432/2 1356/436/2
f 1372/437/2 1373/435/2 1314/399/2
f 1337/438/2 1338/440/2 1339/439/2
f 1372/437/2 1314/399/2 1315/441/2
f 1248/434/2 1356/436/2 1357/442/2
f 1336/443/2 1337/438/2 1339/439/2
f 1371/444/2 1372/437/2 1315/441/2
f 1371/444/2 1315/441/2 1316/445/2
f 1335/446/2 1336/443/2 1339/439/2
f 1247/447/2 1248/434/2 1357/442/2
f 1247/447/2 1357/442/2 1358/448/2
f 1371/444/2 1316/445/2 1317/449/2
f 1370/450/2 1371/444/2 1317/449/2
f 1334/451/2 1335/446/2 1339/439/2
f 1370/450/2 1317/449/2 1318/452/2
f 1369/453/2 1370/450/2 1318/452/2
f 1333/454/2 1334/451/2 1339/439/2
f 1247/447/2 1358/448/2 1359/455/2
f 1369/453/2 1318/452/2 1319/456/2
f 1332/457/2 1333/454/2 1339/439/2
f 1368/458/2 1369/453/2 1319/456/2
f 1368/458/2 1319/456/2 1320/459/2
f 1331/460/2 1332/457/2 1339/439/2
f 1247/447/2 1359/455/2 1360/461/2
f 1368/458/2 1320/459/2 1321/462/2
f 1367/463/2 1368/458/2 1321/462/2
f 1330/464/2 1331/460/2 1339/439/2
f 1367/463/2 1321/462/2 1322/465/2
f 1246/466/2 1247/447/2 1360/461/2
f 1329/467/2 1330/464/2 1339/439/2
f 1246/466/2 1360/461/2 1361/468/2
f 1366/469/2 1367/463/2 1322/465/2
f 1366/469/2 1322/465/2 1323/470/2
f 1328/471/2 1329/467/2 1339/439/2
f 1366/469/2 1323/470/2 1324/472/2
f 1327/473/2 1328/471/2 1339/439/2
f 1365/474/2 1366/469/2 1324/472/2
f 1365/474/2 1324/472/2 1325/475/2
f 1326/476/2 1327/473/2 1339/439/2
f 1365/474/2 1325/475/2 1326/476/2
f 1246/466/2 1361/468/2 1362/477/2
f 1365/474/2 1326/476/2 1339/439/2
f 1364/478/2 1365/474/2 1339/439/2
f 1246/466/2 1362/477/2 1363/479/2
f 1363/479/2 1364/478/2 1339/439/2
f 1246/466/2 1363/479/2 1226/480/2
f 1226/480/2 1363/479/2 1339/439/2
f 1245/481/2 1246/466/2 1226/480/2
f 1245/481/2 1226/480/2 1227/482/2
f 1225/483/2 1226/480/2 1339/439/2
f 1244/484/2 1245/481/2 1227/482/2
f 1244/484/2 1227/482/2 1228/485/2
f 1224/486/2 1225/483/2 1339/439/2
f 1224/486/2 1339/439/2 1203/15/2
f 1243/487/2 1244/484/2 1228/485/2
f 1243/487/2 1228/485/2 1229/488/2
f 1223/489/2 1224/486/2 1203/15/2
f 1223/489/2 1203/15/2 1204/490/2
f 1243/487/2 1229/488/2 1230/491/2
f 1222/492/2 1223/489/2 1204/490/2
f 1242/493/2 1243/487/2 1230/491/2
f 1222/492/2 1204/490/2 1205/494/2
f 1242/493/2 1230/491/2 1231/495/2
f 1221/496/2 1222/492/2 1205/494/2
f 1221/496/2 1205/494/2 1206/497/2
f 1241/498/2 1242/493/2 1231/495/2
f 1241/498/2 1231/495/2 1232/499/2
f 1220/500/2 1221/496/2 1206/497/2
f 1220/500/2 1206/497/2 1207/501/2
f 1241/498/2 1232/499/2 1233/502/2
f 1219/503/2 1220/500/2 1207/501/2
f 1219/503/2 1207/501/2 1208/504/2
f 1240/505/2 1241/498/2 1233/502/2
f 1240/505/2 1233/502/2 1234/506/2
f 1218/507/2 1219/503/2 1208/504/2
f 1218/507/2 1208/504/2 1209/508/2
f 1240/505/2 1234/506/2 1235/509/2
f 1218/507/2 1209/508/2 1210/510/2
f 1217/511/2 1218/507/2 1210/510/2
f 1239/512/2 1240/505/2 1235/509/2
f 1217/511/2 1210/510/2 1211/513/2
f 1239/512/2 1235/509/2 1236/514/2
f 1216/515/2 1217/511/2 1211/513/2
f 1216/515/2 1211/513/2 1212/516/2
f 1239/512/2 1236/514/2 1237/517/2
f 1215/518/2 1216/515/2 1212/516/2
f 1238/519/2 1239/512/2 1237/517/2
f 1215/518/2 1212/516/2 1213/520/2
f 1214/521/2 1215/518/2 1213/520/2
f 1411/522/2 1412/524/2 1413/523/2
f 1411/522/2 1413/523/2 1414/525/2
f 1411/522/2 1414/525/2 1415/526/2
f 1411/522/2 1415/526/2 1416/527/2
f 1410/528/2 1411/522/2 1416/527/2
f 1410/528/2 1416/527/2 1417/529/2
f 1410/528/2 1417/529/2 1418/530/2
f 1410/528/2 1418/530/2 1419/531/2
f 1409/532/2 1410/528/2 1419/531/2
f 1409/532/2 1419/531/2 1420/533/2
f 1409/532/2 1420/533/2 1421/534/2
f 1408/535/2 1409/532/2 1421/534/2
f 1408/535/2 1421/534/2 1422/536/2
f 1408/535/2 1422/536/2 1423/537/2
f 1407/538/2 1408/535/2 1423/537/2
f 1407/538/2 1423/537/2 1424/539/2
f 1407/538/2 1424/539/2 1435/540/2
f 1435/540/2 1424/539/2 1434/541/2
f 1434/541/2 1424/539/2 1433/542/2
f 1433/542/2 1424/539/2 1432/543/2
f 1432/543/2 1424/539/2 1431/544/2
f 1431/544/2 1424/539/2 1430/545/2
f 1430/545/2 1424/539/2 1429/546/2
f 1429/546/2 1424/539/2 1428/547/2
f 1428/547/2 1424/539/2 1427/548/2
f 1427/548/2 1424/539/2 1426/549/2
f 1426/549/2 1424/539/2 1425/550/2
f 1406/551/2 1407/538/2 1437/552/2
f 1437/552/2 1407/538/2 1436/553/2
f 1436/553/2 1407/538/2 1435/540/2
f 1406/551/2 1437/552/2 1438/554/2
f 1406/551/2 1438/554/2 1439/555/2
f 1406/551/2 1439/555/2 1440/556/2
f 1405/557/2 1406/551/2 1440/556/2
f 1405/557/2 1440/556/2 1441/558/2
f 1405/557/2 1441/558/2 1442/559/2
f 1404/560/2 1405/557/2 1442/559/2
f 1404/560/2 1442/559/2 1443/561/2
f 1404/560/2 1443/561/2 1444/562/2
f 1403/563/2 1404/560/2 1444/562/2
f 1403/563/2 1444/562/2 1445/564/2
f 1402/565/2 1403/563/2 1445/564/2
f 1402/565/2 1445/564/2 1446/566/2
f 1402/565/2 1446/566/2 1447/567/2
f 1401/568/2 1402/565/2 1447/567/2
f 1401/568/2 1447/567/2 1448/569/2
f 1400/570/2 1401/568/2 1448/569/2
f 1400/570/2 1448/569/2 1449/571/2
f 1400/570/2 1449/571/2 1450/572/2
f 1399/573/2 1400/570/2 1450/572/2
f 1475/574/2 1476/576/2 1477/575/2
f 1475/574/2 1477/575/2 1474/577/2
f 1474/577/2 1477/575/2 1478/13/2
f 1399/573/2 1450/572/2 1451/578/2
f 1398/579/2 1399/573/2 1451/578/2
f 1398/579/2 1451/578/2 1452/580/2
f 1473/581/2 1474/577/2 1478/13/2
f 1397/582/2 1398/579/2 1452/580/2
f 1397/582/2 1452/580/2 1453/583/2
f 1397/582/2 1453/583/2 1454/584/2
f 1396/585/2 1397/582/2 1454/584/2
f 1396/585/2 1454/584/2 1455/586/2
f 1395/587/2 1396/585/2 1455/586/2
f 1395/587/2 1455/586/2 1456/588/2
f 1395/587/2 1456/588/2 1457/589/2
f 1394/590/2 1395/587/2 1457/589/2
f 1394/590/2 1457/589/2 1458/591/2
f 1472/592/2 1473/581/2 1478/13/2
f 1471/593/2 1472/592/2 1478/13/2
f 1470/594/2 1471/593/2 1478/13/2
f 1394/590/2 1458/591/2 1459/595/2
f 1469/596/2 1470/594/2 1478/13/2
f 1468/597/2 1469/596/2 1478/13/2
f 1467/598/2 1468/597/2 1478/13/2
f 1394/590/2 1459/595/2 1460/599/2
f 1393/600/2 1394/590/2 1460/599/2
f 1466/601/2 1467/598/2 1478/13/2
f 1465/602/2 1466/601/2 1478/13/2
f 1464/603/2 1465/602/2 1478/13/2
f 1393/600/2 1460/599/2 1461/604/2
f 1463/605/2 1464/603/2 1478/13/2
f 1462/606/2 1463/605/2 1478/13/2
f 1461/604/2 1462/606/2 1478/13/2
f 1393/600/2 1461/604/2 1478/13/2
f 1392/607/2 1393/600/2 1478/13/2
f 1392/607/2 1478/13/2 1377/15/2
f 1392/607/2 1377/15/2 1378/608/2
f 1391/609/2 1392/607/2 1378/608/2
f 1391/609/2 1378/608/2 1379/610/2
f 1391/609/2 1379/610/2 1380/611/2
f 1390/612/2 1391/609/2 1380/611/2
f 1390/612/2 1380/611/2 1381/613/2
f 1390/612/2 1381/613/2 1382/614/2
f 1390/612/2 1382/614/2 1383/615/2
f 1389/616/2 1390/612/2 1383/615/2
f 1389/616/2 1383/615/2 1384/617/2
f 1389/616/2 1384/617/2 1385/618/2
f 1389/616/2 1385/618/2 1386/619/2
f 1388/620/2 1389/616/2 1386/619/2
f 1388/620/2 1386/619/2 1387/621/2
s 1
f 1480/622/3 1482/623/4 1481/624/4 1479/15/3
f 1482/623/4 1484/625/5 1483/626/5 1481/624/4
f 1484/625/5 1486/627/6 1485/628/6 1483/626/5
f 1486/627/6 1488/629/7 1487/630/7 1485/628/6
f 1488/629/7 1490/631/8 1489/632/8 1487/630/7
f 1490/631/8 1492/633/9 1491/634/9 1489/632/8
f 1492/633/9 1494/635/10 1493/636/10 1491/634/9
f 1494/635/10 1496/637/11 1495/638/11 1493/636/10
f 1496/637/11 1498/639/12 1497/640/12 1495/638/11
f 1498/639/12 1500/641/13 1499/642/13 1497/640/12
f 1500/641/13 1502/643/14 1501/644/14 1499/642/13
f 1502/643/14 1504/645/15 1503/646/15 1501/644/14
f 1504/645/15 1506/647/16 1505/648/16 1503/646/15
f 1506/647/16 1508/649/17 1507/650/17 1505/648/16
f 1508/649/17 1510/651/18 1509/652/18 1507/650/17
f 1510/651/18 1512/653/19 1511/654/19 1509/652/18
f 1512/653/19 1514/655/20 1513/10/20 1511/654/19
f 1514/655/20 1516/656/21 1515/657/21 1513/10/20
f 1516/656/21 1518/658/22 1517/659/22 1515/657/21
f 1518/658/22 1520/660/23 1519/661/23 1517/659/22
f 1520/660/23 1522/662/24 1521/663/24 1519/661/23
f 1522/662/24 1524/664/25 1523/665/25 1521/663/24
f 1524/664/25 1526/666/26 1525/667/26 1523/665/25
f 1526/666/26 1528/668/27 1527/669/27 1525/667/26
f 1528/668/27 1530/670/28 1529/671/28 1527/669/27
f 1530/670/28 1532/672/29 1531/673/29 1529/671/28
f 1532/672/29 1534/674/30 1533/675/30 1531/673/29
f 1534/674/30 1536/676/31 1535/677/31 1533/675/30
f 1536/676/31 1538/678/32 1537/679/32 1535/677/31
f 1538/678/32 1540/680/33 1539/681/33 1537/679/32
f 1540/680/33 1542/682/34 1541/683/34 1539/681/33
f 1542/682/34 1544/684/35 1543/685/35 1541/683/34
f 1544/684/35 1546/686/36 1545/687/36 1543/685/35
f 1546/686/36 1548/688/37 1547/9/37 1545/687/36
f 1548/688/37 1550/689/38 1549/690/38 1547/9/37
f 1550/689/38 1552/691/39 1551/692/39 1549/690/38
f 1552/691/39 1554/693/40 1553/694/40 1551/692/39
f 1554/693/40 1556/695/41 1555/696/41 1553/694/40
f 1556/695/41 1558/697/42 1557/698/42 1555/696/41
f 1558/697/42 1560/699/43 1559/700/43 1557/698/42
f 1560/699/43 1562/701/44 1561/702/44 1559/700/43
f 1562/701/44 1564/703/45 1563/704/45 1561/702/44
f 1564/703/45 1566/705/46 1565/706/46 1563/704/45
f 1566/705/46 1568/707/47 1567/708/47 1565/706/46
f 1568/707/47 1570/709/48 1569/710/48 1567/708/47
f 1570/709/48 1572/711/49 1571/712/49 1569/710/48
f 1572/711/49 1574/713/50 1573/714/50 1571/712/49
f 1574/713/50 1576/715/51 1575/716/51 1573/714/50
f 1576/715/51 1578/717/52 1577/718/52 1575/716/51
f 1578/717/52 1580/719/53 1579/720/53 1577/718/52
f 1580/719/53 1582/721/54 1581/35/54 1579/720/53
f 1582/721/54 1584/722/55 1583/723/55 1581/35/54
f 1584/722/55 1586/724/56 1585/725/56 1583/723/55
f 1586/724/56 1588/726/57 1587/727/57 1585/725/56
f 1588/726/57 1590/728/58 1589/729/58 1587/727/57
f 1590/728/58 1592/730/59 1591/731/59 1589/729/58
f 1592/730/59 1594/732/60 1593/733/60 1591/731/59
f 1594/732/60 1596/734/61 1595/735/61 1593/733/60
f 1596/734/61 1598/736/62 1597/737/62 1595/735/61
f 1598/736/62 1600/738/63 1599/739/63 1597/737/62
f 1600/738/63 1602/740/64 1601/741/64 1599/739/63
f 1602/740/64 1604/742/65 1603/743/65 1601/741/64
f 1604/742/65 1606/744/66 1605/745/66 1603/743/65
f 1606/744/66 1608/746/67 1607/747/67 1605/745/66
f 1608/746/67 1610/748/68 1609/749/68 1607/747/67
f 1610/748/68 1612/750/69 1611/751/69 1609/749/68
f 1612/750/69 1614/752/70 1613/753/70 1611/751/69
f 1614/752/70 1616/754/71 1615/39/71 1613/753/70
f 1616/754/71 1618/755/72 1617/756/72 1615/39/71
f 1618/755/72 1620/757/73 1619/758/73 1617/756/72
f 1620/757/73 1622/759/74 1621/760/74 1619/758/73
f 1622/759/74 1624/761/75 1623/762/75 1621/760/74
f 1624/761/75 1626/763/76 1625/764/76 1623/762/75
f 1626/763/76 1628/765/77 1627/766/77 1625/764/76
f 1628/765/77 1630/767/78 1629/768/78 1627/766/77
f 1630/767/78 1632/769/79 1631/770/79 1629/768/78
f 1632/769/79 1634/771/80 1633/772/80 1631/770/79
f 1634/771/80 1636/773/81 1635/774/81 1633/772/80
f 1636/773/81 1638/775/82 1637/776/82 1635/774/81
f 1638/775/82 1640/777/83 1639/778/83 1637/776/82
f 1640/777/83 1642/779/84 1641/780/84 1639/778/83
f 1642/779/84 1644/781/85 1643/782/85 1641/780/84
f 1644/781/85 1646/783/86 1645/784/86 1643/782/85
f 1646/783/86 1648/785/87 1647/786/87 1645/784/86
f 1648/785/87 1650/787/88 1649/50/88 1647/786/87
f 1650/787/88 1652/788/89 1651/789/89 1649/50/88
f 1652/788/89 1654/790/90 1653/791/90 1651/789/89
f 1654/790/90 1656/792/91 1655/793/91 1653/791/90
f 1656/792/91 1658/794/92 1657/795/92 1655/793/91
f 1658/794/92 1660/796/93 1659/797/93 1657/795/92
f 1660/796/93 1662/798/94 1661/799/94 1659/797/93
f 1662/798/94 1664/800/95 1663/801/95 1661/799/94
f 1664/800/95 1666/802/96 1665/803/96 1663/801/95
f 1666/802/96 1668/804/97 1667/805/97 1665/803/96
f 1668/804/97 1670/806/98 1669/807/98 1667/805/97
f 1670/806/98 1672/808/99 1671/809/99 1669/807/98
f 1672/808/99 1674/810/100 1673/811/100 1671/809/99
f 1674/810/100 1676/812/100 1675/813/100 1673/811/100
f 1676/812/100 1678/814/101 1677/815/101 1675/813/100
f 1678/814/101 1680/816/102 1679/817/102 1677/815/101
f 1680/816/102 1682/818/103 1681/819/103 1679/817/102
f 1682/818/103 1480/820/3 1479/13/3 1681/819/103
f 1684/622/104 1686/821/105 1685/822/105 1683/15/104
f 1686/821/105 1688/823/106 1687/824/106 1685/822/105
f 1688/823/106 1690/825/107 1689/826/107 1687/824/106
f 1690/825/107 1692/827/108 1691/828/108 1689/826/107
f 1692/827/108 1694/829/109 1693/830/109 1691/828/108
f 1694/829/109 1696/831/110 1695/832/110 1693/830/109
f 1696/831/110 1698/833/111 1697/834/111 1695/832/110
f 1698/833/111 1700/835/112 1699/836/112 1697/834/111
f 1700/835/112 1702/837/113 1701/838/113 1699/836/112
f 1702/837/113 1704/839/114 1703/840/114 1701/838/113
f 1704/839/114 1706/841/115 1705/842/115 1703/840/114
f 1706/841/115 1708/843/116 1707/844/116 1705/842/115
f 1708/843/116 1710/845/117 1709/846/117 1707/844/116
f 1710/845/117 1712/847/118 1711/848/118 1709/846/117
f 1712/847/118 1714/849/119 1713/850/119 1711/848/118
f 1714/849/119 1716/851/120 1715/852/120 1713/850/119
f 1716/851/120 1718/853/121 1717/854/121 1715/852/120
f 1718/853/121 1720/855/122 1719/856/122 1717/854/121
f 1720/855/122 1722/857/123 1721/858/123 1719/856/122
f 1722/857/123 1724/859/124 1723/860/124 1721/858/123
f 1724/859/124 1726/861/125 1725/862/125 1723/860/124
f 1726/861/125 1728/863/126 1727/864/126 1725/862/125
f 1728/863/126 1730/865/127 1729/866/127 1727/864/126
f 1730/865/127 1732/867/128 1731/868/128 1729/866/127
f 1732/867/128 1734/869/129 1733/870/129 1731/868/128
f 1734/869/129 1736/871/130 1735/872/130 1733/870/129
f 1736/871/130 1738/873/131 1737/874/131 1735/872/130
f 1738/873/131 1740/875/132 1739/876/132 1737/874/131
f 1740/875/132 1742/877/133 1741/878/133 1739/876/132
f 1742/877/133 1744/879/134 1743/880/134 1741/878/133
f 1744/879/134 1746/881/135 1745/882/135 1743/880/134
f 1746/881/135 1748/883/136 1747/884/136 1745/882/135
f 1748/883/136 1750/885/137 1749/886/137 1747/884/136
f 1750/885/137 1752/887/138 1751/888/138 1749/886/137
f 1752/887/138 1754/889/139 1753/890/139 1751/888/138
f 1754/889/139 1756/891/140 1755/892/140 1753/890/139
f 1756/891/140 1758/893/141 1757/894/141 1755/892/140
f 1758/893/141 1760/895/142 1759/896/142 1757/894/141
f 1760/895/142 1762/897/143 1761/898/143 1759/896/142
f 1762/897/143 1764/899/144 1763/900/144 1761/898/143
f 1764/899/144 1766/901/145 1765/902/145 1763/900/144
f 1766/901/145 1768/903/146 1767/904/146 1765/902/145
f 1768/903/146 1770/905/147 1769/906/147 1767/904/146
f 1770/905/147 1772/907/148 1771/908/148 1769/906/147
f 1772/907/148 1774/909/149 1773/910/149 1771/908/148
f 1774/909/149 1776/911/150 1775/912/150 1773/910/149
f 1776/911/150 1778/913/151 1777/914/151 1775/912/150
f 1778/913/151 1780/915/152 1779/916/152 1777/914/151
f 1780/915/152 1782/917/153 1781/918/153 1779/916/152
f 1782/917/153 1784/919/154 1783/920/154 1781/918/153
f 1784/919/154 1786/921/155 1785/922/155 1783/920/154
f 1786/921/155 1788/923/156 1787/924/156 1785/922/155
f 1788/923/156 1790/925/157 1789/926/157 1787/924/156
f 1790/925/157 1792/927/158 1791/928/158 1789/926/157
f 1792/927/158 1794/929/159 1793/930/159 1791/928/158
f 1794/929/159 1796/931/160 1795/932/160 1793/930/159
f 1796/931/160 1798/933/161 1797/934/161 1795/932/160
f 1798/933/161 1800/935/162 1799/936/162 1797/934/161
f 1800/935/162 1802/937/163 1801/938/163 1799/936/162
f 1802/937/163 1804/939/164 1803/940/164 1801/938/163
f 1804/939/164 1806/941/165 1805/942/165 1803/940/164
f 1806/941/165 1808/943/166 1807/944/166 1805/942/165
f 1808/943/166 1810/945/167 1809/946/167 1807/944/166
f 1810/945/167 1812/947/168 1811/948/168 1809/946/167
f 1812/947/168 1814/949/169 1813/950/169 1811/948/168
f 1814/949/169 1816/951/170 1815/952/170 1813/950/169
f 1816/951/170 1818/953/171 1817/954/171 1815/952/170
f 1818/953/171 1820/955/172 1819/956/172 1817/954/171
f 1820/955/172 1822/957/173 1821/958/173 1819/956/172
f 1822/957/173 1824/959/174 1823/960/174 1821/958/173
f 1824/959/174 1826/961/175 1825/962/175 1823/960/174
f 1826/961/175 1828/963/176 1827/964/176 1825/962/175
f 1828/963/176 1830/965/177 1829/966/177 1827/964/176
f 1830/965/177 1832/967/178 1831/968/178 1829/966/177
f 1832/967/178 1834/969/179 1833/970/179 1831/968/178
f 1834/969/179 1836/971/180 1835/972/180 1833/970/179
f 1836/971/180 1838/973/181 1837/974/181 1835/972/180
f 1838/973/181 1840/975/182 1839/976/182 1837/974/181
f 1840/975/182 1842/977/183 1841/978/183 1839/976/182
f 1842/977/183 1844/979/184 1843/980/184 1841/978/183
f 1844/979/184 1846/981/185 1845/982/185 1843/980/184
f 1846/981/185 1848/983/186 1847/984/186 1845/982/185
f 1848/983/186 1850/985/187 1849/986/187 1847/984/186
f 1850/985/187 1852/987/188 1851/988/188 1849/986/187
f 1852/987/188 1854/989/189 1853/990/189 1851/988/188
f 1854/989/189 1856/991/190 1855/992/190 1853/990/189
f 1856/991/190 1858/993/191 1857/994/191 1855/992/190
f 1858/993/191 1860/995/192 1859/996/192 1857/994/191
f 1860/995/192 1862/997/193 1861/998/193 1859/996/192
f 1862/997/193 1864/999/194 1863/1000/194 1861/998/193
f 1864/999/194 1866/1001/195 1865/1002/195 1863/1000/194
f 1866/1001/195 1868/1003/196 1867/1004/196 1865/1002/195
f 1868/1003/196 1870/1005/197 1869/1006/197 1867/1004/196
f 1870/1005/197 1872/1007/198 1871/1008/198 1869/1006/197
f 1872/1007/198 1874/1009/199 1873/1010/199 1871/1008/198
f 1874/1009/199 1876/1011/200 1875/1012/200 1873/1010/199
f 1876/1011/200 1878/1013/201 1877/1014/201 1875/1012/200
f 1878/1013/201 1880/1015/202 1879/1016/202 1877/1014/201
f 1880/1015/202 1882/1017/203 1881/1018/203 1879/1016/202
f 1882/1017/203 1884/1019/204 1883/1020/204 1881/1018/203
f 1884/1019/204 1886/1021/205 1885/1022/205 1883/1020/204
f 1886/1021/205 1888/1023/206 1887/1024/206 1885/1022/205
f 1888/1023/206 1890/1025/207 1889/1026/207 1887/1024/206
f 1890/1025/207 1892/1027/208 1891/1028/208 1889/1026/207
f 1892/1027/208 1894/1029/209 1893/1030/209 1891/1028/208
f 1894/1029/209 1896/1031/210 1895/1032/210 1893/1030/209
f 1896/1031/210 1898/1033/211 1897/1034/211 1895/1032/210
f 1898/1033/211 1900/1035/212 1899/1036/212 1897/1034/211
f 1900/1035/212 1902/1037/213 1901/1038/213 1899/1036/212
f 1902/1037/213 1904/1039/214 1903/1040/214 1901/1038/213
f 1904/1039/214 1906/1041/215 1905/1042/215 1903/1040/214
f 1906/1041/215 1908/1043/216 1907/1044/216 1905/1042/215
f 1908/1043/216 1910/1045/217 1909/1046/217 1907/1044/216
f 1910/1045/217 1912/1047/218 1911/1048/218 1909/1046/217
f 1912/1047/218 1914/1049/219 1913/1050/219 1911/1048/218
f 1914/1049/219 1916/1051/220 1915/1052/220 1913/1050/219
f 1916/1051/220 1918/1053/221 1917/1054/221 1915/1052/220
f 1918/1053/221 1920/1055/222 1919/1056/222 1917/1054/221
f 1920/1055/222 1922/1057/223 1921/1058/223 1919/1056/222
f 1922/1057/223 1924/1059/224 1923/1060/224 1921/1058/223
f 1924/1059/224 1926/1061/225 1925/1062/225 1923/1060/224
f 1926/1061/225 1928/1063/226 1927/1064/226 1925/1062/225
f 1928/1063/226 1930/1065/227 1929/1066/227 1927/1064/226
f 1930/1065/227 1932/1067/228 1931/1068/228 1929/1066/227
f 1932/1067/228 1934/1069/229 1933/1070/229 1931/1068/228
f 1934/1069/229 1936/1071/230 1935/1072/230 1933/1070/229
f 1936/1071/230 1938/1073/231 1937/1074/231 1935/1072/230
f 1938/1073/231 1940/1075/232 1939/1076/232 1937/1074/231
f 1940/1075/232 1942/1077/233 1941/1078/233 1939/1076/232
f 1942/1077/233 1944/1079/234 1943/1080/234 1941/1078/233
f 1944/1079/234 1946/1081/235 1945/1082/235 1943/1080/234
f 1946/1081/235 1948/1083/236 1947/1084/236 1945/1082/235
f 1948/1083/236 1950/1085/237 1949/1086/237 1947/1084/236
f 1950/1085/237 1952/1087/238 1951/1088/238 1949/1086/237
f 1952/1087/238 1954/1089/239 1953/1090/239 1951/1088/238
f 1954/1089/239 1956/1091/240 1955/1092/240 1953/1090/239
f 1956/1091/240 1684/820/104 1683/13/104 1955/1092/240
f 1958/622/241 1960/1093/242 1959/1094/242 1957/15/241
f 1960/1093/242 1962/1095/243 1961/1096/243 1959/1094/242
f 1962/1095/243 1964/1097/244 1963/1098/244 1961/1096/243
f 1964/1097/244 1966/1099/245 1965/1100/245 1963/1098/244
f 1966/1099/245 1968/1101/246 1967/1102/246 1965/1100/245
f 1968/1101/246 1970/1103/247 1969/1104/247 1967/1102/246
f 1970/1103/247 1972/1105/248 1971/1106/248 1969/1104/247
f 1972/1105/248 1974/1107/249 1973/1108/249 1971/1106/248
f 1974/1107/249 1976/1109/250 1975/1110/250 1973/1108/249
f 1976/1109/250 1978/1111/251 1977/1112/251 1975/1110/250
f 1978/1111/251 1980/1113/252 1979/1114/252 1977/1112/251
f 1980/1113/252 1982/1115/253 1981/1116/253 1979/1114/252
f 1982/1115/253 1984/1117/254 1983/1118/254 1981/1116/253
f 1984/1117/254 1986/1119/255 1985/1120/255 1983/1118/254
f 1986/1119/255 1988/1121/256 1987/1122/256 1985/1120/255
f 1988/1121/256 1990/1123/257 1989/1124/257 1987/1122/256
f 1990/1123/257 1992/1125/258 1991/1126/258 1989/1124/257
f 1992/1125/258 1994/1127/259 1993/1128/259 1991/1126/258
f 1994/1127/259 1996/1129/260 1995/1130/260 1993/1128/259
f 1996/1129/260 1998/1131/261 1997/1132/261 1995/1130/260
f 1998/1131/261 2000/1133/262 1999/1134/262 1997/1132/261
f 2000/1133/262 2002/1135/263 2001/1136/263 1999/1134/262
f 2002/1135/263 2004/1137/264 2003/1138/264 2001/1136/263
f 2004/1137/264 2006/1139/265 2005/1140/265 2003/1138/264
f 2006/1139/265 2008/1141/266 2007/1142/266 2005/1140/265
f 2008/1141/266 2010/1143/267 2009/1144/267 2007/1142/266
f 2010/1143/267 2012/1145/268 2011/1146/268 2009/1144/267
f 2012/1145/268 2014/1147/269 2013/1148/269 2011/1146/268
f 2014/1147/269 2016/1149/270 2015/1150/270 2013/1148/269
f 2016/1149/270 2018/1151/271 2017/1152/271 2015/1150/270
f 2018/1151/271 2020/1153/272 2019/1154/272 2017/1152/271
f 2020/1153/272 2022/1155/273 2021/1156/273 2019/1154/272
f 2022/1155/273 2024/1157/274 2023/1158/274 2021/1156/273
f 2024/1157/274 2026/1159/275 2025/1160/275 2023/1158/274
f 2026/1159/275 2028/1161/276 2027/1162/276 2025/1160/275
f 2028/1161/276 2030/1163/277 2029/1164/277 2027/1162/276
f 2030/1163/277 1958/820/241 1957/13/241 2029/1164/277
f 2032/622/278 2034/1165/279 2033/1166/279 2031/15/278
f 2034/1165/279 2036/1167/280 2035/1168/280 2033/1166/279
f 2036/1167/280 2038/1169/281 2037/1170/281 2035/1168/280
f 2038/1169/281 2040/1171/282 2039/1172/282 2037/1170/281
f 2040/1171/282 2042/1173/283 2041/1174/283 2039/1172/282
f 2042/1173/283 2044/1175/284 2043/1176/284 2041/1174/283
f 2044/1175/284 2046/1177/285 2045/1178/285 2043/1176/284
f 2046/1177/285 2048/1179/286 2047/1180/286 2045/1178/285
f 2048/1179/286 2050/1181/287 2049/1182/287 2047/1180/286
f 2050/1181/287 2052/1183/288 2051/1184/288 2049/1182/287
f 2052/1183/288 2054/1185/289 2053/1186/289 2051/1184/288
f 2054/1185/289 2056/1187/290 2055/1188/290 2053/1186/289
f 2056/1187/290 2058/1189/291 2057/1190/291 2055/1188/290
f 2058/1189/291 2060/1191/292 2059/1192/292 2057/1190/291
f 2060/1191/292 2062/1193/293 2061/1194/293 2059/1192/292
f 2062/1193/293 2064/1195/294 2063/1196/294 2061/1194/293
f 2064/1195/294 2066/1197/295 2065/1198/295 2063/1196/294
f 2066/1197/295 2068/1199/296 2067/1200/296 2065/1198/295
f 2068/1199/296 2070/1201/297 2069/1202/297 2067/1200/296
f 2070/1201/297 2072/1203/298 2071/1204/298 2069/1202/297
f 2072/1203/298 2074/1205/299 2073/1206/299 2071/1204/298
f 2074/1205/299 2076/1207/300 2075/1208/300 2073/1206/299
f 2076/1207/300 2078/1209/301 2077/1210/301 2075/1208/300
f 2078/1209/301 2080/1211/302 2079/1212/302 2077/1210/301
f 2080/1211/302 2082/1213/303 2081/1214/303 2079/1212/302
f 2082/1213/303 2084/1215/304 2083/1216/304 2081/1214/303
f 2084/1215/304 2086/1217/305 2085/1218/305 2083/1216/304
f 2086/1217/305 2088/1219/306 2087/1220/306 2085/1218/305
f 2088/1219/306 2090/1221/307 2089/1222/307 2087/1220/306
f 2090/1221/307 2092/1223/308 2091/1224/308 2089/1222/307
f 2092/1223/308 2094/1225/309 2093/1226/309 2091/1224/308
f 2094/1225/309 2096/1227/310 2095/1228/310 2093/1226/309
f 2096/1227/310 2098/1229/311 2097/1230/311 2095/1228/310
f 2098/1229/311 2100/1231/312 2099/1232/312 2097/1230/311
f 2100/1231/312 2102/1233/313 2101/1234/313 2099/1232/312
f 2102/1233/313 2104/1235/202 2103/1236/202 2101/1234/313
f 2104/1235/202 2106/1237/314 2105/1238/314 2103/1236/202
f 2106/1237/314 2108/1239/315 2107/1240/315 2105/1238/314
f 2108/1239/315 2110/1241/316 2109/1242/316 2107/1240/315
f 2110/1241/316 2112/1243/317 2111/1244/317 2109/1242/316
f 2112/1243/317 2114/1245/318 2113/1246/318 2111/1244/317
f 2114/1245/318 2116/1247/319 2115/1248/319 2113/1246/318
f 2116/1247/319 2118/1249/320 2117/1250/320 2115/1248/319
f 2118/1249/320 2120/1251/321 2119/1252/321 2117/1250/320
f 2120/1251/321 2122/1253/322 2121/1254/322 2119/1252/321
f 2122/1253/322 2124/1255/323 2123/1256/323 2121/1254/322
f 2124/1255/323 2126/1257/324 2125/1258/324 2123/1256/323
f 2126/1257/324 2128/1259/325 2127/1260/325 2125/1258/324
f 2128/1259/325 2130/1261/326 2129/1262/326 2127/1260/325
f 2130/1261/326 2132/1263/100 2131/1264/100 2129/1262/326
f 2132/1263/100 2134/1265/327 2133/1266/327 2131/1264/100
f 2134/1265/327 2136/1267/328 2135/1268/328 2133/1266/327
f 2136/1267/328 2138/1269/329 2137/1270/329 2135/1268/328
f 2138/1269/329 2140/1271/330 2139/1272/330 2137/1270/329
f 2140/1271/330 2142/1273/331 2141/1274/331 2139/1272/330
f 2142/1273/331 2144/1275/332 2143/1276/332 2141/1274/331
f 2144/1275/332 2146/1277/333 2145/1278/333 2143/1276/332
f 2146/1277/333 2148/1279/334 2147/1280/334 2145/1278/333
f 2148/1279/334 2150/1281/335 2149/1282/335 2147/1280/334
f 2150/1281/335 2152/1283/336 2151/1284/336 2149/1282/335
f 2152/1283/336 2154/1285/337 2153/1286/337 2151/1284/336
f 2154/1285/337 2156/1287/338 2155/1288/338 2153/1286/337
f 2156/1287/338 2158/1289/339 2157/1290/339 2155/1288/338
f 2158/1289/339 2160/1291/340 2159/1292/340 2157/1290/339
f 2160/1291/340 2162/1293/341 2161/1294/341 2159/1292/340
f 2162/1293/341 2164/1295/342 2163/1296/342 2161/1294/341
f 2164/1295/342 2166/1297/343 2165/1298/343 2163/1296/342
f 2166/1297/343 2168/1299/344 2167/1300/344 2165/1298/343
f 2168/1299/344 2170/1301/345 2169/1302/345 2167/1300/344
f 2170/1301/345 2172/1303/346 2171/1304/346 2169/1302/345
f 2172/1303/346 2174/1305/347 2173/1306/347 2171/1304/346
f 2174/1305/347 2176/1307/348 2175/1308/348 2173/1306/347
f 2176/1307/348 2178/1309/349 2177/1310/349 2175/1308/348
f 2178/1309/349 2180/1311/350 2179/1312/350 2177/1310/349
f 2180/1311/350 2182/1313/351 2181/1314/351 2179/1312/350
f 2182/1313/351 2184/1315/326 2183/1316/326 2181/1314/351
f 2184/1315/326 2186/1317/100 2185/1318/100 2183/1316/326
f 2186/1317/100 2188/1319/352 2187/1320/352 2185/1318/100
f 2188/1319/352 2190/1321/166 2189/1322/166 2187/1320/352
f 2190/1321/166 2192/1323/353 2191/1324/353 2189/1322/166
f 2192/1323/353 2194/1325/354 2193/1326/354 2191/1324/353
f 2194/1325/354 2196/1327/355 2195/1328/355 2193/1326/354
f 2196/1327/355 2198/1329/356 2197/1330/356 2195/1328/355
f 2198/1329/356 2200/1331/357 2199/1332/357 2197/1330/356
f 2200/1331/357 2202/1333/358 2201/1334/358 2199/1332/357
f 2202/1333/358 2204/1335/359 2203/1336/359 2201/1334/358
f 2204/1335/359 2206/1337/360 2205/1338/360 2203/1336/359
f 2206/1337/360 2208/1339/361 2207/1340/361 2205/1338/360
f 2208/1339/361 2210/1341/362 2209/1342/362 2207/1340/361
f 2210/1341/362 2212/1343/363 2211/1344/363 2209/1342/362
f 2212/1343/363 2214/1345/364 2213/1346/364 2211/1344/363
f 2214/1345/364 2216/1347/365 2215/1348/365 2213/1346/364
f 2216/1347/365 2218/1349/366 2217/1350/366 2215/1348/365
f 2218/1349/366 2220/1351/367 2219/1352/367 2217/1350/366
f 2220/1351/367 2222/1353/368 2221/1354/368 2219/1352/367
f 2222/1353/368 2224/1355/369 2223/1356/369 2221/1354/368
f 2224/1355/369 2226/1357/370 2225/1358/370 2223/1356/369
f 2226/1357/370 2228/1359/371 2227/1360/371 2225/1358/370
f 2228/1359/371 2230/1361/372 2229/1362/372 2227/1360/371
f 2230/1361/372 2232/1363/373 2231/1364/373 2229/1362/372
f 2232/1363/373 2234/1365/374 2233/1366/374 2231/1364/373
f 2234/1365/374 2236/1367/375 2235/1368/375 2233/1366/374
f 2236/1367/375 2238/1369/326 2237/1370/326 2235/1368/375
f 2238/1369/326 2240/1371/100 2239/1372/100 2237/1370/326
f 2240/1371/100 2242/1373/101 2241/1374/101 2239/1372/100
f 2242/1373/101 2244/1375/102 2243/1376/102 2241/1374/101
f 2244/1375/102 2032/820/278 2031/13/278 2243/1376/102
f 2246/622/376 2248/1377/377 2247/1378/377 2245/15/376
f 2248/1377/377 2250/1093/378 2249/1094/378 2247/1378/377
f 2250/1093/378 2252/1379/379 2251/1380/379 2249/1094/378
f 2252/1379/379 2254/1095/380 2253/1096/380 2251/1380/379
f 2254/1095/380 2256/1381/381 2255/1382/381 2253/1096/380
f 2256/1381/381 2258/1097/382 2257/1098/382 2255/1382/381
f 2258/1097/382 2260/1383/383 2259/1384/383 2257/1098/382
f 2260/1383/383 2262/1099/384 2261/1100/384 2259/1384/383
f 2262/1099/384 2264/1385/385 2263/1386/385 2261/1100/384
f 2264/1385/385 2266/1101/386 2265/1102/386 2263/1386/385
f 2266/1101/386 2268/1387/387 2267/1388/387 2265/1102/386
f 2268/1387/387 2270/1103/388 2269/1104/388 2267/1388/387
f 2270/1103/388 2272/1389/389 2271/1390/389 2269/1104/388
f 2272/1389/389 2274/1105/390 2273/1106/390 2271/1390/389
f 2274/1105/390 2276/1391/391 2275/1392/391 2273/1106/390
f 2276/1391/391 2278/1107/392 2277/1108/392 2275/1392/391
f 2278/1107/392 2280/1393/393 2279/1394/393 2277/1108/392
f 2280/1393/393 2282/1109/394 2281/1110/394 2279/1394/393
f 2282/1109/394 2284/1395/395 2283/1396/395 2281/1110/394
f 2284/1395/395 2286/1111/396 2285/1112/396 2283/1396/395
f 2286/1111/396 2288/1397/397 2287/1398/397 2285/1112/396
f 2288/1397/397 2290/1113/398 2289/1114/398 2287/1398/397
f 2290/1113/398 2292/1399/399 2291/1400/399 2289/1114/398
f 2292/1399/399 2294/1115/400 2293/1116/400 2291/1400/399
f 2294/1115/400 2296/1401/401 2295/1402/401 2293/1116/400
f 2296/1401/401 2298/1117/402 2297/1118/402 2295/1402/401
f 2298/1117/402 2300/1403/403 2299/1404/403 2297/1118/402
f 2300/1403/403 2302/1119/404 2301/1120/404 2299/1404/403
f 2302/1119/404 2304/1405/405 2303/1406/405 2301/1120/404
f 2304/1405/405 2306/1121/406 2305/1122/406 2303/1406/405
f 2306/1121/406 2308/1407/283 2307/1408/283 2305/1122/406
f 2308/1407/283 2310/1123/407 2309/1124/407 2307/1408/283
f 2310/1123/407 2312/1409/408 2311/1410/408 2309/1124/407
f 2312/1409/408 2314/1125/409 2313/1126/409 2311/1410/408
f 2314/1125/409 2316/1411/410 2315/1412/410 2313/1126/409
f 2316/1411/410 2318/1127/411 2317/1128/411 2315/1412/410
f 2318/1127/411 2320/721/412 2319/35/412 2317/1128/411
f 2320/721/412 2322/1129/413 2321/1130/413 2319/35/412
f 2322/1129/413 2324/1413/414 2323/1414/414 2321/1130/413
f 2324/1413/414 2326/1131/415 2325/1132/415 2323/1414/414
f 2326/1131/415 2328/1415/416 2327/1416/416 2325/1132/415
f 2328/1415/416 2330/1133/417 2329/1134/417 2327/1416/416
f 2330/1133/417 2332/1417/418 2331/1418/418 2329/1134/417
f 2332/1417/418 2334/1135/419 2333/1136/419 2331/1418/418
f 2334/1135/419 2336/1419/420 2335/1420/420 2333/1136/419
f 2336/1419/420 2338/1137/421 2337/1138/421 2335/1420/420
f 2338/1137/421 2340/1421/422 2339/1422/422 2337/1138/421
f 2340/1421/422 2342/1139/423 2341/1140/423 2339/1422/422
f 2342/1139/423 2344/1423/424 2343/1424/424 2341/1140/423
f 2344/1423/424 2346/1141/425 2345/1142/425 2343/1424/424
f 2346/1141/425 2348/1425/426 2347/1426/426 2345/1142/425
f 2348/1425/426 2350/1143/427 2349/1144/427 2347/1426/426
f 2350/1143/427 2352/1427/428 2351/1428/428 2349/1144/427
f 2352/1427/428 2354/1145/429 2353/1146/429 2351/1428/428
f 2354/1145/429 2356/1429/430 2355/1430/430 2353/1146/429
f 2356/1429/430 2358/1147/431 2357/1148/431 2355/1430/430
f 2358/1147/431 2360/1431/432 2359/1432/432 2357/1148/431
f 2360/1431/432 2362/1149/433 2361/1150/433 2359/1432/432
f 2362/1149/433 2364/1433/434 2363/1434/434 2361/1150/433
f 2364/1433/434 2366/1151/435 2365/1152/435 2363/1434/434
f 2366/1151/435 2368/1435/436 2367/1436/436 2365/1152/435
f 2368/1435/436 2370/1153/437 2369/1154/437 2367/1436/436
f 2370/1153/437 2372/1437/438 2371/1438/438 2369/1154/437
f 2372/1437/438 2374/1155/439 2373/1156/439 2371/1438/438
f 2374/1155/439 2376/1439/440 2375/1440/440 2373/1156/439
f 2376/1439/440 2378/1157/441 2377/1158/441 2375/1440/440
f 2378/1157/441 2380/1441/442 2379/1442/442 2377/1158/441
f 2380/1441/442 2382/1159/443 2381/1160/443 2379/1442/442
f 2382/1159/443 2384/1443/444 2383/1444/444 2381/1160/443
f 2384/1443/444 2386/1161/445 2385/1162/445 2383/1444/444
f 2386/1161/445 2388/1445/446 2387/1446/446 2385/1162/445
f 2388/1445/446 2390/1163/447 2389/1164/447 2387/1446/446
f 2390/1163/447 2392/1447/448 2391/1448/448 2389/1164/447
f 2392/1447/448 2246/820/376 2245/13/376 2391/1448/448
f 2394/622/449 2396/1449/450 2395/1450/450 2393/15/449
f 2396/1449/450 2398/1451/451 2397/1452/451 2395/1450/450
f 2398/1451/451 2400/1453/452 2399/1454/452 2397/1452/451
f 2400/1453/452 2402/1455/453 2401/1456/453 2399/1454/452
f 2402/1455/453 2404/1457/454 2403/237/454 2401/1456/453
f 2404/1457/454 2406/1458/455 2405/1459/455 2403/237/454
f 2406/1458/455 2408/1460/456 2407/1461/456 2405/1459/455
f 2408/1460/456 2410/1462/457 2409/1463/457 2407/1461/456
f 2410/1462/457 2412/1464/458 2411/1465/458 2409/1463/457
f 2412/1464/458 2414/1466/459 2413/184/459 2411/1465/458
f 2414/1466/459 2416/1467/460 2415/1468/460 2413/184/459
f 2416/1467/460 2418/1469/461 2417/1470/461 2415/1468/460
f 2418/1469/461 2420/1471/462 2419/1472/462 2417/1470/461
f 2420/1471/462 2422/1473/463 2421/1474/463 2419/1472/462
f 2422/1473/463 2424/1475/464 2423/206/464 2421/1474/463
f 2424/1475/464 2426/1476/465 2425/1477/465 2423/206/464
f 2426/1476/465 2428/1478/466 2427/1479/466 2425/1477/465
f 2428/1478/466 2430/1480/467 2429/1481/467 2427/1479/466
f 2430/1480/467 2432/1482/468 2431/1483/468 2429/1481/467
f 2432/1482/468 2434/1484/469 2433/176/469 2431/1483/468
f 2434/1484/469 2436/1485/470 2435/1486/470 2433/176/469
f 2436/1485/470 2438/1487/471 2437/1488/471 2435/1486/470
f 2438/1487/471 2440/1489/472 2439/1490/472 2437/1488/471
f 2440/1489/472 2442/1491/473 2441/1492/473 2439/1490/472
f 2442/1491/473 2394/820/449 2393/13/449 2441/1492/473
f 2444/622/474 2446/1493/475 2445/1494/475 2443/15/474
f 2446/1493/475 2448/1495/476 2447/1496/476 2445/1494/475
f 2448/1495/476 2450/1497/477 2449/1498/477 2447/1496/476
f 2450/1497/477 2452/1499/478 2451/1500/478 2449/1498/477
f 2452/1499/478 2454/1501/479 2453/1502/479 2451/1500/478
f 2454/1501/479 2456/1503/480 2455/1504/480 2453/1502/479
f 2456/1503/480 2458/1505/481 2457/1506/481 2455/1504/480
f 2458/1505/481 2460/655/482 2459/10/482 2457/1506/481
f 2460/655/482 2462/1507/254 2461/1508/254 2459/10/482
f 2462/1507/254 2464/1509/483 2463/1510/483 2461/1508/254
f 2464/1509/483 2466/1511/484 2465/1512/484 2463/1510/483
f 2466/1511/484 2468/1513/485 2467/1514/485 2465/1512/484
f 2468/1513/485 2470/1515/486 2469/1516/486 2467/1514/485
f 2470/1515/486 2472/1517/487 2471/1518/487 2469/1516/486
f 2472/1517/487 2474/1519/488 2473/1520/488 2471/1518/487
f 2474/1519/488 2476/688/489 2475/9/489 2473/1520/488
f 2476/688/489 2478/1521/490 2477/1522/490 2475/9/489
f 2478/1521/490 2480/1523/491 2479/1524/491 2477/1522/490
f 2480/1523/491 2482/1525/492 2481/1526/492 2479/1524/491
f 2482/1525/492 2484/1527/493 2483/1528/493 2481/1526/492
f 2484/1527/493 2486/1529/494 2485/1530/494 2483/1528/493
f 2486/1529/494 2488/1531/495 2487/1532/495 2485/1530/494
f 2488/1531/495 2490/1533/496 2489/1534/496 2487/1532/495
f 2490/1533/496 2492/721/497 2491/35/497 2489/1534/496
f 2492/721/497 2494/1535/498 2493/1536/498 2491/35/497
f 2494/1535/498 2496/1537/499 2495/1538/499 2493/1536/498
f 2496/1537/499 2498/1539/500 2497/1540/500 2495/1538/499
f 2498/1539/500 2500/1541/501 2499/1542/501 2497/1540/500
f 2500/1541/501 2502/1543/502 2501/1544/502 2499/1542/501
f 2502/1543/502 2504/1545/503 2503/1546/503 2501/1544/502
f 2504/1545/503 2506/1547/504 2505/1548/504 2503/1546/503
f 2506/1547/504 2508/754/505 2507/39/505 2505/1548/504
f 2508/754/505 2510/1549/506 2509/1550/506 2507/39/505
f 2510/1549/506 2512/1551/507 2511/1552/507 2509/1550/506
f 2512/1551/507 2514/1553/508 2513/1554/508 2511/1552/507
f 2514/1553/508 2516/1555/509 2515/1556/509 2513/1554/508
f 2516/1555/509 2518/1557/510 2517/1558/510 2515/1556/509
f 2518/1557/510 2520/1559/511 2519/1560/511 2517/1558/510
f 2520/1559/511 2522/1561/512 2521/1562/512 2519/1560/511
f 2522/1561/512 2524/787/513 2523/50/513 2521/1562/512
f 2524/787/513 2526/1563/514 2525/1564/514 2523/50/513
f 2526/1563/514 2528/1565/515 2527/1566/515 2525/1564/514
f 2528/1565/515 2530/1567/516 2529/1568/516 2527/1566/515
f 2530/1567/516 2532/1569/517 2531/1570/517 2529/1568/516
f 2532/1569/517 2534/1571/518 2533/1572/518 2531/1570/517
f 2534/1571/518 2536/1573/519 2535/1574/519 2533/1572/518
f 2536/1573/519 2538/1575/520 2537/1576/520 2535/1574/519
f 2538/1575/520 2444/820/474 2443/13/474 2537/1576/520
f 2540/622/521 2542/1493/522 2541/1494/522 2539/15/521
f 2542/1493/522 2544/1495/35 2543/1496/35 2541/1494/522
f 2544/1495/35 2546/1497/523 2545/1498/523 2543/1496/35
f 2546/1497/523 2548/1499/524 2547/1500/524 2545/1498/523
f 2548/1499/524 2550/1501/525 2549/1502/525 2547/1500/524
f 2550/1501/525 2552/1503/526 2551/1504/526 2549/1502/525
f 2552/1503/526 2554/1505/527 2553/1506/527 2551/1504/526
f 2554/1505/527 2556/655/528 2555/10/528 2553/1506/527
f 2556/655/528 2558/1507/529 2557/1508/529 2555/10/528
f 2558/1507/529 2560/1509/530 2559/1510/530 2557/1508/529
f 2560/1509/530 2562/1511/531 2561/1512/531 2559/1510/530
f 2562/1511/531 2564/1513/532 2563/1514/532 2561/1512/531
f 2564/1513/532 2566/1515/533 2565/1516/533 2563/1514/532
f 2566/1515/533 2568/1517/534 2567/1518/534 2565/1516/533
f 2568/1517/534 2570/1519/535 2569/1520/535 2567/1518/534
f 2570/1519/535 2572/688/536 2571/9/536 2569/1520/535
f 2572/688/536 2574/1521/537 2573/1522/537 2571/9/536
f 2574/1521/537 2576/1523/538 2575/1524/538 2573/1522/537
f 2576/1523/538 2578/1525/539 2577/1526/539 2575/1524/538
f 2578/1525/539 2580/1527/540 2579/1528/540 2577/1526/539
f 2580/1527/540 2582/1529/541 2581/1530/541 2579/1528/540
f 2582/1529/541 2584/1531/542 2583/1532/542 2581/1530/541
f 2584/1531/542 2586/1533/543 2585/1534/543 2583/1532/542
f 2586/1533/543 2588/721/544 2587/35/544 2585/1534/543
f 2588/721/544 2590/1535/545 2589/1536/545 2587/35/544
f 2590/1535/545 2592/1537/546 2591/1538/546 2589/1536/545
f 2592/1537/546 2594/1539/547 2593/1540/547 2591/1538/546
f 2594/1539/547 2596/1541/548 2595/1542/548 2593/1540/547
f 2596/1541/548 2598/1543/549 2597/1544/549 2595/1542/548
f 2598/1543/549 2600/1545/550 2599/1546/550 2597/1544/549
f 2600/1545/550 2602/1547/551 2601/1548/551 2599/1546/550
f 2602/1547/551 2604/754/552 2603/39/552 2601/1548/551
f 2604/754/552 2606/1549/553 2605/1550/553 2603/39/552
f 2606/1549/553 2608/1551/554 2607/1552/554 2605/1550/553
f 2608/1551/554 2610/1553/555 2609/1554/555 2607/1552/554
f 2610/1553/555 2612/1555/556 2611/1556/556 2609/1554/555
f 2612/1555/556 2614/1557/557 2613/1558/557 2611/1556/556
f 2614/1557/557 2616/1559/558 2615/1560/558 2613/1558/557
f 2616/1559/558 2618/1561/559 2617/1562/559 2615/1560/558
f 2618/1561/559 2620/787/560 2619/50/560 2617/1562/559
f 2620/787/560 2622/1563/561 2621/1564/561 2619/50/560
f 2622/1563/561 2624/1565/562 2623/1566/562 2621/1564/561
f 2624/1565/562 2626/1567/563 2625/1568/563 2623/1566/562
f 2626/1567/563 2628/1569/564 2627/1570/564 2625/1568/563
f 2628/1569/564 2630/1571/565 2629/1572/565 2627/1570/564
f 2630/1571/565 2632/1573/566 2631/1574/566 2629/1572/565
f 2632/1573/566 2634/1575/567 2633/1576/567 2631/1574/566
f 2634/1575/567 2540/820/521 2539/13/521 2633/1576/567
f 2636/622/568 2638/1577/569 2637/140/569 2635/15/568
f 2638/1577/569 2640/1578/570 2639/70/570 2637/140/569
f 2640/1578/570 2642/1579/571 2641/69/571 2639/70/570
f 2642/1579/571 2644/1580/572 2643/124/572 2641/69/571
f 2644/1580/572 2646/1581/573 2645/118/573 2643/124/572
f 2646/1581/573 2648/1582/574 2647/73/574 2645/118/573
f 2648/1582/574 2636/820/568 2635/13/568 2647/73/574
f 2650/622/376 2652/1377/377 2651/1378/377 2649/15/376
f 2652/1377/377 2654/1093/378 2653/1094/378 2651/1378/377
f 2654/1093/378 2656/1379/379 2655/1380/379 2653/1094/378
f 2656/1379/379 2658/1095/380 2657/1096/380 2655/1380/379
f 2658/1095/380 2660/1381/381 2659/1382/381 2657/1096/380
f 2660/1381/381 2662/1097/382 2661/1098/382 2659/1382/381
f 2662/1097/382 2664/1383/383 2663/1384/383 2661/1098/382
f 2664/1383/383 2666/1099/384 2665/1100/384 2663/1384/383
f 2666/1099/384 2668/1385/385 2667/1386/385 2665/1100/384
f 2668/1385/385 2670/1101/386 2669/1102/386 2667/1386/385
f 2670/1101/386 2672/1387/387 2671/1388/387 2669/1102/386
f 2672/1387/387 2674/1103/388 2673/1104/388 2671/1388/387
f 2674/1103/388 2676/1389/389 2675/1390/389 2673/1104/388
f 2676/1389/389 2678/1105/390 2677/1106/390 2675/1390/389
f 2678/1105/390 2680/1391/391 2679/1392/391 2677/1106/390
f 2680/1391/391 2682/1107/392 2681/1108/392 2679/1392/391
f 2682/1107/392 2684/1393/393 2683/1394/393 2681/1108/392
f 2684/1393/393 2686/1109/394 2685/1110/394 2683/1394/393
f 2686/1109/394 2688/1395/395 2687/1396/395 2685/1110/394
f 2688/1395/395 2690/1111/396 2689/1112/396 2687/1396/395
f 2690/1111/396 2692/1397/397 2691/1398/397 2689/1112/396
f 2692/1397/397 2694/1113/398 2693/1114/398 2691/1398/397
f 2694/1113/398 2696/1399/399 2695/1400/399 2693/1114/398
f 2696/1399/399 2698/1115/400 2697/1116/400 2695/1400/399
f 2698/1115/400 2700/1401/401 2699/1402/401 2697/1116/400
f 2700/1401/401 2702/1117/402 2701/1118/402 2699/1402/401
f 2702/1117/402 2704/1403/403 2703/1404/403 2701/1118/402
f 2704/1403/403 2706/1119/404 2705/1120/404 2703/1404/403
f 2706/1119/404 2708/1405/405 2707/1406/405 2705/1120/404
f 2708/1405/405 2710/1121/406 2709/1122/406 2707/1406/405
f 2710/1121/406 2712/1407/283 2711/1408/283 2709/1122/406
f 2712/1407/283 2714/1123/407 2713/1124/407 2711/1408/283
f 2714/1123/407 2716/1409/408 2715/1410/408 2713/1124/407
f 2716/1409/408 2718/1125/409 2717/1126/409 2715/1410/408
f 2718/1125/409 2720/1411/410 2719/1412/410 2717/1126/409
f 2720/1411/410 2722/1127/411 2721/1128/411 2719/1412/410
f 2722/1127/411 2724/721/412 2723/35/412 2721/1128/411
f 2724/721/412 2726/1129/413 2725/1130/413 2723/35/412
f 2726/1129/413 2728/1413/414 2727/1414/414 2725/1130/413
f 2728/1413/414 2730/1131/415 2729/1132/415 2727/1414/414
f 2730/1131/415 2732/1415/416 2731/1416/416 2729/1132/415
f 2732/1415/416 2734/1133/417 2733/1134/417 2731/1416/416
f 2734/1133/417 2736/1417/418 2735/1418/418 2733/1134/417
f 2736/1417/418 2738/1135/419 2737/1136/419 2735/1418/418
f 2738/1135/419 2740/1419/420 2739/1420/420 2737/1136/419
f 2740/1419/420 2742/1137/421 2741/1138/421 2739/1420/420
f 2742/1137/421 2744/1421/422 2743/1422/422 2741/1138/421
f 2744/1421/422 2746/1139/423 2745/1140/423 2743/1422/422
f 2746/1139/423 2748/1423/424 2747/1424/424 2745/1140/423
f 2748/1423/424 2750/1141/425 2749/1142/425 2747/1424/424
f 2750/1141/425 2752/1425/426 2751/1426/426 2749/1142/425
f 2752/1425/426 2754/1143/427 2753/1144/427 2751/1426/426
f 2754/1143/427 2756/1427/428 2755/1428/428 2753/1144/427
f 2756/1427/428 2758/1145/429 2757/1146/429 2755/1428/428
f 2758/1145/429 2760/1429/430 2759/1430/430 2757/1146/429
f 2760/1429/430 2762/1147/431 2761/1148/431 2759/1430/430
f 2762/1147/431 2764/1431/432 2763/1432/432 2761/1148/431
f 2764/1431/432 2766/1149/433 2765/1150/433 2763/1432/432
f 2766/1149/433 2768/1433/434 2767/1434/434 2765/1150/433
f 2768/1433/434 2770/1151/435 2769/1152/435 2767/1434/434
f 2770/1151/435 2772/1435/436 2771/1436/436 2769/1152/435
f 2772/1435/436 2774/1153/437 2773/1154/437 2771/1436/436
f 2774/1153/437 2776/1437/438 2775/1438/438 2773/1154/437
f 2776/1437/438 2778/1155/439 2777/1156/439 2775/1438/438
f 2778/1155/439 2780/1439/440 2779/1440/440 2777/1156/439
f 2780/1439/440 2782/1157/441 2781/1158/441 2779/1440/440
f 2782/1157/441 2784/1441/442 2783/1442/442 2781/1158/441
f 2784/1441/442 2786/1159/443 2785/1160/443 2783/1442/442
f 2786/1159/443 2788/1443/444 2787/1444/444 2785/1160/443
f 2788/1443/444 2790/1161/445 2789/1162/445 2787/1444/444
f 2790/1161/445 2792/1445/446 2791/1446/446 2789/1162/445
f 2792/1445/446 2794/1163/447 2793/1164/447 2791/1446/446
f 2794/1163/447 2796/1447/448 2795/1448/448 2793/1164/447
f 2796/1447/448 2650/820/376 2649/13/376 2795/1448/448
f 2798/622/449 2800/1449/450 2799/1450/450 2797/15/449
f 2800/1449/450 2802/1451/451 2801/1452/451 2799/1450/450
f 2802/1451/451 2804/1453/452 2803/1454/452 2801/1452/451
f 2804/1453/452 2806/1455/453 2805/1456/453 2803/1454/452
f 2806/1455/453 2808/1457/454 2807/237/454 2805/1456/453
f 2808/1457/454 2810/1458/455 2809/1459/455 2807/237/454
f 2810/1458/455 2812/1460/456 2811/1461/456 2809/1459/455
f 2812/1460/456 2814/1462/457 2813/1463/457 2811/1461/456
f 2814/1462/457 2816/1464/458 2815/1465/458 2813/1463/457
f 2816/1464/458 2818/1466/459 2817/184/459 2815/1465/458
f 2818/1466/459 2820/1467/460 2819/1468/460 2817/184/459
f 2820/1467/460 2822/1469/461 2821/1470/461 2819/1468/460
f 2822/1469/461 2824/1471/462 2823/1472/462 2821/1470/461
f 2824/1471/462 2826/1473/463 2825/1474/463 2823/1472/462
f 2826/1473/463 2828/1475/464 2827/206/464 2825/1474/463
f 2828/1475/464 2830/1476/465 2829/1477/465 2827/206/464
f 2830/1476/465 2832/1478/466 2831/1479/466 2829/1477/465
f 2832/1478/466 2834/1480/575 2833/1481/575 2831/1479/466
f 2834/1480/575 2836/1482/468 2835/1483/468 2833/1481/575
f 2836/1482/468 2838/1484/576 2837/176/576 2835/1483/468
f 2838/1484/576 2840/1485/470 2839/1486/470 2837/176/576
f 2840/1485/470 2842/1487/471 2841/1488/471 2839/1486/470
f 2842/1487/471 2844/1489/472 2843/1490/472 2841/1488/471
f 2844/1489/472 2846/1491/473 2845/1492/473 2843/1490/472
f 2846/1491/473 2798/820/449 2797/13/449 2845/1492/473
f 2848/622/102 2850/1583/577 2849/1584/577 2847/15/102
f 2850/1583/577 2852/1585/578 2851/1586/578 2849/1584/577
f 2852/1585/578 2854/1587/579 2853/1588/579 2851/1586/578
f 2854/1587/579 2856/1589/580 2855/1590/580 2853/1588/579
f 2856/1589/580 2858/1591/581 2857/1592/581 2855/1590/580
f 2858/1591/581 2860/1593/582 2859/1594/582 2857/1592/581
f 2860/1593/582 2862/1595/583 2861/1596/583 2859/1594/582
f 2862/1595/583 2864/1597/584 2863/1598/584 2861/1596/583
f 2864/1597/584 2866/1599/585 2865/1600/585 2863/1598/584
f 2866/1599/585 2868/1601/586 2867/1602/586 2865/1600/585
f 2868/1601/586 2870/1457/587 2869/237/587 2867/1602/586
f 2870/1457/587 2872/1603/588 2871/1604/588 2869/237/587
f 2872/1603/588 2874/1605/589 2873/1606/589 2871/1604/588
f 2874/1605/589 2876/1607/590 2875/1608/590 2873/1606/589
f 2876/1607/590 2878/1609/591 2877/1610/591 2875/1608/590
f 2878/1609/591 2880/1611/592 2879/1612/592 2877/1610/591
f 2880/1611/592 2882/1613/593 2881/1614/593 2879/1612/592
f 2882/1613/593 2884/1615/594 2883/1616/594 2881/1614/593
f 2884/1615/594 2886/1617/595 2885/1618/595 2883/1616/594
f 2886/1617/595 2888/1619/596 2887/1620/596 2885/1618/595
f 2888/1619/596 2890/1621/597 2889/1622/597 2887/1620/596
f 2890/1621/597 2892/1466/598 2891/184/598 2889/1622/597
f 2892/1466/598 2894/1623/599 2893/1624/599 2891/184/598
f 2894/1623/599 2896/1625/600 2895/1626/600 2893/1624/599
f 2896/1625/600 2898/1627/601 2897/1628/601 2895/1626/600
f 2898/1627/601 2900/1629/602 2899/1630/602 2897/1628/601
f 2900/1629/602 2902/1631/603 2901/1632/603 2899/1630/602
f 2902/1631/603 2904/1633/604 2903/1634/604 2901/1632/603
f 2904/1633/604 2906/1635/605 2905/1636/605 2903/1634/604
f 2906/1635/605 2908/1637/606 2907/1638/606 2905/1636/605
f 2908/1637/606 2910/1639/607 2909/1640/607 2907/1638/606
f 2910/1639/607 2912/1641/608 2911/1642/608 2909/1640/607
f 2912/1641/608 2914/1475/609 2913/206/609 2911/1642/608
f 2914/1475/609 2916/1643/610 2915/1644/610 2913/206/609
f 2916/1643/610 2918/1645/611 2917/1646/611 2915/1644/610
f 2918/1645/611 2920/1647/612 2919/1648/612 2917/1646/611
f 2920/1647/612 2922/1649/613 2921/1650/613 2919/1648/612
f 2922/1649/613 2924/1651/614 2923/1652/614 2921/1650/613
f 2924/1651/614 2926/1653/615 2925/1654/615 2923/1652/614
f 2926/1653/615 2928/1655/616 2927/1656/616 2925/1654/615
f 2928/1655/616 2930/1657/617 2929/1658/617 2927/1656/616
f 2930/1657/617 2932/1659/618 2931/1660/618 2929/1658/617
f 2932/1659/618 2934/1661/619 2933/1662/619 2931/1660/618
f 2934/1661/619 2936/1484/620 2935/176/620 2933/1662/619
f 2936/1484/620 2938/1663/621 2937/1664/621 2935/176/620
f 2938/1663/621 2940/1665/622 2939/1666/622 2937/1664/621
f 2940/1665/622 2942/1667/623 2941/1668/623 2939/1666/622
f 2942/1667/623 2944/1669/624 2943/1670/624 2941/1668/623
f 2944/1669/624 2946/1671/625 2945/1672/625 2943/1670/624
f 2946/1671/625 2948/1673/626 2947/1674/626 2945/1672/625
f 2948/1673/626 2950/1675/326 2949/1676/326 2947/1674/626
f 2950/1675/326 2952/1677/100 2951/1678/100 2949/1676/326
f 2952/1677/100 2954/1679/101 2953/1680/101 2951/1678/100
f 2954/1679/101 2956/1681/102 2955/1682/102 2953/1680/101
f 2956/1681/102 2848/820/102 2847/13/102 2955/1682/102
