# Blender 4.4.1
# www.blender.org
mtllib clearFont.mtl
o テキスト
v -15.440248 -0.037757 -0.470003
v -15.453206 -0.037837 -0.470003
v -15.526584 0.083515 -0.470003
v -15.599368 0.192746 -0.470003
v -15.671586 0.290145 -0.470003
v -15.743258 0.376007 -0.470003
v -15.814414 0.450623 -0.470003
v -15.885074 0.514286 -0.470003
v -15.955258 0.567287 -0.470003
v -16.025002 0.609920 -0.470003
v -16.094318 0.642477 -0.470003
v -16.163239 0.665249 -0.470003
v -16.231789 0.678530 -0.470003
v -16.299984 0.682611 -0.470003
v -16.358032 0.679953 -0.470003
v -16.415627 0.672685 -0.470003
v -16.472874 0.660786 -0.470003
v -16.529888 0.644231 -0.470003
v -16.586784 0.622997 -0.470003
v -16.643673 0.597060 -0.470003
v -16.700668 0.566399 -0.470003
v -16.757881 0.530989 -0.470003
v -16.815426 0.490808 -0.470003
v -16.873413 0.445832 -0.470003
v -16.931957 0.396038 -0.470003
v -16.991169 0.341403 -0.470003
v -16.683559 -0.155605 -0.470003
v -16.639084 -0.114331 -0.470003
v -16.592926 -0.075431 -0.470003
v -16.545582 -0.039134 -0.470003
v -16.497547 -0.005667 -0.470003
v -16.449310 0.024741 -0.470003
v -16.401371 0.051863 -0.470003
v -16.354221 0.075470 -0.470003
v -16.308350 0.095335 -0.470003
v -16.264256 0.111229 -0.470003
v -16.222427 0.122924 -0.470003
v -16.183365 0.130193 -0.470003
v -16.147560 0.132807 -0.470003
v -16.050583 0.125342 -0.470003
v -15.957816 0.102395 -0.470003
v -15.870040 0.064973 -0.470003
v -15.788054 0.014084 -0.470003
v -15.712649 -0.049264 -0.470003
v -15.644624 -0.124064 -0.470003
v -15.584765 -0.209309 -0.470003
v -15.533870 -0.303991 -0.470003
v -15.492734 -0.407103 -0.470003
v -15.462144 -0.517637 -0.470003
v -15.442901 -0.634585 -0.470003
v -15.435794 -0.756941 -0.470003
v -15.426366 -2.279537 -0.470003
v -14.849723 -2.275966 -0.470003
v -14.867736 0.633165 -0.470003
v -15.444379 0.629594 -0.470003
v -14.236484 -2.144918 -0.470003
v -14.178649 -2.180890 -0.470003
v -14.125745 -2.212258 -0.470003
v -14.076989 -2.239265 -0.470003
v -14.031583 -2.262153 -0.470003
v -13.988746 -2.281164 -0.470003
v -13.947684 -2.296542 -0.470003
v -13.907613 -2.308529 -0.470003
v -13.867740 -2.317368 -0.470002
v -13.827279 -2.323300 -0.470002
v -13.785436 -2.326570 -0.470002
v -13.741429 -2.327418 -0.470002
v -13.680676 -2.325137 -0.470002
v -13.624701 -2.319016 -0.470002
v -13.573382 -2.308964 -0.470002
v -13.526610 -2.294891 -0.470002
v -13.484273 -2.276706 -0.470002
v -13.446259 -2.254318 -0.470002
v -13.412457 -2.227636 -0.470002
v -13.382754 -2.196570 -0.470002
v -13.357038 -2.161029 -0.470002
v -13.335198 -2.120923 -0.470002
v -13.317121 -2.076160 -0.470002
v -13.302695 -2.026650 -0.470002
v -13.238967 -2.074315 -0.470002
v -13.174767 -2.117679 -0.470002
v -13.110145 -2.156767 -0.470002
v -13.045144 -2.191600 -0.470002
v -12.979806 -2.222201 -0.470002
v -12.914180 -2.248593 -0.470002
v -12.848311 -2.270799 -0.470002
v -12.782243 -2.288842 -0.470002
v -12.716020 -2.302745 -0.470002
v -12.649688 -2.312529 -0.470002
v -12.583289 -2.318219 -0.470002
v -12.516875 -2.319836 -0.470002
v -12.413072 -2.312346 -0.470002
v -12.315772 -2.291893 -0.470002
v -12.225480 -2.259515 -0.470002
v -12.142674 -2.216249 -0.470002
v -12.067853 -2.163133 -0.470002
v -12.001502 -2.101205 -0.470002
v -11.944104 -2.031504 -0.470002
v -11.896153 -1.955067 -0.470002
v -11.858138 -1.872932 -0.470002
v -11.830544 -1.786137 -0.470002
v -11.813867 -1.695720 -0.470002
v -11.808581 -1.602718 -0.470002
v -11.820022 -1.466763 -0.470002
v -11.851207 -1.346297 -0.470002
v -11.900123 -1.239934 -0.470002
v -11.964753 -1.146289 -0.470002
v -12.043084 -1.063978 -0.470002
v -12.133098 -0.991616 -0.470002
v -12.232774 -0.927818 -0.470002
v -12.340102 -0.871199 -0.470002
v -12.453063 -0.820375 -0.470002
v -12.569640 -0.773960 -0.470002
v -12.687819 -0.730570 -0.470002
v -12.805587 -0.688820 -0.470002
v -13.318561 -0.510573 -0.470003
v -13.319524 -0.355074 -0.470003
v -13.316415 -0.268760 -0.470003
v -13.305963 -0.191085 -0.470003
v -13.288169 -0.121824 -0.470003
v -13.263032 -0.060752 -0.470003
v -13.230559 -0.007643 -0.470003
v -13.190749 0.037726 -0.470003
v -13.143603 0.075582 -0.470003
v -13.089124 0.106149 -0.470003
v -13.027310 0.129652 -0.470003
v -12.958165 0.146316 -0.470003
v -12.881688 0.156366 -0.470003
v -12.797885 0.160027 -0.470003
v -12.718390 0.157396 -0.470003
v -12.638770 0.148444 -0.470002
v -12.559196 0.133057 -0.470002
v -12.479852 0.111121 -0.470002
v -12.400918 0.082524 -0.470002
v -12.322574 0.047151 -0.470002
v -12.244994 0.004889 -0.470002
v -12.168359 -0.044375 -0.470002
v -12.092853 -0.100756 -0.470002
v -12.018651 -0.164366 -0.470002
v -11.945933 -0.235321 -0.470002
v -11.874877 -0.313732 -0.470002
v -11.878768 0.314744 -0.470002
v -11.937753 0.377961 -0.470002
v -12.000525 0.435508 -0.470002
v -12.067134 0.487408 -0.470002
v -12.137622 0.533680 -0.470002
v -12.212035 0.574350 -0.470002
v -12.290414 0.609437 -0.470002
v -12.372813 0.638965 -0.470002
v -12.459268 0.662956 -0.470003
v -12.549832 0.681432 -0.470003
v -12.644547 0.694416 -0.470003
v -12.743459 0.701929 -0.470003
v -12.846608 0.703994 -0.470003
v -12.991206 0.696851 -0.470003
v -13.129407 0.677105 -0.470003
v -13.260011 0.644537 -0.470003
v -13.381825 0.598929 -0.470003
v -13.493661 0.540065 -0.470003
v -13.594323 0.467726 -0.470003
v -13.682616 0.381695 -0.470003
v -13.757348 0.281754 -0.470003
v -13.817321 0.167686 -0.470003
v -13.861346 0.039273 -0.470003
v -13.888227 -0.103702 -0.470003
v -13.896770 -0.261457 -0.470003
v -13.887504 -1.758137 -0.470003
v -13.888148 -1.784213 -0.470003
v -13.890409 -1.807441 -0.470003
v -13.894259 -1.827934 -0.470003
v -13.899680 -1.845804 -0.470003
v -13.906646 -1.861165 -0.470003
v -13.915132 -1.874127 -0.470003
v -13.925118 -1.884804 -0.470003
v -13.936582 -1.893308 -0.470003
v -13.949496 -1.899751 -0.470003
v -13.963841 -1.904246 -0.470003
v -13.979592 -1.906905 -0.470003
v -13.996724 -1.907839 -0.470003
v -14.012500 -1.906733 -0.470003
v -14.030560 -1.903279 -0.470003
v -14.050750 -1.897544 -0.470003
v -14.072913 -1.889593 -0.470003
v -14.096885 -1.879493 -0.470003
v -14.122514 -1.867312 -0.470003
v -14.149640 -1.853115 -0.470003
v -14.178105 -1.836969 -0.470003
v -14.207755 -1.818941 -0.470003
v -14.238423 -1.799096 -0.470003
v -14.269959 -1.777503 -0.470003
v -14.302205 -1.754226 -0.470003
v -14.300038 -2.104099 -0.470003
v -13.194789 -0.869514 -0.470003
v -13.076941 -0.911608 -0.470002
v -12.964303 -0.954951 -0.470002
v -12.858136 -1.000155 -0.470002
v -12.759688 -1.047837 -0.470002
v -12.670222 -1.098612 -0.470002
v -12.590993 -1.153095 -0.470002
v -12.523255 -1.211901 -0.470002
v -12.468268 -1.275646 -0.470002
v -12.427283 -1.344944 -0.470002
v -12.401557 -1.420411 -0.470002
v -12.392348 -1.502663 -0.470002
v -12.395566 -1.561076 -0.470002
v -12.405715 -1.616225 -0.470002
v -12.422408 -1.667769 -0.470002
v -12.445268 -1.715370 -0.470002
v -12.473908 -1.758687 -0.470002
v -12.507962 -1.797381 -0.470002
v -12.547038 -1.831111 -0.470002
v -12.590758 -1.859537 -0.470002
v -12.638743 -1.882321 -0.470002
v -12.690614 -1.899122 -0.470002
v -12.745986 -1.909600 -0.470002
v -12.804482 -1.913416 -0.470002
v -12.849580 -1.911824 -0.470002
v -12.894158 -1.906562 -0.470002
v -12.938216 -1.897742 -0.470002
v -12.981759 -1.885476 -0.470002
v -13.024783 -1.869878 -0.470002
v -13.067286 -1.851059 -0.470002
v -13.109267 -1.829133 -0.470002
v -13.150725 -1.804210 -0.470002
v -13.191665 -1.776405 -0.470002
v -13.232080 -1.745830 -0.470002
v -13.271974 -1.712596 -0.470002
v -13.311339 -1.676817 -0.470002
v -13.316594 -0.828050 -0.470003
v -11.284938 -2.024558 -0.470002
v -11.198342 -2.074694 -0.470002
v -11.111688 -2.119791 -0.470002
v -11.024249 -2.159888 -0.470002
v -10.935315 -2.195027 -0.470002
v -10.844161 -2.225247 -0.470002
v -10.750068 -2.250589 -0.470002
v -10.652314 -2.271094 -0.470002
v -10.550181 -2.286803 -0.470002
v -10.442950 -2.297755 -0.470002
v -10.329896 -2.303992 -0.470002
v -10.210303 -2.305554 -0.470002
v -9.992057 -2.289076 -0.470002
v -9.791083 -2.244044 -0.470002
v -9.607730 -2.172843 -0.470002
v -9.442346 -2.077860 -0.470002
v -9.295270 -1.961483 -0.470002
v -9.166850 -1.826098 -0.470002
v -9.057431 -1.674092 -0.470002
v -8.967359 -1.507853 -0.470002
v -8.896979 -1.329767 -0.470002
v -8.846637 -1.142220 -0.470002
v -8.816674 -0.947601 -0.470002
v -8.807439 -0.748295 -0.470002
v -8.820195 -0.534195 -0.470002
v -8.855006 -0.333189 -0.470002
v -8.910789 -0.146353 -0.470002
v -8.986453 0.025243 -0.470002
v -9.080914 0.180523 -0.470002
v -9.193089 0.318415 -0.470002
v -9.321889 0.437846 -0.470002
v -9.466222 0.537743 -0.470002
v -9.625007 0.617032 -0.470002
v -9.797158 0.674640 -0.470002
v -9.981586 0.709495 -0.470002
v -10.177203 0.720523 -0.470002
v -10.363963 0.708417 -0.470002
v -10.538236 0.674431 -0.470002
v -10.699279 0.618479 -0.470002
v -10.846345 0.540476 -0.470002
v -10.978700 0.440336 -0.470002
v -11.095595 0.317974 -0.470002
v -11.196288 0.173304 -0.470002
v -11.280036 0.006241 -0.470002
v -11.346099 -0.183300 -0.470002
v -11.393729 -0.395404 -0.470002
v -11.422189 -0.630158 -0.470002
v -11.430726 -0.887647 -0.470002
v -9.383321 -0.874969 -0.470002
v -9.410129 -1.013486 -0.470002
v -9.446950 -1.140388 -0.470002
v -9.493745 -1.255608 -0.470002
v -9.550466 -1.359078 -0.470002
v -9.617070 -1.450731 -0.470002
v -9.693509 -1.530498 -0.470002
v -9.779744 -1.598311 -0.470002
v -9.875726 -1.654104 -0.470002
v -9.981414 -1.697808 -0.470002
v -10.096761 -1.729356 -0.470002
v -10.221723 -1.748679 -0.470002
v -10.356256 -1.755710 -0.470002
v -10.443347 -1.753572 -0.470002
v -10.529756 -1.746166 -0.470002
v -10.615565 -1.733626 -0.470002
v -10.700866 -1.716088 -0.470002
v -10.785747 -1.693688 -0.470002
v -10.870296 -1.666562 -0.470002
v -10.954604 -1.634845 -0.470002
v -11.038760 -1.598672 -0.470002
v -11.122853 -1.558179 -0.470002
v -11.206973 -1.513501 -0.470002
v -11.291207 -1.464775 -0.470002
v -11.375644 -1.412135 -0.470002
v -11.372193 -1.969341 -0.470002
v -10.853913 -0.395085 -0.470002
v -10.835408 -0.295417 -0.470002
v -10.807675 -0.203251 -0.470002
v -10.770988 -0.118995 -0.470002
v -10.725608 -0.043053 -0.470002
v -10.671805 0.024166 -0.470002
v -10.609845 0.082256 -0.470002
v -10.539996 0.130812 -0.470002
v -10.462529 0.169425 -0.470002
v -10.377707 0.197690 -0.470002
v -10.285800 0.215200 -0.470002
v -10.187074 0.221549 -0.470002
v -10.080544 0.216843 -0.470002
v -9.981288 0.201495 -0.470002
v -9.889344 0.175709 -0.470002
v -9.804761 0.139685 -0.470002
v -9.727588 0.093625 -0.470002
v -9.657865 0.037734 -0.470002
v -9.595645 -0.027789 -0.470002
v -9.540967 -0.102739 -0.470002
v -9.493882 -0.186916 -0.470002
v -9.454438 -0.280116 -0.470002
v -9.422677 -0.382139 -0.470002
v -9.398644 -0.492781 -0.470002
v -10.862929 -0.501847 -0.470002
v -7.534781 -2.230673 -0.470002
v -7.562142 2.188096 -0.470002
v -8.138785 2.184525 -0.470002
v -8.111424 -2.234243 -0.470002
v -6.663943 1.284539 -0.470002
v -6.532664 1.353922 -0.470002
v -6.403729 1.416225 -0.470002
v -6.276706 1.471565 -0.470002
v -6.151174 1.520057 -0.470002
v -6.026700 1.561815 -0.470002
v -5.902862 1.596954 -0.470002
v -5.779227 1.625591 -0.470002
v -5.655377 1.647840 -0.470002
v -5.530879 1.663815 -0.470002
v -5.405309 1.673633 -0.470002
v -5.278237 1.677408 -0.470002
v -5.031144 1.664225 -0.470002
v -4.796386 1.622618 -0.470002
v -4.575675 1.554196 -0.470002
v -4.370740 1.460569 -0.470002
v -4.183297 1.343346 -0.470002
v -4.015065 1.204136 -0.470002
v -3.867766 1.044548 -0.470002
v -3.743119 0.866192 -0.470002
v -3.642842 0.670677 -0.470002
v -3.568660 0.459611 -0.470002
v -3.522285 0.234605 -0.470002
v -3.505441 -0.002733 -0.470002
v -3.518842 -0.244087 -0.470002
v -3.561213 -0.471604 -0.470002
v -3.631219 -0.683949 -0.470002
v -3.727511 -0.879785 -0.470002
v -3.848752 -1.057777 -0.470002
v -3.993600 -1.216591 -0.470002
v -4.160710 -1.354888 -0.470002
v -4.348746 -1.471335 -0.470002
v -4.556363 -1.564596 -0.470002
v -4.782222 -1.633334 -0.470002
v -5.024978 -1.676215 -0.470002
v -5.283292 -1.691902 -0.470002
v -5.408929 -1.689050 -0.470002
v -5.536187 -1.679009 -0.470002
v -5.664748 -1.661867 -0.470002
v -5.794299 -1.637711 -0.470002
v -5.924521 -1.606631 -0.470002
v -6.055100 -1.568713 -0.470002
v -6.185723 -1.524046 -0.470002
v -6.316072 -1.472718 -0.470002
v -6.445830 -1.414817 -0.470002
v -6.574683 -1.350431 -0.470002
v -6.702319 -1.279648 -0.470002
v -6.828416 -1.202557 -0.470002
v -6.824124 -1.895824 -0.470002
v -6.714339 -1.950433 -0.470002
v -6.602328 -2.001990 -0.470002
v -6.487456 -2.050156 -0.470002
v -6.369096 -2.094587 -0.470002
v -6.246623 -2.134943 -0.470002
v -6.119409 -2.170884 -0.470002
v -5.986823 -2.202066 -0.470002
v -5.848239 -2.228149 -0.470002
v -5.703029 -2.248791 -0.470002
v -5.550567 -2.263652 -0.470002
v -5.390222 -2.272390 -0.470002
v -5.221370 -2.274662 -0.470002
v -4.826180 -2.246565 -0.470002
v -4.469443 -2.171167 -0.470002
v -4.150397 -2.054111 -0.470002
v -3.868291 -1.901040 -0.470002
v -3.622373 -1.717595 -0.470002
v -3.411880 -1.509421 -0.470002
v -3.236066 -1.282157 -0.470002
v -3.094169 -1.041448 -0.470002
v -2.985438 -0.792934 -0.470002
v -2.909118 -0.542259 -0.470002
v -2.864453 -0.295065 -0.470002
v -2.850690 -0.056993 -0.470002
v -2.873553 0.271873 -0.470002
v -2.936515 0.583214 -0.470002
v -3.037375 0.874881 -0.470002
v -3.173940 1.144730 -0.470002
v -3.344012 1.390613 -0.470002
v -3.545398 1.610385 -0.470002
v -3.775901 1.801900 -0.470002
v -4.033324 1.963010 -0.470002
v -4.315475 2.091570 -0.470002
v -4.620156 2.185435 -0.470002
v -4.945172 2.242457 -0.470002
v -5.288327 2.260490 -0.470002
v -5.401914 2.257473 -0.470002
v -5.516210 2.249750 -0.470002
v -5.631694 2.237205 -0.470002
v -5.748832 2.219722 -0.470002
v -5.868100 2.197187 -0.470002
v -5.989968 2.169484 -0.470002
v -6.114907 2.136497 -0.470002
v -6.243392 2.098111 -0.470002
v -6.375890 2.054211 -0.470002
v -6.512877 2.004682 -0.470002
v -6.654822 1.949407 -0.470002
v -6.802197 1.888271 -0.470002
v -6.797986 1.207962 -0.470002
v -0.374074 -1.956998 -0.470001
v -0.287477 -2.007135 -0.470001
v -0.200822 -2.052231 -0.470001
v -0.113386 -2.092329 -0.470001
v -0.024452 -2.127467 -0.470001
v 0.066701 -2.157687 -0.470001
v 0.160794 -2.183030 -0.470001
v 0.258547 -2.203535 -0.470001
v 0.360680 -2.219243 -0.470001
v 0.467913 -2.230196 -0.470001
v 0.580966 -2.236433 -0.470001
v 0.700560 -2.237994 -0.470001
v 0.918805 -2.221517 -0.470001
v 1.119778 -2.176484 -0.470001
v 1.303128 -2.105283 -0.470001
v 1.468514 -2.010300 -0.470001
v 1.615590 -1.893923 -0.470001
v 1.744009 -1.758538 -0.470001
v 1.853427 -1.606533 -0.470001
v 1.943500 -1.440293 -0.470001
v 2.013880 -1.262207 -0.470001
v 2.064224 -1.074661 -0.470001
v 2.094186 -0.880041 -0.470001
v 2.103422 -0.680736 -0.470001
v 2.090664 -0.466635 -0.470001
v 2.055853 -0.265630 -0.470001
v 2.000070 -0.078793 -0.470001
v 1.924405 0.092802 -0.470001
v 1.829943 0.248082 -0.470001
v 1.717771 0.385975 -0.470001
v 1.588973 0.505405 -0.470001
v 1.444637 0.605302 -0.470001
v 1.285852 0.684591 -0.470001
v 1.113702 0.742200 -0.470001
v 0.929276 0.777054 -0.470001
v 0.733656 0.788082 -0.470001
v 0.546899 0.775977 -0.470001
v 0.372627 0.741991 -0.470001
v 0.211585 0.686039 -0.470001
v 0.064515 0.608035 -0.470001
v -0.067838 0.507895 -0.470001
v -0.184732 0.385533 -0.470001
v -0.285426 0.240863 -0.470001
v -0.369176 0.073801 -0.470001
v -0.435237 -0.115740 -0.470001
v -0.482867 -0.327845 -0.470001
v -0.511325 -0.562599 -0.470001
v -0.519865 -0.820087 -0.470001
v 1.527541 -0.807410 -0.470001
v 1.500734 -0.945926 -0.470001
v 1.463911 -1.072828 -0.470001
v 1.417118 -1.188048 -0.470001
v 1.360396 -1.291519 -0.470001
v 1.293794 -1.383171 -0.470001
v 1.217351 -1.462938 -0.470001
v 1.131116 -1.530752 -0.470001
v 1.035134 -1.586545 -0.470001
v 0.929446 -1.630249 -0.470001
v 0.814099 -1.661796 -0.470001
v 0.689138 -1.681119 -0.470001
v 0.554607 -1.688151 -0.470001
v 0.467514 -1.686013 -0.470001
v 0.381105 -1.678606 -0.470001
v 0.295296 -1.666066 -0.470001
v 0.209996 -1.648528 -0.470001
v 0.125115 -1.626129 -0.470001
v 0.040565 -1.599002 -0.470001
v -0.043742 -1.567285 -0.470001
v -0.127899 -1.531112 -0.470001
v -0.211992 -1.490619 -0.470001
v -0.296112 -1.445942 -0.470001
v -0.380346 -1.397215 -0.470001
v -0.464784 -1.344576 -0.470001
v -0.461333 -1.901781 -0.470001
v 0.056946 -0.327525 -0.470001
v 0.075452 -0.227857 -0.470001
v 0.103183 -0.135692 -0.470001
v 0.139874 -0.051435 -0.470001
v 0.185253 0.024506 -0.470001
v 0.239056 0.091725 -0.470001
v 0.301016 0.149816 -0.470001
v 0.370863 0.198371 -0.470001
v 0.448332 0.236985 -0.470001
v 0.533154 0.265250 -0.470001
v 0.625062 0.282760 -0.470001
v 0.723787 0.289108 -0.470001
v 0.830316 0.284403 -0.470001
v 0.929574 0.269055 -0.470001
v 1.021516 0.243268 -0.470001
v 1.106097 0.207244 -0.470001
v 1.183272 0.161185 -0.470001
v 1.252995 0.105293 -0.470001
v 1.315217 0.039771 -0.470001
v 1.369893 -0.035180 -0.470001
v 1.416978 -0.119356 -0.470001
v 1.456424 -0.212557 -0.470001
v 1.488185 -0.314579 -0.470001
v 1.512215 -0.425221 -0.470001
v 0.047932 -0.434288 -0.470001
v 6.399147 0.382564 -0.470001
v 6.324594 0.453383 -0.470001
v 6.250844 0.517773 -0.470001
v 6.177854 0.575778 -0.470001
v 6.105579 0.627443 -0.470001
v 6.033973 0.672813 -0.470001
v 5.962990 0.711932 -0.470001
v 5.892585 0.744845 -0.470001
v 5.822714 0.771598 -0.470001
v 5.753329 0.792234 -0.470001
v 5.684388 0.806798 -0.470001
v 5.615845 0.815335 -0.470001
v 5.547652 0.817890 -0.470001
v 5.456724 0.813559 -0.470001
v 5.368699 0.801754 -0.470001
v 5.283734 0.782543 -0.470001
v 5.201988 0.755995 -0.470001
v 5.123617 0.722179 -0.470001
v 5.048777 0.681164 -0.470001
v 4.977626 0.633017 -0.470001
v 4.910320 0.577806 -0.470001
v 4.847018 0.515601 -0.470001
v 4.787875 0.446470 -0.470001
v 4.733049 0.370482 -0.470001
v 4.682698 0.287704 -0.470001
v 4.617978 0.357519 -0.470001
v 4.550913 0.424755 -0.470001
v 4.481300 0.488735 -0.470001
v 4.408948 0.548784 -0.470001
v 4.333652 0.604225 -0.470001
v 4.255219 0.654382 -0.470001
v 4.173447 0.698579 -0.470001
v 4.088138 0.736140 -0.470001
v 3.999095 0.766388 -0.470001
v 3.906120 0.788648 -0.470001
v 3.809014 0.802243 -0.470001
v 3.707579 0.806496 -0.470001
v 3.564784 0.796291 -0.470001
v 3.431573 0.768011 -0.470001
v 3.308503 0.722426 -0.470001
v 3.196133 0.660303 -0.470001
v 3.095018 0.582412 -0.470001
v 3.005718 0.489520 -0.470001
v 2.928790 0.382396 -0.470001
v 2.864792 0.261809 -0.470001
v 2.814281 0.128527 -0.470001
v 2.777815 -0.016683 -0.470001
v 2.755952 -0.173051 -0.470001
v 2.749249 -0.339809 -0.470001
v 2.760562 -2.166924 -0.470001
v 3.337205 -2.163354 -0.470001
v 3.326052 -0.362155 -0.470001
v 3.330941 -0.256182 -0.470001
v 3.346480 -0.158648 -0.470001
v 3.371924 -0.069691 -0.470001
v 3.406536 0.010548 -0.470001
v 3.449572 0.081930 -0.470001
v 3.500289 0.144316 -0.470001
v 3.557947 0.197566 -0.470001
v 3.621805 0.241539 -0.470001
v 3.691120 0.276098 -0.470001
v 3.765153 0.301101 -0.470001
v 3.843160 0.316410 -0.470001
v 3.924398 0.321885 -0.470001
v 3.972671 0.320362 -0.470001
v 4.023299 0.312238 -0.470001
v 4.075901 0.297918 -0.470001
v 4.130092 0.277803 -0.470001
v 4.185486 0.252296 -0.470001
v 4.241698 0.221799 -0.470001
v 4.298344 0.186716 -0.470001
v 4.355038 0.147449 -0.470001
v 4.411395 0.104399 -0.470001
v 4.467031 0.057971 -0.470001
v 4.521560 0.008565 -0.470001
v 4.574598 -0.043414 -0.470001
v 4.587677 -2.155611 -0.470001
v 5.164320 -2.152040 -0.470001
v 5.153127 -0.344362 -0.470001
v 5.157311 -0.231716 -0.470001
v 5.170878 -0.130103 -0.470001
v 5.193151 -0.039280 -0.470001
v 5.223454 0.040997 -0.470001
v 5.261109 0.110970 -0.470001
v 5.305442 0.170882 -0.470001
v 5.355775 0.220978 -0.470001
v 5.411430 0.261500 -0.470001
v 5.471734 0.292691 -0.470001
v 5.536009 0.314796 -0.470001
v 5.603578 0.328057 -0.470001
v 5.673764 0.332717 -0.470001
v 5.744725 0.331211 -0.470001
v 5.812156 0.325565 -0.470001
v 5.876555 0.315446 -0.470001
v 5.938418 0.300519 -0.470001
v 5.998245 0.280451 -0.470001
v 6.056531 0.254905 -0.470001
v 6.113772 0.223549 -0.470001
v 6.170465 0.186047 -0.470001
v 6.227110 0.142066 -0.470001
v 6.284202 0.091270 -0.470001
v 6.342237 0.033327 -0.470001
v 6.401714 -0.032100 -0.470001
v 6.414793 -2.144298 -0.470001
v 6.991436 -2.140727 -0.470001
v 6.973423 0.768404 -0.470001
v 6.396780 0.764833 -0.470001
v 7.539886 -2.010079 -0.470001
v 7.597722 -2.046052 -0.470001
v 7.650625 -2.077420 -0.470001
v 7.699384 -2.104427 -0.470001
v 7.744787 -2.127314 -0.470001
v 7.787624 -2.146326 -0.470001
v 7.828685 -2.161704 -0.470001
v 7.868756 -2.173691 -0.470001
v 7.908628 -2.182529 -0.470001
v 7.949090 -2.188462 -0.470001
v 7.990930 -2.191731 -0.470001
v 8.034937 -2.192580 -0.470001
v 8.095686 -2.190299 -0.470001
v 8.151664 -2.184178 -0.470001
v 8.202984 -2.174126 -0.470001
v 8.249756 -2.160053 -0.470001
v 8.292093 -2.141868 -0.470001
v 8.330107 -2.119479 -0.470001
v 8.363910 -2.092798 -0.470001
v 8.393614 -2.061732 -0.470001
v 8.419331 -2.026191 -0.470001
v 8.441171 -1.986084 -0.470001
v 8.459248 -1.941322 -0.470001
v 8.473673 -1.891812 -0.470001
v 8.537405 -1.939476 -0.470001
v 8.601604 -1.982841 -0.470001
v 8.666228 -2.021928 -0.470001
v 8.731231 -2.056761 -0.470001
v 8.796566 -2.087363 -0.470001
v 8.862190 -2.113755 -0.470001
v 8.928060 -2.135961 -0.470001
v 8.994127 -2.154004 -0.470000
v 9.060349 -2.167906 -0.470000
v 9.126681 -2.177691 -0.470000
v 9.193077 -2.183380 -0.470000
v 9.259494 -2.184998 -0.470000
v 9.363304 -2.177508 -0.470000
v 9.460602 -2.157055 -0.470000
v 9.550895 -2.124676 -0.470000
v 9.633697 -2.081410 -0.470000
v 9.708519 -2.028295 -0.470000
v 9.774871 -1.966367 -0.470000
v 9.832266 -1.896666 -0.470000
v 9.880216 -1.820229 -0.470000
v 9.918231 -1.738094 -0.470000
v 9.945824 -1.651299 -0.470000
v 9.962504 -1.560881 -0.470000
v 9.967785 -1.467880 -0.470000
v 9.956347 -1.331925 -0.470000
v 9.925161 -1.211459 -0.470000
v 9.876245 -1.105095 -0.470000
v 9.811613 -1.011451 -0.470000
v 9.733284 -0.929140 -0.470000
v 9.643272 -0.856778 -0.470000
v 9.543594 -0.792980 -0.470001
v 9.436266 -0.736361 -0.470001
v 9.323305 -0.685537 -0.470001
v 9.206726 -0.639122 -0.470001
v 9.088547 -0.595732 -0.470001
v 8.970781 -0.553981 -0.470001
v 8.457807 -0.375735 -0.470001
v 8.456843 -0.220236 -0.470001
v 8.459955 -0.133922 -0.470001
v 8.470407 -0.056247 -0.470001
v 8.488202 0.013014 -0.470001
v 8.513336 0.074086 -0.470001
v 8.545809 0.127195 -0.470001
v 8.585619 0.172565 -0.470001
v 8.632765 0.210420 -0.470001
v 8.687246 0.240987 -0.470001
v 8.749060 0.264490 -0.470001
v 8.818205 0.281154 -0.470001
v 8.894680 0.291204 -0.470001
v 8.978484 0.294865 -0.470001
v 9.057978 0.292234 -0.470001
v 9.137600 0.283282 -0.470001
v 9.217173 0.267895 -0.470001
v 9.296516 0.245960 -0.470001
v 9.375452 0.217362 -0.470001
v 9.453798 0.181990 -0.470001
v 9.531378 0.139728 -0.470001
v 9.608009 0.090463 -0.470001
v 9.683517 0.034083 -0.470001
v 9.757719 -0.029528 -0.470001
v 9.830436 -0.100482 -0.470001
v 9.901489 -0.178894 -0.470001
v 9.897598 0.449582 -0.470001
v 9.838615 0.512800 -0.470001
v 9.775843 0.570347 -0.470001
v 9.709234 0.622246 -0.470001
v 9.638747 0.668519 -0.470001
v 9.564335 0.709188 -0.470001
v 9.485952 0.744275 -0.470001
v 9.403555 0.773803 -0.470001
v 9.317097 0.797795 -0.470001
v 9.226534 0.816271 -0.470001
v 9.131821 0.829254 -0.470001
v 9.032910 0.836767 -0.470001
v 8.929760 0.838832 -0.470001
v 8.785164 0.831690 -0.470001
v 8.646965 0.811943 -0.470001
v 8.516360 0.779375 -0.470001
v 8.394544 0.733768 -0.470001
v 8.282707 0.674903 -0.470001
v 8.182046 0.602564 -0.470001
v 8.093753 0.516533 -0.470001
v 8.019022 0.416593 -0.470001
v 7.959048 0.302524 -0.470001
v 7.915024 0.174112 -0.470001
v 7.888143 0.031136 -0.470001
v 7.879599 -0.126619 -0.470001
v 7.888866 -1.623299 -0.470001
v 7.888221 -1.649374 -0.470001
v 7.885961 -1.672602 -0.470001
v 7.882109 -1.693095 -0.470001
v 7.876689 -1.710966 -0.470001
v 7.869724 -1.726326 -0.470001
v 7.861236 -1.739289 -0.470001
v 7.851249 -1.749966 -0.470001
v 7.839787 -1.758470 -0.470001
v 7.826872 -1.764913 -0.470001
v 7.812528 -1.769408 -0.470001
v 7.796777 -1.772066 -0.470001
v 7.779643 -1.773001 -0.470001
v 7.763870 -1.771895 -0.470001
v 7.745810 -1.768441 -0.470001
v 7.725619 -1.762705 -0.470001
v 7.703459 -1.754755 -0.470001
v 7.679485 -1.744655 -0.470001
v 7.653855 -1.732474 -0.470001
v 7.626729 -1.718277 -0.470001
v 7.598263 -1.702131 -0.470001
v 7.568615 -1.684103 -0.470001
v 7.537944 -1.664258 -0.470001
v 7.506407 -1.642664 -0.470001
v 7.474162 -1.619388 -0.470001
v 7.476328 -1.969261 -0.470001
v 8.581577 -0.734675 -0.470001
v 8.699427 -0.776770 -0.470001
v 8.812064 -0.820112 -0.470001
v 8.918234 -0.865317 -0.470001
v 9.016680 -0.912999 -0.470001
v 9.106146 -0.963774 -0.470001
v 9.185375 -1.018257 -0.470001
v 9.253113 -1.077063 -0.470001
v 9.308104 -1.140808 -0.470001
v 9.349089 -1.210106 -0.470001
v 9.374813 -1.285573 -0.470001
v 9.384022 -1.367825 -0.470000
v 9.380802 -1.426238 -0.470000
v 9.370657 -1.481386 -0.470000
v 9.353964 -1.532931 -0.470000
v 9.331104 -1.580532 -0.470000
v 9.302459 -1.623849 -0.470000
v 9.268408 -1.662542 -0.470000
v 9.229332 -1.696272 -0.470000
v 9.185611 -1.724699 -0.470000
v 9.137625 -1.747483 -0.470001
v 9.085754 -1.764284 -0.470001
v 9.030382 -1.774762 -0.470001
v 8.971885 -1.778578 -0.470001
v 8.926788 -1.776986 -0.470001
v 8.882211 -1.771724 -0.470001
v 8.838150 -1.762903 -0.470001
v 8.794609 -1.750638 -0.470001
v 8.751587 -1.735040 -0.470001
v 8.709084 -1.716221 -0.470001
v 8.667102 -1.694294 -0.470001
v 8.625641 -1.669372 -0.470001
v 8.584703 -1.641567 -0.470001
v 8.544287 -1.610991 -0.470001
v 8.504395 -1.577758 -0.470001
v 8.465028 -1.541979 -0.470001
v 8.459772 -0.693212 -0.470001
v 10.718142 -1.874705 -0.470000
v 10.859997 -1.929111 -0.470000
v 10.998935 -1.977416 -0.470000
v 11.135812 -2.019794 -0.470000
v 11.271483 -2.056421 -0.470000
v 11.406805 -2.087470 -0.470000
v 11.542633 -2.113116 -0.470000
v 11.679824 -2.133535 -0.470000
v 11.819234 -2.148900 -0.470000
v 11.961718 -2.159387 -0.470000
v 12.108131 -2.165169 -0.470000
v 12.259333 -2.166423 -0.470000
v 12.589952 -2.145012 -0.470000
v 12.903265 -2.086363 -0.470000
v 13.197058 -1.992557 -0.470000
v 13.469114 -1.865680 -0.470000
v 13.717222 -1.707813 -0.470000
v 13.939166 -1.521042 -0.470000
v 14.132730 -1.307448 -0.470000
v 14.295703 -1.069117 -0.470000
v 14.425868 -0.808131 -0.470000
v 14.521012 -0.526574 -0.470000
v 14.578919 -0.226529 -0.470000
v 14.597377 0.089920 -0.470000
v 14.574481 0.408494 -0.470000
v 14.511456 0.711499 -0.470000
v 14.410746 0.996587 -0.470000
v 14.274794 1.261411 -0.470000
v 14.106045 1.503624 -0.470000
v 13.906943 1.720879 -0.470000
v 13.679934 1.910830 -0.470000
v 13.427460 2.071126 -0.470000
v 13.151967 2.199425 -0.470000
v 12.855898 2.293376 -0.470000
v 12.541698 2.350634 -0.470000
v 12.211812 2.368850 -0.470000
v 12.085199 2.366241 -0.470000
v 11.963402 2.359723 -0.470000
v 11.844737 2.348860 -0.470000
v 11.727519 2.333215 -0.470000
v 11.610064 2.312348 -0.470000
v 11.490685 2.285823 -0.470000
v 11.367701 2.253201 -0.470000
v 11.239424 2.214044 -0.470000
v 11.104171 2.167914 -0.470001
v 10.960257 2.114374 -0.470001
v 10.805998 2.052986 -0.470001
v 10.639709 1.983311 -0.470001
v 10.643681 1.341877 -0.470001
v 10.773231 1.411111 -0.470000
v 10.903534 1.474634 -0.470000
v 11.034504 1.532402 -0.470000
v 11.166050 1.584369 -0.470000
v 11.298081 1.630490 -0.470000
v 11.430510 1.670719 -0.470000
v 11.563245 1.705010 -0.470000
v 11.696198 1.733318 -0.470000
v 11.829276 1.755597 -0.470000
v 11.962393 1.771802 -0.470000
v 12.095458 1.781888 -0.470000
v 12.228381 1.785808 -0.470000
v 12.463440 1.772303 -0.470000
v 12.687923 1.729980 -0.470000
v 12.899975 1.660582 -0.470000
v 13.097740 1.565853 -0.470000
v 13.279364 1.447537 -0.470000
v 13.442988 1.307376 -0.470000
v 13.586760 1.147114 -0.470000
v 13.708821 0.968494 -0.470000
v 13.807319 0.773260 -0.470000
v 13.880395 0.563155 -0.470000
v 13.926195 0.339922 -0.470000
v 13.942864 0.105305 -0.470000
v 13.929210 -0.134689 -0.470000
v 13.886180 -0.361321 -0.470000
v 13.815250 -0.573187 -0.470000
v 13.717899 -0.768884 -0.470000
v 13.595602 -0.947007 -0.470000
v 13.449833 -1.106152 -0.470000
v 13.282071 -1.244915 -0.470000
v 13.093791 -1.361892 -0.470000
v 12.886469 -1.455680 -0.470000
v 12.661581 -1.524873 -0.470000
v 12.420605 -1.568069 -0.470000
v 12.165014 -1.583863 -0.470000
v 12.079816 -1.582804 -0.470000
v 11.995858 -1.578701 -0.470000
v 11.913054 -1.571755 -0.470000
v 11.831312 -1.562171 -0.470000
v 11.750546 -1.550151 -0.470000
v 11.670664 -1.535898 -0.470000
v 11.591581 -1.519616 -0.470000
v 11.513206 -1.501507 -0.470000
v 11.435452 -1.481774 -0.470000
v 11.358228 -1.460620 -0.470000
v 11.281446 -1.438249 -0.470000
v 11.205019 -1.414864 -0.470000
v 11.199402 -0.507785 -0.470000
v 12.048168 -0.502529 -0.470000
v 12.044639 0.067635 -0.470000
v 10.560917 0.058447 -0.470000
v 10.572512 -1.814022 -0.470000
v -15.440248 -0.037757 0.469997
v -15.453206 -0.037837 0.469997
v -15.526584 0.083515 0.469997
v -15.599368 0.192746 0.469997
v -15.671586 0.290145 0.469997
v -15.743258 0.376007 0.469997
v -15.814414 0.450623 0.469997
v -15.885074 0.514286 0.469997
v -15.955258 0.567287 0.469997
v -16.025002 0.609920 0.469997
v -16.094318 0.642477 0.469997
v -16.163239 0.665249 0.469997
v -16.231789 0.678530 0.469997
v -16.299984 0.682611 0.469997
v -16.358032 0.679953 0.469997
v -16.415627 0.672685 0.469997
v -16.472874 0.660786 0.469997
v -16.529888 0.644231 0.469997
v -16.586784 0.622997 0.469997
v -16.643673 0.597060 0.469997
v -16.700668 0.566399 0.469997
v -16.757881 0.530989 0.469997
v -16.815426 0.490808 0.469997
v -16.873413 0.445832 0.469997
v -16.931957 0.396038 0.469997
v -16.991169 0.341403 0.469997
v -16.683559 -0.155605 0.469997
v -16.639084 -0.114331 0.469997
v -16.592926 -0.075431 0.469997
v -16.545582 -0.039134 0.469997
v -16.497547 -0.005667 0.469997
v -16.449310 0.024741 0.469997
v -16.401371 0.051863 0.469997
v -16.354221 0.075470 0.469997
v -16.308350 0.095335 0.469997
v -16.264256 0.111229 0.469997
v -16.222427 0.122924 0.469997
v -16.183365 0.130193 0.469997
v -16.147560 0.132807 0.469997
v -16.050583 0.125342 0.469997
v -15.957816 0.102395 0.469997
v -15.870040 0.064973 0.469997
v -15.788054 0.014084 0.469997
v -15.712649 -0.049264 0.469997
v -15.644624 -0.124064 0.469997
v -15.584765 -0.209309 0.469997
v -15.533870 -0.303991 0.469997
v -15.492734 -0.407103 0.469997
v -15.462144 -0.517637 0.469997
v -15.442901 -0.634585 0.469997
v -15.435794 -0.756941 0.469997
v -15.426366 -2.279537 0.469997
v -14.849723 -2.275966 0.469997
v -14.867736 0.633165 0.469997
v -15.444379 0.629594 0.469997
v -14.236484 -2.144918 0.469997
v -14.178649 -2.180890 0.469997
v -14.125745 -2.212258 0.469997
v -14.076989 -2.239265 0.469997
v -14.031583 -2.262153 0.469997
v -13.988746 -2.281164 0.469997
v -13.947684 -2.296542 0.469997
v -13.907613 -2.308529 0.469997
v -13.867740 -2.317368 0.469997
v -13.827279 -2.323300 0.469997
v -13.785436 -2.326570 0.469997
v -13.741429 -2.327418 0.469997
v -13.680676 -2.325137 0.469997
v -13.624701 -2.319016 0.469997
v -13.573382 -2.308964 0.469997
v -13.526610 -2.294891 0.469997
v -13.484273 -2.276706 0.469997
v -13.446259 -2.254318 0.469997
v -13.412457 -2.227636 0.469997
v -13.382754 -2.196570 0.469997
v -13.357038 -2.161029 0.469997
v -13.335198 -2.120923 0.469997
v -13.317121 -2.076160 0.469997
v -13.302695 -2.026650 0.469997
v -13.238967 -2.074315 0.469997
v -13.174767 -2.117679 0.469997
v -13.110145 -2.156767 0.469998
v -13.045144 -2.191600 0.469998
v -12.979806 -2.222201 0.469998
v -12.914180 -2.248593 0.469998
v -12.848311 -2.270799 0.469998
v -12.782243 -2.288842 0.469998
v -12.716020 -2.302745 0.469998
v -12.649688 -2.312529 0.469998
v -12.583289 -2.318219 0.469998
v -12.516875 -2.319836 0.469998
v -12.413072 -2.312346 0.469998
v -12.315772 -2.291893 0.469998
v -12.225480 -2.259515 0.469998
v -12.142674 -2.216249 0.469998
v -12.067853 -2.163133 0.469998
v -12.001502 -2.101205 0.469998
v -11.944104 -2.031504 0.469998
v -11.896153 -1.955067 0.469998
v -11.858138 -1.872932 0.469998
v -11.830544 -1.786137 0.469998
v -11.813867 -1.695720 0.469998
v -11.808581 -1.602718 0.469998
v -11.820022 -1.466763 0.469998
v -11.851207 -1.346297 0.469998
v -11.900123 -1.239934 0.469998
v -11.964753 -1.146289 0.469998
v -12.043084 -1.063978 0.469998
v -12.133098 -0.991616 0.469998
v -12.232774 -0.927818 0.469998
v -12.340102 -0.871199 0.469998
v -12.453063 -0.820375 0.469998
v -12.569640 -0.773960 0.469997
v -12.687819 -0.730570 0.469997
v -12.805587 -0.688820 0.469997
v -13.318561 -0.510573 0.469997
v -13.319524 -0.355074 0.469997
v -13.316415 -0.268760 0.469997
v -13.305963 -0.191085 0.469997
v -13.288169 -0.121824 0.469997
v -13.263032 -0.060752 0.469997
v -13.230559 -0.007643 0.469997
v -13.190749 0.037726 0.469997
v -13.143603 0.075582 0.469997
v -13.089124 0.106149 0.469997
v -13.027310 0.129652 0.469997
v -12.958165 0.146316 0.469997
v -12.881688 0.156366 0.469997
v -12.797885 0.160027 0.469997
v -12.718390 0.157396 0.469997
v -12.638770 0.148444 0.469997
v -12.559196 0.133057 0.469997
v -12.479852 0.111121 0.469997
v -12.400918 0.082524 0.469997
v -12.322574 0.047151 0.469997
v -12.244994 0.004889 0.469997
v -12.168359 -0.044375 0.469997
v -12.092853 -0.100756 0.469998
v -12.018651 -0.164366 0.469998
v -11.945933 -0.235321 0.469998
v -11.874877 -0.313732 0.469998
v -11.878768 0.314744 0.469998
v -11.937753 0.377961 0.469997
v -12.000525 0.435508 0.469997
v -12.067134 0.487408 0.469997
v -12.137622 0.533680 0.469997
v -12.212035 0.574350 0.469997
v -12.290414 0.609437 0.469997
v -12.372813 0.638965 0.469997
v -12.459268 0.662956 0.469997
v -12.549832 0.681432 0.469997
v -12.644547 0.694416 0.469997
v -12.743459 0.701929 0.469997
v -12.846608 0.703994 0.469997
v -12.991206 0.696851 0.469997
v -13.129407 0.677105 0.469997
v -13.260011 0.644537 0.469997
v -13.381825 0.598929 0.469997
v -13.493661 0.540065 0.469997
v -13.594323 0.467726 0.469997
v -13.682616 0.381695 0.469997
v -13.757348 0.281754 0.469997
v -13.817321 0.167686 0.469997
v -13.861346 0.039273 0.469997
v -13.888227 -0.103702 0.469997
v -13.896770 -0.261457 0.469997
v -13.887504 -1.758137 0.469997
v -13.888148 -1.784212 0.469997
v -13.890409 -1.807441 0.469997
v -13.894259 -1.827934 0.469997
v -13.899680 -1.845804 0.469997
v -13.906646 -1.861165 0.469997
v -13.915132 -1.874127 0.469997
v -13.925118 -1.884804 0.469997
v -13.936582 -1.893308 0.469997
v -13.949496 -1.899751 0.469997
v -13.963841 -1.904246 0.469997
v -13.979592 -1.906905 0.469997
v -13.996724 -1.907839 0.469997
v -14.012500 -1.906733 0.469997
v -14.030560 -1.903279 0.469997
v -14.050750 -1.897544 0.469997
v -14.072913 -1.889593 0.469997
v -14.096885 -1.879493 0.469997
v -14.122514 -1.867312 0.469997
v -14.149640 -1.853115 0.469997
v -14.178105 -1.836969 0.469997
v -14.207755 -1.818941 0.469997
v -14.238423 -1.799096 0.469997
v -14.269959 -1.777503 0.469997
v -14.302205 -1.754226 0.469997
v -14.300038 -2.104099 0.469997
v -13.194789 -0.869514 0.469997
v -13.076941 -0.911608 0.469997
v -12.964303 -0.954951 0.469997
v -12.858136 -1.000155 0.469997
v -12.759688 -1.047837 0.469997
v -12.670222 -1.098612 0.469997
v -12.590993 -1.153095 0.469998
v -12.523255 -1.211901 0.469998
v -12.468268 -1.275646 0.469998
v -12.427283 -1.344944 0.469998
v -12.401557 -1.420411 0.469998
v -12.392348 -1.502663 0.469998
v -12.395566 -1.561076 0.469998
v -12.405715 -1.616225 0.469998
v -12.422408 -1.667769 0.469998
v -12.445268 -1.715370 0.469998
v -12.473908 -1.758687 0.469998
v -12.507962 -1.797381 0.469998
v -12.547038 -1.831111 0.469998
v -12.590758 -1.859537 0.469998
v -12.638743 -1.882321 0.469998
v -12.690614 -1.899122 0.469998
v -12.745986 -1.909600 0.469998
v -12.804482 -1.913416 0.469998
v -12.849580 -1.911824 0.469998
v -12.894158 -1.906562 0.469998
v -12.938216 -1.897742 0.469998
v -12.981759 -1.885476 0.469998
v -13.024783 -1.869878 0.469997
v -13.067286 -1.851059 0.469997
v -13.109267 -1.829132 0.469997
v -13.150725 -1.804210 0.469997
v -13.191665 -1.776405 0.469997
v -13.232080 -1.745830 0.469997
v -13.271974 -1.712596 0.469997
v -13.311339 -1.676817 0.469997
v -13.316594 -0.828050 0.469997
v -11.284938 -2.024558 0.469998
v -11.198342 -2.074694 0.469998
v -11.111688 -2.119791 0.469998
v -11.024249 -2.159888 0.469998
v -10.935315 -2.195026 0.469998
v -10.844161 -2.225247 0.469998
v -10.750068 -2.250589 0.469998
v -10.652314 -2.271094 0.469998
v -10.550181 -2.286803 0.469998
v -10.442950 -2.297755 0.469998
v -10.329896 -2.303992 0.469998
v -10.210303 -2.305554 0.469998
v -9.992057 -2.289076 0.469998
v -9.791083 -2.244044 0.469998
v -9.607730 -2.172843 0.469998
v -9.442346 -2.077860 0.469998
v -9.295270 -1.961483 0.469998
v -9.166850 -1.826098 0.469998
v -9.057431 -1.674092 0.469998
v -8.967359 -1.507853 0.469998
v -8.896979 -1.329767 0.469998
v -8.846637 -1.142220 0.469998
v -8.816674 -0.947601 0.469998
v -8.807439 -0.748295 0.469998
v -8.820195 -0.534195 0.469998
v -8.855006 -0.333189 0.469998
v -8.910789 -0.146353 0.469998
v -8.986453 0.025243 0.469998
v -9.080914 0.180523 0.469998
v -9.193089 0.318415 0.469998
v -9.321889 0.437846 0.469998
v -9.466222 0.537743 0.469998
v -9.625007 0.617032 0.469998
v -9.797158 0.674640 0.469998
v -9.981586 0.709495 0.469998
v -10.177203 0.720523 0.469998
v -10.363963 0.708417 0.469998
v -10.538236 0.674431 0.469998
v -10.699279 0.618479 0.469998
v -10.846345 0.540476 0.469998
v -10.978700 0.440336 0.469998
v -11.095595 0.317974 0.469998
v -11.196288 0.173304 0.469998
v -11.280036 0.006241 0.469998
v -11.346099 -0.183300 0.469998
v -11.393729 -0.395404 0.469998
v -11.422189 -0.630158 0.469998
v -11.430726 -0.887647 0.469998
v -9.383321 -0.874969 0.469998
v -9.410129 -1.013486 0.469998
v -9.446950 -1.140388 0.469998
v -9.493745 -1.255608 0.469998
v -9.550466 -1.359078 0.469998
v -9.617070 -1.450731 0.469998
v -9.693509 -1.530498 0.469998
v -9.779744 -1.598311 0.469998
v -9.875726 -1.654104 0.469998
v -9.981414 -1.697808 0.469998
v -10.096761 -1.729356 0.469998
v -10.221723 -1.748679 0.469998
v -10.356256 -1.755710 0.469998
v -10.443347 -1.753572 0.469998
v -10.529756 -1.746165 0.469998
v -10.615565 -1.733626 0.469998
v -10.700866 -1.716088 0.469998
v -10.785747 -1.693688 0.469998
v -10.870296 -1.666562 0.469998
v -10.954604 -1.634844 0.469998
v -11.038760 -1.598671 0.469998
v -11.122853 -1.558179 0.469998
v -11.206973 -1.513501 0.469998
v -11.291207 -1.464775 0.469998
v -11.375644 -1.412135 0.469998
v -11.372193 -1.969341 0.469998
v -10.853913 -0.395085 0.469998
v -10.835408 -0.295417 0.469998
v -10.807675 -0.203251 0.469998
v -10.770988 -0.118995 0.469998
v -10.725608 -0.043053 0.469998
v -10.671805 0.024166 0.469998
v -10.609845 0.082256 0.469998
v -10.539996 0.130812 0.469998
v -10.462529 0.169425 0.469998
v -10.377707 0.197690 0.469998
v -10.285800 0.215200 0.469998
v -10.187074 0.221549 0.469998
v -10.080544 0.216843 0.469998
v -9.981288 0.201495 0.469998
v -9.889344 0.175709 0.469998
v -9.804761 0.139685 0.469998
v -9.727588 0.093625 0.469998
v -9.657865 0.037734 0.469998
v -9.595645 -0.027789 0.469998
v -9.540967 -0.102739 0.469998
v -9.493882 -0.186916 0.469998
v -9.454438 -0.280116 0.469998
v -9.422677 -0.382139 0.469998
v -9.398644 -0.492781 0.469998
v -10.862929 -0.501847 0.469998
v -7.534781 -2.230673 0.469998
v -7.562142 2.188096 0.469998
v -8.138785 2.184525 0.469998
v -8.111424 -2.234243 0.469998
v -6.663943 1.284539 0.469998
v -6.532664 1.353922 0.469998
v -6.403729 1.416225 0.469998
v -6.276706 1.471565 0.469998
v -6.151174 1.520057 0.469998
v -6.026700 1.561815 0.469998
v -5.902862 1.596954 0.469998
v -5.779227 1.625591 0.469998
v -5.655377 1.647840 0.469998
v -5.530879 1.663815 0.469998
v -5.405309 1.673633 0.469998
v -5.278237 1.677408 0.469998
v -5.031144 1.664225 0.469998
v -4.796386 1.622618 0.469998
v -4.575675 1.554196 0.469998
v -4.370740 1.460569 0.469998
v -4.183297 1.343346 0.469998
v -4.015065 1.204136 0.469998
v -3.867766 1.044548 0.469998
v -3.743119 0.866192 0.469998
v -3.642842 0.670677 0.469998
v -3.568660 0.459611 0.469998
v -3.522285 0.234605 0.469998
v -3.505441 -0.002733 0.469998
v -3.518842 -0.244087 0.469998
v -3.561213 -0.471604 0.469998
v -3.631219 -0.683949 0.469998
v -3.727511 -0.879785 0.469998
v -3.848752 -1.057777 0.469998
v -3.993600 -1.216591 0.469998
v -4.160710 -1.354888 0.469998
v -4.348746 -1.471335 0.469998
v -4.556363 -1.564596 0.469998
v -4.782222 -1.633334 0.469998
v -5.024978 -1.676215 0.469998
v -5.283292 -1.691902 0.469998
v -5.408929 -1.689050 0.469998
v -5.536187 -1.679009 0.469998
v -5.664748 -1.661867 0.469998
v -5.794299 -1.637711 0.469998
v -5.924521 -1.606631 0.469998
v -6.055100 -1.568713 0.469998
v -6.185723 -1.524046 0.469998
v -6.316072 -1.472718 0.469998
v -6.445830 -1.414817 0.469998
v -6.574683 -1.350431 0.469998
v -6.702319 -1.279648 0.469998
v -6.828416 -1.202557 0.469998
v -6.824124 -1.895824 0.469998
v -6.714339 -1.950433 0.469998
v -6.602328 -2.001990 0.469998
v -6.487456 -2.050155 0.469998
v -6.369096 -2.094587 0.469998
v -6.246623 -2.134943 0.469998
v -6.119409 -2.170884 0.469998
v -5.986823 -2.202066 0.469998
v -5.848239 -2.228149 0.469998
v -5.703029 -2.248791 0.469998
v -5.550567 -2.263652 0.469998
v -5.390222 -2.272390 0.469998
v -5.221370 -2.274662 0.469998
v -4.826180 -2.246565 0.469998
v -4.469443 -2.171167 0.469998
v -4.150397 -2.054111 0.469998
v -3.868291 -1.901040 0.469998
v -3.622373 -1.717595 0.469998
v -3.411880 -1.509421 0.469998
v -3.236066 -1.282157 0.469998
v -3.094169 -1.041448 0.469998
v -2.985438 -0.792934 0.469998
v -2.909118 -0.542259 0.469998
v -2.864453 -0.295065 0.469998
v -2.850690 -0.056993 0.469998
v -2.873553 0.271873 0.469998
v -2.936515 0.583214 0.469998
v -3.037375 0.874881 0.469998
v -3.173940 1.144730 0.469998
v -3.344012 1.390613 0.469998
v -3.545398 1.610385 0.469998
v -3.775901 1.801900 0.469998
v -4.033324 1.963010 0.469998
v -4.315475 2.091570 0.469998
v -4.620156 2.185435 0.469998
v -4.945172 2.242457 0.469998
v -5.288327 2.260490 0.469998
v -5.401914 2.257473 0.469998
v -5.516210 2.249750 0.469998
v -5.631694 2.237205 0.469998
v -5.748832 2.219722 0.469998
v -5.868100 2.197187 0.469998
v -5.989968 2.169484 0.469998
v -6.114907 2.136497 0.469998
v -6.243392 2.098111 0.469998
v -6.375890 2.054211 0.469998
v -6.512877 2.004682 0.469998
v -6.654822 1.949407 0.469998
v -6.802197 1.888271 0.469998
v -6.797986 1.207962 0.469998
v -0.374074 -1.956998 0.469999
v -0.287477 -2.007135 0.469999
v -0.200822 -2.052231 0.469999
v -0.113386 -2.092329 0.469999
v -0.024452 -2.127467 0.469999
v 0.066701 -2.157687 0.469999
v 0.160794 -2.183029 0.469999
v 0.258547 -2.203535 0.469999
v 0.360680 -2.219243 0.469999
v 0.467913 -2.230196 0.469999
v 0.580966 -2.236433 0.469999
v 0.700560 -2.237994 0.469999
v 0.918805 -2.221517 0.469999
v 1.119778 -2.176484 0.469999
v 1.303128 -2.105283 0.469999
v 1.468514 -2.010300 0.469999
v 1.615590 -1.893923 0.469999
v 1.744009 -1.758538 0.469999
v 1.853427 -1.606533 0.469999
v 1.943500 -1.440293 0.469999
v 2.013880 -1.262207 0.469999
v 2.064224 -1.074661 0.469999
v 2.094186 -0.880041 0.469999
v 2.103422 -0.680736 0.469999
v 2.090664 -0.466635 0.469999
v 2.055853 -0.265630 0.469999
v 2.000070 -0.078793 0.469999
v 1.924405 0.092802 0.469999
v 1.829943 0.248082 0.469999
v 1.717771 0.385975 0.469999
v 1.588973 0.505405 0.469999
v 1.444637 0.605302 0.469999
v 1.285852 0.684591 0.469999
v 1.113702 0.742200 0.469999
v 0.929276 0.777054 0.469999
v 0.733656 0.788082 0.469999
v 0.546899 0.775977 0.469999
v 0.372627 0.741991 0.469999
v 0.211585 0.686039 0.469999
v 0.064515 0.608035 0.469999
v -0.067838 0.507895 0.469999
v -0.184732 0.385533 0.469999
v -0.285426 0.240863 0.469999
v -0.369176 0.073801 0.469999
v -0.435237 -0.115740 0.469999
v -0.482867 -0.327845 0.469999
v -0.511325 -0.562599 0.469999
v -0.519865 -0.820087 0.469999
v 1.527541 -0.807410 0.469999
v 1.500734 -0.945926 0.469999
v 1.463911 -1.072828 0.469999
v 1.417118 -1.188048 0.469999
v 1.360396 -1.291519 0.469999
v 1.293794 -1.383171 0.469999
v 1.217351 -1.462938 0.469999
v 1.131116 -1.530752 0.469999
v 1.035134 -1.586545 0.469999
v 0.929446 -1.630249 0.469999
v 0.814099 -1.661796 0.469999
v 0.689138 -1.681119 0.469999
v 0.554607 -1.688151 0.469999
v 0.467514 -1.686013 0.469999
v 0.381105 -1.678606 0.469999
v 0.295296 -1.666066 0.469999
v 0.209996 -1.648528 0.469999
v 0.125115 -1.626129 0.469999
v 0.040565 -1.599002 0.469999
v -0.043742 -1.567285 0.469999
v -0.127899 -1.531112 0.469999
v -0.211992 -1.490619 0.469999
v -0.296112 -1.445942 0.469999
v -0.380346 -1.397215 0.469999
v -0.464784 -1.344576 0.469999
v -0.461333 -1.901781 0.469999
v 0.056946 -0.327525 0.469999
v 0.075452 -0.227857 0.469999
v 0.103183 -0.135692 0.469999
v 0.139874 -0.051435 0.469999
v 0.185253 0.024506 0.469999
v 0.239056 0.091725 0.469999
v 0.301016 0.149816 0.469999
v 0.370863 0.198371 0.469999
v 0.448332 0.236985 0.469999
v 0.533154 0.265250 0.469999
v 0.625062 0.282760 0.469999
v 0.723787 0.289108 0.469999
v 0.830316 0.284403 0.469999
v 0.929574 0.269055 0.469999
v 1.021516 0.243268 0.469999
v 1.106097 0.207244 0.469999
v 1.183272 0.161185 0.469999
v 1.252995 0.105293 0.469999
v 1.315217 0.039771 0.469999
v 1.369893 -0.035180 0.469999
v 1.416978 -0.119356 0.469999
v 1.456424 -0.212557 0.469999
v 1.488185 -0.314579 0.469999
v 1.512215 -0.425221 0.469999
v 0.047932 -0.434288 0.469999
v 6.399147 0.382564 0.469999
v 6.324594 0.453383 0.469999
v 6.250844 0.517773 0.469999
v 6.177854 0.575778 0.469999
v 6.105579 0.627443 0.469999
v 6.033973 0.672813 0.469999
v 5.962990 0.711932 0.469999
v 5.892585 0.744845 0.469999
v 5.822714 0.771598 0.469999
v 5.753329 0.792234 0.469999
v 5.684388 0.806798 0.469999
v 5.615845 0.815335 0.469999
v 5.547652 0.817890 0.469999
v 5.456724 0.813559 0.469999
v 5.368699 0.801754 0.469999
v 5.283734 0.782543 0.469999
v 5.201988 0.755995 0.469999
v 5.123617 0.722179 0.469999
v 5.048777 0.681164 0.469999
v 4.977626 0.633017 0.469999
v 4.910320 0.577806 0.469999
v 4.847018 0.515601 0.469999
v 4.787875 0.446470 0.469999
v 4.733049 0.370482 0.469999
v 4.682698 0.287704 0.469999
v 4.617978 0.357519 0.469999
v 4.550913 0.424755 0.469999
v 4.481300 0.488735 0.469999
v 4.408948 0.548784 0.469999
v 4.333652 0.604225 0.469999
v 4.255219 0.654382 0.469999
v 4.173447 0.698579 0.469999
v 4.088138 0.736140 0.469999
v 3.999095 0.766388 0.469999
v 3.906120 0.788648 0.469999
v 3.809014 0.802243 0.469999
v 3.707579 0.806496 0.469999
v 3.564784 0.796291 0.469999
v 3.431573 0.768011 0.469999
v 3.308503 0.722426 0.469999
v 3.196133 0.660303 0.469999
v 3.095018 0.582412 0.469999
v 3.005718 0.489520 0.469999
v 2.928790 0.382396 0.469999
v 2.864792 0.261809 0.469999
v 2.814281 0.128527 0.469999
v 2.777815 -0.016683 0.469999
v 2.755952 -0.173051 0.469999
v 2.749249 -0.339809 0.469999
v 2.760562 -2.166924 0.469999
v 3.337205 -2.163354 0.469999
v 3.326052 -0.362155 0.469999
v 3.330941 -0.256182 0.469999
v 3.346480 -0.158648 0.469999
v 3.371924 -0.069691 0.469999
v 3.406536 0.010548 0.469999
v 3.449572 0.081930 0.469999
v 3.500289 0.144316 0.469999
v 3.557947 0.197566 0.469999
v 3.621805 0.241539 0.469999
v 3.691120 0.276098 0.469999
v 3.765153 0.301101 0.469999
v 3.843160 0.316410 0.469999
v 3.924398 0.321885 0.469999
v 3.972671 0.320362 0.469999
v 4.023299 0.312238 0.469999
v 4.075901 0.297918 0.469999
v 4.130092 0.277803 0.469999
v 4.185486 0.252296 0.469999
v 4.241698 0.221799 0.469999
v 4.298344 0.186716 0.469999
v 4.355038 0.147449 0.469999
v 4.411395 0.104399 0.469999
v 4.467031 0.057971 0.469999
v 4.521560 0.008565 0.469999
v 4.574598 -0.043414 0.469999
v 4.587677 -2.155611 0.469999
v 5.164320 -2.152040 0.469999
v 5.153127 -0.344362 0.469999
v 5.157311 -0.231716 0.469999
v 5.170878 -0.130103 0.469999
v 5.193151 -0.039280 0.469999
v 5.223454 0.040997 0.469999
v 5.261109 0.110970 0.469999
v 5.305442 0.170882 0.469999
v 5.355775 0.220978 0.469999
v 5.411430 0.261500 0.469999
v 5.471734 0.292691 0.469999
v 5.536009 0.314796 0.469999
v 5.603578 0.328057 0.469999
v 5.673764 0.332717 0.469999
v 5.744725 0.331211 0.469999
v 5.812156 0.325565 0.469999
v 5.876555 0.315446 0.469999
v 5.938418 0.300519 0.469999
v 5.998245 0.280451 0.469999
v 6.056531 0.254905 0.469999
v 6.113772 0.223549 0.469999
v 6.170465 0.186047 0.469999
v 6.227110 0.142066 0.469999
v 6.284202 0.091270 0.469999
v 6.342237 0.033327 0.469999
v 6.401714 -0.032100 0.469999
v 6.414793 -2.144298 0.469999
v 6.991436 -2.140727 0.469999
v 6.973423 0.768404 0.469999
v 6.396780 0.764833 0.469999
v 7.539886 -2.010079 0.469999
v 7.597722 -2.046052 0.469999
v 7.650625 -2.077420 0.469999
v 7.699384 -2.104426 0.469999
v 7.744787 -2.127314 0.469999
v 7.787624 -2.146326 0.469999
v 7.828685 -2.161704 0.469999
v 7.868756 -2.173691 0.469999
v 7.908628 -2.182529 0.469999
v 7.949090 -2.188462 0.469999
v 7.990930 -2.191731 0.469999
v 8.034937 -2.192580 0.469999
v 8.095686 -2.190299 0.469999
v 8.151664 -2.184178 0.469999
v 8.202984 -2.174126 0.469999
v 8.249756 -2.160053 0.469999
v 8.292093 -2.141868 0.469999
v 8.330107 -2.119479 0.469999
v 8.363910 -2.092798 0.469999
v 8.393614 -2.061732 0.469999
v 8.419331 -2.026191 0.469999
v 8.441171 -1.986084 0.469999
v 8.459248 -1.941322 0.469999
v 8.473673 -1.891812 0.469999
v 8.537405 -1.939476 0.469999
v 8.601604 -1.982841 0.469999
v 8.666228 -2.021928 0.469999
v 8.731231 -2.056761 0.469999
v 8.796566 -2.087363 0.469999
v 8.862190 -2.113755 0.469999
v 8.928060 -2.135961 0.469999
v 8.994127 -2.154004 0.469999
v 9.060349 -2.167906 0.469999
v 9.126681 -2.177691 0.469999
v 9.193077 -2.183380 0.469999
v 9.259494 -2.184998 0.469999
v 9.363304 -2.177508 0.469999
v 9.460602 -2.157055 0.469999
v 9.550895 -2.124676 0.469999
v 9.633697 -2.081410 0.469999
v 9.708519 -2.028295 0.470000
v 9.774871 -1.966367 0.470000
v 9.832266 -1.896666 0.470000
v 9.880216 -1.820229 0.470000
v 9.918231 -1.738094 0.470000
v 9.945824 -1.651299 0.470000
v 9.962504 -1.560881 0.470000
v 9.967785 -1.467880 0.469999
v 9.956347 -1.331925 0.469999
v 9.925161 -1.211459 0.469999
v 9.876245 -1.105095 0.469999
v 9.811613 -1.011451 0.469999
v 9.733284 -0.929140 0.469999
v 9.643272 -0.856778 0.469999
v 9.543594 -0.792980 0.469999
v 9.436266 -0.736361 0.469999
v 9.323305 -0.685537 0.469999
v 9.206726 -0.639122 0.469999
v 9.088547 -0.595732 0.469999
v 8.970781 -0.553981 0.469999
v 8.457807 -0.375735 0.469999
v 8.456843 -0.220236 0.469999
v 8.459955 -0.133922 0.469999
v 8.470407 -0.056247 0.469999
v 8.488202 0.013014 0.469999
v 8.513336 0.074086 0.469999
v 8.545809 0.127195 0.469999
v 8.585619 0.172565 0.469999
v 8.632765 0.210420 0.469999
v 8.687246 0.240987 0.469999
v 8.749060 0.264490 0.469999
v 8.818205 0.281154 0.469999
v 8.894680 0.291204 0.469999
v 8.978484 0.294865 0.469999
v 9.057978 0.292234 0.469999
v 9.137600 0.283282 0.469999
v 9.217173 0.267895 0.469999
v 9.296516 0.245960 0.469999
v 9.375452 0.217362 0.469999
v 9.453798 0.181990 0.469999
v 9.531378 0.139728 0.469999
v 9.608009 0.090463 0.469999
v 9.683517 0.034083 0.469999
v 9.757719 -0.029528 0.469999
v 9.830436 -0.100482 0.469999
v 9.901489 -0.178894 0.469999
v 9.897598 0.449582 0.469999
v 9.838615 0.512800 0.469999
v 9.775843 0.570347 0.469999
v 9.709234 0.622246 0.469999
v 9.638747 0.668519 0.469999
v 9.564335 0.709188 0.469999
v 9.485952 0.744275 0.469999
v 9.403555 0.773803 0.469999
v 9.317097 0.797795 0.469999
v 9.226534 0.816271 0.469999
v 9.131821 0.829254 0.469999
v 9.032910 0.836767 0.469999
v 8.929760 0.838832 0.469999
v 8.785164 0.831690 0.469999
v 8.646965 0.811943 0.469999
v 8.516360 0.779375 0.469999
v 8.394544 0.733768 0.469999
v 8.282707 0.674903 0.469999
v 8.182046 0.602564 0.469999
v 8.093753 0.516533 0.469999
v 8.019022 0.416593 0.469999
v 7.959048 0.302524 0.469999
v 7.915024 0.174112 0.469999
v 7.888143 0.031136 0.469999
v 7.879599 -0.126619 0.469999
v 7.888866 -1.623299 0.469999
v 7.888221 -1.649374 0.469999
v 7.885961 -1.672602 0.469999
v 7.882109 -1.693095 0.469999
v 7.876689 -1.710966 0.469999
v 7.869724 -1.726326 0.469999
v 7.861236 -1.739289 0.469999
v 7.851249 -1.749966 0.469999
v 7.839787 -1.758470 0.469999
v 7.826872 -1.764913 0.469999
v 7.812528 -1.769408 0.469999
v 7.796777 -1.772066 0.469999
v 7.779643 -1.773001 0.469999
v 7.763870 -1.771895 0.469999
v 7.745810 -1.768441 0.469999
v 7.725619 -1.762705 0.469999
v 7.703459 -1.754755 0.469999
v 7.679485 -1.744655 0.469999
v 7.653855 -1.732474 0.469999
v 7.626729 -1.718277 0.469999
v 7.598263 -1.702131 0.469999
v 7.568615 -1.684103 0.469999
v 7.537944 -1.664258 0.469999
v 7.506407 -1.642664 0.469999
v 7.474162 -1.619387 0.469999
v 7.476328 -1.969261 0.469999
v 8.581577 -0.734675 0.469999
v 8.699427 -0.776770 0.469999
v 8.812064 -0.820112 0.469999
v 8.918234 -0.865317 0.469999
v 9.016680 -0.912999 0.469999
v 9.106146 -0.963774 0.469999
v 9.185375 -1.018257 0.469999
v 9.253113 -1.077063 0.469999
v 9.308104 -1.140808 0.469999
v 9.349089 -1.210106 0.469999
v 9.374813 -1.285573 0.469999
v 9.384022 -1.367825 0.469999
v 9.380802 -1.426238 0.469999
v 9.370657 -1.481386 0.469999
v 9.353964 -1.532931 0.469999
v 9.331104 -1.580532 0.469999
v 9.302459 -1.623849 0.469999
v 9.268408 -1.662542 0.469999
v 9.229332 -1.696272 0.469999
v 9.185611 -1.724699 0.469999
v 9.137625 -1.747483 0.469999
v 9.085754 -1.764284 0.469999
v 9.030382 -1.774762 0.469999
v 8.971885 -1.778578 0.469999
v 8.926788 -1.776986 0.469999
v 8.882211 -1.771724 0.469999
v 8.838150 -1.762903 0.469999
v 8.794609 -1.750638 0.469999
v 8.751587 -1.735040 0.469999
v 8.709084 -1.716221 0.469999
v 8.667102 -1.694294 0.469999
v 8.625641 -1.669372 0.469999
v 8.584703 -1.641567 0.469999
v 8.544287 -1.610991 0.469999
v 8.504395 -1.577758 0.469999
v 8.465028 -1.541979 0.469999
v 8.459772 -0.693212 0.469999
v 10.718142 -1.874705 0.470000
v 10.859997 -1.929111 0.470000
v 10.998935 -1.977416 0.470000
v 11.135812 -2.019794 0.470000
v 11.271483 -2.056421 0.470000
v 11.406805 -2.087470 0.470000
v 11.542633 -2.113116 0.470000
v 11.679824 -2.133535 0.470000
v 11.819234 -2.148900 0.470000
v 11.961718 -2.159387 0.470000
v 12.108131 -2.165169 0.470000
v 12.259333 -2.166423 0.470000
v 12.589952 -2.145012 0.470000
v 12.903265 -2.086362 0.470000
v 13.197058 -1.992557 0.470000
v 13.469114 -1.865680 0.470000
v 13.717222 -1.707813 0.470000
v 13.939166 -1.521042 0.470000
v 14.132730 -1.307448 0.470000
v 14.295703 -1.069117 0.470000
v 14.425868 -0.808131 0.470000
v 14.521012 -0.526574 0.470000
v 14.578919 -0.226529 0.470000
v 14.597377 0.089920 0.470000
v 14.574481 0.408494 0.470000
v 14.511456 0.711499 0.470000
v 14.410746 0.996587 0.470000
v 14.274794 1.261411 0.470000
v 14.106045 1.503624 0.470000
v 13.906943 1.720879 0.470000
v 13.679934 1.910830 0.470000
v 13.427460 2.071126 0.470000
v 13.151967 2.199425 0.470000
v 12.855898 2.293376 0.470000
v 12.541698 2.350634 0.470000
v 12.211812 2.368850 0.470000
v 12.085199 2.366241 0.470000
v 11.963402 2.359723 0.470000
v 11.844737 2.348860 0.469999
v 11.727519 2.333215 0.469999
v 11.610064 2.312348 0.469999
v 11.490685 2.285823 0.469999
v 11.367701 2.253201 0.469999
v 11.239424 2.214044 0.469999
v 11.104171 2.167914 0.469999
v 10.960257 2.114374 0.469999
v 10.805998 2.052986 0.469999
v 10.639709 1.983311 0.469999
v 10.643681 1.341877 0.469999
v 10.773231 1.411111 0.469999
v 10.903534 1.474634 0.469999
v 11.034504 1.532402 0.469999
v 11.166050 1.584369 0.469999
v 11.298081 1.630490 0.469999
v 11.430510 1.670719 0.469999
v 11.563245 1.705010 0.470000
v 11.696198 1.733318 0.470000
v 11.829276 1.755597 0.470000
v 11.962393 1.771802 0.470000
v 12.095458 1.781888 0.470000
v 12.228381 1.785808 0.470000
v 12.463440 1.772303 0.470000
v 12.687923 1.729980 0.470000
v 12.899975 1.660582 0.470000
v 13.097740 1.565853 0.470000
v 13.279364 1.447537 0.470000
v 13.442988 1.307376 0.470000
v 13.586760 1.147114 0.470000
v 13.708821 0.968494 0.470000
v 13.807319 0.773260 0.470000
v 13.880395 0.563155 0.470000
v 13.926195 0.339922 0.470000
v 13.942864 0.105305 0.470000
v 13.929210 -0.134689 0.470000
v 13.886180 -0.361321 0.470000
v 13.815250 -0.573187 0.470000
v 13.717899 -0.768884 0.470000
v 13.595602 -0.947007 0.470000
v 13.449833 -1.106152 0.470000
v 13.282071 -1.244915 0.470000
v 13.093791 -1.361892 0.470000
v 12.886469 -1.455680 0.470000
v 12.661581 -1.524873 0.470000
v 12.420605 -1.568069 0.470000
v 12.165014 -1.583863 0.470000
v 12.079816 -1.582804 0.470000
v 11.995858 -1.578701 0.470000
v 11.913054 -1.571755 0.470000
v 11.831312 -1.562171 0.470000
v 11.750546 -1.550151 0.470000
v 11.670664 -1.535898 0.470000
v 11.591581 -1.519616 0.470000
v 11.513206 -1.501507 0.470000
v 11.435452 -1.481774 0.470000
v 11.358228 -1.460620 0.470000
v 11.281446 -1.438249 0.470000
v 11.205019 -1.414864 0.470000
v 11.199402 -0.507785 0.470000
v 12.048168 -0.502529 0.470000
v 12.044639 0.067635 0.470000
v 10.560917 0.058447 0.469999
v 10.572512 -1.814022 0.470000
v 10.718142 -1.874705 0.470000
v 10.718142 -1.874705 -0.470000
v 10.859997 -1.929111 0.470000
v 10.859997 -1.929111 -0.470000
v 10.998935 -1.977416 0.470000
v 10.998935 -1.977416 -0.470000
v 11.135812 -2.019794 0.470000
v 11.135812 -2.019794 -0.470000
v 11.271483 -2.056421 0.470000
v 11.271483 -2.056421 -0.470000
v 11.406805 -2.087470 0.470000
v 11.406805 -2.087470 -0.470000
v 11.542633 -2.113116 0.470000
v 11.542633 -2.113116 -0.470000
v 11.679824 -2.133535 0.470000
v 11.679824 -2.133535 -0.470000
v 11.819234 -2.148900 0.470000
v 11.819234 -2.148900 -0.470000
v 11.961718 -2.159387 0.470000
v 11.961718 -2.159387 -0.470000
v 12.108131 -2.165169 0.470000
v 12.108131 -2.165169 -0.470000
v 12.259333 -2.166423 0.470000
v 12.259333 -2.166423 -0.470000
v 12.589952 -2.145012 0.470000
v 12.589952 -2.145012 -0.470000
v 12.903265 -2.086362 0.470000
v 12.903265 -2.086363 -0.470000
v 13.197058 -1.992557 0.470000
v 13.197058 -1.992557 -0.470000
v 13.469114 -1.865680 0.470000
v 13.469114 -1.865680 -0.470000
v 13.717222 -1.707813 0.470000
v 13.717222 -1.707813 -0.470000
v 13.939166 -1.521042 0.470000
v 13.939166 -1.521042 -0.470000
v 14.132730 -1.307448 0.470000
v 14.132730 -1.307448 -0.470000
v 14.295703 -1.069117 0.470000
v 14.295703 -1.069117 -0.470000
v 14.425868 -0.808131 0.470000
v 14.425868 -0.808131 -0.470000
v 14.521012 -0.526574 0.470000
v 14.521012 -0.526574 -0.470000
v 14.578919 -0.226529 0.470000
v 14.578919 -0.226529 -0.470000
v 14.597377 0.089920 0.470000
v 14.597377 0.089920 -0.470000
v 14.574481 0.408494 0.470000
v 14.574481 0.408494 -0.470000
v 14.511456 0.711499 0.470000
v 14.511456 0.711499 -0.470000
v 14.410746 0.996587 0.470000
v 14.410746 0.996587 -0.470000
v 14.274794 1.261411 0.470000
v 14.274794 1.261411 -0.470000
v 14.106045 1.503624 0.470000
v 14.106045 1.503624 -0.470000
v 13.906943 1.720879 0.470000
v 13.906943 1.720879 -0.470000
v 13.679934 1.910830 0.470000
v 13.679934 1.910830 -0.470000
v 13.427460 2.071126 0.470000
v 13.427460 2.071126 -0.470000
v 13.151967 2.199425 0.470000
v 13.151967 2.199425 -0.470000
v 12.855898 2.293376 0.470000
v 12.855898 2.293376 -0.470000
v 12.541698 2.350634 0.470000
v 12.541698 2.350634 -0.470000
v 12.211812 2.368850 0.470000
v 12.211812 2.368850 -0.470000
v 12.085199 2.366241 0.470000
v 12.085199 2.366241 -0.470000
v 11.963402 2.359723 0.470000
v 11.963402 2.359723 -0.470000
v 11.844737 2.348860 0.469999
v 11.844737 2.348860 -0.470000
v 11.727519 2.333215 0.469999
v 11.727519 2.333215 -0.470000
v 11.610064 2.312348 0.469999
v 11.610064 2.312348 -0.470000
v 11.490685 2.285823 0.469999
v 11.490685 2.285823 -0.470000
v 11.367701 2.253201 0.469999
v 11.367701 2.253201 -0.470000
v 11.239424 2.214044 0.469999
v 11.239424 2.214044 -0.470000
v 11.104171 2.167914 0.469999
v 11.104171 2.167914 -0.470001
v 10.960257 2.114374 0.469999
v 10.960257 2.114374 -0.470001
v 10.805998 2.052986 0.469999
v 10.805998 2.052986 -0.470001
v 10.639709 1.983311 0.469999
v 10.639709 1.983311 -0.470001
v 10.643681 1.341877 0.469999
v 10.643681 1.341877 -0.470001
v 10.773231 1.411111 0.469999
v 10.773231 1.411111 -0.470000
v 10.903534 1.474634 0.469999
v 10.903534 1.474634 -0.470000
v 11.034504 1.532402 0.469999
v 11.034504 1.532402 -0.470000
v 11.166050 1.584369 0.469999
v 11.166050 1.584369 -0.470000
v 11.298081 1.630490 0.469999
v 11.298081 1.630490 -0.470000
v 11.430510 1.670719 0.469999
v 11.430510 1.670719 -0.470000
v 11.563245 1.705010 0.470000
v 11.563245 1.705010 -0.470000
v 11.696198 1.733318 0.470000
v 11.696198 1.733318 -0.470000
v 11.829276 1.755597 0.470000
v 11.829276 1.755597 -0.470000
v 11.962393 1.771802 0.470000
v 11.962393 1.771802 -0.470000
v 12.095458 1.781888 0.470000
v 12.095458 1.781888 -0.470000
v 12.228381 1.785808 0.470000
v 12.228381 1.785808 -0.470000
v 12.463440 1.772303 0.470000
v 12.463440 1.772303 -0.470000
v 12.687923 1.729980 0.470000
v 12.687923 1.729980 -0.470000
v 12.899975 1.660582 0.470000
v 12.899975 1.660582 -0.470000
v 13.097740 1.565853 0.470000
v 13.097740 1.565853 -0.470000
v 13.279364 1.447537 0.470000
v 13.279364 1.447537 -0.470000
v 13.442988 1.307376 0.470000
v 13.442988 1.307376 -0.470000
v 13.586760 1.147114 0.470000
v 13.586760 1.147114 -0.470000
v 13.708821 0.968494 0.470000
v 13.708821 0.968494 -0.470000
v 13.807319 0.773260 0.470000
v 13.807319 0.773260 -0.470000
v 13.880395 0.563155 0.470000
v 13.880395 0.563155 -0.470000
v 13.926195 0.339922 0.470000
v 13.926195 0.339922 -0.470000
v 13.942864 0.105305 0.470000
v 13.942864 0.105305 -0.470000
v 13.929210 -0.134689 0.470000
v 13.929210 -0.134689 -0.470000
v 13.886180 -0.361321 0.470000
v 13.886180 -0.361321 -0.470000
v 13.815250 -0.573187 0.470000
v 13.815250 -0.573187 -0.470000
v 13.717899 -0.768884 0.470000
v 13.717899 -0.768884 -0.470000
v 13.595602 -0.947007 0.470000
v 13.595602 -0.947007 -0.470000
v 13.449833 -1.106152 0.470000
v 13.449833 -1.106152 -0.470000
v 13.282071 -1.244915 0.470000
v 13.282071 -1.244915 -0.470000
v 13.093791 -1.361892 0.470000
v 13.093791 -1.361892 -0.470000
v 12.886469 -1.455680 0.470000
v 12.886469 -1.455680 -0.470000
v 12.661581 -1.524873 0.470000
v 12.661581 -1.524873 -0.470000
v 12.420605 -1.568069 0.470000
v 12.420605 -1.568069 -0.470000
v 12.165014 -1.583863 0.470000
v 12.165014 -1.583863 -0.470000
v 12.079816 -1.582804 0.470000
v 12.079816 -1.582804 -0.470000
v 11.995858 -1.578701 0.470000
v 11.995858 -1.578701 -0.470000
v 11.913054 -1.571755 0.470000
v 11.913054 -1.571755 -0.470000
v 11.831312 -1.562171 0.470000
v 11.831312 -1.562171 -0.470000
v 11.750546 -1.550151 0.470000
v 11.750546 -1.550151 -0.470000
v 11.670664 -1.535898 0.470000
v 11.670664 -1.535898 -0.470000
v 11.591581 -1.519616 0.470000
v 11.591581 -1.519616 -0.470000
v 11.513206 -1.501507 0.470000
v 11.513206 -1.501507 -0.470000
v 11.435452 -1.481774 0.470000
v 11.435452 -1.481774 -0.470000
v 11.358228 -1.460620 0.470000
v 11.358228 -1.460620 -0.470000
v 11.281446 -1.438249 0.470000
v 11.281446 -1.438249 -0.470000
v 11.205019 -1.414864 0.470000
v 11.205019 -1.414864 -0.470000
v 11.199402 -0.507785 0.470000
v 11.199402 -0.507785 -0.470000
v 12.048168 -0.502529 0.470000
v 12.048168 -0.502529 -0.470000
v 12.044639 0.067635 0.470000
v 12.044639 0.067635 -0.470000
v 10.560917 0.058447 0.469999
v 10.560917 0.058447 -0.470000
v 10.572512 -1.814022 0.470000
v 10.572512 -1.814022 -0.470000
v 7.539886 -2.010079 0.469999
v 7.539886 -2.010079 -0.470001
v 7.597722 -2.046052 0.469999
v 7.597722 -2.046052 -0.470001
v 7.650625 -2.077420 0.469999
v 7.650625 -2.077420 -0.470001
v 7.699384 -2.104426 0.469999
v 7.699384 -2.104427 -0.470001
v 7.744787 -2.127314 0.469999
v 7.744787 -2.127314 -0.470001
v 7.787624 -2.146326 0.469999
v 7.787624 -2.146326 -0.470001
v 7.828685 -2.161704 0.469999
v 7.828685 -2.161704 -0.470001
v 7.868756 -2.173691 0.469999
v 7.868756 -2.173691 -0.470001
v 7.908628 -2.182529 0.469999
v 7.908628 -2.182529 -0.470001
v 7.949090 -2.188462 0.469999
v 7.949090 -2.188462 -0.470001
v 7.990930 -2.191731 0.469999
v 7.990930 -2.191731 -0.470001
v 8.034937 -2.192580 0.469999
v 8.034937 -2.192580 -0.470001
v 8.095686 -2.190299 0.469999
v 8.095686 -2.190299 -0.470001
v 8.151664 -2.184178 0.469999
v 8.151664 -2.184178 -0.470001
v 8.202984 -2.174126 0.469999
v 8.202984 -2.174126 -0.470001
v 8.249756 -2.160053 0.469999
v 8.249756 -2.160053 -0.470001
v 8.292093 -2.141868 0.469999
v 8.292093 -2.141868 -0.470001
v 8.330107 -2.119479 0.469999
v 8.330107 -2.119479 -0.470001
v 8.363910 -2.092798 0.469999
v 8.363910 -2.092798 -0.470001
v 8.393614 -2.061732 0.469999
v 8.393614 -2.061732 -0.470001
v 8.419331 -2.026191 0.469999
v 8.419331 -2.026191 -0.470001
v 8.441171 -1.986084 0.469999
v 8.441171 -1.986084 -0.470001
v 8.459248 -1.941322 0.469999
v 8.459248 -1.941322 -0.470001
v 8.473673 -1.891812 0.469999
v 8.473673 -1.891812 -0.470001
v 8.537405 -1.939476 0.469999
v 8.537405 -1.939476 -0.470001
v 8.601604 -1.982841 0.469999
v 8.601604 -1.982841 -0.470001
v 8.666228 -2.021928 0.469999
v 8.666228 -2.021928 -0.470001
v 8.731231 -2.056761 0.469999
v 8.731231 -2.056761 -0.470001
v 8.796566 -2.087363 0.469999
v 8.796566 -2.087363 -0.470001
v 8.862190 -2.113755 0.469999
v 8.862190 -2.113755 -0.470001
v 8.928060 -2.135961 0.469999
v 8.928060 -2.135961 -0.470001
v 8.994127 -2.154004 0.469999
v 8.994127 -2.154004 -0.470000
v 9.060349 -2.167906 0.469999
v 9.060349 -2.167906 -0.470000
v 9.126681 -2.177691 0.469999
v 9.126681 -2.177691 -0.470000
v 9.193077 -2.183380 0.469999
v 9.193077 -2.183380 -0.470000
v 9.259494 -2.184998 0.469999
v 9.259494 -2.184998 -0.470000
v 9.363304 -2.177508 0.469999
v 9.363304 -2.177508 -0.470000
v 9.460602 -2.157055 0.469999
v 9.460602 -2.157055 -0.470000
v 9.550895 -2.124676 0.469999
v 9.550895 -2.124676 -0.470000
v 9.633697 -2.081410 0.469999
v 9.633697 -2.081410 -0.470000
v 9.708519 -2.028295 0.470000
v 9.708519 -2.028295 -0.470000
v 9.774871 -1.966367 0.470000
v 9.774871 -1.966367 -0.470000
v 9.832266 -1.896666 0.470000
v 9.832266 -1.896666 -0.470000
v 9.880216 -1.820229 0.470000
v 9.880216 -1.820229 -0.470000
v 9.918231 -1.738094 0.470000
v 9.918231 -1.738094 -0.470000
v 9.945824 -1.651299 0.470000
v 9.945824 -1.651299 -0.470000
v 9.962504 -1.560881 0.470000
v 9.962504 -1.560881 -0.470000
v 9.967785 -1.467880 0.469999
v 9.967785 -1.467880 -0.470000
v 9.956347 -1.331925 0.469999
v 9.956347 -1.331925 -0.470000
v 9.925161 -1.211459 0.469999
v 9.925161 -1.211459 -0.470000
v 9.876245 -1.105095 0.469999
v 9.876245 -1.105095 -0.470000
v 9.811613 -1.011451 0.469999
v 9.811613 -1.011451 -0.470000
v 9.733284 -0.929140 0.469999
v 9.733284 -0.929140 -0.470000
v 9.643272 -0.856778 0.469999
v 9.643272 -0.856778 -0.470000
v 9.543594 -0.792980 0.469999
v 9.543594 -0.792980 -0.470001
v 9.436266 -0.736361 0.469999
v 9.436266 -0.736361 -0.470001
v 9.323305 -0.685537 0.469999
v 9.323305 -0.685537 -0.470001
v 9.206726 -0.639122 0.469999
v 9.206726 -0.639122 -0.470001
v 9.088547 -0.595732 0.469999
v 9.088547 -0.595732 -0.470001
v 8.970781 -0.553981 0.469999
v 8.970781 -0.553981 -0.470001
v 8.457807 -0.375735 0.469999
v 8.457807 -0.375735 -0.470001
v 8.456843 -0.220236 0.469999
v 8.456843 -0.220236 -0.470001
v 8.459955 -0.133922 0.469999
v 8.459955 -0.133922 -0.470001
v 8.470407 -0.056247 0.469999
v 8.470407 -0.056247 -0.470001
v 8.488202 0.013014 0.469999
v 8.488202 0.013014 -0.470001
v 8.513336 0.074086 0.469999
v 8.513336 0.074086 -0.470001
v 8.545809 0.127195 0.469999
v 8.545809 0.127195 -0.470001
v 8.585619 0.172565 0.469999
v 8.585619 0.172565 -0.470001
v 8.632765 0.210420 0.469999
v 8.632765 0.210420 -0.470001
v 8.687246 0.240987 0.469999
v 8.687246 0.240987 -0.470001
v 8.749060 0.264490 0.469999
v 8.749060 0.264490 -0.470001
v 8.818205 0.281154 0.469999
v 8.818205 0.281154 -0.470001
v 8.894680 0.291204 0.469999
v 8.894680 0.291204 -0.470001
v 8.978484 0.294865 0.469999
v 8.978484 0.294865 -0.470001
v 9.057978 0.292234 0.469999
v 9.057978 0.292234 -0.470001
v 9.137600 0.283282 0.469999
v 9.137600 0.283282 -0.470001
v 9.217173 0.267895 0.469999
v 9.217173 0.267895 -0.470001
v 9.296516 0.245960 0.469999
v 9.296516 0.245960 -0.470001
v 9.375452 0.217362 0.469999
v 9.375452 0.217362 -0.470001
v 9.453798 0.181990 0.469999
v 9.453798 0.181990 -0.470001
v 9.531378 0.139728 0.469999
v 9.531378 0.139728 -0.470001
v 9.608009 0.090463 0.469999
v 9.608009 0.090463 -0.470001
v 9.683517 0.034083 0.469999
v 9.683517 0.034083 -0.470001
v 9.757719 -0.029528 0.469999
v 9.757719 -0.029528 -0.470001
v 9.830436 -0.100482 0.469999
v 9.830436 -0.100482 -0.470001
v 9.901489 -0.178894 0.469999
v 9.901489 -0.178894 -0.470001
v 9.897598 0.449582 0.469999
v 9.897598 0.449582 -0.470001
v 9.838615 0.512800 0.469999
v 9.838615 0.512800 -0.470001
v 9.775843 0.570347 0.469999
v 9.775843 0.570347 -0.470001
v 9.709234 0.622246 0.469999
v 9.709234 0.622246 -0.470001
v 9.638747 0.668519 0.469999
v 9.638747 0.668519 -0.470001
v 9.564335 0.709188 0.469999
v 9.564335 0.709188 -0.470001
v 9.485952 0.744275 0.469999
v 9.485952 0.744275 -0.470001
v 9.403555 0.773803 0.469999
v 9.403555 0.773803 -0.470001
v 9.317097 0.797795 0.469999
v 9.317097 0.797795 -0.470001
v 9.226534 0.816271 0.469999
v 9.226534 0.816271 -0.470001
v 9.131821 0.829254 0.469999
v 9.131821 0.829254 -0.470001
v 9.032910 0.836767 0.469999
v 9.032910 0.836767 -0.470001
v 8.929760 0.838832 0.469999
v 8.929760 0.838832 -0.470001
v 8.785164 0.831690 0.469999
v 8.785164 0.831690 -0.470001
v 8.646965 0.811943 0.469999
v 8.646965 0.811943 -0.470001
v 8.516360 0.779375 0.469999
v 8.516360 0.779375 -0.470001
v 8.394544 0.733768 0.469999
v 8.394544 0.733768 -0.470001
v 8.282707 0.674903 0.469999
v 8.282707 0.674903 -0.470001
v 8.182046 0.602564 0.469999
v 8.182046 0.602564 -0.470001
v 8.093753 0.516533 0.469999
v 8.093753 0.516533 -0.470001
v 8.019022 0.416593 0.469999
v 8.019022 0.416593 -0.470001
v 7.959048 0.302524 0.469999
v 7.959048 0.302524 -0.470001
v 7.915024 0.174112 0.469999
v 7.915024 0.174112 -0.470001
v 7.888143 0.031136 0.469999
v 7.888143 0.031136 -0.470001
v 7.879599 -0.126619 0.469999
v 7.879599 -0.126619 -0.470001
v 7.888866 -1.623299 0.469999
v 7.888866 -1.623299 -0.470001
v 7.888221 -1.649374 0.469999
v 7.888221 -1.649374 -0.470001
v 7.885961 -1.672602 0.469999
v 7.885961 -1.672602 -0.470001
v 7.882109 -1.693095 0.469999
v 7.882109 -1.693095 -0.470001
v 7.876689 -1.710966 0.469999
v 7.876689 -1.710966 -0.470001
v 7.869724 -1.726326 0.469999
v 7.869724 -1.726326 -0.470001
v 7.861236 -1.739289 0.469999
v 7.861236 -1.739289 -0.470001
v 7.851249 -1.749966 0.469999
v 7.851249 -1.749966 -0.470001
v 7.839787 -1.758470 0.469999
v 7.839787 -1.758470 -0.470001
v 7.826872 -1.764913 0.469999
v 7.826872 -1.764913 -0.470001
v 7.812528 -1.769408 0.469999
v 7.812528 -1.769408 -0.470001
v 7.796777 -1.772066 0.469999
v 7.796777 -1.772066 -0.470001
v 7.779643 -1.773001 0.469999
v 7.779643 -1.773001 -0.470001
v 7.763870 -1.771895 0.469999
v 7.763870 -1.771895 -0.470001
v 7.745810 -1.768441 0.469999
v 7.745810 -1.768441 -0.470001
v 7.725619 -1.762705 0.469999
v 7.725619 -1.762705 -0.470001
v 7.703459 -1.754755 0.469999
v 7.703459 -1.754755 -0.470001
v 7.679485 -1.744655 0.469999
v 7.679485 -1.744655 -0.470001
v 7.653855 -1.732474 0.469999
v 7.653855 -1.732474 -0.470001
v 7.626729 -1.718277 0.469999
v 7.626729 -1.718277 -0.470001
v 7.598263 -1.702131 0.469999
v 7.598263 -1.702131 -0.470001
v 7.568615 -1.684103 0.469999
v 7.568615 -1.684103 -0.470001
v 7.537944 -1.664258 0.469999
v 7.537944 -1.664258 -0.470001
v 7.506407 -1.642664 0.469999
v 7.506407 -1.642664 -0.470001
v 7.474162 -1.619387 0.469999
v 7.474162 -1.619388 -0.470001
v 7.476328 -1.969261 0.469999
v 7.476328 -1.969261 -0.470001
v 8.581577 -0.734675 0.469999
v 8.581577 -0.734675 -0.470001
v 8.699427 -0.776770 0.469999
v 8.699427 -0.776770 -0.470001
v 8.812064 -0.820112 0.469999
v 8.812064 -0.820112 -0.470001
v 8.918234 -0.865317 0.469999
v 8.918234 -0.865317 -0.470001
v 9.016680 -0.912999 0.469999
v 9.016680 -0.912999 -0.470001
v 9.106146 -0.963774 0.469999
v 9.106146 -0.963774 -0.470001
v 9.185375 -1.018257 0.469999
v 9.185375 -1.018257 -0.470001
v 9.253113 -1.077063 0.469999
v 9.253113 -1.077063 -0.470001
v 9.308104 -1.140808 0.469999
v 9.308104 -1.140808 -0.470001
v 9.349089 -1.210106 0.469999
v 9.349089 -1.210106 -0.470001
v 9.374813 -1.285573 0.469999
v 9.374813 -1.285573 -0.470001
v 9.384022 -1.367825 0.469999
v 9.384022 -1.367825 -0.470000
v 9.380802 -1.426238 0.469999
v 9.380802 -1.426238 -0.470000
v 9.370657 -1.481386 0.469999
v 9.370657 -1.481386 -0.470000
v 9.353964 -1.532931 0.469999
v 9.353964 -1.532931 -0.470000
v 9.331104 -1.580532 0.469999
v 9.331104 -1.580532 -0.470000
v 9.302459 -1.623849 0.469999
v 9.302459 -1.623849 -0.470000
v 9.268408 -1.662542 0.469999
v 9.268408 -1.662542 -0.470000
v 9.229332 -1.696272 0.469999
v 9.229332 -1.696272 -0.470000
v 9.185611 -1.724699 0.469999
v 9.185611 -1.724699 -0.470000
v 9.137625 -1.747483 0.469999
v 9.137625 -1.747483 -0.470001
v 9.085754 -1.764284 0.469999
v 9.085754 -1.764284 -0.470001
v 9.030382 -1.774762 0.469999
v 9.030382 -1.774762 -0.470001
v 8.971885 -1.778578 0.469999
v 8.971885 -1.778578 -0.470001
v 8.926788 -1.776986 0.469999
v 8.926788 -1.776986 -0.470001
v 8.882211 -1.771724 0.469999
v 8.882211 -1.771724 -0.470001
v 8.838150 -1.762903 0.469999
v 8.838150 -1.762903 -0.470001
v 8.794609 -1.750638 0.469999
v 8.794609 -1.750638 -0.470001
v 8.751587 -1.735040 0.469999
v 8.751587 -1.735040 -0.470001
v 8.709084 -1.716221 0.469999
v 8.709084 -1.716221 -0.470001
v 8.667102 -1.694294 0.469999
v 8.667102 -1.694294 -0.470001
v 8.625641 -1.669372 0.469999
v 8.625641 -1.669372 -0.470001
v 8.584703 -1.641567 0.469999
v 8.584703 -1.641567 -0.470001
v 8.544287 -1.610991 0.469999
v 8.544287 -1.610991 -0.470001
v 8.504395 -1.577758 0.469999
v 8.504395 -1.577758 -0.470001
v 8.465028 -1.541979 0.469999
v 8.465028 -1.541979 -0.470001
v 8.459772 -0.693212 0.469999
v 8.459772 -0.693212 -0.470001
v 6.399147 0.382564 0.469999
v 6.399147 0.382564 -0.470001
v 6.324594 0.453383 0.469999
v 6.324594 0.453383 -0.470001
v 6.250844 0.517773 0.469999
v 6.250844 0.517773 -0.470001
v 6.177854 0.575778 0.469999
v 6.177854 0.575778 -0.470001
v 6.105579 0.627443 0.469999
v 6.105579 0.627443 -0.470001
v 6.033973 0.672813 0.469999
v 6.033973 0.672813 -0.470001
v 5.962990 0.711932 0.469999
v 5.962990 0.711932 -0.470001
v 5.892585 0.744845 0.469999
v 5.892585 0.744845 -0.470001
v 5.822714 0.771598 0.469999
v 5.822714 0.771598 -0.470001
v 5.753329 0.792234 0.469999
v 5.753329 0.792234 -0.470001
v 5.684388 0.806798 0.469999
v 5.684388 0.806798 -0.470001
v 5.615845 0.815335 0.469999
v 5.615845 0.815335 -0.470001
v 5.547652 0.817890 0.469999
v 5.547652 0.817890 -0.470001
v 5.456724 0.813559 0.469999
v 5.456724 0.813559 -0.470001
v 5.368699 0.801754 0.469999
v 5.368699 0.801754 -0.470001
v 5.283734 0.782543 0.469999
v 5.283734 0.782543 -0.470001
v 5.201988 0.755995 0.469999
v 5.201988 0.755995 -0.470001
v 5.123617 0.722179 0.469999
v 5.123617 0.722179 -0.470001
v 5.048777 0.681164 0.469999
v 5.048777 0.681164 -0.470001
v 4.977626 0.633017 0.469999
v 4.977626 0.633017 -0.470001
v 4.910320 0.577806 0.469999
v 4.910320 0.577806 -0.470001
v 4.847018 0.515601 0.469999
v 4.847018 0.515601 -0.470001
v 4.787875 0.446470 0.469999
v 4.787875 0.446470 -0.470001
v 4.733049 0.370482 0.469999
v 4.733049 0.370482 -0.470001
v 4.682698 0.287704 0.469999
v 4.682698 0.287704 -0.470001
v 4.617978 0.357519 0.469999
v 4.617978 0.357519 -0.470001
v 4.550913 0.424755 0.469999
v 4.550913 0.424755 -0.470001
v 4.481300 0.488735 0.469999
v 4.481300 0.488735 -0.470001
v 4.408948 0.548784 0.469999
v 4.408948 0.548784 -0.470001
v 4.333652 0.604225 0.469999
v 4.333652 0.604225 -0.470001
v 4.255219 0.654382 0.469999
v 4.255219 0.654382 -0.470001
v 4.173447 0.698579 0.469999
v 4.173447 0.698579 -0.470001
v 4.088138 0.736140 0.469999
v 4.088138 0.736140 -0.470001
v 3.999095 0.766388 0.469999
v 3.999095 0.766388 -0.470001
v 3.906120 0.788648 0.469999
v 3.906120 0.788648 -0.470001
v 3.809014 0.802243 0.469999
v 3.809014 0.802243 -0.470001
v 3.707579 0.806496 0.469999
v 3.707579 0.806496 -0.470001
v 3.564784 0.796291 0.469999
v 3.564784 0.796291 -0.470001
v 3.431573 0.768011 0.469999
v 3.431573 0.768011 -0.470001
v 3.308503 0.722426 0.469999
v 3.308503 0.722426 -0.470001
v 3.196133 0.660303 0.469999
v 3.196133 0.660303 -0.470001
v 3.095018 0.582412 0.469999
v 3.095018 0.582412 -0.470001
v 3.005718 0.489520 0.469999
v 3.005718 0.489520 -0.470001
v 2.928790 0.382396 0.469999
v 2.928790 0.382396 -0.470001
v 2.864792 0.261809 0.469999
v 2.864792 0.261809 -0.470001
v 2.814281 0.128527 0.469999
v 2.814281 0.128527 -0.470001
v 2.777815 -0.016683 0.469999
v 2.777815 -0.016683 -0.470001
v 2.755952 -0.173051 0.469999
v 2.755952 -0.173051 -0.470001
v 2.749249 -0.339809 0.469999
v 2.749249 -0.339809 -0.470001
v 2.760562 -2.166924 0.469999
v 2.760562 -2.166924 -0.470001
v 3.337205 -2.163354 0.469999
v 3.337205 -2.163354 -0.470001
v 3.326052 -0.362155 0.469999
v 3.326052 -0.362155 -0.470001
v 3.330941 -0.256182 0.469999
v 3.330941 -0.256182 -0.470001
v 3.346480 -0.158648 0.469999
v 3.346480 -0.158648 -0.470001
v 3.371924 -0.069691 0.469999
v 3.371924 -0.069691 -0.470001
v 3.406536 0.010548 0.469999
v 3.406536 0.010548 -0.470001
v 3.449572 0.081930 0.469999
v 3.449572 0.081930 -0.470001
v 3.500289 0.144316 0.469999
v 3.500289 0.144316 -0.470001
v 3.557947 0.197566 0.469999
v 3.557947 0.197566 -0.470001
v 3.621805 0.241539 0.469999
v 3.621805 0.241539 -0.470001
v 3.691120 0.276098 0.469999
v 3.691120 0.276098 -0.470001
v 3.765153 0.301101 0.469999
v 3.765153 0.301101 -0.470001
v 3.843160 0.316410 0.469999
v 3.843160 0.316410 -0.470001
v 3.924398 0.321885 0.469999
v 3.924398 0.321885 -0.470001
v 3.972671 0.320362 0.469999
v 3.972671 0.320362 -0.470001
v 4.023299 0.312238 0.469999
v 4.023299 0.312238 -0.470001
v 4.075901 0.297918 0.469999
v 4.075901 0.297918 -0.470001
v 4.130092 0.277803 0.469999
v 4.130092 0.277803 -0.470001
v 4.185486 0.252296 0.469999
v 4.185486 0.252296 -0.470001
v 4.241698 0.221799 0.469999
v 4.241698 0.221799 -0.470001
v 4.298344 0.186716 0.469999
v 4.298344 0.186716 -0.470001
v 4.355038 0.147449 0.469999
v 4.355038 0.147449 -0.470001
v 4.411395 0.104399 0.469999
v 4.411395 0.104399 -0.470001
v 4.467031 0.057971 0.469999
v 4.467031 0.057971 -0.470001
v 4.521560 0.008565 0.469999
v 4.521560 0.008565 -0.470001
v 4.574598 -0.043414 0.469999
v 4.574598 -0.043414 -0.470001
v 4.587677 -2.155611 0.469999
v 4.587677 -2.155611 -0.470001
v 5.164320 -2.152040 0.469999
v 5.164320 -2.152040 -0.470001
v 5.153127 -0.344362 0.469999
v 5.153127 -0.344362 -0.470001
v 5.157311 -0.231716 0.469999
v 5.157311 -0.231716 -0.470001
v 5.170878 -0.130103 0.469999
v 5.170878 -0.130103 -0.470001
v 5.193151 -0.039280 0.469999
v 5.193151 -0.039280 -0.470001
v 5.223454 0.040997 0.469999
v 5.223454 0.040997 -0.470001
v 5.261109 0.110970 0.469999
v 5.261109 0.110970 -0.470001
v 5.305442 0.170882 0.469999
v 5.305442 0.170882 -0.470001
v 5.355775 0.220978 0.469999
v 5.355775 0.220978 -0.470001
v 5.411430 0.261500 0.469999
v 5.411430 0.261500 -0.470001
v 5.471734 0.292691 0.469999
v 5.471734 0.292691 -0.470001
v 5.536009 0.314796 0.469999
v 5.536009 0.314796 -0.470001
v 5.603578 0.328057 0.469999
v 5.603578 0.328057 -0.470001
v 5.673764 0.332717 0.469999
v 5.673764 0.332717 -0.470001
v 5.744725 0.331211 0.469999
v 5.744725 0.331211 -0.470001
v 5.812156 0.325565 0.469999
v 5.812156 0.325565 -0.470001
v 5.876555 0.315446 0.469999
v 5.876555 0.315446 -0.470001
v 5.938418 0.300519 0.469999
v 5.938418 0.300519 -0.470001
v 5.998245 0.280451 0.469999
v 5.998245 0.280451 -0.470001
v 6.056531 0.254905 0.469999
v 6.056531 0.254905 -0.470001
v 6.113772 0.223549 0.469999
v 6.113772 0.223549 -0.470001
v 6.170465 0.186047 0.469999
v 6.170465 0.186047 -0.470001
v 6.227110 0.142066 0.469999
v 6.227110 0.142066 -0.470001
v 6.284202 0.091270 0.469999
v 6.284202 0.091270 -0.470001
v 6.342237 0.033327 0.469999
v 6.342237 0.033327 -0.470001
v 6.401714 -0.032100 0.469999
v 6.401714 -0.032100 -0.470001
v 6.414793 -2.144298 0.469999
v 6.414793 -2.144298 -0.470001
v 6.991436 -2.140727 0.469999
v 6.991436 -2.140727 -0.470001
v 6.973423 0.768404 0.469999
v 6.973423 0.768404 -0.470001
v 6.396780 0.764833 0.469999
v 6.396780 0.764833 -0.470001
v -0.374074 -1.956998 0.469999
v -0.374074 -1.956998 -0.470001
v -0.287477 -2.007135 0.469999
v -0.287477 -2.007135 -0.470001
v -0.200822 -2.052231 0.469999
v -0.200822 -2.052231 -0.470001
v -0.113386 -2.092329 0.469999
v -0.113386 -2.092329 -0.470001
v -0.024452 -2.127467 0.469999
v -0.024452 -2.127467 -0.470001
v 0.066701 -2.157687 0.469999
v 0.066701 -2.157687 -0.470001
v 0.160794 -2.183029 0.469999
v 0.160794 -2.183030 -0.470001
v 0.258547 -2.203535 0.469999
v 0.258547 -2.203535 -0.470001
v 0.360680 -2.219243 0.469999
v 0.360680 -2.219243 -0.470001
v 0.467913 -2.230196 0.469999
v 0.467913 -2.230196 -0.470001
v 0.580966 -2.236433 0.469999
v 0.580966 -2.236433 -0.470001
v 0.700560 -2.237994 0.469999
v 0.700560 -2.237994 -0.470001
v 0.918805 -2.221517 0.469999
v 0.918805 -2.221517 -0.470001
v 1.119778 -2.176484 0.469999
v 1.119778 -2.176484 -0.470001
v 1.303128 -2.105283 0.469999
v 1.303128 -2.105283 -0.470001
v 1.468514 -2.010300 0.469999
v 1.468514 -2.010300 -0.470001
v 1.615590 -1.893923 0.469999
v 1.615590 -1.893923 -0.470001
v 1.744009 -1.758538 0.469999
v 1.744009 -1.758538 -0.470001
v 1.853427 -1.606533 0.469999
v 1.853427 -1.606533 -0.470001
v 1.943500 -1.440293 0.469999
v 1.943500 -1.440293 -0.470001
v 2.013880 -1.262207 0.469999
v 2.013880 -1.262207 -0.470001
v 2.064224 -1.074661 0.469999
v 2.064224 -1.074661 -0.470001
v 2.094186 -0.880041 0.469999
v 2.094186 -0.880041 -0.470001
v 2.103422 -0.680736 0.469999
v 2.103422 -0.680736 -0.470001
v 2.090664 -0.466635 0.469999
v 2.090664 -0.466635 -0.470001
v 2.055853 -0.265630 0.469999
v 2.055853 -0.265630 -0.470001
v 2.000070 -0.078793 0.469999
v 2.000070 -0.078793 -0.470001
v 1.924405 0.092802 0.469999
v 1.924405 0.092802 -0.470001
v 1.829943 0.248082 0.469999
v 1.829943 0.248082 -0.470001
v 1.717771 0.385975 0.469999
v 1.717771 0.385975 -0.470001
v 1.588973 0.505405 0.469999
v 1.588973 0.505405 -0.470001
v 1.444637 0.605302 0.469999
v 1.444637 0.605302 -0.470001
v 1.285852 0.684591 0.469999
v 1.285852 0.684591 -0.470001
v 1.113702 0.742200 0.469999
v 1.113702 0.742200 -0.470001
v 0.929276 0.777054 0.469999
v 0.929276 0.777054 -0.470001
v 0.733656 0.788082 0.469999
v 0.733656 0.788082 -0.470001
v 0.546899 0.775977 0.469999
v 0.546899 0.775977 -0.470001
v 0.372627 0.741991 0.469999
v 0.372627 0.741991 -0.470001
v 0.211585 0.686039 0.469999
v 0.211585 0.686039 -0.470001
v 0.064515 0.608035 0.469999
v 0.064515 0.608035 -0.470001
v -0.067838 0.507895 0.469999
v -0.067838 0.507895 -0.470001
v -0.184732 0.385533 0.469999
v -0.184732 0.385533 -0.470001
v -0.285426 0.240863 0.469999
v -0.285426 0.240863 -0.470001
v -0.369176 0.073801 0.469999
v -0.369176 0.073801 -0.470001
v -0.435237 -0.115740 0.469999
v -0.435237 -0.115740 -0.470001
v -0.482867 -0.327845 0.469999
v -0.482867 -0.327845 -0.470001
v -0.511325 -0.562599 0.469999
v -0.511325 -0.562599 -0.470001
v -0.519865 -0.820087 0.469999
v -0.519865 -0.820087 -0.470001
v 1.527541 -0.807410 0.469999
v 1.527541 -0.807410 -0.470001
v 1.500734 -0.945926 0.469999
v 1.500734 -0.945926 -0.470001
v 1.463911 -1.072828 0.469999
v 1.463911 -1.072828 -0.470001
v 1.417118 -1.188048 0.469999
v 1.417118 -1.188048 -0.470001
v 1.360396 -1.291519 0.469999
v 1.360396 -1.291519 -0.470001
v 1.293794 -1.383171 0.469999
v 1.293794 -1.383171 -0.470001
v 1.217351 -1.462938 0.469999
v 1.217351 -1.462938 -0.470001
v 1.131116 -1.530752 0.469999
v 1.131116 -1.530752 -0.470001
v 1.035134 -1.586545 0.469999
v 1.035134 -1.586545 -0.470001
v 0.929446 -1.630249 0.469999
v 0.929446 -1.630249 -0.470001
v 0.814099 -1.661796 0.469999
v 0.814099 -1.661796 -0.470001
v 0.689138 -1.681119 0.469999
v 0.689138 -1.681119 -0.470001
v 0.554607 -1.688151 0.469999
v 0.554607 -1.688151 -0.470001
v 0.467514 -1.686013 0.469999
v 0.467514 -1.686013 -0.470001
v 0.381105 -1.678606 0.469999
v 0.381105 -1.678606 -0.470001
v 0.295296 -1.666066 0.469999
v 0.295296 -1.666066 -0.470001
v 0.209996 -1.648528 0.469999
v 0.209996 -1.648528 -0.470001
v 0.125115 -1.626129 0.469999
v 0.125115 -1.626129 -0.470001
v 0.040565 -1.599002 0.469999
v 0.040565 -1.599002 -0.470001
v -0.043742 -1.567285 0.469999
v -0.043742 -1.567285 -0.470001
v -0.127899 -1.531112 0.469999
v -0.127899 -1.531112 -0.470001
v -0.211992 -1.490619 0.469999
v -0.211992 -1.490619 -0.470001
v -0.296112 -1.445942 0.469999
v -0.296112 -1.445942 -0.470001
v -0.380346 -1.397215 0.469999
v -0.380346 -1.397215 -0.470001
v -0.464784 -1.344576 0.469999
v -0.464784 -1.344576 -0.470001
v -0.461333 -1.901781 0.469999
v -0.461333 -1.901781 -0.470001
v 0.056946 -0.327525 0.469999
v 0.056946 -0.327525 -0.470001
v 0.075452 -0.227857 0.469999
v 0.075452 -0.227857 -0.470001
v 0.103183 -0.135692 0.469999
v 0.103183 -0.135692 -0.470001
v 0.139874 -0.051435 0.469999
v 0.139874 -0.051435 -0.470001
v 0.185253 0.024506 0.469999
v 0.185253 0.024506 -0.470001
v 0.239056 0.091725 0.469999
v 0.239056 0.091725 -0.470001
v 0.301016 0.149816 0.469999
v 0.301016 0.149816 -0.470001
v 0.370863 0.198371 0.469999
v 0.370863 0.198371 -0.470001
v 0.448332 0.236985 0.469999
v 0.448332 0.236985 -0.470001
v 0.533154 0.265250 0.469999
v 0.533154 0.265250 -0.470001
v 0.625062 0.282760 0.469999
v 0.625062 0.282760 -0.470001
v 0.723787 0.289108 0.469999
v 0.723787 0.289108 -0.470001
v 0.830316 0.284403 0.469999
v 0.830316 0.284403 -0.470001
v 0.929574 0.269055 0.469999
v 0.929574 0.269055 -0.470001
v 1.021516 0.243268 0.469999
v 1.021516 0.243268 -0.470001
v 1.106097 0.207244 0.469999
v 1.106097 0.207244 -0.470001
v 1.183272 0.161185 0.469999
v 1.183272 0.161185 -0.470001
v 1.252995 0.105293 0.469999
v 1.252995 0.105293 -0.470001
v 1.315217 0.039771 0.469999
v 1.315217 0.039771 -0.470001
v 1.369893 -0.035180 0.469999
v 1.369893 -0.035180 -0.470001
v 1.416978 -0.119356 0.469999
v 1.416978 -0.119356 -0.470001
v 1.456424 -0.212557 0.469999
v 1.456424 -0.212557 -0.470001
v 1.488185 -0.314579 0.469999
v 1.488185 -0.314579 -0.470001
v 1.512215 -0.425221 0.469999
v 1.512215 -0.425221 -0.470001
v 0.047932 -0.434288 0.469999
v 0.047932 -0.434288 -0.470001
v -6.663943 1.284539 0.469998
v -6.663943 1.284539 -0.470002
v -6.532664 1.353922 0.469998
v -6.532664 1.353922 -0.470002
v -6.403729 1.416225 0.469998
v -6.403729 1.416225 -0.470002
v -6.276706 1.471565 0.469998
v -6.276706 1.471565 -0.470002
v -6.151174 1.520057 0.469998
v -6.151174 1.520057 -0.470002
v -6.026700 1.561815 0.469998
v -6.026700 1.561815 -0.470002
v -5.902862 1.596954 0.469998
v -5.902862 1.596954 -0.470002
v -5.779227 1.625591 0.469998
v -5.779227 1.625591 -0.470002
v -5.655377 1.647840 0.469998
v -5.655377 1.647840 -0.470002
v -5.530879 1.663815 0.469998
v -5.530879 1.663815 -0.470002
v -5.405309 1.673633 0.469998
v -5.405309 1.673633 -0.470002
v -5.278237 1.677408 0.469998
v -5.278237 1.677408 -0.470002
v -5.031144 1.664225 0.469998
v -5.031144 1.664225 -0.470002
v -4.796386 1.622618 0.469998
v -4.796386 1.622618 -0.470002
v -4.575675 1.554196 0.469998
v -4.575675 1.554196 -0.470002
v -4.370740 1.460569 0.469998
v -4.370740 1.460569 -0.470002
v -4.183297 1.343346 0.469998
v -4.183297 1.343346 -0.470002
v -4.015065 1.204136 0.469998
v -4.015065 1.204136 -0.470002
v -3.867766 1.044548 0.469998
v -3.867766 1.044548 -0.470002
v -3.743119 0.866192 0.469998
v -3.743119 0.866192 -0.470002
v -3.642842 0.670677 0.469998
v -3.642842 0.670677 -0.470002
v -3.568660 0.459611 0.469998
v -3.568660 0.459611 -0.470002
v -3.522285 0.234605 0.469998
v -3.522285 0.234605 -0.470002
v -3.505441 -0.002733 0.469998
v -3.505441 -0.002733 -0.470002
v -3.518842 -0.244087 0.469998
v -3.518842 -0.244087 -0.470002
v -3.561213 -0.471604 0.469998
v -3.561213 -0.471604 -0.470002
v -3.631219 -0.683949 0.469998
v -3.631219 -0.683949 -0.470002
v -3.727511 -0.879785 0.469998
v -3.727511 -0.879785 -0.470002
v -3.848752 -1.057777 0.469998
v -3.848752 -1.057777 -0.470002
v -3.993600 -1.216591 0.469998
v -3.993600 -1.216591 -0.470002
v -4.160710 -1.354888 0.469998
v -4.160710 -1.354888 -0.470002
v -4.348746 -1.471335 0.469998
v -4.348746 -1.471335 -0.470002
v -4.556363 -1.564596 0.469998
v -4.556363 -1.564596 -0.470002
v -4.782222 -1.633334 0.469998
v -4.782222 -1.633334 -0.470002
v -5.024978 -1.676215 0.469998
v -5.024978 -1.676215 -0.470002
v -5.283292 -1.691902 0.469998
v -5.283292 -1.691902 -0.470002
v -5.408929 -1.689050 0.469998
v -5.408929 -1.689050 -0.470002
v -5.536187 -1.679009 0.469998
v -5.536187 -1.679009 -0.470002
v -5.664748 -1.661867 0.469998
v -5.664748 -1.661867 -0.470002
v -5.794299 -1.637711 0.469998
v -5.794299 -1.637711 -0.470002
v -5.924521 -1.606631 0.469998
v -5.924521 -1.606631 -0.470002
v -6.055100 -1.568713 0.469998
v -6.055100 -1.568713 -0.470002
v -6.185723 -1.524046 0.469998
v -6.185723 -1.524046 -0.470002
v -6.316072 -1.472718 0.469998
v -6.316072 -1.472718 -0.470002
v -6.445830 -1.414817 0.469998
v -6.445830 -1.414817 -0.470002
v -6.574683 -1.350431 0.469998
v -6.574683 -1.350431 -0.470002
v -6.702319 -1.279648 0.469998
v -6.702319 -1.279648 -0.470002
v -6.828416 -1.202557 0.469998
v -6.828416 -1.202557 -0.470002
v -6.824124 -1.895824 0.469998
v -6.824124 -1.895824 -0.470002
v -6.714339 -1.950433 0.469998
v -6.714339 -1.950433 -0.470002
v -6.602328 -2.001990 0.469998
v -6.602328 -2.001990 -0.470002
v -6.487456 -2.050155 0.469998
v -6.487456 -2.050156 -0.470002
v -6.369096 -2.094587 0.469998
v -6.369096 -2.094587 -0.470002
v -6.246623 -2.134943 0.469998
v -6.246623 -2.134943 -0.470002
v -6.119409 -2.170884 0.469998
v -6.119409 -2.170884 -0.470002
v -5.986823 -2.202066 0.469998
v -5.986823 -2.202066 -0.470002
v -5.848239 -2.228149 0.469998
v -5.848239 -2.228149 -0.470002
v -5.703029 -2.248791 0.469998
v -5.703029 -2.248791 -0.470002
v -5.550567 -2.263652 0.469998
v -5.550567 -2.263652 -0.470002
v -5.390222 -2.272390 0.469998
v -5.390222 -2.272390 -0.470002
v -5.221370 -2.274662 0.469998
v -5.221370 -2.274662 -0.470002
v -4.826180 -2.246565 0.469998
v -4.826180 -2.246565 -0.470002
v -4.469443 -2.171167 0.469998
v -4.469443 -2.171167 -0.470002
v -4.150397 -2.054111 0.469998
v -4.150397 -2.054111 -0.470002
v -3.868291 -1.901040 0.469998
v -3.868291 -1.901040 -0.470002
v -3.622373 -1.717595 0.469998
v -3.622373 -1.717595 -0.470002
v -3.411880 -1.509421 0.469998
v -3.411880 -1.509421 -0.470002
v -3.236066 -1.282157 0.469998
v -3.236066 -1.282157 -0.470002
v -3.094169 -1.041448 0.469998
v -3.094169 -1.041448 -0.470002
v -2.985438 -0.792934 0.469998
v -2.985438 -0.792934 -0.470002
v -2.909118 -0.542259 0.469998
v -2.909118 -0.542259 -0.470002
v -2.864453 -0.295065 0.469998
v -2.864453 -0.295065 -0.470002
v -2.850690 -0.056993 0.469998
v -2.850690 -0.056993 -0.470002
v -2.873553 0.271873 0.469998
v -2.873553 0.271873 -0.470002
v -2.936515 0.583214 0.469998
v -2.936515 0.583214 -0.470002
v -3.037375 0.874881 0.469998
v -3.037375 0.874881 -0.470002
v -3.173940 1.144730 0.469998
v -3.173940 1.144730 -0.470002
v -3.344012 1.390613 0.469998
v -3.344012 1.390613 -0.470002
v -3.545398 1.610385 0.469998
v -3.545398 1.610385 -0.470002
v -3.775901 1.801900 0.469998
v -3.775901 1.801900 -0.470002
v -4.033324 1.963010 0.469998
v -4.033324 1.963010 -0.470002
v -4.315475 2.091570 0.469998
v -4.315475 2.091570 -0.470002
v -4.620156 2.185435 0.469998
v -4.620156 2.185435 -0.470002
v -4.945172 2.242457 0.469998
v -4.945172 2.242457 -0.470002
v -5.288327 2.260490 0.469998
v -5.288327 2.260490 -0.470002
v -5.401914 2.257473 0.469998
v -5.401914 2.257473 -0.470002
v -5.516210 2.249750 0.469998
v -5.516210 2.249750 -0.470002
v -5.631694 2.237205 0.469998
v -5.631694 2.237205 -0.470002
v -5.748832 2.219722 0.469998
v -5.748832 2.219722 -0.470002
v -5.868100 2.197187 0.469998
v -5.868100 2.197187 -0.470002
v -5.989968 2.169484 0.469998
v -5.989968 2.169484 -0.470002
v -6.114907 2.136497 0.469998
v -6.114907 2.136497 -0.470002
v -6.243392 2.098111 0.469998
v -6.243392 2.098111 -0.470002
v -6.375890 2.054211 0.469998
v -6.375890 2.054211 -0.470002
v -6.512877 2.004682 0.469998
v -6.512877 2.004682 -0.470002
v -6.654822 1.949407 0.469998
v -6.654822 1.949407 -0.470002
v -6.802197 1.888271 0.469998
v -6.802197 1.888271 -0.470002
v -6.797986 1.207962 0.469998
v -6.797986 1.207962 -0.470002
v -7.534781 -2.230673 0.469998
v -7.534781 -2.230673 -0.470002
v -7.562142 2.188096 0.469998
v -7.562142 2.188096 -0.470002
v -8.138785 2.184525 0.469998
v -8.138785 2.184525 -0.470002
v -8.111424 -2.234243 0.469998
v -8.111424 -2.234243 -0.470002
v -11.284938 -2.024558 0.469998
v -11.284938 -2.024558 -0.470002
v -11.198342 -2.074694 0.469998
v -11.198342 -2.074694 -0.470002
v -11.111688 -2.119791 0.469998
v -11.111688 -2.119791 -0.470002
v -11.024249 -2.159888 0.469998
v -11.024249 -2.159888 -0.470002
v -10.935315 -2.195026 0.469998
v -10.935315 -2.195027 -0.470002
v -10.844161 -2.225247 0.469998
v -10.844161 -2.225247 -0.470002
v -10.750068 -2.250589 0.469998
v -10.750068 -2.250589 -0.470002
v -10.652314 -2.271094 0.469998
v -10.652314 -2.271094 -0.470002
v -10.550181 -2.286803 0.469998
v -10.550181 -2.286803 -0.470002
v -10.442950 -2.297755 0.469998
v -10.442950 -2.297755 -0.470002
v -10.329896 -2.303992 0.469998
v -10.329896 -2.303992 -0.470002
v -10.210303 -2.305554 0.469998
v -10.210303 -2.305554 -0.470002
v -9.992057 -2.289076 0.469998
v -9.992057 -2.289076 -0.470002
v -9.791083 -2.244044 0.469998
v -9.791083 -2.244044 -0.470002
v -9.607730 -2.172843 0.469998
v -9.607730 -2.172843 -0.470002
v -9.442346 -2.077860 0.469998
v -9.442346 -2.077860 -0.470002
v -9.295270 -1.961483 0.469998
v -9.295270 -1.961483 -0.470002
v -9.166850 -1.826098 0.469998
v -9.166850 -1.826098 -0.470002
v -9.057431 -1.674092 0.469998
v -9.057431 -1.674092 -0.470002
v -8.967359 -1.507853 0.469998
v -8.967359 -1.507853 -0.470002
v -8.896979 -1.329767 0.469998
v -8.896979 -1.329767 -0.470002
v -8.846637 -1.142220 0.469998
v -8.846637 -1.142220 -0.470002
v -8.816674 -0.947601 0.469998
v -8.816674 -0.947601 -0.470002
v -8.807439 -0.748295 0.469998
v -8.807439 -0.748295 -0.470002
v -8.820195 -0.534195 0.469998
v -8.820195 -0.534195 -0.470002
v -8.855006 -0.333189 0.469998
v -8.855006 -0.333189 -0.470002
v -8.910789 -0.146353 0.469998
v -8.910789 -0.146353 -0.470002
v -8.986453 0.025243 0.469998
v -8.986453 0.025243 -0.470002
v -9.080914 0.180523 0.469998
v -9.080914 0.180523 -0.470002
v -9.193089 0.318415 0.469998
v -9.193089 0.318415 -0.470002
v -9.321889 0.437846 0.469998
v -9.321889 0.437846 -0.470002
v -9.466222 0.537743 0.469998
v -9.466222 0.537743 -0.470002
v -9.625007 0.617032 0.469998
v -9.625007 0.617032 -0.470002
v -9.797158 0.674640 0.469998
v -9.797158 0.674640 -0.470002
v -9.981586 0.709495 0.469998
v -9.981586 0.709495 -0.470002
v -10.177203 0.720523 0.469998
v -10.177203 0.720523 -0.470002
v -10.363963 0.708417 0.469998
v -10.363963 0.708417 -0.470002
v -10.538236 0.674431 0.469998
v -10.538236 0.674431 -0.470002
v -10.699279 0.618479 0.469998
v -10.699279 0.618479 -0.470002
v -10.846345 0.540476 0.469998
v -10.846345 0.540476 -0.470002
v -10.978700 0.440336 0.469998
v -10.978700 0.440336 -0.470002
v -11.095595 0.317974 0.469998
v -11.095595 0.317974 -0.470002
v -11.196288 0.173304 0.469998
v -11.196288 0.173304 -0.470002
v -11.280036 0.006241 0.469998
v -11.280036 0.006241 -0.470002
v -11.346099 -0.183300 0.469998
v -11.346099 -0.183300 -0.470002
v -11.393729 -0.395404 0.469998
v -11.393729 -0.395404 -0.470002
v -11.422189 -0.630158 0.469998
v -11.422189 -0.630158 -0.470002
v -11.430726 -0.887647 0.469998
v -11.430726 -0.887647 -0.470002
v -9.383321 -0.874969 0.469998
v -9.383321 -0.874969 -0.470002
v -9.410129 -1.013486 0.469998
v -9.410129 -1.013486 -0.470002
v -9.446950 -1.140388 0.469998
v -9.446950 -1.140388 -0.470002
v -9.493745 -1.255608 0.469998
v -9.493745 -1.255608 -0.470002
v -9.550466 -1.359078 0.469998
v -9.550466 -1.359078 -0.470002
v -9.617070 -1.450731 0.469998
v -9.617070 -1.450731 -0.470002
v -9.693509 -1.530498 0.469998
v -9.693509 -1.530498 -0.470002
v -9.779744 -1.598311 0.469998
v -9.779744 -1.598311 -0.470002
v -9.875726 -1.654104 0.469998
v -9.875726 -1.654104 -0.470002
v -9.981414 -1.697808 0.469998
v -9.981414 -1.697808 -0.470002
v -10.096761 -1.729356 0.469998
v -10.096761 -1.729356 -0.470002
v -10.221723 -1.748679 0.469998
v -10.221723 -1.748679 -0.470002
v -10.356256 -1.755710 0.469998
v -10.356256 -1.755710 -0.470002
v -10.443347 -1.753572 0.469998
v -10.443347 -1.753572 -0.470002
v -10.529756 -1.746165 0.469998
v -10.529756 -1.746166 -0.470002
v -10.615565 -1.733626 0.469998
v -10.615565 -1.733626 -0.470002
v -10.700866 -1.716088 0.469998
v -10.700866 -1.716088 -0.470002
v -10.785747 -1.693688 0.469998
v -10.785747 -1.693688 -0.470002
v -10.870296 -1.666562 0.469998
v -10.870296 -1.666562 -0.470002
v -10.954604 -1.634844 0.469998
v -10.954604 -1.634845 -0.470002
v -11.038760 -1.598671 0.469998
v -11.038760 -1.598672 -0.470002
v -11.122853 -1.558179 0.469998
v -11.122853 -1.558179 -0.470002
v -11.206973 -1.513501 0.469998
v -11.206973 -1.513501 -0.470002
v -11.291207 -1.464775 0.469998
v -11.291207 -1.464775 -0.470002
v -11.375644 -1.412135 0.469998
v -11.375644 -1.412135 -0.470002
v -11.372193 -1.969341 0.469998
v -11.372193 -1.969341 -0.470002
v -10.853913 -0.395085 0.469998
v -10.853913 -0.395085 -0.470002
v -10.835408 -0.295417 0.469998
v -10.835408 -0.295417 -0.470002
v -10.807675 -0.203251 0.469998
v -10.807675 -0.203251 -0.470002
v -10.770988 -0.118995 0.469998
v -10.770988 -0.118995 -0.470002
v -10.725608 -0.043053 0.469998
v -10.725608 -0.043053 -0.470002
v -10.671805 0.024166 0.469998
v -10.671805 0.024166 -0.470002
v -10.609845 0.082256 0.469998
v -10.609845 0.082256 -0.470002
v -10.539996 0.130812 0.469998
v -10.539996 0.130812 -0.470002
v -10.462529 0.169425 0.469998
v -10.462529 0.169425 -0.470002
v -10.377707 0.197690 0.469998
v -10.377707 0.197690 -0.470002
v -10.285800 0.215200 0.469998
v -10.285800 0.215200 -0.470002
v -10.187074 0.221549 0.469998
v -10.187074 0.221549 -0.470002
v -10.080544 0.216843 0.469998
v -10.080544 0.216843 -0.470002
v -9.981288 0.201495 0.469998
v -9.981288 0.201495 -0.470002
v -9.889344 0.175709 0.469998
v -9.889344 0.175709 -0.470002
v -9.804761 0.139685 0.469998
v -9.804761 0.139685 -0.470002
v -9.727588 0.093625 0.469998
v -9.727588 0.093625 -0.470002
v -9.657865 0.037734 0.469998
v -9.657865 0.037734 -0.470002
v -9.595645 -0.027789 0.469998
v -9.595645 -0.027789 -0.470002
v -9.540967 -0.102739 0.469998
v -9.540967 -0.102739 -0.470002
v -9.493882 -0.186916 0.469998
v -9.493882 -0.186916 -0.470002
v -9.454438 -0.280116 0.469998
v -9.454438 -0.280116 -0.470002
v -9.422677 -0.382139 0.469998
v -9.422677 -0.382139 -0.470002
v -9.398644 -0.492781 0.469998
v -9.398644 -0.492781 -0.470002
v -10.862929 -0.501847 0.469998
v -10.862929 -0.501847 -0.470002
v -14.236484 -2.144918 0.469997
v -14.236484 -2.144918 -0.470003
v -14.178649 -2.180890 0.469997
v -14.178649 -2.180890 -0.470003
v -14.125745 -2.212258 0.469997
v -14.125745 -2.212258 -0.470003
v -14.076989 -2.239265 0.469997
v -14.076989 -2.239265 -0.470003
v -14.031583 -2.262153 0.469997
v -14.031583 -2.262153 -0.470003
v -13.988746 -2.281164 0.469997
v -13.988746 -2.281164 -0.470003
v -13.947684 -2.296542 0.469997
v -13.947684 -2.296542 -0.470003
v -13.907613 -2.308529 0.469997
v -13.907613 -2.308529 -0.470003
v -13.867740 -2.317368 0.469997
v -13.867740 -2.317368 -0.470002
v -13.827279 -2.323300 0.469997
v -13.827279 -2.323300 -0.470002
v -13.785436 -2.326570 0.469997
v -13.785436 -2.326570 -0.470002
v -13.741429 -2.327418 0.469997
v -13.741429 -2.327418 -0.470002
v -13.680676 -2.325137 0.469997
v -13.680676 -2.325137 -0.470002
v -13.624701 -2.319016 0.469997
v -13.624701 -2.319016 -0.470002
v -13.573382 -2.308964 0.469997
v -13.573382 -2.308964 -0.470002
v -13.526610 -2.294891 0.469997
v -13.526610 -2.294891 -0.470002
v -13.484273 -2.276706 0.469997
v -13.484273 -2.276706 -0.470002
v -13.446259 -2.254318 0.469997
v -13.446259 -2.254318 -0.470002
v -13.412457 -2.227636 0.469997
v -13.412457 -2.227636 -0.470002
v -13.382754 -2.196570 0.469997
v -13.382754 -2.196570 -0.470002
v -13.357038 -2.161029 0.469997
v -13.357038 -2.161029 -0.470002
v -13.335198 -2.120923 0.469997
v -13.335198 -2.120923 -0.470002
v -13.317121 -2.076160 0.469997
v -13.317121 -2.076160 -0.470002
v -13.302695 -2.026650 0.469997
v -13.302695 -2.026650 -0.470002
v -13.238967 -2.074315 0.469997
v -13.238967 -2.074315 -0.470002
v -13.174767 -2.117679 0.469997
v -13.174767 -2.117679 -0.470002
v -13.110145 -2.156767 0.469998
v -13.110145 -2.156767 -0.470002
v -13.045144 -2.191600 0.469998
v -13.045144 -2.191600 -0.470002
v -12.979806 -2.222201 0.469998
v -12.979806 -2.222201 -0.470002
v -12.914180 -2.248593 0.469998
v -12.914180 -2.248593 -0.470002
v -12.848311 -2.270799 0.469998
v -12.848311 -2.270799 -0.470002
v -12.782243 -2.288842 0.469998
v -12.782243 -2.288842 -0.470002
v -12.716020 -2.302745 0.469998
v -12.716020 -2.302745 -0.470002
v -12.649688 -2.312529 0.469998
v -12.649688 -2.312529 -0.470002
v -12.583289 -2.318219 0.469998
v -12.583289 -2.318219 -0.470002
v -12.516875 -2.319836 0.469998
v -12.516875 -2.319836 -0.470002
v -12.413072 -2.312346 0.469998
v -12.413072 -2.312346 -0.470002
v -12.315772 -2.291893 0.469998
v -12.315772 -2.291893 -0.470002
v -12.225480 -2.259515 0.469998
v -12.225480 -2.259515 -0.470002
v -12.142674 -2.216249 0.469998
v -12.142674 -2.216249 -0.470002
v -12.067853 -2.163133 0.469998
v -12.067853 -2.163133 -0.470002
v -12.001502 -2.101205 0.469998
v -12.001502 -2.101205 -0.470002
v -11.944104 -2.031504 0.469998
v -11.944104 -2.031504 -0.470002
v -11.896153 -1.955067 0.469998
v -11.896153 -1.955067 -0.470002
v -11.858138 -1.872932 0.469998
v -11.858138 -1.872932 -0.470002
v -11.830544 -1.786137 0.469998
v -11.830544 -1.786137 -0.470002
v -11.813867 -1.695720 0.469998
v -11.813867 -1.695720 -0.470002
v -11.808581 -1.602718 0.469998
v -11.808581 -1.602718 -0.470002
v -11.820022 -1.466763 0.469998
v -11.820022 -1.466763 -0.470002
v -11.851207 -1.346297 0.469998
v -11.851207 -1.346297 -0.470002
v -11.900123 -1.239934 0.469998
v -11.900123 -1.239934 -0.470002
v -11.964753 -1.146289 0.469998
v -11.964753 -1.146289 -0.470002
v -12.043084 -1.063978 0.469998
v -12.043084 -1.063978 -0.470002
v -12.133098 -0.991616 0.469998
v -12.133098 -0.991616 -0.470002
v -12.232774 -0.927818 0.469998
v -12.232774 -0.927818 -0.470002
v -12.340102 -0.871199 0.469998
v -12.340102 -0.871199 -0.470002
v -12.453063 -0.820375 0.469998
v -12.453063 -0.820375 -0.470002
v -12.569640 -0.773960 0.469997
v -12.569640 -0.773960 -0.470002
v -12.687819 -0.730570 0.469997
v -12.687819 -0.730570 -0.470002
v -12.805587 -0.688820 0.469997
v -12.805587 -0.688820 -0.470002
v -13.318561 -0.510573 0.469997
v -13.318561 -0.510573 -0.470003
v -13.319524 -0.355074 0.469997
v -13.319524 -0.355074 -0.470003
v -13.316415 -0.268760 0.469997
v -13.316415 -0.268760 -0.470003
v -13.305963 -0.191085 0.469997
v -13.305963 -0.191085 -0.470003
v -13.288169 -0.121824 0.469997
v -13.288169 -0.121824 -0.470003
v -13.263032 -0.060752 0.469997
v -13.263032 -0.060752 -0.470003
v -13.230559 -0.007643 0.469997
v -13.230559 -0.007643 -0.470003
v -13.190749 0.037726 0.469997
v -13.190749 0.037726 -0.470003
v -13.143603 0.075582 0.469997
v -13.143603 0.075582 -0.470003
v -13.089124 0.106149 0.469997
v -13.089124 0.106149 -0.470003
v -13.027310 0.129652 0.469997
v -13.027310 0.129652 -0.470003
v -12.958165 0.146316 0.469997
v -12.958165 0.146316 -0.470003
v -12.881688 0.156366 0.469997
v -12.881688 0.156366 -0.470003
v -12.797885 0.160027 0.469997
v -12.797885 0.160027 -0.470003
v -12.718390 0.157396 0.469997
v -12.718390 0.157396 -0.470003
v -12.638770 0.148444 0.469997
v -12.638770 0.148444 -0.470002
v -12.559196 0.133057 0.469997
v -12.559196 0.133057 -0.470002
v -12.479852 0.111121 0.469997
v -12.479852 0.111121 -0.470002
v -12.400918 0.082524 0.469997
v -12.400918 0.082524 -0.470002
v -12.322574 0.047151 0.469997
v -12.322574 0.047151 -0.470002
v -12.244994 0.004889 0.469997
v -12.244994 0.004889 -0.470002
v -12.168359 -0.044375 0.469997
v -12.168359 -0.044375 -0.470002
v -12.092853 -0.100756 0.469998
v -12.092853 -0.100756 -0.470002
v -12.018651 -0.164366 0.469998
v -12.018651 -0.164366 -0.470002
v -11.945933 -0.235321 0.469998
v -11.945933 -0.235321 -0.470002
v -11.874877 -0.313732 0.469998
v -11.874877 -0.313732 -0.470002
v -11.878768 0.314744 0.469998
v -11.878768 0.314744 -0.470002
v -11.937753 0.377961 0.469997
v -11.937753 0.377961 -0.470002
v -12.000525 0.435508 0.469997
v -12.000525 0.435508 -0.470002
v -12.067134 0.487408 0.469997
v -12.067134 0.487408 -0.470002
v -12.137622 0.533680 0.469997
v -12.137622 0.533680 -0.470002
v -12.212035 0.574350 0.469997
v -12.212035 0.574350 -0.470002
v -12.290414 0.609437 0.469997
v -12.290414 0.609437 -0.470002
v -12.372813 0.638965 0.469997
v -12.372813 0.638965 -0.470002
v -12.459268 0.662956 0.469997
v -12.459268 0.662956 -0.470003
v -12.549832 0.681432 0.469997
v -12.549832 0.681432 -0.470003
v -12.644547 0.694416 0.469997
v -12.644547 0.694416 -0.470003
v -12.743459 0.701929 0.469997
v -12.743459 0.701929 -0.470003
v -12.846608 0.703994 0.469997
v -12.846608 0.703994 -0.470003
v -12.991206 0.696851 0.469997
v -12.991206 0.696851 -0.470003
v -13.129407 0.677105 0.469997
v -13.129407 0.677105 -0.470003
v -13.260011 0.644537 0.469997
v -13.260011 0.644537 -0.470003
v -13.381825 0.598929 0.469997
v -13.381825 0.598929 -0.470003
v -13.493661 0.540065 0.469997
v -13.493661 0.540065 -0.470003
v -13.594323 0.467726 0.469997
v -13.594323 0.467726 -0.470003
v -13.682616 0.381695 0.469997
v -13.682616 0.381695 -0.470003
v -13.757348 0.281754 0.469997
v -13.757348 0.281754 -0.470003
v -13.817321 0.167686 0.469997
v -13.817321 0.167686 -0.470003
v -13.861346 0.039273 0.469997
v -13.861346 0.039273 -0.470003
v -13.888227 -0.103702 0.469997
v -13.888227 -0.103702 -0.470003
v -13.896770 -0.261457 0.469997
v -13.896770 -0.261457 -0.470003
v -13.887504 -1.758137 0.469997
v -13.887504 -1.758137 -0.470003
v -13.888148 -1.784212 0.469997
v -13.888148 -1.784213 -0.470003
v -13.890409 -1.807441 0.469997
v -13.890409 -1.807441 -0.470003
v -13.894259 -1.827934 0.469997
v -13.894259 -1.827934 -0.470003
v -13.899680 -1.845804 0.469997
v -13.899680 -1.845804 -0.470003
v -13.906646 -1.861165 0.469997
v -13.906646 -1.861165 -0.470003
v -13.915132 -1.874127 0.469997
v -13.915132 -1.874127 -0.470003
v -13.925118 -1.884804 0.469997
v -13.925118 -1.884804 -0.470003
v -13.936582 -1.893308 0.469997
v -13.936582 -1.893308 -0.470003
v -13.949496 -1.899751 0.469997
v -13.949496 -1.899751 -0.470003
v -13.963841 -1.904246 0.469997
v -13.963841 -1.904246 -0.470003
v -13.979592 -1.906905 0.469997
v -13.979592 -1.906905 -0.470003
v -13.996724 -1.907839 0.469997
v -13.996724 -1.907839 -0.470003
v -14.012500 -1.906733 0.469997
v -14.012500 -1.906733 -0.470003
v -14.030560 -1.903279 0.469997
v -14.030560 -1.903279 -0.470003
v -14.050750 -1.897544 0.469997
v -14.050750 -1.897544 -0.470003
v -14.072913 -1.889593 0.469997
v -14.072913 -1.889593 -0.470003
v -14.096885 -1.879493 0.469997
v -14.096885 -1.879493 -0.470003
v -14.122514 -1.867312 0.469997
v -14.122514 -1.867312 -0.470003
v -14.149640 -1.853115 0.469997
v -14.149640 -1.853115 -0.470003
v -14.178105 -1.836969 0.469997
v -14.178105 -1.836969 -0.470003
v -14.207755 -1.818941 0.469997
v -14.207755 -1.818941 -0.470003
v -14.238423 -1.799096 0.469997
v -14.238423 -1.799096 -0.470003
v -14.269959 -1.777503 0.469997
v -14.269959 -1.777503 -0.470003
v -14.302205 -1.754226 0.469997
v -14.302205 -1.754226 -0.470003
v -14.300038 -2.104099 0.469997
v -14.300038 -2.104099 -0.470003
v -13.194789 -0.869514 0.469997
v -13.194789 -0.869514 -0.470003
v -13.076941 -0.911608 0.469997
v -13.076941 -0.911608 -0.470002
v -12.964303 -0.954951 0.469997
v -12.964303 -0.954951 -0.470002
v -12.858136 -1.000155 0.469997
v -12.858136 -1.000155 -0.470002
v -12.759688 -1.047837 0.469997
v -12.759688 -1.047837 -0.470002
v -12.670222 -1.098612 0.469997
v -12.670222 -1.098612 -0.470002
v -12.590993 -1.153095 0.469998
v -12.590993 -1.153095 -0.470002
v -12.523255 -1.211901 0.469998
v -12.523255 -1.211901 -0.470002
v -12.468268 -1.275646 0.469998
v -12.468268 -1.275646 -0.470002
v -12.427283 -1.344944 0.469998
v -12.427283 -1.344944 -0.470002
v -12.401557 -1.420411 0.469998
v -12.401557 -1.420411 -0.470002
v -12.392348 -1.502663 0.469998
v -12.392348 -1.502663 -0.470002
v -12.395566 -1.561076 0.469998
v -12.395566 -1.561076 -0.470002
v -12.405715 -1.616225 0.469998
v -12.405715 -1.616225 -0.470002
v -12.422408 -1.667769 0.469998
v -12.422408 -1.667769 -0.470002
v -12.445268 -1.715370 0.469998
v -12.445268 -1.715370 -0.470002
v -12.473908 -1.758687 0.469998
v -12.473908 -1.758687 -0.470002
v -12.507962 -1.797381 0.469998
v -12.507962 -1.797381 -0.470002
v -12.547038 -1.831111 0.469998
v -12.547038 -1.831111 -0.470002
v -12.590758 -1.859537 0.469998
v -12.590758 -1.859537 -0.470002
v -12.638743 -1.882321 0.469998
v -12.638743 -1.882321 -0.470002
v -12.690614 -1.899122 0.469998
v -12.690614 -1.899122 -0.470002
v -12.745986 -1.909600 0.469998
v -12.745986 -1.909600 -0.470002
v -12.804482 -1.913416 0.469998
v -12.804482 -1.913416 -0.470002
v -12.849580 -1.911824 0.469998
v -12.849580 -1.911824 -0.470002
v -12.894158 -1.906562 0.469998
v -12.894158 -1.906562 -0.470002
v -12.938216 -1.897742 0.469998
v -12.938216 -1.897742 -0.470002
v -12.981759 -1.885476 0.469998
v -12.981759 -1.885476 -0.470002
v -13.024783 -1.869878 0.469997
v -13.024783 -1.869878 -0.470002
v -13.067286 -1.851059 0.469997
v -13.067286 -1.851059 -0.470002
v -13.109267 -1.829132 0.469997
v -13.109267 -1.829133 -0.470002
v -13.150725 -1.804210 0.469997
v -13.150725 -1.804210 -0.470002
v -13.191665 -1.776405 0.469997
v -13.191665 -1.776405 -0.470002
v -13.232080 -1.745830 0.469997
v -13.232080 -1.745830 -0.470002
v -13.271974 -1.712596 0.469997
v -13.271974 -1.712596 -0.470002
v -13.311339 -1.676817 0.469997
v -13.311339 -1.676817 -0.470002
v -13.316594 -0.828050 0.469997
v -13.316594 -0.828050 -0.470003
v -15.440248 -0.037757 0.469997
v -15.440248 -0.037757 -0.470003
v -15.453206 -0.037837 0.469997
v -15.453206 -0.037837 -0.470003
v -15.526584 0.083515 0.469997
v -15.526584 0.083515 -0.470003
v -15.599368 0.192746 0.469997
v -15.599368 0.192746 -0.470003
v -15.671586 0.290145 0.469997
v -15.671586 0.290145 -0.470003
v -15.743258 0.376007 0.469997
v -15.743258 0.376007 -0.470003
v -15.814414 0.450623 0.469997
v -15.814414 0.450623 -0.470003
v -15.885074 0.514286 0.469997
v -15.885074 0.514286 -0.470003
v -15.955258 0.567287 0.469997
v -15.955258 0.567287 -0.470003
v -16.025002 0.609920 0.469997
v -16.025002 0.609920 -0.470003
v -16.094318 0.642477 0.469997
v -16.094318 0.642477 -0.470003
v -16.163239 0.665249 0.469997
v -16.163239 0.665249 -0.470003
v -16.231789 0.678530 0.469997
v -16.231789 0.678530 -0.470003
v -16.299984 0.682611 0.469997
v -16.299984 0.682611 -0.470003
v -16.358032 0.679953 0.469997
v -16.358032 0.679953 -0.470003
v -16.415627 0.672685 0.469997
v -16.415627 0.672685 -0.470003
v -16.472874 0.660786 0.469997
v -16.472874 0.660786 -0.470003
v -16.529888 0.644231 0.469997
v -16.529888 0.644231 -0.470003
v -16.586784 0.622997 0.469997
v -16.586784 0.622997 -0.470003
v -16.643673 0.597060 0.469997
v -16.643673 0.597060 -0.470003
v -16.700668 0.566399 0.469997
v -16.700668 0.566399 -0.470003
v -16.757881 0.530989 0.469997
v -16.757881 0.530989 -0.470003
v -16.815426 0.490808 0.469997
v -16.815426 0.490808 -0.470003
v -16.873413 0.445832 0.469997
v -16.873413 0.445832 -0.470003
v -16.931957 0.396038 0.469997
v -16.931957 0.396038 -0.470003
v -16.991169 0.341403 0.469997
v -16.991169 0.341403 -0.470003
v -16.683559 -0.155605 0.469997
v -16.683559 -0.155605 -0.470003
v -16.639084 -0.114331 0.469997
v -16.639084 -0.114331 -0.470003
v -16.592926 -0.075431 0.469997
v -16.592926 -0.075431 -0.470003
v -16.545582 -0.039134 0.469997
v -16.545582 -0.039134 -0.470003
v -16.497547 -0.005667 0.469997
v -16.497547 -0.005667 -0.470003
v -16.449310 0.024741 0.469997
v -16.449310 0.024741 -0.470003
v -16.401371 0.051863 0.469997
v -16.401371 0.051863 -0.470003
v -16.354221 0.075470 0.469997
v -16.354221 0.075470 -0.470003
v -16.308350 0.095335 0.469997
v -16.308350 0.095335 -0.470003
v -16.264256 0.111229 0.469997
v -16.264256 0.111229 -0.470003
v -16.222427 0.122924 0.469997
v -16.222427 0.122924 -0.470003
v -16.183365 0.130193 0.469997
v -16.183365 0.130193 -0.470003
v -16.147560 0.132807 0.469997
v -16.147560 0.132807 -0.470003
v -16.050583 0.125342 0.469997
v -16.050583 0.125342 -0.470003
v -15.957816 0.102395 0.469997
v -15.957816 0.102395 -0.470003
v -15.870040 0.064973 0.469997
v -15.870040 0.064973 -0.470003
v -15.788054 0.014084 0.469997
v -15.788054 0.014084 -0.470003
v -15.712649 -0.049264 0.469997
v -15.712649 -0.049264 -0.470003
v -15.644624 -0.124064 0.469997
v -15.644624 -0.124064 -0.470003
v -15.584765 -0.209309 0.469997
v -15.584765 -0.209309 -0.470003
v -15.533870 -0.303991 0.469997
v -15.533870 -0.303991 -0.470003
v -15.492734 -0.407103 0.469997
v -15.492734 -0.407103 -0.470003
v -15.462144 -0.517637 0.469997
v -15.462144 -0.517637 -0.470003
v -15.442901 -0.634585 0.469997
v -15.442901 -0.634585 -0.470003
v -15.435794 -0.756941 0.469997
v -15.435794 -0.756941 -0.470003
v -15.426366 -2.279537 0.469997
v -15.426366 -2.279537 -0.470003
v -14.849723 -2.275966 0.469997
v -14.849723 -2.275966 -0.470003
v -14.867736 0.633165 0.469997
v -14.867736 0.633165 -0.470003
v -15.444379 0.629594 0.469997
v -15.444379 0.629594 -0.470003
vn -0.0000 -0.0000 -1.0000
vn -0.0000 -0.0000 1.0000
vn -0.3714 -0.9285 -0.0000
vn -0.3433 -0.9392 -0.0000
vn -0.3121 -0.9500 -0.0000
vn -0.2782 -0.9605 -0.0000
vn -0.2422 -0.9702 -0.0000
vn -0.2046 -0.9788 -0.0000
vn -0.1664 -0.9861 -0.0000
vn -0.1284 -0.9917 -0.0000
vn -0.0915 -0.9958 -0.0000
vn -0.0564 -0.9984 -0.0000
vn -0.0239 -0.9997 -0.0000
vn 0.0282 -0.9996 -0.0000
vn 0.1245 -0.9922 -0.0000
vn 0.2445 -0.9696 -0.0000
vn 0.3641 -0.9313 -0.0000
vn 0.4808 -0.8769 -0.0000
vn 0.5917 -0.8062 -0.0000
vn 0.6940 -0.7200 -0.0000
vn 0.7851 -0.6194 -0.0000
vn 0.8622 -0.5066 -0.0000
vn 0.9233 -0.3841 -0.0000
vn 0.9668 -0.2554 -0.0000
vn 0.9923 -0.1241 -0.0000
vn 1.0000 0.0067 -0.0000
vn 0.9904 0.1380 -0.0000
vn 0.9631 0.2690 -0.0000
vn 0.9183 0.3958 -0.0000
vn 0.8570 0.5153 -0.0000
vn 0.7806 0.6250 -0.0000
vn 0.6910 0.7229 -0.0000
vn 0.5901 0.8073 -0.0000
vn 0.4801 0.8772 -0.0000
vn 0.3631 0.9318 -0.0000
vn 0.2414 0.9704 -0.0000
vn 0.1174 0.9931 -0.0000
vn 0.0173 0.9999 -0.0000
vn -0.0370 0.9993 -0.0000
vn -0.0723 0.9974 -0.0000
vn -0.1118 0.9937 -0.0000
vn -0.1536 0.9881 -0.0000
vn -0.1960 0.9806 -0.0000
vn -0.2367 0.9716 -0.0000
vn -0.2742 0.9617 -0.0000
vn -0.3074 0.9516 -0.0000
vn -0.3358 0.9419 -0.0000
vn -0.3592 0.9332 -0.0000
vn -0.3781 0.9258 -0.0000
vn -0.8343 0.5513 -0.0000
vn -0.5115 -0.8593 -0.0000
vn 0.4548 -0.8906 -0.0000
vn 0.4210 -0.9071 -0.0000
vn 0.3856 -0.9227 -0.0000
vn 0.3487 -0.9372 -0.0000
vn 0.3103 -0.9506 -0.0000
vn 0.2705 -0.9627 -0.0000
vn 0.2292 -0.9734 -0.0000
vn 0.1867 -0.9824 -0.0000
vn 0.1430 -0.9897 -0.0000
vn 0.0982 -0.9952 -0.0000
vn 0.0525 -0.9986 -0.0000
vn -0.0140 -0.9999 -0.0000
vn -0.1216 -0.9926 -0.0000
vn -0.2487 -0.9686 -0.0000
vn -0.3723 -0.9281 -0.0000
vn -0.4900 -0.8717 -0.0000
vn -0.5995 -0.8004 -0.0000
vn -0.6990 -0.7152 -0.0000
vn -0.7867 -0.6173 -0.0000
vn -0.8611 -0.5084 -0.0000
vn -0.9207 -0.3903 -0.0000
vn -0.9642 -0.2653 -0.0000
vn -0.9907 -0.1362 -0.0000
vn -1.0000 -0.0070 -0.0000
vn -0.9925 0.1219 -0.0000
vn -0.9676 0.2526 -0.0000
vn -0.9240 0.3823 -0.0000
vn -0.8620 0.5069 -0.0000
vn -0.7828 0.6222 -0.0000
vn -0.6890 0.7247 -0.0000
vn -0.5839 0.8118 -0.0000
vn -0.4710 0.8822 -0.0000
vn -0.3538 0.9353 -0.0000
vn -0.2357 0.9718 -0.0000
vn -0.1193 0.9929 -0.0000
vn -0.0246 0.9997 -0.0000
vn 0.0306 0.9995 -0.0000
vn 0.0662 0.9978 -0.0000
vn 0.1000 0.9950 -0.0000
vn 0.1318 0.9913 -0.0000
vn 0.1614 0.9869 -0.0000
vn 0.1887 0.9820 -0.0000
vn 0.2134 0.9770 -0.0000
vn 0.2356 0.9719 -0.0000
vn 0.2551 0.9669 -0.0000
vn 0.2720 0.9623 -0.0000
vn 0.2862 0.9582 -0.0000
vn 0.8021 0.5972 -0.0000
vn 0.7115 -0.7027 -0.0000
vn 0.7027 0.7115 -0.0000
vn -0.7115 0.7027 -0.0000
vn -0.8303 -0.5573 -0.0000
vn -0.5343 -0.8453 -0.0000
vn -0.5191 -0.8547 -0.0000
vn -0.4973 -0.8676 -0.0000
vn -0.4674 -0.8840 -0.0000
vn -0.4280 -0.9038 -0.0000
vn -0.3784 -0.9257 -0.0000
vn -0.3188 -0.9478 -0.0000
vn -0.2517 -0.9678 -0.0000
vn -0.1809 -0.9835 -0.0000
vn -0.1115 -0.9938 -0.0000
vn -0.0486 -0.9988 -0.0000
vn 0.0091 -1.0000 -0.0000
vn 0.0732 -0.9973 -0.0000
vn 0.1506 -0.9886 -0.0000
vn 0.2405 -0.9707 -0.0000
vn 0.3419 -0.9397 -0.0000
vn 0.4520 -0.8920 -0.0000
vn 0.5648 -0.8252 -0.0000
vn 0.6728 -0.7398 -0.0000
vn 0.7683 -0.6401 -0.0000
vn 0.8459 -0.5333 -0.0000
vn 0.9042 -0.4271 -0.0000
vn 0.9448 -0.3275 -0.0000
vn 0.3170 -0.9484 -0.0000
vn -0.5795 -0.8150 -0.0000
vn -0.5388 -0.8424 -0.0000
vn -0.4951 -0.8688 -0.0000
vn -0.4484 -0.8938 -0.0000
vn -0.3988 -0.9170 -0.0000
vn -0.3464 -0.9381 -0.0000
vn -0.2916 -0.9565 -0.0000
vn -0.2346 -0.9721 -0.0000
vn -0.1758 -0.9844 -0.0000
vn -0.1157 -0.9933 -0.0000
vn -0.0549 -0.9985 -0.0000
vn 0.0238 -0.9997 -0.0000
vn 0.1392 -0.9903 -0.0000
vn 0.2723 -0.9622 -0.0000
vn 0.4013 -0.9160 -0.0000
vn 0.5222 -0.8528 -0.0000
vn 0.6320 -0.7750 -0.0000
vn 0.7287 -0.6848 -0.0000
vn 0.8112 -0.5847 -0.0000
vn 0.8791 -0.4767 -0.0000
vn 0.9321 -0.3622 -0.0000
vn 0.9701 -0.2427 -0.0000
vn 0.9929 -0.1193 -0.0000
vn 0.9999 0.0136 -0.0000
vn 0.9858 0.1678 -0.0000
vn 0.9420 0.3355 -0.0000
vn 0.8690 0.4948 -0.0000
vn 0.7761 0.6306 -0.0000
vn 0.6770 0.7360 -0.0000
vn 0.5837 0.8120 -0.0000
vn 0.5033 0.8641 -0.0000
vn 0.4387 0.8987 -0.0000
vn 0.3902 0.9207 -0.0000
vn 0.3573 0.9340 -0.0000
vn 0.3394 0.9406 -0.0000
vn 0.3312 0.9436 -0.0000
vn 0.8131 0.5821 -0.0000
vn 0.9999 -0.0149 -0.0000
vn 0.9964 -0.0848 -0.0000
vn 0.9815 -0.1914 -0.0000
vn 0.9489 -0.3155 -0.0000
vn 0.8917 -0.4525 -0.0000
vn 0.8054 -0.5928 -0.0000
vn 0.6915 -0.7224 -0.0000
vn 0.5596 -0.8288 -0.0000
vn 0.4235 -0.9059 -0.0000
vn 0.2954 -0.9554 -0.0000
vn 0.1826 -0.9832 -0.0000
vn 0.0871 -0.9962 -0.0000
vn 0.0053 -1.0000 -0.0000
vn -0.0725 -0.9974 -0.0000
vn -0.1509 -0.9885 -0.0000
vn -0.2283 -0.9736 -0.0000
vn -0.3038 -0.9527 -0.0000
vn -0.3763 -0.9265 -0.0000
vn -0.4452 -0.8954 -0.0000
vn -0.5099 -0.8602 -0.0000
vn -0.5699 -0.8217 -0.0000
vn -0.6249 -0.7807 -0.0000
vn -0.6750 -0.7379 -0.0000
vn -0.7200 -0.6939 -0.0000
vn 0.3627 -0.9319 -0.0000
vn 0.9292 0.3695 -0.0000
vn 0.7040 0.7102 -0.0000
vn 0.6457 0.7636 -0.0000
vn 0.5822 0.8131 -0.0000
vn 0.5146 0.8574 -0.0000
vn 0.4444 0.8958 -0.0000
vn 0.3732 0.9277 -0.0000
vn 0.3026 0.9531 -0.0000
vn 0.2338 0.9723 -0.0000
vn 0.1679 0.9858 -0.0000
vn 0.1058 0.9944 -0.0000
vn 0.0479 0.9989 -0.0000
vn -0.0147 0.9999 -0.0000
vn -0.0955 0.9954 -0.0000
vn -0.1920 0.9814 -0.0000
vn -0.2968 0.9549 -0.0000
vn -0.4090 0.9125 -0.0000
vn -0.5259 0.8505 -0.0000
vn -0.6425 0.7663 -0.0000
vn -0.7517 0.6595 -0.0000
vn -0.8456 0.5338 -0.0000
vn -0.9182 0.3960 -0.0000
vn -0.9669 0.2552 -0.0000
vn -0.9928 0.1197 -0.0000
vn -0.9997 0.0240 -0.0000
vn -1.0000 0.0093 -0.0000
vn -0.9981 0.0608 -0.0000
vn -0.9900 0.1409 -0.0000
vn -0.9713 0.2378 -0.0000
vn -0.9359 0.3524 -0.0000
vn -0.8763 0.4818 -0.0000
vn -0.7864 0.6177 -0.0000
vn -0.6658 0.7461 -0.0000
vn -0.5231 0.8523 -0.0000
vn -0.3739 0.9275 -0.0000
vn -0.2333 0.9724 -0.0000
vn -0.1106 0.9939 -0.0000
vn 0.0078 1.0000 -0.0000
vn 0.1291 0.9916 -0.0000
vn 0.2308 0.9730 -0.0000
vn 0.3057 0.9521 -0.0000
vn 0.4089 0.9126 -0.0000
vn 0.4466 0.8948 -0.0000
vn 0.4786 0.8780 -0.0000
vn 0.5065 0.8622 -0.0000
vn 0.5314 0.8471 -0.0000
vn 0.5541 0.8324 -0.0000
vn 0.5752 0.8180 -0.0000
vn -0.4581 0.8889 -0.0000
vn -0.8761 -0.4821 -0.0000
vn -0.3293 -0.9442 -0.0000
vn -0.3478 -0.9376 -0.0000
vn -0.3755 -0.9268 -0.0000
vn -0.4139 -0.9103 -0.0000
vn -0.4650 -0.8853 -0.0000
vn -0.5306 -0.8476 -0.0000
vn -0.6121 -0.7908 -0.0000
vn -0.7082 -0.7060 -0.0000
vn -0.8122 -0.5834 -0.0000
vn -0.9084 -0.4181 -0.0000
vn -0.9759 -0.2182 -0.0000
vn -0.9996 -0.0282 -0.0000
vn -0.9930 0.1182 -0.0000
vn -0.9695 0.2450 -0.0000
vn -0.9285 0.3713 -0.0000
vn -0.8698 0.4934 -0.0000
vn -0.7943 0.6075 -0.0000
vn -0.7037 0.7105 -0.0000
vn -0.6006 0.7995 -0.0000
vn -0.4881 0.8728 -0.0000
vn -0.3693 0.9293 -0.0000
vn -0.2475 0.9689 -0.0000
vn -0.1257 0.9921 -0.0000
vn -0.0149 0.9999 -0.0000
vn 0.0763 0.9971 -0.0000
vn 0.1569 0.9876 -0.0000
vn 0.2339 0.9723 -0.0000
vn 0.3062 0.9520 -0.0000
vn 0.3731 0.9278 -0.0000
vn 0.4341 0.9009 -0.0000
vn 0.4893 0.8721 -0.0000
vn 0.5387 0.8425 -0.0000
vn 0.5828 0.8126 -0.0000
vn 0.6219 0.7831 -0.0000
vn 0.6565 0.7543 -0.0000
vn 0.9132 0.4074 -0.0000
vn 0.5846 -0.8113 -0.0000
vn -0.3974 0.9177 -0.0000
vn 0.6734 0.7393 -0.0000
vn 0.6401 0.7683 -0.0000
vn 0.6020 0.7985 -0.0000
vn 0.5586 0.8294 -0.0000
vn 0.5092 0.8607 -0.0000
vn 0.4533 0.8913 -0.0000
vn 0.3908 0.9205 -0.0000
vn 0.3216 0.9469 -0.0000
vn 0.2461 0.9692 -0.0000
vn 0.1653 0.9862 -0.0000
vn 0.0806 0.9967 -0.0000
vn -0.0051 1.0000 -0.0000
vn -0.0903 0.9959 -0.0000
vn -0.1769 0.9842 -0.0000
vn -0.2650 0.9643 -0.0000
vn -0.3529 0.9357 -0.0000
vn -0.4389 0.8985 -0.0000
vn -0.5211 0.8535 -0.0000
vn -0.5980 0.8015 -0.0000
vn -0.6682 0.7440 -0.0000
vn -0.7311 0.6823 -0.0000
vn -0.7861 0.6181 -0.0000
vn -0.8333 0.5528 -0.0000
vn -0.1004 0.9950 -0.0000
vn 0.7208 0.6931 -0.0000
vn 0.6925 0.7214 -0.0000
vn 0.6579 0.7531 -0.0000
vn 0.6160 0.7877 -0.0000
vn 0.5661 0.8243 -0.0000
vn 0.5075 0.8617 -0.0000
vn 0.4396 0.8982 -0.0000
vn 0.3627 0.9319 -0.0000
vn 0.2775 0.9607 -0.0000
vn 0.1860 0.9826 -0.0000
vn 0.0904 0.9959 -0.0000
vn -0.1398 0.9902 -0.0000
vn -0.2782 0.9605 -0.0000
vn -0.4168 0.9090 -0.0000
vn -0.5486 0.8361 -0.0000
vn -0.6674 0.7447 -0.0000
vn -0.7685 0.6398 -0.0000
vn -0.8497 0.5272 -0.0000
vn -0.9110 0.4124 -0.0000
vn -0.9541 0.2995 -0.0000
vn -0.9815 0.1913 -0.0000
vn -0.9960 0.0894 -0.0000
vn -0.9999 0.0170 -0.0000
vn -0.7027 -0.7115 -0.0000
vn 0.9998 -0.0200 -0.0000
vn 0.9948 -0.1019 -0.0000
vn 0.9763 -0.2166 -0.0000
vn 0.9418 -0.3362 -0.0000
vn 0.8893 -0.4572 -0.0000
vn 0.8182 -0.5750 -0.0000
vn 0.7290 -0.6845 -0.0000
vn 0.6244 -0.7811 -0.0000
vn 0.5079 -0.8614 -0.0000
vn 0.3840 -0.9233 -0.0000
vn 0.2568 -0.9665 -0.0000
vn 0.1302 -0.9915 -0.0000
vn 0.0179 -0.9998 -0.0000
vn -0.0952 -0.9955 -0.0000
vn -0.2109 -0.9775 -0.0000
vn -0.3056 -0.9521 -0.0000
vn -0.3834 -0.9236 -0.0000
vn -0.4478 -0.8941 -0.0000
vn -0.5019 -0.8649 -0.0000
vn -0.5481 -0.8364 -0.0000
vn -0.5884 -0.8086 -0.0000
vn -0.6240 -0.7814 -0.0000
vn -0.6562 -0.7546 -0.0000
vn -0.6858 -0.7278 -0.0000
vn -0.9207 -0.3902 -0.0000
vn 0.9999 -0.0155 -0.0000
vn 0.9826 -0.1855 -0.0000
vn 0.9551 -0.2962 -0.0000
vn 0.9101 -0.4144 -0.0000
vn 0.8444 -0.5357 -0.0000
vn 0.7568 -0.6537 -0.0000
vn 0.6489 -0.7608 -0.0000
vn 0.5255 -0.8508 -0.0000
vn 0.3934 -0.9194 -0.0000
vn 0.2595 -0.9657 -0.0000
vn 0.1297 -0.9916 -0.0000
vn 0.0225 -0.9997 -0.0000
vn -0.0524 -0.9986 -0.0000
vn -0.1194 -0.9928 -0.0000
vn -0.1950 -0.9808 -0.0000
vn -0.2766 -0.9610 -0.0000
vn -0.3601 -0.9329 -0.0000
vn -0.4414 -0.8973 -0.0000
vn -0.5165 -0.8563 -0.0000
vn -0.5829 -0.8125 -0.0000
vn -0.6394 -0.7689 -0.0000
vn -0.6859 -0.7277 -0.0000
vn -0.7235 -0.6904 -0.0000
vn -0.9316 -0.3635 -0.0000
vn -0.5180 -0.8554 -0.0000
vn -0.4815 -0.8765 -0.0000
vn -0.4394 -0.8983 -0.0000
vn -0.3923 -0.9198 -0.0000
vn -0.3412 -0.9400 -0.0000
vn -0.2875 -0.9578 -0.0000
vn -0.2328 -0.9725 -0.0000
vn -0.1787 -0.9839 -0.0000
vn -0.1269 -0.9919 -0.0000
vn -0.0784 -0.9969 -0.0000
vn -0.0341 -0.9994 -0.0000
vn 0.0311 -0.9995 -0.0000
vn 0.1474 -0.9891 -0.0000
vn 0.2911 -0.9567 -0.0000
vn 0.4312 -0.9022 -0.0000
vn 0.5608 -0.8279 -0.0000
vn 0.6747 -0.7381 -0.0000
vn 0.7703 -0.6377 -0.0000
vn 0.8471 -0.5314 -0.0000
vn 0.9063 -0.4227 -0.0000
vn 0.9495 -0.3139 -0.0000
vn 0.9785 -0.2060 -0.0000
vn 0.9951 -0.0994 -0.0000
vn 1.0000 0.0066 -0.0000
vn 0.9933 0.1152 -0.0000
vn 0.9735 0.2288 -0.0000
vn 0.9384 0.3455 -0.0000
vn 0.8866 0.4626 -0.0000
vn 0.8169 0.5767 -0.0000
vn 0.7296 0.6838 -0.0000
vn 0.6261 0.7797 -0.0000
vn 0.5092 0.8606 -0.0000
vn 0.3830 0.9238 -0.0000
vn 0.2521 0.9677 -0.0000
vn 0.1212 0.9926 -0.0000
vn -0.0042 1.0000 -0.0000
vn -0.1283 0.9917 -0.0000
vn -0.2605 0.9655 -0.0000
vn -0.3995 0.9167 -0.0000
vn -0.5377 0.8431 -0.0000
vn -0.6654 0.7465 -0.0000
vn -0.7742 0.6329 -0.0000
vn -0.8596 0.5110 -0.0000
vn -0.9211 0.3894 -0.0000
vn -0.9616 0.2746 -0.0000
vn -0.9855 0.1699 -0.0000
vn -0.9970 0.0768 -0.0000
vn -0.7166 -0.6975 -0.0000
vn -0.7694 -0.6388 -0.0000
vn -0.9721 0.2346 -0.0000
vn -0.9447 0.3279 -0.0000
vn -0.9032 0.4292 -0.0000
vn -0.8446 0.5354 -0.0000
vn -0.7672 0.6414 -0.0000
vn -0.6717 0.7408 -0.0000
vn -0.5617 0.8273 -0.0000
vn -0.4433 0.8964 -0.0000
vn -0.3236 0.9462 -0.0000
vn -0.2086 0.9780 -0.0000
vn -0.1026 0.9947 -0.0000
vn -0.0138 0.9999 -0.0000
vn 0.0550 0.9985 -0.0000
vn 0.1151 0.9934 -0.0000
vn 0.1731 0.9849 -0.0000
vn 0.2284 0.9736 -0.0000
vn 0.2804 0.9599 -0.0000
vn 0.3289 0.9444 -0.0000
vn 0.3736 0.9276 -0.0000
vn 0.4145 0.9101 -0.0000
vn 0.4515 0.8922 -0.0000
vn 0.4850 0.8745 -0.0000
vn 0.5149 0.8572 -0.0000
vn -0.4880 0.8729 -0.0000
vn -0.8745 -0.4850 -0.0000
vn 0.9910 -0.1335 -0.0000
vn 0.9718 -0.2357 -0.0000
vn 0.9389 -0.3443 -0.0000
vn 0.8894 -0.4570 -0.0000
vn 0.8215 -0.5702 -0.0000
vn 0.7342 -0.6789 -0.0000
vn 0.6290 -0.7774 -0.0000
vn 0.5098 -0.8603 -0.0000
vn 0.3821 -0.9241 -0.0000
vn 0.2522 -0.9677 -0.0000
vn 0.1259 -0.9920 -0.0000
vn 0.0100 -0.9999 -0.0000
vn -0.0986 -0.9951 -0.0000
vn -0.2118 -0.9773 -0.0000
vn -0.3316 -0.9434 -0.0000
vn -0.4532 -0.8914 -0.0000
vn -0.5703 -0.8214 -0.0000
vn -0.6769 -0.7361 -0.0000
vn -0.7681 -0.6403 -0.0000
vn -0.8418 -0.5397 -0.0000
vn -0.8982 -0.4396 -0.0000
vn -0.9390 -0.3439 -0.0000
vn -0.9669 -0.2550 -0.0000
vn -0.7805 0.6252 -0.0000
vn 0.7342 0.6790 -0.0000
vn 0.4817 -0.8763 -0.0000
vn 0.4512 -0.8924 -0.0000
vn 0.4173 -0.9088 -0.0000
vn 0.3800 -0.9250 -0.0000
vn 0.3393 -0.9407 -0.0000
vn 0.2956 -0.9553 -0.0000
vn 0.2494 -0.9684 -0.0000
vn 0.2013 -0.9795 -0.0000
vn 0.1521 -0.9884 -0.0000
vn 0.1026 -0.9947 -0.0000
vn 0.0538 -0.9985 -0.0000
vn -0.0118 -0.9999 -0.0000
vn -0.1141 -0.9935 -0.0000
vn -0.2358 -0.9718 -0.0000
vn -0.3566 -0.9343 -0.0000
vn -0.4739 -0.8806 -0.0000
vn -0.5852 -0.8109 -0.0000
vn -0.6877 -0.7260 -0.0000
vn -0.7790 -0.6270 -0.0000
vn -0.8567 -0.5158 -0.0000
vn -0.9187 -0.3949 -0.0000
vn -0.9636 -0.2673 -0.0000
vn -0.9906 -0.1366 -0.0000
vn -1.0000 -0.0077 -0.0000
vn -0.9928 0.1195 -0.0000
vn -0.9686 0.2486 -0.0000
vn -0.9258 0.3781 -0.0000
vn -0.8641 0.5034 -0.0000
vn -0.7846 0.6200 -0.0000
vn -0.6899 0.7239 -0.0000
vn -0.5834 0.8122 -0.0000
vn -0.4692 0.8831 -0.0000
vn -0.3512 0.9363 -0.0000
vn -0.2330 0.9725 -0.0000
vn -0.1175 0.9931 -0.0000
vn -0.0190 0.9998 -0.0000
vn 0.0507 0.9987 -0.0000
vn 0.1055 0.9944 -0.0000
vn 0.1578 0.9875 -0.0000
vn 0.2078 0.9782 -0.0000
vn 0.2556 0.9668 -0.0000
vn 0.3013 0.9535 -0.0000
vn 0.3451 0.9386 -0.0000
vn 0.3870 0.9221 -0.0000
vn 0.4273 0.9041 -0.0000
vn 0.4661 0.8847 -0.0000
vn 0.5034 0.8640 -0.0000
vn -0.4918 0.8707 -0.0000
vn -0.8485 -0.5292 -0.0000
vn -0.4318 -0.9020 -0.0000
vn -0.4025 -0.9154 -0.0000
vn -0.3691 -0.9294 -0.0000
vn -0.3323 -0.9432 -0.0000
vn -0.2925 -0.9563 -0.0000
vn -0.2505 -0.9681 -0.0000
vn -0.2070 -0.9783 -0.0000
vn -0.1629 -0.9866 -0.0000
vn -0.1189 -0.9929 -0.0000
vn -0.0757 -0.9971 -0.0000
vn -0.0339 -0.9994 -0.0000
vn 0.0288 -0.9996 -0.0000
vn 0.2763 -0.9611 -0.0000
vn 0.4118 -0.9113 -0.0000
vn 0.5388 -0.8424 -0.0000
vn 0.6521 -0.7581 -0.0000
vn 0.7487 -0.6629 -0.0000
vn 0.8278 -0.5610 -0.0000
vn 0.8904 -0.4552 -0.0000
vn 0.9380 -0.3466 -0.0000
vn 0.9720 -0.2349 -0.0000
vn 0.9930 -0.1180 -0.0000
vn 1.0000 0.0058 -0.0000
vn 0.9910 0.1341 -0.0000
vn 0.9648 0.2631 -0.0000
vn 0.9208 0.3901 -0.0000
vn 0.8593 0.5114 -0.0000
vn 0.7817 0.6237 -0.0000
vn 0.6898 0.7240 -0.0000
vn 0.5861 0.8102 -0.0000
vn 0.4736 0.8807 -0.0000
vn 0.3553 0.9348 -0.0000
vn 0.2341 0.9722 -0.0000
vn 0.1128 0.9936 -0.0000
vn 0.0130 0.9999 -0.0000
vn -0.0470 0.9989 -0.0000
vn -0.0877 0.9961 -0.0000
vn -0.1278 0.9918 -0.0000
vn -0.1667 0.9860 -0.0000
vn -0.2037 0.9790 -0.0000
vn -0.2385 0.9711 -0.0000
vn -0.2708 0.9626 -0.0000
vn -0.3004 0.9538 -0.0000
vn -0.3273 0.9449 -0.0000
vn -0.3515 0.9362 -0.0000
vn -0.3730 0.9278 -0.0000
vn -0.4993 -0.8664 -0.0000
vn 0.1213 0.9926 -0.0000
vn -0.9210 0.3894 -0.0000
vn 0.3420 -0.9397 -0.0000
vn 0.8112 -0.5848 -0.0000
vn -0.4453 -0.8954 -0.0000
vn -0.9997 0.0239 -0.0000
vn -0.9359 0.3523 -0.0000
vn -0.7863 0.6178 -0.0000
vn -0.6658 0.7462 -0.0000
vn -0.5231 0.8522 -0.0000
vn 0.0077 1.0000 -0.0000
vn 0.4466 0.8947 -0.0000
vn 0.5542 0.8324 -0.0000
vn -0.4140 -0.9103 -0.0000
vn -0.9695 0.2451 -0.0000
vn 0.4341 0.9008 -0.0000
vn 0.4885 0.8726 -0.0000
vn 0.8441 0.5361 -0.0000
vn 0.8180 0.5752 -0.0000
vn 0.7858 0.6185 -0.0000
vn 0.7461 0.6658 -0.0000
vn 0.6970 0.7170 -0.0000
vn 0.6366 0.7712 -0.0000
vn 0.5628 0.8266 -0.0000
vn 0.4740 0.8805 -0.0000
vn 0.3701 0.9290 -0.0000
vn 0.2525 0.9676 -0.0000
vn 0.1252 0.9921 -0.0000
vn 0.0070 1.0000 -0.0000
vn -0.0855 0.9963 -0.0000
vn -0.1645 0.9864 -0.0000
vn -0.2414 0.9704 -0.0000
vn -0.3145 0.9493 -0.0000
vn -0.3825 0.9240 -0.0000
vn -0.4445 0.8958 -0.0000
vn -0.5002 0.8659 -0.0000
vn -0.5496 0.8354 -0.0000
vn -0.5929 0.8053 -0.0000
vn -0.6306 0.7761 -0.0000
vn -0.6631 0.7485 -0.0000
vn -0.9908 0.1353 -0.0000
vn -0.1338 -0.9910 -0.0000
vn 0.6625 -0.7490 -0.0000
vn 0.6266 -0.7793 -0.0000
vn 0.5902 -0.8073 -0.0000
vn 0.5526 -0.8334 -0.0000
vn 0.5130 -0.8584 -0.0000
vn 0.4702 -0.8826 -0.0000
vn 0.4227 -0.9063 -0.0000
vn 0.3684 -0.9297 -0.0000
vn 0.3044 -0.9525 -0.0000
vn 0.2263 -0.9741 -0.0000
vn 0.1281 -0.9918 -0.0000
vn -0.0020 -1.0000 -0.0000
vn -0.1590 -0.9873 -0.0000
vn -0.3172 -0.9484 -0.0000
vn -0.4611 -0.8873 -0.0000
vn -0.5868 -0.8097 -0.0000
vn -0.6931 -0.7209 -0.0000
vn -0.7806 -0.6250 -0.0000
vn -0.8511 -0.5250 -0.0000
vn -0.9063 -0.4227 -0.0000
vn -0.9477 -0.3191 -0.0000
vn -0.9767 -0.2148 -0.0000
vn -0.9939 -0.1103 -0.0000
vn -0.9995 -0.0321 -0.0000
vt 0.222222 0.000000
vt 0.259259 0.000000
vt 0.240741 0.000000
vt 0.277778 0.000000
vt 0.203704 0.000000
vt 0.296296 0.000000
vt 0.185185 0.000000
vt 0.314815 0.000000
vt 0.333333 0.000000
vt 0.166667 0.000000
vt 0.351852 0.000000
vt 0.962963 0.000000
vt 1.000000 0.000000
vt 0.981481 0.000000
vt 0.000000 0.000000
vt 0.148148 0.000000
vt 0.370370 0.000000
vt 0.388889 0.000000
vt 0.129630 0.000000
vt 0.407407 0.000000
vt 0.111111 0.000000
vt 0.425926 0.000000
vt 0.444444 0.000000
vt 0.092593 0.000000
vt 0.462963 0.000000
vt 0.074074 0.000000
vt 0.648148 0.000000
vt 0.629630 0.000000
vt 0.611111 0.000000
vt 0.592593 0.000000
vt 0.574074 0.000000
vt 0.555556 0.000000
vt 0.537037 0.000000
vt 0.518519 0.000000
vt 0.500000 0.000000
vt 0.481481 0.000000
vt 0.055556 0.000000
vt 0.685185 0.000000
vt 0.666667 0.000000
vt 0.037037 0.000000
vt 0.722222 0.000000
vt 0.703704 0.000000
vt 0.740741 0.000000
vt 0.759259 0.000000
vt 0.018519 0.000000
vt 0.777778 0.000000
vt 0.796296 0.000000
vt 0.870370 0.000000
vt 0.851852 0.000000
vt 0.833333 0.000000
vt 0.814815 0.000000
vt 0.888889 0.000000
vt 0.907407 0.000000
vt 0.925926 0.000000
vt 0.944444 0.000000
vt 0.560694 0.000000
vt 0.572254 0.000000
vt 0.566474 0.000000
vt 0.554913 0.000000
vt 0.578035 0.000000
vt 0.549133 0.000000
vt 0.543353 0.000000
vt 0.583815 0.000000
vt 0.537572 0.000000
vt 0.589595 0.000000
vt 0.531792 0.000000
vt 0.526012 0.000000
vt 0.595376 0.000000
vt 0.520231 0.000000
vt 0.601156 0.000000
vt 0.514451 0.000000
vt 0.508671 0.000000
vt 0.606936 0.000000
vt 0.502890 0.000000
vt 0.612717 0.000000
vt 0.497110 0.000000
vt 0.491329 0.000000
vt 0.485549 0.000000
vt 0.479769 0.000000
vt 0.473988 0.000000
vt 0.468208 0.000000
vt 0.462428 0.000000
vt 0.456647 0.000000
vt 0.450867 0.000000
vt 0.445087 0.000000
vt 0.439306 0.000000
vt 0.433526 0.000000
vt 0.427746 0.000000
vt 0.421965 0.000000
vt 0.618497 0.000000
vt 0.416185 0.000000
vt 0.624277 0.000000
vt 0.410405 0.000000
vt 0.404624 0.000000
vt 0.398844 0.000000
vt 0.393064 0.000000
vt 0.387283 0.000000
vt 0.630058 0.000000
vt 0.381503 0.000000
vt 0.375723 0.000000
vt 0.369942 0.000000
vt 0.635838 0.000000
vt 0.364162 0.000000
vt 0.358382 0.000000
vt 0.641618 0.000000
vt 0.352601 0.000000
vt 0.346821 0.000000
vt 0.341040 0.000000
vt 0.335260 0.000000
vt 0.329480 0.000000
vt 0.323699 0.000000
vt 0.317919 0.000000
vt 0.791907 0.000000
vt 0.994220 0.000000
vt 0.797688 0.000000
vt 0.312139 0.000000
vt 0.803468 0.000000
vt 0.306358 0.000000
vt 0.809249 0.000000
vt 0.300578 0.000000
vt 0.815029 0.000000
vt 0.820809 0.000000
vt 0.294798 0.000000
vt 0.826590 0.000000
vt 0.289017 0.000000
vt 0.832370 0.000000
vt 0.838150 0.000000
vt 0.283237 0.000000
vt 0.843931 0.000000
vt 0.849711 0.000000
vt 0.277457 0.000000
vt 0.855491 0.000000
vt 0.271676 0.000000
vt 0.861272 0.000000
vt 0.867052 0.000000
vt 0.265896 0.000000
vt 0.872832 0.000000
vt 0.878613 0.000000
vt 0.988439 0.000000
vt 0.260116 0.000000
vt 0.982659 0.000000
vt 0.884393 0.000000
vt 0.976879 0.000000
vt 0.774566 0.000000
vt 0.786127 0.000000
vt 0.780347 0.000000
vt 0.647399 0.000000
vt 0.890173 0.000000
vt 0.768786 0.000000
vt 0.971098 0.000000
vt 0.653179 0.000000
vt 0.763006 0.000000
vt 0.254335 0.000000
vt 0.895954 0.000000
vt 0.658960 0.000000
vt 0.965318 0.000000
vt 0.757225 0.000000
vt 0.664740 0.000000
vt 0.959538 0.000000
vt 0.751445 0.000000
vt 0.901734 0.000000
vt 0.670520 0.000000
vt 0.745665 0.000000
vt 0.953757 0.000000
vt 0.676301 0.000000
vt 0.739884 0.000000
vt 0.907514 0.000000
vt 0.682081 0.000000
vt 0.947977 0.000000
vt 0.734104 0.000000
vt 0.687861 0.000000
vt 0.248555 0.000000
vt 0.728324 0.000000
vt 0.913295 0.000000
vt 0.942197 0.000000
vt 0.693642 0.000000
vt 0.722543 0.000000
vt 0.699422 0.000000
vt 0.716763 0.000000
vt 0.936416 0.000000
vt 0.705202 0.000000
vt 0.710983 0.000000
vt 0.919075 0.000000
vt 0.930636 0.000000
vt 0.924855 0.000000
vt 0.132948 0.000000
vt 0.242775 0.000000
vt 0.138728 0.000000
vt 0.127168 0.000000
vt 0.236994 0.000000
vt 0.144509 0.000000
vt 0.121387 0.000000
vt 0.231214 0.000000
vt 0.150289 0.000000
vt 0.115607 0.000000
vt 0.005780 0.000000
vt 0.156069 0.000000
vt 0.109827 0.000000
vt 0.225434 0.000000
vt 0.011561 0.000000
vt 0.161850 0.000000
vt 0.104046 0.000000
vt 0.017341 0.000000
vt 0.219653 0.000000
vt 0.167630 0.000000
vt 0.098266 0.000000
vt 0.023121 0.000000
vt 0.173410 0.000000
vt 0.092486 0.000000
vt 0.028902 0.000000
vt 0.213873 0.000000
vt 0.179191 0.000000
vt 0.086705 0.000000
vt 0.034682 0.000000
vt 0.184971 0.000000
vt 0.040462 0.000000
vt 0.080925 0.000000
vt 0.208092 0.000000
vt 0.046243 0.000000
vt 0.190751 0.000000
vt 0.075145 0.000000
vt 0.052023 0.000000
vt 0.196532 0.000000
vt 0.069364 0.000000
vt 0.202312 0.000000
vt 0.057803 0.000000
vt 0.063584 0.000000
vt 0.346939 0.000000
vt 0.367347 0.000000
vt 0.357143 0.000000
vt 0.377551 0.000000
vt 0.336735 0.000000
vt 0.387755 0.000000
vt 0.326531 0.000000
vt 0.397959 0.000000
vt 0.316327 0.000000
vt 0.408163 0.000000
vt 0.306122 0.000000
vt 0.418367 0.000000
vt 0.295918 0.000000
vt 0.428571 0.000000
vt 0.285714 0.000000
vt 0.867347 0.000000
vt 0.877551 0.000000
vt 0.857143 0.000000
vt 0.887755 0.000000
vt 0.846939 0.000000
vt 0.897959 0.000000
vt 0.836735 0.000000
vt 0.438776 0.000000
vt 0.908163 0.000000
vt 0.275510 0.000000
vt 0.826531 0.000000
vt 0.918367 0.000000
vt 0.816327 0.000000
vt 0.928571 0.000000
vt 0.806122 0.000000
vt 0.938776 0.000000
vt 0.795918 0.000000
vt 0.265306 0.000000
vt 0.448980 0.000000
vt 0.948980 0.000000
vt 0.785714 0.000000
vt 0.959184 0.000000
vt 0.775510 0.000000
vt 0.255102 0.000000
vt 0.459184 0.000000
vt 0.969388 0.000000
vt 0.765306 0.000000
vt 0.979592 0.000000
vt 0.755102 0.000000
vt 0.244898 0.000000
vt 0.989796 0.000000
vt 0.469388 0.000000
vt 0.234694 0.000000
vt 0.479592 0.000000
vt 0.224490 0.000000
vt 0.489796 0.000000
vt 0.214286 0.000000
vt 0.510204 0.000000
vt 0.520408 0.000000
vt 0.204082 0.000000
vt 0.530612 0.000000
vt 0.193878 0.000000
vt 0.540816 0.000000
vt 0.724490 0.000000
vt 0.744898 0.000000
vt 0.734694 0.000000
vt 0.551020 0.000000
vt 0.714286 0.000000
vt 0.704082 0.000000
vt 0.183673 0.000000
vt 0.561224 0.000000
vt 0.693878 0.000000
vt 0.683673 0.000000
vt 0.571429 0.000000
vt 0.673469 0.000000
vt 0.581633 0.000000
vt 0.663265 0.000000
vt 0.173469 0.000000
vt 0.653061 0.000000
vt 0.591837 0.000000
vt 0.642857 0.000000
vt 0.602041 0.000000
vt 0.632653 0.000000
vt 0.622449 0.000000
vt 0.612245 0.000000
vt 0.163265 0.000000
vt 0.153061 0.000000
vt 0.010204 0.000000
vt 0.020408 0.000000
vt 0.142857 0.000000
vt 0.030612 0.000000
vt 0.040816 0.000000
vt 0.132653 0.000000
vt 0.051020 0.000000
vt 0.061224 0.000000
vt 0.122449 0.000000
vt 0.071429 0.000000
vt 0.081633 0.000000
vt 0.091837 0.000000
vt 0.112245 0.000000
vt 0.102041 0.000000
vt 0.855670 0.000000
vt 0.876289 0.000000
vt 0.865979 0.000000
vt 0.886598 0.000000
vt 0.896907 0.000000
vt 0.845361 0.000000
vt 0.907216 0.000000
vt 0.917526 0.000000
vt 0.927835 0.000000
vt 0.835052 0.000000
vt 0.938144 0.000000
vt 0.948454 0.000000
vt 0.958763 0.000000
vt 0.824742 0.000000
vt 0.969072 0.000000
vt 0.979381 0.000000
vt 0.989691 0.000000
vt 0.814433 0.000000
vt 0.092784 0.000000
vt 0.082474 0.000000
vt 0.072165 0.000000
vt 0.061856 0.000000
vt 0.051546 0.000000
vt 0.041237 0.000000
vt 0.030928 0.000000
vt 0.020619 0.000000
vt 0.010309 0.000000
vt 0.804124 0.000000
vt 0.113402 0.000000
vt 0.103093 0.000000
vt 0.123711 0.000000
vt 0.134021 0.000000
vt 0.144330 0.000000
vt 0.793814 0.000000
vt 0.154639 0.000000
vt 0.164948 0.000000
vt 0.783505 0.000000
vt 0.175258 0.000000
vt 0.185567 0.000000
vt 0.773196 0.000000
vt 0.195876 0.000000
vt 0.762887 0.000000
vt 0.206186 0.000000
vt 0.216495 0.000000
vt 0.752577 0.000000
vt 0.226804 0.000000
vt 0.742268 0.000000
vt 0.237113 0.000000
vt 0.247423 0.000000
vt 0.731959 0.000000
vt 0.257732 0.000000
vt 0.721649 0.000000
vt 0.268041 0.000000
vt 0.711340 0.000000
vt 0.278351 0.000000
vt 0.701031 0.000000
vt 0.288660 0.000000
vt 0.690722 0.000000
vt 0.298969 0.000000
vt 0.474227 0.000000
vt 0.494845 0.000000
vt 0.484536 0.000000
vt 0.309278 0.000000
vt 0.463918 0.000000
vt 0.680412 0.000000
vt 0.453608 0.000000
vt 0.319588 0.000000
vt 0.443299 0.000000
vt 0.432990 0.000000
vt 0.329897 0.000000
vt 0.422680 0.000000
vt 0.670103 0.000000
vt 0.412371 0.000000
vt 0.340206 0.000000
vt 0.402062 0.000000
vt 0.391753 0.000000
vt 0.350515 0.000000
vt 0.381443 0.000000
vt 0.371134 0.000000
vt 0.360825 0.000000
vt 0.659794 0.000000
vt 0.505155 0.000000
vt 0.649485 0.000000
vt 0.515464 0.000000
vt 0.525773 0.000000
vt 0.536082 0.000000
vt 0.639175 0.000000
vt 0.546392 0.000000
vt 0.556701 0.000000
vt 0.567010 0.000000
vt 0.628866 0.000000
vt 0.577320 0.000000
vt 0.587629 0.000000
vt 0.597938 0.000000
vt 0.618557 0.000000
vt 0.608247 0.000000
vt 0.103774 0.000000
vt 0.122642 0.000000
vt 0.113208 0.000000
vt 0.330189 0.000000
vt 0.349057 0.000000
vt 0.339623 0.000000
vt 0.094340 0.000000
vt 0.132075 0.000000
vt 0.320755 0.000000
vt 0.358491 0.000000
vt 0.084906 0.000000
vt 0.141509 0.000000
vt 0.311321 0.000000
vt 0.075472 0.000000
vt 0.150943 0.000000
vt 0.367925 0.000000
vt 0.301887 0.000000
vt 0.066038 0.000000
vt 0.981132 0.000000
vt 0.990566 0.000000
vt 0.160377 0.000000
vt 0.292453 0.000000
vt 0.056604 0.000000
vt 0.377358 0.000000
vt 0.169811 0.000000
vt 0.047170 0.000000
vt 0.283019 0.000000
vt 0.179245 0.000000
vt 0.386792 0.000000
vt 0.037736 0.000000
vt 0.273585 0.000000
vt 0.188679 0.000000
vt 0.028302 0.000000
vt 0.264151 0.000000
vt 0.396226 0.000000
vt 0.198113 0.000000
vt 0.018868 0.000000
vt 0.254717 0.000000
vt 0.207547 0.000000
vt 0.009434 0.000000
vt 0.405660 0.000000
vt 0.245283 0.000000
vt 0.216981 0.000000
vt 0.235849 0.000000
vt 0.594340 0.000000
vt 0.415094 0.000000
vt 0.962264 0.000000
vt 0.952830 0.000000
vt 0.943396 0.000000
vt 0.933962 0.000000
vt 0.924528 0.000000
vt 0.915094 0.000000
vt 0.905660 0.000000
vt 0.896226 0.000000
vt 0.886792 0.000000
vt 0.877358 0.000000
vt 0.867925 0.000000
vt 0.858491 0.000000
vt 0.849057 0.000000
vt 0.226415 0.000000
vt 0.603774 0.000000
vt 0.839623 0.000000
vt 0.584906 0.000000
vt 0.613208 0.000000
vt 0.830189 0.000000
vt 0.575472 0.000000
vt 0.622642 0.000000
vt 0.820755 0.000000
vt 0.566038 0.000000
vt 0.632075 0.000000
vt 0.811321 0.000000
vt 0.556604 0.000000
vt 0.641509 0.000000
vt 0.424528 0.000000
vt 0.801887 0.000000
vt 0.650943 0.000000
vt 0.547170 0.000000
vt 0.660377 0.000000
vt 0.792453 0.000000
vt 0.537736 0.000000
vt 0.669811 0.000000
vt 0.783019 0.000000
vt 0.528302 0.000000
vt 0.679245 0.000000
vt 0.433962 0.000000
vt 0.773585 0.000000
vt 0.688679 0.000000
vt 0.518868 0.000000
vt 0.698113 0.000000
vt 0.764151 0.000000
vt 0.509434 0.000000
vt 0.707547 0.000000
vt 0.443396 0.000000
vt 0.754717 0.000000
vt 0.971698 0.000000
vt 0.716981 0.000000
vt 0.745283 0.000000
vt 0.490566 0.000000
vt 0.452830 0.000000
vt 0.735849 0.000000
vt 0.481132 0.000000
vt 0.462264 0.000000
vt 0.726415 0.000000
vt 0.471698 0.000000
vt 0.336634 0.000000
vt 0.356436 0.000000
vt 0.346535 0.000000
vt 0.366337 0.000000
vt 0.376238 0.000000
vt 0.386139 0.000000
vt 0.326733 0.000000
vt 0.396040 0.000000
vt 0.405941 0.000000
vt 0.415842 0.000000
vt 0.316832 0.000000
vt 0.425743 0.000000
vt 0.435644 0.000000
vt 0.306931 0.000000
vt 0.445545 0.000000
vt 0.455446 0.000000
vt 0.297030 0.000000
vt 0.465347 0.000000
vt 0.574257 0.000000
vt 0.564356 0.000000
vt 0.554455 0.000000
vt 0.544554 0.000000
vt 0.534653 0.000000
vt 0.524752 0.000000
vt 0.514852 0.000000
vt 0.504951 0.000000
vt 0.495050 0.000000
vt 0.485149 0.000000
vt 0.475248 0.000000
vt 0.287129 0.000000
vt 0.594059 0.000000
vt 0.584158 0.000000
vt 0.603960 0.000000
vt 0.613861 0.000000
vt 0.623762 0.000000
vt 0.277228 0.000000
vt 0.633663 0.000000
vt 0.643564 0.000000
vt 0.267327 0.000000
vt 0.653465 0.000000
vt 0.663366 0.000000
vt 0.257426 0.000000
vt 0.673267 0.000000
vt 0.247525 0.000000
vt 0.683168 0.000000
vt 0.693069 0.000000
vt 0.237624 0.000000
vt 0.702970 0.000000
vt 0.227723 0.000000
vt 0.712871 0.000000
vt 0.722772 0.000000
vt 0.217822 0.000000
vt 0.970297 0.000000
vt 0.990099 0.000000
vt 0.980198 0.000000
vt 0.960396 0.000000
vt 0.732673 0.000000
vt 0.207921 0.000000
vt 0.742574 0.000000
vt 0.950495 0.000000
vt 0.198020 0.000000
vt 0.752475 0.000000
vt 0.762376 0.000000
vt 0.188119 0.000000
vt 0.772277 0.000000
vt 0.178218 0.000000
vt 0.782178 0.000000
vt 0.792079 0.000000
vt 0.168317 0.000000
vt 0.801980 0.000000
vt 0.940594 0.000000
vt 0.930693 0.000000
vt 0.920792 0.000000
vt 0.811881 0.000000
vt 0.910891 0.000000
vt 0.900990 0.000000
vt 0.891089 0.000000
vt 0.821782 0.000000
vt 0.158416 0.000000
vt 0.881188 0.000000
vt 0.871287 0.000000
vt 0.861386 0.000000
vt 0.831683 0.000000
vt 0.851485 0.000000
vt 0.841584 0.000000
vt 0.148515 0.000000
vt 0.009901 0.000000
vt 0.138614 0.000000
vt 0.019802 0.000000
vt 0.029703 0.000000
vt 0.128713 0.000000
vt 0.039604 0.000000
vt 0.049505 0.000000
vt 0.059406 0.000000
vt 0.118812 0.000000
vt 0.069307 0.000000
vt 0.079208 0.000000
vt 0.089109 0.000000
vt 0.108911 0.000000
vt 0.099010 0.000000
vt 0.000000 1.000000
vt 0.009804 1.000000
vt 0.009804 0.000000
vt 0.019608 1.000000
vt 0.019608 0.000000
vt 0.029412 1.000000
vt 0.029412 0.000000
vt 0.039216 1.000000
vt 0.039216 0.000000
vt 0.049020 1.000000
vt 0.049020 0.000000
vt 0.058824 1.000000
vt 0.058824 0.000000
vt 0.068627 1.000000
vt 0.068627 0.000000
vt 0.078431 1.000000
vt 0.078431 0.000000
vt 0.088235 1.000000
vt 0.088235 0.000000
vt 0.098039 1.000000
vt 0.098039 0.000000
vt 0.107843 1.000000
vt 0.107843 0.000000
vt 0.117647 1.000000
vt 0.117647 0.000000
vt 0.127451 1.000000
vt 0.127451 0.000000
vt 0.137255 1.000000
vt 0.137255 0.000000
vt 0.147059 1.000000
vt 0.147059 0.000000
vt 0.156863 1.000000
vt 0.156863 0.000000
vt 0.166667 1.000000
vt 0.176471 1.000000
vt 0.176471 0.000000
vt 0.186275 1.000000
vt 0.186275 0.000000
vt 0.196078 1.000000
vt 0.196078 0.000000
vt 0.205882 1.000000
vt 0.205882 0.000000
vt 0.215686 1.000000
vt 0.215686 0.000000
vt 0.225490 1.000000
vt 0.225490 0.000000
vt 0.235294 1.000000
vt 0.235294 0.000000
vt 0.245098 1.000000
vt 0.245098 0.000000
vt 0.254902 1.000000
vt 0.254902 0.000000
vt 0.264706 1.000000
vt 0.264706 0.000000
vt 0.274510 1.000000
vt 0.274510 0.000000
vt 0.284314 1.000000
vt 0.284314 0.000000
vt 0.294118 1.000000
vt 0.294118 0.000000
vt 0.303922 1.000000
vt 0.303922 0.000000
vt 0.313726 1.000000
vt 0.313726 0.000000
vt 0.323529 1.000000
vt 0.323529 0.000000
vt 0.333333 1.000000
vt 0.343137 1.000000
vt 0.343137 0.000000
vt 0.352941 1.000000
vt 0.352941 0.000000
vt 0.362745 1.000000
vt 0.362745 0.000000
vt 0.372549 1.000000
vt 0.372549 0.000000
vt 0.382353 1.000000
vt 0.382353 0.000000
vt 0.392157 1.000000
vt 0.392157 0.000000
vt 0.401961 1.000000
vt 0.401961 0.000000
vt 0.411765 1.000000
vt 0.411765 0.000000
vt 0.421569 1.000000
vt 0.421569 0.000000
vt 0.431373 1.000000
vt 0.431373 0.000000
vt 0.441176 1.000000
vt 0.441176 0.000000
vt 0.450980 1.000000
vt 0.450980 0.000000
vt 0.460784 1.000000
vt 0.460784 0.000000
vt 0.470588 1.000000
vt 0.470588 0.000000
vt 0.480392 1.000000
vt 0.480392 0.000000
vt 0.490196 1.000000
vt 0.490196 0.000000
vt 0.500000 1.000000
vt 0.509804 1.000000
vt 0.509804 0.000000
vt 0.519608 1.000000
vt 0.519608 0.000000
vt 0.529412 1.000000
vt 0.529412 0.000000
vt 0.539216 1.000000
vt 0.539216 0.000000
vt 0.549020 1.000000
vt 0.549020 0.000000
vt 0.558824 1.000000
vt 0.558824 0.000000
vt 0.568627 1.000000
vt 0.568627 0.000000
vt 0.578431 1.000000
vt 0.578431 0.000000
vt 0.588235 1.000000
vt 0.588235 0.000000
vt 0.598039 1.000000
vt 0.598039 0.000000
vt 0.607843 1.000000
vt 0.607843 0.000000
vt 0.617647 1.000000
vt 0.617647 0.000000
vt 0.627451 1.000000
vt 0.627451 0.000000
vt 0.637255 1.000000
vt 0.637255 0.000000
vt 0.647059 1.000000
vt 0.647059 0.000000
vt 0.656863 1.000000
vt 0.656863 0.000000
vt 0.666667 1.000000
vt 0.676471 1.000000
vt 0.676471 0.000000
vt 0.686275 1.000000
vt 0.686275 0.000000
vt 0.696078 1.000000
vt 0.696078 0.000000
vt 0.705882 1.000000
vt 0.705882 0.000000
vt 0.715686 1.000000
vt 0.715686 0.000000
vt 0.725490 1.000000
vt 0.725490 0.000000
vt 0.735294 1.000000
vt 0.735294 0.000000
vt 0.745098 1.000000
vt 0.745098 0.000000
vt 0.754902 1.000000
vt 0.754902 0.000000
vt 0.764706 1.000000
vt 0.764706 0.000000
vt 0.774510 1.000000
vt 0.774510 0.000000
vt 0.784314 1.000000
vt 0.784314 0.000000
vt 0.794118 1.000000
vt 0.794118 0.000000
vt 0.803922 1.000000
vt 0.803922 0.000000
vt 0.813725 1.000000
vt 0.813725 0.000000
vt 0.823529 1.000000
vt 0.823529 0.000000
vt 0.833333 1.000000
vt 0.843137 1.000000
vt 0.843137 0.000000
vt 0.852941 1.000000
vt 0.852941 0.000000
vt 0.862745 1.000000
vt 0.862745 0.000000
vt 0.872549 1.000000
vt 0.872549 0.000000
vt 0.882353 1.000000
vt 0.882353 0.000000
vt 0.892157 1.000000
vt 0.892157 0.000000
vt 0.901961 1.000000
vt 0.901961 0.000000
vt 0.911765 1.000000
vt 0.911765 0.000000
vt 0.921569 1.000000
vt 0.921569 0.000000
vt 0.931373 1.000000
vt 0.931373 0.000000
vt 0.941176 1.000000
vt 0.941176 0.000000
vt 0.950980 1.000000
vt 0.950980 0.000000
vt 0.960784 1.000000
vt 0.960784 0.000000
vt 0.970588 1.000000
vt 0.970588 0.000000
vt 0.980392 1.000000
vt 0.980392 0.000000
vt 0.990196 1.000000
vt 0.990196 0.000000
vt 1.000000 1.000000
vt 0.007299 1.000000
vt 0.007299 0.000000
vt 0.014599 1.000000
vt 0.014599 0.000000
vt 0.021898 1.000000
vt 0.021898 0.000000
vt 0.029197 1.000000
vt 0.029197 0.000000
vt 0.036496 1.000000
vt 0.036496 0.000000
vt 0.043796 1.000000
vt 0.043796 0.000000
vt 0.051095 1.000000
vt 0.051095 0.000000
vt 0.058394 1.000000
vt 0.058394 0.000000
vt 0.065693 1.000000
vt 0.065693 0.000000
vt 0.072993 1.000000
vt 0.072993 0.000000
vt 0.080292 1.000000
vt 0.080292 0.000000
vt 0.087591 1.000000
vt 0.087591 0.000000
vt 0.094891 1.000000
vt 0.094891 0.000000
vt 0.102190 1.000000
vt 0.102190 0.000000
vt 0.109489 1.000000
vt 0.109489 0.000000
vt 0.116788 1.000000
vt 0.116788 0.000000
vt 0.124088 1.000000
vt 0.124088 0.000000
vt 0.131387 1.000000
vt 0.131387 0.000000
vt 0.138686 1.000000
vt 0.138686 0.000000
vt 0.145985 1.000000
vt 0.145985 0.000000
vt 0.153285 1.000000
vt 0.153285 0.000000
vt 0.160584 1.000000
vt 0.160584 0.000000
vt 0.167883 1.000000
vt 0.167883 0.000000
vt 0.175182 1.000000
vt 0.175182 0.000000
vt 0.182482 1.000000
vt 0.182482 0.000000
vt 0.189781 1.000000
vt 0.189781 0.000000
vt 0.197080 1.000000
vt 0.197080 0.000000
vt 0.204380 1.000000
vt 0.204380 0.000000
vt 0.211679 1.000000
vt 0.211679 0.000000
vt 0.218978 1.000000
vt 0.218978 0.000000
vt 0.226277 1.000000
vt 0.226277 0.000000
vt 0.233577 1.000000
vt 0.233577 0.000000
vt 0.240876 1.000000
vt 0.240876 0.000000
vt 0.248175 1.000000
vt 0.248175 0.000000
vt 0.255474 1.000000
vt 0.255474 0.000000
vt 0.262774 1.000000
vt 0.262774 0.000000
vt 0.270073 1.000000
vt 0.270073 0.000000
vt 0.277372 1.000000
vt 0.277372 0.000000
vt 0.284672 1.000000
vt 0.284672 0.000000
vt 0.291971 1.000000
vt 0.291971 0.000000
vt 0.299270 1.000000
vt 0.299270 0.000000
vt 0.306569 1.000000
vt 0.306569 0.000000
vt 0.313869 1.000000
vt 0.313869 0.000000
vt 0.321168 1.000000
vt 0.321168 0.000000
vt 0.328467 1.000000
vt 0.328467 0.000000
vt 0.335766 1.000000
vt 0.335766 0.000000
vt 0.343066 1.000000
vt 0.343066 0.000000
vt 0.350365 1.000000
vt 0.350365 0.000000
vt 0.357664 1.000000
vt 0.357664 0.000000
vt 0.364964 1.000000
vt 0.364964 0.000000
vt 0.372263 1.000000
vt 0.372263 0.000000
vt 0.379562 1.000000
vt 0.379562 0.000000
vt 0.386861 1.000000
vt 0.386861 0.000000
vt 0.394161 1.000000
vt 0.394161 0.000000
vt 0.401460 1.000000
vt 0.401460 0.000000
vt 0.408759 1.000000
vt 0.408759 0.000000
vt 0.416058 1.000000
vt 0.416058 0.000000
vt 0.423358 1.000000
vt 0.423358 0.000000
vt 0.430657 1.000000
vt 0.430657 0.000000
vt 0.437956 1.000000
vt 0.437956 0.000000
vt 0.445255 1.000000
vt 0.445255 0.000000
vt 0.452555 1.000000
vt 0.452555 0.000000
vt 0.459854 1.000000
vt 0.459854 0.000000
vt 0.467153 1.000000
vt 0.467153 0.000000
vt 0.474453 1.000000
vt 0.474453 0.000000
vt 0.481752 1.000000
vt 0.481752 0.000000
vt 0.489051 1.000000
vt 0.489051 0.000000
vt 0.496350 1.000000
vt 0.496350 0.000000
vt 0.503650 1.000000
vt 0.503650 0.000000
vt 0.510949 1.000000
vt 0.510949 0.000000
vt 0.518248 1.000000
vt 0.518248 0.000000
vt 0.525547 1.000000
vt 0.525547 0.000000
vt 0.532847 1.000000
vt 0.532847 0.000000
vt 0.540146 1.000000
vt 0.540146 0.000000
vt 0.547445 1.000000
vt 0.547445 0.000000
vt 0.554745 1.000000
vt 0.554745 0.000000
vt 0.562044 1.000000
vt 0.562044 0.000000
vt 0.569343 1.000000
vt 0.569343 0.000000
vt 0.576642 1.000000
vt 0.576642 0.000000
vt 0.583942 1.000000
vt 0.583942 0.000000
vt 0.591241 1.000000
vt 0.591241 0.000000
vt 0.598540 1.000000
vt 0.598540 0.000000
vt 0.605839 1.000000
vt 0.605839 0.000000
vt 0.613139 1.000000
vt 0.613139 0.000000
vt 0.620438 1.000000
vt 0.620438 0.000000
vt 0.627737 1.000000
vt 0.627737 0.000000
vt 0.635036 1.000000
vt 0.635036 0.000000
vt 0.642336 1.000000
vt 0.642336 0.000000
vt 0.649635 1.000000
vt 0.649635 0.000000
vt 0.656934 1.000000
vt 0.656934 0.000000
vt 0.664234 1.000000
vt 0.664234 0.000000
vt 0.671533 1.000000
vt 0.671533 0.000000
vt 0.678832 1.000000
vt 0.678832 0.000000
vt 0.686131 1.000000
vt 0.686131 0.000000
vt 0.693431 1.000000
vt 0.693431 0.000000
vt 0.700730 1.000000
vt 0.700730 0.000000
vt 0.708029 1.000000
vt 0.708029 0.000000
vt 0.715328 1.000000
vt 0.715328 0.000000
vt 0.722628 1.000000
vt 0.722628 0.000000
vt 0.729927 1.000000
vt 0.729927 0.000000
vt 0.737226 1.000000
vt 0.737226 0.000000
vt 0.744526 1.000000
vt 0.744526 0.000000
vt 0.751825 1.000000
vt 0.751825 0.000000
vt 0.759124 1.000000
vt 0.759124 0.000000
vt 0.766423 1.000000
vt 0.766423 0.000000
vt 0.773723 1.000000
vt 0.773723 0.000000
vt 0.781022 1.000000
vt 0.781022 0.000000
vt 0.788321 1.000000
vt 0.788321 0.000000
vt 0.795620 1.000000
vt 0.795620 0.000000
vt 0.802920 1.000000
vt 0.802920 0.000000
vt 0.810219 1.000000
vt 0.810219 0.000000
vt 0.817518 1.000000
vt 0.817518 0.000000
vt 0.824818 1.000000
vt 0.824818 0.000000
vt 0.832117 1.000000
vt 0.832117 0.000000
vt 0.839416 1.000000
vt 0.839416 0.000000
vt 0.846715 1.000000
vt 0.846715 0.000000
vt 0.854015 1.000000
vt 0.854015 0.000000
vt 0.861314 1.000000
vt 0.861314 0.000000
vt 0.868613 1.000000
vt 0.868613 0.000000
vt 0.875912 1.000000
vt 0.875912 0.000000
vt 0.883212 1.000000
vt 0.883212 0.000000
vt 0.890511 1.000000
vt 0.890511 0.000000
vt 0.897810 1.000000
vt 0.897810 0.000000
vt 0.905109 1.000000
vt 0.905109 0.000000
vt 0.912409 1.000000
vt 0.912409 0.000000
vt 0.919708 1.000000
vt 0.919708 0.000000
vt 0.927007 1.000000
vt 0.927007 0.000000
vt 0.934307 1.000000
vt 0.934307 0.000000
vt 0.941606 1.000000
vt 0.941606 0.000000
vt 0.948905 1.000000
vt 0.948905 0.000000
vt 0.956204 1.000000
vt 0.956204 0.000000
vt 0.963504 1.000000
vt 0.963504 0.000000
vt 0.970803 1.000000
vt 0.970803 0.000000
vt 0.978102 1.000000
vt 0.978102 0.000000
vt 0.985401 1.000000
vt 0.985401 0.000000
vt 0.992701 1.000000
vt 0.992701 0.000000
vt 0.027027 1.000000
vt 0.027027 0.000000
vt 0.054054 1.000000
vt 0.054054 0.000000
vt 0.081081 1.000000
vt 0.081081 0.000000
vt 0.108108 1.000000
vt 0.108108 0.000000
vt 0.135135 1.000000
vt 0.135135 0.000000
vt 0.162162 1.000000
vt 0.162162 0.000000
vt 0.189189 1.000000
vt 0.189189 0.000000
vt 0.216216 1.000000
vt 0.216216 0.000000
vt 0.243243 1.000000
vt 0.243243 0.000000
vt 0.270270 1.000000
vt 0.270270 0.000000
vt 0.297297 1.000000
vt 0.297297 0.000000
vt 0.324324 1.000000
vt 0.324324 0.000000
vt 0.351351 1.000000
vt 0.351351 0.000000
vt 0.378378 1.000000
vt 0.378378 0.000000
vt 0.405405 1.000000
vt 0.405405 0.000000
vt 0.432432 1.000000
vt 0.432432 0.000000
vt 0.459459 1.000000
vt 0.459459 0.000000
vt 0.486486 1.000000
vt 0.486486 0.000000
vt 0.513514 1.000000
vt 0.513514 0.000000
vt 0.540541 1.000000
vt 0.540541 0.000000
vt 0.567568 1.000000
vt 0.567568 0.000000
vt 0.594595 1.000000
vt 0.594595 0.000000
vt 0.621622 1.000000
vt 0.621622 0.000000
vt 0.648649 1.000000
vt 0.648649 0.000000
vt 0.675676 1.000000
vt 0.675676 0.000000
vt 0.702703 1.000000
vt 0.702703 0.000000
vt 0.729730 1.000000
vt 0.729730 0.000000
vt 0.756757 1.000000
vt 0.756757 0.000000
vt 0.783784 1.000000
vt 0.783784 0.000000
vt 0.810811 1.000000
vt 0.810811 0.000000
vt 0.837838 1.000000
vt 0.837838 0.000000
vt 0.864865 1.000000
vt 0.864865 0.000000
vt 0.891892 1.000000
vt 0.891892 0.000000
vt 0.918919 1.000000
vt 0.918919 0.000000
vt 0.945946 1.000000
vt 0.945946 0.000000
vt 0.972973 1.000000
vt 0.972973 0.000000
vt 0.009346 1.000000
vt 0.009346 0.000000
vt 0.018692 1.000000
vt 0.018692 0.000000
vt 0.028037 1.000000
vt 0.028037 0.000000
vt 0.037383 1.000000
vt 0.037383 0.000000
vt 0.046729 1.000000
vt 0.046729 0.000000
vt 0.056075 1.000000
vt 0.056075 0.000000
vt 0.065421 1.000000
vt 0.065421 0.000000
vt 0.074766 1.000000
vt 0.074766 0.000000
vt 0.084112 1.000000
vt 0.084112 0.000000
vt 0.093458 1.000000
vt 0.093458 0.000000
vt 0.102804 1.000000
vt 0.102804 0.000000
vt 0.112150 1.000000
vt 0.112150 0.000000
vt 0.121495 1.000000
vt 0.121495 0.000000
vt 0.130841 1.000000
vt 0.130841 0.000000
vt 0.140187 1.000000
vt 0.140187 0.000000
vt 0.149533 1.000000
vt 0.149533 0.000000
vt 0.158879 1.000000
vt 0.158879 0.000000
vt 0.168224 1.000000
vt 0.168224 0.000000
vt 0.177570 1.000000
vt 0.177570 0.000000
vt 0.186916 1.000000
vt 0.186916 0.000000
vt 0.196262 1.000000
vt 0.196262 0.000000
vt 0.205607 1.000000
vt 0.205607 0.000000
vt 0.214953 1.000000
vt 0.214953 0.000000
vt 0.224299 1.000000
vt 0.224299 0.000000
vt 0.233645 1.000000
vt 0.233645 0.000000
vt 0.242991 1.000000
vt 0.242991 0.000000
vt 0.252336 1.000000
vt 0.252336 0.000000
vt 0.261682 1.000000
vt 0.261682 0.000000
vt 0.271028 1.000000
vt 0.271028 0.000000
vt 0.280374 1.000000
vt 0.280374 0.000000
vt 0.289720 1.000000
vt 0.289720 0.000000
vt 0.299065 1.000000
vt 0.299065 0.000000
vt 0.308411 1.000000
vt 0.308411 0.000000
vt 0.317757 1.000000
vt 0.317757 0.000000
vt 0.327103 1.000000
vt 0.327103 0.000000
vt 0.336449 1.000000
vt 0.336449 0.000000
vt 0.345794 1.000000
vt 0.345794 0.000000
vt 0.355140 1.000000
vt 0.355140 0.000000
vt 0.364486 1.000000
vt 0.364486 0.000000
vt 0.373832 1.000000
vt 0.373832 0.000000
vt 0.383178 1.000000
vt 0.383178 0.000000
vt 0.392523 1.000000
vt 0.392523 0.000000
vt 0.401869 1.000000
vt 0.401869 0.000000
vt 0.411215 1.000000
vt 0.411215 0.000000
vt 0.420561 1.000000
vt 0.420561 0.000000
vt 0.429907 1.000000
vt 0.429907 0.000000
vt 0.439252 1.000000
vt 0.439252 0.000000
vt 0.448598 1.000000
vt 0.448598 0.000000
vt 0.457944 1.000000
vt 0.457944 0.000000
vt 0.467290 1.000000
vt 0.467290 0.000000
vt 0.476636 1.000000
vt 0.476636 0.000000
vt 0.485981 1.000000
vt 0.485981 0.000000
vt 0.495327 1.000000
vt 0.495327 0.000000
vt 0.504673 1.000000
vt 0.504673 0.000000
vt 0.514019 1.000000
vt 0.514019 0.000000
vt 0.523364 1.000000
vt 0.523364 0.000000
vt 0.532710 1.000000
vt 0.532710 0.000000
vt 0.542056 1.000000
vt 0.542056 0.000000
vt 0.551402 1.000000
vt 0.551402 0.000000
vt 0.560748 1.000000
vt 0.560748 0.000000
vt 0.570093 1.000000
vt 0.570093 0.000000
vt 0.579439 1.000000
vt 0.579439 0.000000
vt 0.588785 1.000000
vt 0.588785 0.000000
vt 0.598131 1.000000
vt 0.598131 0.000000
vt 0.607477 1.000000
vt 0.607477 0.000000
vt 0.616822 1.000000
vt 0.616822 0.000000
vt 0.626168 1.000000
vt 0.626168 0.000000
vt 0.635514 1.000000
vt 0.635514 0.000000
vt 0.644860 1.000000
vt 0.644860 0.000000
vt 0.654206 1.000000
vt 0.654206 0.000000
vt 0.663551 1.000000
vt 0.663551 0.000000
vt 0.672897 1.000000
vt 0.672897 0.000000
vt 0.682243 1.000000
vt 0.682243 0.000000
vt 0.691589 1.000000
vt 0.691589 0.000000
vt 0.700935 1.000000
vt 0.700935 0.000000
vt 0.710280 1.000000
vt 0.710280 0.000000
vt 0.719626 1.000000
vt 0.719626 0.000000
vt 0.728972 1.000000
vt 0.728972 0.000000
vt 0.738318 1.000000
vt 0.738318 0.000000
vt 0.747664 1.000000
vt 0.747664 0.000000
vt 0.757009 1.000000
vt 0.757009 0.000000
vt 0.766355 1.000000
vt 0.766355 0.000000
vt 0.775701 1.000000
vt 0.775701 0.000000
vt 0.785047 1.000000
vt 0.785047 0.000000
vt 0.794393 1.000000
vt 0.794393 0.000000
vt 0.803738 1.000000
vt 0.803738 0.000000
vt 0.813084 1.000000
vt 0.813084 0.000000
vt 0.822430 1.000000
vt 0.822430 0.000000
vt 0.831776 1.000000
vt 0.831776 0.000000
vt 0.841121 1.000000
vt 0.841121 0.000000
vt 0.850467 1.000000
vt 0.850467 0.000000
vt 0.859813 1.000000
vt 0.859813 0.000000
vt 0.869159 1.000000
vt 0.869159 0.000000
vt 0.878505 1.000000
vt 0.878505 0.000000
vt 0.887850 1.000000
vt 0.887850 0.000000
vt 0.897196 1.000000
vt 0.897196 0.000000
vt 0.906542 1.000000
vt 0.906542 0.000000
vt 0.915888 1.000000
vt 0.915888 0.000000
vt 0.925234 1.000000
vt 0.925234 0.000000
vt 0.934579 1.000000
vt 0.934579 0.000000
vt 0.943925 1.000000
vt 0.943925 0.000000
vt 0.953271 1.000000
vt 0.953271 0.000000
vt 0.962617 1.000000
vt 0.962617 0.000000
vt 0.971963 1.000000
vt 0.971963 0.000000
vt 0.981308 1.000000
vt 0.981308 0.000000
vt 0.990654 1.000000
vt 0.990654 0.000000
vt 0.013514 1.000000
vt 0.013514 0.000000
vt 0.040541 1.000000
vt 0.040541 0.000000
vt 0.067568 1.000000
vt 0.067568 0.000000
vt 0.094595 1.000000
vt 0.094595 0.000000
vt 0.121622 1.000000
vt 0.121622 0.000000
vt 0.148649 1.000000
vt 0.148649 0.000000
vt 0.175676 1.000000
vt 0.175676 0.000000
vt 0.202703 1.000000
vt 0.202703 0.000000
vt 0.229730 1.000000
vt 0.229730 0.000000
vt 0.256757 1.000000
vt 0.256757 0.000000
vt 0.283784 1.000000
vt 0.283784 0.000000
vt 0.310811 1.000000
vt 0.310811 0.000000
vt 0.337838 1.000000
vt 0.337838 0.000000
vt 0.364865 1.000000
vt 0.364865 0.000000
vt 0.391892 1.000000
vt 0.391892 0.000000
vt 0.418919 1.000000
vt 0.418919 0.000000
vt 0.445946 1.000000
vt 0.445946 0.000000
vt 0.472973 1.000000
vt 0.472973 0.000000
vt 0.527027 1.000000
vt 0.527027 0.000000
vt 0.554054 1.000000
vt 0.554054 0.000000
vt 0.581081 1.000000
vt 0.581081 0.000000
vt 0.608108 1.000000
vt 0.608108 0.000000
vt 0.635135 1.000000
vt 0.635135 0.000000
vt 0.662162 1.000000
vt 0.662162 0.000000
vt 0.689189 1.000000
vt 0.689189 0.000000
vt 0.716216 1.000000
vt 0.716216 0.000000
vt 0.743243 1.000000
vt 0.743243 0.000000
vt 0.770270 1.000000
vt 0.770270 0.000000
vt 0.797297 1.000000
vt 0.797297 0.000000
vt 0.824324 1.000000
vt 0.824324 0.000000
vt 0.851351 1.000000
vt 0.851351 0.000000
vt 0.878378 1.000000
vt 0.878378 0.000000
vt 0.905405 1.000000
vt 0.905405 0.000000
vt 0.932432 1.000000
vt 0.932432 0.000000
vt 0.959459 1.000000
vt 0.959459 0.000000
vt 0.986486 1.000000
vt 0.986486 0.000000
vt 0.040000 1.000000
vt 0.040000 0.000000
vt 0.080000 1.000000
vt 0.080000 0.000000
vt 0.120000 1.000000
vt 0.120000 0.000000
vt 0.160000 1.000000
vt 0.160000 0.000000
vt 0.200000 1.000000
vt 0.200000 0.000000
vt 0.240000 1.000000
vt 0.240000 0.000000
vt 0.280000 1.000000
vt 0.280000 0.000000
vt 0.320000 1.000000
vt 0.320000 0.000000
vt 0.360000 1.000000
vt 0.360000 0.000000
vt 0.400000 1.000000
vt 0.400000 0.000000
vt 0.440000 1.000000
vt 0.440000 0.000000
vt 0.480000 1.000000
vt 0.480000 0.000000
vt 0.520000 1.000000
vt 0.520000 0.000000
vt 0.560000 1.000000
vt 0.560000 0.000000
vt 0.600000 1.000000
vt 0.600000 0.000000
vt 0.640000 1.000000
vt 0.640000 0.000000
vt 0.680000 1.000000
vt 0.680000 0.000000
vt 0.720000 1.000000
vt 0.720000 0.000000
vt 0.760000 1.000000
vt 0.760000 0.000000
vt 0.800000 1.000000
vt 0.800000 0.000000
vt 0.840000 1.000000
vt 0.840000 0.000000
vt 0.880000 1.000000
vt 0.880000 0.000000
vt 0.920000 1.000000
vt 0.920000 0.000000
vt 0.960000 1.000000
vt 0.960000 0.000000
vt 0.010204 1.000000
vt 0.020408 1.000000
vt 0.030612 1.000000
vt 0.040816 1.000000
vt 0.051020 1.000000
vt 0.061224 1.000000
vt 0.071429 1.000000
vt 0.081633 1.000000
vt 0.091837 1.000000
vt 0.102041 1.000000
vt 0.112245 1.000000
vt 0.122449 1.000000
vt 0.132653 1.000000
vt 0.142857 1.000000
vt 0.153061 1.000000
vt 0.163265 1.000000
vt 0.173469 1.000000
vt 0.183673 1.000000
vt 0.193878 1.000000
vt 0.204082 1.000000
vt 0.214286 1.000000
vt 0.224490 1.000000
vt 0.234694 1.000000
vt 0.244898 1.000000
vt 0.255102 1.000000
vt 0.265306 1.000000
vt 0.275510 1.000000
vt 0.285714 1.000000
vt 0.295918 1.000000
vt 0.306122 1.000000
vt 0.316327 1.000000
vt 0.326531 1.000000
vt 0.336735 1.000000
vt 0.346939 1.000000
vt 0.357143 1.000000
vt 0.367347 1.000000
vt 0.377551 1.000000
vt 0.387755 1.000000
vt 0.397959 1.000000
vt 0.408163 1.000000
vt 0.418367 1.000000
vt 0.428571 1.000000
vt 0.438776 1.000000
vt 0.448980 1.000000
vt 0.459184 1.000000
vt 0.469388 1.000000
vt 0.479592 1.000000
vt 0.489796 1.000000
vt 0.510204 1.000000
vt 0.520408 1.000000
vt 0.530612 1.000000
vt 0.540816 1.000000
vt 0.551020 1.000000
vt 0.561224 1.000000
vt 0.571429 1.000000
vt 0.581633 1.000000
vt 0.591837 1.000000
vt 0.602041 1.000000
vt 0.612245 1.000000
vt 0.622449 1.000000
vt 0.632653 1.000000
vt 0.642857 1.000000
vt 0.653061 1.000000
vt 0.663265 1.000000
vt 0.673469 1.000000
vt 0.683673 1.000000
vt 0.693878 1.000000
vt 0.704082 1.000000
vt 0.714286 1.000000
vt 0.724490 1.000000
vt 0.734694 1.000000
vt 0.744898 1.000000
vt 0.755102 1.000000
vt 0.765306 1.000000
vt 0.775510 1.000000
vt 0.785714 1.000000
vt 0.795918 1.000000
vt 0.806122 1.000000
vt 0.816327 1.000000
vt 0.826531 1.000000
vt 0.836735 1.000000
vt 0.846939 1.000000
vt 0.857143 1.000000
vt 0.867347 1.000000
vt 0.877551 1.000000
vt 0.887755 1.000000
vt 0.897959 1.000000
vt 0.908163 1.000000
vt 0.918367 1.000000
vt 0.928571 1.000000
vt 0.938776 1.000000
vt 0.948980 1.000000
vt 0.959184 1.000000
vt 0.969388 1.000000
vt 0.979592 1.000000
vt 0.989796 1.000000
vt 0.250000 1.000000
vt 0.250000 0.000000
vt 0.750000 1.000000
vt 0.750000 0.000000
vt 0.018182 1.000000
vt 0.018182 0.000000
vt 0.036364 1.000000
vt 0.036364 0.000000
vt 0.054545 1.000000
vt 0.054545 0.000000
vt 0.072727 1.000000
vt 0.072727 0.000000
vt 0.090909 1.000000
vt 0.090909 0.000000
vt 0.109091 1.000000
vt 0.109091 0.000000
vt 0.127273 1.000000
vt 0.127273 0.000000
vt 0.145455 1.000000
vt 0.145455 0.000000
vt 0.163636 1.000000
vt 0.163636 0.000000
vt 0.181818 1.000000
vt 0.181818 0.000000
vt 0.218182 1.000000
vt 0.218182 0.000000
vt 0.236364 1.000000
vt 0.236364 0.000000
vt 0.254545 1.000000
vt 0.254545 0.000000
vt 0.272727 1.000000
vt 0.272727 0.000000
vt 0.290909 1.000000
vt 0.290909 0.000000
vt 0.309091 1.000000
vt 0.309091 0.000000
vt 0.327273 1.000000
vt 0.327273 0.000000
vt 0.345455 1.000000
vt 0.345455 0.000000
vt 0.363636 1.000000
vt 0.363636 0.000000
vt 0.381818 1.000000
vt 0.381818 0.000000
vt 0.418182 1.000000
vt 0.418182 0.000000
vt 0.436364 1.000000
vt 0.436364 0.000000
vt 0.454545 1.000000
vt 0.454545 0.000000
vt 0.472727 1.000000
vt 0.472727 0.000000
vt 0.490909 1.000000
vt 0.490909 0.000000
vt 0.509091 1.000000
vt 0.509091 0.000000
vt 0.527273 1.000000
vt 0.527273 0.000000
vt 0.545455 1.000000
vt 0.545455 0.000000
vt 0.563636 1.000000
vt 0.563636 0.000000
vt 0.581818 1.000000
vt 0.581818 0.000000
vt 0.618182 1.000000
vt 0.618182 0.000000
vt 0.636364 1.000000
vt 0.636364 0.000000
vt 0.654545 1.000000
vt 0.654545 0.000000
vt 0.672727 1.000000
vt 0.672727 0.000000
vt 0.690909 1.000000
vt 0.690909 0.000000
vt 0.709091 1.000000
vt 0.709091 0.000000
vt 0.727273 1.000000
vt 0.727273 0.000000
vt 0.745455 1.000000
vt 0.745455 0.000000
vt 0.763636 1.000000
vt 0.763636 0.000000
vt 0.781818 1.000000
vt 0.781818 0.000000
vt 0.818182 1.000000
vt 0.818182 0.000000
vt 0.836364 1.000000
vt 0.836364 0.000000
vt 0.854545 1.000000
vt 0.854545 0.000000
vt 0.872727 1.000000
vt 0.872727 0.000000
vt 0.890909 1.000000
vt 0.890909 0.000000
vt 0.909091 1.000000
vt 0.909091 0.000000
vt 0.927273 1.000000
vt 0.927273 0.000000
vt 0.945455 1.000000
vt 0.945455 0.000000
vt 0.963636 1.000000
vt 0.963636 0.000000
vt 0.981818 1.000000
vt 0.981818 0.000000
s 0
f 13/1/1 15/2/1 14/3/1
f 13/1/1 16/4/1 15/2/1
f 12/5/1 16/4/1 13/1/1
f 12/5/1 17/6/1 16/4/1
f 11/7/1 17/6/1 12/5/1
f 11/7/1 18/8/1 17/6/1
f 11/7/1 19/9/1 18/8/1
f 10/10/1 19/9/1 11/7/1
f 10/10/1 20/11/1 19/9/1
f 53/12/1 55/13/1 54/14/1
f 53/12/1 1/15/1 55/13/1
f 9/16/1 20/11/1 10/10/1
f 9/16/1 21/17/1 20/11/1
f 9/16/1 22/18/1 21/17/1
f 8/19/1 22/18/1 9/16/1
f 8/19/1 23/20/1 22/18/1
f 7/21/1 23/20/1 8/19/1
f 7/21/1 24/22/1 23/20/1
f 7/21/1 25/23/1 24/22/1
f 6/24/1 25/23/1 7/21/1
f 6/24/1 26/25/1 25/23/1
f 5/26/1 26/25/1 6/24/1
f 5/26/1 36/27/1 26/25/1
f 36/27/1 35/28/1 26/25/1
f 35/28/1 34/29/1 26/25/1
f 34/29/1 33/30/1 26/25/1
f 33/30/1 32/31/1 26/25/1
f 32/31/1 31/32/1 26/25/1
f 31/32/1 30/33/1 26/25/1
f 30/33/1 29/34/1 26/25/1
f 29/34/1 28/35/1 26/25/1
f 28/35/1 27/36/1 26/25/1
f 4/37/1 38/38/1 5/26/1
f 38/38/1 37/39/1 5/26/1
f 37/39/1 36/27/1 5/26/1
f 3/40/1 40/41/1 4/37/1
f 40/41/1 39/42/1 4/37/1
f 39/42/1 38/38/1 4/37/1
f 3/40/1 41/43/1 40/41/1
f 3/40/1 42/44/1 41/43/1
f 2/45/1 42/44/1 3/40/1
f 2/45/1 43/46/1 42/44/1
f 2/45/1 44/47/1 43/46/1
f 53/12/1 2/45/1 1/15/1
f 53/12/1 48/48/1 2/45/1
f 48/48/1 47/49/1 2/45/1
f 47/49/1 46/50/1 2/45/1
f 46/50/1 45/51/1 2/45/1
f 45/51/1 44/47/1 2/45/1
f 53/12/1 49/52/1 48/48/1
f 53/12/1 50/53/1 49/52/1
f 53/12/1 51/54/1 50/53/1
f 53/12/1 52/55/1 51/54/1
f 153/56/1 155/57/1 154/58/1
f 152/59/1 155/57/1 153/56/1
f 152/59/1 156/60/1 155/57/1
f 151/61/1 156/60/1 152/59/1
f 150/62/1 156/60/1 151/61/1
f 150/62/1 157/63/1 156/60/1
f 149/64/1 157/63/1 150/62/1
f 149/64/1 158/65/1 157/63/1
f 148/66/1 158/65/1 149/64/1
f 147/67/1 158/65/1 148/66/1
f 147/67/1 159/68/1 158/65/1
f 146/69/1 159/68/1 147/67/1
f 146/69/1 160/70/1 159/68/1
f 145/71/1 160/70/1 146/69/1
f 144/72/1 160/70/1 145/71/1
f 144/72/1 161/73/1 160/70/1
f 143/74/1 161/73/1 144/72/1
f 143/74/1 162/75/1 161/73/1
f 142/76/1 162/75/1 143/74/1
f 141/77/1 140/78/1 142/76/1
f 140/78/1 139/79/1 142/76/1
f 139/79/1 138/80/1 142/76/1
f 138/80/1 137/81/1 142/76/1
f 137/81/1 136/82/1 142/76/1
f 136/82/1 135/83/1 142/76/1
f 135/83/1 134/84/1 142/76/1
f 134/84/1 133/85/1 142/76/1
f 133/85/1 132/86/1 142/76/1
f 132/86/1 131/87/1 142/76/1
f 131/87/1 162/75/1 142/76/1
f 131/87/1 130/88/1 162/75/1
f 130/88/1 129/89/1 162/75/1
f 129/89/1 163/90/1 162/75/1
f 129/89/1 128/91/1 163/90/1
f 128/91/1 164/92/1 163/90/1
f 127/93/1 164/92/1 128/91/1
f 126/94/1 164/92/1 127/93/1
f 125/95/1 164/92/1 126/94/1
f 124/96/1 164/92/1 125/95/1
f 123/97/1 164/92/1 124/96/1
f 123/97/1 165/98/1 164/92/1
f 122/99/1 165/98/1 123/97/1
f 121/100/1 165/98/1 122/99/1
f 120/101/1 165/98/1 121/100/1
f 120/101/1 166/102/1 165/98/1
f 119/103/1 166/102/1 120/101/1
f 118/104/1 166/102/1 119/103/1
f 118/104/1 167/105/1 166/102/1
f 117/106/1 167/105/1 118/104/1
f 116/107/1 167/105/1 117/106/1
f 115/108/1 229/13/1 116/107/1
f 229/13/1 167/105/1 116/107/1
f 114/109/1 229/13/1 115/108/1
f 113/110/1 229/13/1 114/109/1
f 112/111/1 229/13/1 113/110/1
f 111/112/1 229/13/1 112/111/1
f 111/112/1 193/113/1 229/13/1
f 228/114/1 167/105/1 229/13/1
f 111/112/1 194/115/1 193/113/1
f 110/116/1 194/115/1 111/112/1
f 110/116/1 195/117/1 194/115/1
f 109/118/1 195/117/1 110/116/1
f 109/118/1 196/119/1 195/117/1
f 108/120/1 196/119/1 109/118/1
f 108/120/1 197/121/1 196/119/1
f 108/120/1 198/122/1 197/121/1
f 107/123/1 198/122/1 108/120/1
f 107/123/1 199/124/1 198/122/1
f 106/125/1 199/124/1 107/123/1
f 106/125/1 200/126/1 199/124/1
f 106/125/1 201/127/1 200/126/1
f 105/128/1 201/127/1 106/125/1
f 105/128/1 202/129/1 201/127/1
f 105/128/1 203/130/1 202/129/1
f 104/131/1 203/130/1 105/128/1
f 104/131/1 204/132/1 203/130/1
f 103/133/1 204/132/1 104/131/1
f 103/133/1 205/134/1 204/132/1
f 103/133/1 206/135/1 205/134/1
f 102/136/1 206/135/1 103/133/1
f 102/136/1 207/137/1 206/135/1
f 102/136/1 208/138/1 207/137/1
f 227/139/1 167/105/1 228/114/1
f 101/140/1 208/138/1 102/136/1
f 226/141/1 167/105/1 227/139/1
f 101/140/1 209/142/1 208/138/1
f 225/143/1 167/105/1 226/141/1
f 190/144/1 192/145/1 191/146/1
f 225/143/1 168/147/1 167/105/1
f 101/140/1 210/148/1 209/142/1
f 189/149/1 192/145/1 190/144/1
f 224/150/1 168/147/1 225/143/1
f 224/150/1 169/151/1 168/147/1
f 188/152/1 192/145/1 189/149/1
f 100/153/1 210/148/1 101/140/1
f 100/153/1 211/154/1 210/148/1
f 224/150/1 170/155/1 169/151/1
f 223/156/1 170/155/1 224/150/1
f 187/157/1 192/145/1 188/152/1
f 223/156/1 171/158/1 170/155/1
f 222/159/1 171/158/1 223/156/1
f 186/160/1 192/145/1 187/157/1
f 100/153/1 212/161/1 211/154/1
f 222/159/1 172/162/1 171/158/1
f 185/163/1 192/145/1 186/160/1
f 221/164/1 172/162/1 222/159/1
f 221/164/1 173/165/1 172/162/1
f 184/166/1 192/145/1 185/163/1
f 100/153/1 213/167/1 212/161/1
f 221/164/1 174/168/1 173/165/1
f 220/169/1 174/168/1 221/164/1
f 183/170/1 192/145/1 184/166/1
f 220/169/1 175/171/1 174/168/1
f 99/172/1 213/167/1 100/153/1
f 182/173/1 192/145/1 183/170/1
f 99/172/1 214/174/1 213/167/1
f 219/175/1 175/171/1 220/169/1
f 219/175/1 176/176/1 175/171/1
f 181/177/1 192/145/1 182/173/1
f 219/175/1 177/178/1 176/176/1
f 180/179/1 192/145/1 181/177/1
f 218/180/1 177/178/1 219/175/1
f 218/180/1 178/181/1 177/178/1
f 179/182/1 192/145/1 180/179/1
f 218/180/1 179/182/1 178/181/1
f 99/172/1 215/183/1 214/174/1
f 218/180/1 192/145/1 179/182/1
f 217/184/1 192/145/1 218/180/1
f 99/172/1 216/185/1 215/183/1
f 216/185/1 192/145/1 217/184/1
f 99/172/1 79/186/1 216/185/1
f 79/186/1 192/145/1 216/185/1
f 98/187/1 79/186/1 99/172/1
f 98/187/1 80/188/1 79/186/1
f 78/189/1 192/145/1 79/186/1
f 97/190/1 80/188/1 98/187/1
f 97/190/1 81/191/1 80/188/1
f 77/192/1 192/145/1 78/189/1
f 77/192/1 56/15/1 192/145/1
f 96/193/1 81/191/1 97/190/1
f 96/193/1 82/194/1 81/191/1
f 76/195/1 56/15/1 77/192/1
f 76/195/1 57/196/1 56/15/1
f 96/193/1 83/197/1 82/194/1
f 75/198/1 57/196/1 76/195/1
f 95/199/1 83/197/1 96/193/1
f 75/198/1 58/200/1 57/196/1
f 95/199/1 84/201/1 83/197/1
f 74/202/1 58/200/1 75/198/1
f 74/202/1 59/203/1 58/200/1
f 94/204/1 84/201/1 95/199/1
f 94/204/1 85/205/1 84/201/1
f 73/206/1 59/203/1 74/202/1
f 73/206/1 60/207/1 59/203/1
f 94/204/1 86/208/1 85/205/1
f 72/209/1 60/207/1 73/206/1
f 72/209/1 61/210/1 60/207/1
f 93/211/1 86/208/1 94/204/1
f 93/211/1 87/212/1 86/208/1
f 71/213/1 61/210/1 72/209/1
f 71/213/1 62/214/1 61/210/1
f 93/211/1 88/215/1 87/212/1
f 71/213/1 63/216/1 62/214/1
f 70/217/1 63/216/1 71/213/1
f 92/218/1 88/215/1 93/211/1
f 70/217/1 64/219/1 63/216/1
f 92/218/1 89/220/1 88/215/1
f 69/221/1 64/219/1 70/217/1
f 69/221/1 65/222/1 64/219/1
f 92/218/1 90/223/1 89/220/1
f 68/224/1 65/222/1 69/221/1
f 91/225/1 90/223/1 92/218/1
f 68/224/1 66/226/1 65/222/1
f 67/227/1 66/226/1 68/224/1
f 264/228/1 266/229/1 265/230/1
f 264/228/1 267/231/1 266/229/1
f 263/232/1 267/231/1 264/228/1
f 263/232/1 268/233/1 267/231/1
f 262/234/1 268/233/1 263/232/1
f 262/234/1 269/235/1 268/233/1
f 261/236/1 269/235/1 262/234/1
f 261/236/1 270/237/1 269/235/1
f 260/238/1 270/237/1 261/236/1
f 260/238/1 271/239/1 270/237/1
f 259/240/1 271/239/1 260/238/1
f 259/240/1 272/241/1 271/239/1
f 258/242/1 315/243/1 259/240/1
f 315/243/1 272/241/1 259/240/1
f 258/242/1 316/244/1 315/243/1
f 314/245/1 272/241/1 315/243/1
f 258/242/1 317/246/1 316/244/1
f 313/247/1 272/241/1 314/245/1
f 258/242/1 318/248/1 317/246/1
f 312/249/1 272/241/1 313/247/1
f 312/249/1 273/250/1 272/241/1
f 258/242/1 319/251/1 318/248/1
f 257/252/1 319/251/1 258/242/1
f 311/253/1 273/250/1 312/249/1
f 257/252/1 320/254/1 319/251/1
f 310/255/1 273/250/1 311/253/1
f 257/252/1 321/256/1 320/254/1
f 309/257/1 273/250/1 310/255/1
f 257/252/1 322/258/1 321/256/1
f 308/259/1 273/250/1 309/257/1
f 256/260/1 322/258/1 257/252/1
f 308/259/1 274/261/1 273/250/1
f 256/260/1 323/262/1 322/258/1
f 307/263/1 274/261/1 308/259/1
f 256/260/1 324/264/1 323/262/1
f 306/265/1 274/261/1 307/263/1
f 255/266/1 324/264/1 256/260/1
f 306/265/1 275/267/1 274/261/1
f 255/266/1 325/268/1 324/264/1
f 305/269/1 275/267/1 306/265/1
f 255/266/1 326/270/1 325/268/1
f 304/271/1 275/267/1 305/269/1
f 254/272/1 326/270/1 255/266/1
f 254/272/1 327/273/1 326/270/1
f 304/271/1 276/274/1 275/267/1
f 328/13/1 276/274/1 304/271/1
f 254/272/1 328/13/1 327/273/1
f 254/272/1 276/274/1 328/13/1
f 253/275/1 276/274/1 254/272/1
f 253/275/1 277/276/1 276/274/1
f 252/277/1 278/278/1 253/275/1
f 278/278/1 277/276/1 253/275/1
f 252/277/1 279/35/1 278/278/1
f 251/279/1 279/35/1 252/277/1
f 251/279/1 280/280/1 279/35/1
f 251/279/1 281/281/1 280/280/1
f 250/282/1 281/281/1 251/279/1
f 250/282/1 282/283/1 281/281/1
f 249/284/1 282/283/1 250/282/1
f 249/284/1 283/285/1 282/283/1
f 301/286/1 303/287/1 302/288/1
f 249/284/1 284/289/1 283/285/1
f 300/290/1 303/287/1 301/286/1
f 299/291/1 303/287/1 300/290/1
f 248/292/1 284/289/1 249/284/1
f 248/292/1 285/293/1 284/289/1
f 298/294/1 303/287/1 299/291/1
f 297/295/1 303/287/1 298/294/1
f 248/292/1 286/296/1 285/293/1
f 296/297/1 303/287/1 297/295/1
f 248/292/1 287/298/1 286/296/1
f 295/299/1 303/287/1 296/297/1
f 247/300/1 287/298/1 248/292/1
f 294/301/1 303/287/1 295/299/1
f 247/300/1 288/302/1 287/298/1
f 293/303/1 303/287/1 294/301/1
f 247/300/1 289/304/1 288/302/1
f 292/305/1 303/287/1 293/303/1
f 291/306/1 303/287/1 292/305/1
f 247/300/1 290/307/1 289/304/1
f 290/307/1 303/287/1 291/306/1
f 247/300/1 303/287/1 290/307/1
f 246/308/1 303/287/1 247/300/1
f 246/308/1 230/15/1 303/287/1
f 245/309/1 230/15/1 246/308/1
f 245/309/1 231/310/1 230/15/1
f 245/309/1 232/311/1 231/310/1
f 244/312/1 232/311/1 245/309/1
f 244/312/1 233/313/1 232/311/1
f 244/312/1 234/314/1 233/313/1
f 243/315/1 234/314/1 244/312/1
f 243/315/1 235/316/1 234/314/1
f 243/315/1 236/317/1 235/316/1
f 242/318/1 236/317/1 243/315/1
f 242/318/1 237/319/1 236/317/1
f 242/318/1 238/320/1 237/319/1
f 242/318/1 239/321/1 238/320/1
f 241/322/1 239/321/1 242/318/1
f 241/322/1 240/323/1 239/321/1
f 329/15/1 331/39/1 330/9/1
f 329/15/1 332/13/1 331/39/1
f 416/324/1 418/325/1 417/326/1
f 416/324/1 419/327/1 418/325/1
f 416/324/1 420/328/1 419/327/1
f 415/329/1 420/328/1 416/324/1
f 415/329/1 421/330/1 420/328/1
f 415/329/1 422/331/1 421/330/1
f 415/329/1 423/332/1 422/331/1
f 414/333/1 423/332/1 415/329/1
f 414/333/1 424/334/1 423/332/1
f 414/333/1 425/335/1 424/334/1
f 414/333/1 426/336/1 425/335/1
f 413/337/1 426/336/1 414/333/1
f 413/337/1 427/338/1 426/336/1
f 413/337/1 428/339/1 427/338/1
f 413/337/1 429/340/1 428/339/1
f 412/341/1 429/340/1 413/337/1
f 412/341/1 342/342/1 429/340/1
f 342/342/1 341/343/1 429/340/1
f 341/343/1 340/344/1 429/340/1
f 340/344/1 339/345/1 429/340/1
f 339/345/1 338/346/1 429/340/1
f 338/346/1 337/347/1 429/340/1
f 337/347/1 336/348/1 429/340/1
f 336/348/1 335/349/1 429/340/1
f 335/349/1 334/350/1 429/340/1
f 334/350/1 333/15/1 429/340/1
f 333/15/1 430/13/1 429/340/1
f 411/351/1 344/352/1 412/341/1
f 344/352/1 343/353/1 412/341/1
f 343/353/1 342/342/1 412/341/1
f 411/351/1 345/354/1 344/352/1
f 411/351/1 346/355/1 345/354/1
f 411/351/1 347/356/1 346/355/1
f 410/357/1 347/356/1 411/351/1
f 410/357/1 348/358/1 347/356/1
f 410/357/1 349/359/1 348/358/1
f 409/360/1 349/359/1 410/357/1
f 409/360/1 350/361/1 349/359/1
f 409/360/1 351/362/1 350/361/1
f 408/363/1 351/362/1 409/360/1
f 408/363/1 352/364/1 351/362/1
f 407/365/1 352/364/1 408/363/1
f 407/365/1 353/366/1 352/364/1
f 407/365/1 354/367/1 353/366/1
f 406/368/1 354/367/1 407/365/1
f 406/368/1 355/369/1 354/367/1
f 405/370/1 355/369/1 406/368/1
f 405/370/1 356/371/1 355/369/1
f 405/370/1 357/372/1 356/371/1
f 404/373/1 357/372/1 405/370/1
f 404/373/1 358/374/1 357/372/1
f 403/375/1 358/374/1 404/373/1
f 403/375/1 359/376/1 358/374/1
f 402/377/1 359/376/1 403/375/1
f 402/377/1 360/378/1 359/376/1
f 401/379/1 360/378/1 402/377/1
f 401/379/1 361/380/1 360/378/1
f 400/381/1 361/380/1 401/379/1
f 400/381/1 362/382/1 361/380/1
f 379/383/1 381/384/1 380/385/1
f 400/381/1 363/386/1 362/382/1
f 378/387/1 381/384/1 379/383/1
f 399/388/1 363/386/1 400/381/1
f 377/389/1 381/384/1 378/387/1
f 399/388/1 364/390/1 363/386/1
f 376/391/1 381/384/1 377/389/1
f 375/392/1 381/384/1 376/391/1
f 399/388/1 365/393/1 364/390/1
f 374/394/1 381/384/1 375/392/1
f 398/395/1 365/393/1 399/388/1
f 373/396/1 381/384/1 374/394/1
f 398/395/1 366/397/1 365/393/1
f 372/398/1 381/384/1 373/396/1
f 371/399/1 381/384/1 372/398/1
f 398/395/1 367/400/1 366/397/1
f 370/401/1 381/384/1 371/399/1
f 369/402/1 381/384/1 370/401/1
f 398/395/1 368/403/1 367/400/1
f 368/403/1 381/384/1 369/402/1
f 398/395/1 381/384/1 368/403/1
f 397/404/1 381/384/1 398/395/1
f 397/404/1 382/405/1 381/384/1
f 396/406/1 382/405/1 397/404/1
f 396/406/1 383/407/1 382/405/1
f 396/406/1 384/408/1 383/407/1
f 396/406/1 385/409/1 384/408/1
f 395/410/1 385/409/1 396/406/1
f 395/410/1 386/411/1 385/409/1
f 395/410/1 387/412/1 386/411/1
f 395/410/1 388/413/1 387/412/1
f 394/414/1 388/413/1 395/410/1
f 394/414/1 389/415/1 388/413/1
f 394/414/1 390/416/1 389/415/1
f 394/414/1 391/417/1 390/416/1
f 393/418/1 391/417/1 394/414/1
f 393/418/1 392/419/1 391/417/1
f 465/228/1 467/229/1 466/230/1
f 465/228/1 468/231/1 467/229/1
f 464/232/1 468/231/1 465/228/1
f 464/232/1 469/233/1 468/231/1
f 463/234/1 469/233/1 464/232/1
f 463/234/1 470/235/1 469/233/1
f 462/236/1 470/235/1 463/234/1
f 462/236/1 471/237/1 470/235/1
f 461/238/1 471/237/1 462/236/1
f 461/238/1 472/239/1 471/237/1
f 460/240/1 472/239/1 461/238/1
f 460/240/1 473/241/1 472/239/1
f 459/242/1 516/243/1 460/240/1
f 516/243/1 473/241/1 460/240/1
f 459/242/1 517/244/1 516/243/1
f 515/245/1 473/241/1 516/243/1
f 459/242/1 518/246/1 517/244/1
f 514/247/1 473/241/1 515/245/1
f 459/242/1 519/248/1 518/246/1
f 513/249/1 473/241/1 514/247/1
f 513/249/1 474/250/1 473/241/1
f 459/242/1 520/251/1 519/248/1
f 458/252/1 520/251/1 459/242/1
f 512/253/1 474/250/1 513/249/1
f 458/252/1 521/254/1 520/251/1
f 511/255/1 474/250/1 512/253/1
f 458/252/1 522/256/1 521/254/1
f 510/257/1 474/250/1 511/255/1
f 458/252/1 523/258/1 522/256/1
f 509/259/1 474/250/1 510/257/1
f 457/260/1 523/258/1 458/252/1
f 509/259/1 475/261/1 474/250/1
f 457/260/1 524/262/1 523/258/1
f 508/263/1 475/261/1 509/259/1
f 457/260/1 525/264/1 524/262/1
f 507/265/1 475/261/1 508/263/1
f 456/266/1 525/264/1 457/260/1
f 507/265/1 476/267/1 475/261/1
f 456/266/1 526/268/1 525/264/1
f 506/269/1 476/267/1 507/265/1
f 456/266/1 527/270/1 526/268/1
f 505/271/1 476/267/1 506/269/1
f 455/272/1 527/270/1 456/266/1
f 455/272/1 528/273/1 527/270/1
f 505/271/1 477/274/1 476/267/1
f 529/13/1 477/274/1 505/271/1
f 455/272/1 529/13/1 528/273/1
f 455/272/1 477/274/1 529/13/1
f 454/275/1 477/274/1 455/272/1
f 454/275/1 478/276/1 477/274/1
f 453/277/1 479/278/1 454/275/1
f 479/278/1 478/276/1 454/275/1
f 453/277/1 480/35/1 479/278/1
f 452/279/1 480/35/1 453/277/1
f 452/279/1 481/280/1 480/35/1
f 452/279/1 482/281/1 481/280/1
f 451/282/1 482/281/1 452/279/1
f 451/282/1 483/283/1 482/281/1
f 450/284/1 483/283/1 451/282/1
f 450/284/1 484/285/1 483/283/1
f 502/286/1 504/287/1 503/288/1
f 450/284/1 485/289/1 484/285/1
f 501/290/1 504/287/1 502/286/1
f 500/291/1 504/287/1 501/290/1
f 449/292/1 485/289/1 450/284/1
f 449/292/1 486/293/1 485/289/1
f 499/294/1 504/287/1 500/291/1
f 498/295/1 504/287/1 499/294/1
f 449/292/1 487/296/1 486/293/1
f 497/297/1 504/287/1 498/295/1
f 449/292/1 488/298/1 487/296/1
f 496/299/1 504/287/1 497/297/1
f 448/300/1 488/298/1 449/292/1
f 495/301/1 504/287/1 496/299/1
f 448/300/1 489/302/1 488/298/1
f 494/303/1 504/287/1 495/301/1
f 448/300/1 490/304/1 489/302/1
f 493/305/1 504/287/1 494/303/1
f 492/306/1 504/287/1 493/305/1
f 448/300/1 491/307/1 490/304/1
f 491/307/1 504/287/1 492/306/1
f 448/300/1 504/287/1 491/307/1
f 447/308/1 504/287/1 448/300/1
f 447/308/1 431/15/1 504/287/1
f 446/309/1 431/15/1 447/308/1
f 446/309/1 432/310/1 431/15/1
f 446/309/1 433/311/1 432/310/1
f 445/312/1 433/311/1 446/309/1
f 445/312/1 434/313/1 433/311/1
f 445/312/1 435/314/1 434/313/1
f 444/315/1 435/314/1 445/312/1
f 444/315/1 436/316/1 435/314/1
f 444/315/1 437/317/1 436/316/1
f 443/318/1 437/317/1 444/315/1
f 443/318/1 438/319/1 437/317/1
f 443/318/1 439/320/1 438/319/1
f 443/318/1 440/321/1 439/320/1
f 442/322/1 440/321/1 443/318/1
f 442/322/1 441/323/1 440/321/1
f 541/420/1 543/421/1 542/422/1
f 565/423/1 567/424/1 566/425/1
f 540/426/1 543/421/1 541/420/1
f 540/426/1 544/427/1 543/421/1
f 564/428/1 567/424/1 565/423/1
f 564/428/1 568/429/1 567/424/1
f 539/430/1 544/427/1 540/426/1
f 539/430/1 545/431/1 544/427/1
f 563/432/1 568/429/1 564/428/1
f 538/433/1 545/431/1 539/430/1
f 538/433/1 546/434/1 545/431/1
f 563/432/1 569/435/1 568/429/1
f 562/436/1 569/435/1 563/432/1
f 537/437/1 546/434/1 538/433/1
f 634/438/1 636/13/1 635/439/1
f 634/438/1 530/15/1 636/13/1
f 537/437/1 547/440/1 546/434/1
f 561/441/1 569/435/1 562/436/1
f 536/442/1 547/440/1 537/437/1
f 561/441/1 570/443/1 569/435/1
f 536/442/1 548/444/1 547/440/1
f 535/445/1 548/444/1 536/442/1
f 560/446/1 570/443/1 561/441/1
f 535/445/1 549/447/1 548/444/1
f 560/446/1 571/448/1 570/443/1
f 534/449/1 549/447/1 535/445/1
f 559/450/1 571/448/1 560/446/1
f 534/449/1 550/451/1 549/447/1
f 533/452/1 550/451/1 534/449/1
f 558/453/1 571/448/1 559/450/1
f 558/453/1 572/454/1 571/448/1
f 533/452/1 551/455/1 550/451/1
f 532/456/1 551/455/1 533/452/1
f 557/457/1 572/454/1 558/453/1
f 532/456/1 552/458/1 551/455/1
f 531/459/1 552/458/1 532/456/1
f 557/457/1 573/460/1 572/454/1
f 556/461/1 573/460/1 557/457/1
f 531/459/1 553/462/1 552/458/1
f 530/15/1 553/462/1 531/459/1
f 555/463/1 573/460/1 556/461/1
f 555/463/1 593/464/1 573/460/1
f 593/464/1 574/465/1 573/460/1
f 634/438/1 632/466/1 530/15/1
f 632/466/1 631/467/1 530/15/1
f 631/467/1 630/468/1 530/15/1
f 630/468/1 629/469/1 530/15/1
f 629/469/1 628/470/1 530/15/1
f 628/470/1 627/471/1 530/15/1
f 627/471/1 626/472/1 530/15/1
f 626/472/1 625/473/1 530/15/1
f 625/473/1 624/474/1 530/15/1
f 624/474/1 623/475/1 530/15/1
f 623/475/1 622/476/1 530/15/1
f 622/476/1 621/477/1 530/15/1
f 621/477/1 553/462/1 530/15/1
f 621/477/1 620/478/1 553/462/1
f 620/478/1 554/479/1 553/462/1
f 554/479/1 594/480/1 555/463/1
f 594/480/1 593/464/1 555/463/1
f 619/481/1 554/479/1 620/478/1
f 592/482/1 574/465/1 593/464/1
f 554/479/1 595/483/1 594/480/1
f 618/484/1 554/479/1 619/481/1
f 591/485/1 574/465/1 592/482/1
f 554/479/1 596/486/1 595/483/1
f 617/487/1 554/479/1 618/484/1
f 590/488/1 574/465/1 591/485/1
f 554/479/1 597/489/1 596/486/1
f 616/490/1 554/479/1 617/487/1
f 616/490/1 597/489/1 554/479/1
f 589/491/1 574/465/1 590/488/1
f 616/490/1 598/492/1 597/489/1
f 589/491/1 575/493/1 574/465/1
f 615/494/1 598/492/1 616/490/1
f 615/494/1 599/495/1 598/492/1
f 588/496/1 575/493/1 589/491/1
f 615/494/1 600/497/1 599/495/1
f 614/498/1 600/497/1 615/494/1
f 587/499/1 575/493/1 588/496/1
f 614/498/1 601/500/1 600/497/1
f 613/501/1 601/500/1 614/498/1
f 586/502/1 575/493/1 587/499/1
f 613/501/1 602/503/1 601/500/1
f 586/502/1 576/504/1 575/493/1
f 612/505/1 602/503/1 613/501/1
f 612/505/1 603/506/1 602/503/1
f 585/507/1 576/504/1 586/502/1
f 612/505/1 604/508/1 603/506/1
f 611/509/1 604/508/1 612/505/1
f 584/510/1 576/504/1 585/507/1
f 611/509/1 605/511/1 604/508/1
f 584/510/1 577/512/1 576/504/1
f 610/513/1 605/511/1 611/509/1
f 634/438/1 633/514/1 632/466/1
f 610/513/1 606/515/1 605/511/1
f 583/35/1 577/512/1 584/510/1
f 609/516/1 606/515/1 610/513/1
f 582/517/1 577/512/1 583/35/1
f 582/517/1 578/518/1 577/512/1
f 608/519/1 606/515/1 609/516/1
f 581/520/1 578/518/1 582/517/1
f 581/520/1 579/521/1 578/518/1
f 607/522/1 606/515/1 608/519/1
f 580/523/1 579/521/1 581/520/1
f 734/56/1 736/57/1 735/58/1
f 733/59/1 736/57/1 734/56/1
f 733/59/1 737/60/1 736/57/1
f 732/61/1 737/60/1 733/59/1
f 731/62/1 737/60/1 732/61/1
f 731/62/1 738/63/1 737/60/1
f 730/64/1 738/63/1 731/62/1
f 730/64/1 739/65/1 738/63/1
f 729/66/1 739/65/1 730/64/1
f 728/67/1 739/65/1 729/66/1
f 728/67/1 740/68/1 739/65/1
f 727/69/1 740/68/1 728/67/1
f 727/69/1 741/70/1 740/68/1
f 726/71/1 741/70/1 727/69/1
f 725/72/1 741/70/1 726/71/1
f 725/72/1 742/73/1 741/70/1
f 724/74/1 742/73/1 725/72/1
f 724/74/1 743/75/1 742/73/1
f 723/76/1 743/75/1 724/74/1
f 722/77/1 721/78/1 723/76/1
f 721/78/1 720/79/1 723/76/1
f 720/79/1 719/80/1 723/76/1
f 719/80/1 718/81/1 723/76/1
f 718/81/1 717/82/1 723/76/1
f 717/82/1 716/83/1 723/76/1
f 716/83/1 715/84/1 723/76/1
f 715/84/1 714/85/1 723/76/1
f 714/85/1 713/86/1 723/76/1
f 713/86/1 712/87/1 723/76/1
f 712/87/1 743/75/1 723/76/1
f 712/87/1 711/88/1 743/75/1
f 711/88/1 710/89/1 743/75/1
f 710/89/1 744/90/1 743/75/1
f 710/89/1 709/91/1 744/90/1
f 709/91/1 745/92/1 744/90/1
f 708/93/1 745/92/1 709/91/1
f 707/94/1 745/92/1 708/93/1
f 706/95/1 745/92/1 707/94/1
f 705/96/1 745/92/1 706/95/1
f 704/97/1 745/92/1 705/96/1
f 704/97/1 746/98/1 745/92/1
f 703/99/1 746/98/1 704/97/1
f 702/100/1 746/98/1 703/99/1
f 701/101/1 746/98/1 702/100/1
f 701/101/1 747/102/1 746/98/1
f 700/103/1 747/102/1 701/101/1
f 699/104/1 747/102/1 700/103/1
f 699/104/1 748/105/1 747/102/1
f 698/106/1 748/105/1 699/104/1
f 697/107/1 748/105/1 698/106/1
f 696/108/1 810/13/1 697/107/1
f 810/13/1 748/105/1 697/107/1
f 695/109/1 810/13/1 696/108/1
f 694/110/1 810/13/1 695/109/1
f 693/111/1 810/13/1 694/110/1
f 692/112/1 810/13/1 693/111/1
f 692/112/1 774/113/1 810/13/1
f 809/114/1 748/105/1 810/13/1
f 692/112/1 775/115/1 774/113/1
f 691/116/1 775/115/1 692/112/1
f 691/116/1 776/117/1 775/115/1
f 690/118/1 776/117/1 691/116/1
f 690/118/1 777/119/1 776/117/1
f 689/120/1 777/119/1 690/118/1
f 689/120/1 778/121/1 777/119/1
f 689/120/1 779/122/1 778/121/1
f 688/123/1 779/122/1 689/120/1
f 688/123/1 780/124/1 779/122/1
f 687/125/1 780/124/1 688/123/1
f 687/125/1 781/126/1 780/124/1
f 687/125/1 782/127/1 781/126/1
f 686/128/1 782/127/1 687/125/1
f 686/128/1 783/129/1 782/127/1
f 686/128/1 784/130/1 783/129/1
f 685/131/1 784/130/1 686/128/1
f 685/131/1 785/132/1 784/130/1
f 684/133/1 785/132/1 685/131/1
f 684/133/1 786/134/1 785/132/1
f 684/133/1 787/135/1 786/134/1
f 683/136/1 787/135/1 684/133/1
f 683/136/1 788/137/1 787/135/1
f 683/136/1 789/138/1 788/137/1
f 808/139/1 748/105/1 809/114/1
f 682/140/1 789/138/1 683/136/1
f 807/141/1 748/105/1 808/139/1
f 682/140/1 790/142/1 789/138/1
f 806/143/1 748/105/1 807/141/1
f 771/144/1 773/145/1 772/146/1
f 806/143/1 749/147/1 748/105/1
f 682/140/1 791/148/1 790/142/1
f 770/149/1 773/145/1 771/144/1
f 805/150/1 749/147/1 806/143/1
f 805/150/1 750/151/1 749/147/1
f 769/152/1 773/145/1 770/149/1
f 681/153/1 791/148/1 682/140/1
f 681/153/1 792/154/1 791/148/1
f 805/150/1 751/155/1 750/151/1
f 804/156/1 751/155/1 805/150/1
f 768/157/1 773/145/1 769/152/1
f 804/156/1 752/158/1 751/155/1
f 803/159/1 752/158/1 804/156/1
f 767/160/1 773/145/1 768/157/1
f 681/153/1 793/161/1 792/154/1
f 803/159/1 753/162/1 752/158/1
f 766/163/1 773/145/1 767/160/1
f 802/164/1 753/162/1 803/159/1
f 802/164/1 754/165/1 753/162/1
f 765/166/1 773/145/1 766/163/1
f 681/153/1 794/167/1 793/161/1
f 802/164/1 755/168/1 754/165/1
f 801/169/1 755/168/1 802/164/1
f 764/170/1 773/145/1 765/166/1
f 801/169/1 756/171/1 755/168/1
f 680/172/1 794/167/1 681/153/1
f 763/173/1 773/145/1 764/170/1
f 680/172/1 795/174/1 794/167/1
f 800/175/1 756/171/1 801/169/1
f 800/175/1 757/176/1 756/171/1
f 762/177/1 773/145/1 763/173/1
f 800/175/1 758/178/1 757/176/1
f 761/179/1 773/145/1 762/177/1
f 799/180/1 758/178/1 800/175/1
f 799/180/1 759/181/1 758/178/1
f 760/182/1 773/145/1 761/179/1
f 799/180/1 760/182/1 759/181/1
f 680/172/1 796/183/1 795/174/1
f 799/180/1 773/145/1 760/182/1
f 798/184/1 773/145/1 799/180/1
f 680/172/1 797/185/1 796/183/1
f 797/185/1 773/145/1 798/184/1
f 680/172/1 660/186/1 797/185/1
f 660/186/1 773/145/1 797/185/1
f 679/187/1 660/186/1 680/172/1
f 679/187/1 661/188/1 660/186/1
f 659/189/1 773/145/1 660/186/1
f 678/190/1 661/188/1 679/187/1
f 678/190/1 662/191/1 661/188/1
f 658/192/1 773/145/1 659/189/1
f 658/192/1 637/15/1 773/145/1
f 677/193/1 662/191/1 678/190/1
f 677/193/1 663/194/1 662/191/1
f 657/195/1 637/15/1 658/192/1
f 657/195/1 638/196/1 637/15/1
f 677/193/1 664/197/1 663/194/1
f 656/198/1 638/196/1 657/195/1
f 676/199/1 664/197/1 677/193/1
f 656/198/1 639/200/1 638/196/1
f 676/199/1 665/201/1 664/197/1
f 655/202/1 639/200/1 656/198/1
f 655/202/1 640/203/1 639/200/1
f 675/204/1 665/201/1 676/199/1
f 675/204/1 666/205/1 665/201/1
f 654/206/1 640/203/1 655/202/1
f 654/206/1 641/207/1 640/203/1
f 675/204/1 667/208/1 666/205/1
f 653/209/1 641/207/1 654/206/1
f 653/209/1 642/210/1 641/207/1
f 674/211/1 667/208/1 675/204/1
f 674/211/1 668/212/1 667/208/1
f 652/213/1 642/210/1 653/209/1
f 652/213/1 643/214/1 642/210/1
f 674/211/1 669/215/1 668/212/1
f 652/213/1 644/216/1 643/214/1
f 651/217/1 644/216/1 652/213/1
f 673/218/1 669/215/1 674/211/1
f 651/217/1 645/219/1 644/216/1
f 673/218/1 670/220/1 669/215/1
f 650/221/1 645/219/1 651/217/1
f 650/221/1 646/222/1 645/219/1
f 673/218/1 671/223/1 670/220/1
f 649/224/1 646/222/1 650/221/1
f 672/225/1 671/223/1 673/218/1
f 649/224/1 647/226/1 646/222/1
f 648/227/1 647/226/1 649/224/1
f 845/524/1 847/525/1 846/526/1
f 845/524/1 848/527/1 847/525/1
f 845/524/1 849/528/1 848/527/1
f 845/524/1 850/529/1 849/528/1
f 844/530/1 850/529/1 845/524/1
f 844/530/1 851/531/1 850/529/1
f 844/530/1 852/532/1 851/531/1
f 844/530/1 853/533/1 852/532/1
f 843/534/1 853/533/1 844/530/1
f 843/534/1 854/535/1 853/533/1
f 843/534/1 855/536/1 854/535/1
f 842/537/1 855/536/1 843/534/1
f 842/537/1 856/538/1 855/536/1
f 842/537/1 857/539/1 856/538/1
f 841/540/1 857/539/1 842/537/1
f 841/540/1 858/541/1 857/539/1
f 841/540/1 869/542/1 858/541/1
f 869/542/1 868/543/1 858/541/1
f 868/543/1 867/544/1 858/541/1
f 867/544/1 866/545/1 858/541/1
f 866/545/1 865/546/1 858/541/1
f 865/546/1 864/547/1 858/541/1
f 864/547/1 863/548/1 858/541/1
f 863/548/1 862/549/1 858/541/1
f 862/549/1 861/550/1 858/541/1
f 861/550/1 860/551/1 858/541/1
f 860/551/1 859/552/1 858/541/1
f 840/553/1 871/554/1 841/540/1
f 871/554/1 870/555/1 841/540/1
f 870/555/1 869/542/1 841/540/1
f 840/553/1 872/556/1 871/554/1
f 840/553/1 873/557/1 872/556/1
f 840/553/1 874/558/1 873/557/1
f 839/559/1 874/558/1 840/553/1
f 839/559/1 875/560/1 874/558/1
f 839/559/1 876/561/1 875/560/1
f 838/562/1 876/561/1 839/559/1
f 838/562/1 877/563/1 876/561/1
f 838/562/1 878/564/1 877/563/1
f 837/565/1 878/564/1 838/562/1
f 837/565/1 879/566/1 878/564/1
f 836/567/1 879/566/1 837/565/1
f 836/567/1 880/568/1 879/566/1
f 836/567/1 881/569/1 880/568/1
f 835/570/1 881/569/1 836/567/1
f 835/570/1 882/571/1 881/569/1
f 834/572/1 882/571/1 835/570/1
f 834/572/1 883/573/1 882/571/1
f 834/572/1 884/574/1 883/573/1
f 833/575/1 884/574/1 834/572/1
f 909/576/1 911/577/1 910/578/1
f 909/576/1 908/579/1 911/577/1
f 908/579/1 912/13/1 911/577/1
f 833/575/1 885/580/1 884/574/1
f 832/581/1 885/580/1 833/575/1
f 832/581/1 886/582/1 885/580/1
f 907/583/1 912/13/1 908/579/1
f 831/584/1 886/582/1 832/581/1
f 831/584/1 887/585/1 886/582/1
f 831/584/1 888/586/1 887/585/1
f 830/587/1 888/586/1 831/584/1
f 830/587/1 889/588/1 888/586/1
f 829/589/1 889/588/1 830/587/1
f 829/589/1 890/590/1 889/588/1
f 829/589/1 891/591/1 890/590/1
f 828/592/1 891/591/1 829/589/1
f 828/592/1 892/593/1 891/591/1
f 906/594/1 912/13/1 907/583/1
f 905/595/1 912/13/1 906/594/1
f 904/596/1 912/13/1 905/595/1
f 828/592/1 893/597/1 892/593/1
f 903/598/1 912/13/1 904/596/1
f 902/599/1 912/13/1 903/598/1
f 901/600/1 912/13/1 902/599/1
f 828/592/1 894/601/1 893/597/1
f 827/602/1 894/601/1 828/592/1
f 900/603/1 912/13/1 901/600/1
f 899/604/1 912/13/1 900/603/1
f 898/605/1 912/13/1 899/604/1
f 827/602/1 895/606/1 894/601/1
f 897/607/1 912/13/1 898/605/1
f 896/608/1 912/13/1 897/607/1
f 895/606/1 912/13/1 896/608/1
f 827/602/1 912/13/1 895/606/1
f 826/609/1 912/13/1 827/602/1
f 826/609/1 811/15/1 912/13/1
f 826/609/1 812/610/1 811/15/1
f 825/611/1 812/610/1 826/609/1
f 825/611/1 813/612/1 812/610/1
f 825/611/1 814/613/1 813/612/1
f 824/614/1 814/613/1 825/611/1
f 824/614/1 815/615/1 814/613/1
f 824/614/1 816/616/1 815/615/1
f 824/614/1 817/617/1 816/616/1
f 823/618/1 817/617/1 824/614/1
f 823/618/1 818/619/1 817/617/1
f 823/618/1 819/620/1 818/619/1
f 823/618/1 820/621/1 819/620/1
f 822/622/1 820/621/1 823/618/1
f 822/622/1 821/623/1 820/621/1
f 925/1/2 926/3/2 927/2/2
f 925/1/2 927/2/2 928/4/2
f 924/5/2 925/1/2 928/4/2
f 924/5/2 928/4/2 929/6/2
f 923/7/2 924/5/2 929/6/2
f 923/7/2 929/6/2 930/8/2
f 923/7/2 930/8/2 931/9/2
f 922/10/2 923/7/2 931/9/2
f 922/10/2 931/9/2 932/11/2
f 965/12/2 966/14/2 967/13/2
f 965/12/2 967/13/2 913/15/2
f 921/16/2 922/10/2 932/11/2
f 921/16/2 932/11/2 933/17/2
f 921/16/2 933/17/2 934/18/2
f 920/19/2 921/16/2 934/18/2
f 920/19/2 934/18/2 935/20/2
f 919/21/2 920/19/2 935/20/2
f 919/21/2 935/20/2 936/22/2
f 919/21/2 936/22/2 937/23/2
f 918/24/2 919/21/2 937/23/2
f 918/24/2 937/23/2 938/25/2
f 917/26/2 918/24/2 938/25/2
f 917/26/2 938/25/2 948/27/2
f 948/27/2 938/25/2 947/28/2
f 947/28/2 938/25/2 946/29/2
f 946/29/2 938/25/2 945/30/2
f 945/30/2 938/25/2 944/31/2
f 944/31/2 938/25/2 943/32/2
f 943/32/2 938/25/2 942/33/2
f 942/33/2 938/25/2 941/34/2
f 941/34/2 938/25/2 940/35/2
f 940/35/2 938/25/2 939/36/2
f 916/37/2 917/26/2 950/38/2
f 950/38/2 917/26/2 949/39/2
f 949/39/2 917/26/2 948/27/2
f 915/40/2 916/37/2 952/41/2
f 952/41/2 916/37/2 951/42/2
f 951/42/2 916/37/2 950/38/2
f 915/40/2 952/41/2 953/43/2
f 915/40/2 953/43/2 954/44/2
f 914/45/2 915/40/2 954/44/2
f 914/45/2 954/44/2 955/46/2
f 914/45/2 955/46/2 956/47/2
f 965/12/2 913/15/2 914/45/2
f 965/12/2 914/45/2 960/48/2
f 960/48/2 914/45/2 959/49/2
f 959/49/2 914/45/2 958/50/2
f 958/50/2 914/45/2 957/51/2
f 957/51/2 914/45/2 956/47/2
f 965/12/2 960/48/2 961/52/2
f 965/12/2 961/52/2 962/53/2
f 965/12/2 962/53/2 963/54/2
f 965/12/2 963/54/2 964/55/2
f 1065/56/2 1066/58/2 1067/57/2
f 1064/59/2 1065/56/2 1067/57/2
f 1064/59/2 1067/57/2 1068/60/2
f 1063/61/2 1064/59/2 1068/60/2
f 1062/62/2 1063/61/2 1068/60/2
f 1062/62/2 1068/60/2 1069/63/2
f 1061/64/2 1062/62/2 1069/63/2
f 1061/64/2 1069/63/2 1070/65/2
f 1060/66/2 1061/64/2 1070/65/2
f 1059/67/2 1060/66/2 1070/65/2
f 1059/67/2 1070/65/2 1071/68/2
f 1058/69/2 1059/67/2 1071/68/2
f 1058/69/2 1071/68/2 1072/70/2
f 1057/71/2 1058/69/2 1072/70/2
f 1056/72/2 1057/71/2 1072/70/2
f 1056/72/2 1072/70/2 1073/73/2
f 1055/74/2 1056/72/2 1073/73/2
f 1055/74/2 1073/73/2 1074/75/2
f 1054/76/2 1055/74/2 1074/75/2
f 1053/77/2 1054/76/2 1052/78/2
f 1052/78/2 1054/76/2 1051/79/2
f 1051/79/2 1054/76/2 1050/80/2
f 1050/80/2 1054/76/2 1049/81/2
f 1049/81/2 1054/76/2 1048/82/2
f 1048/82/2 1054/76/2 1047/83/2
f 1047/83/2 1054/76/2 1046/84/2
f 1046/84/2 1054/76/2 1045/85/2
f 1045/85/2 1054/76/2 1044/86/2
f 1044/86/2 1054/76/2 1043/87/2
f 1043/87/2 1054/76/2 1074/75/2
f 1043/87/2 1074/75/2 1042/88/2
f 1042/88/2 1074/75/2 1041/89/2
f 1041/89/2 1074/75/2 1075/90/2
f 1041/89/2 1075/90/2 1040/91/2
f 1040/91/2 1075/90/2 1076/92/2
f 1039/93/2 1040/91/2 1076/92/2
f 1038/94/2 1039/93/2 1076/92/2
f 1037/95/2 1038/94/2 1076/92/2
f 1036/96/2 1037/95/2 1076/92/2
f 1035/97/2 1036/96/2 1076/92/2
f 1035/97/2 1076/92/2 1077/98/2
f 1034/99/2 1035/97/2 1077/98/2
f 1033/100/2 1034/99/2 1077/98/2
f 1032/101/2 1033/100/2 1077/98/2
f 1032/101/2 1077/98/2 1078/102/2
f 1031/103/2 1032/101/2 1078/102/2
f 1030/104/2 1031/103/2 1078/102/2
f 1030/104/2 1078/102/2 1079/105/2
f 1029/106/2 1030/104/2 1079/105/2
f 1028/107/2 1029/106/2 1079/105/2
f 1027/108/2 1028/107/2 1141/13/2
f 1141/13/2 1028/107/2 1079/105/2
f 1026/109/2 1027/108/2 1141/13/2
f 1025/110/2 1026/109/2 1141/13/2
f 1024/111/2 1025/110/2 1141/13/2
f 1023/112/2 1024/111/2 1141/13/2
f 1023/112/2 1141/13/2 1105/113/2
f 1140/114/2 1141/13/2 1079/105/2
f 1023/112/2 1105/113/2 1106/115/2
f 1022/116/2 1023/112/2 1106/115/2
f 1022/116/2 1106/115/2 1107/117/2
f 1021/118/2 1022/116/2 1107/117/2
f 1021/118/2 1107/117/2 1108/119/2
f 1020/120/2 1021/118/2 1108/119/2
f 1020/120/2 1108/119/2 1109/121/2
f 1020/120/2 1109/121/2 1110/122/2
f 1019/123/2 1020/120/2 1110/122/2
f 1019/123/2 1110/122/2 1111/124/2
f 1018/125/2 1019/123/2 1111/124/2
f 1018/125/2 1111/124/2 1112/126/2
f 1018/125/2 1112/126/2 1113/127/2
f 1017/128/2 1018/125/2 1113/127/2
f 1017/128/2 1113/127/2 1114/129/2
f 1017/128/2 1114/129/2 1115/130/2
f 1016/131/2 1017/128/2 1115/130/2
f 1016/131/2 1115/130/2 1116/132/2
f 1015/133/2 1016/131/2 1116/132/2
f 1015/133/2 1116/132/2 1117/134/2
f 1015/133/2 1117/134/2 1118/135/2
f 1014/136/2 1015/133/2 1118/135/2
f 1014/136/2 1118/135/2 1119/137/2
f 1014/136/2 1119/137/2 1120/138/2
f 1139/139/2 1140/114/2 1079/105/2
f 1013/140/2 1014/136/2 1120/138/2
f 1138/141/2 1139/139/2 1079/105/2
f 1013/140/2 1120/138/2 1121/142/2
f 1137/143/2 1138/141/2 1079/105/2
f 1102/144/2 1103/146/2 1104/145/2
f 1137/143/2 1079/105/2 1080/147/2
f 1013/140/2 1121/142/2 1122/148/2
f 1101/149/2 1102/144/2 1104/145/2
f 1136/150/2 1137/143/2 1080/147/2
f 1136/150/2 1080/147/2 1081/151/2
f 1100/152/2 1101/149/2 1104/145/2
f 1012/153/2 1013/140/2 1122/148/2
f 1012/153/2 1122/148/2 1123/154/2
f 1136/150/2 1081/151/2 1082/155/2
f 1135/156/2 1136/150/2 1082/155/2
f 1099/157/2 1100/152/2 1104/145/2
f 1135/156/2 1082/155/2 1083/158/2
f 1134/159/2 1135/156/2 1083/158/2
f 1098/160/2 1099/157/2 1104/145/2
f 1012/153/2 1123/154/2 1124/161/2
f 1134/159/2 1083/158/2 1084/162/2
f 1097/163/2 1098/160/2 1104/145/2
f 1133/164/2 1134/159/2 1084/162/2
f 1133/164/2 1084/162/2 1085/165/2
f 1096/166/2 1097/163/2 1104/145/2
f 1012/153/2 1124/161/2 1125/167/2
f 1133/164/2 1085/165/2 1086/168/2
f 1132/169/2 1133/164/2 1086/168/2
f 1095/170/2 1096/166/2 1104/145/2
f 1132/169/2 1086/168/2 1087/171/2
f 1011/172/2 1012/153/2 1125/167/2
f 1094/173/2 1095/170/2 1104/145/2
f 1011/172/2 1125/167/2 1126/174/2
f 1131/175/2 1132/169/2 1087/171/2
f 1131/175/2 1087/171/2 1088/176/2
f 1093/177/2 1094/173/2 1104/145/2
f 1131/175/2 1088/176/2 1089/178/2
f 1092/179/2 1093/177/2 1104/145/2
f 1130/180/2 1131/175/2 1089/178/2
f 1130/180/2 1089/178/2 1090/181/2
f 1091/182/2 1092/179/2 1104/145/2
f 1130/180/2 1090/181/2 1091/182/2
f 1011/172/2 1126/174/2 1127/183/2
f 1130/180/2 1091/182/2 1104/145/2
f 1129/184/2 1130/180/2 1104/145/2
f 1011/172/2 1127/183/2 1128/185/2
f 1128/185/2 1129/184/2 1104/145/2
f 1011/172/2 1128/185/2 991/186/2
f 991/186/2 1128/185/2 1104/145/2
f 1010/187/2 1011/172/2 991/186/2
f 1010/187/2 991/186/2 992/188/2
f 990/189/2 991/186/2 1104/145/2
f 1009/190/2 1010/187/2 992/188/2
f 1009/190/2 992/188/2 993/191/2
f 989/192/2 990/189/2 1104/145/2
f 989/192/2 1104/145/2 968/15/2
f 1008/193/2 1009/190/2 993/191/2
f 1008/193/2 993/191/2 994/194/2
f 988/195/2 989/192/2 968/15/2
f 988/195/2 968/15/2 969/196/2
f 1008/193/2 994/194/2 995/197/2
f 987/198/2 988/195/2 969/196/2
f 1007/199/2 1008/193/2 995/197/2
f 987/198/2 969/196/2 970/200/2
f 1007/199/2 995/197/2 996/201/2
f 986/202/2 987/198/2 970/200/2
f 986/202/2 970/200/2 971/203/2
f 1006/204/2 1007/199/2 996/201/2
f 1006/204/2 996/201/2 997/205/2
f 985/206/2 986/202/2 971/203/2
f 985/206/2 971/203/2 972/207/2
f 1006/204/2 997/205/2 998/208/2
f 984/209/2 985/206/2 972/207/2
f 984/209/2 972/207/2 973/210/2
f 1005/211/2 1006/204/2 998/208/2
f 1005/211/2 998/208/2 999/212/2
f 983/213/2 984/209/2 973/210/2
f 983/213/2 973/210/2 974/214/2
f 1005/211/2 999/212/2 1000/215/2
f 983/213/2 974/214/2 975/216/2
f 982/217/2 983/213/2 975/216/2
f 1004/218/2 1005/211/2 1000/215/2
f 982/217/2 975/216/2 976/219/2
f 1004/218/2 1000/215/2 1001/220/2
f 981/221/2 982/217/2 976/219/2
f 981/221/2 976/219/2 977/222/2
f 1004/218/2 1001/220/2 1002/223/2
f 980/224/2 981/221/2 977/222/2
f 1003/225/2 1004/218/2 1002/223/2
f 980/224/2 977/222/2 978/226/2
f 979/227/2 980/224/2 978/226/2
f 1176/228/2 1177/230/2 1178/229/2
f 1176/228/2 1178/229/2 1179/231/2
f 1175/232/2 1176/228/2 1179/231/2
f 1175/232/2 1179/231/2 1180/233/2
f 1174/234/2 1175/232/2 1180/233/2
f 1174/234/2 1180/233/2 1181/235/2
f 1173/236/2 1174/234/2 1181/235/2
f 1173/236/2 1181/235/2 1182/237/2
f 1172/238/2 1173/236/2 1182/237/2
f 1172/238/2 1182/237/2 1183/239/2
f 1171/240/2 1172/238/2 1183/239/2
f 1171/240/2 1183/239/2 1184/241/2
f 1170/242/2 1171/240/2 1227/243/2
f 1227/243/2 1171/240/2 1184/241/2
f 1170/242/2 1227/243/2 1228/244/2
f 1226/245/2 1227/243/2 1184/241/2
f 1170/242/2 1228/244/2 1229/246/2
f 1225/247/2 1226/245/2 1184/241/2
f 1170/242/2 1229/246/2 1230/248/2
f 1224/249/2 1225/247/2 1184/241/2
f 1224/249/2 1184/241/2 1185/250/2
f 1170/242/2 1230/248/2 1231/251/2
f 1169/252/2 1170/242/2 1231/251/2
f 1223/253/2 1224/249/2 1185/250/2
f 1169/252/2 1231/251/2 1232/254/2
f 1222/255/2 1223/253/2 1185/250/2
f 1169/252/2 1232/254/2 1233/256/2
f 1221/257/2 1222/255/2 1185/250/2
f 1169/252/2 1233/256/2 1234/258/2
f 1220/259/2 1221/257/2 1185/250/2
f 1168/260/2 1169/252/2 1234/258/2
f 1220/259/2 1185/250/2 1186/261/2
f 1168/260/2 1234/258/2 1235/262/2
f 1219/263/2 1220/259/2 1186/261/2
f 1168/260/2 1235/262/2 1236/264/2
f 1218/265/2 1219/263/2 1186/261/2
f 1167/266/2 1168/260/2 1236/264/2
f 1218/265/2 1186/261/2 1187/267/2
f 1167/266/2 1236/264/2 1237/268/2
f 1217/269/2 1218/265/2 1187/267/2
f 1167/266/2 1237/268/2 1238/270/2
f 1216/271/2 1217/269/2 1187/267/2
f 1166/272/2 1167/266/2 1238/270/2
f 1166/272/2 1238/270/2 1239/273/2
f 1216/271/2 1187/267/2 1188/274/2
f 1240/13/2 1216/271/2 1188/274/2
f 1166/272/2 1239/273/2 1240/13/2
f 1166/272/2 1240/13/2 1188/274/2
f 1165/275/2 1166/272/2 1188/274/2
f 1165/275/2 1188/274/2 1189/276/2
f 1164/277/2 1165/275/2 1190/278/2
f 1190/278/2 1165/275/2 1189/276/2
f 1164/277/2 1190/278/2 1191/35/2
f 1163/279/2 1164/277/2 1191/35/2
f 1163/279/2 1191/35/2 1192/280/2
f 1163/279/2 1192/280/2 1193/281/2
f 1162/282/2 1163/279/2 1193/281/2
f 1162/282/2 1193/281/2 1194/283/2
f 1161/284/2 1162/282/2 1194/283/2
f 1161/284/2 1194/283/2 1195/285/2
f 1213/286/2 1214/288/2 1215/287/2
f 1161/284/2 1195/285/2 1196/289/2
f 1212/290/2 1213/286/2 1215/287/2
f 1211/291/2 1212/290/2 1215/287/2
f 1160/292/2 1161/284/2 1196/289/2
f 1160/292/2 1196/289/2 1197/293/2
f 1210/294/2 1211/291/2 1215/287/2
f 1209/295/2 1210/294/2 1215/287/2
f 1160/292/2 1197/293/2 1198/296/2
f 1208/297/2 1209/295/2 1215/287/2
f 1160/292/2 1198/296/2 1199/298/2
f 1207/299/2 1208/297/2 1215/287/2
f 1159/300/2 1160/292/2 1199/298/2
f 1206/301/2 1207/299/2 1215/287/2
f 1159/300/2 1199/298/2 1200/302/2
f 1205/303/2 1206/301/2 1215/287/2
f 1159/300/2 1200/302/2 1201/304/2
f 1204/305/2 1205/303/2 1215/287/2
f 1203/306/2 1204/305/2 1215/287/2
f 1159/300/2 1201/304/2 1202/307/2
f 1202/307/2 1203/306/2 1215/287/2
f 1159/300/2 1202/307/2 1215/287/2
f 1158/308/2 1159/300/2 1215/287/2
f 1158/308/2 1215/287/2 1142/15/2
f 1157/309/2 1158/308/2 1142/15/2
f 1157/309/2 1142/15/2 1143/310/2
f 1157/309/2 1143/310/2 1144/311/2
f 1156/312/2 1157/309/2 1144/311/2
f 1156/312/2 1144/311/2 1145/313/2
f 1156/312/2 1145/313/2 1146/314/2
f 1155/315/2 1156/312/2 1146/314/2
f 1155/315/2 1146/314/2 1147/316/2
f 1155/315/2 1147/316/2 1148/317/2
f 1154/318/2 1155/315/2 1148/317/2
f 1154/318/2 1148/317/2 1149/319/2
f 1154/318/2 1149/319/2 1150/320/2
f 1154/318/2 1150/320/2 1151/321/2
f 1153/322/2 1154/318/2 1151/321/2
f 1153/322/2 1151/321/2 1152/323/2
f 1241/15/2 1242/9/2 1243/39/2
f 1241/15/2 1243/39/2 1244/13/2
f 1328/324/2 1329/326/2 1330/325/2
f 1328/324/2 1330/325/2 1331/327/2
f 1328/324/2 1331/327/2 1332/328/2
f 1327/329/2 1328/324/2 1332/328/2
f 1327/329/2 1332/328/2 1333/330/2
f 1327/329/2 1333/330/2 1334/331/2
f 1327/329/2 1334/331/2 1335/332/2
f 1326/333/2 1327/329/2 1335/332/2
f 1326/333/2 1335/332/2 1336/334/2
f 1326/333/2 1336/334/2 1337/335/2
f 1326/333/2 1337/335/2 1338/336/2
f 1325/337/2 1326/333/2 1338/336/2
f 1325/337/2 1338/336/2 1339/338/2
f 1325/337/2 1339/338/2 1340/339/2
f 1325/337/2 1340/339/2 1341/340/2
f 1324/341/2 1325/337/2 1341/340/2
f 1324/341/2 1341/340/2 1254/342/2
f 1254/342/2 1341/340/2 1253/343/2
f 1253/343/2 1341/340/2 1252/344/2
f 1252/344/2 1341/340/2 1251/345/2
f 1251/345/2 1341/340/2 1250/346/2
f 1250/346/2 1341/340/2 1249/347/2
f 1249/347/2 1341/340/2 1248/348/2
f 1248/348/2 1341/340/2 1247/349/2
f 1247/349/2 1341/340/2 1246/350/2
f 1246/350/2 1341/340/2 1245/15/2
f 1245/15/2 1341/340/2 1342/13/2
f 1323/351/2 1324/341/2 1256/352/2
f 1256/352/2 1324/341/2 1255/353/2
f 1255/353/2 1324/341/2 1254/342/2
f 1323/351/2 1256/352/2 1257/354/2
f 1323/351/2 1257/354/2 1258/355/2
f 1323/351/2 1258/355/2 1259/356/2
f 1322/357/2 1323/351/2 1259/356/2
f 1322/357/2 1259/356/2 1260/358/2
f 1322/357/2 1260/358/2 1261/359/2
f 1321/360/2 1322/357/2 1261/359/2
f 1321/360/2 1261/359/2 1262/361/2
f 1321/360/2 1262/361/2 1263/362/2
f 1320/363/2 1321/360/2 1263/362/2
f 1320/363/2 1263/362/2 1264/364/2
f 1319/365/2 1320/363/2 1264/364/2
f 1319/365/2 1264/364/2 1265/366/2
f 1319/365/2 1265/366/2 1266/367/2
f 1318/368/2 1319/365/2 1266/367/2
f 1318/368/2 1266/367/2 1267/369/2
f 1317/370/2 1318/368/2 1267/369/2
f 1317/370/2 1267/369/2 1268/371/2
f 1317/370/2 1268/371/2 1269/372/2
f 1316/373/2 1317/370/2 1269/372/2
f 1316/373/2 1269/372/2 1270/374/2
f 1315/375/2 1316/373/2 1270/374/2
f 1315/375/2 1270/374/2 1271/376/2
f 1314/377/2 1315/375/2 1271/376/2
f 1314/377/2 1271/376/2 1272/378/2
f 1313/379/2 1314/377/2 1272/378/2
f 1313/379/2 1272/378/2 1273/380/2
f 1312/381/2 1313/379/2 1273/380/2
f 1312/381/2 1273/380/2 1274/382/2
f 1291/383/2 1292/385/2 1293/384/2
f 1312/381/2 1274/382/2 1275/386/2
f 1290/387/2 1291/383/2 1293/384/2
f 1311/388/2 1312/381/2 1275/386/2
f 1289/389/2 1290/387/2 1293/384/2
f 1311/388/2 1275/386/2 1276/390/2
f 1288/391/2 1289/389/2 1293/384/2
f 1287/392/2 1288/391/2 1293/384/2
f 1311/388/2 1276/390/2 1277/393/2
f 1286/394/2 1287/392/2 1293/384/2
f 1310/395/2 1311/388/2 1277/393/2
f 1285/396/2 1286/394/2 1293/384/2
f 1310/395/2 1277/393/2 1278/397/2
f 1284/398/2 1285/396/2 1293/384/2
f 1283/399/2 1284/398/2 1293/384/2
f 1310/395/2 1278/397/2 1279/400/2
f 1282/401/2 1283/399/2 1293/384/2
f 1281/402/2 1282/401/2 1293/384/2
f 1310/395/2 1279/400/2 1280/403/2
f 1280/403/2 1281/402/2 1293/384/2
f 1310/395/2 1280/403/2 1293/384/2
f 1309/404/2 1310/395/2 1293/384/2
f 1309/404/2 1293/384/2 1294/405/2
f 1308/406/2 1309/404/2 1294/405/2
f 1308/406/2 1294/405/2 1295/407/2
f 1308/406/2 1295/407/2 1296/408/2
f 1308/406/2 1296/408/2 1297/409/2
f 1307/410/2 1308/406/2 1297/409/2
f 1307/410/2 1297/409/2 1298/411/2
f 1307/410/2 1298/411/2 1299/412/2
f 1307/410/2 1299/412/2 1300/413/2
f 1306/414/2 1307/410/2 1300/413/2
f 1306/414/2 1300/413/2 1301/415/2
f 1306/414/2 1301/415/2 1302/416/2
f 1306/414/2 1302/416/2 1303/417/2
f 1305/418/2 1306/414/2 1303/417/2
f 1305/418/2 1303/417/2 1304/419/2
f 1377/228/2 1378/230/2 1379/229/2
f 1377/228/2 1379/229/2 1380/231/2
f 1376/232/2 1377/228/2 1380/231/2
f 1376/232/2 1380/231/2 1381/233/2
f 1375/234/2 1376/232/2 1381/233/2
f 1375/234/2 1381/233/2 1382/235/2
f 1374/236/2 1375/234/2 1382/235/2
f 1374/236/2 1382/235/2 1383/237/2
f 1373/238/2 1374/236/2 1383/237/2
f 1373/238/2 1383/237/2 1384/239/2
f 1372/240/2 1373/238/2 1384/239/2
f 1372/240/2 1384/239/2 1385/241/2
f 1371/242/2 1372/240/2 1428/243/2
f 1428/243/2 1372/240/2 1385/241/2
f 1371/242/2 1428/243/2 1429/244/2
f 1427/245/2 1428/243/2 1385/241/2
f 1371/242/2 1429/244/2 1430/246/2
f 1426/247/2 1427/245/2 1385/241/2
f 1371/242/2 1430/246/2 1431/248/2
f 1425/249/2 1426/247/2 1385/241/2
f 1425/249/2 1385/241/2 1386/250/2
f 1371/242/2 1431/248/2 1432/251/2
f 1370/252/2 1371/242/2 1432/251/2
f 1424/253/2 1425/249/2 1386/250/2
f 1370/252/2 1432/251/2 1433/254/2
f 1423/255/2 1424/253/2 1386/250/2
f 1370/252/2 1433/254/2 1434/256/2
f 1422/257/2 1423/255/2 1386/250/2
f 1370/252/2 1434/256/2 1435/258/2
f 1421/259/2 1422/257/2 1386/250/2
f 1369/260/2 1370/252/2 1435/258/2
f 1421/259/2 1386/250/2 1387/261/2
f 1369/260/2 1435/258/2 1436/262/2
f 1420/263/2 1421/259/2 1387/261/2
f 1369/260/2 1436/262/2 1437/264/2
f 1419/265/2 1420/263/2 1387/261/2
f 1368/266/2 1369/260/2 1437/264/2
f 1419/265/2 1387/261/2 1388/267/2
f 1368/266/2 1437/264/2 1438/268/2
f 1418/269/2 1419/265/2 1388/267/2
f 1368/266/2 1438/268/2 1439/270/2
f 1417/271/2 1418/269/2 1388/267/2
f 1367/272/2 1368/266/2 1439/270/2
f 1367/272/2 1439/270/2 1440/273/2
f 1417/271/2 1388/267/2 1389/274/2
f 1441/13/2 1417/271/2 1389/274/2
f 1367/272/2 1440/273/2 1441/13/2
f 1367/272/2 1441/13/2 1389/274/2
f 1366/275/2 1367/272/2 1389/274/2
f 1366/275/2 1389/274/2 1390/276/2
f 1365/277/2 1366/275/2 1391/278/2
f 1391/278/2 1366/275/2 1390/276/2
f 1365/277/2 1391/278/2 1392/35/2
f 1364/279/2 1365/277/2 1392/35/2
f 1364/279/2 1392/35/2 1393/280/2
f 1364/279/2 1393/280/2 1394/281/2
f 1363/282/2 1364/279/2 1394/281/2
f 1363/282/2 1394/281/2 1395/283/2
f 1362/284/2 1363/282/2 1395/283/2
f 1362/284/2 1395/283/2 1396/285/2
f 1414/286/2 1415/288/2 1416/287/2
f 1362/284/2 1396/285/2 1397/289/2
f 1413/290/2 1414/286/2 1416/287/2
f 1412/291/2 1413/290/2 1416/287/2
f 1361/292/2 1362/284/2 1397/289/2
f 1361/292/2 1397/289/2 1398/293/2
f 1411/294/2 1412/291/2 1416/287/2
f 1410/295/2 1411/294/2 1416/287/2
f 1361/292/2 1398/293/2 1399/296/2
f 1409/297/2 1410/295/2 1416/287/2
f 1361/292/2 1399/296/2 1400/298/2
f 1408/299/2 1409/297/2 1416/287/2
f 1360/300/2 1361/292/2 1400/298/2
f 1407/301/2 1408/299/2 1416/287/2
f 1360/300/2 1400/298/2 1401/302/2
f 1406/303/2 1407/301/2 1416/287/2
f 1360/300/2 1401/302/2 1402/304/2
f 1405/305/2 1406/303/2 1416/287/2
f 1404/306/2 1405/305/2 1416/287/2
f 1360/300/2 1402/304/2 1403/307/2
f 1403/307/2 1404/306/2 1416/287/2
f 1360/300/2 1403/307/2 1416/287/2
f 1359/308/2 1360/300/2 1416/287/2
f 1359/308/2 1416/287/2 1343/15/2
f 1358/309/2 1359/308/2 1343/15/2
f 1358/309/2 1343/15/2 1344/310/2
f 1358/309/2 1344/310/2 1345/311/2
f 1357/312/2 1358/309/2 1345/311/2
f 1357/312/2 1345/311/2 1346/313/2
f 1357/312/2 1346/313/2 1347/314/2
f 1356/315/2 1357/312/2 1347/314/2
f 1356/315/2 1347/314/2 1348/316/2
f 1356/315/2 1348/316/2 1349/317/2
f 1355/318/2 1356/315/2 1349/317/2
f 1355/318/2 1349/317/2 1350/319/2
f 1355/318/2 1350/319/2 1351/320/2
f 1355/318/2 1351/320/2 1352/321/2
f 1354/322/2 1355/318/2 1352/321/2
f 1354/322/2 1352/321/2 1353/323/2
f 1453/420/2 1454/422/2 1455/421/2
f 1477/423/2 1478/425/2 1479/424/2
f 1452/426/2 1453/420/2 1455/421/2
f 1452/426/2 1455/421/2 1456/427/2
f 1476/428/2 1477/423/2 1479/424/2
f 1476/428/2 1479/424/2 1480/429/2
f 1451/430/2 1452/426/2 1456/427/2
f 1451/430/2 1456/427/2 1457/431/2
f 1475/432/2 1476/428/2 1480/429/2
f 1450/433/2 1451/430/2 1457/431/2
f 1450/433/2 1457/431/2 1458/434/2
f 1475/432/2 1480/429/2 1481/435/2
f 1474/436/2 1475/432/2 1481/435/2
f 1449/437/2 1450/433/2 1458/434/2
f 1546/438/2 1547/439/2 1548/13/2
f 1546/438/2 1548/13/2 1442/15/2
f 1449/437/2 1458/434/2 1459/440/2
f 1473/441/2 1474/436/2 1481/435/2
f 1448/442/2 1449/437/2 1459/440/2
f 1473/441/2 1481/435/2 1482/443/2
f 1448/442/2 1459/440/2 1460/444/2
f 1447/445/2 1448/442/2 1460/444/2
f 1472/446/2 1473/441/2 1482/443/2
f 1447/445/2 1460/444/2 1461/447/2
f 1472/446/2 1482/443/2 1483/448/2
f 1446/449/2 1447/445/2 1461/447/2
f 1471/450/2 1472/446/2 1483/448/2
f 1446/449/2 1461/447/2 1462/451/2
f 1445/452/2 1446/449/2 1462/451/2
f 1470/453/2 1471/450/2 1483/448/2
f 1470/453/2 1483/448/2 1484/454/2
f 1445/452/2 1462/451/2 1463/455/2
f 1444/456/2 1445/452/2 1463/455/2
f 1469/457/2 1470/453/2 1484/454/2
f 1444/456/2 1463/455/2 1464/458/2
f 1443/459/2 1444/456/2 1464/458/2
f 1469/457/2 1484/454/2 1485/460/2
f 1468/461/2 1469/457/2 1485/460/2
f 1443/459/2 1464/458/2 1465/462/2
f 1442/15/2 1443/459/2 1465/462/2
f 1467/463/2 1468/461/2 1485/460/2
f 1467/463/2 1485/460/2 1505/464/2
f 1505/464/2 1485/460/2 1486/465/2
f 1546/438/2 1442/15/2 1544/466/2
f 1544/466/2 1442/15/2 1543/467/2
f 1543/467/2 1442/15/2 1542/468/2
f 1542/468/2 1442/15/2 1541/469/2
f 1541/469/2 1442/15/2 1540/470/2
f 1540/470/2 1442/15/2 1539/471/2
f 1539/471/2 1442/15/2 1538/472/2
f 1538/472/2 1442/15/2 1537/473/2
f 1537/473/2 1442/15/2 1536/474/2
f 1536/474/2 1442/15/2 1535/475/2
f 1535/475/2 1442/15/2 1534/476/2
f 1534/476/2 1442/15/2 1533/477/2
f 1533/477/2 1442/15/2 1465/462/2
f 1533/477/2 1465/462/2 1532/478/2
f 1532/478/2 1465/462/2 1466/479/2
f 1466/479/2 1467/463/2 1506/480/2
f 1506/480/2 1467/463/2 1505/464/2
f 1531/481/2 1532/478/2 1466/479/2
f 1504/482/2 1505/464/2 1486/465/2
f 1466/479/2 1506/480/2 1507/483/2
f 1530/484/2 1531/481/2 1466/479/2
f 1503/485/2 1504/482/2 1486/465/2
f 1466/479/2 1507/483/2 1508/486/2
f 1529/487/2 1530/484/2 1466/479/2
f 1502/488/2 1503/485/2 1486/465/2
f 1466/479/2 1508/486/2 1509/489/2
f 1528/490/2 1529/487/2 1466/479/2
f 1528/490/2 1466/479/2 1509/489/2
f 1501/491/2 1502/488/2 1486/465/2
f 1528/490/2 1509/489/2 1510/492/2
f 1501/491/2 1486/465/2 1487/493/2
f 1527/494/2 1528/490/2 1510/492/2
f 1527/494/2 1510/492/2 1511/495/2
f 1500/496/2 1501/491/2 1487/493/2
f 1527/494/2 1511/495/2 1512/497/2
f 1526/498/2 1527/494/2 1512/497/2
f 1499/499/2 1500/496/2 1487/493/2
f 1526/498/2 1512/497/2 1513/500/2
f 1525/501/2 1526/498/2 1513/500/2
f 1498/502/2 1499/499/2 1487/493/2
f 1525/501/2 1513/500/2 1514/503/2
f 1498/502/2 1487/493/2 1488/504/2
f 1524/505/2 1525/501/2 1514/503/2
f 1524/505/2 1514/503/2 1515/506/2
f 1497/507/2 1498/502/2 1488/504/2
f 1524/505/2 1515/506/2 1516/508/2
f 1523/509/2 1524/505/2 1516/508/2
f 1496/510/2 1497/507/2 1488/504/2
f 1523/509/2 1516/508/2 1517/511/2
f 1496/510/2 1488/504/2 1489/512/2
f 1522/513/2 1523/509/2 1517/511/2
f 1546/438/2 1544/466/2 1545/514/2
f 1522/513/2 1517/511/2 1518/515/2
f 1495/35/2 1496/510/2 1489/512/2
f 1521/516/2 1522/513/2 1518/515/2
f 1494/517/2 1495/35/2 1489/512/2
f 1494/517/2 1489/512/2 1490/518/2
f 1520/519/2 1521/516/2 1518/515/2
f 1493/520/2 1494/517/2 1490/518/2
f 1493/520/2 1490/518/2 1491/521/2
f 1519/522/2 1520/519/2 1518/515/2
f 1492/523/2 1493/520/2 1491/521/2
f 1646/56/2 1647/58/2 1648/57/2
f 1645/59/2 1646/56/2 1648/57/2
f 1645/59/2 1648/57/2 1649/60/2
f 1644/61/2 1645/59/2 1649/60/2
f 1643/62/2 1644/61/2 1649/60/2
f 1643/62/2 1649/60/2 1650/63/2
f 1642/64/2 1643/62/2 1650/63/2
f 1642/64/2 1650/63/2 1651/65/2
f 1641/66/2 1642/64/2 1651/65/2
f 1640/67/2 1641/66/2 1651/65/2
f 1640/67/2 1651/65/2 1652/68/2
f 1639/69/2 1640/67/2 1652/68/2
f 1639/69/2 1652/68/2 1653/70/2
f 1638/71/2 1639/69/2 1653/70/2
f 1637/72/2 1638/71/2 1653/70/2
f 1637/72/2 1653/70/2 1654/73/2
f 1636/74/2 1637/72/2 1654/73/2
f 1636/74/2 1654/73/2 1655/75/2
f 1635/76/2 1636/74/2 1655/75/2
f 1634/77/2 1635/76/2 1633/78/2
f 1633/78/2 1635/76/2 1632/79/2
f 1632/79/2 1635/76/2 1631/80/2
f 1631/80/2 1635/76/2 1630/81/2
f 1630/81/2 1635/76/2 1629/82/2
f 1629/82/2 1635/76/2 1628/83/2
f 1628/83/2 1635/76/2 1627/84/2
f 1627/84/2 1635/76/2 1626/85/2
f 1626/85/2 1635/76/2 1625/86/2
f 1625/86/2 1635/76/2 1624/87/2
f 1624/87/2 1635/76/2 1655/75/2
f 1624/87/2 1655/75/2 1623/88/2
f 1623/88/2 1655/75/2 1622/89/2
f 1622/89/2 1655/75/2 1656/90/2
f 1622/89/2 1656/90/2 1621/91/2
f 1621/91/2 1656/90/2 1657/92/2
f 1620/93/2 1621/91/2 1657/92/2
f 1619/94/2 1620/93/2 1657/92/2
f 1618/95/2 1619/94/2 1657/92/2
f 1617/96/2 1618/95/2 1657/92/2
f 1616/97/2 1617/96/2 1657/92/2
f 1616/97/2 1657/92/2 1658/98/2
f 1615/99/2 1616/97/2 1658/98/2
f 1614/100/2 1615/99/2 1658/98/2
f 1613/101/2 1614/100/2 1658/98/2
f 1613/101/2 1658/98/2 1659/102/2
f 1612/103/2 1613/101/2 1659/102/2
f 1611/104/2 1612/103/2 1659/102/2
f 1611/104/2 1659/102/2 1660/105/2
f 1610/106/2 1611/104/2 1660/105/2
f 1609/107/2 1610/106/2 1660/105/2
f 1608/108/2 1609/107/2 1722/13/2
f 1722/13/2 1609/107/2 1660/105/2
f 1607/109/2 1608/108/2 1722/13/2
f 1606/110/2 1607/109/2 1722/13/2
f 1605/111/2 1606/110/2 1722/13/2
f 1604/112/2 1605/111/2 1722/13/2
f 1604/112/2 1722/13/2 1686/113/2
f 1721/114/2 1722/13/2 1660/105/2
f 1604/112/2 1686/113/2 1687/115/2
f 1603/116/2 1604/112/2 1687/115/2
f 1603/116/2 1687/115/2 1688/117/2
f 1602/118/2 1603/116/2 1688/117/2
f 1602/118/2 1688/117/2 1689/119/2
f 1601/120/2 1602/118/2 1689/119/2
f 1601/120/2 1689/119/2 1690/121/2
f 1601/120/2 1690/121/2 1691/122/2
f 1600/123/2 1601/120/2 1691/122/2
f 1600/123/2 1691/122/2 1692/124/2
f 1599/125/2 1600/123/2 1692/124/2
f 1599/125/2 1692/124/2 1693/126/2
f 1599/125/2 1693/126/2 1694/127/2
f 1598/128/2 1599/125/2 1694/127/2
f 1598/128/2 1694/127/2 1695/129/2
f 1598/128/2 1695/129/2 1696/130/2
f 1597/131/2 1598/128/2 1696/130/2
f 1597/131/2 1696/130/2 1697/132/2
f 1596/133/2 1597/131/2 1697/132/2
f 1596/133/2 1697/132/2 1698/134/2
f 1596/133/2 1698/134/2 1699/135/2
f 1595/136/2 1596/133/2 1699/135/2
f 1595/136/2 1699/135/2 1700/137/2
f 1595/136/2 1700/137/2 1701/138/2
f 1720/139/2 1721/114/2 1660/105/2
f 1594/140/2 1595/136/2 1701/138/2
f 1719/141/2 1720/139/2 1660/105/2
f 1594/140/2 1701/138/2 1702/142/2
f 1718/143/2 1719/141/2 1660/105/2
f 1683/144/2 1684/146/2 1685/145/2
f 1718/143/2 1660/105/2 1661/147/2
f 1594/140/2 1702/142/2 1703/148/2
f 1682/149/2 1683/144/2 1685/145/2
f 1717/150/2 1718/143/2 1661/147/2
f 1717/150/2 1661/147/2 1662/151/2
f 1681/152/2 1682/149/2 1685/145/2
f 1593/153/2 1594/140/2 1703/148/2
f 1593/153/2 1703/148/2 1704/154/2
f 1717/150/2 1662/151/2 1663/155/2
f 1716/156/2 1717/150/2 1663/155/2
f 1680/157/2 1681/152/2 1685/145/2
f 1716/156/2 1663/155/2 1664/158/2
f 1715/159/2 1716/156/2 1664/158/2
f 1679/160/2 1680/157/2 1685/145/2
f 1593/153/2 1704/154/2 1705/161/2
f 1715/159/2 1664/158/2 1665/162/2
f 1678/163/2 1679/160/2 1685/145/2
f 1714/164/2 1715/159/2 1665/162/2
f 1714/164/2 1665/162/2 1666/165/2
f 1677/166/2 1678/163/2 1685/145/2
f 1593/153/2 1705/161/2 1706/167/2
f 1714/164/2 1666/165/2 1667/168/2
f 1713/169/2 1714/164/2 1667/168/2
f 1676/170/2 1677/166/2 1685/145/2
f 1713/169/2 1667/168/2 1668/171/2
f 1592/172/2 1593/153/2 1706/167/2
f 1675/173/2 1676/170/2 1685/145/2
f 1592/172/2 1706/167/2 1707/174/2
f 1712/175/2 1713/169/2 1668/171/2
f 1712/175/2 1668/171/2 1669/176/2
f 1674/177/2 1675/173/2 1685/145/2
f 1712/175/2 1669/176/2 1670/178/2
f 1673/179/2 1674/177/2 1685/145/2
f 1711/180/2 1712/175/2 1670/178/2
f 1711/180/2 1670/178/2 1671/181/2
f 1672/182/2 1673/179/2 1685/145/2
f 1711/180/2 1671/181/2 1672/182/2
f 1592/172/2 1707/174/2 1708/183/2
f 1711/180/2 1672/182/2 1685/145/2
f 1710/184/2 1711/180/2 1685/145/2
f 1592/172/2 1708/183/2 1709/185/2
f 1709/185/2 1710/184/2 1685/145/2
f 1592/172/2 1709/185/2 1572/186/2
f 1572/186/2 1709/185/2 1685/145/2
f 1591/187/2 1592/172/2 1572/186/2
f 1591/187/2 1572/186/2 1573/188/2
f 1571/189/2 1572/186/2 1685/145/2
f 1590/190/2 1591/187/2 1573/188/2
f 1590/190/2 1573/188/2 1574/191/2
f 1570/192/2 1571/189/2 1685/145/2
f 1570/192/2 1685/145/2 1549/15/2
f 1589/193/2 1590/190/2 1574/191/2
f 1589/193/2 1574/191/2 1575/194/2
f 1569/195/2 1570/192/2 1549/15/2
f 1569/195/2 1549/15/2 1550/196/2
f 1589/193/2 1575/194/2 1576/197/2
f 1568/198/2 1569/195/2 1550/196/2
f 1588/199/2 1589/193/2 1576/197/2
f 1568/198/2 1550/196/2 1551/200/2
f 1588/199/2 1576/197/2 1577/201/2
f 1567/202/2 1568/198/2 1551/200/2
f 1567/202/2 1551/200/2 1552/203/2
f 1587/204/2 1588/199/2 1577/201/2
f 1587/204/2 1577/201/2 1578/205/2
f 1566/206/2 1567/202/2 1552/203/2
f 1566/206/2 1552/203/2 1553/207/2
f 1587/204/2 1578/205/2 1579/208/2
f 1565/209/2 1566/206/2 1553/207/2
f 1565/209/2 1553/207/2 1554/210/2
f 1586/211/2 1587/204/2 1579/208/2
f 1586/211/2 1579/208/2 1580/212/2
f 1564/213/2 1565/209/2 1554/210/2
f 1564/213/2 1554/210/2 1555/214/2
f 1586/211/2 1580/212/2 1581/215/2
f 1564/213/2 1555/214/2 1556/216/2
f 1563/217/2 1564/213/2 1556/216/2
f 1585/218/2 1586/211/2 1581/215/2
f 1563/217/2 1556/216/2 1557/219/2
f 1585/218/2 1581/215/2 1582/220/2
f 1562/221/2 1563/217/2 1557/219/2
f 1562/221/2 1557/219/2 1558/222/2
f 1585/218/2 1582/220/2 1583/223/2
f 1561/224/2 1562/221/2 1558/222/2
f 1584/225/2 1585/218/2 1583/223/2
f 1561/224/2 1558/222/2 1559/226/2
f 1560/227/2 1561/224/2 1559/226/2
f 1757/524/2 1758/526/2 1759/525/2
f 1757/524/2 1759/525/2 1760/527/2
f 1757/524/2 1760/527/2 1761/528/2
f 1757/524/2 1761/528/2 1762/529/2
f 1756/530/2 1757/524/2 1762/529/2
f 1756/530/2 1762/529/2 1763/531/2
f 1756/530/2 1763/531/2 1764/532/2
f 1756/530/2 1764/532/2 1765/533/2
f 1755/534/2 1756/530/2 1765/533/2
f 1755/534/2 1765/533/2 1766/535/2
f 1755/534/2 1766/535/2 1767/536/2
f 1754/537/2 1755/534/2 1767/536/2
f 1754/537/2 1767/536/2 1768/538/2
f 1754/537/2 1768/538/2 1769/539/2
f 1753/540/2 1754/537/2 1769/539/2
f 1753/540/2 1769/539/2 1770/541/2
f 1753/540/2 1770/541/2 1781/542/2
f 1781/542/2 1770/541/2 1780/543/2
f 1780/543/2 1770/541/2 1779/544/2
f 1779/544/2 1770/541/2 1778/545/2
f 1778/545/2 1770/541/2 1777/546/2
f 1777/546/2 1770/541/2 1776/547/2
f 1776/547/2 1770/541/2 1775/548/2
f 1775/548/2 1770/541/2 1774/549/2
f 1774/549/2 1770/541/2 1773/550/2
f 1773/550/2 1770/541/2 1772/551/2
f 1772/551/2 1770/541/2 1771/552/2
f 1752/553/2 1753/540/2 1783/554/2
f 1783/554/2 1753/540/2 1782/555/2
f 1782/555/2 1753/540/2 1781/542/2
f 1752/553/2 1783/554/2 1784/556/2
f 1752/553/2 1784/556/2 1785/557/2
f 1752/553/2 1785/557/2 1786/558/2
f 1751/559/2 1752/553/2 1786/558/2
f 1751/559/2 1786/558/2 1787/560/2
f 1751/559/2 1787/560/2 1788/561/2
f 1750/562/2 1751/559/2 1788/561/2
f 1750/562/2 1788/561/2 1789/563/2
f 1750/562/2 1789/563/2 1790/564/2
f 1749/565/2 1750/562/2 1790/564/2
f 1749/565/2 1790/564/2 1791/566/2
f 1748/567/2 1749/565/2 1791/566/2
f 1748/567/2 1791/566/2 1792/568/2
f 1748/567/2 1792/568/2 1793/569/2
f 1747/570/2 1748/567/2 1793/569/2
f 1747/570/2 1793/569/2 1794/571/2
f 1746/572/2 1747/570/2 1794/571/2
f 1746/572/2 1794/571/2 1795/573/2
f 1746/572/2 1795/573/2 1796/574/2
f 1745/575/2 1746/572/2 1796/574/2
f 1821/576/2 1822/578/2 1823/577/2
f 1821/576/2 1823/577/2 1820/579/2
f 1820/579/2 1823/577/2 1824/13/2
f 1745/575/2 1796/574/2 1797/580/2
f 1744/581/2 1745/575/2 1797/580/2
f 1744/581/2 1797/580/2 1798/582/2
f 1819/583/2 1820/579/2 1824/13/2
f 1743/584/2 1744/581/2 1798/582/2
f 1743/584/2 1798/582/2 1799/585/2
f 1743/584/2 1799/585/2 1800/586/2
f 1742/587/2 1743/584/2 1800/586/2
f 1742/587/2 1800/586/2 1801/588/2
f 1741/589/2 1742/587/2 1801/588/2
f 1741/589/2 1801/588/2 1802/590/2
f 1741/589/2 1802/590/2 1803/591/2
f 1740/592/2 1741/589/2 1803/591/2
f 1740/592/2 1803/591/2 1804/593/2
f 1818/594/2 1819/583/2 1824/13/2
f 1817/595/2 1818/594/2 1824/13/2
f 1816/596/2 1817/595/2 1824/13/2
f 1740/592/2 1804/593/2 1805/597/2
f 1815/598/2 1816/596/2 1824/13/2
f 1814/599/2 1815/598/2 1824/13/2
f 1813/600/2 1814/599/2 1824/13/2
f 1740/592/2 1805/597/2 1806/601/2
f 1739/602/2 1740/592/2 1806/601/2
f 1812/603/2 1813/600/2 1824/13/2
f 1811/604/2 1812/603/2 1824/13/2
f 1810/605/2 1811/604/2 1824/13/2
f 1739/602/2 1806/601/2 1807/606/2
f 1809/607/2 1810/605/2 1824/13/2
f 1808/608/2 1809/607/2 1824/13/2
f 1807/606/2 1808/608/2 1824/13/2
f 1739/602/2 1807/606/2 1824/13/2
f 1738/609/2 1739/602/2 1824/13/2
f 1738/609/2 1824/13/2 1723/15/2
f 1738/609/2 1723/15/2 1724/610/2
f 1737/611/2 1738/609/2 1724/610/2
f 1737/611/2 1724/610/2 1725/612/2
f 1737/611/2 1725/612/2 1726/613/2
f 1736/614/2 1737/611/2 1726/613/2
f 1736/614/2 1726/613/2 1727/615/2
f 1736/614/2 1727/615/2 1728/616/2
f 1736/614/2 1728/616/2 1729/617/2
f 1735/618/2 1736/614/2 1729/617/2
f 1735/618/2 1729/617/2 1730/619/2
f 1735/618/2 1730/619/2 1731/620/2
f 1735/618/2 1731/620/2 1732/621/2
f 1734/622/2 1735/618/2 1732/621/2
f 1734/622/2 1732/621/2 1733/623/2
s 1
f 1826/624/3 1828/625/4 1827/626/4 1825/15/3
f 1828/625/4 1830/627/5 1829/628/5 1827/626/4
f 1830/627/5 1832/629/6 1831/630/6 1829/628/5
f 1832/629/6 1834/631/7 1833/632/7 1831/630/6
f 1834/631/7 1836/633/8 1835/634/8 1833/632/7
f 1836/633/8 1838/635/9 1837/636/9 1835/634/8
f 1838/635/9 1840/637/10 1839/638/10 1837/636/9
f 1840/637/10 1842/639/11 1841/640/11 1839/638/10
f 1842/639/11 1844/641/12 1843/642/12 1841/640/11
f 1844/641/12 1846/643/13 1845/644/13 1843/642/12
f 1846/643/13 1848/645/14 1847/646/14 1845/644/13
f 1848/645/14 1850/647/15 1849/648/15 1847/646/14
f 1850/647/15 1852/649/16 1851/650/16 1849/648/15
f 1852/649/16 1854/651/17 1853/652/17 1851/650/16
f 1854/651/17 1856/653/18 1855/654/18 1853/652/17
f 1856/653/18 1858/655/19 1857/656/19 1855/654/18
f 1858/655/19 1860/657/20 1859/10/20 1857/656/19
f 1860/657/20 1862/658/21 1861/659/21 1859/10/20
f 1862/658/21 1864/660/22 1863/661/22 1861/659/21
f 1864/660/22 1866/662/23 1865/663/23 1863/661/22
f 1866/662/23 1868/664/24 1867/665/24 1865/663/23
f 1868/664/24 1870/666/25 1869/667/25 1867/665/24
f 1870/666/25 1872/668/26 1871/669/26 1869/667/25
f 1872/668/26 1874/670/27 1873/671/27 1871/669/26
f 1874/670/27 1876/672/28 1875/673/28 1873/671/27
f 1876/672/28 1878/674/29 1877/675/29 1875/673/28
f 1878/674/29 1880/676/30 1879/677/30 1877/675/29
f 1880/676/30 1882/678/31 1881/679/31 1879/677/30
f 1882/678/31 1884/680/32 1883/681/32 1881/679/31
f 1884/680/32 1886/682/33 1885/683/33 1883/681/32
f 1886/682/33 1888/684/34 1887/685/34 1885/683/33
f 1888/684/34 1890/686/35 1889/687/35 1887/685/34
f 1890/686/35 1892/688/36 1891/689/36 1889/687/35
f 1892/688/36 1894/690/37 1893/9/37 1891/689/36
f 1894/690/37 1896/691/38 1895/692/38 1893/9/37
f 1896/691/38 1898/693/39 1897/694/39 1895/692/38
f 1898/693/39 1900/695/40 1899/696/40 1897/694/39
f 1900/695/40 1902/697/41 1901/698/41 1899/696/40
f 1902/697/41 1904/699/42 1903/700/42 1901/698/41
f 1904/699/42 1906/701/43 1905/702/43 1903/700/42
f 1906/701/43 1908/703/44 1907/704/44 1905/702/43
f 1908/703/44 1910/705/45 1909/706/45 1907/704/44
f 1910/705/45 1912/707/46 1911/708/46 1909/706/45
f 1912/707/46 1914/709/47 1913/710/47 1911/708/46
f 1914/709/47 1916/711/48 1915/712/48 1913/710/47
f 1916/711/48 1918/713/49 1917/714/49 1915/712/48
f 1918/713/49 1920/715/50 1919/716/50 1917/714/49
f 1920/715/50 1922/717/51 1921/718/51 1919/716/50
f 1922/717/51 1924/719/52 1923/720/52 1921/718/51
f 1924/719/52 1926/721/53 1925/722/53 1923/720/52
f 1926/721/53 1928/723/54 1927/35/54 1925/722/53
f 1928/723/54 1930/724/55 1929/725/55 1927/35/54
f 1930/724/55 1932/726/56 1931/727/56 1929/725/55
f 1932/726/56 1934/728/57 1933/729/57 1931/727/56
f 1934/728/57 1936/730/58 1935/731/58 1933/729/57
f 1936/730/58 1938/732/59 1937/733/59 1935/731/58
f 1938/732/59 1940/734/60 1939/735/60 1937/733/59
f 1940/734/60 1942/736/61 1941/737/61 1939/735/60
f 1942/736/61 1944/738/62 1943/739/62 1941/737/61
f 1944/738/62 1946/740/63 1945/741/63 1943/739/62
f 1946/740/63 1948/742/64 1947/743/64 1945/741/63
f 1948/742/64 1950/744/65 1949/745/65 1947/743/64
f 1950/744/65 1952/746/66 1951/747/66 1949/745/65
f 1952/746/66 1954/748/67 1953/749/67 1951/747/66
f 1954/748/67 1956/750/68 1955/751/68 1953/749/67
f 1956/750/68 1958/752/69 1957/753/69 1955/751/68
f 1958/752/69 1960/754/70 1959/755/70 1957/753/69
f 1960/754/70 1962/756/71 1961/39/71 1959/755/70
f 1962/756/71 1964/757/72 1963/758/72 1961/39/71
f 1964/757/72 1966/759/73 1965/760/73 1963/758/72
f 1966/759/73 1968/761/74 1967/762/74 1965/760/73
f 1968/761/74 1970/763/75 1969/764/75 1967/762/74
f 1970/763/75 1972/765/76 1971/766/76 1969/764/75
f 1972/765/76 1974/767/77 1973/768/77 1971/766/76
f 1974/767/77 1976/769/78 1975/770/78 1973/768/77
f 1976/769/78 1978/771/79 1977/772/79 1975/770/78
f 1978/771/79 1980/773/80 1979/774/80 1977/772/79
f 1980/773/80 1982/775/81 1981/776/81 1979/774/80
f 1982/775/81 1984/777/82 1983/778/82 1981/776/81
f 1984/777/82 1986/779/83 1985/780/83 1983/778/82
f 1986/779/83 1988/781/84 1987/782/84 1985/780/83
f 1988/781/84 1990/783/85 1989/784/85 1987/782/84
f 1990/783/85 1992/785/86 1991/786/86 1989/784/85
f 1992/785/86 1994/787/87 1993/788/87 1991/786/86
f 1994/787/87 1996/789/88 1995/50/88 1993/788/87
f 1996/789/88 1998/790/89 1997/791/89 1995/50/88
f 1998/790/89 2000/792/90 1999/793/90 1997/791/89
f 2000/792/90 2002/794/91 2001/795/91 1999/793/90
f 2002/794/91 2004/796/92 2003/797/92 2001/795/91
f 2004/796/92 2006/798/93 2005/799/93 2003/797/92
f 2006/798/93 2008/800/94 2007/801/94 2005/799/93
f 2008/800/94 2010/802/95 2009/803/95 2007/801/94
f 2010/802/95 2012/804/96 2011/805/96 2009/803/95
f 2012/804/96 2014/806/97 2013/807/97 2011/805/96
f 2014/806/97 2016/808/98 2015/809/98 2013/807/97
f 2016/808/98 2018/810/99 2017/811/99 2015/809/98
f 2018/810/99 2020/812/100 2019/813/100 2017/811/99
f 2020/812/100 2022/814/100 2021/815/100 2019/813/100
f 2022/814/100 2024/816/101 2023/817/101 2021/815/100
f 2024/816/101 2026/818/102 2025/819/102 2023/817/101
f 2026/818/102 2028/820/103 2027/821/103 2025/819/102
f 2028/820/103 1826/822/3 1825/13/3 2027/821/103
f 2030/624/104 2032/823/105 2031/824/105 2029/15/104
f 2032/823/105 2034/825/106 2033/826/106 2031/824/105
f 2034/825/106 2036/827/107 2035/828/107 2033/826/106
f 2036/827/107 2038/829/108 2037/830/108 2035/828/107
f 2038/829/108 2040/831/109 2039/832/109 2037/830/108
f 2040/831/109 2042/833/110 2041/834/110 2039/832/109
f 2042/833/110 2044/835/111 2043/836/111 2041/834/110
f 2044/835/111 2046/837/112 2045/838/112 2043/836/111
f 2046/837/112 2048/839/113 2047/840/113 2045/838/112
f 2048/839/113 2050/841/114 2049/842/114 2047/840/113
f 2050/841/114 2052/843/115 2051/844/115 2049/842/114
f 2052/843/115 2054/845/116 2053/846/116 2051/844/115
f 2054/845/116 2056/847/117 2055/848/117 2053/846/116
f 2056/847/117 2058/849/118 2057/850/118 2055/848/117
f 2058/849/118 2060/851/119 2059/852/119 2057/850/118
f 2060/851/119 2062/853/120 2061/854/120 2059/852/119
f 2062/853/120 2064/855/121 2063/856/121 2061/854/120
f 2064/855/121 2066/857/122 2065/858/122 2063/856/121
f 2066/857/122 2068/859/123 2067/860/123 2065/858/122
f 2068/859/123 2070/861/124 2069/862/124 2067/860/123
f 2070/861/124 2072/863/125 2071/864/125 2069/862/124
f 2072/863/125 2074/865/126 2073/866/126 2071/864/125
f 2074/865/126 2076/867/127 2075/868/127 2073/866/126
f 2076/867/127 2078/869/128 2077/870/128 2075/868/127
f 2078/869/128 2080/871/129 2079/872/129 2077/870/128
f 2080/871/129 2082/873/130 2081/874/130 2079/872/129
f 2082/873/130 2084/875/131 2083/876/131 2081/874/130
f 2084/875/131 2086/877/132 2085/878/132 2083/876/131
f 2086/877/132 2088/879/133 2087/880/133 2085/878/132
f 2088/879/133 2090/881/134 2089/882/134 2087/880/133
f 2090/881/134 2092/883/135 2091/884/135 2089/882/134
f 2092/883/135 2094/885/136 2093/886/136 2091/884/135
f 2094/885/136 2096/887/137 2095/888/137 2093/886/136
f 2096/887/137 2098/889/138 2097/890/138 2095/888/137
f 2098/889/138 2100/891/139 2099/892/139 2097/890/138
f 2100/891/139 2102/893/140 2101/894/140 2099/892/139
f 2102/893/140 2104/895/141 2103/896/141 2101/894/140
f 2104/895/141 2106/897/142 2105/898/142 2103/896/141
f 2106/897/142 2108/899/143 2107/900/143 2105/898/142
f 2108/899/143 2110/901/144 2109/902/144 2107/900/143
f 2110/901/144 2112/903/145 2111/904/145 2109/902/144
f 2112/903/145 2114/905/146 2113/906/146 2111/904/145
f 2114/905/146 2116/907/147 2115/908/147 2113/906/146
f 2116/907/147 2118/909/148 2117/910/148 2115/908/147
f 2118/909/148 2120/911/149 2119/912/149 2117/910/148
f 2120/911/149 2122/913/150 2121/914/150 2119/912/149
f 2122/913/150 2124/915/151 2123/916/151 2121/914/150
f 2124/915/151 2126/917/152 2125/918/152 2123/916/151
f 2126/917/152 2128/919/153 2127/920/153 2125/918/152
f 2128/919/153 2130/921/154 2129/922/154 2127/920/153
f 2130/921/154 2132/923/155 2131/924/155 2129/922/154
f 2132/923/155 2134/925/156 2133/926/156 2131/924/155
f 2134/925/156 2136/927/157 2135/928/157 2133/926/156
f 2136/927/157 2138/929/158 2137/930/158 2135/928/157
f 2138/929/158 2140/931/159 2139/932/159 2137/930/158
f 2140/931/159 2142/933/160 2141/934/160 2139/932/159
f 2142/933/160 2144/935/161 2143/936/161 2141/934/160
f 2144/935/161 2146/937/162 2145/938/162 2143/936/161
f 2146/937/162 2148/939/163 2147/940/163 2145/938/162
f 2148/939/163 2150/941/164 2149/942/164 2147/940/163
f 2150/941/164 2152/943/165 2151/944/165 2149/942/164
f 2152/943/165 2154/945/166 2153/946/166 2151/944/165
f 2154/945/166 2156/947/167 2155/948/167 2153/946/166
f 2156/947/167 2158/949/168 2157/950/168 2155/948/167
f 2158/949/168 2160/951/169 2159/952/169 2157/950/168
f 2160/951/169 2162/953/170 2161/954/170 2159/952/169
f 2162/953/170 2164/955/171 2163/956/171 2161/954/170
f 2164/955/171 2166/957/172 2165/958/172 2163/956/171
f 2166/957/172 2168/959/173 2167/960/173 2165/958/172
f 2168/959/173 2170/961/174 2169/962/174 2167/960/173
f 2170/961/174 2172/963/175 2171/964/175 2169/962/174
f 2172/963/175 2174/965/176 2173/966/176 2171/964/175
f 2174/965/176 2176/967/177 2175/968/177 2173/966/176
f 2176/967/177 2178/969/178 2177/970/178 2175/968/177
f 2178/969/178 2180/971/179 2179/972/179 2177/970/178
f 2180/971/179 2182/973/180 2181/974/180 2179/972/179
f 2182/973/180 2184/975/181 2183/976/181 2181/974/180
f 2184/975/181 2186/977/182 2185/978/182 2183/976/181
f 2186/977/182 2188/979/183 2187/980/183 2185/978/182
f 2188/979/183 2190/981/184 2189/982/184 2187/980/183
f 2190/981/184 2192/983/185 2191/984/185 2189/982/184
f 2192/983/185 2194/985/186 2193/986/186 2191/984/185
f 2194/985/186 2196/987/187 2195/988/187 2193/986/186
f 2196/987/187 2198/989/188 2197/990/188 2195/988/187
f 2198/989/188 2200/991/189 2199/992/189 2197/990/188
f 2200/991/189 2202/993/190 2201/994/190 2199/992/189
f 2202/993/190 2204/995/191 2203/996/191 2201/994/190
f 2204/995/191 2206/997/192 2205/998/192 2203/996/191
f 2206/997/192 2208/999/193 2207/1000/193 2205/998/192
f 2208/999/193 2210/1001/194 2209/1002/194 2207/1000/193
f 2210/1001/194 2212/1003/195 2211/1004/195 2209/1002/194
f 2212/1003/195 2214/1005/196 2213/1006/196 2211/1004/195
f 2214/1005/196 2216/1007/197 2215/1008/197 2213/1006/196
f 2216/1007/197 2218/1009/198 2217/1010/198 2215/1008/197
f 2218/1009/198 2220/1011/199 2219/1012/199 2217/1010/198
f 2220/1011/199 2222/1013/200 2221/1014/200 2219/1012/199
f 2222/1013/200 2224/1015/201 2223/1016/201 2221/1014/200
f 2224/1015/201 2226/1017/202 2225/1018/202 2223/1016/201
f 2226/1017/202 2228/1019/203 2227/1020/203 2225/1018/202
f 2228/1019/203 2230/1021/204 2229/1022/204 2227/1020/203
f 2230/1021/204 2232/1023/205 2231/1024/205 2229/1022/204
f 2232/1023/205 2234/1025/206 2233/1026/206 2231/1024/205
f 2234/1025/206 2236/1027/207 2235/1028/207 2233/1026/206
f 2236/1027/207 2238/1029/208 2237/1030/208 2235/1028/207
f 2238/1029/208 2240/1031/209 2239/1032/209 2237/1030/208
f 2240/1031/209 2242/1033/210 2241/1034/210 2239/1032/209
f 2242/1033/210 2244/1035/211 2243/1036/211 2241/1034/210
f 2244/1035/211 2246/1037/212 2245/1038/212 2243/1036/211
f 2246/1037/212 2248/1039/213 2247/1040/213 2245/1038/212
f 2248/1039/213 2250/1041/214 2249/1042/214 2247/1040/213
f 2250/1041/214 2252/1043/215 2251/1044/215 2249/1042/214
f 2252/1043/215 2254/1045/216 2253/1046/216 2251/1044/215
f 2254/1045/216 2256/1047/217 2255/1048/217 2253/1046/216
f 2256/1047/217 2258/1049/218 2257/1050/218 2255/1048/217
f 2258/1049/218 2260/1051/219 2259/1052/219 2257/1050/218
f 2260/1051/219 2262/1053/220 2261/1054/220 2259/1052/219
f 2262/1053/220 2264/1055/221 2263/1056/221 2261/1054/220
f 2264/1055/221 2266/1057/222 2265/1058/222 2263/1056/221
f 2266/1057/222 2268/1059/223 2267/1060/223 2265/1058/222
f 2268/1059/223 2270/1061/224 2269/1062/224 2267/1060/223
f 2270/1061/224 2272/1063/225 2271/1064/225 2269/1062/224
f 2272/1063/225 2274/1065/226 2273/1066/226 2271/1064/225
f 2274/1065/226 2276/1067/227 2275/1068/227 2273/1066/226
f 2276/1067/227 2278/1069/228 2277/1070/228 2275/1068/227
f 2278/1069/228 2280/1071/229 2279/1072/229 2277/1070/228
f 2280/1071/229 2282/1073/230 2281/1074/230 2279/1072/229
f 2282/1073/230 2284/1075/35 2283/1076/35 2281/1074/230
f 2284/1075/35 2286/1077/231 2285/1078/231 2283/1076/35
f 2286/1077/231 2288/1079/232 2287/1080/232 2285/1078/231
f 2288/1079/232 2290/1081/233 2289/1082/233 2287/1080/232
f 2290/1081/233 2292/1083/234 2291/1084/234 2289/1082/233
f 2292/1083/234 2294/1085/235 2293/1086/235 2291/1084/234
f 2294/1085/235 2296/1087/236 2295/1088/236 2293/1086/235
f 2296/1087/236 2298/1089/237 2297/1090/237 2295/1088/236
f 2298/1089/237 2300/1091/238 2299/1092/238 2297/1090/237
f 2300/1091/238 2302/1093/239 2301/1094/239 2299/1092/238
f 2302/1093/239 2030/822/104 2029/13/104 2301/1094/239
f 2304/624/240 2306/1095/241 2305/1096/241 2303/15/240
f 2306/1095/241 2308/1097/242 2307/1098/242 2305/1096/241
f 2308/1097/242 2310/1099/243 2309/1100/243 2307/1098/242
f 2310/1099/243 2312/1101/244 2311/1102/244 2309/1100/243
f 2312/1101/244 2314/1103/245 2313/1104/245 2311/1102/244
f 2314/1103/245 2316/1105/246 2315/1106/246 2313/1104/245
f 2316/1105/246 2318/1107/247 2317/1108/247 2315/1106/246
f 2318/1107/247 2320/1109/248 2319/1110/248 2317/1108/247
f 2320/1109/248 2322/1111/249 2321/1112/249 2319/1110/248
f 2322/1111/249 2324/1113/250 2323/1114/250 2321/1112/249
f 2324/1113/250 2326/1115/251 2325/1116/251 2323/1114/250
f 2326/1115/251 2328/1117/252 2327/1118/252 2325/1116/251
f 2328/1117/252 2330/1119/253 2329/1120/253 2327/1118/252
f 2330/1119/253 2332/1121/254 2331/1122/254 2329/1120/253
f 2332/1121/254 2334/1123/255 2333/1124/255 2331/1122/254
f 2334/1123/255 2336/1125/256 2335/1126/256 2333/1124/255
f 2336/1125/256 2338/1127/257 2337/1128/257 2335/1126/256
f 2338/1127/257 2340/1129/258 2339/1130/258 2337/1128/257
f 2340/1129/258 2342/1131/259 2341/1132/259 2339/1130/258
f 2342/1131/259 2344/1133/260 2343/1134/260 2341/1132/259
f 2344/1133/260 2346/1135/261 2345/1136/261 2343/1134/260
f 2346/1135/261 2348/1137/262 2347/1138/262 2345/1136/261
f 2348/1137/262 2350/1139/263 2349/1140/263 2347/1138/262
f 2350/1139/263 2352/1141/264 2351/1142/264 2349/1140/263
f 2352/1141/264 2354/1143/265 2353/1144/265 2351/1142/264
f 2354/1143/265 2356/1145/266 2355/1146/266 2353/1144/265
f 2356/1145/266 2358/1147/267 2357/1148/267 2355/1146/266
f 2358/1147/267 2360/1149/268 2359/1150/268 2357/1148/267
f 2360/1149/268 2362/1151/269 2361/1152/269 2359/1150/268
f 2362/1151/269 2364/1153/270 2363/1154/270 2361/1152/269
f 2364/1153/270 2366/1155/271 2365/1156/271 2363/1154/270
f 2366/1155/271 2368/1157/272 2367/1158/272 2365/1156/271
f 2368/1157/272 2370/1159/273 2369/1160/273 2367/1158/272
f 2370/1159/273 2372/1161/274 2371/1162/274 2369/1160/273
f 2372/1161/274 2374/1163/275 2373/1164/275 2371/1162/274
f 2374/1163/275 2376/1165/276 2375/1166/276 2373/1164/275
f 2376/1165/276 2304/822/240 2303/13/240 2375/1166/276
f 2378/624/277 2380/1167/278 2379/1168/278 2377/15/277
f 2380/1167/278 2382/1169/279 2381/1170/279 2379/1168/278
f 2382/1169/279 2384/1171/280 2383/1172/280 2381/1170/279
f 2384/1171/280 2386/1173/281 2385/1174/281 2383/1172/280
f 2386/1173/281 2388/1175/282 2387/1176/282 2385/1174/281
f 2388/1175/282 2390/1177/283 2389/1178/283 2387/1176/282
f 2390/1177/283 2392/1179/284 2391/1180/284 2389/1178/283
f 2392/1179/284 2394/1181/285 2393/1182/285 2391/1180/284
f 2394/1181/285 2396/1183/286 2395/1184/286 2393/1182/285
f 2396/1183/286 2398/1185/287 2397/1186/287 2395/1184/286
f 2398/1185/287 2400/1187/288 2399/1188/288 2397/1186/287
f 2400/1187/288 2402/1189/289 2401/1190/289 2399/1188/288
f 2402/1189/289 2404/1191/290 2403/1192/290 2401/1190/289
f 2404/1191/290 2406/1193/291 2405/1194/291 2403/1192/290
f 2406/1193/291 2408/1195/292 2407/1196/292 2405/1194/291
f 2408/1195/292 2410/1197/293 2409/1198/293 2407/1196/292
f 2410/1197/293 2412/1199/294 2411/1200/294 2409/1198/293
f 2412/1199/294 2414/1201/295 2413/1202/295 2411/1200/294
f 2414/1201/295 2416/1203/296 2415/1204/296 2413/1202/295
f 2416/1203/296 2418/1205/297 2417/1206/297 2415/1204/296
f 2418/1205/297 2420/1207/298 2419/1208/298 2417/1206/297
f 2420/1207/298 2422/1209/299 2421/1210/299 2419/1208/298
f 2422/1209/299 2424/1211/300 2423/1212/300 2421/1210/299
f 2424/1211/300 2426/1213/301 2425/1214/301 2423/1212/300
f 2426/1213/301 2428/1215/302 2427/1216/302 2425/1214/301
f 2428/1215/302 2430/1217/303 2429/1218/303 2427/1216/302
f 2430/1217/303 2432/1219/304 2431/1220/304 2429/1218/303
f 2432/1219/304 2434/1221/305 2433/1222/305 2431/1220/304
f 2434/1221/305 2436/1223/306 2435/1224/306 2433/1222/305
f 2436/1223/306 2438/1225/307 2437/1226/307 2435/1224/306
f 2438/1225/307 2440/1227/308 2439/1228/308 2437/1226/307
f 2440/1227/308 2442/1229/309 2441/1230/309 2439/1228/308
f 2442/1229/309 2444/1231/310 2443/1232/310 2441/1230/309
f 2444/1231/310 2446/1233/311 2445/1234/311 2443/1232/310
f 2446/1233/311 2448/1235/312 2447/1236/312 2445/1234/311
f 2448/1235/312 2450/1237/202 2449/1238/202 2447/1236/312
f 2450/1237/202 2452/1239/313 2451/1240/313 2449/1238/202
f 2452/1239/313 2454/1241/314 2453/1242/314 2451/1240/313
f 2454/1241/314 2456/1243/315 2455/1244/315 2453/1242/314
f 2456/1243/315 2458/1245/316 2457/1246/316 2455/1244/315
f 2458/1245/316 2460/1247/317 2459/1248/317 2457/1246/316
f 2460/1247/317 2462/1249/318 2461/1250/318 2459/1248/317
f 2462/1249/318 2464/1251/319 2463/1252/319 2461/1250/318
f 2464/1251/319 2466/1253/320 2465/1254/320 2463/1252/319
f 2466/1253/320 2468/1255/321 2467/1256/321 2465/1254/320
f 2468/1255/321 2470/1257/322 2469/1258/322 2467/1256/321
f 2470/1257/322 2472/1259/323 2471/1260/323 2469/1258/322
f 2472/1259/323 2474/1261/324 2473/1262/324 2471/1260/323
f 2474/1261/324 2476/1263/325 2475/1264/325 2473/1262/324
f 2476/1263/325 2478/1265/100 2477/1266/100 2475/1264/325
f 2478/1265/100 2480/1267/326 2479/1268/326 2477/1266/100
f 2480/1267/326 2482/1269/327 2481/1270/327 2479/1268/326
f 2482/1269/327 2484/1271/328 2483/1272/328 2481/1270/327
f 2484/1271/328 2486/1273/329 2485/1274/329 2483/1272/328
f 2486/1273/329 2488/1275/330 2487/1276/330 2485/1274/329
f 2488/1275/330 2490/1277/331 2489/1278/331 2487/1276/330
f 2490/1277/331 2492/1279/332 2491/1280/332 2489/1278/331
f 2492/1279/332 2494/1281/333 2493/1282/333 2491/1280/332
f 2494/1281/333 2496/1283/334 2495/1284/334 2493/1282/333
f 2496/1283/334 2498/1285/335 2497/1286/335 2495/1284/334
f 2498/1285/335 2500/1287/336 2499/1288/336 2497/1286/335
f 2500/1287/336 2502/1289/337 2501/1290/337 2499/1288/336
f 2502/1289/337 2504/1291/338 2503/1292/338 2501/1290/337
f 2504/1291/338 2506/1293/339 2505/1294/339 2503/1292/338
f 2506/1293/339 2508/1295/340 2507/1296/340 2505/1294/339
f 2508/1295/340 2510/1297/341 2509/1298/341 2507/1296/340
f 2510/1297/341 2512/1299/342 2511/1300/342 2509/1298/341
f 2512/1299/342 2514/1301/343 2513/1302/343 2511/1300/342
f 2514/1301/343 2516/1303/344 2515/1304/344 2513/1302/343
f 2516/1303/344 2518/1305/345 2517/1306/345 2515/1304/344
f 2518/1305/345 2520/1307/346 2519/1308/346 2517/1306/345
f 2520/1307/346 2522/1309/347 2521/1310/347 2519/1308/346
f 2522/1309/347 2524/1311/348 2523/1312/348 2521/1310/347
f 2524/1311/348 2526/1313/349 2525/1314/349 2523/1312/348
f 2526/1313/349 2528/1315/350 2527/1316/350 2525/1314/349
f 2528/1315/350 2530/1317/325 2529/1318/325 2527/1316/350
f 2530/1317/325 2532/1319/100 2531/1320/100 2529/1318/325
f 2532/1319/100 2534/1321/351 2533/1322/351 2531/1320/100
f 2534/1321/351 2536/1323/166 2535/1324/166 2533/1322/351
f 2536/1323/166 2538/1325/352 2537/1326/352 2535/1324/166
f 2538/1325/352 2540/1327/353 2539/1328/353 2537/1326/352
f 2540/1327/353 2542/1329/354 2541/1330/354 2539/1328/353
f 2542/1329/354 2544/1331/355 2543/1332/355 2541/1330/354
f 2544/1331/355 2546/1333/356 2545/1334/356 2543/1332/355
f 2546/1333/356 2548/1335/357 2547/1336/357 2545/1334/356
f 2548/1335/357 2550/1337/358 2549/1338/358 2547/1336/357
f 2550/1337/358 2552/1339/359 2551/1340/359 2549/1338/358
f 2552/1339/359 2554/1341/360 2553/1342/360 2551/1340/359
f 2554/1341/360 2556/1343/361 2555/1344/361 2553/1342/360
f 2556/1343/361 2558/1345/362 2557/1346/362 2555/1344/361
f 2558/1345/362 2560/1347/363 2559/1348/363 2557/1346/362
f 2560/1347/363 2562/1349/364 2561/1350/364 2559/1348/363
f 2562/1349/364 2564/1351/365 2563/1352/365 2561/1350/364
f 2564/1351/365 2566/1353/366 2565/1354/366 2563/1352/365
f 2566/1353/366 2568/1355/367 2567/1356/367 2565/1354/366
f 2568/1355/367 2570/1357/368 2569/1358/368 2567/1356/367
f 2570/1357/368 2572/1359/369 2571/1360/369 2569/1358/368
f 2572/1359/369 2574/1361/370 2573/1362/370 2571/1360/369
f 2574/1361/370 2576/1363/371 2575/1364/371 2573/1362/370
f 2576/1363/371 2578/1365/372 2577/1366/372 2575/1364/371
f 2578/1365/372 2580/1367/373 2579/1368/373 2577/1366/372
f 2580/1367/373 2582/1369/374 2581/1370/374 2579/1368/373
f 2582/1369/374 2584/1371/325 2583/1372/325 2581/1370/374
f 2584/1371/325 2586/1373/100 2585/1374/100 2583/1372/325
f 2586/1373/100 2588/1375/101 2587/1376/101 2585/1374/100
f 2588/1375/101 2590/1377/102 2589/1378/102 2587/1376/101
f 2590/1377/102 2378/822/277 2377/13/277 2589/1378/102
f 2592/624/375 2594/1379/376 2593/1380/376 2591/15/375
f 2594/1379/376 2596/1095/377 2595/1096/377 2593/1380/376
f 2596/1095/377 2598/1381/378 2597/1382/378 2595/1096/377
f 2598/1381/378 2600/1097/379 2599/1098/379 2597/1382/378
f 2600/1097/379 2602/1383/380 2601/1384/380 2599/1098/379
f 2602/1383/380 2604/1099/381 2603/1100/381 2601/1384/380
f 2604/1099/381 2606/1385/382 2605/1386/382 2603/1100/381
f 2606/1385/382 2608/1101/383 2607/1102/383 2605/1386/382
f 2608/1101/383 2610/1387/384 2609/1388/384 2607/1102/383
f 2610/1387/384 2612/1103/385 2611/1104/385 2609/1388/384
f 2612/1103/385 2614/1389/386 2613/1390/386 2611/1104/385
f 2614/1389/386 2616/1105/387 2615/1106/387 2613/1390/386
f 2616/1105/387 2618/1391/388 2617/1392/388 2615/1106/387
f 2618/1391/388 2620/1107/389 2619/1108/389 2617/1392/388
f 2620/1107/389 2622/1393/390 2621/1394/390 2619/1108/389
f 2622/1393/390 2624/1109/391 2623/1110/391 2621/1394/390
f 2624/1109/391 2626/1395/392 2625/1396/392 2623/1110/391
f 2626/1395/392 2628/1111/393 2627/1112/393 2625/1396/392
f 2628/1111/393 2630/1397/394 2629/1398/394 2627/1112/393
f 2630/1397/394 2632/1113/395 2631/1114/395 2629/1398/394
f 2632/1113/395 2634/1399/396 2633/1400/396 2631/1114/395
f 2634/1399/396 2636/1115/397 2635/1116/397 2633/1400/396
f 2636/1115/397 2638/1401/398 2637/1402/398 2635/1116/397
f 2638/1401/398 2640/1117/399 2639/1118/399 2637/1402/398
f 2640/1117/399 2642/1403/400 2641/1404/400 2639/1118/399
f 2642/1403/400 2644/1119/401 2643/1120/401 2641/1404/400
f 2644/1119/401 2646/1405/402 2645/1406/402 2643/1120/401
f 2646/1405/402 2648/1121/403 2647/1122/403 2645/1406/402
f 2648/1121/403 2650/1407/404 2649/1408/404 2647/1122/403
f 2650/1407/404 2652/1123/405 2651/1124/405 2649/1408/404
f 2652/1123/405 2654/1409/406 2653/1410/406 2651/1124/405
f 2654/1409/406 2656/1125/407 2655/1126/407 2653/1410/406
f 2656/1125/407 2658/1411/408 2657/1412/408 2655/1126/407
f 2658/1411/408 2660/1127/409 2659/1128/409 2657/1412/408
f 2660/1127/409 2662/1413/410 2661/1414/410 2659/1128/409
f 2662/1413/410 2664/1129/411 2663/1130/411 2661/1414/410
f 2664/1129/411 2666/723/412 2665/35/412 2663/1130/411
f 2666/723/412 2668/1131/413 2667/1132/413 2665/35/412
f 2668/1131/413 2670/1415/414 2669/1416/414 2667/1132/413
f 2670/1415/414 2672/1133/415 2671/1134/415 2669/1416/414
f 2672/1133/415 2674/1417/416 2673/1418/416 2671/1134/415
f 2674/1417/416 2676/1135/417 2675/1136/417 2673/1418/416
f 2676/1135/417 2678/1419/418 2677/1420/418 2675/1136/417
f 2678/1419/418 2680/1137/419 2679/1138/419 2677/1420/418
f 2680/1137/419 2682/1421/420 2681/1422/420 2679/1138/419
f 2682/1421/420 2684/1139/421 2683/1140/421 2681/1422/420
f 2684/1139/421 2686/1423/422 2685/1424/422 2683/1140/421
f 2686/1423/422 2688/1141/423 2687/1142/423 2685/1424/422
f 2688/1141/423 2690/1425/424 2689/1426/424 2687/1142/423
f 2690/1425/424 2692/1143/425 2691/1144/425 2689/1426/424
f 2692/1143/425 2694/1427/426 2693/1428/426 2691/1144/425
f 2694/1427/426 2696/1145/427 2695/1146/427 2693/1428/426
f 2696/1145/427 2698/1429/428 2697/1430/428 2695/1146/427
f 2698/1429/428 2700/1147/429 2699/1148/429 2697/1430/428
f 2700/1147/429 2702/1431/430 2701/1432/430 2699/1148/429
f 2702/1431/430 2704/1149/431 2703/1150/431 2701/1432/430
f 2704/1149/431 2706/1433/432 2705/1434/432 2703/1150/431
f 2706/1433/432 2708/1151/433 2707/1152/433 2705/1434/432
f 2708/1151/433 2710/1435/434 2709/1436/434 2707/1152/433
f 2710/1435/434 2712/1153/435 2711/1154/435 2709/1436/434
f 2712/1153/435 2714/1437/436 2713/1438/436 2711/1154/435
f 2714/1437/436 2716/1155/437 2715/1156/437 2713/1438/436
f 2716/1155/437 2718/1439/438 2717/1440/438 2715/1156/437
f 2718/1439/438 2720/1157/439 2719/1158/439 2717/1440/438
f 2720/1157/439 2722/1441/440 2721/1442/440 2719/1158/439
f 2722/1441/440 2724/1159/441 2723/1160/441 2721/1442/440
f 2724/1159/441 2726/1443/442 2725/1444/442 2723/1160/441
f 2726/1443/442 2728/1161/443 2727/1162/443 2725/1444/442
f 2728/1161/443 2730/1445/444 2729/1446/444 2727/1162/443
f 2730/1445/444 2732/1163/445 2731/1164/445 2729/1446/444
f 2732/1163/445 2734/1447/446 2733/1448/446 2731/1164/445
f 2734/1447/446 2736/1165/447 2735/1166/447 2733/1448/446
f 2736/1165/447 2738/1449/448 2737/1450/448 2735/1166/447
f 2738/1449/448 2592/822/375 2591/13/375 2737/1450/448
f 2740/624/449 2742/1451/450 2741/1452/450 2739/15/449
f 2742/1451/450 2744/1453/451 2743/1454/451 2741/1452/450
f 2744/1453/451 2746/1455/452 2745/1456/452 2743/1454/451
f 2746/1455/452 2748/1457/453 2747/1458/453 2745/1456/452
f 2748/1457/453 2750/1459/454 2749/1460/454 2747/1458/453
f 2750/1459/454 2752/1461/455 2751/1462/455 2749/1460/454
f 2752/1461/455 2754/1463/456 2753/1464/456 2751/1462/455
f 2754/1463/456 2756/1465/457 2755/1466/457 2753/1464/456
f 2756/1465/457 2758/1467/458 2757/1468/458 2755/1466/457
f 2758/1467/458 2760/1469/459 2759/1470/459 2757/1468/458
f 2760/1469/459 2762/1471/460 2761/1472/460 2759/1470/459
f 2762/1471/460 2764/1473/461 2763/1474/461 2761/1472/460
f 2764/1473/461 2766/1475/462 2765/1476/462 2763/1474/461
f 2766/1475/462 2768/1477/463 2767/1478/463 2765/1476/462
f 2768/1477/463 2770/1479/464 2769/1480/464 2767/1478/463
f 2770/1479/464 2772/1481/465 2771/1482/465 2769/1480/464
f 2772/1481/465 2774/1483/466 2773/1484/466 2771/1482/465
f 2774/1483/466 2776/1485/467 2775/1486/467 2773/1484/466
f 2776/1485/467 2778/1487/468 2777/1488/468 2775/1486/467
f 2778/1487/468 2780/1489/469 2779/1490/469 2777/1488/468
f 2780/1489/469 2782/1491/470 2781/1492/470 2779/1490/469
f 2782/1491/470 2784/1493/471 2783/1494/471 2781/1492/470
f 2784/1493/471 2786/1495/472 2785/1496/472 2783/1494/471
f 2786/1495/472 2788/1497/473 2787/1498/473 2785/1496/472
f 2788/1497/473 2740/822/449 2739/13/449 2787/1498/473
f 2790/624/474 2792/1499/475 2791/310/475 2789/15/474
f 2792/1499/475 2794/1500/476 2793/311/476 2791/310/475
f 2794/1500/476 2796/1501/477 2795/313/477 2793/311/476
f 2796/1501/477 2798/1502/478 2797/314/478 2795/313/477
f 2798/1502/478 2800/1503/479 2799/316/479 2797/314/478
f 2800/1503/479 2802/1504/480 2801/317/480 2799/316/479
f 2802/1504/480 2804/1505/481 2803/319/481 2801/317/480
f 2804/1505/481 2806/1506/482 2805/320/482 2803/319/481
f 2806/1506/482 2808/1507/483 2807/321/483 2805/320/482
f 2808/1507/483 2810/1508/484 2809/323/484 2807/321/483
f 2810/1508/484 2812/1509/485 2811/322/485 2809/323/484
f 2812/1509/485 2814/1510/486 2813/318/486 2811/322/485
f 2814/1510/486 2816/1511/487 2815/315/487 2813/318/486
f 2816/1511/487 2818/1512/488 2817/312/488 2815/315/487
f 2818/1512/488 2820/1513/489 2819/309/489 2817/312/488
f 2820/1513/489 2822/1514/490 2821/308/490 2819/309/489
f 2822/1514/490 2824/1515/491 2823/300/491 2821/308/490
f 2824/1515/491 2826/1516/492 2825/292/492 2823/300/491
f 2826/1516/492 2828/1517/493 2827/284/493 2825/292/492
f 2828/1517/493 2830/1518/494 2829/282/494 2827/284/493
f 2830/1518/494 2832/1519/495 2831/279/495 2829/282/494
f 2832/1519/495 2834/1520/496 2833/277/496 2831/279/495
f 2834/1520/496 2836/1521/497 2835/275/497 2833/277/496
f 2836/1521/497 2838/1522/498 2837/272/498 2835/275/497
f 2838/1522/498 2840/1523/499 2839/266/499 2837/272/498
f 2840/1523/499 2842/1524/500 2841/260/500 2839/266/499
f 2842/1524/500 2844/1525/501 2843/252/501 2841/260/500
f 2844/1525/501 2846/1526/502 2845/242/502 2843/252/501
f 2846/1526/502 2848/1527/503 2847/240/503 2845/242/502
f 2848/1527/503 2850/1528/504 2849/238/504 2847/240/503
f 2850/1528/504 2852/1529/505 2851/236/505 2849/238/504
f 2852/1529/505 2854/1530/506 2853/234/506 2851/236/505
f 2854/1530/506 2856/1531/507 2855/232/507 2853/234/506
f 2856/1531/507 2858/1532/508 2857/228/508 2855/232/507
f 2858/1532/508 2860/1533/509 2859/230/509 2857/228/508
f 2860/1533/509 2862/1534/510 2861/229/510 2859/230/509
f 2862/1534/510 2864/1535/511 2863/231/511 2861/229/510
f 2864/1535/511 2866/1536/512 2865/233/512 2863/231/511
f 2866/1536/512 2868/1537/513 2867/235/513 2865/233/512
f 2868/1537/513 2870/1538/514 2869/237/514 2867/235/513
f 2870/1538/514 2872/1539/515 2871/239/515 2869/237/514
f 2872/1539/515 2874/1540/516 2873/241/516 2871/239/515
f 2874/1540/516 2876/1541/517 2875/250/517 2873/241/516
f 2876/1541/517 2878/1542/518 2877/261/518 2875/250/517
f 2878/1542/518 2880/1543/519 2879/267/519 2877/261/518
f 2880/1543/519 2882/1544/520 2881/274/520 2879/267/519
f 2882/1544/520 2884/1545/521 2883/276/521 2881/274/520
f 2884/1545/521 2886/1546/522 2885/278/522 2883/276/521
f 2886/1546/522 2888/723/523 2887/35/523 2885/278/522
f 2888/723/523 2890/1547/524 2889/280/524 2887/35/523
f 2890/1547/524 2892/1548/525 2891/281/525 2889/280/524
f 2892/1548/525 2894/1549/526 2893/283/526 2891/281/525
f 2894/1549/526 2896/1550/527 2895/285/527 2893/283/526
f 2896/1550/527 2898/1551/528 2897/289/528 2895/285/527
f 2898/1551/528 2900/1552/529 2899/293/529 2897/289/528
f 2900/1552/529 2902/1553/530 2901/296/530 2899/293/529
f 2902/1553/530 2904/1554/531 2903/298/531 2901/296/530
f 2904/1554/531 2906/1555/532 2905/302/532 2903/298/531
f 2906/1555/532 2908/1556/533 2907/304/533 2905/302/532
f 2908/1556/533 2910/1557/534 2909/307/534 2907/304/533
f 2910/1557/534 2912/1558/140 2911/306/140 2909/307/534
f 2912/1558/140 2914/1559/535 2913/305/535 2911/306/140
f 2914/1559/535 2916/1560/536 2915/303/536 2913/305/535
f 2916/1560/536 2918/1561/537 2917/301/537 2915/303/536
f 2918/1561/537 2920/1562/538 2919/299/538 2917/301/537
f 2920/1562/538 2922/1563/539 2921/297/539 2919/299/538
f 2922/1563/539 2924/1564/540 2923/295/540 2921/297/539
f 2924/1564/540 2926/1565/541 2925/294/541 2923/295/540
f 2926/1565/541 2928/1566/542 2927/291/542 2925/294/541
f 2928/1566/542 2930/1567/543 2929/290/543 2927/291/542
f 2930/1567/543 2932/1568/544 2931/286/544 2929/290/543
f 2932/1568/544 2934/1569/545 2933/288/545 2931/286/544
f 2934/1569/545 2936/1570/546 2935/287/546 2933/288/545
f 2936/1570/546 2938/1571/547 2937/271/547 2935/287/546
f 2938/1571/547 2940/1572/548 2939/269/548 2937/271/547
f 2940/1572/548 2942/1573/549 2941/265/549 2939/269/548
f 2942/1573/549 2944/1574/550 2943/263/550 2941/265/549
f 2944/1574/550 2946/1575/551 2945/259/551 2943/263/550
f 2946/1575/551 2948/1576/552 2947/257/552 2945/259/551
f 2948/1576/552 2950/1577/553 2949/255/553 2947/257/552
f 2950/1577/553 2952/1578/554 2951/253/554 2949/255/553
f 2952/1578/554 2954/1579/555 2953/249/555 2951/253/554
f 2954/1579/555 2956/1580/556 2955/247/556 2953/249/555
f 2956/1580/556 2958/1581/557 2957/245/557 2955/247/556
f 2958/1581/557 2960/1582/558 2959/243/558 2957/245/557
f 2960/1582/558 2962/1583/559 2961/244/559 2959/243/558
f 2962/1583/559 2964/1584/560 2963/246/560 2961/244/559
f 2964/1584/560 2966/1585/561 2965/248/561 2963/246/560
f 2966/1585/561 2968/1586/562 2967/251/562 2965/248/561
f 2968/1586/562 2970/1587/563 2969/254/563 2967/251/562
f 2970/1587/563 2972/1588/564 2971/256/564 2969/254/563
f 2972/1588/564 2974/1589/565 2973/258/565 2971/256/564
f 2974/1589/565 2976/1590/566 2975/262/566 2973/258/565
f 2976/1590/566 2978/1591/567 2977/264/567 2975/262/566
f 2978/1591/567 2980/1592/568 2979/268/568 2977/264/567
f 2980/1592/568 2982/1593/300 2981/270/300 2979/268/568
f 2982/1593/300 2984/1594/569 2983/273/569 2981/270/300
f 2984/1594/569 2790/822/474 2789/13/474 2983/273/569
f 2986/624/100 2988/1595/101 2987/1596/101 2985/15/100
f 2988/1595/101 2990/723/102 2989/35/102 2987/1596/101
f 2990/723/102 2992/1597/325 2991/1598/325 2989/35/102
f 2992/1597/325 2986/822/100 2985/13/100 2991/1598/325
f 2994/624/375 2996/1379/376 2995/1380/376 2993/15/375
f 2996/1379/376 2998/1095/377 2997/1096/377 2995/1380/376
f 2998/1095/377 3000/1381/378 2999/1382/378 2997/1096/377
f 3000/1381/378 3002/1097/379 3001/1098/379 2999/1382/378
f 3002/1097/379 3004/1383/380 3003/1384/380 3001/1098/379
f 3004/1383/380 3006/1099/381 3005/1100/381 3003/1384/380
f 3006/1099/381 3008/1385/382 3007/1386/382 3005/1100/381
f 3008/1385/382 3010/1101/383 3009/1102/383 3007/1386/382
f 3010/1101/383 3012/1387/384 3011/1388/384 3009/1102/383
f 3012/1387/384 3014/1103/385 3013/1104/385 3011/1388/384
f 3014/1103/385 3016/1389/386 3015/1390/386 3013/1104/385
f 3016/1389/386 3018/1105/387 3017/1106/387 3015/1390/386
f 3018/1105/387 3020/1391/388 3019/1392/388 3017/1106/387
f 3020/1391/388 3022/1107/389 3021/1108/389 3019/1392/388
f 3022/1107/389 3024/1393/390 3023/1394/390 3021/1108/389
f 3024/1393/390 3026/1109/391 3025/1110/391 3023/1394/390
f 3026/1109/391 3028/1395/392 3027/1396/392 3025/1110/391
f 3028/1395/392 3030/1111/393 3029/1112/393 3027/1396/392
f 3030/1111/393 3032/1397/394 3031/1398/394 3029/1112/393
f 3032/1397/394 3034/1113/395 3033/1114/395 3031/1398/394
f 3034/1113/395 3036/1399/396 3035/1400/396 3033/1114/395
f 3036/1399/396 3038/1115/397 3037/1116/397 3035/1400/396
f 3038/1115/397 3040/1401/398 3039/1402/398 3037/1116/397
f 3040/1401/398 3042/1117/399 3041/1118/399 3039/1402/398
f 3042/1117/399 3044/1403/400 3043/1404/400 3041/1118/399
f 3044/1403/400 3046/1119/401 3045/1120/401 3043/1404/400
f 3046/1119/401 3048/1405/402 3047/1406/402 3045/1120/401
f 3048/1405/402 3050/1121/403 3049/1122/403 3047/1406/402
f 3050/1121/403 3052/1407/404 3051/1408/404 3049/1122/403
f 3052/1407/404 3054/1123/405 3053/1124/405 3051/1408/404
f 3054/1123/405 3056/1409/406 3055/1410/406 3053/1124/405
f 3056/1409/406 3058/1125/407 3057/1126/407 3055/1410/406
f 3058/1125/407 3060/1411/408 3059/1412/408 3057/1126/407
f 3060/1411/408 3062/1127/570 3061/1128/570 3059/1412/408
f 3062/1127/570 3064/1413/410 3063/1414/410 3061/1128/570
f 3064/1413/410 3066/1129/411 3065/1130/411 3063/1414/410
f 3066/1129/411 3068/723/412 3067/35/412 3065/1130/411
f 3068/723/412 3070/1131/413 3069/1132/413 3067/35/412
f 3070/1131/413 3072/1415/414 3071/1416/414 3069/1132/413
f 3072/1415/414 3074/1133/415 3073/1134/415 3071/1416/414
f 3074/1133/415 3076/1417/416 3075/1418/416 3073/1134/415
f 3076/1417/416 3078/1135/417 3077/1136/417 3075/1418/416
f 3078/1135/417 3080/1419/571 3079/1420/571 3077/1136/417
f 3080/1419/571 3082/1137/419 3081/1138/419 3079/1420/571
f 3082/1137/419 3084/1421/420 3083/1422/420 3081/1138/419
f 3084/1421/420 3086/1139/421 3085/1140/421 3083/1422/420
f 3086/1139/421 3088/1423/422 3087/1424/422 3085/1140/421
f 3088/1423/422 3090/1141/423 3089/1142/423 3087/1424/422
f 3090/1141/423 3092/1425/424 3091/1426/424 3089/1142/423
f 3092/1425/424 3094/1143/425 3093/1144/425 3091/1426/424
f 3094/1143/425 3096/1427/426 3095/1428/426 3093/1144/425
f 3096/1427/426 3098/1145/427 3097/1146/427 3095/1428/426
f 3098/1145/427 3100/1429/428 3099/1430/428 3097/1146/427
f 3100/1429/428 3102/1147/429 3101/1148/429 3099/1430/428
f 3102/1147/429 3104/1431/430 3103/1432/430 3101/1148/429
f 3104/1431/430 3106/1149/431 3105/1150/431 3103/1432/430
f 3106/1149/431 3108/1433/432 3107/1434/432 3105/1150/431
f 3108/1433/432 3110/1151/433 3109/1152/433 3107/1434/432
f 3110/1151/433 3112/1435/434 3111/1436/434 3109/1152/433
f 3112/1435/434 3114/1153/435 3113/1154/435 3111/1436/434
f 3114/1153/435 3116/1437/436 3115/1438/436 3113/1154/435
f 3116/1437/436 3118/1155/437 3117/1156/437 3115/1438/436
f 3118/1155/437 3120/1439/438 3119/1440/438 3117/1156/437
f 3120/1439/438 3122/1157/439 3121/1158/439 3119/1440/438
f 3122/1157/439 3124/1441/440 3123/1442/440 3121/1158/439
f 3124/1441/440 3126/1159/441 3125/1160/441 3123/1442/440
f 3126/1159/441 3128/1443/442 3127/1444/442 3125/1160/441
f 3128/1443/442 3130/1161/443 3129/1162/443 3127/1444/442
f 3130/1161/443 3132/1445/444 3131/1446/444 3129/1162/443
f 3132/1445/444 3134/1163/445 3133/1164/445 3131/1446/444
f 3134/1163/445 3136/1447/446 3135/1448/446 3133/1164/445
f 3136/1447/446 3138/1165/447 3137/1166/447 3135/1448/446
f 3138/1165/447 3140/1449/448 3139/1450/448 3137/1166/447
f 3140/1449/448 2994/822/375 2993/13/375 3139/1450/448
f 3142/624/449 3144/1451/450 3143/1452/450 3141/15/449
f 3144/1451/450 3146/1453/451 3145/1454/451 3143/1452/450
f 3146/1453/451 3148/1455/452 3147/1456/452 3145/1454/451
f 3148/1455/452 3150/1457/453 3149/1458/453 3147/1456/452
f 3150/1457/453 3152/1459/454 3151/1460/454 3149/1458/453
f 3152/1459/454 3154/1461/455 3153/1462/455 3151/1460/454
f 3154/1461/455 3156/1463/456 3155/1464/456 3153/1462/455
f 3156/1463/456 3158/1465/457 3157/1466/457 3155/1464/456
f 3158/1465/457 3160/1467/458 3159/1468/458 3157/1466/457
f 3160/1467/458 3162/1469/459 3161/1470/459 3159/1468/458
f 3162/1469/459 3164/1471/460 3163/1472/460 3161/1470/459
f 3164/1471/460 3166/1473/461 3165/1474/461 3163/1472/460
f 3166/1473/461 3168/1475/462 3167/1476/462 3165/1474/461
f 3168/1475/462 3170/1477/463 3169/1478/463 3167/1476/462
f 3170/1477/463 3172/1479/464 3171/1480/464 3169/1478/463
f 3172/1479/464 3174/1481/465 3173/1482/465 3171/1480/464
f 3174/1481/465 3176/1483/466 3175/1484/466 3173/1482/465
f 3176/1483/466 3178/1485/467 3177/1486/467 3175/1484/466
f 3178/1485/467 3180/1487/468 3179/1488/468 3177/1486/467
f 3180/1487/468 3182/1489/469 3181/1490/469 3179/1488/468
f 3182/1489/469 3184/1491/470 3183/1492/470 3181/1490/469
f 3184/1491/470 3186/1493/471 3185/1494/471 3183/1492/470
f 3186/1493/471 3188/1495/472 3187/1496/472 3185/1494/471
f 3188/1495/472 3190/1497/473 3189/1498/473 3187/1496/472
f 3190/1497/473 3142/822/449 3141/13/449 3189/1498/473
f 3192/624/104 3194/823/105 3193/824/105 3191/15/104
f 3194/823/105 3196/825/106 3195/826/106 3193/824/105
f 3196/825/106 3198/827/107 3197/828/107 3195/826/106
f 3198/827/107 3200/829/108 3199/830/108 3197/828/107
f 3200/829/108 3202/831/109 3201/832/109 3199/830/108
f 3202/831/109 3204/833/110 3203/834/110 3201/832/109
f 3204/833/110 3206/835/111 3205/836/111 3203/834/110
f 3206/835/111 3208/837/112 3207/838/112 3205/836/111
f 3208/837/112 3210/839/113 3209/840/113 3207/838/112
f 3210/839/113 3212/841/114 3211/842/114 3209/840/113
f 3212/841/114 3214/843/115 3213/844/115 3211/842/114
f 3214/843/115 3216/845/116 3215/846/116 3213/844/115
f 3216/845/116 3218/847/117 3217/848/117 3215/846/116
f 3218/847/117 3220/849/118 3219/850/118 3217/848/117
f 3220/849/118 3222/851/572 3221/852/572 3219/850/118
f 3222/851/572 3224/853/120 3223/854/120 3221/852/572
f 3224/853/120 3226/855/121 3225/856/121 3223/854/120
f 3226/855/121 3228/857/122 3227/858/122 3225/856/121
f 3228/857/122 3230/859/123 3229/860/123 3227/858/122
f 3230/859/123 3232/861/124 3231/862/124 3229/860/123
f 3232/861/124 3234/863/125 3233/864/125 3231/862/124
f 3234/863/125 3236/865/126 3235/866/126 3233/864/125
f 3236/865/126 3238/867/127 3237/868/127 3235/866/126
f 3238/867/127 3240/869/128 3239/870/128 3237/868/127
f 3240/869/128 3242/871/129 3241/872/129 3239/870/128
f 3242/871/129 3244/873/130 3243/874/130 3241/872/129
f 3244/873/130 3246/875/131 3245/876/131 3243/874/130
f 3246/875/131 3248/877/132 3247/878/132 3245/876/131
f 3248/877/132 3250/879/133 3249/880/133 3247/878/132
f 3250/879/133 3252/881/134 3251/882/134 3249/880/133
f 3252/881/134 3254/883/135 3253/884/135 3251/882/134
f 3254/883/135 3256/885/136 3255/886/136 3253/884/135
f 3256/885/136 3258/887/137 3257/888/137 3255/886/136
f 3258/887/137 3260/889/138 3259/890/138 3257/888/137
f 3260/889/138 3262/891/139 3261/892/139 3259/890/138
f 3262/891/139 3264/893/140 3263/894/140 3261/892/139
f 3264/893/140 3266/895/141 3265/896/141 3263/894/140
f 3266/895/141 3268/897/142 3267/898/142 3265/896/141
f 3268/897/142 3270/899/143 3269/900/143 3267/898/142
f 3270/899/143 3272/901/144 3271/902/144 3269/900/143
f 3272/901/144 3274/903/145 3273/904/145 3271/902/144
f 3274/903/145 3276/905/573 3275/906/573 3273/904/145
f 3276/905/573 3278/907/147 3277/908/147 3275/906/573
f 3278/907/147 3280/909/148 3279/910/148 3277/908/147
f 3280/909/148 3282/911/149 3281/912/149 3279/910/148
f 3282/911/149 3284/913/150 3283/914/150 3281/912/149
f 3284/913/150 3286/915/151 3285/916/151 3283/914/150
f 3286/915/151 3288/917/152 3287/918/152 3285/916/151
f 3288/917/152 3290/919/153 3289/920/153 3287/918/152
f 3290/919/153 3292/921/154 3291/922/154 3289/920/153
f 3292/921/154 3294/923/155 3293/924/155 3291/922/154
f 3294/923/155 3296/925/156 3295/926/156 3293/924/155
f 3296/925/156 3298/927/157 3297/928/157 3295/926/156
f 3298/927/157 3300/929/158 3299/930/158 3297/928/157
f 3300/929/158 3302/931/159 3301/932/159 3299/930/158
f 3302/931/159 3304/933/160 3303/934/160 3301/932/159
f 3304/933/160 3306/935/161 3305/936/161 3303/934/160
f 3306/935/161 3308/937/162 3307/938/162 3305/936/161
f 3308/937/162 3310/939/163 3309/940/163 3307/938/162
f 3310/939/163 3312/941/164 3311/942/164 3309/940/163
f 3312/941/164 3314/943/165 3313/944/165 3311/942/164
f 3314/943/165 3316/945/166 3315/946/166 3313/944/165
f 3316/945/166 3318/947/167 3317/948/167 3315/946/166
f 3318/947/167 3320/949/168 3319/950/168 3317/948/167
f 3320/949/168 3322/951/169 3321/952/169 3319/950/168
f 3322/951/169 3324/953/170 3323/954/170 3321/952/169
f 3324/953/170 3326/955/171 3325/956/171 3323/954/170
f 3326/955/171 3328/957/172 3327/958/172 3325/956/171
f 3328/957/172 3330/959/173 3329/960/173 3327/958/172
f 3330/959/173 3332/961/174 3331/962/174 3329/960/173
f 3332/961/174 3334/963/175 3333/964/175 3331/962/174
f 3334/963/175 3336/965/176 3335/966/176 3333/964/175
f 3336/965/176 3338/967/177 3337/968/177 3335/966/176
f 3338/967/177 3340/969/178 3339/970/178 3337/968/177
f 3340/969/178 3342/971/179 3341/972/179 3339/970/178
f 3342/971/179 3344/973/180 3343/974/180 3341/972/179
f 3344/973/180 3346/975/181 3345/976/181 3343/974/180
f 3346/975/181 3348/977/182 3347/978/182 3345/976/181
f 3348/977/182 3350/979/574 3349/980/574 3347/978/182
f 3350/979/574 3352/981/184 3351/982/184 3349/980/574
f 3352/981/184 3354/983/185 3353/984/185 3351/982/184
f 3354/983/185 3356/985/186 3355/986/186 3353/984/185
f 3356/985/186 3358/987/187 3357/988/187 3355/986/186
f 3358/987/187 3360/989/188 3359/990/188 3357/988/187
f 3360/989/188 3362/991/189 3361/992/189 3359/990/188
f 3362/991/189 3364/993/190 3363/994/190 3361/992/189
f 3364/993/190 3366/995/191 3365/996/191 3363/994/190
f 3366/995/191 3368/997/192 3367/998/192 3365/996/191
f 3368/997/192 3370/999/193 3369/1000/193 3367/998/192
f 3370/999/193 3372/1001/194 3371/1002/194 3369/1000/193
f 3372/1001/194 3374/1003/195 3373/1004/195 3371/1002/194
f 3374/1003/195 3376/1005/196 3375/1006/196 3373/1004/195
f 3376/1005/196 3378/1007/197 3377/1008/197 3375/1006/196
f 3378/1007/197 3380/1009/198 3379/1010/198 3377/1008/197
f 3380/1009/198 3382/1011/199 3381/1012/199 3379/1010/198
f 3382/1011/199 3384/1013/200 3383/1014/200 3381/1012/199
f 3384/1013/200 3386/1015/201 3385/1016/201 3383/1014/200
f 3386/1015/201 3388/1017/202 3387/1018/202 3385/1016/201
f 3388/1017/202 3390/1019/203 3389/1020/203 3387/1018/202
f 3390/1019/203 3392/1021/204 3391/1022/204 3389/1020/203
f 3392/1021/204 3394/1023/205 3393/1024/205 3391/1022/204
f 3394/1023/205 3396/1025/206 3395/1026/206 3393/1024/205
f 3396/1025/206 3398/1027/207 3397/1028/207 3395/1026/206
f 3398/1027/207 3400/1029/208 3399/1030/208 3397/1028/207
f 3400/1029/208 3402/1031/209 3401/1032/209 3399/1030/208
f 3402/1031/209 3404/1033/210 3403/1034/210 3401/1032/209
f 3404/1033/210 3406/1035/211 3405/1036/211 3403/1034/210
f 3406/1035/211 3408/1037/212 3407/1038/212 3405/1036/211
f 3408/1037/212 3410/1039/213 3409/1040/213 3407/1038/212
f 3410/1039/213 3412/1041/575 3411/1042/575 3409/1040/213
f 3412/1041/575 3414/1043/215 3413/1044/215 3411/1042/575
f 3414/1043/215 3416/1045/216 3415/1046/216 3413/1044/215
f 3416/1045/216 3418/1047/217 3417/1048/217 3415/1046/216
f 3418/1047/217 3420/1049/218 3419/1050/218 3417/1048/217
f 3420/1049/218 3422/1051/576 3421/1052/576 3419/1050/218
f 3422/1051/576 3424/1053/220 3423/1054/220 3421/1052/576
f 3424/1053/220 3426/1055/577 3425/1056/577 3423/1054/220
f 3426/1055/577 3428/1057/578 3427/1058/578 3425/1056/577
f 3428/1057/578 3430/1059/579 3429/1060/579 3427/1058/578
f 3430/1059/579 3432/1061/224 3431/1062/224 3429/1060/579
f 3432/1061/224 3434/1063/225 3433/1064/225 3431/1062/224
f 3434/1063/225 3436/1065/226 3435/1066/226 3433/1064/225
f 3436/1065/226 3438/1067/580 3437/1068/580 3435/1066/226
f 3438/1067/580 3440/1069/228 3439/1070/228 3437/1068/580
f 3440/1069/228 3442/1071/229 3441/1072/229 3439/1070/228
f 3442/1071/229 3444/1073/230 3443/1074/230 3441/1072/229
f 3444/1073/230 3446/1075/35 3445/1076/35 3443/1074/230
f 3446/1075/35 3448/1077/231 3447/1078/231 3445/1076/35
f 3448/1077/231 3450/1079/581 3449/1080/581 3447/1078/231
f 3450/1079/581 3452/1081/233 3451/1082/233 3449/1080/581
f 3452/1081/233 3454/1083/234 3453/1084/234 3451/1082/233
f 3454/1083/234 3456/1085/235 3455/1086/235 3453/1084/234
f 3456/1085/235 3458/1087/582 3457/1088/582 3455/1086/235
f 3458/1087/582 3460/1089/237 3459/1090/237 3457/1088/582
f 3460/1089/237 3462/1091/238 3461/1092/238 3459/1090/237
f 3462/1091/238 3464/1093/239 3463/1094/239 3461/1092/238
f 3464/1093/239 3192/822/104 3191/13/104 3463/1094/239
f 3466/624/240 3468/1095/241 3467/1096/241 3465/15/240
f 3468/1095/241 3470/1097/242 3469/1098/242 3467/1096/241
f 3470/1097/242 3472/1099/583 3471/1100/583 3469/1098/242
f 3472/1099/583 3474/1101/244 3473/1102/244 3471/1100/583
f 3474/1101/244 3476/1103/245 3475/1104/245 3473/1102/244
f 3476/1103/245 3478/1105/246 3477/1106/246 3475/1104/245
f 3478/1105/246 3480/1107/247 3479/1108/247 3477/1106/246
f 3480/1107/247 3482/1109/248 3481/1110/248 3479/1108/247
f 3482/1109/248 3484/1111/249 3483/1112/249 3481/1110/248
f 3484/1111/249 3486/1113/250 3485/1114/250 3483/1112/249
f 3486/1113/250 3488/1115/251 3487/1116/251 3485/1114/250
f 3488/1115/251 3490/1117/252 3489/1118/252 3487/1116/251
f 3490/1117/252 3492/1119/584 3491/1120/584 3489/1118/252
f 3492/1119/584 3494/1121/254 3493/1122/254 3491/1120/584
f 3494/1121/254 3496/1123/255 3495/1124/255 3493/1122/254
f 3496/1123/255 3498/1125/256 3497/1126/256 3495/1124/255
f 3498/1125/256 3500/1127/257 3499/1128/257 3497/1126/256
f 3500/1127/257 3502/1129/258 3501/1130/258 3499/1128/257
f 3502/1129/258 3504/1131/259 3503/1132/259 3501/1130/258
f 3504/1131/259 3506/1133/260 3505/1134/260 3503/1132/259
f 3506/1133/260 3508/1135/261 3507/1136/261 3505/1134/260
f 3508/1135/261 3510/1137/262 3509/1138/262 3507/1136/261
f 3510/1137/262 3512/1139/263 3511/1140/263 3509/1138/262
f 3512/1139/263 3514/1141/264 3513/1142/264 3511/1140/263
f 3514/1141/264 3516/1143/265 3515/1144/265 3513/1142/264
f 3516/1143/265 3518/1145/266 3517/1146/266 3515/1144/265
f 3518/1145/266 3520/1147/267 3519/1148/267 3517/1146/266
f 3520/1147/267 3522/1149/268 3521/1150/268 3519/1148/267
f 3522/1149/268 3524/1151/585 3523/1152/585 3521/1150/268
f 3524/1151/585 3526/1153/270 3525/1154/270 3523/1152/585
f 3526/1153/270 3528/1155/271 3527/1156/271 3525/1154/270
f 3528/1155/271 3530/1157/272 3529/1158/272 3527/1156/271
f 3530/1157/272 3532/1159/273 3531/1160/273 3529/1158/272
f 3532/1159/273 3534/1161/274 3533/1162/274 3531/1160/273
f 3534/1161/274 3536/1163/275 3535/1164/275 3533/1162/274
f 3536/1163/275 3538/1165/276 3537/1166/276 3535/1164/275
f 3538/1165/276 3466/822/240 3465/13/240 3537/1166/276
f 3540/624/102 3542/1599/586 3541/1600/586 3539/15/102
f 3542/1599/586 3544/1601/587 3543/1602/587 3541/1600/586
f 3544/1601/587 3546/1603/588 3545/1604/588 3543/1602/587
f 3546/1603/588 3548/1605/589 3547/1606/589 3545/1604/588
f 3548/1605/589 3550/1607/590 3549/1608/590 3547/1606/589
f 3550/1607/590 3552/1609/591 3551/1610/591 3549/1608/590
f 3552/1609/591 3554/1611/592 3553/1612/592 3551/1610/591
f 3554/1611/592 3556/1613/593 3555/1614/593 3553/1612/592
f 3556/1613/593 3558/1615/594 3557/1616/594 3555/1614/593
f 3558/1615/594 3560/1617/595 3559/1618/595 3557/1616/594
f 3560/1617/595 3562/1459/596 3561/1460/596 3559/1618/595
f 3562/1459/596 3564/1619/597 3563/1620/597 3561/1460/596
f 3564/1619/597 3566/1621/598 3565/1622/598 3563/1620/597
f 3566/1621/598 3568/1623/599 3567/1624/599 3565/1622/598
f 3568/1623/599 3570/1625/600 3569/1626/600 3567/1624/599
f 3570/1625/600 3572/1627/601 3571/1628/601 3569/1626/600
f 3572/1627/601 3574/1629/602 3573/1630/602 3571/1628/601
f 3574/1629/602 3576/1631/603 3575/1632/603 3573/1630/602
f 3576/1631/603 3578/1633/604 3577/1634/604 3575/1632/603
f 3578/1633/604 3580/1635/605 3579/1636/605 3577/1634/604
f 3580/1635/605 3582/1637/606 3581/1638/606 3579/1636/605
f 3582/1637/606 3584/1469/607 3583/1470/607 3581/1638/606
f 3584/1469/607 3586/1639/608 3585/1640/608 3583/1470/607
f 3586/1639/608 3588/1641/609 3587/1642/609 3585/1640/608
f 3588/1641/609 3590/1643/610 3589/1644/610 3587/1642/609
f 3590/1643/610 3592/1645/611 3591/1646/611 3589/1644/610
f 3592/1645/611 3594/1647/612 3593/1648/612 3591/1646/611
f 3594/1647/612 3596/1649/613 3595/1650/613 3593/1648/612
f 3596/1649/613 3598/1651/614 3597/1652/614 3595/1650/613
f 3598/1651/614 3600/1653/615 3599/1654/615 3597/1652/614
f 3600/1653/615 3602/1655/616 3601/1656/616 3599/1654/615
f 3602/1655/616 3604/1657/617 3603/1658/617 3601/1656/616
f 3604/1657/617 3606/1479/618 3605/1480/618 3603/1658/617
f 3606/1479/618 3608/1659/619 3607/1660/619 3605/1480/618
f 3608/1659/619 3610/1661/620 3609/1662/620 3607/1660/619
f 3610/1661/620 3612/1663/621 3611/1664/621 3609/1662/620
f 3612/1663/621 3614/1665/622 3613/1666/622 3611/1664/621
f 3614/1665/622 3616/1667/623 3615/1668/623 3613/1666/622
f 3616/1667/623 3618/1669/624 3617/1670/624 3615/1668/623
f 3618/1669/624 3620/1671/625 3619/1672/625 3617/1670/624
f 3620/1671/625 3622/1673/626 3621/1674/626 3619/1672/625
f 3622/1673/626 3624/1675/627 3623/1676/627 3621/1674/626
f 3624/1675/627 3626/1677/628 3625/1678/628 3623/1676/627
f 3626/1677/628 3628/1489/629 3627/1490/629 3625/1678/628
f 3628/1489/629 3630/1679/630 3629/1680/630 3627/1490/629
f 3630/1679/630 3632/1681/631 3631/1682/631 3629/1680/630
f 3632/1681/631 3634/1683/632 3633/1684/632 3631/1682/631
f 3634/1683/632 3636/1685/633 3635/1686/633 3633/1684/632
f 3636/1685/633 3638/1687/634 3637/1688/634 3635/1686/633
f 3638/1687/634 3640/1689/635 3639/1690/635 3637/1688/634
f 3640/1689/635 3642/1691/325 3641/1692/325 3639/1690/635
f 3642/1691/325 3644/1693/100 3643/1694/100 3641/1692/325
f 3644/1693/100 3646/1695/101 3645/1696/101 3643/1694/100
f 3646/1695/101 3648/1697/102 3647/1698/102 3645/1696/101
f 3648/1697/102 3540/822/102 3539/13/102 3647/1698/102
