# Blender 4.4.1
# www.blender.org
mtllib gameover_text.mtl
o テキスト
v 5.184928 0.565111 0.000000
v 5.184564 0.559484 0.000000
v 5.183471 0.554347 0.000000
v 5.181649 0.549699 0.000000
v 5.179099 0.545541 0.000000
v 5.175820 0.541871 0.000000
v 5.171812 0.538691 0.000000
v 5.167076 0.536001 0.000000
v 5.161611 0.533799 0.000000
v 5.155417 0.532087 0.000000
v 5.148495 0.530863 0.000000
v 5.140844 0.530130 0.000000
v 5.132464 0.529885 0.000000
v 4.921110 0.535881 0.000000
v 4.874569 0.535678 0.000000
v 4.826883 0.535069 0.000000
v 4.778052 0.534054 0.000000
v 4.728076 0.532633 0.000000
v 4.676955 0.530806 0.000000
v 4.624689 0.528573 0.000000
v 4.571278 0.525934 0.000000
v 4.516722 0.522890 0.000000
v 4.461020 0.519439 0.000000
v 4.404174 0.515582 0.000000
v 4.346183 0.511319 0.000000
v 4.287047 0.506651 0.000000
v 4.276970 0.505709 0.000000
v 4.267477 0.504632 0.000000
v 4.258566 0.503419 0.000000
v 4.250239 0.502071 0.000000
v 4.242494 0.500587 0.000000
v 4.235332 0.498969 0.000000
v 4.228754 0.497215 0.000000
v 4.222758 0.495325 0.000000
v 4.217345 0.493301 0.000000
v 4.212515 0.491141 0.000000
v 4.208268 0.488846 0.000000
v 4.204603 0.486415 0.000000
v 4.201626 0.484500 0.000000
v 4.198441 0.482751 0.000000
v 4.195047 0.481168 0.000000
v 4.191446 0.479753 0.000000
v 4.187636 0.478504 0.000000
v 4.183618 0.477421 0.000000
v 4.179392 0.476505 0.000000
v 4.174957 0.475756 0.000000
v 4.170315 0.475173 0.000000
v 4.165464 0.474756 0.000000
v 4.160405 0.474506 0.000000
v 4.155138 0.474423 0.000000
v 4.147950 0.474959 0.000000
v 4.140627 0.476567 0.000000
v 4.133169 0.479248 0.000000
v 4.125575 0.483001 0.000000
v 4.117846 0.487825 0.000000
v 4.109982 0.493722 0.000000
v 4.101982 0.500691 0.000000
v 4.093847 0.508733 0.000000
v 4.085577 0.517846 0.000000
v 4.077171 0.528032 0.000000
v 4.068630 0.539290 0.000000
v 4.059953 0.551620 0.000000
v 4.054088 0.560354 0.000000
v 4.048732 0.568816 0.000000
v 4.043886 0.577009 0.000000
v 4.039551 0.584930 0.000000
v 4.035725 0.592581 0.000000
v 4.032410 0.599962 0.000000
v 4.029604 0.607071 0.000000
v 4.027309 0.613910 0.000000
v 4.025524 0.620479 0.000000
v 4.024249 0.626777 0.000000
v 4.023483 0.632804 0.000000
v 4.023229 0.638560 0.000000
v 4.023312 0.642510 0.000000
v 4.023562 0.646117 0.000000
v 4.023978 0.649381 0.000000
v 4.024561 0.652301 0.000000
v 4.025311 0.654877 0.000000
v 4.026227 0.657110 0.000000
v 4.027309 0.658999 0.000000
v 4.028558 0.660545 0.000000
v 4.029974 0.661747 0.000000
v 4.031556 0.662606 0.000000
v 4.033305 0.663121 0.000000
v 4.035220 0.663293 0.000000
v 4.037359 0.663152 0.000000
v 4.039530 0.662731 0.000000
v 4.041731 0.662028 0.000000
v 4.043964 0.661045 0.000000
v 4.046228 0.659780 0.000000
v 4.048524 0.658234 0.000000
v 4.050850 0.656407 0.000000
v 4.053208 0.654299 0.000000
v 4.055597 0.651910 0.000000
v 4.058018 0.649240 0.000000
v 4.060469 0.646289 0.000000
v 4.062951 0.643057 0.000000
v 4.070868 0.633720 0.000000
v 4.078877 0.625194 0.000000
v 4.086981 0.617481 0.000000
v 4.095179 0.610579 0.000000
v 4.103470 0.604490 0.000000
v 4.111855 0.599212 0.000000
v 4.120333 0.594746 0.000000
v 4.128905 0.591093 0.000000
v 4.137571 0.588251 0.000000
v 4.146331 0.586221 0.000000
v 4.155184 0.585003 0.000000
v 4.164131 0.584597 0.000000
v 4.177398 0.584660 0.000000
v 4.191467 0.584847 0.000000
v 4.206337 0.585159 0.000000
v 4.222009 0.585597 0.000000
v 4.238482 0.586159 0.000000
v 4.255756 0.586846 0.000000
v 4.273832 0.587658 0.000000
v 4.292710 0.588594 0.000000
v 4.312389 0.589656 0.000000
v 4.332870 0.590843 0.000000
v 4.354152 0.592155 0.000000
v 4.376235 0.593591 0.000000
v 4.432160 0.597083 0.000000
v 4.486264 0.600316 0.000000
v 4.538546 0.603287 0.000000
v 4.589005 0.605999 0.000000
v 4.637644 0.608450 0.000000
v 4.684461 0.610642 0.000000
v 4.729455 0.612573 0.000000
v 4.772629 0.614243 0.000000
v 4.813981 0.615654 0.000000
v 4.853511 0.616804 0.000000
v 4.891219 0.617694 0.000000
v 4.927106 0.618324 0.000000
v 4.935673 0.618433 0.000000
v 4.943886 0.618761 0.000000
v 4.951745 0.619308 0.000000
v 4.959250 0.620073 0.000000
v 4.966402 0.621056 0.000000
v 4.973199 0.622259 0.000000
v 4.979642 0.623680 0.000000
v 4.985732 0.625319 0.000000
v 4.991468 0.627177 0.000000
v 4.996850 0.629254 0.000000
v 5.001877 0.631549 0.000000
v 5.006551 0.634063 0.000000
v 5.010194 0.635978 0.000000
v 5.013879 0.637727 0.000000
v 5.017606 0.639310 0.000000
v 5.021374 0.640725 0.000000
v 5.025184 0.641974 0.000000
v 5.029035 0.643057 0.000000
v 5.032928 0.643973 0.000000
v 5.036863 0.644722 0.000000
v 5.040839 0.645305 0.000000
v 5.044858 0.645722 0.000000
v 5.048917 0.645972 0.000000
v 5.053019 0.646055 0.000000
v 5.056631 0.645951 0.000000
v 5.060472 0.645639 0.000000
v 5.064542 0.645118 0.000000
v 5.068841 0.644389 0.000000
v 5.073370 0.643453 0.000000
v 5.078126 0.642308 0.000000
v 5.083113 0.640954 0.000000
v 5.088328 0.639393 0.000000
v 5.093772 0.637623 0.000000
v 5.099445 0.635645 0.000000
v 5.105348 0.633459 0.000000
v 5.111479 0.631065 0.000000
v 5.123210 0.625683 0.000000
v 5.133922 0.620281 0.000000
v 5.143613 0.614858 0.000000
v 5.152284 0.609413 0.000000
v 5.159935 0.603948 0.000000
v 5.166566 0.598463 0.000000
v 5.172176 0.592956 0.000000
v 5.176767 0.587429 0.000000
v 5.180337 0.581880 0.000000
v 5.182888 0.576311 0.000000
v 5.184418 0.570721 0.000000
v 2.856282 0.695521 0.000000
v 2.855887 0.700569 0.000000
v 2.854700 0.705722 0.000000
v 2.852722 0.710979 0.000000
v 2.849953 0.716340 0.000000
v 2.846393 0.721805 0.000000
v 2.842042 0.727374 0.000000
v 2.836900 0.733047 0.000000
v 2.830966 0.738824 0.000000
v 2.824242 0.744706 0.000000
v 2.816726 0.750691 0.000000
v 2.808419 0.756781 0.000000
v 2.799322 0.762974 0.000000
v 2.797406 0.764239 0.000000
v 2.795657 0.765535 0.000000
v 2.794075 0.766862 0.000000
v 2.792660 0.768221 0.000000
v 2.791410 0.769610 0.000000
v 2.790328 0.771031 0.000000
v 2.789412 0.772483 0.000000
v 2.788662 0.773967 0.000000
v 2.788079 0.775481 0.000000
v 2.787663 0.777027 0.000000
v 2.787413 0.778604 0.000000
v 2.787330 0.780212 0.000000
v 2.787502 0.782607 0.000000
v 2.788017 0.784793 0.000000
v 2.788876 0.786770 0.000000
v 2.790078 0.788540 0.000000
v 2.791624 0.790101 0.000000
v 2.793513 0.791455 0.000000
v 2.795746 0.792600 0.000000
v 2.798322 0.793537 0.000000
v 2.801242 0.794265 0.000000
v 2.804506 0.794786 0.000000
v 2.808112 0.795098 0.000000
v 2.812063 0.795202 0.000000
v 2.819724 0.795041 0.000000
v 2.827219 0.794557 0.000000
v 2.834547 0.793750 0.000000
v 2.841709 0.792620 0.000000
v 2.848704 0.791168 0.000000
v 2.855533 0.789394 0.000000
v 2.862195 0.787296 0.000000
v 2.868690 0.784876 0.000000
v 2.875019 0.782133 0.000000
v 2.881182 0.779067 0.000000
v 2.887178 0.775679 0.000000
v 2.893007 0.771968 0.000000
v 2.898826 0.768002 0.000000
v 2.904541 0.763849 0.000000
v 2.910151 0.759508 0.000000
v 2.915658 0.754980 0.000000
v 2.921061 0.750264 0.000000
v 2.926359 0.745361 0.000000
v 2.931553 0.740271 0.000000
v 2.936644 0.734994 0.000000
v 2.941630 0.729529 0.000000
v 2.946512 0.723876 0.000000
v 2.951290 0.718036 0.000000
v 2.955964 0.712009 0.000000
v 2.960393 0.705941 0.000000
v 2.964437 0.699976 0.000000
v 2.968096 0.694115 0.000000
v 2.971370 0.688359 0.000000
v 2.974258 0.682707 0.000000
v 2.976762 0.677158 0.000000
v 2.978880 0.671714 0.000000
v 2.980613 0.666374 0.000000
v 2.981961 0.661138 0.000000
v 2.982924 0.656006 0.000000
v 2.983502 0.650979 0.000000
v 2.983694 0.646055 0.000000
v 2.983450 0.639794 0.000000
v 2.982716 0.634001 0.000000
v 2.981493 0.628676 0.000000
v 2.979780 0.623820 0.000000
v 2.977579 0.619433 0.000000
v 2.974888 0.615513 0.000000
v 2.971708 0.612063 0.000000
v 2.968039 0.609080 0.000000
v 2.963880 0.606566 0.000000
v 2.959233 0.604521 0.000000
v 2.954096 0.602944 0.000000
v 2.948469 0.601835 0.000000
v 2.945997 0.601398 0.000000
v 2.943577 0.600836 0.000000
v 2.941208 0.600149 0.000000
v 2.938892 0.599337 0.000000
v 2.936628 0.598400 0.000000
v 2.934416 0.597338 0.000000
v 2.932256 0.596152 0.000000
v 2.930148 0.594840 0.000000
v 2.928092 0.593404 0.000000
v 2.926088 0.591842 0.000000
v 2.924136 0.590156 0.000000
v 2.922237 0.588345 0.000000
v 2.902141 0.568686 0.000000
v 2.882327 0.549684 0.000000
v 2.862793 0.531337 0.000000
v 2.843541 0.513646 0.000000
v 2.824570 0.496611 0.000000
v 2.805879 0.480232 0.000000
v 2.787470 0.464508 0.000000
v 2.769342 0.449440 0.000000
v 2.751495 0.435028 0.000000
v 2.733929 0.421272 0.000000
v 2.716644 0.408172 0.000000
v 2.699640 0.395727 0.000000
v 2.672435 0.377058 0.000000
v 2.646031 0.359273 0.000000
v 2.620429 0.342373 0.000000
v 2.595629 0.326358 0.000000
v 2.571630 0.311228 0.000000
v 2.548432 0.296983 0.000000
v 2.526036 0.283622 0.000000
v 2.504441 0.271146 0.000000
v 2.483648 0.259556 0.000000
v 2.463657 0.248849 0.000000
v 2.444467 0.239028 0.000000
v 2.426079 0.230091 0.000000
v 2.423841 0.229134 0.000000
v 2.421623 0.228259 0.000000
v 2.419427 0.227468 0.000000
v 2.417252 0.226760 0.000000
v 2.415097 0.226136 0.000000
v 2.412963 0.225595 0.000000
v 2.410850 0.225137 0.000000
v 2.408757 0.224762 0.000000
v 2.406686 0.224470 0.000000
v 2.404635 0.224262 0.000000
v 2.402605 0.224137 0.000000
v 2.400596 0.224096 0.000000
v 2.397604 0.224215 0.000000
v 2.394871 0.224574 0.000000
v 2.392399 0.225173 0.000000
v 2.390187 0.226011 0.000000
v 2.388235 0.227088 0.000000
v 2.386544 0.228405 0.000000
v 2.385112 0.229961 0.000000
v 2.383941 0.231757 0.000000
v 2.383030 0.233792 0.000000
v 2.382380 0.236067 0.000000
v 2.381989 0.238580 0.000000
v 2.381859 0.241334 0.000000
v 2.381963 0.243436 0.000000
v 2.382276 0.245498 0.000000
v 2.382796 0.247517 0.000000
v 2.383525 0.249495 0.000000
v 2.384461 0.251431 0.000000
v 2.385607 0.253325 0.000000
v 2.386960 0.255178 0.000000
v 2.388521 0.256990 0.000000
v 2.390291 0.258759 0.000000
v 2.392269 0.260487 0.000000
v 2.394455 0.262174 0.000000
v 2.396849 0.263818 0.000000
v 2.418933 0.277652 0.000000
v 2.440964 0.291924 0.000000
v 2.462944 0.306632 0.000000
v 2.484872 0.321778 0.000000
v 2.506747 0.337361 0.000000
v 2.528571 0.353381 0.000000
v 2.550342 0.369839 0.000000
v 2.572062 0.386734 0.000000
v 2.593729 0.404065 0.000000
v 2.615344 0.421834 0.000000
v 2.636908 0.440041 0.000000
v 2.658419 0.458684 0.000000
v 2.672997 0.472388 0.000000
v 2.687253 0.486019 0.000000
v 2.701186 0.499578 0.000000
v 2.714797 0.513063 0.000000
v 2.728084 0.526476 0.000000
v 2.741049 0.539816 0.000000
v 2.753692 0.553083 0.000000
v 2.766011 0.566277 0.000000
v 2.778008 0.579398 0.000000
v 2.789682 0.592446 0.000000
v 2.801034 0.605421 0.000000
v 2.812063 0.618324 0.000000
v 2.819126 0.627104 0.000000
v 2.825574 0.635458 0.000000
v 2.831409 0.643385 0.000000
v 2.836629 0.650885 0.000000
v 2.841236 0.657958 0.000000
v 2.845228 0.664605 0.000000
v 2.848606 0.670824 0.000000
v 2.851369 0.676617 0.000000
v 2.853519 0.681983 0.000000
v 2.855054 0.686923 0.000000
v 2.855976 0.691435 0.000000
v 3.523323 1.140714 0.000000
v 3.524868 1.140683 0.000000
v 3.526508 1.140589 0.000000
v 3.528241 1.140433 0.000000
v 3.530068 1.140214 0.000000
v 3.531988 1.139933 0.000000
v 3.534002 1.139590 0.000000
v 3.536110 1.139184 0.000000
v 3.538312 1.138715 0.000000
v 3.540607 1.138185 0.000000
v 3.542996 1.137591 0.000000
v 3.545479 1.136935 0.000000
v 3.548056 1.136217 0.000000
v 3.557518 1.133573 0.000000
v 3.566918 1.130638 0.000000
v 3.576255 1.127411 0.000000
v 3.585530 1.123892 0.000000
v 3.594743 1.120082 0.000000
v 3.603893 1.115981 0.000000
v 3.612980 1.111588 0.000000
v 3.622005 1.106904 0.000000
v 3.630968 1.101928 0.000000
v 3.639868 1.096661 0.000000
v 3.648706 1.091102 0.000000
v 3.657480 1.085252 0.000000
v 3.668494 1.077242 0.000000
v 3.678549 1.069201 0.000000
v 3.687647 1.061128 0.000000
v 3.695787 1.053024 0.000000
v 3.702970 1.044889 0.000000
v 3.709195 1.036723 0.000000
v 3.714462 1.028526 0.000000
v 3.718771 1.020297 0.000000
v 3.722123 1.012037 0.000000
v 3.724517 1.003746 0.000000
v 3.725954 0.995424 0.000000
v 3.726433 0.987070 0.000000
v 3.726344 0.983874 0.000000
v 3.726079 0.980783 0.000000
v 3.725636 0.977795 0.000000
v 3.725017 0.974912 0.000000
v 3.724221 0.972132 0.000000
v 3.723248 0.969457 0.000000
v 3.722097 0.966886 0.000000
v 3.720770 0.964419 0.000000
v 3.719266 0.962056 0.000000
v 3.717585 0.959797 0.000000
v 3.715727 0.957642 0.000000
v 3.713692 0.955592 0.000000
v 3.712047 0.954035 0.000000
v 3.710361 0.952614 0.000000
v 3.708633 0.951329 0.000000
v 3.706863 0.950179 0.000000
v 3.705052 0.949164 0.000000
v 3.703199 0.948284 0.000000
v 3.701304 0.947540 0.000000
v 3.699368 0.946931 0.000000
v 3.697390 0.946457 0.000000
v 3.695371 0.946119 0.000000
v 3.693310 0.945916 0.000000
v 3.691207 0.945848 0.000000
v 3.686960 0.946135 0.000000
v 3.682713 0.946993 0.000000
v 3.678466 0.948425 0.000000
v 3.674219 0.950429 0.000000
v 3.669972 0.953005 0.000000
v 3.665725 0.956154 0.000000
v 3.661478 0.959875 0.000000
v 3.657231 0.964169 0.000000
v 3.652984 0.969036 0.000000
v 3.648737 0.974474 0.000000
v 3.644490 0.980486 0.000000
v 3.640242 0.987070 0.000000
v 3.633185 0.998801 0.000000
v 3.625502 1.010262 0.000000
v 3.617196 1.021452 0.000000
v 3.608264 1.032372 0.000000
v 3.598708 1.043021 0.000000
v 3.588528 1.053399 0.000000
v 3.577723 1.063507 0.000000
v 3.566293 1.073344 0.000000
v 3.554239 1.082910 0.000000
v 3.541560 1.092206 0.000000
v 3.528257 1.101231 0.000000
v 3.514329 1.109985 0.000000
v 3.513371 1.110782 0.000000
v 3.512497 1.111672 0.000000
v 3.511706 1.112655 0.000000
v 3.510998 1.113733 0.000000
v 3.510373 1.114904 0.000000
v 3.509832 1.116169 0.000000
v 3.509374 1.117527 0.000000
v 3.508999 1.118979 0.000000
v 3.508708 1.120525 0.000000
v 3.508499 1.122164 0.000000
v 3.508374 1.123898 0.000000
v 3.508333 1.125724 0.000000
v 3.508437 1.128119 0.000000
v 3.508749 1.130305 0.000000
v 3.509270 1.132282 0.000000
v 3.509999 1.134052 0.000000
v 3.510935 1.135614 0.000000
v 3.512080 1.136967 0.000000
v 3.513434 1.138112 0.000000
v 3.514995 1.139049 0.000000
v 3.516765 1.139777 0.000000
v 3.518743 1.140298 0.000000
v 3.520929 1.140610 0.000000
v 3.395161 1.045530 0.000000
v 3.396868 1.045519 0.000000
v 3.398492 1.045488 0.000000
v 3.400033 1.045436 0.000000
v 3.401490 1.045363 0.000000
v 3.402864 1.045269 0.000000
v 3.404155 1.045155 0.000000
v 3.405363 1.045020 0.000000
v 3.406487 1.044863 0.000000
v 3.407528 1.044686 0.000000
v 3.408485 1.044489 0.000000
v 3.409360 1.044270 0.000000
v 3.410151 1.044031 0.000000
v 3.421591 1.039825 0.000000
v 3.432677 1.035453 0.000000
v 3.443409 1.030915 0.000000
v 3.453787 1.026210 0.000000
v 3.463812 1.021338 0.000000
v 3.473482 1.016300 0.000000
v 3.482799 1.011095 0.000000
v 3.491761 1.005724 0.000000
v 3.500370 1.000186 0.000000
v 3.508625 0.994481 0.000000
v 3.516526 0.988611 0.000000
v 3.524072 0.982573 0.000000
v 3.534607 0.973631 0.000000
v 3.544225 0.964794 0.000000
v 3.552927 0.956060 0.000000
v 3.560714 0.947431 0.000000
v 3.567584 0.938905 0.000000
v 3.573538 0.930484 0.000000
v 3.578576 0.922167 0.000000
v 3.582699 0.913954 0.000000
v 3.585905 0.905845 0.000000
v 3.588195 0.897840 0.000000
v 3.589569 0.889939 0.000000
v 3.590027 0.882142 0.000000
v 3.589761 0.875079 0.000000
v 3.588965 0.868631 0.000000
v 3.587638 0.862796 0.000000
v 3.585780 0.857576 0.000000
v 3.583391 0.852970 0.000000
v 3.580471 0.848978 0.000000
v 3.577020 0.845600 0.000000
v 3.573039 0.842836 0.000000
v 3.568526 0.840686 0.000000
v 3.563483 0.839151 0.000000
v 3.557908 0.838230 0.000000
v 3.551803 0.837923 0.000000
v 3.547671 0.838277 0.000000
v 3.543517 0.839338 0.000000
v 3.539343 0.841108 0.000000
v 3.535148 0.843585 0.000000
v 3.530932 0.846771 0.000000
v 3.526695 0.850664 0.000000
v 3.522438 0.855265 0.000000
v 3.518160 0.860574 0.000000
v 3.513861 0.866590 0.000000
v 3.509541 0.873315 0.000000
v 3.505200 0.880747 0.000000
v 3.500838 0.888888 0.000000
v 3.494780 0.899942 0.000000
v 3.488097 0.910872 0.000000
v 3.480790 0.921677 0.000000
v 3.472858 0.932358 0.000000
v 3.464301 0.942913 0.000000
v 3.455120 0.953343 0.000000
v 3.445314 0.963649 0.000000
v 3.434884 0.973829 0.000000
v 3.423829 0.983885 0.000000
v 3.412149 0.993815 0.000000
v 3.399845 1.003621 0.000000
v 3.386917 1.013302 0.000000
v 3.385480 1.014436 0.000000
v 3.384169 1.015592 0.000000
v 3.382982 1.016768 0.000000
v 3.381921 1.017965 0.000000
v 3.380984 1.019183 0.000000
v 3.380172 1.020422 0.000000
v 3.379485 1.021682 0.000000
v 3.378922 1.022962 0.000000
v 3.378485 1.024263 0.000000
v 3.378173 1.025585 0.000000
v 3.377985 1.026928 0.000000
v 3.377923 1.028291 0.000000
v 3.378043 1.031045 0.000000
v 3.378402 1.033559 0.000000
v 3.379000 1.035833 0.000000
v 3.379838 1.037868 0.000000
v 3.380916 1.039664 0.000000
v 3.382232 1.041220 0.000000
v 3.383789 1.042537 0.000000
v 3.385584 1.043614 0.000000
v 3.387619 1.044452 0.000000
v 3.389894 1.045051 0.000000
v 3.392408 1.045410 0.000000
v 3.215285 0.787707 0.000000
v 3.211574 0.790429 0.000000
v 3.208186 0.793099 0.000000
v 3.205120 0.795717 0.000000
v 3.202377 0.798283 0.000000
v 3.199957 0.800797 0.000000
v 3.197859 0.803259 0.000000
v 3.196084 0.805669 0.000000
v 3.194632 0.808027 0.000000
v 3.193503 0.810332 0.000000
v 3.192696 0.812586 0.000000
v 3.192212 0.814788 0.000000
v 3.192051 0.816937 0.000000
v 3.192202 0.819331 0.000000
v 3.192655 0.821517 0.000000
v 3.193409 0.823495 0.000000
v 3.194466 0.825265 0.000000
v 3.195824 0.826826 0.000000
v 3.197485 0.828179 0.000000
v 3.199447 0.829324 0.000000
v 3.201711 0.830261 0.000000
v 3.204277 0.830990 0.000000
v 3.207145 0.831510 0.000000
v 3.210315 0.831823 0.000000
v 3.213786 0.831927 0.000000
v 3.214853 0.831833 0.000000
v 3.216305 0.831552 0.000000
v 3.218142 0.831084 0.000000
v 3.220365 0.830428 0.000000
v 3.222972 0.829585 0.000000
v 3.225965 0.828554 0.000000
v 3.229343 0.827336 0.000000
v 3.233106 0.825931 0.000000
v 3.237254 0.824338 0.000000
v 3.241787 0.822558 0.000000
v 3.246706 0.820591 0.000000
v 3.252010 0.818436 0.000000
v 3.271116 0.809229 0.000000
v 3.290212 0.799345 0.000000
v 3.309298 0.788785 0.000000
v 3.328374 0.777548 0.000000
v 3.347439 0.765634 0.000000
v 3.366493 0.753044 0.000000
v 3.385537 0.739777 0.000000
v 3.404571 0.725833 0.000000
v 3.423594 0.711213 0.000000
v 3.442607 0.695916 0.000000
v 3.461610 0.679943 0.000000
v 3.480602 0.663293 0.000000
v 3.489664 0.655528 0.000000
v 3.498610 0.647471 0.000000
v 3.507443 0.639122 0.000000
v 3.516161 0.630482 0.000000
v 3.524765 0.621551 0.000000
v 3.533253 0.612328 0.000000
v 3.541628 0.602814 0.000000
v 3.549888 0.593008 0.000000
v 3.558033 0.582911 0.000000
v 3.566064 0.572522 0.000000
v 3.573981 0.561842 0.000000
v 3.581782 0.550870 0.000000
v 3.589204 0.539935 0.000000
v 3.595981 0.529364 0.000000
v 3.602112 0.519158 0.000000
v 3.607598 0.509316 0.000000
v 3.612438 0.499838 0.000000
v 3.616633 0.490724 0.000000
v 3.620183 0.481975 0.000000
v 3.623087 0.473590 0.000000
v 3.625346 0.465570 0.000000
v 3.626960 0.457914 0.000000
v 3.627928 0.450622 0.000000
v 3.628251 0.443694 0.000000
v 3.628149 0.439627 0.000000
v 3.627845 0.435669 0.000000
v 3.627337 0.431820 0.000000
v 3.626626 0.428080 0.000000
v 3.625713 0.424450 0.000000
v 3.624597 0.420929 0.000000
v 3.623277 0.417517 0.000000
v 3.621755 0.414215 0.000000
v 3.620029 0.411021 0.000000
v 3.618101 0.407938 0.000000
v 3.615969 0.404963 0.000000
v 3.613635 0.402098 0.000000
v 3.611150 0.399404 0.000000
v 3.608566 0.396945 0.000000
v 3.605883 0.394720 0.000000
v 3.603101 0.392729 0.000000
v 3.600220 0.390973 0.000000
v 3.597240 0.389450 0.000000
v 3.594162 0.388162 0.000000
v 3.590984 0.387108 0.000000
v 3.587708 0.386288 0.000000
v 3.584333 0.385703 0.000000
v 3.580858 0.385352 0.000000
v 3.577286 0.385235 0.000000
v 3.573252 0.385313 0.000000
v 3.569395 0.385547 0.000000
v 3.565716 0.385937 0.000000
v 3.562213 0.386484 0.000000
v 3.558887 0.387186 0.000000
v 3.555738 0.388045 0.000000
v 3.552766 0.389060 0.000000
v 3.549971 0.390231 0.000000
v 3.547353 0.391558 0.000000
v 3.544912 0.393042 0.000000
v 3.542648 0.394681 0.000000
v 3.540561 0.396477 0.000000
v 3.539031 0.397851 0.000000
v 3.537438 0.399475 0.000000
v 3.535783 0.401348 0.000000
v 3.534065 0.403472 0.000000
v 3.532285 0.405845 0.000000
v 3.530443 0.408469 0.000000
v 3.528538 0.411342 0.000000
v 3.526571 0.414464 0.000000
v 3.524541 0.417837 0.000000
v 3.522448 0.421460 0.000000
v 3.520293 0.425332 0.000000
v 3.518076 0.429454 0.000000
v 3.507714 0.449008 0.000000
v 3.497112 0.468198 0.000000
v 3.486270 0.487024 0.000000
v 3.475189 0.505485 0.000000
v 3.463869 0.523582 0.000000
v 3.452309 0.541315 0.000000
v 3.440510 0.558683 0.000000
v 3.428472 0.575687 0.000000
v 3.416193 0.592326 0.000000
v 3.403676 0.608602 0.000000
v 3.390919 0.624512 0.000000
v 3.377923 0.640059 0.000000
v 3.365687 0.653909 0.000000
v 3.353211 0.667478 0.000000
v 3.340496 0.680765 0.000000
v 3.327541 0.693772 0.000000
v 3.314347 0.706498 0.000000
v 3.300914 0.718942 0.000000
v 3.287241 0.731106 0.000000
v 3.273329 0.742988 0.000000
v 3.259177 0.754589 0.000000
v 3.244786 0.765910 0.000000
v 3.230155 0.776949 0.000000
v 2.115043 0.565111 0.000000
v 2.114679 0.559484 0.000000
v 2.113586 0.554347 0.000000
v 2.111764 0.549699 0.000000
v 2.109214 0.545541 0.000000
v 2.105935 0.541871 0.000000
v 2.101927 0.538691 0.000000
v 2.097191 0.536001 0.000000
v 2.091726 0.533799 0.000000
v 2.085532 0.532087 0.000000
v 2.078610 0.530863 0.000000
v 2.070959 0.530130 0.000000
v 2.062579 0.529885 0.000000
v 1.851225 0.535881 0.000000
v 1.804684 0.535678 0.000000
v 1.756998 0.535069 0.000000
v 1.708167 0.534054 0.000000
v 1.658191 0.532633 0.000000
v 1.607070 0.530806 0.000000
v 1.554804 0.528573 0.000000
v 1.501393 0.525934 0.000000
v 1.446837 0.522890 0.000000
v 1.391135 0.519439 0.000000
v 1.334289 0.515582 0.000000
v 1.276298 0.511319 0.000000
v 1.217162 0.506651 0.000000
v 1.207085 0.505709 0.000000
v 1.197592 0.504632 0.000000
v 1.188681 0.503419 0.000000
v 1.180354 0.502071 0.000000
v 1.172609 0.500587 0.000000
v 1.165447 0.498969 0.000000
v 1.158868 0.497215 0.000000
v 1.152872 0.495325 0.000000
v 1.147460 0.493301 0.000000
v 1.142630 0.491141 0.000000
v 1.138382 0.488846 0.000000
v 1.134718 0.486415 0.000000
v 1.131741 0.484500 0.000000
v 1.128556 0.482751 0.000000
v 1.125162 0.481168 0.000000
v 1.121561 0.479753 0.000000
v 1.117751 0.478504 0.000000
v 1.113733 0.477421 0.000000
v 1.109506 0.476505 0.000000
v 1.105072 0.475756 0.000000
v 1.100429 0.475173 0.000000
v 1.095579 0.474756 0.000000
v 1.090520 0.474506 0.000000
v 1.085252 0.474423 0.000000
v 1.078065 0.474959 0.000000
v 1.070742 0.476567 0.000000
v 1.063283 0.479248 0.000000
v 1.055689 0.483001 0.000000
v 1.047960 0.487825 0.000000
v 1.040096 0.493722 0.000000
v 1.032096 0.500691 0.000000
v 1.023961 0.508733 0.000000
v 1.015691 0.517846 0.000000
v 1.007285 0.528032 0.000000
v 0.998744 0.539290 0.000000
v 0.990068 0.551620 0.000000
v 0.984202 0.560354 0.000000
v 0.978847 0.568816 0.000000
v 0.974001 0.577009 0.000000
v 0.969665 0.584930 0.000000
v 0.965840 0.592581 0.000000
v 0.962524 0.599962 0.000000
v 0.959719 0.607071 0.000000
v 0.957424 0.613910 0.000000
v 0.955639 0.620479 0.000000
v 0.954363 0.626777 0.000000
v 0.953598 0.632804 0.000000
v 0.953343 0.638560 0.000000
v 0.953427 0.642510 0.000000
v 0.953676 0.646117 0.000000
v 0.954093 0.649381 0.000000
v 0.954676 0.652301 0.000000
v 0.955425 0.654877 0.000000
v 0.956341 0.657110 0.000000
v 0.957424 0.658999 0.000000
v 0.958673 0.660545 0.000000
v 0.960089 0.661747 0.000000
v 0.961671 0.662606 0.000000
v 0.963420 0.663121 0.000000
v 0.965335 0.663293 0.000000
v 0.967474 0.663152 0.000000
v 0.969645 0.662731 0.000000
v 0.971846 0.662028 0.000000
v 0.974079 0.661045 0.000000
v 0.976343 0.659780 0.000000
v 0.978638 0.658234 0.000000
v 0.980965 0.656407 0.000000
v 0.983323 0.654299 0.000000
v 0.985712 0.651910 0.000000
v 0.988132 0.649240 0.000000
v 0.990583 0.646289 0.000000
v 0.993066 0.643057 0.000000
v 1.000982 0.633720 0.000000
v 1.008992 0.625194 0.000000
v 1.017096 0.617481 0.000000
v 1.025294 0.610579 0.000000
v 1.033585 0.604490 0.000000
v 1.041970 0.599212 0.000000
v 1.050448 0.594746 0.000000
v 1.059020 0.591093 0.000000
v 1.067686 0.588251 0.000000
v 1.076446 0.586221 0.000000
v 1.085299 0.585003 0.000000
v 1.094246 0.584597 0.000000
v 1.107513 0.584660 0.000000
v 1.121582 0.584847 0.000000
v 1.136451 0.585159 0.000000
v 1.152123 0.585597 0.000000
v 1.168596 0.586159 0.000000
v 1.185871 0.586846 0.000000
v 1.203947 0.587658 0.000000
v 1.222824 0.588594 0.000000
v 1.242504 0.589656 0.000000
v 1.262984 0.590843 0.000000
v 1.284266 0.592155 0.000000
v 1.306350 0.593591 0.000000
v 1.362275 0.597083 0.000000
v 1.416378 0.600316 0.000000
v 1.468660 0.603287 0.000000
v 1.519120 0.605999 0.000000
v 1.567758 0.608450 0.000000
v 1.614575 0.610642 0.000000
v 1.659570 0.612573 0.000000
v 1.702744 0.614243 0.000000
v 1.744095 0.615654 0.000000
v 1.783625 0.616804 0.000000
v 1.821334 0.617694 0.000000
v 1.857221 0.618324 0.000000
v 1.865788 0.618433 0.000000
v 1.874001 0.618761 0.000000
v 1.881860 0.619308 0.000000
v 1.889365 0.620073 0.000000
v 1.896516 0.621056 0.000000
v 1.903314 0.622259 0.000000
v 1.909757 0.623680 0.000000
v 1.915847 0.625319 0.000000
v 1.921583 0.627177 0.000000
v 1.926964 0.629254 0.000000
v 1.931992 0.631549 0.000000
v 1.936666 0.634063 0.000000
v 1.940309 0.635978 0.000000
v 1.943994 0.637727 0.000000
v 1.947721 0.639310 0.000000
v 1.951489 0.640725 0.000000
v 1.955299 0.641974 0.000000
v 1.959150 0.643057 0.000000
v 1.963043 0.643973 0.000000
v 1.966978 0.644722 0.000000
v 1.970955 0.645305 0.000000
v 1.974973 0.645722 0.000000
v 1.979033 0.645972 0.000000
v 1.983134 0.646055 0.000000
v 1.986746 0.645951 0.000000
v 1.990587 0.645639 0.000000
v 1.994657 0.645118 0.000000
v 1.998956 0.644389 0.000000
v 2.003484 0.643453 0.000000
v 2.008241 0.642308 0.000000
v 2.013228 0.640954 0.000000
v 2.018443 0.639393 0.000000
v 2.023887 0.637623 0.000000
v 2.029560 0.635645 0.000000
v 2.035463 0.633459 0.000000
v 2.041594 0.631065 0.000000
v 2.053325 0.625683 0.000000
v 2.064036 0.620281 0.000000
v 2.073728 0.614858 0.000000
v 2.082399 0.609413 0.000000
v 2.090050 0.603948 0.000000
v 2.096681 0.598463 0.000000
v 2.102291 0.592956 0.000000
v 2.106882 0.587429 0.000000
v 2.110452 0.581880 0.000000
v 2.113003 0.576311 0.000000
v 2.114533 0.570721 0.000000
v 0.155143 0.806444 0.000000
v 0.179173 0.808047 0.000000
v 0.202298 0.809609 0.000000
v 0.224517 0.811129 0.000000
v 0.245831 0.812607 0.000000
v 0.266238 0.814043 0.000000
v 0.285741 0.815438 0.000000
v 0.304337 0.816791 0.000000
v 0.322028 0.818103 0.000000
v 0.338813 0.819373 0.000000
v 0.354693 0.820601 0.000000
v 0.369667 0.821788 0.000000
v 0.383736 0.822933 0.000000
v 0.391262 0.823578 0.000000
v 0.398350 0.824265 0.000000
v 0.405002 0.824994 0.000000
v 0.411217 0.825764 0.000000
v 0.416994 0.826576 0.000000
v 0.422334 0.827430 0.000000
v 0.427237 0.828325 0.000000
v 0.431702 0.829262 0.000000
v 0.435731 0.830240 0.000000
v 0.439322 0.831261 0.000000
v 0.442476 0.832322 0.000000
v 0.445193 0.833426 0.000000
v 0.451959 0.836419 0.000000
v 0.458268 0.839151 0.000000
v 0.464118 0.841623 0.000000
v 0.469510 0.843835 0.000000
v 0.474444 0.845787 0.000000
v 0.478920 0.847479 0.000000
v 0.482938 0.848910 0.000000
v 0.486498 0.850081 0.000000
v 0.489600 0.850992 0.000000
v 0.492244 0.851642 0.000000
v 0.494430 0.852033 0.000000
v 0.496158 0.852163 0.000000
v 0.504657 0.852002 0.000000
v 0.513167 0.851517 0.000000
v 0.521687 0.850711 0.000000
v 0.530218 0.849581 0.000000
v 0.538759 0.848129 0.000000
v 0.547310 0.846354 0.000000
v 0.555872 0.844257 0.000000
v 0.564444 0.841837 0.000000
v 0.573027 0.839094 0.000000
v 0.581620 0.836028 0.000000
v 0.590224 0.832640 0.000000
v 0.598837 0.828929 0.000000
v 0.604703 0.826061 0.000000
v 0.610059 0.822954 0.000000
v 0.614904 0.819607 0.000000
v 0.619240 0.816021 0.000000
v 0.623065 0.812196 0.000000
v 0.626381 0.808131 0.000000
v 0.629186 0.803826 0.000000
v 0.631482 0.799283 0.000000
v 0.633267 0.794500 0.000000
v 0.634542 0.789477 0.000000
v 0.635307 0.784215 0.000000
v 0.635562 0.778714 0.000000
v 0.635458 0.776122 0.000000
v 0.635146 0.773592 0.000000
v 0.634625 0.771125 0.000000
v 0.633896 0.768720 0.000000
v 0.632960 0.766378 0.000000
v 0.631815 0.764099 0.000000
v 0.630461 0.761881 0.000000
v 0.628900 0.759727 0.000000
v 0.627130 0.757634 0.000000
v 0.625153 0.755604 0.000000
v 0.622967 0.753637 0.000000
v 0.620572 0.751732 0.000000
v 0.618694 0.750415 0.000000
v 0.616804 0.749213 0.000000
v 0.614904 0.748125 0.000000
v 0.612994 0.747152 0.000000
v 0.611074 0.746293 0.000000
v 0.609143 0.745549 0.000000
v 0.607201 0.744919 0.000000
v 0.605250 0.744404 0.000000
v 0.603287 0.744003 0.000000
v 0.601315 0.743717 0.000000
v 0.599332 0.743545 0.000000
v 0.597338 0.743488 0.000000
v 0.592638 0.743509 0.000000
v 0.587533 0.743571 0.000000
v 0.582021 0.743675 0.000000
v 0.576103 0.743821 0.000000
v 0.569779 0.744008 0.000000
v 0.563049 0.744237 0.000000
v 0.555914 0.744508 0.000000
v 0.548372 0.744820 0.000000
v 0.540425 0.745174 0.000000
v 0.532071 0.745570 0.000000
v 0.523311 0.746007 0.000000
v 0.514146 0.746486 0.000000
v 0.497111 0.747204 0.000000
v 0.480481 0.747860 0.000000
v 0.464258 0.748453 0.000000
v 0.448441 0.748984 0.000000
v 0.433030 0.749452 0.000000
v 0.418024 0.749858 0.000000
v 0.403425 0.750202 0.000000
v 0.389232 0.750483 0.000000
v 0.375444 0.750701 0.000000
v 0.362063 0.750858 0.000000
v 0.349088 0.750951 0.000000
v 0.336518 0.750983 0.000000
v 0.323361 0.750941 0.000000
v 0.309870 0.750816 0.000000
v 0.296046 0.750608 0.000000
v 0.281889 0.750316 0.000000
v 0.267399 0.749942 0.000000
v 0.252576 0.749484 0.000000
v 0.237420 0.748942 0.000000
v 0.221930 0.748318 0.000000
v 0.206108 0.747610 0.000000
v 0.189952 0.746819 0.000000
v 0.173464 0.745944 0.000000
v 0.156642 0.744987 0.000000
v 0.156918 0.729877 0.000000
v 0.157246 0.712530 0.000000
v 0.157626 0.692944 0.000000
v 0.158058 0.671121 0.000000
v 0.158542 0.647059 0.000000
v 0.159078 0.620760 0.000000
v 0.159666 0.592222 0.000000
v 0.160306 0.561446 0.000000
v 0.160998 0.528433 0.000000
v 0.161743 0.493181 0.000000
v 0.162539 0.455691 0.000000
v 0.163387 0.415963 0.000000
v 0.163533 0.408109 0.000000
v 0.163720 0.398788 0.000000
v 0.163949 0.387998 0.000000
v 0.164220 0.375741 0.000000
v 0.164532 0.362016 0.000000
v 0.164886 0.346824 0.000000
v 0.165282 0.330163 0.000000
v 0.165719 0.312035 0.000000
v 0.166198 0.292439 0.000000
v 0.166718 0.271375 0.000000
v 0.167280 0.248844 0.000000
v 0.167884 0.224845 0.000000
v 0.168124 0.213561 0.000000
v 0.168342 0.202944 0.000000
v 0.168540 0.192992 0.000000
v 0.168717 0.183707 0.000000
v 0.168873 0.175088 0.000000
v 0.169008 0.167135 0.000000
v 0.169123 0.159848 0.000000
v 0.169217 0.153228 0.000000
v 0.169290 0.147274 0.000000
v 0.169342 0.141986 0.000000
v 0.169373 0.137364 0.000000
v 0.169383 0.133408 0.000000
v 0.169253 0.123394 0.000000
v 0.168863 0.113838 0.000000
v 0.168212 0.104740 0.000000
v 0.167301 0.096100 0.000000
v 0.166130 0.087919 0.000000
v 0.164699 0.080195 0.000000
v 0.163007 0.072929 0.000000
v 0.161056 0.066121 0.000000
v 0.158844 0.059771 0.000000
v 0.156371 0.053880 0.000000
v 0.153639 0.048446 0.000000
v 0.150646 0.043470 0.000000
v 0.148497 0.040118 0.000000
v 0.146045 0.036808 0.000000
v 0.143292 0.033539 0.000000
v 0.140237 0.030312 0.000000
v 0.136880 0.027127 0.000000
v 0.133221 0.023983 0.000000
v 0.129260 0.020881 0.000000
v 0.124997 0.017821 0.000000
v 0.120433 0.014802 0.000000
v 0.115566 0.011825 0.000000
v 0.110398 0.008890 0.000000
v 0.104928 0.005996 0.000000
v 0.100243 0.003602 0.000000
v 0.095684 0.001416 0.000000
v 0.091250 -0.000562 -0.000000
v 0.086940 -0.002332 -0.000000
v 0.082755 -0.003893 -0.000000
v 0.078696 -0.005246 -0.000000
v 0.074761 -0.006391 -0.000000
v 0.070951 -0.007328 -0.000000
v 0.067266 -0.008057 -0.000000
v 0.063706 -0.008577 -0.000000
v 0.060271 -0.008890 -0.000000
v 0.056961 -0.008994 -0.000000
v 0.053042 -0.008760 -0.000000
v 0.049278 -0.008057 -0.000000
v 0.045672 -0.006886 -0.000000
v 0.042221 -0.005246 -0.000000
v 0.038926 -0.003138 -0.000000
v 0.035788 -0.000562 -0.000000
v 0.032805 0.002483 0.000000
v 0.029979 0.005996 0.000000
v 0.027309 0.009978 0.000000
v 0.024795 0.014428 0.000000
v 0.022438 0.019346 0.000000
v 0.020236 0.024733 0.000000
v 0.019382 0.027205 0.000000
v 0.018321 0.029625 0.000000
v 0.017051 0.031994 0.000000
v 0.015573 0.034310 0.000000
v 0.013886 0.036574 0.000000
v 0.011992 0.038786 0.000000
v 0.009889 0.040946 0.000000
v 0.007578 0.043054 0.000000
v 0.005059 0.045110 0.000000
v 0.002332 0.047113 0.000000
v -0.000604 0.049065 0.000000
v -0.003748 0.050965 0.000000
v -0.009239 0.054280 0.000000
v -0.015718 0.057731 0.000000
v -0.023187 0.061317 0.000000
v -0.031645 0.065039 0.000000
v -0.041092 0.068895 0.000000
v -0.051527 0.072887 0.000000
v -0.062951 0.077015 0.000000
v -0.075365 0.081277 0.000000
v -0.088767 0.085675 0.000000
v -0.103158 0.090209 0.000000
v -0.118538 0.094877 0.000000
v -0.134907 0.099681 0.000000
v -0.137301 0.100426 0.000000
v -0.139487 0.101409 0.000000
v -0.141465 0.102632 0.000000
v -0.143235 0.104095 0.000000
v -0.144796 0.105797 0.000000
v -0.146149 0.107738 0.000000
v -0.147294 0.109919 0.000000
v -0.148231 0.112339 0.000000
v -0.148960 0.114999 0.000000
v -0.149480 0.117898 0.000000
v -0.149793 0.121036 0.000000
v -0.149897 0.124414 0.000000
v -0.149793 0.126808 0.000000
v -0.149480 0.128994 0.000000
v -0.148960 0.130972 0.000000
v -0.148231 0.132742 0.000000
v -0.147294 0.134303 0.000000
v -0.146149 0.135657 0.000000
v -0.144796 0.136802 0.000000
v -0.143235 0.137738 0.000000
v -0.141465 0.138467 0.000000
v -0.139487 0.138988 0.000000
v -0.137301 0.139300 0.000000
v -0.134907 0.139404 0.000000
v -0.133486 0.139383 0.000000
v -0.131972 0.139321 0.000000
v -0.130363 0.139217 0.000000
v -0.128661 0.139071 0.000000
v -0.126866 0.138883 0.000000
v -0.124976 0.138654 0.000000
v -0.122993 0.138384 0.000000
v -0.120917 0.138072 0.000000
v -0.118746 0.137718 0.000000
v -0.116482 0.137322 0.000000
v -0.114125 0.136885 0.000000
v -0.111673 0.136406 0.000000
v -0.095767 0.133533 0.000000
v -0.080278 0.130910 0.000000
v -0.065205 0.128536 0.000000
v -0.050549 0.126413 0.000000
v -0.036308 0.124539 0.000000
v -0.022485 0.122915 0.000000
v -0.009077 0.121541 0.000000
v 0.003914 0.120417 0.000000
v 0.016489 0.119543 0.000000
v 0.028647 0.118918 0.000000
v 0.040389 0.118543 0.000000
v 0.051714 0.118418 0.000000
v 0.054978 0.118444 0.000000
v 0.058022 0.118523 0.000000
v 0.060849 0.118653 0.000000
v 0.063456 0.118835 0.000000
v 0.065845 0.119069 0.000000
v 0.068016 0.119355 0.000000
v 0.069967 0.119694 0.000000
v 0.071701 0.120084 0.000000
v 0.073215 0.120526 0.000000
v 0.074511 0.121021 0.000000
v 0.075588 0.121567 0.000000
v 0.076447 0.122166 0.000000
v 0.077165 0.122863 0.000000
v 0.077821 0.123706 0.000000
v 0.078415 0.124695 0.000000
v 0.078946 0.125830 0.000000
v 0.079414 0.127110 0.000000
v 0.079820 0.128536 0.000000
v 0.080163 0.130108 0.000000
v 0.080444 0.131826 0.000000
v 0.080663 0.133689 0.000000
v 0.080819 0.135698 0.000000
v 0.080913 0.137853 0.000000
v 0.080944 0.140153 0.000000
v 0.081064 0.151109 0.000000
v 0.081173 0.162242 0.000000
v 0.081272 0.173552 0.000000
v 0.081361 0.185039 0.000000
v 0.081439 0.196703 0.000000
v 0.081506 0.208544 0.000000
v 0.081564 0.220562 0.000000
v 0.081610 0.232756 0.000000
v 0.081647 0.245128 0.000000
v 0.081673 0.257677 0.000000
v 0.081688 0.270402 0.000000
v 0.081694 0.283305 0.000000
v 0.081683 0.309563 0.000000
v 0.081652 0.336872 0.000000
v 0.081600 0.365233 0.000000
v 0.081527 0.394645 0.000000
v 0.081433 0.425108 0.000000
v 0.081319 0.456623 0.000000
v 0.081184 0.489189 0.000000
v 0.081027 0.522806 0.000000
v 0.080850 0.557475 0.000000
v 0.080653 0.593195 0.000000
v 0.080434 0.629967 0.000000
v 0.080195 0.667790 0.000000
v 0.063618 0.643827 0.000000
v 0.045614 0.619407 0.000000
v 0.026185 0.594528 0.000000
v 0.005330 0.569191 0.000000
v -0.016952 0.543396 0.000000
v -0.040660 0.517144 0.000000
v -0.065793 0.490433 0.000000
v -0.092353 0.463264 0.000000
v -0.120339 0.435637 0.000000
v -0.149751 0.407553 0.000000
v -0.180589 0.379010 0.000000
v -0.212853 0.350009 0.000000
v -0.239845 0.326213 0.000000
v -0.266858 0.303041 0.000000
v -0.293891 0.280494 0.000000
v -0.320946 0.258572 0.000000
v -0.348021 0.237274 0.000000
v -0.375117 0.216601 0.000000
v -0.402233 0.196552 0.000000
v -0.429371 0.177128 0.000000
v -0.456529 0.158328 0.000000
v -0.483708 0.140153 0.000000
v -0.510908 0.122603 0.000000
v -0.538129 0.105677 0.000000
v -0.541663 0.104001 0.000000
v -0.545020 0.102471 0.000000
v -0.548200 0.101087 0.000000
v -0.551204 0.099848 0.000000
v -0.554030 0.098755 0.000000
v -0.556679 0.097808 0.000000
v -0.559151 0.097006 0.000000
v -0.561447 0.096350 0.000000
v -0.563565 0.095840 0.000000
v -0.565506 0.095476 0.000000
v -0.567271 0.095257 0.000000
v -0.568858 0.095184 0.000000
v -0.572090 0.095289 0.000000
v -0.575041 0.095601 0.000000
v -0.577711 0.096121 0.000000
v -0.580100 0.096850 0.000000
v -0.582208 0.097787 0.000000
v -0.584035 0.098932 0.000000
v -0.585581 0.100285 0.000000
v -0.586846 0.101846 0.000000
v -0.587829 0.103616 0.000000
v -0.588532 0.105594 0.000000
v -0.588954 0.107780 0.000000
v -0.589094 0.110174 0.000000
v -0.588954 0.112907 0.000000
v -0.588532 0.115608 0.000000
v -0.587829 0.118278 0.000000
v -0.586846 0.120917 0.000000
v -0.585581 0.123524 0.000000
v -0.584035 0.126101 0.000000
v -0.582208 0.128646 0.000000
v -0.580100 0.131160 0.000000
v -0.577711 0.133642 0.000000
v -0.575041 0.136094 0.000000
v -0.572090 0.138514 0.000000
v -0.568858 0.140903 0.000000
v -0.540857 0.161123 0.000000
v -0.513063 0.181812 0.000000
v -0.485478 0.202970 0.000000
v -0.458101 0.224595 0.000000
v -0.430932 0.246689 0.000000
v -0.403972 0.269252 0.000000
v -0.377219 0.292283 0.000000
v -0.350675 0.315782 0.000000
v -0.324339 0.339750 0.000000
v -0.298211 0.364187 0.000000
v -0.272292 0.389091 0.000000
v -0.246580 0.414464 0.000000
v -0.219391 0.441977 0.000000
v -0.193034 0.469302 0.000000
v -0.167510 0.496439 0.000000
v -0.142818 0.523389 0.000000
v -0.118960 0.550152 0.000000
v -0.095934 0.576728 0.000000
v -0.073741 0.603116 0.000000
v -0.052381 0.629316 0.000000
v -0.031853 0.655330 0.000000
v -0.012158 0.681156 0.000000
v 0.006704 0.706794 0.000000
v 0.024733 0.732246 0.000000
v -0.016629 0.727202 0.000000
v -0.056024 0.722315 0.000000
v -0.093451 0.717584 0.000000
v -0.128911 0.713009 0.000000
v -0.162404 0.708590 0.000000
v -0.193929 0.704327 0.000000
v -0.223487 0.700221 0.000000
v -0.251077 0.696270 0.000000
v -0.276700 0.692476 0.000000
v -0.300356 0.688838 0.000000
v -0.322044 0.685356 0.000000
v -0.341765 0.682030 0.000000
v -0.345637 0.681442 0.000000
v -0.349509 0.680677 0.000000
v -0.353382 0.679735 0.000000
v -0.357254 0.678616 0.000000
v -0.361126 0.677320 0.000000
v -0.364999 0.675847 0.000000
v -0.368871 0.674197 0.000000
v -0.372743 0.672370 0.000000
v -0.376616 0.670366 0.000000
v -0.380488 0.668185 0.000000
v -0.384360 0.665828 0.000000
v -0.388233 0.663293 0.000000
v -0.391361 0.661617 0.000000
v -0.394499 0.660087 0.000000
v -0.397648 0.658702 0.000000
v -0.400807 0.657464 0.000000
v -0.403977 0.656371 0.000000
v -0.407157 0.655424 0.000000
v -0.410348 0.654622 0.000000
v -0.413548 0.653966 0.000000
v -0.416760 0.653456 0.000000
v -0.419982 0.653092 0.000000
v -0.423214 0.652873 0.000000
v -0.426456 0.652800 0.000000
v -0.435721 0.653269 0.000000
v -0.445027 0.654674 0.000000
v -0.454375 0.657016 0.000000
v -0.463764 0.660295 0.000000
v -0.473195 0.664511 0.000000
v -0.482668 0.669664 0.000000
v -0.492182 0.675753 0.000000
v -0.501738 0.682780 0.000000
v -0.511335 0.690743 0.000000
v -0.520975 0.699643 0.000000
v -0.530655 0.709480 0.000000
v -0.540378 0.720254 0.000000
v -0.546722 0.727941 0.000000
v -0.552515 0.735514 0.000000
v -0.557756 0.742972 0.000000
v -0.562446 0.750316 0.000000
v -0.566584 0.757546 0.000000
v -0.570170 0.764661 0.000000
v -0.573204 0.771661 0.000000
v -0.575687 0.778547 0.000000
v -0.577618 0.785318 0.000000
v -0.578997 0.791975 0.000000
v -0.579824 0.798518 0.000000
v -0.580100 0.804945 0.000000
v -0.580007 0.807579 0.000000
v -0.579726 0.809984 0.000000
v -0.579257 0.812159 0.000000
v -0.578601 0.814106 0.000000
v -0.577758 0.815823 0.000000
v -0.576728 0.817312 0.000000
v -0.575510 0.818572 0.000000
v -0.574104 0.819602 0.000000
v -0.572512 0.820404 0.000000
v -0.570732 0.820976 0.000000
v -0.568764 0.821320 0.000000
v -0.566610 0.821434 0.000000
v -0.564668 0.821283 0.000000
v -0.562592 0.820830 0.000000
v -0.560380 0.820076 0.000000
v -0.558032 0.819019 0.000000
v -0.555550 0.817661 0.000000
v -0.552932 0.816000 0.000000
v -0.550178 0.814038 0.000000
v -0.547290 0.811774 0.000000
v -0.544266 0.809208 0.000000
v -0.541106 0.806340 0.000000
v -0.537812 0.803171 0.000000
v -0.534382 0.799699 0.000000
v -0.525955 0.792157 0.000000
v -0.517664 0.785271 0.000000
v -0.509508 0.779041 0.000000
v -0.501488 0.773467 0.000000
v -0.493603 0.768549 0.000000
v -0.485853 0.764286 0.000000
v -0.478238 0.760679 0.000000
v -0.470759 0.757728 0.000000
v -0.463415 0.755433 0.000000
v -0.456207 0.753793 0.000000
v -0.449133 0.752809 0.000000
v -0.442195 0.752482 0.000000
v -0.435455 0.752523 0.000000
v -0.428476 0.752648 0.000000
v -0.421257 0.752856 0.000000
v -0.413798 0.753148 0.000000
v -0.406101 0.753523 0.000000
v -0.398163 0.753981 0.000000
v -0.389987 0.754522 0.000000
v -0.381571 0.755146 0.000000
v -0.372915 0.755854 0.000000
v -0.364020 0.756645 0.000000
v -0.354886 0.757520 0.000000
v -0.345512 0.758477 0.000000
v -0.295869 0.763219 0.000000
v -0.248870 0.767700 0.000000
v -0.204515 0.771921 0.000000
v -0.162805 0.775882 0.000000
v -0.123738 0.779583 0.000000
v -0.087315 0.783023 0.000000
v -0.053536 0.786203 0.000000
v -0.022401 0.789123 0.000000
v 0.006089 0.791783 0.000000
v 0.031936 0.794182 0.000000
v 0.055139 0.796321 0.000000
v 0.075698 0.798200 0.000000
v 0.075677 0.825254 0.000000
v 0.075614 0.850955 0.000000
v 0.075510 0.875303 0.000000
v 0.075365 0.898298 0.000000
v 0.075177 0.919939 0.000000
v 0.074948 0.940227 0.000000
v 0.074678 0.959162 0.000000
v 0.074365 0.976744 0.000000
v 0.074011 0.992972 0.000000
v 0.073616 1.007847 0.000000
v 0.073179 1.021369 0.000000
v 0.072700 1.033538 0.000000
v 0.072143 1.039362 0.000000
v 0.071471 1.044843 0.000000
v 0.070686 1.049980 0.000000
v 0.069785 1.054773 0.000000
v 0.068770 1.059223 0.000000
v 0.067641 1.063330 0.000000
v 0.066397 1.067093 0.000000
v 0.065038 1.070512 0.000000
v 0.063565 1.073588 0.000000
v 0.061978 1.076321 0.000000
v 0.060276 1.078710 0.000000
v 0.058460 1.080755 0.000000
v 0.054270 1.084029 0.000000
v 0.049445 1.087105 0.000000
v 0.043985 1.089983 0.000000
v 0.037890 1.092664 0.000000
v 0.031161 1.095147 0.000000
v 0.023796 1.097431 0.000000
v 0.015796 1.099519 0.000000
v 0.007162 1.101408 0.000000
v -0.002108 1.103099 0.000000
v -0.012013 1.104593 0.000000
v -0.022552 1.105889 0.000000
v -0.033727 1.106987 0.000000
v -0.035882 1.107430 0.000000
v -0.037849 1.108007 0.000000
v -0.039629 1.108720 0.000000
v -0.041222 1.109569 0.000000
v -0.042627 1.110553 0.000000
v -0.043845 1.111672 0.000000
v -0.044875 1.112926 0.000000
v -0.045719 1.114316 0.000000
v -0.046374 1.115841 0.000000
v -0.046843 1.117501 0.000000
v -0.047124 1.119297 0.000000
v -0.047218 1.121228 0.000000
v -0.047145 1.122497 0.000000
v -0.046926 1.123809 0.000000
v -0.046562 1.125162 0.000000
v -0.046052 1.126557 0.000000
v -0.045396 1.127994 0.000000
v -0.044594 1.129472 0.000000
v -0.043647 1.130992 0.000000
v -0.042554 1.132553 0.000000
v -0.041315 1.134156 0.000000
v -0.039931 1.135801 0.000000
v -0.038401 1.137487 0.000000
v -0.036725 1.139215 0.000000
v -0.032759 1.142926 0.000000
v -0.028605 1.146314 0.000000
v -0.024265 1.149380 0.000000
v -0.019736 1.152123 0.000000
v -0.015021 1.154543 0.000000
v -0.010118 1.156641 0.000000
v -0.005028 1.158415 0.000000
v 0.000250 1.159867 0.000000
v 0.005715 1.160997 0.000000
v 0.011367 1.161803 0.000000
v 0.017207 1.162287 0.000000
v 0.023234 1.162449 0.000000
v 0.030755 1.162246 0.000000
v 0.038577 1.161637 0.000000
v 0.046702 1.160622 0.000000
v 0.055129 1.159201 0.000000
v 0.063857 1.157375 0.000000
v 0.072887 1.155142 0.000000
v 0.082219 1.152503 0.000000
v 0.091853 1.149458 0.000000
v 0.101789 1.146007 0.000000
v 0.112027 1.142151 0.000000
v 0.122567 1.137888 0.000000
v 0.133408 1.133219 0.000000
v 0.142506 1.129160 0.000000
v 0.150813 1.124975 0.000000
v 0.158328 1.120665 0.000000
v 0.165053 1.116231 0.000000
v 0.170986 1.111672 0.000000
v 0.176129 1.106987 0.000000
v 0.180480 1.102178 0.000000
v 0.184040 1.097244 0.000000
v 0.186809 1.092185 0.000000
v 0.188787 1.087001 0.000000
v 0.189973 1.081692 0.000000
v 0.190369 1.076258 0.000000
v 0.190213 1.073463 0.000000
v 0.189744 1.070575 0.000000
v 0.188963 1.067593 0.000000
v 0.187870 1.064517 0.000000
v 0.186465 1.061347 0.000000
v 0.184748 1.058084 0.000000
v 0.182718 1.054726 0.000000
v 0.180376 1.051276 0.000000
v 0.177721 1.047731 0.000000
v 0.174755 1.044093 0.000000
v 0.171475 1.040361 0.000000
v 0.167884 1.036536 0.000000
v 0.166432 1.034829 0.000000
v 0.165074 1.032705 0.000000
v 0.163809 1.030165 0.000000
v 0.162638 1.027209 0.000000
v 0.161561 1.023836 0.000000
v 0.160577 1.020047 0.000000
v 0.159687 1.015842 0.000000
v 0.158890 1.011220 0.000000
v 0.158188 1.006182 0.000000
v 0.157579 1.000727 0.000000
v 0.157064 0.994856 0.000000
v 0.156642 0.988569 0.000000
v 0.156403 0.980777 0.000000
v 0.156184 0.971643 0.000000
v 0.155986 0.961166 0.000000
v 0.155809 0.949346 0.000000
v 0.155653 0.936183 0.000000
v 0.155518 0.921677 0.000000
v 0.155403 0.905829 0.000000
v 0.155310 0.888638 0.000000
v 0.155237 0.870104 0.000000
v 0.155185 0.850227 0.000000
v 0.155153 0.829007 0.000000
v -1.167695 0.320779 0.000000
v -1.181092 0.342040 0.000000
v -1.194552 0.362604 0.000000
v -1.208074 0.382471 0.000000
v -1.221658 0.401640 0.000000
v -1.235305 0.420112 0.000000
v -1.249014 0.437886 0.000000
v -1.262786 0.454963 0.000000
v -1.276620 0.471342 0.000000
v -1.290517 0.487024 0.000000
v -1.304476 0.502008 0.000000
v -1.318498 0.516295 0.000000
v -1.332582 0.529885 0.000000
v -1.334737 0.532102 0.000000
v -1.336704 0.534257 0.000000
v -1.338484 0.536349 0.000000
v -1.340077 0.538379 0.000000
v -1.341482 0.540346 0.000000
v -1.342700 0.542251 0.000000
v -1.343730 0.544094 0.000000
v -1.344573 0.545874 0.000000
v -1.345229 0.547592 0.000000
v -1.345698 0.549247 0.000000
v -1.345979 0.550839 0.000000
v -1.346072 0.552369 0.000000
v -1.345942 0.555123 0.000000
v -1.345552 0.557637 0.000000
v -1.344901 0.559911 0.000000
v -1.343990 0.561946 0.000000
v -1.342819 0.563742 0.000000
v -1.341388 0.565298 0.000000
v -1.339696 0.566615 0.000000
v -1.337744 0.567692 0.000000
v -1.335532 0.568530 0.000000
v -1.333060 0.569129 0.000000
v -1.330328 0.569488 0.000000
v -1.327335 0.569608 0.000000
v -1.325326 0.569545 0.000000
v -1.323297 0.569358 0.000000
v -1.321246 0.569045 0.000000
v -1.319174 0.568608 0.000000
v -1.317082 0.568046 0.000000
v -1.314969 0.567359 0.000000
v -1.312835 0.566547 0.000000
v -1.310680 0.565610 0.000000
v -1.308505 0.564548 0.000000
v -1.306308 0.563362 0.000000
v -1.304091 0.562050 0.000000
v -1.301853 0.560614 0.000000
v -1.273695 0.541585 0.000000
v -1.246683 0.522224 0.000000
v -1.220815 0.502529 0.000000
v -1.196092 0.482501 0.000000
v -1.172515 0.462140 0.000000
v -1.150082 0.441446 0.000000
v -1.128795 0.420419 0.000000
v -1.108653 0.399058 0.000000
v -1.089655 0.377365 0.000000
v -1.071803 0.355339 0.000000
v -1.055096 0.332979 0.000000
v -1.039534 0.310286 0.000000
v -1.030915 0.296790 0.000000
v -1.023045 0.283534 0.000000
v -1.015925 0.270517 0.000000
v -1.009554 0.257739 0.000000
v -1.003933 0.245201 0.000000
v -0.999062 0.232902 0.000000
v -0.994939 0.220843 0.000000
v -0.991567 0.209023 0.000000
v -0.988944 0.197442 0.000000
v -0.987070 0.186101 0.000000
v -0.985946 0.174999 0.000000
v -0.985571 0.164137 0.000000
v -0.985696 0.159843 0.000000
v -0.986071 0.155705 0.000000
v -0.986695 0.151724 0.000000
v -0.987570 0.147898 0.000000
v -0.988694 0.144229 0.000000
v -0.990068 0.140716 0.000000
v -0.991692 0.137358 0.000000
v -0.993565 0.134158 0.000000
v -0.995689 0.131113 0.000000
v -0.998062 0.128224 0.000000
v -1.000685 0.125492 0.000000
v -1.003559 0.122915 0.000000
v -1.006088 0.120880 0.000000
v -1.008680 0.119022 0.000000
v -1.011334 0.117341 0.000000
v -1.014051 0.115837 0.000000
v -1.016831 0.114510 0.000000
v -1.019673 0.113359 0.000000
v -1.022577 0.112386 0.000000
v -1.025544 0.111590 0.000000
v -1.028573 0.110970 0.000000
v -1.031664 0.110528 0.000000
v -1.034818 0.110263 0.000000
v -1.038035 0.110174 0.000000
v -1.044473 0.110460 0.000000
v -1.050547 0.111319 0.000000
v -1.056257 0.112750 0.000000
v -1.061602 0.114754 0.000000
v -1.066583 0.117331 0.000000
v -1.071199 0.120479 0.000000
v -1.075452 0.124201 0.000000
v -1.079340 0.128495 0.000000
v -1.082863 0.133361 0.000000
v -1.086022 0.138800 0.000000
v -1.088817 0.144812 0.000000
v -1.091248 0.151396 0.000000
v -1.095495 0.163439 0.000000
v -1.099742 0.175088 0.000000
v -1.103989 0.186340 0.000000
v -1.108236 0.197197 0.000000
v -1.112484 0.207659 0.000000
v -1.116731 0.217725 0.000000
v -1.120978 0.227395 0.000000
v -1.125225 0.236670 0.000000
v -1.129472 0.245550 0.000000
v -1.133719 0.254033 0.000000
v -1.137966 0.262121 0.000000
v -1.142213 0.269814 0.000000
v -1.199710 0.258853 0.000000
v -1.258029 0.247954 0.000000
v -1.317171 0.237118 0.000000
v -1.377134 0.226344 0.000000
v -1.437921 0.215633 0.000000
v -1.499529 0.204984 0.000000
v -1.561960 0.194397 0.000000
v -1.625214 0.183873 0.000000
v -1.689289 0.173412 0.000000
v -1.754187 0.163013 0.000000
v -1.819907 0.152676 0.000000
v -1.886450 0.142402 0.000000
v -1.894195 0.141007 0.000000
v -1.901440 0.139571 0.000000
v -1.908185 0.138092 0.000000
v -1.914431 0.136573 0.000000
v -1.920177 0.135011 0.000000
v -1.925423 0.133408 0.000000
v -1.930170 0.131763 0.000000
v -1.934417 0.130077 0.000000
v -1.938165 0.128349 0.000000
v -1.941412 0.126579 0.000000
v -1.944160 0.124768 0.000000
v -1.946409 0.122915 0.000000
v -1.948933 0.120401 0.000000
v -1.951510 0.118106 0.000000
v -1.954138 0.116029 0.000000
v -1.956818 0.114171 0.000000
v -1.959551 0.112532 0.000000
v -1.962335 0.111111 0.000000
v -1.965172 0.109909 0.000000
v -1.968061 0.108925 0.000000
v -1.971001 0.108160 0.000000
v -1.973994 0.107613 0.000000
v -1.977039 0.107285 0.000000
v -1.980136 0.107176 0.000000
v -1.985538 0.107603 0.000000
v -1.991003 0.108883 0.000000
v -1.996531 0.111017 0.000000
v -2.002120 0.114005 0.000000
v -2.007773 0.117846 0.000000
v -2.013488 0.122541 0.000000
v -2.019265 0.128089 0.000000
v -2.025105 0.134491 0.000000
v -2.031007 0.141746 0.000000
v -2.036971 0.149855 0.000000
v -2.042998 0.158818 0.000000
v -2.049088 0.168634 0.000000
v -2.054475 0.177300 0.000000
v -2.059393 0.185809 0.000000
v -2.063843 0.194163 0.000000
v -2.067825 0.202361 0.000000
v -2.071338 0.210402 0.000000
v -2.074383 0.218287 0.000000
v -2.076959 0.226016 0.000000
v -2.079067 0.233589 0.000000
v -2.080707 0.241006 0.000000
v -2.081878 0.248266 0.000000
v -2.082581 0.255371 0.000000
v -2.082815 0.262319 0.000000
v -2.082747 0.264807 0.000000
v -2.082544 0.267274 0.000000
v -2.082206 0.269720 0.000000
v -2.081732 0.272146 0.000000
v -2.081123 0.274550 0.000000
v -2.080379 0.276934 0.000000
v -2.079499 0.279297 0.000000
v -2.078485 0.281639 0.000000
v -2.077334 0.283961 0.000000
v -2.076049 0.286261 0.000000
v -2.074628 0.288541 0.000000
v -2.073072 0.290800 0.000000
v -2.071833 0.292595 0.000000
v -2.070615 0.294235 0.000000
v -2.069418 0.295718 0.000000
v -2.068242 0.297045 0.000000
v -2.067086 0.298216 0.000000
v -2.065952 0.299231 0.000000
v -2.064838 0.300090 0.000000
v -2.063745 0.300793 0.000000
v -2.062673 0.301339 0.000000
v -2.061621 0.301730 0.000000
v -2.060591 0.301964 0.000000
v -2.059581 0.302042 0.000000
v -2.058207 0.301927 0.000000
v -2.056833 0.301584 0.000000
v -2.055459 0.301011 0.000000
v -2.054085 0.300210 0.000000
v -2.052711 0.299179 0.000000
v -2.051337 0.297920 0.000000
v -2.049963 0.296431 0.000000
v -2.048589 0.294714 0.000000
v -2.047215 0.292767 0.000000
v -2.045841 0.290591 0.000000
v -2.044467 0.288187 0.000000
v -2.043092 0.285553 0.000000
v -2.037955 0.277413 0.000000
v -2.032537 0.269981 0.000000
v -2.026838 0.263256 0.000000
v -2.020858 0.257239 0.000000
v -2.014596 0.251931 0.000000
v -2.008054 0.247330 0.000000
v -2.001230 0.243436 0.000000
v -1.994126 0.240251 0.000000
v -1.986740 0.237774 0.000000
v -1.979074 0.236004 0.000000
v -1.971126 0.234942 0.000000
v -1.962898 0.234588 0.000000
v -1.956912 0.234620 0.000000
v -1.950948 0.234713 0.000000
v -1.945004 0.234869 0.000000
v -1.939081 0.235088 0.000000
v -1.933179 0.235369 0.000000
v -1.927297 0.235713 0.000000
v -1.921437 0.236119 0.000000
v -1.915597 0.236587 0.000000
v -1.909778 0.237118 0.000000
v -1.903980 0.237711 0.000000
v -1.898203 0.238367 0.000000
v -1.892446 0.239085 0.000000
v -1.865298 0.292627 0.000000
v -1.838566 0.346574 0.000000
v -1.812251 0.400927 0.000000
v -1.786352 0.455686 0.000000
v -1.760870 0.510851 0.000000
v -1.735804 0.566422 0.000000
v -1.711154 0.622399 0.000000
v -1.686921 0.678782 0.000000
v -1.663104 0.735571 0.000000
v -1.639704 0.792766 0.000000
v -1.616719 0.850367 0.000000
v -1.594152 0.908374 0.000000
v -1.591159 0.915921 0.000000
v -1.588426 0.923072 0.000000
v -1.585954 0.929828 0.000000
v -1.583742 0.936188 0.000000
v -1.581790 0.942153 0.000000
v -1.580099 0.947722 0.000000
v -1.578667 0.952896 0.000000
v -1.577496 0.957673 0.000000
v -1.576585 0.962056 0.000000
v -1.575935 0.966043 0.000000
v -1.575544 0.969634 0.000000
v -1.575415 0.972830 0.000000
v -1.575914 0.979778 0.000000
v -1.577413 0.986633 0.000000
v -1.579911 0.993394 0.000000
v -1.583409 1.000061 0.000000
v -1.587906 1.006634 0.000000
v -1.593402 1.013114 0.000000
v -1.599898 1.019501 0.000000
v -1.607392 1.025793 0.000000
v -1.615886 1.031992 0.000000
v -1.625380 1.038097 0.000000
v -1.635873 1.044109 0.000000
v -1.647365 1.050027 0.000000
v -1.649999 1.051401 0.000000
v -1.652403 1.052775 0.000000
v -1.654579 1.054149 0.000000
v -1.656525 1.055523 0.000000
v -1.658243 1.056897 0.000000
v -1.659731 1.058271 0.000000
v -1.660991 1.059645 0.000000
v -1.662022 1.061019 0.000000
v -1.662823 1.062393 0.000000
v -1.663396 1.063767 0.000000
v -1.663739 1.065141 0.000000
v -1.663854 1.066515 0.000000
v -1.663526 1.069987 0.000000
v -1.662542 1.073156 0.000000
v -1.660902 1.076024 0.000000
v -1.658607 1.078590 0.000000
v -1.655656 1.080854 0.000000
v -1.652049 1.082816 0.000000
v -1.647786 1.084477 0.000000
v -1.642868 1.085835 0.000000
v -1.637294 1.086892 0.000000
v -1.631063 1.087646 0.000000
v -1.624178 1.088099 0.000000
v -1.616636 1.088250 0.000000
v -1.607476 1.087995 0.000000
v -1.598232 1.087230 0.000000
v -1.588905 1.085955 0.000000
v -1.579495 1.084170 0.000000
v -1.570001 1.081874 0.000000
v -1.560425 1.079069 0.000000
v -1.550765 1.075754 0.000000
v -1.541021 1.071928 0.000000
v -1.531195 1.067593 0.000000
v -1.521285 1.062747 0.000000
v -1.511292 1.057391 0.000000
v -1.501216 1.051526 0.000000
v -1.489484 1.044171 0.000000
v -1.478773 1.036848 0.000000
v -1.469081 1.029556 0.000000
v -1.460410 1.022295 0.000000
v -1.452759 1.015066 0.000000
v -1.446128 1.007868 0.000000
v -1.440518 1.000701 0.000000
v -1.435927 0.993565 0.000000
v -1.432357 0.986461 0.000000
v -1.429806 0.979387 0.000000
v -1.428276 0.972345 0.000000
v -1.427766 0.965335 0.000000
v -1.427969 0.960812 0.000000
v -1.428578 0.956487 0.000000
v -1.429593 0.952359 0.000000
v -1.431014 0.948430 0.000000
v -1.432841 0.944698 0.000000
v -1.435074 0.941164 0.000000
v -1.437712 0.937828 0.000000
v -1.440757 0.934689 0.000000
v -1.444208 0.931749 0.000000
v -1.448065 0.929006 0.000000
v -1.452327 0.926461 0.000000
v -1.456996 0.924113 0.000000
v -1.461020 0.921553 0.000000
v -1.465095 0.918367 0.000000
v -1.469222 0.914557 0.000000
v -1.473402 0.910123 0.000000
v -1.477633 0.905064 0.000000
v -1.481917 0.899380 0.000000
v -1.486252 0.893072 0.000000
v -1.490640 0.886139 0.000000
v -1.495079 0.878582 0.000000
v -1.499571 0.870400 0.000000
v -1.504115 0.861594 0.000000
v -1.508711 0.852163 0.000000
v -1.537014 0.793542 0.000000
v -1.564963 0.736347 0.000000
v -1.592559 0.680578 0.000000
v -1.619801 0.626235 0.000000
v -1.646688 0.573319 0.000000
v -1.673222 0.521828 0.000000
v -1.699402 0.471764 0.000000
v -1.725228 0.423125 0.000000
v -1.750700 0.375913 0.000000
v -1.775818 0.330127 0.000000
v -1.800582 0.285767 0.000000
v -1.824993 0.242833 0.000000
v -1.775771 0.247038 0.000000
v -1.725540 0.251660 0.000000
v -1.674300 0.256698 0.000000
v -1.622049 0.262153 0.000000
v -1.568789 0.268024 0.000000
v -1.514519 0.274311 0.000000
v -1.459239 0.281015 0.000000
v -1.402950 0.288135 0.000000
v -1.345651 0.295671 0.000000
v -1.287342 0.303624 0.000000
v -1.228024 0.311993 0.000000
v -2.489784 0.565111 0.000000
v -2.490149 0.559484 0.000000
v -2.491242 0.554347 0.000000
v -2.493063 0.549699 0.000000
v -2.495614 0.545541 0.000000
v -2.498893 0.541871 0.000000
v -2.502900 0.538691 0.000000
v -2.507637 0.536001 0.000000
v -2.513102 0.533799 0.000000
v -2.519295 0.532087 0.000000
v -2.526217 0.530863 0.000000
v -2.533869 0.530130 0.000000
v -2.542248 0.529885 0.000000
v -2.753603 0.535881 0.000000
v -2.800143 0.535678 0.000000
v -2.847829 0.535069 0.000000
v -2.896660 0.534054 0.000000
v -2.946636 0.532633 0.000000
v -2.997757 0.530806 0.000000
v -3.050023 0.528573 0.000000
v -3.103434 0.525934 0.000000
v -3.157990 0.522890 0.000000
v -3.213692 0.519439 0.000000
v -3.270538 0.515582 0.000000
v -3.328529 0.511319 0.000000
v -3.387666 0.506651 0.000000
v -3.397742 0.505709 0.000000
v -3.407236 0.504632 0.000000
v -3.416146 0.503419 0.000000
v -3.424474 0.502071 0.000000
v -3.432219 0.500587 0.000000
v -3.439381 0.498969 0.000000
v -3.445960 0.497215 0.000000
v -3.451956 0.495325 0.000000
v -3.457369 0.493301 0.000000
v -3.462199 0.491141 0.000000
v -3.466446 0.488846 0.000000
v -3.470109 0.486415 0.000000
v -3.473086 0.484500 0.000000
v -3.476272 0.482751 0.000000
v -3.479665 0.481168 0.000000
v -3.483267 0.479753 0.000000
v -3.487077 0.478504 0.000000
v -3.491095 0.477421 0.000000
v -3.495321 0.476505 0.000000
v -3.499755 0.475756 0.000000
v -3.504398 0.475173 0.000000
v -3.509249 0.474756 0.000000
v -3.514308 0.474506 0.000000
v -3.519575 0.474423 0.000000
v -3.526763 0.474959 0.000000
v -3.534086 0.476567 0.000000
v -3.541544 0.479248 0.000000
v -3.549138 0.483001 0.000000
v -3.556867 0.487825 0.000000
v -3.564731 0.493722 0.000000
v -3.572731 0.500691 0.000000
v -3.580866 0.508733 0.000000
v -3.589136 0.517846 0.000000
v -3.597542 0.528032 0.000000
v -3.606083 0.539290 0.000000
v -3.614759 0.551620 0.000000
v -3.620625 0.560354 0.000000
v -3.625981 0.568816 0.000000
v -3.630826 0.577009 0.000000
v -3.635162 0.584930 0.000000
v -3.638987 0.592581 0.000000
v -3.642303 0.599962 0.000000
v -3.645108 0.607071 0.000000
v -3.647403 0.613910 0.000000
v -3.649189 0.620479 0.000000
v -3.650464 0.626777 0.000000
v -3.651229 0.632804 0.000000
v -3.651484 0.638560 0.000000
v -3.651401 0.642510 0.000000
v -3.651151 0.646117 0.000000
v -3.650735 0.649381 0.000000
v -3.650152 0.652301 0.000000
v -3.649402 0.654877 0.000000
v -3.648486 0.657110 0.000000
v -3.647403 0.658999 0.000000
v -3.646154 0.660545 0.000000
v -3.644739 0.661747 0.000000
v -3.643157 0.662606 0.000000
v -3.641408 0.663121 0.000000
v -3.639492 0.663293 0.000000
v -3.637353 0.663152 0.000000
v -3.635183 0.662731 0.000000
v -3.632981 0.662028 0.000000
v -3.630749 0.661045 0.000000
v -3.628484 0.659780 0.000000
v -3.626189 0.658234 0.000000
v -3.623863 0.656407 0.000000
v -3.621505 0.654299 0.000000
v -3.619116 0.651910 0.000000
v -3.616696 0.649240 0.000000
v -3.614244 0.646289 0.000000
v -3.611761 0.643057 0.000000
v -3.603845 0.633720 0.000000
v -3.595835 0.625194 0.000000
v -3.587731 0.617481 0.000000
v -3.579533 0.610579 0.000000
v -3.571242 0.604490 0.000000
v -3.562857 0.599212 0.000000
v -3.554379 0.594746 0.000000
v -3.545807 0.591093 0.000000
v -3.537141 0.588251 0.000000
v -3.528381 0.586221 0.000000
v -3.519528 0.585003 0.000000
v -3.510581 0.584597 0.000000
v -3.497314 0.584660 0.000000
v -3.483246 0.584847 0.000000
v -3.468376 0.585159 0.000000
v -3.452704 0.585597 0.000000
v -3.436231 0.586159 0.000000
v -3.418957 0.586846 0.000000
v -3.400881 0.587658 0.000000
v -3.382003 0.588594 0.000000
v -3.362324 0.589656 0.000000
v -3.341843 0.590843 0.000000
v -3.320561 0.592155 0.000000
v -3.298477 0.593591 0.000000
v -3.242552 0.597083 0.000000
v -3.188449 0.600316 0.000000
v -3.136167 0.603287 0.000000
v -3.085707 0.605999 0.000000
v -3.037069 0.608450 0.000000
v -2.990252 0.610642 0.000000
v -2.945257 0.612573 0.000000
v -2.902084 0.614243 0.000000
v -2.860732 0.615654 0.000000
v -2.821202 0.616804 0.000000
v -2.783493 0.617694 0.000000
v -2.747607 0.618324 0.000000
v -2.739039 0.618433 0.000000
v -2.730826 0.618761 0.000000
v -2.722967 0.619308 0.000000
v -2.715462 0.620073 0.000000
v -2.708311 0.621056 0.000000
v -2.701513 0.622259 0.000000
v -2.695070 0.623680 0.000000
v -2.688980 0.625319 0.000000
v -2.683245 0.627177 0.000000
v -2.677863 0.629254 0.000000
v -2.672835 0.631549 0.000000
v -2.668161 0.634063 0.000000
v -2.664518 0.635978 0.000000
v -2.660833 0.637727 0.000000
v -2.657107 0.639310 0.000000
v -2.653338 0.640725 0.000000
v -2.649529 0.641974 0.000000
v -2.645677 0.643057 0.000000
v -2.641784 0.643973 0.000000
v -2.637849 0.644722 0.000000
v -2.633873 0.645305 0.000000
v -2.629855 0.645722 0.000000
v -2.625795 0.645972 0.000000
v -2.621693 0.646055 0.000000
v -2.618081 0.645951 0.000000
v -2.614240 0.645639 0.000000
v -2.610170 0.645118 0.000000
v -2.605871 0.644389 0.000000
v -2.601343 0.643453 0.000000
v -2.596586 0.642308 0.000000
v -2.591600 0.640954 0.000000
v -2.586385 0.639393 0.000000
v -2.580940 0.637623 0.000000
v -2.575267 0.635645 0.000000
v -2.569365 0.633459 0.000000
v -2.563234 0.631065 0.000000
v -2.551502 0.625683 0.000000
v -2.540791 0.620281 0.000000
v -2.531100 0.614858 0.000000
v -2.522429 0.609413 0.000000
v -2.514777 0.603948 0.000000
v -2.508147 0.598463 0.000000
v -2.502536 0.592956 0.000000
v -2.497945 0.587429 0.000000
v -2.494375 0.581880 0.000000
v -2.491824 0.576311 0.000000
v -2.490294 0.570721 0.000000
v -4.083187 1.281617 0.000000
v -4.081641 1.281586 0.000000
v -4.080001 1.281492 0.000000
v -4.078268 1.281336 0.000000
v -4.076441 1.281117 0.000000
v -4.074521 1.280836 0.000000
v -4.072506 1.280493 0.000000
v -4.070398 1.280087 0.000000
v -4.068197 1.279618 0.000000
v -4.065901 1.279087 0.000000
v -4.063512 1.278494 0.000000
v -4.061029 1.277838 0.000000
v -4.058454 1.277120 0.000000
v -4.048991 1.274476 0.000000
v -4.039591 1.271541 0.000000
v -4.030254 1.268314 0.000000
v -4.020979 1.264795 0.000000
v -4.011766 1.260985 0.000000
v -4.002616 1.256884 0.000000
v -3.993529 1.252491 0.000000
v -3.984504 1.247807 0.000000
v -3.975541 1.242831 0.000000
v -3.966641 1.237564 0.000000
v -3.957803 1.232005 0.000000
v -3.949029 1.226155 0.000000
v -3.938016 1.218145 0.000000
v -3.927960 1.210104 0.000000
v -3.918863 1.202031 0.000000
v -3.910722 1.193927 0.000000
v -3.903540 1.185792 0.000000
v -3.897315 1.177626 0.000000
v -3.892048 1.169428 0.000000
v -3.887738 1.161200 0.000000
v -3.884386 1.152940 0.000000
v -3.881992 1.144649 0.000000
v -3.880556 1.136326 0.000000
v -3.880077 1.127973 0.000000
v -3.880165 1.124777 0.000000
v -3.880431 1.121686 0.000000
v -3.880873 1.118698 0.000000
v -3.881493 1.115815 0.000000
v -3.882289 1.113035 0.000000
v -3.883262 1.110360 0.000000
v -3.884412 1.107789 0.000000
v -3.885740 1.105322 0.000000
v -3.887244 1.102959 0.000000
v -3.888925 1.100700 0.000000
v -3.890783 1.098545 0.000000
v -3.892818 1.096495 0.000000
v -3.894462 1.094938 0.000000
v -3.896149 1.093518 0.000000
v -3.897877 1.092232 0.000000
v -3.899646 1.091082 0.000000
v -3.901458 1.090067 0.000000
v -3.903311 1.089187 0.000000
v -3.905205 1.088443 0.000000
v -3.907141 1.087834 0.000000
v -3.909119 1.087360 0.000000
v -3.911139 1.087022 0.000000
v -3.913200 1.086819 0.000000
v -3.915302 1.086751 0.000000
v -3.919549 1.087037 0.000000
v -3.923797 1.087896 0.000000
v -3.928044 1.089328 0.000000
v -3.932291 1.091331 0.000000
v -3.936538 1.093908 0.000000
v -3.940785 1.097057 0.000000
v -3.945033 1.100778 0.000000
v -3.949280 1.105072 0.000000
v -3.953527 1.109938 0.000000
v -3.957774 1.115377 0.000000
v -3.962021 1.121389 0.000000
v -3.966267 1.127973 0.000000
v -3.973325 1.139704 0.000000
v -3.981007 1.151165 0.000000
v -3.989314 1.162355 0.000000
v -3.998245 1.173275 0.000000
v -4.007801 1.183924 0.000000
v -4.017982 1.194302 0.000000
v -4.028787 1.204410 0.000000
v -4.040216 1.214247 0.000000
v -4.052270 1.223813 0.000000
v -4.064949 1.233109 0.000000
v -4.078252 1.242134 0.000000
v -4.092181 1.250888 0.000000
v -4.093138 1.251679 0.000000
v -4.094013 1.252554 0.000000
v -4.094804 1.253511 0.000000
v -4.095511 1.254552 0.000000
v -4.096136 1.255677 0.000000
v -4.096677 1.256884 0.000000
v -4.097135 1.258175 0.000000
v -4.097510 1.259549 0.000000
v -4.097801 1.261006 0.000000
v -4.098010 1.262547 0.000000
v -4.098135 1.264171 0.000000
v -4.098176 1.265878 0.000000
v -4.098073 1.268392 0.000000
v -4.097760 1.270687 0.000000
v -4.097239 1.272764 0.000000
v -4.096511 1.274622 0.000000
v -4.095574 1.276261 0.000000
v -4.094429 1.277682 0.000000
v -4.093076 1.278885 0.000000
v -4.091514 1.279868 0.000000
v -4.089745 1.280633 0.000000
v -4.087767 1.281180 0.000000
v -4.085581 1.281508 0.000000
v -4.211349 1.186433 0.000000
v -4.209641 1.186422 0.000000
v -4.208017 1.186391 0.000000
v -4.206477 1.186339 0.000000
v -4.205019 1.186266 0.000000
v -4.203645 1.186172 0.000000
v -4.202354 1.186058 0.000000
v -4.201147 1.185923 0.000000
v -4.200023 1.185766 0.000000
v -4.198982 1.185589 0.000000
v -4.198024 1.185392 0.000000
v -4.197150 1.185173 0.000000
v -4.196359 1.184934 0.000000
v -4.184919 1.180728 0.000000
v -4.173833 1.176356 0.000000
v -4.163101 1.171818 0.000000
v -4.152722 1.167113 0.000000
v -4.142698 1.162241 0.000000
v -4.133028 1.157203 0.000000
v -4.123711 1.151998 0.000000
v -4.114748 1.146627 0.000000
v -4.106140 1.141089 0.000000
v -4.097885 1.135384 0.000000
v -4.089984 1.129514 0.000000
v -4.082438 1.123476 0.000000
v -4.071903 1.114654 0.000000
v -4.062285 1.105925 0.000000
v -4.053583 1.097291 0.000000
v -4.045796 1.088750 0.000000
v -4.038926 1.080302 0.000000
v -4.032972 1.071949 0.000000
v -4.027934 1.063689 0.000000
v -4.023811 1.055523 0.000000
v -4.020605 1.047450 0.000000
v -4.018315 1.039471 0.000000
v -4.016941 1.031586 0.000000
v -4.016483 1.023795 0.000000
v -4.016748 1.016732 0.000000
v -4.017545 1.010283 0.000000
v -4.018872 1.004448 0.000000
v -4.020730 0.999228 0.000000
v -4.023119 0.994622 0.000000
v -4.026039 0.990630 0.000000
v -4.029490 0.987252 0.000000
v -4.033471 0.984488 0.000000
v -4.037983 0.982339 0.000000
v -4.043027 0.980803 0.000000
v -4.048601 0.979882 0.000000
v -4.054707 0.979575 0.000000
v -4.058839 0.979924 0.000000
v -4.062993 0.980970 0.000000
v -4.067167 0.982714 0.000000
v -4.071362 0.985155 0.000000
v -4.075577 0.988293 0.000000
v -4.079814 0.992129 0.000000
v -4.084071 0.996662 0.000000
v -4.088349 1.001893 0.000000
v -4.092649 1.007821 0.000000
v -4.096969 1.014447 0.000000
v -4.101309 1.021770 0.000000
v -4.105671 1.029791 0.000000
v -4.111729 1.040845 0.000000
v -4.118412 1.051775 0.000000
v -4.125720 1.062580 0.000000
v -4.133652 1.073260 0.000000
v -4.142209 1.083816 0.000000
v -4.151390 1.094246 0.000000
v -4.161195 1.104551 0.000000
v -4.171626 1.114732 0.000000
v -4.182681 1.124787 0.000000
v -4.194360 1.134718 0.000000
v -4.206664 1.144524 0.000000
v -4.219593 1.154205 0.000000
v -4.221029 1.155345 0.000000
v -4.222341 1.156516 0.000000
v -4.223528 1.157718 0.000000
v -4.224590 1.158952 0.000000
v -4.225527 1.160216 0.000000
v -4.226339 1.161512 0.000000
v -4.227026 1.162840 0.000000
v -4.227588 1.164198 0.000000
v -4.228025 1.165588 0.000000
v -4.228338 1.167009 0.000000
v -4.228525 1.168461 0.000000
v -4.228587 1.169944 0.000000
v -4.228467 1.172578 0.000000
v -4.228108 1.174982 0.000000
v -4.227509 1.177158 0.000000
v -4.226672 1.179104 0.000000
v -4.225595 1.180822 0.000000
v -4.224277 1.182310 0.000000
v -4.222721 1.183570 0.000000
v -4.220925 1.184600 0.000000
v -4.218890 1.185402 0.000000
v -4.216616 1.185975 0.000000
v -4.214102 1.186318 0.000000
v -4.909867 0.790705 0.000000
v -4.931561 0.762870 0.000000
v -4.953171 0.736076 0.000000
v -4.974698 0.710323 0.000000
v -4.996141 0.685611 0.000000
v -5.017501 0.661940 0.000000
v -5.038778 0.639310 0.000000
v -5.059972 0.617720 0.000000
v -5.081082 0.597172 0.000000
v -5.102109 0.577665 0.000000
v -5.123053 0.559198 0.000000
v -5.143914 0.541773 0.000000
v -5.164691 0.525388 0.000000
v -5.168715 0.522395 0.000000
v -5.172540 0.519663 0.000000
v -5.176168 0.517191 0.000000
v -5.179598 0.514978 0.000000
v -5.182830 0.513027 0.000000
v -5.185864 0.511335 0.000000
v -5.188701 0.509904 0.000000
v -5.191340 0.508733 0.000000
v -5.193781 0.507822 0.000000
v -5.196024 0.507171 0.000000
v -5.198070 0.506781 0.000000
v -5.199917 0.506651 0.000000
v -5.203389 0.506791 0.000000
v -5.206558 0.507213 0.000000
v -5.209426 0.507916 0.000000
v -5.211992 0.508899 0.000000
v -5.214256 0.510164 0.000000
v -5.216218 0.511710 0.000000
v -5.217878 0.513537 0.000000
v -5.219237 0.515645 0.000000
v -5.220294 0.518034 0.000000
v -5.221048 0.520704 0.000000
v -5.221501 0.523655 0.000000
v -5.221653 0.526887 0.000000
v -5.221512 0.528219 0.000000
v -5.221090 0.529718 0.000000
v -5.220387 0.531384 0.000000
v -5.219404 0.533216 0.000000
v -5.218139 0.535215 0.000000
v -5.216593 0.537380 0.000000
v -5.214767 0.539711 0.000000
v -5.212658 0.542210 0.000000
v -5.210269 0.544875 0.000000
v -5.207600 0.547706 0.000000
v -5.204648 0.550704 0.000000
v -5.201416 0.553868 0.000000
v -5.182341 0.573412 0.000000
v -5.163339 0.593570 0.000000
v -5.144409 0.614342 0.000000
v -5.125552 0.635729 0.000000
v -5.106768 0.657729 0.000000
v -5.088057 0.680344 0.000000
v -5.069418 0.703573 0.000000
v -5.050853 0.727416 0.000000
v -5.032361 0.751873 0.000000
v -5.013941 0.776944 0.000000
v -4.995595 0.802629 0.000000
v -4.977321 0.828929 0.000000
v -4.969935 0.840025 0.000000
v -4.962269 0.851830 0.000000
v -4.954321 0.864342 0.000000
v -4.946093 0.877562 0.000000
v -4.937583 0.891490 0.000000
v -4.928792 0.906126 0.000000
v -4.919720 0.921469 0.000000
v -4.910367 0.937521 0.000000
v -4.900733 0.954280 0.000000
v -4.890818 0.971747 0.000000
v -4.880622 0.989922 0.000000
v -4.870144 1.008805 0.000000
v -4.865476 1.017539 0.000000
v -4.861213 1.025752 0.000000
v -4.857357 1.033444 0.000000
v -4.853906 1.040616 0.000000
v -4.850861 1.047268 0.000000
v -4.848222 1.053399 0.000000
v -4.845989 1.059010 0.000000
v -4.844162 1.064100 0.000000
v -4.842741 1.068670 0.000000
v -4.841727 1.072719 0.000000
v -4.841118 1.076248 0.000000
v -4.840915 1.079256 0.000000
v -4.841263 1.084492 0.000000
v -4.842309 1.089708 0.000000
v -4.844053 1.094902 0.000000
v -4.846494 1.100075 0.000000
v -4.849633 1.105228 0.000000
v -4.853468 1.110360 0.000000
v -4.858002 1.115471 0.000000
v -4.863233 1.120561 0.000000
v -4.869161 1.125631 0.000000
v -4.875786 1.130679 0.000000
v -4.883110 1.135707 0.000000
v -4.891130 1.140714 0.000000
v -4.894362 1.142577 0.000000
v -4.897314 1.144420 0.000000
v -4.899984 1.146242 0.000000
v -4.902373 1.148042 0.000000
v -4.904481 1.149822 0.000000
v -4.906308 1.151582 0.000000
v -4.907854 1.153320 0.000000
v -4.909118 1.155038 0.000000
v -4.910102 1.156734 0.000000
v -4.910804 1.158410 0.000000
v -4.911226 1.160065 0.000000
v -4.911366 1.161700 0.000000
v -4.911111 1.165171 0.000000
v -4.910346 1.168341 0.000000
v -4.909070 1.171209 0.000000
v -4.907285 1.173775 0.000000
v -4.904990 1.176039 0.000000
v -4.902184 1.178001 0.000000
v -4.898869 1.179661 0.000000
v -4.895043 1.181020 0.000000
v -4.890708 1.182076 0.000000
v -4.885862 1.182831 0.000000
v -4.880507 1.183284 0.000000
v -4.874641 1.183435 0.000000
v -4.866787 1.183117 0.000000
v -4.858715 1.182165 0.000000
v -4.850424 1.180577 0.000000
v -4.841914 1.178355 0.000000
v -4.833186 1.175497 0.000000
v -4.824239 1.172005 0.000000
v -4.815073 1.167878 0.000000
v -4.805689 1.163115 0.000000
v -4.796086 1.157718 0.000000
v -4.786265 1.151686 0.000000
v -4.776225 1.145018 0.000000
v -4.765966 1.137716 0.000000
v -4.757108 1.131283 0.000000
v -4.749020 1.124975 0.000000
v -4.741702 1.118792 0.000000
v -4.735154 1.112733 0.000000
v -4.729377 1.106800 0.000000
v -4.724370 1.100991 0.000000
v -4.720133 1.095308 0.000000
v -4.716667 1.089749 0.000000
v -4.713971 1.084315 0.000000
v -4.712045 1.079006 0.000000
v -4.710889 1.073822 0.000000
v -4.710505 1.068764 0.000000
v -4.710687 1.064464 0.000000
v -4.711233 1.060311 0.000000
v -4.712144 1.056303 0.000000
v -4.713419 1.052441 0.000000
v -4.715058 1.048725 0.000000
v -4.717062 1.045155 0.000000
v -4.719430 1.041730 0.000000
v -4.722163 1.038451 0.000000
v -4.725260 1.035318 0.000000
v -4.728721 1.032330 0.000000
v -4.732547 1.029488 0.000000
v -4.736737 1.026793 0.000000
v -4.740167 1.024633 0.000000
v -4.743461 1.022400 0.000000
v -4.746620 1.020094 0.000000
v -4.749644 1.017715 0.000000
v -4.752533 1.015264 0.000000
v -4.755286 1.012740 0.000000
v -4.757904 1.010143 0.000000
v -4.760387 1.007473 0.000000
v -4.762734 1.004730 0.000000
v -4.764946 1.001914 0.000000
v -4.767023 0.999025 0.000000
v -4.768964 0.996064 0.000000
v -4.778120 0.981610 0.000000
v -4.787348 0.967229 0.000000
v -4.796649 0.952922 0.000000
v -4.806022 0.938687 0.000000
v -4.815469 0.924525 0.000000
v -4.824988 0.910435 0.000000
v -4.834581 0.896419 0.000000
v -4.844246 0.882475 0.000000
v -4.853984 0.868605 0.000000
v -4.863795 0.854807 0.000000
v -4.873679 0.841082 0.000000
v -4.883636 0.827430 0.000000
v -4.879035 0.825993 0.000000
v -4.874225 0.824682 0.000000
v -4.869208 0.823495 0.000000
v -4.863982 0.822433 0.000000
v -4.858549 0.821496 0.000000
v -4.852907 0.820685 0.000000
v -4.847056 0.819998 0.000000
v -4.840998 0.819435 0.000000
v -4.834732 0.818998 0.000000
v -4.828257 0.818686 0.000000
v -4.821574 0.818499 0.000000
v -4.814683 0.818436 0.000000
v -4.807172 0.818478 0.000000
v -4.799631 0.818603 0.000000
v -4.792058 0.818811 0.000000
v -4.784453 0.819102 0.000000
v -4.776818 0.819477 0.000000
v -4.769151 0.819935 0.000000
v -4.761454 0.820476 0.000000
v -4.753725 0.821101 0.000000
v -4.745965 0.821809 0.000000
v -4.738173 0.822600 0.000000
v -4.730350 0.823474 0.000000
v -4.722497 0.824432 0.000000
v -4.689097 0.828159 0.000000
v -4.655105 0.832093 0.000000
v -4.620520 0.836236 0.000000
v -4.585340 0.840588 0.000000
v -4.549568 0.845147 0.000000
v -4.513203 0.849914 0.000000
v -4.476244 0.854890 0.000000
v -4.438692 0.860074 0.000000
v -4.400546 0.865466 0.000000
v -4.361807 0.871067 0.000000
v -4.322475 0.876875 0.000000
v -4.282549 0.882892 0.000000
v -4.276356 0.883969 0.000000
v -4.270266 0.885203 0.000000
v -4.264281 0.886592 0.000000
v -4.258399 0.888138 0.000000
v -4.252622 0.889840 0.000000
v -4.246949 0.891698 0.000000
v -4.241380 0.893712 0.000000
v -4.235915 0.895883 0.000000
v -4.230554 0.898209 0.000000
v -4.225297 0.900692 0.000000
v -4.220144 0.903331 0.000000
v -4.215096 0.906126 0.000000
v -4.211546 0.908041 0.000000
v -4.207892 0.909790 0.000000
v -4.204134 0.911372 0.000000
v -4.200273 0.912788 0.000000
v -4.196307 0.914037 0.000000
v -4.192236 0.915120 0.000000
v -4.188062 0.916036 0.000000
v -4.183784 0.916785 0.000000
v -4.179401 0.917368 0.000000
v -4.174915 0.917784 0.000000
v -4.170324 0.918034 0.000000
v -4.165630 0.918117 0.000000
v -4.158370 0.917873 0.000000
v -4.150828 0.917139 0.000000
v -4.143005 0.915916 0.000000
v -4.134902 0.914203 0.000000
v -4.126517 0.912002 0.000000
v -4.117851 0.909311 0.000000
v -4.108904 0.906131 0.000000
v -4.099676 0.902462 0.000000
v -4.090167 0.898303 0.000000
v -4.080377 0.893655 0.000000
v -4.070305 0.888518 0.000000
v -4.059953 0.882892 0.000000
v -4.056721 0.880784 0.000000
v -4.053770 0.878457 0.000000
v -4.051100 0.875912 0.000000
v -4.048711 0.873148 0.000000
v -4.046603 0.870166 0.000000
v -4.044776 0.866965 0.000000
v -4.043230 0.863546 0.000000
v -4.041965 0.859908 0.000000
v -4.040982 0.856051 0.000000
v -4.040279 0.851976 0.000000
v -4.039857 0.847682 0.000000
v -4.039717 0.843169 0.000000
v -4.039826 0.841077 0.000000
v -4.040154 0.839047 0.000000
v -4.040700 0.837080 0.000000
v -4.041466 0.835175 0.000000
v -4.042449 0.833332 0.000000
v -4.043652 0.831552 0.000000
v -4.045073 0.829835 0.000000
v -4.046712 0.828179 0.000000
v -4.048570 0.826587 0.000000
v -4.050647 0.825057 0.000000
v -4.052942 0.823589 0.000000
v -4.055456 0.822184 0.000000
v -4.057611 0.821106 0.000000
v -4.059828 0.820122 0.000000
v -4.062108 0.819232 0.000000
v -4.064450 0.818436 0.000000
v -4.066854 0.817734 0.000000
v -4.069322 0.817125 0.000000
v -4.071851 0.816609 0.000000
v -4.074443 0.816188 0.000000
v -4.077098 0.815860 0.000000
v -4.079815 0.815626 0.000000
v -4.082594 0.815485 0.000000
v -4.085435 0.815438 0.000000
v -4.096095 0.815386 0.000000
v -4.107337 0.815230 0.000000
v -4.119162 0.814970 0.000000
v -4.131570 0.814605 0.000000
v -4.144561 0.814137 0.000000
v -4.158135 0.813565 0.000000
v -4.172292 0.812888 0.000000
v -4.187032 0.812107 0.000000
v -4.202355 0.811222 0.000000
v -4.218261 0.810233 0.000000
v -4.234749 0.809140 0.000000
v -4.251821 0.807943 0.000000
v -4.260955 0.807168 0.000000
v -4.270370 0.806340 0.000000
v -4.280066 0.805461 0.000000
v -4.290044 0.804529 0.000000
v -4.300303 0.803545 0.000000
v -4.310842 0.802510 0.000000
v -4.321663 0.801422 0.000000
v -4.332765 0.800282 0.000000
v -4.344147 0.799090 0.000000
v -4.355811 0.797846 0.000000
v -4.367756 0.796550 0.000000
v -4.379982 0.795202 0.000000
v -4.392567 0.793859 0.000000
v -4.404590 0.792579 0.000000
v -4.416051 0.791361 0.000000
v -4.426950 0.790206 0.000000
v -4.437286 0.789113 0.000000
v -4.447061 0.788082 0.000000
v -4.456274 0.787114 0.000000
v -4.464924 0.786208 0.000000
v -4.473012 0.785365 0.000000
v -4.480538 0.784584 0.000000
v -4.487502 0.783866 0.000000
v -4.493904 0.783210 0.000000
v -4.487851 0.779047 0.000000
v -4.481933 0.774800 0.000000
v -4.476151 0.770469 0.000000
v -4.470503 0.766056 0.000000
v -4.464992 0.761559 0.000000
v -4.459615 0.756979 0.000000
v -4.454374 0.752315 0.000000
v -4.449268 0.747568 0.000000
v -4.444297 0.742738 0.000000
v -4.439462 0.737825 0.000000
v -4.434762 0.732828 0.000000
v -4.430198 0.727749 0.000000
v -4.426726 0.723528 0.000000
v -4.423557 0.719359 0.000000
v -4.420689 0.715242 0.000000
v -4.418123 0.711177 0.000000
v -4.415859 0.707164 0.000000
v -4.413897 0.703203 0.000000
v -4.412237 0.699294 0.000000
v -4.410878 0.695438 0.000000
v -4.409822 0.691633 0.000000
v -4.409067 0.687880 0.000000
v -4.408614 0.684180 0.000000
v -4.408463 0.680531 0.000000
v -4.408577 0.676841 0.000000
v -4.408920 0.673265 0.000000
v -4.409493 0.669804 0.000000
v -4.410295 0.666457 0.000000
v -4.411325 0.663225 0.000000
v -4.412584 0.660108 0.000000
v -4.414073 0.657105 0.000000
v -4.415791 0.654216 0.000000
v -4.417737 0.651442 0.000000
v -4.419912 0.648782 0.000000
v -4.422317 0.646237 0.000000
v -4.424951 0.643806 0.000000
v -4.427356 0.641246 0.000000
v -4.429823 0.638310 0.000000
v -4.432353 0.635000 0.000000
v -4.434945 0.631315 0.000000
v -4.437599 0.627255 0.000000
v -4.440316 0.622821 0.000000
v -4.443096 0.618012 0.000000
v -4.445938 0.612828 0.000000
v -4.448842 0.607269 0.000000
v -4.451809 0.601336 0.000000
v -4.454838 0.595028 0.000000
v -4.457929 0.588345 0.000000
v -4.490245 0.518601 0.000000
v -4.525237 0.451772 0.000000
v -4.562903 0.387858 0.000000
v -4.603245 0.326858 0.000000
v -4.646263 0.268773 0.000000
v -4.691955 0.213603 0.000000
v -4.740323 0.161347 0.000000
v -4.791366 0.112006 0.000000
v -4.845084 0.065580 0.000000
v -4.901477 0.022068 0.000000
v -4.960546 -0.018529 -0.000000
v -5.022290 -0.056211 -0.000000
v -5.023778 -0.056930 -0.000000
v -5.025246 -0.057585 -0.000000
v -5.026693 -0.058179 -0.000000
v -5.028119 -0.058710 -0.000000
v -5.029524 -0.059178 -0.000000
v -5.030909 -0.059584 -0.000000
v -5.032272 -0.059927 -0.000000
v -5.033615 -0.060209 -0.000000
v -5.034937 -0.060427 -0.000000
v -5.036238 -0.060583 -0.000000
v -5.037519 -0.060677 -0.000000
v -5.038778 -0.060708 -0.000000
v -5.040028 -0.060656 -0.000000
v -5.041277 -0.060500 -0.000000
v -5.042526 -0.060240 -0.000000
v -5.043776 -0.059875 -0.000000
v -5.045025 -0.059407 -0.000000
v -5.046274 -0.058834 -0.000000
v -5.047523 -0.058158 -0.000000
v -5.048773 -0.057377 -0.000000
v -5.050022 -0.056492 -0.000000
v -5.051271 -0.055503 -0.000000
v -5.052521 -0.054410 -0.000000
v -5.053768 -0.053213 -0.000000
v -5.054845 -0.052209 -0.000000
v -5.055829 -0.051194 -0.000000
v -5.056719 -0.050169 -0.000000
v -5.057516 -0.049133 -0.000000
v -5.058218 -0.048087 -0.000000
v -5.058827 -0.047030 -0.000000
v -5.059343 -0.045963 -0.000000
v -5.059764 -0.044886 -0.000000
v -5.060092 -0.043798 -0.000000
v -5.060327 -0.042700 -0.000000
v -5.060467 -0.041591 -0.000000
v -5.060513 -0.040472 -0.000000
v -5.060441 -0.039213 -0.000000
v -5.060222 -0.037932 -0.000000
v -5.059858 -0.036631 -0.000000
v -5.059348 -0.035309 -0.000000
v -5.058692 -0.033966 -0.000000
v -5.057890 -0.032603 -0.000000
v -5.056943 -0.031218 -0.000000
v -5.055850 -0.029813 -0.000000
v -5.054611 -0.028387 -0.000000
v -5.053227 -0.026940 -0.000000
v -5.051697 -0.025472 -0.000000
v -5.050021 -0.023983 -0.000000
v -4.992998 0.021485 0.000000
v -4.938598 0.068703 0.000000
v -4.886821 0.117669 0.000000
v -4.837667 0.168384 0.000000
v -4.791137 0.220848 0.000000
v -4.747230 0.275061 0.000000
v -4.705945 0.331022 0.000000
v -4.667284 0.388732 0.000000
v -4.631247 0.448191 0.000000
v -4.597832 0.509399 0.000000
v -4.567041 0.572356 0.000000
v -4.538873 0.637061 0.000000
v -4.536718 0.642651 0.000000
v -4.534750 0.648178 0.000000
v -4.532970 0.653643 0.000000
v -4.531378 0.659046 0.000000
v -4.529973 0.664386 0.000000
v -4.528755 0.669664 0.000000
v -4.527724 0.674879 0.000000
v -4.526881 0.680031 0.000000
v -4.526226 0.685122 0.000000
v -4.525757 0.690149 0.000000
v -4.525476 0.695115 0.000000
v -4.525382 0.700018 0.000000
v -4.525668 0.707424 0.000000
v -4.526527 0.714653 0.000000
v -4.527958 0.721706 0.000000
v -4.529962 0.728581 0.000000
v -4.532538 0.735280 0.000000
v -4.535687 0.741801 0.000000
v -4.539409 0.748146 0.000000
v -4.543703 0.754314 0.000000
v -4.548569 0.760304 0.000000
v -4.554008 0.766118 0.000000
v -4.560019 0.771755 0.000000
v -4.566604 0.777215 0.000000
v -4.571970 0.776699 0.000000
v -4.577576 0.776153 0.000000
v -4.583421 0.775575 0.000000
v -4.589505 0.774966 0.000000
v -4.595829 0.774326 0.000000
v -4.602392 0.773654 0.000000
v -4.609195 0.772952 0.000000
v -4.616237 0.772218 0.000000
v -4.623518 0.771453 0.000000
v -4.631039 0.770657 0.000000
v -4.638799 0.769829 0.000000
v -4.646799 0.768970 0.000000
v -4.656818 0.767763 0.000000
v -4.666140 0.766639 0.000000
v -4.674764 0.765598 0.000000
v -4.682691 0.764640 0.000000
v -4.689920 0.763766 0.000000
v -4.696452 0.762974 0.000000
v -4.702286 0.762267 0.000000
v -4.707423 0.761642 0.000000
v -4.711863 0.761101 0.000000
v -4.715605 0.760643 0.000000
v -4.718650 0.760268 0.000000
v -4.720997 0.759976 0.000000
v -4.725546 0.759581 0.000000
v -4.729949 0.759144 0.000000
v -4.734207 0.758665 0.000000
v -4.738319 0.758144 0.000000
v -4.742285 0.757582 0.000000
v -4.746105 0.756978 0.000000
v -4.749780 0.756333 0.000000
v -4.753308 0.755646 0.000000
v -4.756691 0.754917 0.000000
v -4.759929 0.754147 0.000000
v -4.763021 0.753335 0.000000
v -4.765966 0.752482 0.000000
v -4.769677 0.751284 0.000000
v -4.773315 0.750191 0.000000
v -4.776881 0.749203 0.000000
v -4.780373 0.748318 0.000000
v -4.783792 0.747537 0.000000
v -4.787139 0.746860 0.000000
v -4.790413 0.746288 0.000000
v -4.793614 0.745819 0.000000
v -4.796742 0.745455 0.000000
v -4.799797 0.745195 0.000000
v -4.802779 0.745039 0.000000
v -4.805689 0.744987 0.000000
v -4.812825 0.745304 0.000000
v -4.820241 0.746257 0.000000
v -4.827940 0.747844 0.000000
v -4.835918 0.750067 0.000000
v -4.844178 0.752924 0.000000
v -4.852719 0.756416 0.000000
v -4.861541 0.760544 0.000000
v -4.870645 0.765306 0.000000
v -4.880029 0.770703 0.000000
v -4.889694 0.776736 0.000000
v -4.899640 0.783403 0.000000
vn -0.0000 -0.0000 1.0000
vt 0.466667 0.000000
vt 0.477778 0.000000
vt 0.472222 0.000000
vt 0.483333 0.000000
vt 0.461111 0.000000
vt 0.488889 0.000000
vt 0.455556 0.000000
vt 0.494444 0.000000
vt 0.450000 0.000000
vt 0.500000 0.000000
vt 0.444444 0.000000
vt 0.505556 0.000000
vt 0.438889 0.000000
vt 0.511111 0.000000
vt 0.433333 0.000000
vt 0.516667 0.000000
vt 0.427778 0.000000
vt 0.522222 0.000000
vt 0.422222 0.000000
vt 0.527778 0.000000
vt 0.416667 0.000000
vt 0.533333 0.000000
vt 0.538889 0.000000
vt 0.411111 0.000000
vt 0.866667 0.000000
vt 0.877778 0.000000
vt 0.872222 0.000000
vt 0.861111 0.000000
vt 0.883333 0.000000
vt 0.855556 0.000000
vt 0.888889 0.000000
vt 0.850000 0.000000
vt 0.894444 0.000000
vt 0.844444 0.000000
vt 0.900000 0.000000
vt 0.838889 0.000000
vt 0.905556 0.000000
vt 0.544444 0.000000
vt 0.833333 0.000000
vt 0.405556 0.000000
vt 0.911111 0.000000
vt 0.827778 0.000000
vt 0.916667 0.000000
vt 0.822222 0.000000
vt 0.922222 0.000000
vt 0.816667 0.000000
vt 0.400000 0.000000
vt 0.811111 0.000000
vt 0.927778 0.000000
vt 0.805556 0.000000
vt 0.933333 0.000000
vt 0.800000 0.000000
vt 0.550000 0.000000
vt 0.938889 0.000000
vt 0.394444 0.000000
vt 0.794444 0.000000
vt 0.944444 0.000000
vt 0.788889 0.000000
vt 0.783333 0.000000
vt 0.388889 0.000000
vt 0.950000 0.000000
vt 0.777778 0.000000
vt 0.555556 0.000000
vt 0.772222 0.000000
vt 0.766667 0.000000
vt 0.761111 0.000000
vt 0.383333 0.000000
vt 0.955556 0.000000
vt 0.755556 0.000000
vt 0.750000 0.000000
vt 0.744444 0.000000
vt 0.738889 0.000000
vt 0.733333 0.000000
vt 0.727778 0.000000
vt 0.561111 0.000000
vt 0.722222 0.000000
vt 0.716667 0.000000
vt 0.961111 0.000000
vt 0.711111 0.000000
vt 0.377778 0.000000
vt 0.705556 0.000000
vt 0.700000 0.000000
vt 0.566667 0.000000
vt 0.966667 0.000000
vt 0.694444 0.000000
vt 0.372222 0.000000
vt 0.688889 0.000000
vt 0.572222 0.000000
vt 0.972222 0.000000
vt 0.683333 0.000000
vt 0.677778 0.000000
vt 0.366667 0.000000
vt 0.577778 0.000000
vt 0.977778 0.000000
vt 0.672222 0.000000
vt 0.583333 0.000000
vt 0.666667 0.000000
vt 0.983333 0.000000
vt 0.361111 0.000000
vt 0.661111 0.000000
vt 0.588889 0.000000
vt 0.655556 0.000000
vt 0.650000 0.000000
vt 0.644444 0.000000
vt 0.594444 0.000000
vt 0.638889 0.000000
vt 0.988889 0.000000
vt 0.633333 0.000000
vt 0.600000 0.000000
vt 0.627778 0.000000
vt 0.622222 0.000000
vt 0.616667 0.000000
vt 0.605556 0.000000
vt 0.355556 0.000000
vt 0.611111 0.000000
vt 0.994444 0.000000
vt 0.350000 0.000000
vt 1.000000 0.000000
vt 0.000000 0.000000
vt 0.344444 0.000000
vt 0.005556 0.000000
vt 0.338889 0.000000
vt 0.011111 0.000000
vt 0.016667 0.000000
vt 0.333333 0.000000
vt 0.022222 0.000000
vt 0.027778 0.000000
vt 0.033333 0.000000
vt 0.327778 0.000000
vt 0.077778 0.000000
vt 0.072222 0.000000
vt 0.038889 0.000000
vt 0.044444 0.000000
vt 0.066667 0.000000
vt 0.083333 0.000000
vt 0.088889 0.000000
vt 0.094444 0.000000
vt 0.050000 0.000000
vt 0.100000 0.000000
vt 0.055556 0.000000
vt 0.061111 0.000000
vt 0.105556 0.000000
vt 0.111111 0.000000
vt 0.322222 0.000000
vt 0.116667 0.000000
vt 0.122222 0.000000
vt 0.127778 0.000000
vt 0.316667 0.000000
vt 0.133333 0.000000
vt 0.138889 0.000000
vt 0.311111 0.000000
vt 0.144444 0.000000
vt 0.150000 0.000000
vt 0.155556 0.000000
vt 0.161111 0.000000
vt 0.166667 0.000000
vt 0.305556 0.000000
vt 0.172222 0.000000
vt 0.177778 0.000000
vt 0.183333 0.000000
vt 0.188889 0.000000
vt 0.300000 0.000000
vt 0.194444 0.000000
vt 0.200000 0.000000
vt 0.205556 0.000000
vt 0.294444 0.000000
vt 0.211111 0.000000
vt 0.216667 0.000000
vt 0.288889 0.000000
vt 0.222222 0.000000
vt 0.227778 0.000000
vt 0.233333 0.000000
vt 0.283333 0.000000
vt 0.238889 0.000000
vt 0.244444 0.000000
vt 0.277778 0.000000
vt 0.250000 0.000000
vt 0.255556 0.000000
vt 0.261111 0.000000
vt 0.272222 0.000000
vt 0.266667 0.000000
vt 0.554731 0.000000
vt 0.358070 0.000000
vt 0.356215 0.000000
vt 0.359926 0.000000
vt 0.552876 0.000000
vt 0.361781 0.000000
vt 0.363636 0.000000
vt 0.551020 0.000000
vt 0.365492 0.000000
vt 0.367347 0.000000
vt 0.549165 0.000000
vt 0.369202 0.000000
vt 0.371058 0.000000
vt 0.547310 0.000000
vt 0.372913 0.000000
vt 0.374768 0.000000
vt 0.545455 0.000000
vt 0.376623 0.000000
vt 0.543599 0.000000
vt 0.378479 0.000000
vt 0.380334 0.000000
vt 0.541744 0.000000
vt 0.539889 0.000000
vt 0.382189 0.000000
vt 0.538033 0.000000
vt 0.384045 0.000000
vt 0.536178 0.000000
vt 0.534323 0.000000
vt 0.385900 0.000000
vt 0.532468 0.000000
vt 0.530612 0.000000
vt 0.387755 0.000000
vt 0.528757 0.000000
vt 0.526902 0.000000
vt 0.389610 0.000000
vt 0.525046 0.000000
vt 0.523191 0.000000
vt 0.521336 0.000000
vt 0.391466 0.000000
vt 0.519481 0.000000
vt 0.517625 0.000000
vt 0.515770 0.000000
vt 0.513915 0.000000
vt 0.393321 0.000000
vt 0.512059 0.000000
vt 0.510204 0.000000
vt 0.395176 0.000000
vt 0.397032 0.000000
vt 0.508349 0.000000
vt 0.398887 0.000000
vt 0.506494 0.000000
vt 0.400742 0.000000
vt 0.402597 0.000000
vt 0.504638 0.000000
vt 0.404453 0.000000
vt 0.502783 0.000000
vt 0.406308 0.000000
vt 0.500928 0.000000
vt 0.408163 0.000000
vt 0.499072 0.000000
vt 0.410019 0.000000
vt 0.732839 0.000000
vt 0.558442 0.000000
vt 0.556586 0.000000
vt 0.560297 0.000000
vt 0.562152 0.000000
vt 0.564007 0.000000
vt 0.730983 0.000000
vt 0.565863 0.000000
vt 0.567718 0.000000
vt 0.569573 0.000000
vt 0.729128 0.000000
vt 0.571429 0.000000
vt 0.411874 0.000000
vt 0.573284 0.000000
vt 0.575139 0.000000
vt 0.576994 0.000000
vt 0.727273 0.000000
vt 0.578850 0.000000
vt 0.580705 0.000000
vt 0.725417 0.000000
vt 0.497217 0.000000
vt 0.723562 0.000000
vt 0.721707 0.000000
vt 0.582560 0.000000
vt 0.719852 0.000000
vt 0.717996 0.000000
vt 0.413729 0.000000
vt 0.716141 0.000000
vt 0.584416 0.000000
vt 0.714286 0.000000
vt 0.495362 0.000000
vt 0.712430 0.000000
vt 0.586271 0.000000
vt 0.415584 0.000000
vt 0.710575 0.000000
vt 0.708720 0.000000
vt 0.588126 0.000000
vt 0.706865 0.000000
vt 0.705009 0.000000
vt 0.703154 0.000000
vt 0.701299 0.000000
vt 0.493506 0.000000
vt 0.589981 0.000000
vt 0.699443 0.000000
vt 0.417440 0.000000
vt 0.697588 0.000000
vt 0.695733 0.000000
vt 0.693878 0.000000
vt 0.591837 0.000000
vt 0.692022 0.000000
vt 0.690167 0.000000
vt 0.688312 0.000000
vt 0.419295 0.000000
vt 0.593692 0.000000
vt 0.491651 0.000000
vt 0.595547 0.000000
vt 0.421150 0.000000
vt 0.686456 0.000000
vt 0.597403 0.000000
vt 0.489796 0.000000
vt 0.423006 0.000000
vt 0.599258 0.000000
vt 0.684601 0.000000
vt 0.601113 0.000000
vt 0.487941 0.000000
vt 0.424861 0.000000
vt 0.682746 0.000000
vt 0.426716 0.000000
vt 0.602968 0.000000
vt 0.428571 0.000000
vt 0.486085 0.000000
vt 0.430427 0.000000
vt 0.432282 0.000000
vt 0.484230 0.000000
vt 0.680891 0.000000
vt 0.604824 0.000000
vt 0.434137 0.000000
vt 0.435993 0.000000
vt 0.482375 0.000000
vt 0.437848 0.000000
vt 0.606679 0.000000
vt 0.439703 0.000000
vt 0.480519 0.000000
vt 0.679035 0.000000
vt 0.441558 0.000000
vt 0.478664 0.000000
vt 0.443414 0.000000
vt 0.445269 0.000000
vt 0.476809 0.000000
vt 0.608534 0.000000
vt 0.447124 0.000000
vt 0.448980 0.000000
vt 0.677180 0.000000
vt 0.474954 0.000000
vt 0.450835 0.000000
vt 0.452690 0.000000
vt 0.473098 0.000000
vt 0.454545 0.000000
vt 0.456401 0.000000
vt 0.471243 0.000000
vt 0.458256 0.000000
vt 0.460111 0.000000
vt 0.610390 0.000000
vt 0.469388 0.000000
vt 0.461967 0.000000
vt 0.463822 0.000000
vt 0.467532 0.000000
vt 0.465677 0.000000
vt 0.675325 0.000000
vt 0.612245 0.000000
vt 0.673469 0.000000
vt 0.614100 0.000000
vt 0.615955 0.000000
vt 0.671614 0.000000
vt 0.617811 0.000000
vt 0.669759 0.000000
vt 0.619666 0.000000
vt 0.667904 0.000000
vt 0.621521 0.000000
vt 0.623377 0.000000
vt 0.666048 0.000000
vt 0.625232 0.000000
vt 0.664193 0.000000
vt 0.627087 0.000000
vt 0.662338 0.000000
vt 0.628942 0.000000
vt 0.660482 0.000000
vt 0.630798 0.000000
vt 0.658627 0.000000
vt 0.632653 0.000000
vt 0.656772 0.000000
vt 0.634508 0.000000
vt 0.654917 0.000000
vt 0.636364 0.000000
vt 0.653061 0.000000
vt 0.638219 0.000000
vt 0.651206 0.000000
vt 0.640074 0.000000
vt 0.649351 0.000000
vt 0.641930 0.000000
vt 0.647495 0.000000
vt 0.643785 0.000000
vt 0.645640 0.000000
vt 0.777366 0.000000
vt 0.781076 0.000000
vt 0.779221 0.000000
vt 0.782931 0.000000
vt 0.775510 0.000000
vt 0.784787 0.000000
vt 0.773655 0.000000
vt 0.786642 0.000000
vt 0.771800 0.000000
vt 0.788497 0.000000
vt 0.769944 0.000000
vt 0.790353 0.000000
vt 0.768089 0.000000
vt 0.792208 0.000000
vt 0.766234 0.000000
vt 0.794063 0.000000
vt 0.764378 0.000000
vt 0.795918 0.000000
vt 0.762523 0.000000
vt 0.797774 0.000000
vt 0.760668 0.000000
vt 0.799629 0.000000
vt 0.758813 0.000000
vt 0.801484 0.000000
vt 0.756957 0.000000
vt 0.803340 0.000000
vt 0.755102 0.000000
vt 0.753247 0.000000
vt 0.751391 0.000000
vt 0.749536 0.000000
vt 0.805195 0.000000
vt 0.747681 0.000000
vt 0.745826 0.000000
vt 0.743970 0.000000
vt 0.742115 0.000000
vt 0.807050 0.000000
vt 0.740260 0.000000
vt 0.738404 0.000000
vt 0.736549 0.000000
vt 0.734694 0.000000
vt 0.808905 0.000000
vt 0.810761 0.000000
vt 0.998145 0.000000
vt 0.996289 0.000000
vt 0.812616 0.000000
vt 0.994434 0.000000
vt 0.814471 0.000000
vt 0.992579 0.000000
vt 0.816327 0.000000
vt 0.990724 0.000000
vt 0.818182 0.000000
vt 0.988868 0.000000
vt 0.820037 0.000000
vt 0.987013 0.000000
vt 0.821892 0.000000
vt 0.985158 0.000000
vt 0.983302 0.000000
vt 0.823748 0.000000
vt 0.981447 0.000000
vt 0.825603 0.000000
vt 0.827458 0.000000
vt 0.979592 0.000000
vt 0.829314 0.000000
vt 0.977737 0.000000
vt 0.831169 0.000000
vt 0.833024 0.000000
vt 0.975881 0.000000
vt 0.834879 0.000000
vt 0.836735 0.000000
vt 0.974026 0.000000
vt 0.838590 0.000000
vt 0.840445 0.000000
vt 0.972171 0.000000
vt 0.842301 0.000000
vt 0.970315 0.000000
vt 0.844156 0.000000
vt 0.846011 0.000000
vt 0.968460 0.000000
vt 0.847866 0.000000
vt 0.966605 0.000000
vt 0.849722 0.000000
vt 0.851577 0.000000
vt 0.964750 0.000000
vt 0.853432 0.000000
vt 0.855288 0.000000
vt 0.962894 0.000000
vt 0.857143 0.000000
vt 0.858998 0.000000
vt 0.961039 0.000000
vt 0.860853 0.000000
vt 0.862709 0.000000
vt 0.959184 0.000000
vt 0.864564 0.000000
vt 0.866419 0.000000
vt 0.868275 0.000000
vt 0.957328 0.000000
vt 0.870130 0.000000
vt 0.871985 0.000000
vt 0.873840 0.000000
vt 0.875696 0.000000
vt 0.955473 0.000000
vt 0.877551 0.000000
vt 0.953618 0.000000
vt 0.879406 0.000000
vt 0.951762 0.000000
vt 0.881262 0.000000
vt 0.949907 0.000000
vt 0.883117 0.000000
vt 0.948052 0.000000
vt 0.884972 0.000000
vt 0.946197 0.000000
vt 0.886827 0.000000
vt 0.944341 0.000000
vt 0.888683 0.000000
vt 0.942486 0.000000
vt 0.890538 0.000000
vt 0.940631 0.000000
vt 0.892393 0.000000
vt 0.938776 0.000000
vt 0.936920 0.000000
vt 0.894249 0.000000
vt 0.935065 0.000000
vt 0.896104 0.000000
vt 0.933210 0.000000
vt 0.897959 0.000000
vt 0.931354 0.000000
vt 0.929499 0.000000
vt 0.899814 0.000000
vt 0.927644 0.000000
vt 0.901670 0.000000
vt 0.925789 0.000000
vt 0.903525 0.000000
vt 0.923933 0.000000
vt 0.905380 0.000000
vt 0.922078 0.000000
vt 0.920223 0.000000
vt 0.907236 0.000000
vt 0.918367 0.000000
vt 0.909091 0.000000
vt 0.916512 0.000000
vt 0.910946 0.000000
vt 0.914657 0.000000
vt 0.912802 0.000000
vt 0.064935 0.000000
vt 0.068646 0.000000
vt 0.066790 0.000000
vt 0.063080 0.000000
vt 0.070501 0.000000
vt 0.061224 0.000000
vt 0.072356 0.000000
vt 0.059369 0.000000
vt 0.074212 0.000000
vt 0.057514 0.000000
vt 0.076067 0.000000
vt 0.055659 0.000000
vt 0.053803 0.000000
vt 0.077922 0.000000
vt 0.051948 0.000000
vt 0.079777 0.000000
vt 0.050093 0.000000
vt 0.081633 0.000000
vt 0.048237 0.000000
vt 0.083488 0.000000
vt 0.046382 0.000000
vt 0.044527 0.000000
vt 0.085343 0.000000
vt 0.042672 0.000000
vt 0.087199 0.000000
vt 0.040816 0.000000
vt 0.038961 0.000000
vt 0.089054 0.000000
vt 0.037106 0.000000
vt 0.035250 0.000000
vt 0.033395 0.000000
vt 0.090909 0.000000
vt 0.031540 0.000000
vt 0.029685 0.000000
vt 0.027829 0.000000
vt 0.092764 0.000000
vt 0.025974 0.000000
vt 0.024119 0.000000
vt 0.022263 0.000000
vt 0.094620 0.000000
vt 0.020408 0.000000
vt 0.096475 0.000000
vt 0.018553 0.000000
vt 0.098330 0.000000
vt 0.016698 0.000000
vt 0.100186 0.000000
vt 0.102041 0.000000
vt 0.014842 0.000000
vt 0.103896 0.000000
vt 0.012987 0.000000
vt 0.105751 0.000000
vt 0.011132 0.000000
vt 0.107607 0.000000
vt 0.009276 0.000000
vt 0.109462 0.000000
vt 0.007421 0.000000
vt 0.111317 0.000000
vt 0.005566 0.000000
vt 0.113173 0.000000
vt 0.003711 0.000000
vt 0.115028 0.000000
vt 0.001855 0.000000
vt 0.116883 0.000000
vt 0.354360 0.000000
vt 0.118738 0.000000
vt 0.352505 0.000000
vt 0.120594 0.000000
vt 0.350649 0.000000
vt 0.122449 0.000000
vt 0.348794 0.000000
vt 0.124304 0.000000
vt 0.346939 0.000000
vt 0.126160 0.000000
vt 0.345083 0.000000
vt 0.128015 0.000000
vt 0.343228 0.000000
vt 0.129870 0.000000
vt 0.341373 0.000000
vt 0.131725 0.000000
vt 0.133581 0.000000
vt 0.339518 0.000000
vt 0.135436 0.000000
vt 0.337662 0.000000
vt 0.137291 0.000000
vt 0.335807 0.000000
vt 0.139147 0.000000
vt 0.141002 0.000000
vt 0.333952 0.000000
vt 0.142857 0.000000
vt 0.144712 0.000000
vt 0.332096 0.000000
vt 0.146568 0.000000
vt 0.148423 0.000000
vt 0.150278 0.000000
vt 0.152134 0.000000
vt 0.330241 0.000000
vt 0.153989 0.000000
vt 0.155844 0.000000
vt 0.157699 0.000000
vt 0.159555 0.000000
vt 0.161410 0.000000
vt 0.163265 0.000000
vt 0.165121 0.000000
vt 0.166976 0.000000
vt 0.168831 0.000000
vt 0.170686 0.000000
vt 0.172542 0.000000
vt 0.174397 0.000000
vt 0.328386 0.000000
vt 0.176252 0.000000
vt 0.178108 0.000000
vt 0.179963 0.000000
vt 0.326531 0.000000
vt 0.181818 0.000000
vt 0.324675 0.000000
vt 0.322820 0.000000
vt 0.183673 0.000000
vt 0.320965 0.000000
vt 0.185529 0.000000
vt 0.319109 0.000000
vt 0.187384 0.000000
vt 0.317254 0.000000
vt 0.315399 0.000000
vt 0.189239 0.000000
vt 0.313544 0.000000
vt 0.191095 0.000000
vt 0.311688 0.000000
vt 0.192950 0.000000
vt 0.309833 0.000000
vt 0.194805 0.000000
vt 0.307978 0.000000
vt 0.196660 0.000000
vt 0.306122 0.000000
vt 0.198516 0.000000
vt 0.200371 0.000000
vt 0.304267 0.000000
vt 0.202226 0.000000
vt 0.302412 0.000000
vt 0.204082 0.000000
vt 0.300557 0.000000
vt 0.205937 0.000000
vt 0.298701 0.000000
vt 0.207792 0.000000
vt 0.296846 0.000000
vt 0.209647 0.000000
vt 0.294991 0.000000
vt 0.211503 0.000000
vt 0.293135 0.000000
vt 0.213358 0.000000
vt 0.291280 0.000000
vt 0.215213 0.000000
vt 0.289425 0.000000
vt 0.217069 0.000000
vt 0.287570 0.000000
vt 0.285714 0.000000
vt 0.283859 0.000000
vt 0.218924 0.000000
vt 0.282004 0.000000
vt 0.280148 0.000000
vt 0.278293 0.000000
vt 0.276438 0.000000
vt 0.274583 0.000000
vt 0.272727 0.000000
vt 0.220779 0.000000
vt 0.270872 0.000000
vt 0.269017 0.000000
vt 0.267161 0.000000
vt 0.265306 0.000000
vt 0.222635 0.000000
vt 0.263451 0.000000
vt 0.261596 0.000000
vt 0.259740 0.000000
vt 0.257885 0.000000
vt 0.224490 0.000000
vt 0.256030 0.000000
vt 0.226345 0.000000
vt 0.254174 0.000000
vt 0.228200 0.000000
vt 0.230056 0.000000
vt 0.252319 0.000000
vt 0.231911 0.000000
vt 0.233766 0.000000
vt 0.250464 0.000000
vt 0.235622 0.000000
vt 0.248609 0.000000
vt 0.237477 0.000000
vt 0.239332 0.000000
vt 0.246753 0.000000
vt 0.241187 0.000000
vt 0.243043 0.000000
vt 0.244898 0.000000
vt 0.908953 0.000000
vt 0.911988 0.000000
vt 0.910470 0.000000
vt 0.907436 0.000000
vt 0.913505 0.000000
vt 0.905918 0.000000
vt 0.915023 0.000000
vt 0.904401 0.000000
vt 0.916540 0.000000
vt 0.902883 0.000000
vt 0.918058 0.000000
vt 0.901366 0.000000
vt 0.919575 0.000000
vt 0.899848 0.000000
vt 0.921093 0.000000
vt 0.898331 0.000000
vt 0.922610 0.000000
vt 0.896813 0.000000
vt 0.924127 0.000000
vt 0.895296 0.000000
vt 0.893778 0.000000
vt 0.925645 0.000000
vt 0.892261 0.000000
vt 0.927162 0.000000
vt 0.890744 0.000000
vt 0.928680 0.000000
vt 0.889226 0.000000
vt 0.887709 0.000000
vt 0.886191 0.000000
vt 0.930197 0.000000
vt 0.884674 0.000000
vt 0.883156 0.000000
vt 0.881639 0.000000
vt 0.931715 0.000000
vt 0.880121 0.000000
vt 0.878604 0.000000
vt 0.877087 0.000000
vt 0.933232 0.000000
vt 0.875569 0.000000
vt 0.874052 0.000000
vt 0.872534 0.000000
vt 0.934750 0.000000
vt 0.871017 0.000000
vt 0.869499 0.000000
vt 0.936267 0.000000
vt 0.867982 0.000000
vt 0.866464 0.000000
vt 0.864947 0.000000
vt 0.863429 0.000000
vt 0.937784 0.000000
vt 0.861912 0.000000
vt 0.860395 0.000000
vt 0.858877 0.000000
vt 0.857360 0.000000
vt 0.855842 0.000000
vt 0.854325 0.000000
vt 0.939302 0.000000
vt 0.852807 0.000000
vt 0.851290 0.000000
vt 0.849772 0.000000
vt 0.940819 0.000000
vt 0.848255 0.000000
vt 0.846738 0.000000
vt 0.845220 0.000000
vt 0.942337 0.000000
vt 0.843703 0.000000
vt 0.842185 0.000000
vt 0.943854 0.000000
vt 0.840668 0.000000
vt 0.839150 0.000000
vt 0.945372 0.000000
vt 0.837633 0.000000
vt 0.946889 0.000000
vt 0.836115 0.000000
vt 0.834598 0.000000
vt 0.833080 0.000000
vt 0.948407 0.000000
vt 0.831563 0.000000
vt 0.949924 0.000000
vt 0.951442 0.000000
vt 0.830046 0.000000
vt 0.952959 0.000000
vt 0.828528 0.000000
vt 0.954476 0.000000
vt 0.827011 0.000000
vt 0.955994 0.000000
vt 0.825493 0.000000
vt 0.957511 0.000000
vt 0.823976 0.000000
vt 0.959029 0.000000
vt 0.960546 0.000000
vt 0.822458 0.000000
vt 0.962064 0.000000
vt 0.820941 0.000000
vt 0.963581 0.000000
vt 0.965099 0.000000
vt 0.819423 0.000000
vt 0.966616 0.000000
vt 0.968134 0.000000
vt 0.817906 0.000000
vt 0.969651 0.000000
vt 0.971168 0.000000
vt 0.972686 0.000000
vt 0.974203 0.000000
vt 0.816388 0.000000
vt 0.975721 0.000000
vt 0.977238 0.000000
vt 0.978756 0.000000
vt 0.814871 0.000000
vt 0.980273 0.000000
vt 0.981791 0.000000
vt 0.983308 0.000000
vt 0.813354 0.000000
vt 0.984825 0.000000
vt 0.986343 0.000000
vt 0.811836 0.000000
vt 0.987860 0.000000
vt 0.989378 0.000000
vt 0.810319 0.000000
vt 0.990895 0.000000
vt 0.808801 0.000000
vt 0.992413 0.000000
vt 0.993930 0.000000
vt 0.807284 0.000000
vt 0.995448 0.000000
vt 0.805766 0.000000
vt 0.996965 0.000000
vt 0.804249 0.000000
vt 0.998483 0.000000
vt 0.053111 0.000000
vt 0.056146 0.000000
vt 0.054628 0.000000
vt 0.051593 0.000000
vt 0.057663 0.000000
vt 0.050076 0.000000
vt 0.059181 0.000000
vt 0.048558 0.000000
vt 0.802731 0.000000
vt 0.060698 0.000000
vt 0.047041 0.000000
vt 0.062215 0.000000
vt 0.045524 0.000000
vt 0.063733 0.000000
vt 0.044006 0.000000
vt 0.065250 0.000000
vt 0.042489 0.000000
vt 0.066768 0.000000
vt 0.040971 0.000000
vt 0.068285 0.000000
vt 0.039454 0.000000
vt 0.037936 0.000000
vt 0.069803 0.000000
vt 0.036419 0.000000
vt 0.071320 0.000000
vt 0.034901 0.000000
vt 0.072838 0.000000
vt 0.033384 0.000000
vt 0.031866 0.000000
vt 0.030349 0.000000
vt 0.028832 0.000000
vt 0.074355 0.000000
vt 0.027314 0.000000
vt 0.025797 0.000000
vt 0.024279 0.000000
vt 0.075873 0.000000
vt 0.022762 0.000000
vt 0.801214 0.000000
vt 0.021244 0.000000
vt 0.019727 0.000000
vt 0.018209 0.000000
vt 0.077390 0.000000
vt 0.016692 0.000000
vt 0.015175 0.000000
vt 0.726859 0.000000
vt 0.729894 0.000000
vt 0.728376 0.000000
vt 0.725341 0.000000
vt 0.731411 0.000000
vt 0.723824 0.000000
vt 0.732929 0.000000
vt 0.013657 0.000000
vt 0.722307 0.000000
vt 0.734446 0.000000
vt 0.078907 0.000000
vt 0.720789 0.000000
vt 0.012140 0.000000
vt 0.735964 0.000000
vt 0.719272 0.000000
vt 0.010622 0.000000
vt 0.737481 0.000000
vt 0.717754 0.000000
vt 0.009105 0.000000
vt 0.080425 0.000000
vt 0.738998 0.000000
vt 0.716237 0.000000
vt 0.007587 0.000000
vt 0.714719 0.000000
vt 0.006070 0.000000
vt 0.740516 0.000000
vt 0.004552 0.000000
vt 0.081942 0.000000
vt 0.713202 0.000000
vt 0.742033 0.000000
vt 0.003035 0.000000
vt 0.711684 0.000000
vt 0.001517 0.000000
vt 0.743551 0.000000
vt 0.083460 0.000000
vt 0.710167 0.000000
vt 0.745068 0.000000
vt 0.708649 0.000000
vt 0.084977 0.000000
vt 0.746586 0.000000
vt 0.748103 0.000000
vt 0.086495 0.000000
vt 0.707132 0.000000
vt 0.799697 0.000000
vt 0.798179 0.000000
vt 0.088012 0.000000
vt 0.796662 0.000000
vt 0.749621 0.000000
vt 0.705615 0.000000
vt 0.795144 0.000000
vt 0.089530 0.000000
vt 0.793627 0.000000
vt 0.792109 0.000000
vt 0.704097 0.000000
vt 0.751138 0.000000
vt 0.091047 0.000000
vt 0.790592 0.000000
vt 0.789074 0.000000
vt 0.752656 0.000000
vt 0.092564 0.000000
vt 0.702580 0.000000
vt 0.094082 0.000000
vt 0.787557 0.000000
vt 0.095599 0.000000
vt 0.754173 0.000000
vt 0.786039 0.000000
vt 0.701062 0.000000
vt 0.097117 0.000000
vt 0.098634 0.000000
vt 0.755690 0.000000
vt 0.784522 0.000000
vt 0.100152 0.000000
vt 0.699545 0.000000
vt 0.757208 0.000000
vt 0.101669 0.000000
vt 0.783005 0.000000
vt 0.103187 0.000000
vt 0.758725 0.000000
vt 0.104704 0.000000
vt 0.781487 0.000000
vt 0.760243 0.000000
vt 0.106222 0.000000
vt 0.698027 0.000000
vt 0.779970 0.000000
vt 0.778452 0.000000
vt 0.776935 0.000000
vt 0.107739 0.000000
vt 0.761760 0.000000
vt 0.775417 0.000000
vt 0.773900 0.000000
vt 0.772382 0.000000
vt 0.763278 0.000000
vt 0.109256 0.000000
vt 0.770865 0.000000
vt 0.769347 0.000000
vt 0.767830 0.000000
vt 0.764795 0.000000
vt 0.766313 0.000000
vt 0.163885 0.000000
vt 0.110774 0.000000
vt 0.165402 0.000000
vt 0.162367 0.000000
vt 0.160850 0.000000
vt 0.166920 0.000000
vt 0.159332 0.000000
vt 0.168437 0.000000
vt 0.157815 0.000000
vt 0.169954 0.000000
vt 0.156297 0.000000
vt 0.112291 0.000000
vt 0.696510 0.000000
vt 0.171472 0.000000
vt 0.154780 0.000000
vt 0.172989 0.000000
vt 0.153263 0.000000
vt 0.174507 0.000000
vt 0.151745 0.000000
vt 0.113809 0.000000
vt 0.150228 0.000000
vt 0.176024 0.000000
vt 0.148710 0.000000
vt 0.177542 0.000000
vt 0.115326 0.000000
vt 0.147193 0.000000
vt 0.179059 0.000000
vt 0.145675 0.000000
vt 0.116844 0.000000
vt 0.180577 0.000000
vt 0.144158 0.000000
vt 0.118361 0.000000
vt 0.142640 0.000000
vt 0.182094 0.000000
vt 0.141123 0.000000
vt 0.119879 0.000000
vt 0.139605 0.000000
vt 0.183612 0.000000
vt 0.121396 0.000000
vt 0.138088 0.000000
vt 0.136571 0.000000
vt 0.122914 0.000000
vt 0.135053 0.000000
vt 0.133536 0.000000
vt 0.124431 0.000000
vt 0.132018 0.000000
vt 0.125948 0.000000
vt 0.130501 0.000000
vt 0.128983 0.000000
vt 0.127466 0.000000
vt 0.694992 0.000000
vt 0.619120 0.000000
vt 0.693475 0.000000
vt 0.620637 0.000000
vt 0.617602 0.000000
vt 0.185129 0.000000
vt 0.691958 0.000000
vt 0.622155 0.000000
vt 0.623672 0.000000
vt 0.690440 0.000000
vt 0.625190 0.000000
vt 0.626707 0.000000
vt 0.186646 0.000000
vt 0.688923 0.000000
vt 0.628225 0.000000
vt 0.616085 0.000000
vt 0.629742 0.000000
vt 0.631260 0.000000
vt 0.687405 0.000000
vt 0.632777 0.000000
vt 0.188164 0.000000
vt 0.634294 0.000000
vt 0.685888 0.000000
vt 0.635812 0.000000
vt 0.637329 0.000000
vt 0.684370 0.000000
vt 0.638847 0.000000
vt 0.640364 0.000000
vt 0.614568 0.000000
vt 0.491654 0.000000
vt 0.641882 0.000000
vt 0.643399 0.000000
vt 0.644917 0.000000
vt 0.646434 0.000000
vt 0.647951 0.000000
vt 0.682853 0.000000
vt 0.649469 0.000000
vt 0.650986 0.000000
vt 0.189681 0.000000
vt 0.652504 0.000000
vt 0.681335 0.000000
vt 0.654021 0.000000
vt 0.493171 0.000000
vt 0.490137 0.000000
vt 0.655539 0.000000
vt 0.679818 0.000000
vt 0.657056 0.000000
vt 0.658574 0.000000
vt 0.678300 0.000000
vt 0.660091 0.000000
vt 0.661609 0.000000
vt 0.663126 0.000000
vt 0.676783 0.000000
vt 0.664643 0.000000
vt 0.666161 0.000000
vt 0.613050 0.000000
vt 0.675266 0.000000
vt 0.667678 0.000000
vt 0.669196 0.000000
vt 0.670713 0.000000
vt 0.673748 0.000000
vt 0.672231 0.000000
vt 0.191199 0.000000
vt 0.494689 0.000000
vt 0.488619 0.000000
vt 0.611533 0.000000
vt 0.192716 0.000000
vt 0.496206 0.000000
vt 0.610015 0.000000
vt 0.497724 0.000000
vt 0.487102 0.000000
vt 0.194234 0.000000
vt 0.608498 0.000000
vt 0.499241 0.000000
vt 0.195751 0.000000
vt 0.485584 0.000000
vt 0.606980 0.000000
vt 0.500759 0.000000
vt 0.197269 0.000000
vt 0.605463 0.000000
vt 0.484067 0.000000
vt 0.502276 0.000000
vt 0.603945 0.000000
vt 0.198786 0.000000
vt 0.503794 0.000000
vt 0.482549 0.000000
vt 0.602428 0.000000
vt 0.505311 0.000000
vt 0.481032 0.000000
vt 0.200303 0.000000
vt 0.600910 0.000000
vt 0.506829 0.000000
vt 0.479514 0.000000
vt 0.201821 0.000000
vt 0.599393 0.000000
vt 0.203338 0.000000
vt 0.508346 0.000000
vt 0.204856 0.000000
vt 0.477997 0.000000
vt 0.597876 0.000000
vt 0.206373 0.000000
vt 0.509863 0.000000
vt 0.207891 0.000000
vt 0.476480 0.000000
vt 0.596358 0.000000
vt 0.209408 0.000000
vt 0.511381 0.000000
vt 0.210926 0.000000
vt 0.594841 0.000000
vt 0.474962 0.000000
vt 0.212443 0.000000
vt 0.512898 0.000000
vt 0.593323 0.000000
vt 0.213961 0.000000
vt 0.473445 0.000000
vt 0.514416 0.000000
vt 0.215478 0.000000
vt 0.591806 0.000000
vt 0.471927 0.000000
vt 0.515933 0.000000
vt 0.216995 0.000000
vt 0.470410 0.000000
vt 0.590288 0.000000
vt 0.517451 0.000000
vt 0.468892 0.000000
vt 0.218513 0.000000
vt 0.588771 0.000000
vt 0.467375 0.000000
vt 0.518968 0.000000
vt 0.465857 0.000000
vt 0.220030 0.000000
vt 0.587253 0.000000
vt 0.464340 0.000000
vt 0.520486 0.000000
vt 0.221548 0.000000
vt 0.462822 0.000000
vt 0.585736 0.000000
vt 0.223065 0.000000
vt 0.461305 0.000000
vt 0.522003 0.000000
vt 0.224583 0.000000
vt 0.459788 0.000000
vt 0.226100 0.000000
vt 0.584219 0.000000
vt 0.523520 0.000000
vt 0.227618 0.000000
vt 0.458270 0.000000
vt 0.229135 0.000000
vt 0.456753 0.000000
vt 0.582701 0.000000
vt 0.230653 0.000000
vt 0.525038 0.000000
vt 0.232170 0.000000
vt 0.455235 0.000000
vt 0.233687 0.000000
vt 0.235205 0.000000
vt 0.581184 0.000000
vt 0.453718 0.000000
vt 0.526555 0.000000
vt 0.380880 0.000000
vt 0.383915 0.000000
vt 0.382398 0.000000
vt 0.385432 0.000000
vt 0.386950 0.000000
vt 0.379363 0.000000
vt 0.388467 0.000000
vt 0.389985 0.000000
vt 0.377845 0.000000
vt 0.391502 0.000000
vt 0.393020 0.000000
vt 0.579666 0.000000
vt 0.376328 0.000000
vt 0.394537 0.000000
vt 0.396055 0.000000
vt 0.452200 0.000000
vt 0.374810 0.000000
vt 0.397572 0.000000
vt 0.236722 0.000000
vt 0.399090 0.000000
vt 0.400607 0.000000
vt 0.373293 0.000000
vt 0.402124 0.000000
vt 0.578149 0.000000
vt 0.450683 0.000000
vt 0.371775 0.000000
vt 0.370258 0.000000
vt 0.449165 0.000000
vt 0.576631 0.000000
vt 0.403642 0.000000
vt 0.238240 0.000000
vt 0.368741 0.000000
vt 0.447648 0.000000
vt 0.575114 0.000000
vt 0.367223 0.000000
vt 0.405159 0.000000
vt 0.446131 0.000000
vt 0.365706 0.000000
vt 0.573596 0.000000
vt 0.406677 0.000000
vt 0.444613 0.000000
vt 0.443096 0.000000
vt 0.364188 0.000000
vt 0.408194 0.000000
vt 0.572079 0.000000
vt 0.441578 0.000000
vt 0.440061 0.000000
vt 0.409712 0.000000
vt 0.362671 0.000000
vt 0.438543 0.000000
vt 0.570561 0.000000
vt 0.239757 0.000000
vt 0.411229 0.000000
vt 0.437026 0.000000
vt 0.528073 0.000000
vt 0.435508 0.000000
vt 0.433991 0.000000
vt 0.412747 0.000000
vt 0.361153 0.000000
vt 0.432473 0.000000
vt 0.569044 0.000000
vt 0.430956 0.000000
vt 0.414264 0.000000
vt 0.429439 0.000000
vt 0.427921 0.000000
vt 0.415781 0.000000
vt 0.426404 0.000000
vt 0.424886 0.000000
vt 0.417299 0.000000
vt 0.423369 0.000000
vt 0.421851 0.000000
vt 0.418816 0.000000
vt 0.420334 0.000000
vt 0.567527 0.000000
vt 0.359636 0.000000
vt 0.566009 0.000000
vt 0.358118 0.000000
vt 0.241275 0.000000
vt 0.564492 0.000000
vt 0.356601 0.000000
vt 0.562974 0.000000
vt 0.355083 0.000000
vt 0.561457 0.000000
vt 0.353566 0.000000
vt 0.352049 0.000000
vt 0.529590 0.000000
vt 0.559939 0.000000
vt 0.242792 0.000000
vt 0.350531 0.000000
vt 0.531108 0.000000
vt 0.558422 0.000000
vt 0.349014 0.000000
vt 0.532625 0.000000
vt 0.556904 0.000000
vt 0.347496 0.000000
vt 0.534143 0.000000
vt 0.345979 0.000000
vt 0.555387 0.000000
vt 0.535660 0.000000
vt 0.344461 0.000000
vt 0.553869 0.000000
vt 0.537178 0.000000
vt 0.538695 0.000000
vt 0.552352 0.000000
vt 0.540212 0.000000
vt 0.550835 0.000000
vt 0.541730 0.000000
vt 0.549317 0.000000
vt 0.244310 0.000000
vt 0.543247 0.000000
vt 0.547800 0.000000
vt 0.544765 0.000000
vt 0.546282 0.000000
vt 0.342944 0.000000
vt 0.341426 0.000000
vt 0.245827 0.000000
vt 0.339909 0.000000
vt 0.338392 0.000000
vt 0.247344 0.000000
vt 0.336874 0.000000
vt 0.248862 0.000000
vt 0.335357 0.000000
vt 0.333839 0.000000
vt 0.250379 0.000000
vt 0.332322 0.000000
vt 0.330804 0.000000
vt 0.251897 0.000000
vt 0.329287 0.000000
vt 0.327769 0.000000
vt 0.253414 0.000000
vt 0.326252 0.000000
vt 0.324734 0.000000
vt 0.254932 0.000000
vt 0.323217 0.000000
vt 0.321700 0.000000
vt 0.256449 0.000000
vt 0.320182 0.000000
vt 0.318665 0.000000
vt 0.257967 0.000000
vt 0.317147 0.000000
vt 0.259484 0.000000
vt 0.315630 0.000000
vt 0.314112 0.000000
vt 0.261002 0.000000
vt 0.312595 0.000000
vt 0.262519 0.000000
vt 0.311077 0.000000
vt 0.309560 0.000000
vt 0.264036 0.000000
vt 0.308042 0.000000
vt 0.265554 0.000000
vt 0.267071 0.000000
vt 0.306525 0.000000
vt 0.268589 0.000000
vt 0.270106 0.000000
vt 0.305008 0.000000
vt 0.271624 0.000000
vt 0.303490 0.000000
vt 0.273141 0.000000
vt 0.301973 0.000000
vt 0.274659 0.000000
vt 0.276176 0.000000
vt 0.300455 0.000000
vt 0.277693 0.000000
vt 0.298938 0.000000
vt 0.279211 0.000000
vt 0.280728 0.000000
vt 0.297420 0.000000
vt 0.282246 0.000000
vt 0.295903 0.000000
vt 0.283763 0.000000
vt 0.285281 0.000000
vt 0.294385 0.000000
vt 0.286798 0.000000
vt 0.292868 0.000000
vt 0.288316 0.000000
vt 0.289833 0.000000
vt 0.291351 0.000000
vt 0.805930 0.000000
vt 0.811321 0.000000
vt 0.808625 0.000000
vt 0.803235 0.000000
vt 0.814016 0.000000
vt 0.800539 0.000000
vt 0.816712 0.000000
vt 0.797844 0.000000
vt 0.819407 0.000000
vt 0.795148 0.000000
vt 0.792453 0.000000
vt 0.822102 0.000000
vt 0.789757 0.000000
vt 0.824798 0.000000
vt 0.787062 0.000000
vt 0.827493 0.000000
vt 0.784367 0.000000
vt 0.781671 0.000000
vt 0.830189 0.000000
vt 0.778976 0.000000
vt 0.832884 0.000000
vt 0.776280 0.000000
vt 0.835580 0.000000
vt 0.773585 0.000000
vt 0.770889 0.000000
vt 0.768194 0.000000
vt 0.838275 0.000000
vt 0.765499 0.000000
vt 0.762803 0.000000
vt 0.760108 0.000000
vt 0.757412 0.000000
vt 0.840970 0.000000
vt 0.754717 0.000000
vt 0.752022 0.000000
vt 0.749326 0.000000
vt 0.746631 0.000000
vt 0.843666 0.000000
vt 0.743935 0.000000
vt 0.741240 0.000000
vt 0.846361 0.000000
vt 0.738544 0.000000
vt 0.735849 0.000000
vt 0.849057 0.000000
vt 0.733154 0.000000
vt 0.851752 0.000000
vt 0.730458 0.000000
vt 0.854447 0.000000
vt 0.727763 0.000000
vt 0.725067 0.000000
vt 0.859838 0.000000
vt 0.722372 0.000000
vt 0.862534 0.000000
vt 0.719677 0.000000
vt 0.865229 0.000000
vt 0.716981 0.000000
vt 0.867925 0.000000
vt 0.711590 0.000000
vt 0.870620 0.000000
vt 0.708895 0.000000
vt 0.873315 0.000000
vt 0.706199 0.000000
vt 0.703504 0.000000
vt 0.876011 0.000000
vt 0.700809 0.000000
vt 0.878706 0.000000
vt 0.698113 0.000000
vt 0.881402 0.000000
vt 0.695418 0.000000
vt 0.884097 0.000000
vt 0.886792 0.000000
vt 0.692722 0.000000
vt 0.889488 0.000000
vt 0.690027 0.000000
vt 0.892183 0.000000
vt 0.894879 0.000000
vt 0.687332 0.000000
vt 0.897574 0.000000
vt 0.900270 0.000000
vt 0.684636 0.000000
vt 0.902965 0.000000
vt 0.905660 0.000000
vt 0.908356 0.000000
vt 0.681941 0.000000
vt 0.911051 0.000000
vt 0.913747 0.000000
vt 0.679245 0.000000
vt 0.916442 0.000000
vt 0.919137 0.000000
vt 0.676550 0.000000
vt 0.921833 0.000000
vt 0.924528 0.000000
vt 0.927224 0.000000
vt 0.929919 0.000000
vt 0.932615 0.000000
vt 0.935310 0.000000
vt 0.938005 0.000000
vt 0.940701 0.000000
vt 0.673854 0.000000
vt 0.943396 0.000000
vt 0.671159 0.000000
vt 0.946092 0.000000
vt 0.668464 0.000000
vt 0.948787 0.000000
vt 0.665768 0.000000
vt 0.951482 0.000000
vt 0.663073 0.000000
vt 0.954178 0.000000
vt 0.094340 0.000000
vt 0.099730 0.000000
vt 0.097035 0.000000
vt 0.102426 0.000000
vt 0.091644 0.000000
vt 0.105121 0.000000
vt 0.088949 0.000000
vt 0.107817 0.000000
vt 0.110512 0.000000
vt 0.086253 0.000000
vt 0.113208 0.000000
vt 0.083558 0.000000
vt 0.115903 0.000000
vt 0.080863 0.000000
vt 0.118598 0.000000
vt 0.660377 0.000000
vt 0.121294 0.000000
vt 0.078167 0.000000
vt 0.123989 0.000000
vt 0.075472 0.000000
vt 0.126685 0.000000
vt 0.129380 0.000000
vt 0.072776 0.000000
vt 0.132075 0.000000
vt 0.070081 0.000000
vt 0.067385 0.000000
vt 0.064690 0.000000
vt 0.061995 0.000000
vt 0.059299 0.000000
vt 0.056604 0.000000
vt 0.053908 0.000000
vt 0.051213 0.000000
vt 0.048518 0.000000
vt 0.045822 0.000000
vt 0.134771 0.000000
vt 0.043127 0.000000
vt 0.040431 0.000000
vt 0.037736 0.000000
vt 0.035040 0.000000
vt 0.032345 0.000000
vt 0.029650 0.000000
vt 0.137466 0.000000
vt 0.956873 0.000000
vt 0.026954 0.000000
vt 0.657682 0.000000
vt 0.140162 0.000000
vt 0.024259 0.000000
vt 0.021563 0.000000
vt 0.959569 0.000000
vt 0.018868 0.000000
vt 0.145553 0.000000
vt 0.654987 0.000000
vt 0.016173 0.000000
vt 0.148248 0.000000
vt 0.013477 0.000000
vt 0.962264 0.000000
vt 0.150943 0.000000
vt 0.010782 0.000000
vt 0.008086 0.000000
vt 0.652291 0.000000
vt 0.153639 0.000000
vt 0.005391 0.000000
vt 0.156334 0.000000
vt 0.964960 0.000000
vt 0.002695 0.000000
vt 0.159030 0.000000
vt 0.649596 0.000000
vt 0.161725 0.000000
vt 0.967655 0.000000
vt 0.997305 0.000000
vt 0.164420 0.000000
vt 0.994609 0.000000
vt 0.547170 0.000000
vt 0.552561 0.000000
vt 0.549865 0.000000
vt 0.544474 0.000000
vt 0.555256 0.000000
vt 0.541779 0.000000
vt 0.557952 0.000000
vt 0.539084 0.000000
vt 0.560647 0.000000
vt 0.536388 0.000000
vt 0.563342 0.000000
vt 0.533693 0.000000
vt 0.530997 0.000000
vt 0.566038 0.000000
vt 0.528302 0.000000
vt 0.568733 0.000000
vt 0.525606 0.000000
vt 0.167116 0.000000
vt 0.522911 0.000000
vt 0.991914 0.000000
vt 0.574124 0.000000
vt 0.520216 0.000000
vt 0.576819 0.000000
vt 0.646900 0.000000
vt 0.517520 0.000000
vt 0.514825 0.000000
vt 0.579515 0.000000
vt 0.512129 0.000000
vt 0.582210 0.000000
vt 0.989218 0.000000
vt 0.509434 0.000000
vt 0.970350 0.000000
vt 0.584906 0.000000
vt 0.506739 0.000000
vt 0.169811 0.000000
vt 0.504043 0.000000
vt 0.986523 0.000000
vt 0.501348 0.000000
vt 0.587601 0.000000
vt 0.498652 0.000000
vt 0.495957 0.000000
vt 0.983827 0.000000
vt 0.493261 0.000000
vt 0.323450 0.000000
vt 0.172507 0.000000
vt 0.590297 0.000000
vt 0.326146 0.000000
vt 0.320755 0.000000
vt 0.490566 0.000000
vt 0.981132 0.000000
vt 0.487871 0.000000
vt 0.485175 0.000000
vt 0.592992 0.000000
vt 0.482480 0.000000
vt 0.978437 0.000000
vt 0.318059 0.000000
vt 0.328841 0.000000
vt 0.175202 0.000000
vt 0.595687 0.000000
vt 0.975741 0.000000
vt 0.479784 0.000000
vt 0.315364 0.000000
vt 0.598383 0.000000
vt 0.973046 0.000000
vt 0.477089 0.000000
vt 0.331536 0.000000
vt 0.601078 0.000000
vt 0.312668 0.000000
vt 0.177898 0.000000
vt 0.603774 0.000000
vt 0.474394 0.000000
vt 0.606469 0.000000
vt 0.644205 0.000000
vt 0.641509 0.000000
vt 0.609164 0.000000
vt 0.638814 0.000000
vt 0.636119 0.000000
vt 0.334232 0.000000
vt 0.309973 0.000000
vt 0.633423 0.000000
vt 0.630728 0.000000
vt 0.611860 0.000000
vt 0.628032 0.000000
vt 0.625337 0.000000
vt 0.622642 0.000000
vt 0.614555 0.000000
vt 0.619946 0.000000
vt 0.617251 0.000000
vt 0.471698 0.000000
vt 0.180593 0.000000
vt 0.307278 0.000000
vt 0.336927 0.000000
vt 0.469003 0.000000
vt 0.183288 0.000000
vt 0.466307 0.000000
vt 0.304582 0.000000
vt 0.339623 0.000000
vt 0.463612 0.000000
vt 0.185984 0.000000
vt 0.301887 0.000000
vt 0.342318 0.000000
vt 0.460916 0.000000
vt 0.188679 0.000000
vt 0.299191 0.000000
vt 0.345013 0.000000
vt 0.458221 0.000000
vt 0.296496 0.000000
vt 0.191375 0.000000
vt 0.455526 0.000000
vt 0.347709 0.000000
vt 0.452830 0.000000
vt 0.293801 0.000000
vt 0.194070 0.000000
vt 0.350404 0.000000
vt 0.450135 0.000000
vt 0.196765 0.000000
vt 0.291105 0.000000
vt 0.353100 0.000000
vt 0.199461 0.000000
vt 0.447439 0.000000
vt 0.202156 0.000000
vt 0.355795 0.000000
vt 0.204852 0.000000
vt 0.288410 0.000000
vt 0.444744 0.000000
vt 0.207547 0.000000
vt 0.210243 0.000000
vt 0.358491 0.000000
vt 0.442049 0.000000
vt 0.361186 0.000000
vt 0.212938 0.000000
vt 0.363881 0.000000
vt 0.283019 0.000000
vt 0.366577 0.000000
vt 0.215633 0.000000
vt 0.369272 0.000000
vt 0.371968 0.000000
vt 0.439353 0.000000
vt 0.218329 0.000000
vt 0.374663 0.000000
vt 0.280323 0.000000
vt 0.377358 0.000000
vt 0.221024 0.000000
vt 0.380054 0.000000
vt 0.277628 0.000000
vt 0.382749 0.000000
vt 0.223720 0.000000
vt 0.436658 0.000000
vt 0.385445 0.000000
vt 0.226415 0.000000
vt 0.388140 0.000000
vt 0.274933 0.000000
vt 0.390836 0.000000
vt 0.229111 0.000000
vt 0.433962 0.000000
vt 0.231806 0.000000
vt 0.272237 0.000000
vt 0.393531 0.000000
vt 0.234501 0.000000
vt 0.396226 0.000000
vt 0.431267 0.000000
vt 0.237197 0.000000
vt 0.269542 0.000000
vt 0.398922 0.000000
vt 0.239892 0.000000
vt 0.266846 0.000000
vt 0.242588 0.000000
vt 0.401617 0.000000
vt 0.245283 0.000000
vt 0.264151 0.000000
vt 0.404313 0.000000
vt 0.247978 0.000000
vt 0.250674 0.000000
vt 0.261456 0.000000
vt 0.407008 0.000000
vt 0.425876 0.000000
vt 0.253369 0.000000
vt 0.256065 0.000000
vt 0.258760 0.000000
vt 0.409703 0.000000
vt 0.412399 0.000000
vt 0.423181 0.000000
vt 0.415094 0.000000
vt 0.417790 0.000000
vt 0.420485 0.000000
vt 0.146375 0.000000
vt 0.001368 0.000000
vt 0.002736 0.000000
vt 0.145007 0.000000
vt 0.004104 0.000000
vt 0.005472 0.000000
vt 0.143639 0.000000
vt 0.006840 0.000000
vt 0.008208 0.000000
vt 0.142271 0.000000
vt 0.009576 0.000000
vt 0.010944 0.000000
vt 0.140903 0.000000
vt 0.012312 0.000000
vt 0.013680 0.000000
vt 0.139535 0.000000
vt 0.015048 0.000000
vt 0.016416 0.000000
vt 0.138167 0.000000
vt 0.017784 0.000000
vt 0.136799 0.000000
vt 0.135431 0.000000
vt 0.019152 0.000000
vt 0.134063 0.000000
vt 0.020520 0.000000
vt 0.132695 0.000000
vt 0.131327 0.000000
vt 0.021888 0.000000
vt 0.129959 0.000000
vt 0.023256 0.000000
vt 0.128591 0.000000
vt 0.127223 0.000000
vt 0.125855 0.000000
vt 0.024624 0.000000
vt 0.124487 0.000000
vt 0.123119 0.000000
vt 0.121751 0.000000
vt 0.025992 0.000000
vt 0.120383 0.000000
vt 0.119015 0.000000
vt 0.117647 0.000000
vt 0.116279 0.000000
vt 0.027360 0.000000
vt 0.114911 0.000000
vt 0.113543 0.000000
vt 0.028728 0.000000
vt 0.030096 0.000000
vt 0.112175 0.000000
vt 0.031464 0.000000
vt 0.110807 0.000000
vt 0.032832 0.000000
vt 0.034200 0.000000
vt 0.109439 0.000000
vt 0.035568 0.000000
vt 0.108071 0.000000
vt 0.036936 0.000000
vt 0.106703 0.000000
vt 0.038304 0.000000
vt 0.105335 0.000000
vt 0.039672 0.000000
vt 0.277702 0.000000
vt 0.149111 0.000000
vt 0.147743 0.000000
vt 0.150479 0.000000
vt 0.151847 0.000000
vt 0.153215 0.000000
vt 0.276334 0.000000
vt 0.154583 0.000000
vt 0.155951 0.000000
vt 0.157319 0.000000
vt 0.274966 0.000000
vt 0.158687 0.000000
vt 0.041040 0.000000
vt 0.160055 0.000000
vt 0.161423 0.000000
vt 0.273598 0.000000
vt 0.162791 0.000000
vt 0.164159 0.000000
vt 0.165527 0.000000
vt 0.272230 0.000000
vt 0.103967 0.000000
vt 0.270862 0.000000
vt 0.441860 0.000000
vt 0.444596 0.000000
vt 0.443228 0.000000
vt 0.440492 0.000000
vt 0.445964 0.000000
vt 0.439124 0.000000
vt 0.269494 0.000000
vt 0.447332 0.000000
vt 0.437757 0.000000
vt 0.436389 0.000000
vt 0.268126 0.000000
vt 0.166895 0.000000
vt 0.448700 0.000000
vt 0.435021 0.000000
vt 0.266758 0.000000
vt 0.450068 0.000000
vt 0.433653 0.000000
vt 0.042408 0.000000
vt 0.265390 0.000000
vt 0.168263 0.000000
vt 0.432285 0.000000
vt 0.451436 0.000000
vt 0.264022 0.000000
vt 0.430917 0.000000
vt 0.102599 0.000000
vt 0.262654 0.000000
vt 0.452804 0.000000
vt 0.169631 0.000000
vt 0.429549 0.000000
vt 0.261286 0.000000
vt 0.043776 0.000000
vt 0.259918 0.000000
vt 0.428181 0.000000
vt 0.454172 0.000000
vt 0.170999 0.000000
vt 0.258550 0.000000
vt 0.257182 0.000000
vt 0.426813 0.000000
vt 0.255814 0.000000
vt 0.455540 0.000000
vt 0.254446 0.000000
vt 0.101231 0.000000
vt 0.172367 0.000000
vt 0.425445 0.000000
vt 0.253078 0.000000
vt 0.045144 0.000000
vt 0.251710 0.000000
vt 0.424077 0.000000
vt 0.250342 0.000000
vt 0.422709 0.000000
vt 0.456908 0.000000
vt 0.248974 0.000000
vt 0.173735 0.000000
vt 0.421341 0.000000
vt 0.247606 0.000000
vt 0.246238 0.000000
vt 0.419973 0.000000
vt 0.244870 0.000000
vt 0.418605 0.000000
vt 0.046512 0.000000
vt 0.175103 0.000000
vt 0.458276 0.000000
vt 0.417237 0.000000
vt 0.099863 0.000000
vt 0.415869 0.000000
vt 0.414501 0.000000
vt 0.176471 0.000000
vt 0.413133 0.000000
vt 0.459644 0.000000
vt 0.047880 0.000000
vt 0.243502 0.000000
vt 0.411765 0.000000
vt 0.410397 0.000000
vt 0.177839 0.000000
vt 0.409029 0.000000
vt 0.098495 0.000000
vt 0.461012 0.000000
vt 0.049248 0.000000
vt 0.407661 0.000000
vt 0.179207 0.000000
vt 0.242134 0.000000
vt 0.462380 0.000000
vt 0.406293 0.000000
vt 0.180575 0.000000
vt 0.097127 0.000000
vt 0.050616 0.000000
vt 0.404925 0.000000
vt 0.463748 0.000000
vt 0.240766 0.000000
vt 0.051984 0.000000
vt 0.181943 0.000000
vt 0.053352 0.000000
vt 0.095759 0.000000
vt 0.403557 0.000000
vt 0.465116 0.000000
vt 0.054720 0.000000
vt 0.056088 0.000000
vt 0.402189 0.000000
vt 0.094391 0.000000
vt 0.239398 0.000000
vt 0.183311 0.000000
vt 0.057456 0.000000
vt 0.466484 0.000000
vt 0.400821 0.000000
vt 0.058824 0.000000
vt 0.093023 0.000000
vt 0.060192 0.000000
vt 0.467852 0.000000
vt 0.184679 0.000000
vt 0.061560 0.000000
vt 0.399453 0.000000
vt 0.091655 0.000000
vt 0.238030 0.000000
vt 0.062927 0.000000
vt 0.469220 0.000000
vt 0.090287 0.000000
vt 0.064295 0.000000
vt 0.398085 0.000000
vt 0.065663 0.000000
vt 0.186047 0.000000
vt 0.088919 0.000000
vt 0.067031 0.000000
vt 0.470588 0.000000
vt 0.068399 0.000000
vt 0.396717 0.000000
vt 0.236662 0.000000
vt 0.087551 0.000000
vt 0.069767 0.000000
vt 0.071135 0.000000
vt 0.086183 0.000000
vt 0.072503 0.000000
vt 0.073871 0.000000
vt 0.471956 0.000000
vt 0.395349 0.000000
vt 0.084815 0.000000
vt 0.075239 0.000000
vt 0.187414 0.000000
vt 0.076607 0.000000
vt 0.083447 0.000000
vt 0.077975 0.000000
vt 0.079343 0.000000
vt 0.082079 0.000000
vt 0.080711 0.000000
vt 0.393981 0.000000
vt 0.473324 0.000000
vt 0.235294 0.000000
vt 0.188782 0.000000
vt 0.392613 0.000000
vt 0.474692 0.000000
vt 0.391245 0.000000
vt 0.476060 0.000000
vt 0.233926 0.000000
vt 0.389877 0.000000
vt 0.190150 0.000000
vt 0.477428 0.000000
vt 0.388509 0.000000
vt 0.478796 0.000000
vt 0.387141 0.000000
vt 0.191518 0.000000
vt 0.232558 0.000000
vt 0.480164 0.000000
vt 0.385773 0.000000
vt 0.481532 0.000000
vt 0.192886 0.000000
vt 0.384405 0.000000
vt 0.482900 0.000000
vt 0.231190 0.000000
vt 0.484268 0.000000
vt 0.194254 0.000000
vt 0.383037 0.000000
vt 0.485636 0.000000
vt 0.487004 0.000000
vt 0.229822 0.000000
vt 0.381669 0.000000
vt 0.195622 0.000000
vt 0.488372 0.000000
vt 0.489740 0.000000
vt 0.380301 0.000000
vt 0.491108 0.000000
vt 0.196990 0.000000
vt 0.228454 0.000000
vt 0.492476 0.000000
vt 0.493844 0.000000
vt 0.378933 0.000000
vt 0.495212 0.000000
vt 0.198358 0.000000
vt 0.496580 0.000000
vt 0.227086 0.000000
vt 0.497948 0.000000
vt 0.499316 0.000000
vt 0.377565 0.000000
vt 0.199726 0.000000
vt 0.500684 0.000000
vt 0.225718 0.000000
vt 0.502052 0.000000
vt 0.201094 0.000000
vt 0.503420 0.000000
vt 0.376197 0.000000
vt 0.224350 0.000000
vt 0.504788 0.000000
vt 0.506156 0.000000
vt 0.202462 0.000000
vt 0.507524 0.000000
vt 0.222982 0.000000
vt 0.203830 0.000000
vt 0.508892 0.000000
vt 0.221614 0.000000
vt 0.510260 0.000000
vt 0.205198 0.000000
vt 0.220246 0.000000
vt 0.206566 0.000000
vt 0.374829 0.000000
vt 0.218878 0.000000
vt 0.207934 0.000000
vt 0.217510 0.000000
vt 0.209302 0.000000
vt 0.216142 0.000000
vt 0.210670 0.000000
vt 0.511628 0.000000
vt 0.214774 0.000000
vt 0.212038 0.000000
vt 0.213406 0.000000
vt 0.373461 0.000000
vt 0.512996 0.000000
vt 0.372093 0.000000
vt 0.514364 0.000000
vt 0.515732 0.000000
vt 0.370725 0.000000
vt 0.517100 0.000000
vt 0.369357 0.000000
vt 0.606019 0.000000
vt 0.608755 0.000000
vt 0.607387 0.000000
vt 0.604651 0.000000
vt 0.610123 0.000000
vt 0.603283 0.000000
vt 0.601915 0.000000
vt 0.611491 0.000000
vt 0.600547 0.000000
vt 0.599179 0.000000
vt 0.612859 0.000000
vt 0.597811 0.000000
vt 0.614227 0.000000
vt 0.596443 0.000000
vt 0.595075 0.000000
vt 0.615595 0.000000
vt 0.593707 0.000000
vt 0.518468 0.000000
vt 0.592339 0.000000
vt 0.616963 0.000000
vt 0.590971 0.000000
vt 0.618331 0.000000
vt 0.367989 0.000000
vt 0.589603 0.000000
vt 0.588235 0.000000
vt 0.619699 0.000000
vt 0.586867 0.000000
vt 0.621067 0.000000
vt 0.585499 0.000000
vt 0.519836 0.000000
vt 0.584131 0.000000
vt 0.582763 0.000000
vt 0.622435 0.000000
vt 0.581395 0.000000
vt 0.366621 0.000000
vt 0.580027 0.000000
vt 0.623803 0.000000
vt 0.578659 0.000000
vt 0.577291 0.000000
vt 0.575923 0.000000
vt 0.574555 0.000000
vt 0.573187 0.000000
vt 0.625171 0.000000
vt 0.521204 0.000000
vt 0.626539 0.000000
vt 0.627907 0.000000
vt 0.365253 0.000000
vt 0.571819 0.000000
vt 0.629275 0.000000
vt 0.630643 0.000000
vt 0.570451 0.000000
vt 0.632011 0.000000
vt 0.522572 0.000000
vt 0.633379 0.000000
vt 0.569083 0.000000
vt 0.363885 0.000000
vt 0.634747 0.000000
vt 0.567715 0.000000
vt 0.636115 0.000000
vt 0.637483 0.000000
vt 0.566347 0.000000
vt 0.523940 0.000000
vt 0.638851 0.000000
vt 0.362517 0.000000
vt 0.564979 0.000000
vt 0.640219 0.000000
vt 0.563612 0.000000
vt 0.641587 0.000000
vt 0.525308 0.000000
vt 0.642955 0.000000
vt 0.562244 0.000000
vt 0.361149 0.000000
vt 0.644323 0.000000
vt 0.645691 0.000000
vt 0.560876 0.000000
vt 0.647059 0.000000
vt 0.648427 0.000000
vt 0.559508 0.000000
vt 0.649795 0.000000
vt 0.651163 0.000000
vt 0.359781 0.000000
vt 0.652531 0.000000
vt 0.558140 0.000000
vt 0.526676 0.000000
vt 0.653899 0.000000
vt 0.528044 0.000000
vt 0.655267 0.000000
vt 0.529412 0.000000
vt 0.556772 0.000000
vt 0.656635 0.000000
vt 0.530780 0.000000
vt 0.555404 0.000000
vt 0.554036 0.000000
vt 0.532148 0.000000
vt 0.658003 0.000000
vt 0.552668 0.000000
vt 0.533516 0.000000
vt 0.659371 0.000000
vt 0.551300 0.000000
vt 0.534884 0.000000
vt 0.549932 0.000000
vt 0.660739 0.000000
vt 0.536252 0.000000
vt 0.548564 0.000000
vt 0.547196 0.000000
vt 0.537620 0.000000
vt 0.662107 0.000000
vt 0.545828 0.000000
vt 0.538988 0.000000
vt 0.544460 0.000000
vt 0.540356 0.000000
vt 0.543092 0.000000
vt 0.541724 0.000000
vt 0.663475 0.000000
vt 0.664843 0.000000
vt 0.666211 0.000000
vt 0.667579 0.000000
vt 0.668947 0.000000
vt 0.670315 0.000000
vt 0.675787 0.000000
vt 0.674419 0.000000
vt 0.671683 0.000000
vt 0.673051 0.000000
vt 0.677155 0.000000
vt 0.678523 0.000000
vt 0.679891 0.000000
vt 0.681259 0.000000
vt 0.682627 0.000000
vt 0.683995 0.000000
vt 0.685363 0.000000
vt 0.686731 0.000000
vt 0.688098 0.000000
vt 0.689466 0.000000
vt 0.690834 0.000000
vt 0.692202 0.000000
vt 0.693570 0.000000
vt 0.694938 0.000000
vt 0.696306 0.000000
vt 0.697674 0.000000
vt 0.358413 0.000000
vt 0.279070 0.000000
vt 0.699042 0.000000
vt 0.700410 0.000000
vt 0.701778 0.000000
vt 0.703146 0.000000
vt 0.704514 0.000000
vt 0.705882 0.000000
vt 0.707250 0.000000
vt 0.708618 0.000000
vt 0.709986 0.000000
vt 0.711354 0.000000
vt 0.280438 0.000000
vt 0.712722 0.000000
vt 0.714090 0.000000
vt 0.715458 0.000000
vt 0.716826 0.000000
vt 0.718194 0.000000
vt 0.719562 0.000000
vt 0.720930 0.000000
vt 0.722298 0.000000
vt 0.998632 0.000000
vt 0.723666 0.000000
vt 0.919289 0.000000
vt 0.725034 0.000000
vt 0.920657 0.000000
vt 0.917921 0.000000
vt 0.357045 0.000000
vt 0.997264 0.000000
vt 0.922025 0.000000
vt 0.923393 0.000000
vt 0.924761 0.000000
vt 0.926129 0.000000
vt 0.726402 0.000000
vt 0.927497 0.000000
vt 0.928865 0.000000
vt 0.930233 0.000000
vt 0.931601 0.000000
vt 0.916553 0.000000
vt 0.932969 0.000000
vt 0.995896 0.000000
vt 0.934337 0.000000
vt 0.727770 0.000000
vt 0.935705 0.000000
vt 0.937073 0.000000
vt 0.938441 0.000000
vt 0.939808 0.000000
vt 0.915185 0.000000
vt 0.729138 0.000000
vt 0.941176 0.000000
vt 0.994528 0.000000
vt 0.942544 0.000000
vt 0.943912 0.000000
vt 0.945280 0.000000
vt 0.281806 0.000000
vt 0.946648 0.000000
vt 0.948016 0.000000
vt 0.730506 0.000000
vt 0.949384 0.000000
vt 0.950752 0.000000
vt 0.993160 0.000000
vt 0.913817 0.000000
vt 0.952120 0.000000
vt 0.953488 0.000000
vt 0.954856 0.000000
vt 0.956224 0.000000
vt 0.957592 0.000000
vt 0.958960 0.000000
vt 0.960328 0.000000
vt 0.731874 0.000000
vt 0.961696 0.000000
vt 0.991792 0.000000
vt 0.963064 0.000000
vt 0.964432 0.000000
vt 0.965800 0.000000
vt 0.912449 0.000000
vt 0.967168 0.000000
vt 0.968536 0.000000
vt 0.990424 0.000000
vt 0.969904 0.000000
vt 0.733242 0.000000
vt 0.355677 0.000000
vt 0.971272 0.000000
vt 0.972640 0.000000
vt 0.989056 0.000000
vt 0.974008 0.000000
vt 0.975376 0.000000
vt 0.911081 0.000000
vt 0.987688 0.000000
vt 0.734610 0.000000
vt 0.976744 0.000000
vt 0.978112 0.000000
vt 0.979480 0.000000
vt 0.986320 0.000000
vt 0.980848 0.000000
vt 0.982216 0.000000
vt 0.984952 0.000000
vt 0.983584 0.000000
vt 0.735978 0.000000
vt 0.909713 0.000000
vt 0.737346 0.000000
vt 0.283174 0.000000
vt 0.908345 0.000000
vt 0.738714 0.000000
vt 0.906977 0.000000
vt 0.740082 0.000000
vt 0.354309 0.000000
vt 0.741450 0.000000
vt 0.905609 0.000000
vt 0.742818 0.000000
vt 0.744186 0.000000
vt 0.904241 0.000000
vt 0.745554 0.000000
vt 0.284542 0.000000
vt 0.902873 0.000000
vt 0.746922 0.000000
vt 0.352941 0.000000
vt 0.748290 0.000000
vt 0.901505 0.000000
vt 0.749658 0.000000
vt 0.751026 0.000000
vt 0.900137 0.000000
vt 0.752394 0.000000
vt 0.898769 0.000000
vt 0.753762 0.000000
vt 0.285910 0.000000
vt 0.897401 0.000000
vt 0.755130 0.000000
vt 0.756498 0.000000
vt 0.351573 0.000000
vt 0.896033 0.000000
vt 0.757866 0.000000
vt 0.894665 0.000000
vt 0.759234 0.000000
vt 0.760602 0.000000
vt 0.893297 0.000000
vt 0.761970 0.000000
vt 0.891929 0.000000
vt 0.763338 0.000000
vt 0.287278 0.000000
vt 0.764706 0.000000
vt 0.890561 0.000000
vt 0.350205 0.000000
vt 0.766074 0.000000
vt 0.767442 0.000000
vt 0.889193 0.000000
vt 0.768810 0.000000
vt 0.770178 0.000000
vt 0.887825 0.000000
vt 0.771546 0.000000
vt 0.772914 0.000000
vt 0.886457 0.000000
vt 0.774282 0.000000
vt 0.288646 0.000000
vt 0.775650 0.000000
vt 0.885089 0.000000
vt 0.348837 0.000000
vt 0.777018 0.000000
vt 0.778386 0.000000
vt 0.779754 0.000000
vt 0.781122 0.000000
vt 0.782490 0.000000
vt 0.290014 0.000000
vt 0.347469 0.000000
vt 0.783858 0.000000
vt 0.785226 0.000000
vt 0.786594 0.000000
vt 0.291382 0.000000
vt 0.787962 0.000000
vt 0.346101 0.000000
vt 0.789330 0.000000
vt 0.292750 0.000000
vt 0.344733 0.000000
vt 0.883721 0.000000
vt 0.294118 0.000000
vt 0.343365 0.000000
vt 0.341997 0.000000
vt 0.340629 0.000000
vt 0.339261 0.000000
vt 0.337893 0.000000
vt 0.295486 0.000000
vt 0.336525 0.000000
vt 0.335157 0.000000
vt 0.333789 0.000000
vt 0.332421 0.000000
vt 0.331053 0.000000
vt 0.329685 0.000000
vt 0.328317 0.000000
vt 0.326949 0.000000
vt 0.296854 0.000000
vt 0.325581 0.000000
vt 0.298222 0.000000
vt 0.324213 0.000000
vt 0.299590 0.000000
vt 0.790698 0.000000
vt 0.322845 0.000000
vt 0.300958 0.000000
vt 0.321477 0.000000
vt 0.302326 0.000000
vt 0.320109 0.000000
vt 0.303694 0.000000
vt 0.318741 0.000000
vt 0.305062 0.000000
vt 0.317373 0.000000
vt 0.306430 0.000000
vt 0.882353 0.000000
vt 0.316005 0.000000
vt 0.307798 0.000000
vt 0.314637 0.000000
vt 0.309166 0.000000
vt 0.313269 0.000000
vt 0.310534 0.000000
vt 0.311902 0.000000
vt 0.792066 0.000000
vt 0.880985 0.000000
vt 0.879617 0.000000
vt 0.793434 0.000000
vt 0.878249 0.000000
vt 0.794802 0.000000
vt 0.876881 0.000000
vt 0.796170 0.000000
vt 0.875513 0.000000
vt 0.797538 0.000000
vt 0.874145 0.000000
vt 0.798906 0.000000
vt 0.872777 0.000000
vt 0.800274 0.000000
vt 0.871409 0.000000
vt 0.801642 0.000000
vt 0.803010 0.000000
vt 0.870041 0.000000
vt 0.804378 0.000000
vt 0.868673 0.000000
vt 0.867305 0.000000
vt 0.865937 0.000000
vt 0.864569 0.000000
vt 0.863201 0.000000
vt 0.861833 0.000000
vt 0.860465 0.000000
vt 0.859097 0.000000
vt 0.857729 0.000000
vt 0.856361 0.000000
vt 0.854993 0.000000
vt 0.853625 0.000000
vt 0.852257 0.000000
vt 0.850889 0.000000
vt 0.849521 0.000000
vt 0.848153 0.000000
vt 0.846785 0.000000
vt 0.845417 0.000000
vt 0.844049 0.000000
vt 0.842681 0.000000
vt 0.841313 0.000000
vt 0.839945 0.000000
vt 0.838577 0.000000
vt 0.837209 0.000000
vt 0.835841 0.000000
vt 0.834473 0.000000
vt 0.833105 0.000000
vt 0.805746 0.000000
vt 0.831737 0.000000
vt 0.807114 0.000000
vt 0.830369 0.000000
vt 0.808482 0.000000
vt 0.829001 0.000000
vt 0.809850 0.000000
vt 0.811217 0.000000
vt 0.827633 0.000000
vt 0.812585 0.000000
vt 0.826265 0.000000
vt 0.813953 0.000000
vt 0.824897 0.000000
vt 0.815322 0.000000
vt 0.816689 0.000000
vt 0.823529 0.000000
vt 0.818057 0.000000
vt 0.822161 0.000000
vt 0.819425 0.000000
vt 0.820793 0.000000
s 0
usemtl マテリアル
f 85/1/1 87/2/1 86/3/1
f 85/1/1 88/4/1 87/2/1
f 84/5/1 88/4/1 85/1/1
f 84/5/1 89/6/1 88/4/1
f 83/7/1 89/6/1 84/5/1
f 83/7/1 90/8/1 89/6/1
f 82/9/1 90/8/1 83/7/1
f 82/9/1 91/10/1 90/8/1
f 81/11/1 91/10/1 82/9/1
f 81/11/1 92/12/1 91/10/1
f 80/13/1 92/12/1 81/11/1
f 80/13/1 93/14/1 92/12/1
f 79/15/1 93/14/1 80/13/1
f 79/15/1 94/16/1 93/14/1
f 78/17/1 94/16/1 79/15/1
f 78/17/1 95/18/1 94/16/1
f 77/19/1 95/18/1 78/17/1
f 77/19/1 96/20/1 95/18/1
f 76/21/1 96/20/1 77/19/1
f 76/21/1 97/22/1 96/20/1
f 76/21/1 98/23/1 97/22/1
f 75/24/1 98/23/1 76/21/1
f 157/25/1 159/26/1 158/27/1
f 156/28/1 159/26/1 157/25/1
f 156/28/1 160/29/1 159/26/1
f 155/30/1 160/29/1 156/28/1
f 155/30/1 161/31/1 160/29/1
f 154/32/1 161/31/1 155/30/1
f 154/32/1 162/33/1 161/31/1
f 153/34/1 162/33/1 154/32/1
f 153/34/1 163/35/1 162/33/1
f 152/36/1 163/35/1 153/34/1
f 152/36/1 164/37/1 163/35/1
f 75/24/1 99/38/1 98/23/1
f 151/39/1 164/37/1 152/36/1
f 74/40/1 99/38/1 75/24/1
f 151/39/1 165/41/1 164/37/1
f 150/42/1 165/41/1 151/39/1
f 150/42/1 166/43/1 165/41/1
f 149/44/1 166/43/1 150/42/1
f 149/44/1 167/45/1 166/43/1
f 148/46/1 167/45/1 149/44/1
f 73/47/1 99/38/1 74/40/1
f 147/48/1 167/45/1 148/46/1
f 147/48/1 168/49/1 167/45/1
f 146/50/1 168/49/1 147/48/1
f 146/50/1 169/51/1 168/49/1
f 145/52/1 169/51/1 146/50/1
f 73/47/1 100/53/1 99/38/1
f 145/52/1 170/54/1 169/51/1
f 72/55/1 100/53/1 73/47/1
f 144/56/1 170/54/1 145/52/1
f 144/56/1 171/57/1 170/54/1
f 143/58/1 171/57/1 144/56/1
f 142/59/1 171/57/1 143/58/1
f 71/60/1 100/53/1 72/55/1
f 142/59/1 172/61/1 171/57/1
f 141/62/1 172/61/1 142/59/1
f 71/60/1 101/63/1 100/53/1
f 140/64/1 172/61/1 141/62/1
f 139/65/1 172/61/1 140/64/1
f 138/66/1 172/61/1 139/65/1
f 70/67/1 101/63/1 71/60/1
f 138/66/1 173/68/1 172/61/1
f 137/69/1 173/68/1 138/66/1
f 136/70/1 173/68/1 137/69/1
f 135/71/1 173/68/1 136/70/1
f 134/72/1 173/68/1 135/71/1
f 133/73/1 173/68/1 134/72/1
f 132/74/1 173/68/1 133/73/1
f 70/67/1 102/75/1 101/63/1
f 131/76/1 173/68/1 132/74/1
f 130/77/1 173/68/1 131/76/1
f 130/77/1 174/78/1 173/68/1
f 129/79/1 174/78/1 130/77/1
f 69/80/1 102/75/1 70/67/1
f 128/81/1 174/78/1 129/79/1
f 127/82/1 174/78/1 128/81/1
f 69/80/1 103/83/1 102/75/1
f 127/82/1 175/84/1 174/78/1
f 126/85/1 175/84/1 127/82/1
f 68/86/1 103/83/1 69/80/1
f 125/87/1 175/84/1 126/85/1
f 68/86/1 104/88/1 103/83/1
f 125/87/1 176/89/1 175/84/1
f 124/90/1 176/89/1 125/87/1
f 123/91/1 176/89/1 124/90/1
f 67/92/1 104/88/1 68/86/1
f 67/92/1 105/93/1 104/88/1
f 123/91/1 177/94/1 176/89/1
f 122/95/1 177/94/1 123/91/1
f 67/92/1 106/96/1 105/93/1
f 121/97/1 177/94/1 122/95/1
f 121/97/1 178/98/1 177/94/1
f 66/99/1 106/96/1 67/92/1
f 120/100/1 178/98/1 121/97/1
f 66/99/1 107/101/1 106/96/1
f 119/102/1 178/98/1 120/100/1
f 118/103/1 178/98/1 119/102/1
f 117/104/1 178/98/1 118/103/1
f 66/99/1 108/105/1 107/101/1
f 116/106/1 178/98/1 117/104/1
f 116/106/1 179/107/1 178/98/1
f 115/108/1 179/107/1 116/106/1
f 66/99/1 109/109/1 108/105/1
f 114/110/1 179/107/1 115/108/1
f 113/111/1 179/107/1 114/110/1
f 112/112/1 179/107/1 113/111/1
f 66/99/1 110/113/1 109/109/1
f 65/114/1 110/113/1 66/99/1
f 111/115/1 179/107/1 112/112/1
f 110/113/1 179/107/1 111/115/1
f 65/114/1 179/107/1 110/113/1
f 65/114/1 180/116/1 179/107/1
f 64/117/1 180/116/1 65/114/1
f 64/117/1 181/118/1 180/116/1
f 64/117/1 1/119/1 181/118/1
f 63/120/1 1/119/1 64/117/1
f 63/120/1 2/121/1 1/119/1
f 62/122/1 2/121/1 63/120/1
f 62/122/1 3/123/1 2/121/1
f 62/122/1 4/124/1 3/123/1
f 61/125/1 4/124/1 62/122/1
f 61/125/1 5/126/1 4/124/1
f 61/125/1 6/127/1 5/126/1
f 61/125/1 7/128/1 6/127/1
f 60/129/1 7/128/1 61/125/1
f 60/129/1 15/130/1 7/128/1
f 15/130/1 14/131/1 7/128/1
f 14/131/1 8/132/1 7/128/1
f 14/131/1 9/133/1 8/132/1
f 13/134/1 9/133/1 14/131/1
f 60/129/1 16/135/1 15/130/1
f 60/129/1 17/136/1 16/135/1
f 60/129/1 18/137/1 17/136/1
f 13/134/1 10/138/1 9/133/1
f 60/129/1 19/139/1 18/137/1
f 13/134/1 11/140/1 10/138/1
f 13/134/1 12/141/1 11/140/1
f 60/129/1 20/142/1 19/139/1
f 60/129/1 21/143/1 20/142/1
f 59/144/1 21/143/1 60/129/1
f 59/144/1 22/145/1 21/143/1
f 59/144/1 23/146/1 22/145/1
f 59/144/1 24/147/1 23/146/1
f 58/148/1 24/147/1 59/144/1
f 58/148/1 25/149/1 24/147/1
f 58/148/1 26/150/1 25/149/1
f 57/151/1 26/150/1 58/148/1
f 57/151/1 27/152/1 26/150/1
f 57/151/1 28/153/1 27/152/1
f 57/151/1 29/154/1 28/153/1
f 57/151/1 30/155/1 29/154/1
f 57/151/1 31/156/1 30/155/1
f 56/157/1 31/156/1 57/151/1
f 56/157/1 32/158/1 31/156/1
f 56/157/1 33/159/1 32/158/1
f 56/157/1 34/160/1 33/159/1
f 56/157/1 35/161/1 34/160/1
f 55/162/1 35/161/1 56/157/1
f 55/162/1 36/163/1 35/161/1
f 55/162/1 37/164/1 36/163/1
f 55/162/1 38/165/1 37/164/1
f 54/166/1 38/165/1 55/162/1
f 54/166/1 39/167/1 38/165/1
f 54/166/1 40/168/1 39/167/1
f 53/169/1 40/168/1 54/166/1
f 53/169/1 41/170/1 40/168/1
f 53/169/1 42/171/1 41/170/1
f 53/169/1 43/172/1 42/171/1
f 52/173/1 43/172/1 53/169/1
f 52/173/1 44/174/1 43/172/1
f 52/173/1 45/175/1 44/174/1
f 51/176/1 45/175/1 52/173/1
f 51/176/1 46/177/1 45/175/1
f 51/176/1 47/178/1 46/177/1
f 51/176/1 48/179/1 47/178/1
f 50/180/1 48/179/1 51/176/1
f 50/180/1 49/181/1 48/179/1
f 481/182/1 375/183/1 374/184/1
f 481/182/1 376/185/1 375/183/1
f 480/186/1 376/185/1 481/182/1
f 480/186/1 377/187/1 376/185/1
f 480/186/1 378/188/1 377/187/1
f 479/189/1 378/188/1 480/186/1
f 479/189/1 379/190/1 378/188/1
f 479/189/1 380/191/1 379/190/1
f 478/192/1 380/191/1 479/189/1
f 478/192/1 381/193/1 380/191/1
f 478/192/1 382/194/1 381/193/1
f 477/195/1 382/194/1 478/192/1
f 477/195/1 383/196/1 382/194/1
f 477/195/1 384/197/1 383/196/1
f 476/198/1 384/197/1 477/195/1
f 476/198/1 385/199/1 384/197/1
f 475/200/1 385/199/1 476/198/1
f 475/200/1 386/201/1 385/199/1
f 475/200/1 387/202/1 386/201/1
f 474/203/1 387/202/1 475/200/1
f 473/204/1 387/202/1 474/203/1
f 473/204/1 388/205/1 387/202/1
f 472/206/1 388/205/1 473/204/1
f 472/206/1 389/207/1 388/205/1
f 471/208/1 389/207/1 472/206/1
f 470/209/1 389/207/1 471/208/1
f 470/209/1 390/210/1 389/207/1
f 469/211/1 390/210/1 470/209/1
f 468/212/1 390/210/1 469/211/1
f 468/212/1 391/213/1 390/210/1
f 467/214/1 391/213/1 468/212/1
f 466/215/1 391/213/1 467/214/1
f 466/215/1 392/216/1 391/213/1
f 465/217/1 392/216/1 466/215/1
f 464/218/1 392/216/1 465/217/1
f 463/219/1 392/216/1 464/218/1
f 463/219/1 393/220/1 392/216/1
f 462/221/1 393/220/1 463/219/1
f 461/222/1 393/220/1 462/221/1
f 460/223/1 393/220/1 461/222/1
f 459/224/1 393/220/1 460/223/1
f 459/224/1 394/225/1 393/220/1
f 458/226/1 394/225/1 459/224/1
f 457/227/1 394/225/1 458/226/1
f 457/227/1 395/228/1 394/225/1
f 457/227/1 396/229/1 395/228/1
f 456/230/1 396/229/1 457/227/1
f 456/230/1 397/231/1 396/229/1
f 455/232/1 397/231/1 456/230/1
f 455/232/1 398/233/1 397/231/1
f 455/232/1 399/234/1 398/233/1
f 454/235/1 399/234/1 455/232/1
f 454/235/1 400/236/1 399/234/1
f 453/237/1 400/236/1 454/235/1
f 453/237/1 401/238/1 400/236/1
f 452/239/1 401/238/1 453/237/1
f 452/239/1 402/240/1 401/238/1
f 451/241/1 402/240/1 452/239/1
f 451/241/1 403/242/1 402/240/1
f 577/243/1 483/244/1 482/245/1
f 577/243/1 484/246/1 483/244/1
f 577/243/1 485/247/1 484/246/1
f 577/243/1 486/248/1 485/247/1
f 576/249/1 486/248/1 577/243/1
f 576/249/1 487/250/1 486/248/1
f 576/249/1 488/251/1 487/250/1
f 576/249/1 489/252/1 488/251/1
f 575/253/1 489/252/1 576/249/1
f 575/253/1 490/254/1 489/252/1
f 451/241/1 404/255/1 403/242/1
f 575/253/1 491/256/1 490/254/1
f 575/253/1 492/257/1 491/256/1
f 575/253/1 493/258/1 492/257/1
f 574/259/1 493/258/1 575/253/1
f 574/259/1 494/260/1 493/258/1
f 574/259/1 495/261/1 494/260/1
f 573/262/1 495/261/1 574/259/1
f 450/263/1 404/255/1 451/241/1
f 572/264/1 495/261/1 573/262/1
f 571/265/1 495/261/1 572/264/1
f 571/265/1 496/266/1 495/261/1
f 570/267/1 496/266/1 571/265/1
f 569/268/1 496/266/1 570/267/1
f 450/263/1 405/269/1 404/255/1
f 568/270/1 496/266/1 569/268/1
f 568/270/1 497/271/1 496/266/1
f 567/272/1 497/271/1 568/270/1
f 449/273/1 405/269/1 450/263/1
f 566/274/1 497/271/1 567/272/1
f 566/274/1 498/275/1 497/271/1
f 449/273/1 406/276/1 405/269/1
f 565/277/1 498/275/1 566/274/1
f 564/278/1 498/275/1 565/277/1
f 564/278/1 499/279/1 498/275/1
f 563/280/1 499/279/1 564/278/1
f 562/281/1 499/279/1 563/280/1
f 561/282/1 499/279/1 562/281/1
f 560/283/1 499/279/1 561/282/1
f 448/284/1 406/276/1 449/273/1
f 560/283/1 500/285/1 499/279/1
f 559/286/1 500/285/1 560/283/1
f 448/284/1 407/287/1 406/276/1
f 558/288/1 500/285/1 559/286/1
f 557/289/1 500/285/1 558/288/1
f 556/290/1 500/285/1 557/289/1
f 556/290/1 501/291/1 500/285/1
f 555/292/1 501/291/1 556/290/1
f 554/293/1 501/291/1 555/292/1
f 553/294/1 501/291/1 554/293/1
f 448/284/1 408/295/1 407/287/1
f 553/294/1 502/296/1 501/291/1
f 447/297/1 408/295/1 448/284/1
f 553/294/1 503/298/1 502/296/1
f 447/297/1 409/299/1 408/295/1
f 552/300/1 503/298/1 553/294/1
f 552/300/1 504/301/1 503/298/1
f 446/302/1 409/299/1 447/297/1
f 446/302/1 410/303/1 409/299/1
f 552/300/1 505/304/1 504/301/1
f 551/305/1 505/304/1 552/300/1
f 551/305/1 506/306/1 505/304/1
f 445/307/1 410/303/1 446/302/1
f 445/307/1 411/308/1 410/303/1
f 550/309/1 506/306/1 551/305/1
f 445/307/1 412/310/1 411/308/1
f 550/309/1 507/311/1 506/306/1
f 445/307/1 413/312/1 412/310/1
f 444/313/1 413/312/1 445/307/1
f 444/313/1 414/314/1 413/312/1
f 444/313/1 415/315/1 414/314/1
f 443/316/1 415/315/1 444/313/1
f 549/317/1 507/311/1 550/309/1
f 549/317/1 508/318/1 507/311/1
f 443/316/1 416/319/1 415/315/1
f 443/316/1 417/320/1 416/319/1
f 442/321/1 417/320/1 443/316/1
f 442/321/1 418/322/1 417/320/1
f 549/317/1 509/323/1 508/318/1
f 442/321/1 419/324/1 418/322/1
f 441/325/1 419/324/1 442/321/1
f 548/326/1 509/323/1 549/317/1
f 441/325/1 420/327/1 419/324/1
f 440/328/1 420/327/1 441/325/1
f 440/328/1 421/329/1 420/327/1
f 440/328/1 422/330/1 421/329/1
f 439/331/1 422/330/1 440/328/1
f 548/326/1 510/332/1 509/323/1
f 439/331/1 423/333/1 422/330/1
f 439/331/1 424/334/1 423/333/1
f 547/335/1 510/332/1 548/326/1
f 438/336/1 424/334/1 439/331/1
f 438/336/1 425/337/1 424/334/1
f 438/336/1 426/338/1 425/337/1
f 437/339/1 426/338/1 438/336/1
f 437/339/1 427/340/1 426/338/1
f 437/339/1 428/341/1 427/340/1
f 436/342/1 428/341/1 437/339/1
f 436/342/1 429/343/1 428/341/1
f 436/342/1 430/344/1 429/343/1
f 547/335/1 511/345/1 510/332/1
f 435/346/1 430/344/1 436/342/1
f 435/346/1 431/347/1 430/344/1
f 435/346/1 432/348/1 431/347/1
f 434/349/1 432/348/1 435/346/1
f 434/349/1 433/350/1 432/348/1
f 546/351/1 511/345/1 547/335/1
f 546/351/1 512/352/1 511/345/1
f 545/353/1 512/352/1 546/351/1
f 545/353/1 513/354/1 512/352/1
f 545/353/1 514/355/1 513/354/1
f 544/356/1 514/355/1 545/353/1
f 544/356/1 515/357/1 514/355/1
f 543/358/1 515/357/1 544/356/1
f 543/358/1 516/359/1 515/357/1
f 542/360/1 516/359/1 543/358/1
f 542/360/1 517/361/1 516/359/1
f 542/360/1 518/362/1 517/361/1
f 541/363/1 518/362/1 542/360/1
f 541/363/1 519/364/1 518/362/1
f 540/365/1 519/364/1 541/363/1
f 540/365/1 520/366/1 519/364/1
f 539/367/1 520/366/1 540/365/1
f 539/367/1 521/368/1 520/366/1
f 538/369/1 521/368/1 539/367/1
f 538/369/1 522/370/1 521/368/1
f 537/371/1 522/370/1 538/369/1
f 537/371/1 523/372/1 522/370/1
f 536/373/1 523/372/1 537/371/1
f 536/373/1 524/374/1 523/372/1
f 535/375/1 524/374/1 536/373/1
f 535/375/1 525/376/1 524/374/1
f 534/377/1 525/376/1 535/375/1
f 534/377/1 526/378/1 525/376/1
f 533/379/1 526/378/1 534/377/1
f 533/379/1 527/380/1 526/378/1
f 532/381/1 527/380/1 533/379/1
f 532/381/1 528/382/1 527/380/1
f 531/383/1 528/382/1 532/381/1
f 531/383/1 529/384/1 528/382/1
f 530/385/1 529/384/1 531/383/1
f 601/386/1 603/387/1 602/388/1
f 601/386/1 604/389/1 603/387/1
f 600/390/1 604/389/1 601/386/1
f 600/390/1 605/391/1 604/389/1
f 599/392/1 605/391/1 600/390/1
f 599/392/1 606/393/1 605/391/1
f 598/394/1 606/393/1 599/392/1
f 598/394/1 607/395/1 606/393/1
f 597/396/1 607/395/1 598/394/1
f 597/396/1 608/397/1 607/395/1
f 596/398/1 608/397/1 597/396/1
f 596/398/1 609/399/1 608/397/1
f 595/400/1 609/399/1 596/398/1
f 595/400/1 610/401/1 609/399/1
f 594/402/1 610/401/1 595/400/1
f 594/402/1 611/403/1 610/401/1
f 593/404/1 611/403/1 594/402/1
f 593/404/1 612/405/1 611/403/1
f 592/406/1 612/405/1 593/404/1
f 592/406/1 613/407/1 612/405/1
f 591/408/1 613/407/1 592/406/1
f 591/408/1 614/409/1 613/407/1
f 590/410/1 614/409/1 591/408/1
f 590/410/1 615/411/1 614/409/1
f 589/412/1 615/411/1 590/410/1
f 588/413/1 615/411/1 589/412/1
f 587/414/1 615/411/1 588/413/1
f 586/415/1 615/411/1 587/414/1
f 586/415/1 616/416/1 615/411/1
f 585/417/1 616/416/1 586/415/1
f 584/418/1 616/416/1 585/417/1
f 583/419/1 616/416/1 584/418/1
f 582/420/1 616/416/1 583/419/1
f 582/420/1 617/421/1 616/416/1
f 581/422/1 617/421/1 582/420/1
f 580/423/1 617/421/1 581/422/1
f 579/424/1 617/421/1 580/423/1
f 578/425/1 617/421/1 579/424/1
f 578/425/1 618/426/1 617/421/1
f 721/118/1 618/426/1 578/425/1
f 721/118/1 619/427/1 618/426/1
f 720/428/1 619/427/1 721/118/1
f 719/429/1 619/427/1 720/428/1
f 719/429/1 620/430/1 619/427/1
f 718/431/1 620/430/1 719/429/1
f 718/431/1 621/432/1 620/430/1
f 717/433/1 621/432/1 718/431/1
f 717/433/1 622/434/1 621/432/1
f 716/435/1 622/434/1 717/433/1
f 716/435/1 623/436/1 622/434/1
f 715/437/1 623/436/1 716/435/1
f 715/437/1 624/438/1 623/436/1
f 714/439/1 624/438/1 715/437/1
f 714/439/1 625/440/1 624/438/1
f 713/441/1 625/440/1 714/439/1
f 712/442/1 625/440/1 713/441/1
f 712/442/1 626/443/1 625/440/1
f 711/444/1 626/443/1 712/442/1
f 711/444/1 627/445/1 626/443/1
f 711/444/1 628/446/1 627/445/1
f 710/447/1 628/446/1 711/444/1
f 710/447/1 629/448/1 628/446/1
f 709/449/1 629/448/1 710/447/1
f 709/449/1 630/450/1 629/448/1
f 709/449/1 631/451/1 630/450/1
f 708/452/1 631/451/1 709/449/1
f 708/452/1 632/453/1 631/451/1
f 708/452/1 633/454/1 632/453/1
f 707/455/1 633/454/1 708/452/1
f 707/455/1 634/456/1 633/454/1
f 707/455/1 635/457/1 634/456/1
f 706/458/1 635/457/1 707/455/1
f 706/458/1 636/459/1 635/457/1
f 705/460/1 636/459/1 706/458/1
f 705/460/1 637/461/1 636/459/1
f 705/460/1 638/462/1 637/461/1
f 704/463/1 638/462/1 705/460/1
f 704/463/1 639/464/1 638/462/1
f 703/465/1 639/464/1 704/463/1
f 703/465/1 640/466/1 639/464/1
f 703/465/1 641/467/1 640/466/1
f 702/468/1 641/467/1 703/465/1
f 702/468/1 642/469/1 641/467/1
f 702/468/1 643/470/1 642/469/1
f 701/471/1 643/470/1 702/468/1
f 701/471/1 644/472/1 643/470/1
f 701/471/1 645/473/1 644/472/1
f 700/474/1 645/473/1 701/471/1
f 700/474/1 646/475/1 645/473/1
f 700/474/1 647/476/1 646/475/1
f 699/477/1 647/476/1 700/474/1
f 699/477/1 648/478/1 647/476/1
f 699/477/1 649/479/1 648/478/1
f 699/477/1 650/480/1 649/479/1
f 698/481/1 650/480/1 699/477/1
f 698/481/1 651/482/1 650/480/1
f 698/481/1 652/483/1 651/482/1
f 698/481/1 653/484/1 652/483/1
f 698/481/1 654/485/1 653/484/1
f 697/486/1 654/485/1 698/481/1
f 697/486/1 655/487/1 654/485/1
f 696/488/1 655/487/1 697/486/1
f 696/488/1 656/489/1 655/487/1
f 695/490/1 656/489/1 696/488/1
f 695/490/1 657/491/1 656/489/1
f 694/492/1 657/491/1 695/490/1
f 694/492/1 658/493/1 657/491/1
f 693/494/1 658/493/1 694/492/1
f 693/494/1 659/495/1 658/493/1
f 692/496/1 659/495/1 693/494/1
f 692/496/1 660/497/1 659/495/1
f 691/498/1 660/497/1 692/496/1
f 691/498/1 661/499/1 660/497/1
f 690/500/1 661/499/1 691/498/1
f 690/500/1 662/501/1 661/499/1
f 689/502/1 662/501/1 690/500/1
f 689/502/1 663/503/1 662/501/1
f 688/504/1 663/503/1 689/502/1
f 687/505/1 663/503/1 688/504/1
f 687/505/1 664/506/1 663/503/1
f 686/507/1 664/506/1 687/505/1
f 686/507/1 665/508/1 664/506/1
f 685/509/1 665/508/1 686/507/1
f 685/509/1 666/510/1 665/508/1
f 684/511/1 666/510/1 685/509/1
f 683/512/1 666/510/1 684/511/1
f 683/512/1 667/513/1 666/510/1
f 682/514/1 667/513/1 683/512/1
f 682/514/1 668/515/1 667/513/1
f 681/516/1 668/515/1 682/514/1
f 681/516/1 669/517/1 668/515/1
f 680/518/1 669/517/1 681/516/1
f 680/518/1 670/519/1 669/517/1
f 679/520/1 670/519/1 680/518/1
f 678/521/1 670/519/1 679/520/1
f 678/521/1 671/522/1 670/519/1
f 677/523/1 671/522/1 678/521/1
f 677/523/1 672/524/1 671/522/1
f 676/525/1 672/524/1 677/523/1
f 676/525/1 673/526/1 672/524/1
f 675/527/1 673/526/1 676/525/1
f 675/527/1 674/528/1 673/526/1
f 217/529/1 219/530/1 218/531/1
f 216/532/1 219/530/1 217/529/1
f 216/532/1 220/533/1 219/530/1
f 215/534/1 220/533/1 216/532/1
f 215/534/1 221/535/1 220/533/1
f 214/536/1 221/535/1 215/534/1
f 214/536/1 222/537/1 221/535/1
f 213/538/1 222/537/1 214/536/1
f 213/538/1 223/539/1 222/537/1
f 212/540/1 223/539/1 213/538/1
f 211/541/1 223/539/1 212/540/1
f 211/541/1 224/542/1 223/539/1
f 210/543/1 224/542/1 211/541/1
f 210/543/1 225/544/1 224/542/1
f 209/545/1 225/544/1 210/543/1
f 209/545/1 226/546/1 225/544/1
f 208/547/1 226/546/1 209/545/1
f 208/547/1 227/548/1 226/546/1
f 207/549/1 227/548/1 208/547/1
f 206/550/1 227/548/1 207/549/1
f 206/550/1 228/551/1 227/548/1
f 205/552/1 228/551/1 206/550/1
f 205/552/1 229/553/1 228/551/1
f 204/554/1 229/553/1 205/552/1
f 203/555/1 229/553/1 204/554/1
f 203/555/1 230/556/1 229/553/1
f 202/557/1 230/556/1 203/555/1
f 201/558/1 230/556/1 202/557/1
f 200/559/1 230/556/1 201/558/1
f 200/559/1 231/560/1 230/556/1
f 199/561/1 231/560/1 200/559/1
f 198/562/1 231/560/1 199/561/1
f 197/563/1 231/560/1 198/562/1
f 197/563/1 232/564/1 231/560/1
f 196/565/1 232/564/1 197/563/1
f 195/566/1 232/564/1 196/565/1
f 194/567/1 232/564/1 195/566/1
f 194/567/1 233/568/1 232/564/1
f 193/569/1 233/568/1 194/567/1
f 193/569/1 234/570/1 233/568/1
f 192/571/1 234/570/1 193/569/1
f 192/571/1 235/572/1 234/570/1
f 191/573/1 235/572/1 192/571/1
f 191/573/1 236/574/1 235/572/1
f 191/573/1 237/575/1 236/574/1
f 190/576/1 237/575/1 191/573/1
f 190/576/1 238/577/1 237/575/1
f 189/578/1 238/577/1 190/576/1
f 189/578/1 239/579/1 238/577/1
f 188/580/1 239/579/1 189/578/1
f 188/580/1 240/581/1 239/579/1
f 187/582/1 240/581/1 188/580/1
f 187/582/1 241/583/1 240/581/1
f 186/584/1 241/583/1 187/582/1
f 186/584/1 242/585/1 241/583/1
f 185/586/1 242/585/1 186/584/1
f 185/586/1 243/587/1 242/585/1
f 184/588/1 243/587/1 185/586/1
f 184/588/1 244/589/1 243/587/1
f 183/590/1 244/589/1 184/588/1
f 182/119/1 244/589/1 183/590/1
f 182/119/1 245/591/1 244/589/1
f 373/592/1 245/591/1 182/119/1
f 373/592/1 246/593/1 245/591/1
f 372/594/1 246/593/1 373/592/1
f 372/594/1 247/595/1 246/593/1
f 371/596/1 247/595/1 372/594/1
f 371/596/1 248/597/1 247/595/1
f 370/598/1 248/597/1 371/596/1
f 370/598/1 249/599/1 248/597/1
f 369/600/1 249/599/1 370/598/1
f 369/600/1 250/601/1 249/599/1
f 368/602/1 250/601/1 369/600/1
f 368/602/1 251/603/1 250/601/1
f 367/604/1 251/603/1 368/602/1
f 367/604/1 252/605/1 251/603/1
f 366/606/1 252/605/1 367/604/1
f 366/606/1 253/607/1 252/605/1
f 366/606/1 254/608/1 253/607/1
f 365/609/1 254/608/1 366/606/1
f 365/609/1 255/610/1 254/608/1
f 364/611/1 255/610/1 365/609/1
f 364/611/1 256/612/1 255/610/1
f 363/613/1 256/612/1 364/611/1
f 363/613/1 257/614/1 256/612/1
f 363/613/1 258/615/1 257/614/1
f 362/616/1 258/615/1 363/613/1
f 362/616/1 259/617/1 258/615/1
f 362/616/1 260/618/1 259/617/1
f 361/619/1 260/618/1 362/616/1
f 361/619/1 261/620/1 260/618/1
f 361/619/1 262/621/1 261/620/1
f 361/619/1 263/622/1 262/621/1
f 361/619/1 264/623/1 263/622/1
f 360/624/1 264/623/1 361/619/1
f 360/624/1 265/625/1 264/623/1
f 360/624/1 266/626/1 265/625/1
f 360/624/1 267/627/1 266/626/1
f 360/624/1 268/628/1 267/627/1
f 360/624/1 269/629/1 268/628/1
f 360/624/1 270/630/1 269/629/1
f 360/624/1 271/631/1 270/630/1
f 360/624/1 272/632/1 271/631/1
f 360/624/1 273/633/1 272/632/1
f 360/624/1 274/634/1 273/633/1
f 360/624/1 275/635/1 274/634/1
f 360/624/1 276/636/1 275/635/1
f 359/637/1 276/636/1 360/624/1
f 359/637/1 277/638/1 276/636/1
f 359/637/1 278/639/1 277/638/1
f 359/637/1 279/640/1 278/639/1
f 358/641/1 279/640/1 359/637/1
f 358/641/1 280/642/1 279/640/1
f 357/643/1 280/642/1 358/641/1
f 356/644/1 280/642/1 357/643/1
f 356/644/1 281/645/1 280/642/1
f 355/646/1 281/645/1 356/644/1
f 355/646/1 282/647/1 281/645/1
f 354/648/1 282/647/1 355/646/1
f 354/648/1 283/649/1 282/647/1
f 353/650/1 283/649/1 354/648/1
f 352/651/1 283/649/1 353/650/1
f 352/651/1 284/652/1 283/649/1
f 351/653/1 284/652/1 352/651/1
f 351/653/1 285/654/1 284/652/1
f 350/655/1 285/654/1 351/653/1
f 350/655/1 286/656/1 285/654/1
f 349/657/1 286/656/1 350/655/1
f 349/657/1 287/658/1 286/656/1
f 348/659/1 287/658/1 349/657/1
f 348/659/1 288/660/1 287/658/1
f 347/661/1 288/660/1 348/659/1
f 347/661/1 289/662/1 288/660/1
f 347/661/1 290/663/1 289/662/1
f 346/664/1 290/663/1 347/661/1
f 346/664/1 291/665/1 290/663/1
f 345/666/1 291/665/1 346/664/1
f 345/666/1 292/667/1 291/665/1
f 344/668/1 292/667/1 345/666/1
f 344/668/1 293/669/1 292/667/1
f 343/670/1 293/669/1 344/668/1
f 343/670/1 294/671/1 293/669/1
f 342/672/1 294/671/1 343/670/1
f 342/672/1 295/673/1 294/671/1
f 341/674/1 295/673/1 342/672/1
f 341/674/1 296/675/1 295/673/1
f 340/676/1 296/675/1 341/674/1
f 340/676/1 297/677/1 296/675/1
f 339/678/1 297/677/1 340/676/1
f 339/678/1 298/679/1 297/677/1
f 338/680/1 298/679/1 339/678/1
f 338/680/1 299/681/1 298/679/1
f 337/682/1 299/681/1 338/680/1
f 336/683/1 299/681/1 337/682/1
f 335/684/1 299/681/1 336/683/1
f 335/684/1 300/685/1 299/681/1
f 334/686/1 300/685/1 335/684/1
f 333/687/1 300/685/1 334/686/1
f 332/688/1 300/685/1 333/687/1
f 331/689/1 300/685/1 332/688/1
f 330/690/1 300/685/1 331/689/1
f 329/691/1 300/685/1 330/690/1
f 329/691/1 301/692/1 300/685/1
f 328/693/1 301/692/1 329/691/1
f 327/694/1 301/692/1 328/693/1
f 326/695/1 301/692/1 327/694/1
f 325/696/1 301/692/1 326/695/1
f 325/696/1 302/697/1 301/692/1
f 324/698/1 302/697/1 325/696/1
f 323/699/1 302/697/1 324/698/1
f 322/700/1 302/697/1 323/699/1
f 321/701/1 302/697/1 322/700/1
f 321/701/1 303/702/1 302/697/1
f 320/703/1 303/702/1 321/701/1
f 320/703/1 304/704/1 303/702/1
f 319/705/1 304/704/1 320/703/1
f 319/705/1 305/706/1 304/704/1
f 319/705/1 306/707/1 305/706/1
f 318/708/1 306/707/1 319/705/1
f 318/708/1 307/709/1 306/707/1
f 318/708/1 308/710/1 307/709/1
f 317/711/1 308/710/1 318/708/1
f 317/711/1 309/712/1 308/710/1
f 316/713/1 309/712/1 317/711/1
f 316/713/1 310/714/1 309/712/1
f 316/713/1 311/715/1 310/714/1
f 315/716/1 311/715/1 316/713/1
f 315/716/1 312/717/1 311/715/1
f 315/716/1 313/718/1 312/717/1
f 314/719/1 313/718/1 315/716/1
f 806/1/1 808/2/1 807/3/1
f 806/1/1 809/4/1 808/2/1
f 805/5/1 809/4/1 806/1/1
f 805/5/1 810/6/1 809/4/1
f 804/7/1 810/6/1 805/5/1
f 804/7/1 811/8/1 810/6/1
f 803/9/1 811/8/1 804/7/1
f 803/9/1 812/10/1 811/8/1
f 802/11/1 812/10/1 803/9/1
f 802/11/1 813/12/1 812/10/1
f 801/13/1 813/12/1 802/11/1
f 801/13/1 814/14/1 813/12/1
f 800/15/1 814/14/1 801/13/1
f 800/15/1 815/16/1 814/14/1
f 799/17/1 815/16/1 800/15/1
f 799/17/1 816/18/1 815/16/1
f 798/19/1 816/18/1 799/17/1
f 798/19/1 817/20/1 816/18/1
f 797/21/1 817/20/1 798/19/1
f 797/21/1 818/22/1 817/20/1
f 797/21/1 819/23/1 818/22/1
f 796/24/1 819/23/1 797/21/1
f 878/25/1 880/26/1 879/27/1
f 877/28/1 880/26/1 878/25/1
f 877/28/1 881/29/1 880/26/1
f 876/30/1 881/29/1 877/28/1
f 876/30/1 882/31/1 881/29/1
f 875/32/1 882/31/1 876/30/1
f 875/32/1 883/33/1 882/31/1
f 874/34/1 883/33/1 875/32/1
f 874/34/1 884/35/1 883/33/1
f 873/36/1 884/35/1 874/34/1
f 873/36/1 885/37/1 884/35/1
f 796/24/1 820/38/1 819/23/1
f 872/39/1 885/37/1 873/36/1
f 795/40/1 820/38/1 796/24/1
f 872/39/1 886/41/1 885/37/1
f 871/42/1 886/41/1 872/39/1
f 871/42/1 887/43/1 886/41/1
f 870/44/1 887/43/1 871/42/1
f 870/44/1 888/45/1 887/43/1
f 869/46/1 888/45/1 870/44/1
f 794/47/1 820/38/1 795/40/1
f 868/48/1 888/45/1 869/46/1
f 868/48/1 889/49/1 888/45/1
f 867/50/1 889/49/1 868/48/1
f 867/50/1 890/51/1 889/49/1
f 866/52/1 890/51/1 867/50/1
f 794/47/1 821/53/1 820/38/1
f 866/52/1 891/54/1 890/51/1
f 793/55/1 821/53/1 794/47/1
f 865/56/1 891/54/1 866/52/1
f 865/56/1 892/57/1 891/54/1
f 864/58/1 892/57/1 865/56/1
f 863/59/1 892/57/1 864/58/1
f 792/60/1 821/53/1 793/55/1
f 863/59/1 893/61/1 892/57/1
f 862/62/1 893/61/1 863/59/1
f 792/60/1 822/63/1 821/53/1
f 861/64/1 893/61/1 862/62/1
f 860/65/1 893/61/1 861/64/1
f 859/66/1 893/61/1 860/65/1
f 791/67/1 822/63/1 792/60/1
f 859/66/1 894/68/1 893/61/1
f 858/69/1 894/68/1 859/66/1
f 857/70/1 894/68/1 858/69/1
f 856/71/1 894/68/1 857/70/1
f 855/72/1 894/68/1 856/71/1
f 854/73/1 894/68/1 855/72/1
f 853/74/1 894/68/1 854/73/1
f 791/67/1 823/75/1 822/63/1
f 852/76/1 894/68/1 853/74/1
f 851/77/1 894/68/1 852/76/1
f 851/77/1 895/78/1 894/68/1
f 850/79/1 895/78/1 851/77/1
f 790/80/1 823/75/1 791/67/1
f 849/81/1 895/78/1 850/79/1
f 848/82/1 895/78/1 849/81/1
f 790/80/1 824/83/1 823/75/1
f 848/82/1 896/84/1 895/78/1
f 847/85/1 896/84/1 848/82/1
f 789/86/1 824/83/1 790/80/1
f 846/87/1 896/84/1 847/85/1
f 789/86/1 825/88/1 824/83/1
f 846/87/1 897/89/1 896/84/1
f 845/90/1 897/89/1 846/87/1
f 844/91/1 897/89/1 845/90/1
f 788/92/1 825/88/1 789/86/1
f 788/92/1 826/93/1 825/88/1
f 844/91/1 898/94/1 897/89/1
f 843/95/1 898/94/1 844/91/1
f 788/92/1 827/96/1 826/93/1
f 842/97/1 898/94/1 843/95/1
f 842/97/1 899/98/1 898/94/1
f 787/99/1 827/96/1 788/92/1
f 841/100/1 899/98/1 842/97/1
f 787/99/1 828/101/1 827/96/1
f 840/102/1 899/98/1 841/100/1
f 839/103/1 899/98/1 840/102/1
f 838/104/1 899/98/1 839/103/1
f 787/99/1 829/105/1 828/101/1
f 837/106/1 899/98/1 838/104/1
f 837/106/1 900/107/1 899/98/1
f 836/108/1 900/107/1 837/106/1
f 787/99/1 830/109/1 829/105/1
f 835/110/1 900/107/1 836/108/1
f 834/111/1 900/107/1 835/110/1
f 833/112/1 900/107/1 834/111/1
f 787/99/1 831/113/1 830/109/1
f 786/114/1 831/113/1 787/99/1
f 832/115/1 900/107/1 833/112/1
f 831/113/1 900/107/1 832/115/1
f 786/114/1 900/107/1 831/113/1
f 786/114/1 901/116/1 900/107/1
f 785/117/1 901/116/1 786/114/1
f 785/117/1 902/118/1 901/116/1
f 785/117/1 722/119/1 902/118/1
f 784/120/1 722/119/1 785/117/1
f 784/120/1 723/121/1 722/119/1
f 783/122/1 723/121/1 784/120/1
f 783/122/1 724/123/1 723/121/1
f 783/122/1 725/124/1 724/123/1
f 782/125/1 725/124/1 783/122/1
f 782/125/1 726/126/1 725/124/1
f 782/125/1 727/127/1 726/126/1
f 782/125/1 728/128/1 727/127/1
f 781/129/1 728/128/1 782/125/1
f 781/129/1 736/130/1 728/128/1
f 736/130/1 735/131/1 728/128/1
f 735/131/1 729/132/1 728/128/1
f 735/131/1 730/133/1 729/132/1
f 734/134/1 730/133/1 735/131/1
f 781/129/1 737/135/1 736/130/1
f 781/129/1 738/136/1 737/135/1
f 781/129/1 739/137/1 738/136/1
f 734/134/1 731/138/1 730/133/1
f 781/129/1 740/139/1 739/137/1
f 734/134/1 732/140/1 731/138/1
f 734/134/1 733/141/1 732/140/1
f 781/129/1 741/142/1 740/139/1
f 781/129/1 742/143/1 741/142/1
f 780/144/1 742/143/1 781/129/1
f 780/144/1 743/145/1 742/143/1
f 780/144/1 744/146/1 743/145/1
f 780/144/1 745/147/1 744/146/1
f 779/148/1 745/147/1 780/144/1
f 779/148/1 746/149/1 745/147/1
f 779/148/1 747/150/1 746/149/1
f 778/151/1 747/150/1 779/148/1
f 778/151/1 748/152/1 747/150/1
f 778/151/1 749/153/1 748/152/1
f 778/151/1 750/154/1 749/153/1
f 778/151/1 751/155/1 750/154/1
f 778/151/1 752/156/1 751/155/1
f 777/157/1 752/156/1 778/151/1
f 777/157/1 753/158/1 752/156/1
f 777/157/1 754/159/1 753/158/1
f 777/157/1 755/160/1 754/159/1
f 777/157/1 756/161/1 755/160/1
f 776/162/1 756/161/1 777/157/1
f 776/162/1 757/163/1 756/161/1
f 776/162/1 758/164/1 757/163/1
f 776/162/1 759/165/1 758/164/1
f 775/166/1 759/165/1 776/162/1
f 775/166/1 760/167/1 759/165/1
f 775/166/1 761/168/1 760/167/1
f 774/169/1 761/168/1 775/166/1
f 774/169/1 762/170/1 761/168/1
f 774/169/1 763/171/1 762/170/1
f 774/169/1 764/172/1 763/171/1
f 773/173/1 764/172/1 774/169/1
f 773/173/1 765/174/1 764/172/1
f 773/173/1 766/175/1 765/174/1
f 772/176/1 766/175/1 773/173/1
f 772/176/1 767/177/1 766/175/1
f 772/176/1 768/178/1 767/177/1
f 772/176/1 769/179/1 768/178/1
f 771/180/1 769/179/1 772/176/1
f 771/180/1 770/181/1 769/179/1
f 1502/720/1 1504/721/1 1503/722/1
f 1501/723/1 1504/721/1 1502/720/1
f 1501/723/1 1505/724/1 1504/721/1
f 1500/725/1 1505/724/1 1501/723/1
f 1500/725/1 1506/726/1 1505/724/1
f 1499/727/1 1506/726/1 1500/725/1
f 1499/727/1 1507/728/1 1506/726/1
f 1498/729/1 1507/728/1 1499/727/1
f 1498/729/1 1508/730/1 1507/728/1
f 1497/731/1 1508/730/1 1498/729/1
f 1497/731/1 1509/732/1 1508/730/1
f 1496/733/1 1509/732/1 1497/731/1
f 1496/733/1 1510/734/1 1509/732/1
f 1495/735/1 1510/734/1 1496/733/1
f 1495/735/1 1511/736/1 1510/734/1
f 1494/737/1 1511/736/1 1495/735/1
f 1494/737/1 1512/738/1 1511/736/1
f 1493/739/1 1512/738/1 1494/737/1
f 1492/740/1 1512/738/1 1493/739/1
f 1492/740/1 1513/741/1 1512/738/1
f 1491/742/1 1513/741/1 1492/740/1
f 1491/742/1 1514/743/1 1513/741/1
f 1490/744/1 1514/743/1 1491/742/1
f 1490/744/1 1515/745/1 1514/743/1
f 1489/746/1 1515/745/1 1490/744/1
f 1488/747/1 1515/745/1 1489/746/1
f 1487/748/1 1515/745/1 1488/747/1
f 1487/748/1 1516/749/1 1515/745/1
f 1486/750/1 1516/749/1 1487/748/1
f 1485/751/1 1516/749/1 1486/750/1
f 1484/752/1 1516/749/1 1485/751/1
f 1484/752/1 1517/753/1 1516/749/1
f 1483/754/1 1517/753/1 1484/752/1
f 1482/755/1 1517/753/1 1483/754/1
f 1481/756/1 1517/753/1 1482/755/1
f 1481/756/1 1518/757/1 1517/753/1
f 1480/758/1 1518/757/1 1481/756/1
f 1479/759/1 1518/757/1 1480/758/1
f 1478/760/1 1518/757/1 1479/759/1
f 1478/760/1 1519/761/1 1518/757/1
f 1477/762/1 1519/761/1 1478/760/1
f 1476/763/1 1519/761/1 1477/762/1
f 1476/763/1 1520/764/1 1519/761/1
f 1475/765/1 1520/764/1 1476/763/1
f 1474/766/1 1520/764/1 1475/765/1
f 1473/767/1 1520/764/1 1474/766/1
f 1472/768/1 1520/764/1 1473/767/1
f 1472/768/1 1521/769/1 1520/764/1
f 1471/770/1 1521/769/1 1472/768/1
f 1470/771/1 1521/769/1 1471/770/1
f 1469/772/1 1521/769/1 1470/771/1
f 1468/773/1 1521/769/1 1469/772/1
f 1467/774/1 1521/769/1 1468/773/1
f 1466/775/1 1521/769/1 1467/774/1
f 1466/775/1 1522/776/1 1521/769/1
f 1465/777/1 1522/776/1 1466/775/1
f 1464/778/1 1522/776/1 1465/777/1
f 1463/779/1 1522/776/1 1464/778/1
f 1463/779/1 1523/780/1 1522/776/1
f 1462/781/1 1523/780/1 1463/779/1
f 1461/782/1 1523/780/1 1462/781/1
f 1460/783/1 1523/780/1 1461/782/1
f 1460/783/1 1524/784/1 1523/780/1
f 1459/785/1 1524/784/1 1460/783/1
f 1458/786/1 1524/784/1 1459/785/1
f 1458/786/1 1525/787/1 1524/784/1
f 1457/788/1 1525/787/1 1458/786/1
f 1456/789/1 1525/787/1 1457/788/1
f 1456/789/1 1526/790/1 1525/787/1
f 1455/791/1 1526/790/1 1456/789/1
f 1455/791/1 1527/792/1 1526/790/1
f 1454/793/1 1527/792/1 1455/791/1
f 1453/794/1 1527/792/1 1454/793/1
f 1452/795/1 1527/792/1 1453/794/1
f 1452/795/1 1528/796/1 1527/792/1
f 1451/797/1 1528/796/1 1452/795/1
f 1451/797/1 1529/798/1 1528/796/1
f 1451/797/1 1530/799/1 1529/798/1
f 1450/800/1 1530/799/1 1451/797/1
f 1450/800/1 1531/801/1 1530/799/1
f 1449/802/1 1531/801/1 1450/800/1
f 1449/802/1 1532/803/1 1531/801/1
f 1448/804/1 1532/803/1 1449/802/1
f 1448/804/1 1533/805/1 1532/803/1
f 1447/806/1 1533/805/1 1448/804/1
f 1447/806/1 1534/807/1 1533/805/1
f 1446/808/1 1534/807/1 1447/806/1
f 1446/808/1 1535/809/1 1534/807/1
f 1446/808/1 1536/810/1 1535/809/1
f 1445/811/1 1536/810/1 1446/808/1
f 1445/811/1 1537/812/1 1536/810/1
f 1444/813/1 1537/812/1 1445/811/1
f 1444/813/1 1538/814/1 1537/812/1
f 1444/813/1 1539/815/1 1538/814/1
f 1443/816/1 1539/815/1 1444/813/1
f 1443/816/1 1540/817/1 1539/815/1
f 1443/816/1 1541/818/1 1540/817/1
f 1442/819/1 1541/818/1 1443/816/1
f 1442/819/1 1542/820/1 1541/818/1
f 1442/819/1 1543/821/1 1542/820/1
f 1442/819/1 1544/822/1 1543/821/1
f 1442/819/1 1545/823/1 1544/822/1
f 1441/824/1 1545/823/1 1442/819/1
f 1441/824/1 1546/825/1 1545/823/1
f 1441/824/1 1547/826/1 1546/825/1
f 1441/824/1 1548/827/1 1547/826/1
f 1440/828/1 1548/827/1 1441/824/1
f 1440/828/1 1549/829/1 1548/827/1
f 1440/828/1 1550/830/1 1549/829/1
f 1440/828/1 1551/831/1 1550/830/1
f 1439/832/1 1551/831/1 1440/828/1
f 1439/832/1 1552/833/1 1551/831/1
f 1439/832/1 1553/834/1 1552/833/1
f 1438/835/1 1553/834/1 1439/832/1
f 1438/835/1 1554/836/1 1553/834/1
f 1438/835/1 1555/837/1 1554/836/1
f 1437/838/1 1555/837/1 1438/835/1
f 1437/838/1 1556/839/1 1555/837/1
f 1436/840/1 1556/839/1 1437/838/1
f 1436/840/1 1557/841/1 1556/839/1
f 1436/840/1 1558/842/1 1557/841/1
f 1435/843/1 1558/842/1 1436/840/1
f 1435/843/1 1559/844/1 1558/842/1
f 1434/845/1 1559/844/1 1435/843/1
f 1434/845/1 1560/846/1 1559/844/1
f 1433/847/1 1560/846/1 1434/845/1
f 1433/847/1 1561/848/1 1560/846/1
f 938/849/1 940/850/1 939/851/1
f 937/852/1 940/850/1 938/849/1
f 937/852/1 941/853/1 940/850/1
f 936/854/1 941/853/1 937/852/1
f 936/854/1 942/855/1 941/853/1
f 935/856/1 942/855/1 936/854/1
f 1432/857/1 1561/848/1 1433/847/1
f 935/856/1 943/858/1 942/855/1
f 1432/857/1 1562/118/1 1561/848/1
f 934/859/1 943/858/1 935/856/1
f 934/859/1 944/860/1 943/858/1
f 933/861/1 944/860/1 934/859/1
f 933/861/1 945/862/1 944/860/1
f 932/863/1 945/862/1 933/861/1
f 932/863/1 946/864/1 945/862/1
f 931/865/1 946/864/1 932/863/1
f 931/865/1 947/866/1 946/864/1
f 930/867/1 947/866/1 931/865/1
f 930/867/1 948/868/1 947/866/1
f 929/869/1 948/868/1 930/867/1
f 928/870/1 948/868/1 929/869/1
f 928/870/1 949/871/1 948/868/1
f 927/872/1 949/871/1 928/870/1
f 927/872/1 950/873/1 949/871/1
f 926/874/1 950/873/1 927/872/1
f 926/874/1 951/875/1 950/873/1
f 925/876/1 951/875/1 926/874/1
f 924/877/1 951/875/1 925/876/1
f 923/878/1 951/875/1 924/877/1
f 922/879/1 951/875/1 923/878/1
f 1432/857/1 903/119/1 1562/118/1
f 922/879/1 952/880/1 951/875/1
f 921/881/1 952/880/1 922/879/1
f 920/882/1 952/880/1 921/881/1
f 919/883/1 952/880/1 920/882/1
f 919/883/1 953/884/1 952/880/1
f 918/885/1 953/884/1 919/883/1
f 1431/886/1 903/119/1 1432/857/1
f 917/887/1 953/884/1 918/885/1
f 916/888/1 953/884/1 917/887/1
f 915/889/1 953/884/1 916/888/1
f 915/889/1 954/890/1 953/884/1
f 914/891/1 954/890/1 915/889/1
f 913/892/1 954/890/1 914/891/1
f 1382/893/1 1384/894/1 1383/895/1
f 1381/896/1 1384/894/1 1382/893/1
f 1381/896/1 1385/897/1 1384/894/1
f 1380/898/1 1385/897/1 1381/896/1
f 1380/898/1 1386/899/1 1385/897/1
f 912/900/1 954/890/1 913/892/1
f 1379/901/1 1386/899/1 1380/898/1
f 1379/901/1 1387/902/1 1386/899/1
f 912/900/1 955/903/1 954/890/1
f 1378/904/1 1387/902/1 1379/901/1
f 911/905/1 955/903/1 912/900/1
f 1378/904/1 1388/906/1 1387/902/1
f 1377/907/1 1388/906/1 1378/904/1
f 910/908/1 955/903/1 911/905/1
f 1377/907/1 1389/909/1 1388/906/1
f 1376/910/1 1389/909/1 1377/907/1
f 909/911/1 955/903/1 910/908/1
f 909/911/1 956/912/1 955/903/1
f 1376/910/1 1390/913/1 1389/909/1
f 1375/914/1 1390/913/1 1376/910/1
f 908/915/1 956/912/1 909/911/1
f 1374/916/1 1390/913/1 1375/914/1
f 907/917/1 956/912/1 908/915/1
f 1374/916/1 1391/918/1 1390/913/1
f 906/919/1 956/912/1 907/917/1
f 906/919/1 957/920/1 956/912/1
f 1373/921/1 1391/918/1 1374/916/1
f 1373/921/1 1392/922/1 1391/918/1
f 905/923/1 957/920/1 906/919/1
f 1372/924/1 1392/922/1 1373/921/1
f 904/925/1 957/920/1 905/923/1
f 1372/924/1 1393/926/1 1392/922/1
f 904/925/1 958/927/1 957/920/1
f 903/119/1 958/927/1 904/925/1
f 1371/928/1 1393/926/1 1372/924/1
f 1431/886/1 958/927/1 903/119/1
f 1371/928/1 1394/929/1 1393/926/1
f 1370/930/1 1394/929/1 1371/928/1
f 1431/886/1 959/931/1 958/927/1
f 1370/930/1 1395/932/1 1394/929/1
f 1370/930/1 1396/933/1 1395/932/1
f 1431/886/1 960/934/1 959/931/1
f 1369/935/1 1396/933/1 1370/930/1
f 1430/936/1 960/934/1 1431/886/1
f 1429/937/1 960/934/1 1430/936/1
f 1429/937/1 961/938/1 960/934/1
f 1428/939/1 961/938/1 1429/937/1
f 1369/935/1 1397/940/1 1396/933/1
f 1368/941/1 1397/940/1 1369/935/1
f 1427/942/1 961/938/1 1428/939/1
f 1427/942/1 962/943/1 961/938/1
f 1426/944/1 962/943/1 1427/942/1
f 1425/945/1 962/943/1 1426/944/1
f 1367/946/1 1397/940/1 1368/941/1
f 1367/946/1 1398/947/1 1397/940/1
f 1425/945/1 963/948/1 962/943/1
f 1424/949/1 963/948/1 1425/945/1
f 1423/950/1 963/948/1 1424/949/1
f 1367/946/1 1399/951/1 1398/947/1
f 1423/950/1 964/952/1 963/948/1
f 1366/953/1 1399/951/1 1367/946/1
f 1423/950/1 965/954/1 964/952/1
f 1422/955/1 965/954/1 1423/950/1
f 1422/955/1 966/956/1 965/954/1
f 1366/953/1 1400/957/1 1399/951/1
f 1421/958/1 966/956/1 1422/955/1
f 1365/959/1 1400/957/1 1366/953/1
f 1421/958/1 967/960/1 966/956/1
f 1421/958/1 968/961/1 967/960/1
f 1365/959/1 1401/962/1 1400/957/1
f 1420/963/1 968/961/1 1421/958/1
f 1420/963/1 969/964/1 968/961/1
f 1364/965/1 1401/962/1 1365/959/1
f 1364/965/1 1402/966/1 1401/962/1
f 1420/963/1 970/967/1 969/964/1
f 1419/968/1 970/967/1 1420/963/1
f 1419/968/1 971/969/1 970/967/1
f 1364/965/1 1403/970/1 1402/966/1
f 1419/968/1 972/971/1 971/969/1
f 1418/972/1 972/971/1 1419/968/1
f 1364/965/1 1404/973/1 1403/970/1
f 1418/972/1 973/974/1 972/971/1
f 1363/975/1 1404/973/1 1364/965/1
f 1417/976/1 973/974/1 1418/972/1
f 1416/977/1 973/974/1 1417/976/1
f 1415/978/1 973/974/1 1416/977/1
f 1415/978/1 974/979/1 973/974/1
f 1363/975/1 1405/980/1 1404/973/1
f 1414/981/1 974/979/1 1415/978/1
f 1413/982/1 974/979/1 1414/981/1
f 1412/983/1 974/979/1 1413/982/1
f 1363/975/1 1406/984/1 1405/980/1
f 1412/983/1 975/985/1 974/979/1
f 1411/986/1 975/985/1 1412/983/1
f 1410/987/1 975/985/1 1411/986/1
f 1409/988/1 975/985/1 1410/987/1
f 1363/975/1 1407/989/1 1406/984/1
f 1408/990/1 975/985/1 1409/988/1
f 1407/989/1 975/985/1 1408/990/1
f 1363/975/1 975/985/1 1407/989/1
f 1363/975/1 1011/991/1 975/985/1
f 1011/991/1 976/992/1 975/985/1
f 1363/975/1 1012/993/1 1011/991/1
f 1010/994/1 976/992/1 1011/991/1
f 1009/995/1 976/992/1 1010/994/1
f 1363/975/1 1013/996/1 1012/993/1
f 1008/997/1 976/992/1 1009/995/1
f 1363/975/1 1014/998/1 1013/996/1
f 1007/999/1 976/992/1 1008/997/1
f 1363/975/1 1015/1000/1 1014/998/1
f 1006/1001/1 976/992/1 1007/999/1
f 1006/1001/1 977/1002/1 976/992/1
f 1362/1003/1 1015/1000/1 1363/975/1
f 1362/1003/1 1016/1004/1 1015/1000/1
f 1005/1005/1 977/1002/1 1006/1001/1
f 1362/1003/1 1017/1006/1 1016/1004/1
f 1004/1007/1 977/1002/1 1005/1005/1
f 1362/1003/1 1018/1008/1 1017/1006/1
f 1003/1009/1 977/1002/1 1004/1007/1
f 1003/1009/1 978/1010/1 977/1002/1
f 1002/1011/1 978/1010/1 1003/1009/1
f 1362/1003/1 1019/1012/1 1018/1008/1
f 1001/1013/1 978/1010/1 1002/1011/1
f 1362/1003/1 1020/1014/1 1019/1012/1
f 1001/1013/1 979/1015/1 978/1010/1
f 1000/1016/1 979/1015/1 1001/1013/1
f 1362/1003/1 1021/1017/1 1020/1014/1
f 999/1018/1 979/1015/1 1000/1016/1
f 999/1018/1 980/1019/1 979/1015/1
f 1362/1003/1 1022/1020/1 1021/1017/1
f 998/1021/1 980/1019/1 999/1018/1
f 998/1021/1 981/1022/1 980/1019/1
f 997/1023/1 981/1022/1 998/1021/1
f 1362/1003/1 1023/1024/1 1022/1020/1
f 996/1025/1 981/1022/1 997/1023/1
f 996/1025/1 982/1026/1 981/1022/1
f 995/1027/1 982/1026/1 996/1025/1
f 1362/1003/1 1024/1028/1 1023/1024/1
f 995/1027/1 983/1029/1 982/1026/1
f 994/1030/1 983/1029/1 995/1027/1
f 993/1031/1 983/1029/1 994/1030/1
f 993/1031/1 984/1032/1 983/1029/1
f 992/1033/1 984/1032/1 993/1031/1
f 991/1034/1 984/1032/1 992/1033/1
f 991/1034/1 985/1035/1 984/1032/1
f 990/1036/1 985/1035/1 991/1034/1
f 990/1036/1 986/1037/1 985/1035/1
f 989/1038/1 986/1037/1 990/1036/1
f 988/1039/1 986/1037/1 989/1038/1
f 988/1039/1 987/1040/1 986/1037/1
f 1361/1041/1 1311/1042/1 1362/1003/1
f 1311/1042/1 1024/1028/1 1362/1003/1
f 1360/1043/1 1311/1042/1 1361/1041/1
f 1360/1043/1 1312/1044/1 1311/1042/1
f 1310/1045/1 1024/1028/1 1311/1042/1
f 1310/1045/1 1025/1046/1 1024/1028/1
f 1359/1047/1 1312/1044/1 1360/1043/1
f 1359/1047/1 1313/1048/1 1312/1044/1
f 1359/1047/1 1314/1049/1 1313/1048/1
f 1358/1050/1 1314/1049/1 1359/1047/1
f 1358/1050/1 1315/1051/1 1314/1049/1
f 1358/1050/1 1316/1052/1 1315/1051/1
f 1310/1045/1 1026/1053/1 1025/1046/1
f 1357/1054/1 1316/1052/1 1358/1050/1
f 1357/1054/1 1317/1055/1 1316/1052/1
f 1309/1056/1 1026/1053/1 1310/1045/1
f 1357/1054/1 1318/1057/1 1317/1055/1
f 1357/1054/1 1319/1058/1 1318/1057/1
f 1356/1059/1 1319/1058/1 1357/1054/1
f 1356/1059/1 1320/1060/1 1319/1058/1
f 1309/1056/1 1027/1061/1 1026/1053/1
f 1356/1059/1 1321/1062/1 1320/1060/1
f 1355/1063/1 1321/1062/1 1356/1059/1
f 1355/1063/1 1322/1064/1 1321/1062/1
f 1355/1063/1 1323/1065/1 1322/1064/1
f 1354/1066/1 1323/1065/1 1355/1063/1
f 1354/1066/1 1324/1067/1 1323/1065/1
f 1354/1066/1 1325/1068/1 1324/1067/1
f 1308/1069/1 1227/1070/1 1309/1056/1
f 1227/1070/1 1027/1061/1 1309/1056/1
f 1354/1066/1 1326/1071/1 1325/1068/1
f 1354/1066/1 1327/1072/1 1326/1071/1
f 1354/1066/1 1328/1073/1 1327/1072/1
f 1354/1066/1 1329/1074/1 1328/1073/1
f 1354/1066/1 1330/1075/1 1329/1074/1
f 1353/1076/1 1330/1075/1 1354/1066/1
f 1353/1076/1 1331/1077/1 1330/1075/1
f 1353/1076/1 1332/1078/1 1331/1077/1
f 1227/1070/1 1028/1079/1 1027/1061/1
f 1353/1076/1 1333/1080/1 1332/1078/1
f 1352/1081/1 1333/1080/1 1353/1076/1
f 1352/1081/1 1334/1082/1 1333/1080/1
f 1308/1069/1 1228/1083/1 1227/1070/1
f 1226/1084/1 1028/1079/1 1227/1070/1
f 1352/1081/1 1335/1085/1 1334/1082/1
f 1351/1086/1 1335/1085/1 1352/1081/1
f 1351/1086/1 1336/1087/1 1335/1085/1
f 1351/1086/1 1337/1088/1 1336/1087/1
f 1350/1089/1 1337/1088/1 1351/1086/1
f 1350/1089/1 1338/1090/1 1337/1088/1
f 1350/1089/1 1339/1091/1 1338/1090/1
f 1350/1089/1 1340/1092/1 1339/1091/1
f 1349/1093/1 1340/1092/1 1350/1089/1
f 1349/1093/1 1341/1094/1 1340/1092/1
f 1349/1093/1 1342/1095/1 1341/1094/1
f 1307/1096/1 1228/1083/1 1308/1069/1
f 1348/1097/1 1342/1095/1 1349/1093/1
f 1348/1097/1 1343/1098/1 1342/1095/1
f 1348/1097/1 1344/1099/1 1343/1098/1
f 1348/1097/1 1345/1100/1 1344/1099/1
f 1347/1101/1 1345/1100/1 1348/1097/1
f 1347/1101/1 1346/1102/1 1345/1100/1
f 1226/1084/1 1029/1103/1 1028/1079/1
f 1307/1096/1 1229/1104/1 1228/1083/1
f 1225/1105/1 1029/1103/1 1226/1084/1
f 1306/1106/1 1229/1104/1 1307/1096/1
f 1225/1105/1 1030/1107/1 1029/1103/1
f 1306/1106/1 1230/1108/1 1229/1104/1
f 1305/1109/1 1230/1108/1 1306/1106/1
f 1305/1109/1 1231/1110/1 1230/1108/1
f 1224/1111/1 1030/1107/1 1225/1105/1
f 1224/1111/1 1031/1112/1 1030/1107/1
f 1304/1113/1 1231/1110/1 1305/1109/1
f 1304/1113/1 1232/1114/1 1231/1110/1
f 1224/1111/1 1032/1115/1 1031/1112/1
f 1223/1116/1 1032/1115/1 1224/1111/1
f 1303/1117/1 1232/1114/1 1304/1113/1
f 1303/1117/1 1233/1118/1 1232/1114/1
f 1223/1116/1 1033/1119/1 1032/1115/1
f 1302/1120/1 1233/1118/1 1303/1117/1
f 1222/1121/1 1033/1119/1 1223/1116/1
f 1302/1120/1 1234/1122/1 1233/1118/1
f 1301/1123/1 1234/1122/1 1302/1120/1
f 1222/1121/1 1034/1124/1 1033/1119/1
f 1301/1123/1 1235/1125/1 1234/1122/1
f 1221/1126/1 1034/1124/1 1222/1121/1
f 1300/1127/1 1235/1125/1 1301/1123/1
f 1300/1127/1 1236/1128/1 1235/1125/1
f 1220/1129/1 1034/1124/1 1221/1126/1
f 1220/1129/1 1035/1130/1 1034/1124/1
f 1299/1131/1 1236/1128/1 1300/1127/1
f 1299/1131/1 1237/1132/1 1236/1128/1
f 1219/1133/1 1035/1130/1 1220/1129/1
f 1219/1133/1 1036/1134/1 1035/1130/1
f 1298/1135/1 1237/1132/1 1299/1131/1
f 1219/1133/1 1037/1136/1 1036/1134/1
f 1298/1135/1 1238/1137/1 1237/1132/1
f 1219/1133/1 1038/1138/1 1037/1136/1
f 1218/1139/1 1038/1138/1 1219/1133/1
f 1297/1140/1 1238/1137/1 1298/1135/1
f 1218/1139/1 1039/1141/1 1038/1138/1
f 1297/1140/1 1239/1142/1 1238/1137/1
f 1218/1139/1 1040/1143/1 1039/1141/1
f 1217/1144/1 1040/1143/1 1218/1139/1
f 1296/1145/1 1239/1142/1 1297/1140/1
f 1217/1144/1 1041/1146/1 1040/1143/1
f 1296/1145/1 1240/1147/1 1239/1142/1
f 1217/1144/1 1042/1148/1 1041/1146/1
f 1295/1149/1 1240/1147/1 1296/1145/1
f 1216/1150/1 1042/1148/1 1217/1144/1
f 1216/1150/1 1043/1151/1 1042/1148/1
f 1295/1149/1 1241/1152/1 1240/1147/1
f 1294/1153/1 1241/1152/1 1295/1149/1
f 1216/1150/1 1044/1154/1 1043/1151/1
f 1215/1155/1 1044/1154/1 1216/1150/1
f 1294/1153/1 1242/1156/1 1241/1152/1
f 1215/1155/1 1045/1157/1 1044/1154/1
f 1293/1158/1 1242/1156/1 1294/1153/1
f 1214/1159/1 1045/1157/1 1215/1155/1
f 1293/1158/1 1243/1160/1 1242/1156/1
f 1214/1159/1 1046/1161/1 1045/1157/1
f 1213/1162/1 1046/1161/1 1214/1159/1
f 1292/1163/1 1243/1160/1 1293/1158/1
f 1292/1163/1 1244/1164/1 1243/1160/1
f 1212/1165/1 1046/1161/1 1213/1162/1
f 1212/1165/1 1047/1166/1 1046/1161/1
f 1291/1167/1 1244/1164/1 1292/1163/1
f 1211/1168/1 1047/1166/1 1212/1165/1
f 1291/1167/1 1245/1169/1 1244/1164/1
f 1210/1170/1 1047/1166/1 1211/1168/1
f 1210/1170/1 1048/1171/1 1047/1166/1
f 1290/1172/1 1245/1169/1 1291/1167/1
f 1209/1173/1 1048/1171/1 1210/1170/1
f 1290/1172/1 1246/1174/1 1245/1169/1
f 1209/1173/1 1049/1175/1 1048/1171/1
f 1208/1176/1 1049/1175/1 1209/1173/1
f 1289/1177/1 1246/1174/1 1290/1172/1
f 1208/1176/1 1050/1178/1 1049/1175/1
f 1207/1179/1 1050/1178/1 1208/1176/1
f 1289/1177/1 1247/1180/1 1246/1174/1
f 1207/1179/1 1051/1181/1 1050/1178/1
f 1206/1182/1 1051/1181/1 1207/1179/1
f 1206/1182/1 1052/1183/1 1051/1181/1
f 1288/1184/1 1247/1180/1 1289/1177/1
f 1288/1184/1 1248/1185/1 1247/1180/1
f 1206/1182/1 1053/1186/1 1052/1183/1
f 1205/1187/1 1053/1186/1 1206/1182/1
f 1205/1187/1 1054/1188/1 1053/1186/1
f 1204/1189/1 1054/1188/1 1205/1187/1
f 1287/1190/1 1248/1185/1 1288/1184/1
f 1204/1189/1 1055/1191/1 1054/1188/1
f 1287/1190/1 1249/1192/1 1248/1185/1
f 1204/1189/1 1056/1193/1 1055/1191/1
f 1203/1194/1 1056/1193/1 1204/1189/1
f 1203/1194/1 1057/1195/1 1056/1193/1
f 1203/1194/1 1058/1196/1 1057/1195/1
f 1286/1197/1 1249/1192/1 1287/1190/1
f 1202/1198/1 1058/1196/1 1203/1194/1
f 1286/1197/1 1250/1199/1 1249/1192/1
f 1154/1200/1 1156/1201/1 1155/1202/1
f 1154/1200/1 1157/1203/1 1156/1201/1
f 1154/1200/1 1158/1204/1 1157/1203/1
f 1153/1205/1 1158/1204/1 1154/1200/1
f 1153/1205/1 1159/1206/1 1158/1204/1
f 1153/1205/1 1160/1207/1 1159/1206/1
f 1152/1208/1 1160/1207/1 1153/1205/1
f 1152/1208/1 1161/1209/1 1160/1207/1
f 1152/1208/1 1162/1210/1 1161/1209/1
f 1285/1211/1 1250/1199/1 1286/1197/1
f 1151/1212/1 1162/1210/1 1152/1208/1
f 1151/1212/1 1163/1213/1 1162/1210/1
f 1151/1212/1 1164/1214/1 1163/1213/1
f 1201/1215/1 1058/1196/1 1202/1198/1
f 1150/1216/1 1164/1214/1 1151/1212/1
f 1150/1216/1 1165/1217/1 1164/1214/1
f 1201/1215/1 1059/1218/1 1058/1196/1
f 1150/1216/1 1166/1219/1 1165/1217/1
f 1150/1216/1 1167/1220/1 1166/1219/1
f 1149/1221/1 1167/1220/1 1150/1216/1
f 1149/1221/1 1168/1222/1 1167/1220/1
f 1284/1223/1 1250/1199/1 1285/1211/1
f 1200/1224/1 1059/1218/1 1201/1215/1
f 1148/1225/1 1168/1222/1 1149/1221/1
f 1147/1226/1 1168/1222/1 1148/1225/1
f 1199/1227/1 1059/1218/1 1200/1224/1
f 1283/1228/1 1250/1199/1 1284/1223/1
f 1147/1226/1 1169/1229/1 1168/1222/1
f 1199/1227/1 1060/1230/1 1059/1218/1
f 1146/1231/1 1169/1229/1 1147/1226/1
f 1198/1232/1 1060/1230/1 1199/1227/1
f 1282/1233/1 1250/1199/1 1283/1228/1
f 1145/1234/1 1169/1229/1 1146/1231/1
f 1145/1234/1 1170/1235/1 1169/1229/1
f 1197/1236/1 1060/1230/1 1198/1232/1
f 1144/1237/1 1170/1235/1 1145/1234/1
f 1281/1238/1 1250/1199/1 1282/1233/1
f 1144/1237/1 1171/1239/1 1170/1235/1
f 1196/1240/1 1060/1230/1 1197/1236/1
f 1195/1241/1 1060/1230/1 1196/1240/1
f 1143/1242/1 1171/1239/1 1144/1237/1
f 1143/1242/1 1172/1243/1 1171/1239/1
f 1280/1244/1 1250/1199/1 1281/1238/1
f 1194/1245/1 1060/1230/1 1195/1241/1
f 1193/1246/1 1060/1230/1 1194/1245/1
f 1143/1242/1 1173/1247/1 1172/1243/1
f 1142/1248/1 1173/1247/1 1143/1242/1
f 1192/1249/1 1060/1230/1 1193/1246/1
f 1279/1250/1 1250/1199/1 1280/1244/1
f 1192/1249/1 1061/1251/1 1060/1230/1
f 1142/1248/1 1174/1252/1 1173/1247/1
f 1191/1253/1 1061/1251/1 1192/1249/1
f 1279/1250/1 1251/1254/1 1250/1199/1
f 1190/1255/1 1061/1251/1 1191/1253/1
f 1189/1256/1 1061/1251/1 1190/1255/1
f 1142/1248/1 1175/1257/1 1174/1252/1
f 1141/1258/1 1175/1257/1 1142/1248/1
f 1188/1259/1 1061/1251/1 1189/1256/1
f 1278/1260/1 1251/1254/1 1279/1250/1
f 1187/1261/1 1061/1251/1 1188/1259/1
f 1141/1258/1 1176/1262/1 1175/1257/1
f 1186/1263/1 1061/1251/1 1187/1261/1
f 1185/1264/1 1061/1251/1 1186/1263/1
f 1141/1258/1 1177/1265/1 1176/1262/1
f 1184/1266/1 1061/1251/1 1185/1264/1
f 1183/1267/1 1061/1251/1 1184/1266/1
f 1141/1258/1 1178/1268/1 1177/1265/1
f 1182/1269/1 1061/1251/1 1183/1267/1
f 1181/1270/1 1061/1251/1 1182/1269/1
f 1141/1258/1 1179/1271/1 1178/1268/1
f 1180/1272/1 1061/1251/1 1181/1270/1
f 1179/1271/1 1061/1251/1 1180/1272/1
f 1141/1258/1 1061/1251/1 1179/1271/1
f 1277/1273/1 1251/1254/1 1278/1260/1
f 1140/1274/1 1061/1251/1 1141/1258/1
f 1276/1275/1 1251/1254/1 1277/1273/1
f 1139/1276/1 1061/1251/1 1140/1274/1
f 1139/1276/1 1062/1277/1 1061/1251/1
f 1275/1278/1 1251/1254/1 1276/1275/1
f 1138/1279/1 1062/1277/1 1139/1276/1
f 1274/1280/1 1251/1254/1 1275/1278/1
f 1137/1281/1 1062/1277/1 1138/1279/1
f 1273/1282/1 1251/1254/1 1274/1280/1
f 1136/1283/1 1062/1277/1 1137/1281/1
f 1135/1284/1 1062/1277/1 1136/1283/1
f 1273/1282/1 1252/1285/1 1251/1254/1
f 1272/1286/1 1252/1285/1 1273/1282/1
f 1135/1284/1 1063/1287/1 1062/1277/1
f 1134/1288/1 1063/1287/1 1135/1284/1
f 1272/1286/1 1253/1289/1 1252/1285/1
f 1271/1290/1 1253/1289/1 1272/1286/1
f 1133/1291/1 1063/1287/1 1134/1288/1
f 1271/1290/1 1254/1292/1 1253/1289/1
f 1270/1293/1 1254/1292/1 1271/1290/1
f 1132/1294/1 1063/1287/1 1133/1291/1
f 1270/1293/1 1255/1295/1 1254/1292/1
f 1131/1296/1 1063/1287/1 1132/1294/1
f 1269/1297/1 1255/1295/1 1270/1293/1
f 1269/1297/1 1256/1298/1 1255/1295/1
f 1130/1299/1 1063/1287/1 1131/1296/1
f 1268/1300/1 1256/1298/1 1269/1297/1
f 1268/1300/1 1257/1301/1 1256/1298/1
f 1268/1300/1 1258/1302/1 1257/1301/1
f 1267/1303/1 1258/1302/1 1268/1300/1
f 1267/1303/1 1259/1304/1 1258/1302/1
f 1266/1305/1 1259/1304/1 1267/1303/1
f 1266/1305/1 1260/1306/1 1259/1304/1
f 1265/1307/1 1260/1306/1 1266/1305/1
f 1130/1299/1 1064/1308/1 1063/1287/1
f 1265/1307/1 1261/1309/1 1260/1306/1
f 1264/1310/1 1261/1309/1 1265/1307/1
f 1264/1310/1 1262/1311/1 1261/1309/1
f 1263/1312/1 1262/1311/1 1264/1310/1
f 1129/1313/1 1064/1308/1 1130/1299/1
f 1128/1314/1 1064/1308/1 1129/1313/1
f 1128/1314/1 1065/1315/1 1064/1308/1
f 1127/1316/1 1065/1315/1 1128/1314/1
f 1126/1317/1 1065/1315/1 1127/1316/1
f 1126/1317/1 1066/1318/1 1065/1315/1
f 1125/1319/1 1066/1318/1 1126/1317/1
f 1125/1319/1 1067/1320/1 1066/1318/1
f 1124/1321/1 1067/1320/1 1125/1319/1
f 1123/1322/1 1067/1320/1 1124/1321/1
f 1123/1322/1 1068/1323/1 1067/1320/1
f 1122/1324/1 1068/1323/1 1123/1322/1
f 1121/1325/1 1068/1323/1 1122/1324/1
f 1121/1325/1 1069/1326/1 1068/1323/1
f 1120/1327/1 1069/1326/1 1121/1325/1
f 1119/1328/1 1069/1326/1 1120/1327/1
f 1119/1328/1 1070/1329/1 1069/1326/1
f 1118/1330/1 1070/1329/1 1119/1328/1
f 1117/1331/1 1070/1329/1 1118/1330/1
f 1117/1331/1 1071/1332/1 1070/1329/1
f 1116/1333/1 1071/1332/1 1117/1331/1
f 1115/1334/1 1071/1332/1 1116/1333/1
f 1115/1334/1 1072/1335/1 1071/1332/1
f 1114/1336/1 1072/1335/1 1115/1334/1
f 1113/1337/1 1072/1335/1 1114/1336/1
f 1113/1337/1 1073/1338/1 1072/1335/1
f 1112/1339/1 1073/1338/1 1113/1337/1
f 1112/1339/1 1074/1340/1 1073/1338/1
f 1111/1341/1 1074/1340/1 1112/1339/1
f 1110/1342/1 1074/1340/1 1111/1341/1
f 1110/1342/1 1075/1343/1 1074/1340/1
f 1109/1344/1 1075/1343/1 1110/1342/1
f 1109/1344/1 1076/1345/1 1075/1343/1
f 1108/1346/1 1076/1345/1 1109/1344/1
f 1107/1347/1 1076/1345/1 1108/1346/1
f 1107/1347/1 1077/1348/1 1076/1345/1
f 1106/1349/1 1077/1348/1 1107/1347/1
f 1106/1349/1 1078/1350/1 1077/1348/1
f 1106/1349/1 1079/1351/1 1078/1350/1
f 1105/1352/1 1079/1351/1 1106/1349/1
f 1105/1352/1 1080/1353/1 1079/1351/1
f 1105/1352/1 1081/1354/1 1080/1353/1
f 1104/1355/1 1081/1354/1 1105/1352/1
f 1104/1355/1 1082/1356/1 1081/1354/1
f 1103/1357/1 1082/1356/1 1104/1355/1
f 1103/1357/1 1083/1358/1 1082/1356/1
f 1102/1359/1 1083/1358/1 1103/1357/1
f 1102/1359/1 1084/1360/1 1083/1358/1
f 1102/1359/1 1085/1361/1 1084/1360/1
f 1101/1362/1 1085/1361/1 1102/1359/1
f 1101/1362/1 1086/1363/1 1085/1361/1
f 1100/1364/1 1086/1363/1 1101/1362/1
f 1100/1364/1 1087/1365/1 1086/1363/1
f 1100/1364/1 1088/1366/1 1087/1365/1
f 1099/1367/1 1088/1366/1 1100/1364/1
f 1099/1367/1 1089/1368/1 1088/1366/1
f 1098/1369/1 1089/1368/1 1099/1367/1
f 1098/1369/1 1090/1370/1 1089/1368/1
f 1098/1369/1 1091/1371/1 1090/1370/1
f 1097/1372/1 1091/1371/1 1098/1369/1
f 1097/1372/1 1092/1373/1 1091/1371/1
f 1096/1374/1 1092/1373/1 1097/1372/1
f 1096/1374/1 1093/1375/1 1092/1373/1
f 1096/1374/1 1094/1376/1 1093/1375/1
f 1095/1377/1 1094/1376/1 1096/1374/1
f 1862/1378/1 1864/1379/1 1863/1380/1
f 1861/1381/1 1864/1379/1 1862/1378/1
f 1861/1381/1 1865/1382/1 1864/1379/1
f 1860/1383/1 1865/1382/1 1861/1381/1
f 1860/1383/1 1866/1384/1 1865/1382/1
f 1859/1385/1 1866/1384/1 1860/1383/1
f 1859/1385/1 1867/1386/1 1866/1384/1
f 1858/1387/1 1867/1386/1 1859/1385/1
f 1857/1388/1 1867/1386/1 1858/1387/1
f 1857/1388/1 1868/1389/1 1867/1386/1
f 1856/1390/1 1868/1389/1 1857/1388/1
f 1856/1390/1 1869/1391/1 1868/1389/1
f 1855/1392/1 1869/1391/1 1856/1390/1
f 1855/1392/1 1870/1393/1 1869/1391/1
f 1854/1394/1 1870/1393/1 1855/1392/1
f 1853/1395/1 1870/1393/1 1854/1394/1
f 1853/1395/1 1871/1396/1 1870/1393/1
f 1852/1397/1 1871/1396/1 1853/1395/1
f 1852/1397/1 1872/1398/1 1871/1396/1
f 1851/1399/1 1872/1398/1 1852/1397/1
f 1851/1399/1 1873/1400/1 1872/1398/1
f 1850/1401/1 1873/1400/1 1851/1399/1
f 1849/1402/1 1873/1400/1 1850/1401/1
f 1848/1403/1 1873/1400/1 1849/1402/1
f 1848/1403/1 1874/1404/1 1873/1400/1
f 1847/1405/1 1874/1404/1 1848/1403/1
f 1846/1406/1 1874/1404/1 1847/1405/1
f 1845/1407/1 1874/1404/1 1846/1406/1
f 1844/1408/1 1874/1404/1 1845/1407/1
f 1844/1408/1 1875/1409/1 1874/1404/1
f 1843/1410/1 1875/1409/1 1844/1408/1
f 1842/1411/1 1875/1409/1 1843/1410/1
f 1841/1412/1 1875/1409/1 1842/1411/1
f 1840/1413/1 1875/1409/1 1841/1412/1
f 1840/1413/1 1876/1414/1 1875/1409/1
f 1839/1415/1 1876/1414/1 1840/1413/1
f 1838/1416/1 1876/1414/1 1839/1415/1
f 1838/1416/1 1877/1417/1 1876/1414/1
f 1837/1418/1 1877/1417/1 1838/1416/1
f 1836/1419/1 1877/1417/1 1837/1418/1
f 1836/1419/1 1878/1420/1 1877/1417/1
f 1835/1421/1 1878/1420/1 1836/1419/1
f 1835/1421/1 1879/1422/1 1878/1420/1
f 1834/1423/1 1879/1422/1 1835/1421/1
f 1834/1423/1 1880/1424/1 1879/1422/1
f 1833/1425/1 1880/1424/1 1834/1423/1
f 1833/1425/1 1881/472/1 1880/1424/1
f 1832/1426/1 1881/472/1 1833/1425/1
f 1832/1426/1 1882/1427/1 1881/472/1
f 1831/1428/1 1882/1427/1 1832/1426/1
f 1831/1428/1 1883/1429/1 1882/1427/1
f 1830/1430/1 1883/1429/1 1831/1428/1
f 1830/1430/1 1884/1431/1 1883/1429/1
f 1829/1432/1 1884/1431/1 1830/1430/1
f 1828/272/1 1884/1431/1 1829/1432/1
f 1828/272/1 1885/1433/1 1884/1431/1
f 1827/1434/1 1885/1433/1 1828/272/1
f 1827/1434/1 1886/1435/1 1885/1433/1
f 1826/1436/1 1886/1435/1 1827/1434/1
f 1826/1436/1 1887/1437/1 1886/1435/1
f 1825/1438/1 1887/1437/1 1826/1436/1
f 1824/1439/1 1887/1437/1 1825/1438/1
f 1824/1439/1 1888/1440/1 1887/1437/1
f 1823/1441/1 1888/1440/1 1824/1439/1
f 1823/1441/1 1889/1442/1 1888/1440/1
f 1822/1443/1 1889/1442/1 1823/1441/1
f 1822/1443/1 1890/1444/1 1889/1442/1
f 1821/1445/1 1890/1444/1 1822/1443/1
f 1821/1445/1 1891/1446/1 1890/1444/1
f 1821/1445/1 1892/1447/1 1891/1446/1
f 1820/1448/1 1892/1447/1 1821/1445/1
f 1820/1448/1 1893/1449/1 1892/1447/1
f 1819/1450/1 1893/1449/1 1820/1448/1
f 1819/1450/1 1894/1451/1 1893/1449/1
f 1819/1450/1 1895/1452/1 1894/1451/1
f 1818/1453/1 1895/1452/1 1819/1450/1
f 1818/1453/1 1896/1454/1 1895/1452/1
f 1818/1453/1 1897/1455/1 1896/1454/1
f 1817/1456/1 1897/1455/1 1818/1453/1
f 1817/1456/1 1898/1457/1 1897/1455/1
f 1817/1456/1 1899/1458/1 1898/1457/1
f 1817/1456/1 1900/1459/1 1899/1458/1
f 1816/1460/1 1900/1459/1 1817/1456/1
f 1816/1460/1 1901/1461/1 1900/1459/1
f 1816/1460/1 1902/1462/1 1901/1461/1
f 1815/1463/1 1902/1462/1 1816/1460/1
f 1815/1463/1 1903/1464/1 1902/1462/1
f 1815/1463/1 1904/1465/1 1903/1464/1
f 1814/1466/1 1904/1465/1 1815/1463/1
f 1814/1466/1 1905/1467/1 1904/1465/1
f 1814/1466/1 1906/1468/1 1905/1467/1
f 1814/1466/1 1907/1469/1 1906/1468/1
f 1814/1466/1 1908/1470/1 1907/1469/1
f 1814/1466/1 1909/1471/1 1908/1470/1
f 1814/1466/1 1910/1472/1 1909/1471/1
f 1814/1466/1 1911/1473/1 1910/1472/1
f 1814/1466/1 1912/1474/1 1911/1473/1
f 1813/1475/1 1912/1474/1 1814/1466/1
f 1813/1475/1 1913/1476/1 1912/1474/1
f 1812/1477/1 1913/1476/1 1813/1475/1
f 1812/1477/1 1914/1478/1 1913/1476/1
f 1811/1479/1 1914/1478/1 1812/1477/1
f 1811/1479/1 1915/1480/1 1914/1478/1
f 1810/1481/1 1915/1480/1 1811/1479/1
f 1810/1481/1 1916/1482/1 1915/1480/1
f 1809/1483/1 1916/1482/1 1810/1481/1
f 1809/1483/1 1917/1484/1 1916/1482/1
f 1598/1485/1 1600/1486/1 1599/1487/1
f 1598/1485/1 1601/1488/1 1600/1486/1
f 1597/1489/1 1601/1488/1 1598/1485/1
f 1597/1489/1 1602/1490/1 1601/1488/1
f 1596/1491/1 1602/1490/1 1597/1489/1
f 1596/1491/1 1603/1492/1 1602/1490/1
f 1596/1491/1 1604/1493/1 1603/1492/1
f 1595/1494/1 1604/1493/1 1596/1491/1
f 1595/1494/1 1605/1495/1 1604/1493/1
f 1594/1496/1 1605/1495/1 1595/1494/1
f 1594/1496/1 1606/1497/1 1605/1495/1
f 1593/1498/1 1606/1497/1 1594/1496/1
f 1593/1498/1 1607/1499/1 1606/1497/1
f 1808/1500/1 1917/1484/1 1809/1483/1
f 1593/1498/1 1608/1501/1 1607/1499/1
f 1592/1502/1 1608/1501/1 1593/1498/1
f 1592/1502/1 1609/1503/1 1608/1501/1
f 1591/1504/1 1609/1503/1 1592/1502/1
f 1591/1504/1 1610/1505/1 1609/1503/1
f 1591/1504/1 1611/1506/1 1610/1505/1
f 1590/1507/1 1611/1506/1 1591/1504/1
f 1590/1507/1 1612/1508/1 1611/1506/1
f 1589/1509/1 1612/1508/1 1590/1507/1
f 1588/1510/1 1612/1508/1 1589/1509/1
f 1587/1511/1 1612/1508/1 1588/1510/1
f 1586/1512/1 1612/1508/1 1587/1511/1
f 1585/1513/1 1612/1508/1 1586/1512/1
f 1584/1514/1 1612/1508/1 1585/1513/1
f 1583/1515/1 1612/1508/1 1584/1514/1
f 1582/1516/1 1612/1508/1 1583/1515/1
f 1581/1517/1 1612/1508/1 1582/1516/1
f 1580/1518/1 1612/1508/1 1581/1517/1
f 1580/1518/1 1613/1519/1 1612/1508/1
f 1579/1520/1 1613/1519/1 1580/1518/1
f 1578/1521/1 1613/1519/1 1579/1520/1
f 1577/1522/1 1613/1519/1 1578/1521/1
f 1576/1523/1 1613/1519/1 1577/1522/1
f 1575/1524/1 1613/1519/1 1576/1523/1
f 1574/1525/1 1613/1519/1 1575/1524/1
f 1574/1525/1 1614/1526/1 1613/1519/1
f 1808/1500/1 1918/1527/1 1917/1484/1
f 1573/1528/1 1614/1526/1 1574/1525/1
f 1807/1529/1 1918/1527/1 1808/1500/1
f 1573/1528/1 1615/1530/1 1614/1526/1
f 1572/1531/1 1615/1530/1 1573/1528/1
f 1571/1532/1 1615/1530/1 1572/1531/1
f 1571/1532/1 1616/617/1 1615/1530/1
f 1807/1529/1 1919/1533/1 1918/1527/1
f 1570/1534/1 1616/617/1 1571/1532/1
f 1570/1534/1 1617/1535/1 1616/617/1
f 1806/1536/1 1919/1533/1 1807/1529/1
f 1569/1537/1 1617/1535/1 1570/1534/1
f 1569/1537/1 1618/1538/1 1617/1535/1
f 1568/1539/1 1618/1538/1 1569/1537/1
f 1806/1536/1 1920/1540/1 1919/1533/1
f 1568/1539/1 1619/1541/1 1618/1538/1
f 1567/1542/1 1619/1541/1 1568/1539/1
f 1566/1543/1 1619/1541/1 1567/1542/1
f 1805/1544/1 1920/1540/1 1806/1536/1
f 1566/1543/1 1620/1545/1 1619/1541/1
f 1565/1546/1 1620/1545/1 1566/1543/1
f 1565/1546/1 1621/1547/1 1620/1545/1
f 1805/1544/1 1921/1548/1 1920/1540/1
f 1564/1549/1 1621/1547/1 1565/1546/1
f 1564/1549/1 1622/1550/1 1621/1547/1
f 1804/1551/1 1921/1548/1 1805/1544/1
f 1563/119/1 1622/1550/1 1564/1549/1
f 1563/119/1 1623/1552/1 1622/1550/1
f 1804/1551/1 1922/1553/1 1921/1548/1
f 1934/118/1 1623/1552/1 1563/119/1
f 1933/1554/1 1623/1552/1 1934/118/1
f 1933/1554/1 1624/1555/1 1623/1552/1
f 1932/1556/1 1624/1555/1 1933/1554/1
f 1766/1557/1 1768/1558/1 1767/1559/1
f 1765/1560/1 1768/1558/1 1766/1557/1
f 1765/1560/1 1769/1561/1 1768/1558/1
f 1764/1562/1 1769/1561/1 1765/1560/1
f 1764/1562/1 1770/1563/1 1769/1561/1
f 1763/1564/1 1770/1563/1 1764/1562/1
f 1763/1564/1 1771/1565/1 1770/1563/1
f 1762/1566/1 1771/1565/1 1763/1564/1
f 1762/1566/1 1772/1567/1 1771/1565/1
f 1761/1568/1 1772/1567/1 1762/1566/1
f 1760/1569/1 1772/1567/1 1761/1568/1
f 1760/1569/1 1773/1570/1 1772/1567/1
f 1759/1571/1 1773/1570/1 1760/1569/1
f 1759/1571/1 1774/1572/1 1773/1570/1
f 1758/1573/1 1774/1572/1 1759/1571/1
f 1932/1556/1 1625/1574/1 1624/1555/1
f 1758/1573/1 1775/254/1 1774/1572/1
f 1757/1575/1 1775/254/1 1758/1573/1
f 1931/1576/1 1625/1574/1 1932/1556/1
f 1757/1575/1 1776/1577/1 1775/254/1
f 1756/1578/1 1776/1577/1 1757/1575/1
f 1756/1578/1 1777/1579/1 1776/1577/1
f 1803/1580/1 1922/1553/1 1804/1551/1
f 1755/1581/1 1777/1579/1 1756/1578/1
f 1754/1582/1 1777/1579/1 1755/1581/1
f 1754/1582/1 1778/1583/1 1777/1579/1
f 1753/1584/1 1778/1583/1 1754/1582/1
f 1753/1584/1 1779/1585/1 1778/1583/1
f 1930/1586/1 1625/1574/1 1931/1576/1
f 1752/1587/1 1779/1585/1 1753/1584/1
f 1803/1580/1 1923/1588/1 1922/1553/1
f 1752/1587/1 1780/1589/1 1779/1585/1
f 1751/1590/1 1780/1589/1 1752/1587/1
f 1930/1586/1 1626/1591/1 1625/1574/1
f 1750/1592/1 1780/1589/1 1751/1590/1
f 1929/1593/1 1626/1591/1 1930/1586/1
f 1749/1594/1 1780/1589/1 1750/1592/1
f 1749/1594/1 1781/1595/1 1780/1589/1
f 1748/1596/1 1781/1595/1 1749/1594/1
f 1747/1597/1 1781/1595/1 1748/1596/1
f 1928/1598/1 1626/1591/1 1929/1593/1
f 1746/1599/1 1781/1595/1 1747/1597/1
f 1928/1598/1 1683/1600/1 1626/1591/1
f 1683/1600/1 1627/1601/1 1626/1591/1
f 1746/1599/1 1782/1602/1 1781/1595/1
f 1928/1598/1 1684/1603/1 1683/1600/1
f 1682/1604/1 1627/1601/1 1683/1600/1
f 1745/1605/1 1782/1602/1 1746/1599/1
f 1927/1606/1 1684/1603/1 1928/1598/1
f 1744/1607/1 1782/1602/1 1745/1605/1
f 1743/1608/1 1782/1602/1 1744/1607/1
f 1743/1608/1 1783/1609/1 1782/1602/1
f 1742/1610/1 1783/1609/1 1743/1608/1
f 1926/1611/1 1684/1603/1 1927/1606/1
f 1681/1612/1 1627/1601/1 1682/1604/1
f 1926/1611/1 1685/1613/1 1684/1603/1
f 1681/1612/1 1628/1614/1 1627/1601/1
f 1742/1610/1 1784/1615/1 1783/1609/1
f 1925/1616/1 1685/1613/1 1926/1611/1
f 1741/1617/1 1784/1615/1 1742/1610/1
f 1680/1618/1 1628/1614/1 1681/1612/1
f 1741/1617/1 1785/1619/1 1784/1615/1
f 1924/1620/1 1685/1613/1 1925/1616/1
f 1740/1621/1 1785/1619/1 1741/1617/1
f 1924/1620/1 1686/1622/1 1685/1613/1
f 1740/1621/1 1786/1623/1 1785/1619/1
f 1923/1588/1 1686/1622/1 1924/1620/1
f 1679/1624/1 1628/1614/1 1680/1618/1
f 1679/1624/1 1629/1625/1 1628/1614/1
f 1740/1621/1 1787/1626/1 1786/1623/1
f 1803/1580/1 1686/1622/1 1923/1588/1
f 1739/1627/1 1787/1626/1 1740/1621/1
f 1739/1627/1 1788/1628/1 1787/1626/1
f 1802/1629/1 1686/1622/1 1803/1580/1
f 1801/1630/1 1686/1622/1 1802/1629/1
f 1739/1627/1 1789/1631/1 1788/1628/1
f 1800/1632/1 1686/1622/1 1801/1630/1
f 1799/1633/1 1686/1622/1 1800/1632/1
f 1799/1633/1 1687/1634/1 1686/1622/1
f 1678/1635/1 1629/1625/1 1679/1624/1
f 1798/1636/1 1687/1634/1 1799/1633/1
f 1797/1637/1 1687/1634/1 1798/1636/1
f 1739/1627/1 1790/1638/1 1789/1631/1
f 1796/1639/1 1687/1634/1 1797/1637/1
f 1795/1640/1 1687/1634/1 1796/1639/1
f 1794/1641/1 1687/1634/1 1795/1640/1
f 1739/1627/1 1791/1642/1 1790/1638/1
f 1793/1643/1 1687/1634/1 1794/1641/1
f 1792/1644/1 1687/1634/1 1793/1643/1
f 1791/1642/1 1687/1634/1 1792/1644/1
f 1739/1627/1 1687/1634/1 1791/1642/1
f 1738/1645/1 1687/1634/1 1739/1627/1
f 1678/1635/1 1630/1646/1 1629/1625/1
f 1677/1647/1 1630/1646/1 1678/1635/1
f 1738/1645/1 1688/1648/1 1687/1634/1
f 1737/1649/1 1688/1648/1 1738/1645/1
f 1677/1647/1 1631/1650/1 1630/1646/1
f 1736/1651/1 1688/1648/1 1737/1649/1
f 1676/1652/1 1631/1650/1 1677/1647/1
f 1736/1651/1 1689/1653/1 1688/1648/1
f 1735/1654/1 1689/1653/1 1736/1651/1
f 1676/1652/1 1632/1655/1 1631/1650/1
f 1675/1656/1 1632/1655/1 1676/1652/1
f 1735/1654/1 1690/1657/1 1689/1653/1
f 1734/1658/1 1690/1657/1 1735/1654/1
f 1675/1656/1 1633/1659/1 1632/1655/1
f 1674/1660/1 1633/1659/1 1675/1656/1
f 1734/1658/1 1691/1661/1 1690/1657/1
f 1733/1662/1 1691/1661/1 1734/1658/1
f 1673/1663/1 1633/1659/1 1674/1660/1
f 1673/1663/1 1634/1664/1 1633/1659/1
f 1732/1665/1 1691/1661/1 1733/1662/1
f 1732/1665/1 1692/1666/1 1691/1661/1
f 1731/1667/1 1692/1666/1 1732/1665/1
f 1672/1668/1 1634/1664/1 1673/1663/1
f 1672/1668/1 1635/1669/1 1634/1664/1
f 1731/1667/1 1693/1670/1 1692/1666/1
f 1730/1671/1 1693/1670/1 1731/1667/1
f 1672/1668/1 1636/1672/1 1635/1669/1
f 1671/1673/1 1636/1672/1 1672/1668/1
f 1730/1671/1 1694/1674/1 1693/1670/1
f 1671/1673/1 1637/1675/1 1636/1672/1
f 1729/1676/1 1694/1674/1 1730/1671/1
f 1671/1673/1 1638/1677/1 1637/1675/1
f 1729/1676/1 1695/1678/1 1694/1674/1
f 1671/1673/1 1639/1679/1 1638/1677/1
f 1670/1680/1 1639/1679/1 1671/1673/1
f 1728/1681/1 1695/1678/1 1729/1676/1
f 1670/1680/1 1640/1682/1 1639/1679/1
f 1669/683/1 1640/1682/1 1670/1680/1
f 1669/683/1 1641/1683/1 1640/1682/1
f 1728/1681/1 1696/1684/1 1695/1678/1
f 1727/1685/1 1696/1684/1 1728/1681/1
f 1727/1685/1 1697/1686/1 1696/1684/1
f 1669/683/1 1642/1687/1 1641/1683/1
f 1727/1685/1 1698/1688/1 1697/1686/1
f 1668/1689/1 1642/1687/1 1669/683/1
f 1727/1685/1 1699/1690/1 1698/1688/1
f 1668/1689/1 1643/1691/1 1642/1687/1
f 1727/1685/1 1700/1692/1 1699/1690/1
f 1727/1685/1 1701/1693/1 1700/1692/1
f 1726/1694/1 1701/1693/1 1727/1685/1
f 1668/1689/1 1644/1695/1 1643/1691/1
f 1726/1694/1 1702/1696/1 1701/1693/1
f 1667/1697/1 1644/1695/1 1668/1689/1
f 1726/1694/1 1703/1698/1 1702/1696/1
f 1667/1697/1 1645/1699/1 1644/1695/1
f 1726/1694/1 1704/1700/1 1703/1698/1
f 1666/1701/1 1645/1699/1 1667/1697/1
f 1726/1694/1 1705/1702/1 1704/1700/1
f 1666/1701/1 1646/1703/1 1645/1699/1
f 1725/1704/1 1705/1702/1 1726/1694/1
f 1725/1704/1 1706/1705/1 1705/1702/1
f 1666/1701/1 1647/1706/1 1646/1703/1
f 1725/1704/1 1707/1707/1 1706/1705/1
f 1665/1708/1 1647/1706/1 1666/1701/1
f 1725/1704/1 1708/1709/1 1707/1707/1
f 1665/1708/1 1648/1710/1 1647/1706/1
f 1724/1711/1 1708/1709/1 1725/1704/1
f 1665/1708/1 1649/1712/1 1648/1710/1
f 1664/1713/1 1649/1712/1 1665/1708/1
f 1724/1711/1 1709/1714/1 1708/1709/1
f 1664/1713/1 1650/1715/1 1649/1712/1
f 1724/1711/1 1710/1716/1 1709/1714/1
f 1723/1717/1 1710/1716/1 1724/1711/1
f 1664/1713/1 1651/1718/1 1650/1715/1
f 1663/1719/1 1651/1718/1 1664/1713/1
f 1723/1717/1 1711/1720/1 1710/1716/1
f 1663/1719/1 1652/1721/1 1651/1718/1
f 1662/1722/1 1652/1721/1 1663/1719/1
f 1662/1722/1 1653/1723/1 1652/1721/1
f 1723/1717/1 1712/1724/1 1711/1720/1
f 1722/312/1 1712/1724/1 1723/1717/1
f 1662/1722/1 1654/1725/1 1653/1723/1
f 1661/1726/1 1654/1725/1 1662/1722/1
f 1722/312/1 1713/1727/1 1712/1724/1
f 1661/1726/1 1655/1728/1 1654/1725/1
f 1661/1726/1 1656/1729/1 1655/1728/1
f 1660/1730/1 1656/1729/1 1661/1726/1
f 1722/312/1 1714/1731/1 1713/1727/1
f 1721/1732/1 1714/1731/1 1722/312/1
f 1660/1730/1 1657/1733/1 1656/1729/1
f 1660/1730/1 1658/1734/1 1657/1733/1
f 1659/1735/1 1658/1734/1 1660/1730/1
f 1721/1732/1 1715/1736/1 1714/1731/1
f 1721/1732/1 1716/1737/1 1715/1736/1
f 1720/1738/1 1716/1737/1 1721/1732/1
f 1720/1738/1 1717/1739/1 1716/1737/1
f 1720/1738/1 1718/1740/1 1717/1739/1
f 1719/1741/1 1718/1740/1 1720/1738/1
f 2019/1/1 2021/2/1 2020/3/1
f 2019/1/1 2022/4/1 2021/2/1
f 2018/5/1 2022/4/1 2019/1/1
f 2018/5/1 2023/6/1 2022/4/1
f 2017/7/1 2023/6/1 2018/5/1
f 2017/7/1 2024/8/1 2023/6/1
f 2016/9/1 2024/8/1 2017/7/1
f 2016/9/1 2025/10/1 2024/8/1
f 2015/11/1 2025/10/1 2016/9/1
f 2015/11/1 2026/12/1 2025/10/1
f 2014/13/1 2026/12/1 2015/11/1
f 2014/13/1 2027/14/1 2026/12/1
f 2013/15/1 2027/14/1 2014/13/1
f 2013/15/1 2028/16/1 2027/14/1
f 2012/17/1 2028/16/1 2013/15/1
f 2012/17/1 2029/18/1 2028/16/1
f 2011/19/1 2029/18/1 2012/17/1
f 2011/19/1 2030/20/1 2029/18/1
f 2010/21/1 2030/20/1 2011/19/1
f 2010/21/1 2031/22/1 2030/20/1
f 2010/21/1 2032/23/1 2031/22/1
f 2009/24/1 2032/23/1 2010/21/1
f 2091/25/1 2093/26/1 2092/27/1
f 2090/28/1 2093/26/1 2091/25/1
f 2090/28/1 2094/29/1 2093/26/1
f 2089/30/1 2094/29/1 2090/28/1
f 2089/30/1 2095/31/1 2094/29/1
f 2088/32/1 2095/31/1 2089/30/1
f 2088/32/1 2096/33/1 2095/31/1
f 2087/34/1 2096/33/1 2088/32/1
f 2087/34/1 2097/35/1 2096/33/1
f 2086/36/1 2097/35/1 2087/34/1
f 2086/36/1 2098/37/1 2097/35/1
f 2009/24/1 2033/38/1 2032/23/1
f 2085/39/1 2098/37/1 2086/36/1
f 2008/40/1 2033/38/1 2009/24/1
f 2085/39/1 2099/41/1 2098/37/1
f 2084/42/1 2099/41/1 2085/39/1
f 2084/42/1 2100/43/1 2099/41/1
f 2083/44/1 2100/43/1 2084/42/1
f 2083/44/1 2101/45/1 2100/43/1
f 2082/46/1 2101/45/1 2083/44/1
f 2007/47/1 2033/38/1 2008/40/1
f 2081/48/1 2101/45/1 2082/46/1
f 2081/48/1 2102/49/1 2101/45/1
f 2080/50/1 2102/49/1 2081/48/1
f 2080/50/1 2103/51/1 2102/49/1
f 2079/52/1 2103/51/1 2080/50/1
f 2007/47/1 2034/53/1 2033/38/1
f 2079/52/1 2104/54/1 2103/51/1
f 2006/55/1 2034/53/1 2007/47/1
f 2078/56/1 2104/54/1 2079/52/1
f 2078/56/1 2105/57/1 2104/54/1
f 2077/58/1 2105/57/1 2078/56/1
f 2076/59/1 2105/57/1 2077/58/1
f 2005/60/1 2034/53/1 2006/55/1
f 2076/59/1 2106/61/1 2105/57/1
f 2075/62/1 2106/61/1 2076/59/1
f 2005/60/1 2035/63/1 2034/53/1
f 2074/64/1 2106/61/1 2075/62/1
f 2073/65/1 2106/61/1 2074/64/1
f 2072/66/1 2106/61/1 2073/65/1
f 2004/67/1 2035/63/1 2005/60/1
f 2072/66/1 2107/68/1 2106/61/1
f 2071/69/1 2107/68/1 2072/66/1
f 2070/70/1 2107/68/1 2071/69/1
f 2069/71/1 2107/68/1 2070/70/1
f 2068/72/1 2107/68/1 2069/71/1
f 2067/73/1 2107/68/1 2068/72/1
f 2066/74/1 2107/68/1 2067/73/1
f 2004/67/1 2036/75/1 2035/63/1
f 2065/76/1 2107/68/1 2066/74/1
f 2064/77/1 2107/68/1 2065/76/1
f 2064/77/1 2108/78/1 2107/68/1
f 2063/79/1 2108/78/1 2064/77/1
f 2003/80/1 2036/75/1 2004/67/1
f 2062/81/1 2108/78/1 2063/79/1
f 2061/82/1 2108/78/1 2062/81/1
f 2003/80/1 2037/83/1 2036/75/1
f 2061/82/1 2109/84/1 2108/78/1
f 2060/85/1 2109/84/1 2061/82/1
f 2002/86/1 2037/83/1 2003/80/1
f 2059/87/1 2109/84/1 2060/85/1
f 2002/86/1 2038/88/1 2037/83/1
f 2059/87/1 2110/89/1 2109/84/1
f 2058/90/1 2110/89/1 2059/87/1
f 2057/91/1 2110/89/1 2058/90/1
f 2001/92/1 2038/88/1 2002/86/1
f 2001/92/1 2039/93/1 2038/88/1
f 2057/91/1 2111/94/1 2110/89/1
f 2056/95/1 2111/94/1 2057/91/1
f 2001/92/1 2040/96/1 2039/93/1
f 2055/97/1 2111/94/1 2056/95/1
f 2055/97/1 2112/98/1 2111/94/1
f 2000/99/1 2040/96/1 2001/92/1
f 2054/100/1 2112/98/1 2055/97/1
f 2000/99/1 2041/101/1 2040/96/1
f 2053/102/1 2112/98/1 2054/100/1
f 2052/103/1 2112/98/1 2053/102/1
f 2051/104/1 2112/98/1 2052/103/1
f 2000/99/1 2042/105/1 2041/101/1
f 2050/106/1 2112/98/1 2051/104/1
f 2050/106/1 2113/107/1 2112/98/1
f 2049/108/1 2113/107/1 2050/106/1
f 2000/99/1 2043/109/1 2042/105/1
f 2048/110/1 2113/107/1 2049/108/1
f 2047/111/1 2113/107/1 2048/110/1
f 2046/112/1 2113/107/1 2047/111/1
f 2000/99/1 2044/113/1 2043/109/1
f 1999/114/1 2044/113/1 2000/99/1
f 2045/115/1 2113/107/1 2046/112/1
f 2044/113/1 2113/107/1 2045/115/1
f 1999/114/1 2113/107/1 2044/113/1
f 1999/114/1 2114/116/1 2113/107/1
f 1998/117/1 2114/116/1 1999/114/1
f 1998/117/1 2115/118/1 2114/116/1
f 1998/117/1 1935/119/1 2115/118/1
f 1997/120/1 1935/119/1 1998/117/1
f 1997/120/1 1936/121/1 1935/119/1
f 1996/122/1 1936/121/1 1997/120/1
f 1996/122/1 1937/123/1 1936/121/1
f 1996/122/1 1938/124/1 1937/123/1
f 1995/125/1 1938/124/1 1996/122/1
f 1995/125/1 1939/126/1 1938/124/1
f 1995/125/1 1940/127/1 1939/126/1
f 1995/125/1 1941/128/1 1940/127/1
f 1994/129/1 1941/128/1 1995/125/1
f 1994/129/1 1949/130/1 1941/128/1
f 1949/130/1 1948/131/1 1941/128/1
f 1948/131/1 1942/132/1 1941/128/1
f 1948/131/1 1943/133/1 1942/132/1
f 1947/134/1 1943/133/1 1948/131/1
f 1994/129/1 1950/135/1 1949/130/1
f 1994/129/1 1951/136/1 1950/135/1
f 1994/129/1 1952/137/1 1951/136/1
f 1947/134/1 1944/138/1 1943/133/1
f 1994/129/1 1953/139/1 1952/137/1
f 1947/134/1 1945/140/1 1944/138/1
f 1947/134/1 1946/141/1 1945/140/1
f 1994/129/1 1954/142/1 1953/139/1
f 1994/129/1 1955/143/1 1954/142/1
f 1993/144/1 1955/143/1 1994/129/1
f 1993/144/1 1956/145/1 1955/143/1
f 1993/144/1 1957/146/1 1956/145/1
f 1993/144/1 1958/147/1 1957/146/1
f 1992/148/1 1958/147/1 1993/144/1
f 1992/148/1 1959/149/1 1958/147/1
f 1992/148/1 1960/150/1 1959/149/1
f 1991/151/1 1960/150/1 1992/148/1
f 1991/151/1 1961/152/1 1960/150/1
f 1991/151/1 1962/153/1 1961/152/1
f 1991/151/1 1963/154/1 1962/153/1
f 1991/151/1 1964/155/1 1963/154/1
f 1991/151/1 1965/156/1 1964/155/1
f 1990/157/1 1965/156/1 1991/151/1
f 1990/157/1 1966/158/1 1965/156/1
f 1990/157/1 1967/159/1 1966/158/1
f 1990/157/1 1968/160/1 1967/159/1
f 1990/157/1 1969/161/1 1968/160/1
f 1989/162/1 1969/161/1 1990/157/1
f 1989/162/1 1970/163/1 1969/161/1
f 1989/162/1 1971/164/1 1970/163/1
f 1989/162/1 1972/165/1 1971/164/1
f 1988/166/1 1972/165/1 1989/162/1
f 1988/166/1 1973/167/1 1972/165/1
f 1988/166/1 1974/168/1 1973/167/1
f 1987/169/1 1974/168/1 1988/166/1
f 1987/169/1 1975/170/1 1974/168/1
f 1987/169/1 1976/171/1 1975/170/1
f 1987/169/1 1977/172/1 1976/171/1
f 1986/173/1 1977/172/1 1987/169/1
f 1986/173/1 1978/174/1 1977/172/1
f 1986/173/1 1979/175/1 1978/174/1
f 1985/176/1 1979/175/1 1986/173/1
f 1985/176/1 1980/177/1 1979/175/1
f 1985/176/1 1981/178/1 1980/177/1
f 1985/176/1 1982/179/1 1981/178/1
f 1984/180/1 1982/179/1 1985/176/1
f 1984/180/1 1983/181/1 1982/179/1
f 2223/1742/1 2117/1743/1 2116/119/1
f 2223/1742/1 2118/1744/1 2117/1743/1
f 2222/1745/1 2118/1744/1 2223/1742/1
f 2222/1745/1 2119/1746/1 2118/1744/1
f 2222/1745/1 2120/1747/1 2119/1746/1
f 2221/1748/1 2120/1747/1 2222/1745/1
f 2221/1748/1 2121/1749/1 2120/1747/1
f 2221/1748/1 2122/1750/1 2121/1749/1
f 2220/1751/1 2122/1750/1 2221/1748/1
f 2220/1751/1 2123/1752/1 2122/1750/1
f 2220/1751/1 2124/1753/1 2123/1752/1
f 2219/1754/1 2124/1753/1 2220/1751/1
f 2219/1754/1 2125/1755/1 2124/1753/1
f 2219/1754/1 2126/1756/1 2125/1755/1
f 2218/1757/1 2126/1756/1 2219/1754/1
f 2218/1757/1 2127/1758/1 2126/1756/1
f 2218/1757/1 2128/1759/1 2127/1758/1
f 2217/1760/1 2128/1759/1 2218/1757/1
f 2217/1760/1 2129/1761/1 2128/1759/1
f 2216/1762/1 2129/1761/1 2217/1760/1
f 2215/1763/1 2129/1761/1 2216/1762/1
f 2215/1763/1 2130/1764/1 2129/1761/1
f 2214/1765/1 2130/1764/1 2215/1763/1
f 2214/1765/1 2131/1766/1 2130/1764/1
f 2213/1767/1 2131/1766/1 2214/1765/1
f 2212/1768/1 2131/1766/1 2213/1767/1
f 2212/1768/1 2132/1769/1 2131/1766/1
f 2211/1770/1 2132/1769/1 2212/1768/1
f 2211/1770/1 2133/1771/1 2132/1769/1
f 2210/1772/1 2133/1771/1 2211/1770/1
f 2209/1773/1 2133/1771/1 2210/1772/1
f 2208/1774/1 2133/1771/1 2209/1773/1
f 2208/1774/1 2134/1775/1 2133/1771/1
f 2207/1776/1 2134/1775/1 2208/1774/1
f 2206/1777/1 2134/1775/1 2207/1776/1
f 2205/1778/1 2134/1775/1 2206/1777/1
f 2205/1778/1 2135/1779/1 2134/1775/1
f 2204/1780/1 2135/1779/1 2205/1778/1
f 2203/1781/1 2135/1779/1 2204/1780/1
f 2202/1782/1 2135/1779/1 2203/1781/1
f 2201/1783/1 2135/1779/1 2202/1782/1
f 2201/1783/1 2136/1784/1 2135/1779/1
f 2200/1785/1 2136/1784/1 2201/1783/1
f 2199/1786/1 2136/1784/1 2200/1785/1
f 2199/1786/1 2137/1787/1 2136/1784/1
f 2199/1786/1 2138/1788/1 2137/1787/1
f 2198/1789/1 2138/1788/1 2199/1786/1
f 2198/1789/1 2139/1790/1 2138/1788/1
f 2197/1791/1 2139/1790/1 2198/1789/1
f 2197/1791/1 2140/1792/1 2139/1790/1
f 2197/1791/1 2141/1793/1 2140/1792/1
f 2196/1794/1 2141/1793/1 2197/1791/1
f 2196/1794/1 2142/1795/1 2141/1793/1
f 2195/1796/1 2142/1795/1 2196/1794/1
f 2195/1796/1 2143/1797/1 2142/1795/1
f 2194/1798/1 2143/1797/1 2195/1796/1
f 2194/1798/1 2144/1799/1 2143/1797/1
f 2193/1800/1 2144/1799/1 2194/1798/1
f 2193/1800/1 2145/1801/1 2144/1799/1
f 2319/1802/1 2225/1803/1 2224/1804/1
f 2319/1802/1 2226/1805/1 2225/1803/1
f 2319/1802/1 2227/1806/1 2226/1805/1
f 2319/1802/1 2228/1807/1 2227/1806/1
f 2318/1808/1 2228/1807/1 2319/1802/1
f 2318/1808/1 2229/1809/1 2228/1807/1
f 2318/1808/1 2230/1810/1 2229/1809/1
f 2318/1808/1 2231/1811/1 2230/1810/1
f 2317/1812/1 2231/1811/1 2318/1808/1
f 2317/1812/1 2232/1813/1 2231/1811/1
f 2193/1800/1 2146/1814/1 2145/1801/1
f 2317/1812/1 2233/1815/1 2232/1813/1
f 2317/1812/1 2234/1816/1 2233/1815/1
f 2316/1817/1 2234/1816/1 2317/1812/1
f 2316/1817/1 2235/1818/1 2234/1816/1
f 2316/1817/1 2236/1819/1 2235/1818/1
f 2316/1817/1 2237/1820/1 2236/1819/1
f 2315/1821/1 2237/1820/1 2316/1817/1
f 2192/1822/1 2146/1814/1 2193/1800/1
f 2314/1823/1 2237/1820/1 2315/1821/1
f 2439/1824/1 2441/1825/1 2440/1826/1
f 2438/1827/1 2441/1825/1 2439/1824/1
f 2438/1827/1 2442/1828/1 2441/1825/1
f 2437/1829/1 2442/1828/1 2438/1827/1
f 2313/1830/1 2237/1820/1 2314/1823/1
f 2437/1829/1 2443/1831/1 2442/1828/1
f 2436/1832/1 2443/1831/1 2437/1829/1
f 2435/1833/1 2443/1831/1 2436/1832/1
f 2312/1834/1 2237/1820/1 2313/1830/1
f 2312/1834/1 2238/1835/1 2237/1820/1
f 2435/1833/1 2444/1836/1 2443/1831/1
f 2434/1837/1 2444/1836/1 2435/1833/1
f 2311/1838/1 2238/1835/1 2312/1834/1
f 2434/1837/1 2445/1839/1 2444/1836/1
f 2433/1840/1 2445/1839/1 2434/1837/1
f 2192/1822/1 2147/1841/1 2146/1814/1
f 2310/1842/1 2238/1835/1 2311/1838/1
f 2310/1842/1 2239/1843/1 2238/1835/1
f 2432/1844/1 2445/1839/1 2433/1840/1
f 2432/1844/1 2446/1845/1 2445/1839/1
f 2309/1846/1 2239/1843/1 2310/1842/1
f 2431/1847/1 2446/1845/1 2432/1844/1
f 2191/1848/1 2147/1841/1 2192/1822/1
f 2308/1849/1 2239/1843/1 2309/1846/1
f 2431/1847/1 2447/1850/1 2446/1845/1
f 2308/1849/1 2240/1851/1 2239/1843/1
f 2430/1852/1 2447/1850/1 2431/1847/1
f 2307/1853/1 2240/1851/1 2308/1849/1
f 2191/1848/1 2148/1854/1 2147/1841/1
f 2306/1855/1 2240/1851/1 2307/1853/1
f 2429/1856/1 2447/1850/1 2430/1852/1
f 2429/1856/1 2448/1857/1 2447/1850/1
f 2306/1855/1 2241/1858/1 2240/1851/1
f 2305/1859/1 2241/1858/1 2306/1855/1
f 2304/1860/1 2241/1858/1 2305/1859/1
f 2428/1861/1 2448/1857/1 2429/1856/1
f 2303/1862/1 2241/1858/1 2304/1860/1
f 2428/1861/1 2449/1863/1 2448/1857/1
f 2302/1864/1 2241/1858/1 2303/1862/1
f 2190/1865/1 2148/1854/1 2191/1848/1
f 2302/1864/1 2242/1866/1 2241/1858/1
f 2427/1867/1 2449/1863/1 2428/1861/1
f 2301/1868/1 2242/1866/1 2302/1864/1
f 2190/1865/1 2149/1869/1 2148/1854/1
f 2300/1870/1 2242/1866/1 2301/1868/1
f 2426/1871/1 2449/1863/1 2427/1867/1
f 2299/1872/1 2242/1866/1 2300/1870/1
f 2425/1873/1 2449/1863/1 2426/1871/1
f 2425/1873/1 2450/1874/1 2449/1863/1
f 2298/1875/1 2242/1866/1 2299/1872/1
f 2298/1875/1 2243/1876/1 2242/1866/1
f 2424/1877/1 2450/1874/1 2425/1873/1
f 2297/1878/1 2243/1876/1 2298/1875/1
f 2296/1879/1 2243/1876/1 2297/1878/1
f 2423/1880/1 2450/1874/1 2424/1877/1
f 2295/1881/1 2243/1876/1 2296/1879/1
f 2422/1882/1 2450/1874/1 2423/1880/1
f 2190/1865/1 2150/1883/1 2149/1869/1
f 2295/1881/1 2244/1884/1 2243/1876/1
f 2422/1882/1 2451/1885/1 2450/1874/1
f 2421/1886/1 2451/1885/1 2422/1882/1
f 2189/1887/1 2150/1883/1 2190/1865/1
f 2420/1888/1 2451/1885/1 2421/1886/1
f 2419/1889/1 2451/1885/1 2420/1888/1
f 2295/1881/1 2245/1890/1 2244/1884/1
f 2418/1891/1 2451/1885/1 2419/1889/1
f 2418/1891/1 2452/1892/1 2451/1885/1
f 2189/1887/1 2151/1893/1 2150/1883/1
f 2294/1894/1 2245/1890/1 2295/1881/1
f 2417/1895/1 2452/1892/1 2418/1891/1
f 2416/1896/1 2452/1892/1 2417/1895/1
f 2294/1894/1 2246/1897/1 2245/1890/1
f 2415/1898/1 2452/1892/1 2416/1896/1
f 2188/1899/1 2151/1893/1 2189/1887/1
f 2415/1898/1 2453/1900/1 2452/1892/1
f 2188/1899/1 2152/1901/1 2151/1893/1
f 2414/1902/1 2453/1900/1 2415/1898/1
f 2294/1894/1 2247/1903/1 2246/1897/1
f 2293/1904/1 2247/1903/1 2294/1894/1
f 2414/1902/1 2454/1905/1 2453/1900/1
f 2413/1906/1 2454/1905/1 2414/1902/1
f 2293/1904/1 2248/1907/1 2247/1903/1
f 2187/1908/1 2152/1901/1 2188/1899/1
f 2187/1908/1 2153/1909/1 2152/1901/1
f 2412/1910/1 2454/1905/1 2413/1906/1
f 2412/1910/1 2455/1911/1 2454/1905/1
f 2292/1912/1 2248/1907/1 2293/1904/1
f 2187/1908/1 2154/1913/1 2153/1909/1
f 2292/1912/1 2249/1914/1 2248/1907/1
f 2187/1908/1 2155/1915/1 2154/1913/1
f 2186/1916/1 2155/1915/1 2187/1908/1
f 2411/1917/1 2455/1911/1 2412/1910/1
f 2411/1917/1 2456/1918/1 2455/1911/1
f 2186/1916/1 2156/1919/1 2155/1915/1
f 2186/1916/1 2157/1920/1 2156/1919/1
f 2410/1921/1 2456/1918/1 2411/1917/1
f 2185/1922/1 2157/1920/1 2186/1916/1
f 2291/1923/1 2249/1914/1 2292/1912/1
f 2291/1923/1 2250/1924/1 2249/1914/1
f 2185/1922/1 2158/1925/1 2157/1920/1
f 2410/1921/1 2457/1926/1 2456/1918/1
f 2409/1927/1 2457/1926/1 2410/1921/1
f 2185/1922/1 2159/1928/1 2158/1925/1
f 2184/1929/1 2159/1928/1 2185/1922/1
f 2184/1929/1 2160/1930/1 2159/1928/1
f 2409/1927/1 2458/1931/1 2457/1926/1
f 2291/1923/1 2251/1932/1 2250/1924/1
f 2184/1929/1 2161/1933/1 2160/1930/1
f 2408/1934/1 2458/1931/1 2409/1927/1
f 2183/1935/1 2161/1933/1 2184/1929/1
f 2290/1936/1 2251/1932/1 2291/1923/1
f 2183/1935/1 2162/1937/1 2161/1933/1
f 2408/1934/1 2459/1938/1 2458/1931/1
f 2182/1939/1 2162/1937/1 2183/1935/1
f 2182/1939/1 2163/1940/1 2162/1937/1
f 2407/1941/1 2459/1938/1 2408/1934/1
f 2182/1939/1 2164/1942/1 2163/1940/1
f 2290/1936/1 2252/1943/1 2251/1932/1
f 2181/1944/1 2164/1942/1 2182/1939/1
f 2181/1944/1 2165/1945/1 2164/1942/1
f 2407/1941/1 2460/1946/1 2459/1938/1
f 2181/1944/1 2166/1947/1 2165/1945/1
f 2406/1948/1 2460/1946/1 2407/1941/1
f 2289/1949/1 2252/1943/1 2290/1936/1
f 2180/1950/1 2166/1947/1 2181/1944/1
f 2180/1950/1 2167/1951/1 2166/1947/1
f 2180/1950/1 2168/1952/1 2167/1951/1
f 2179/1953/1 2168/1952/1 2180/1950/1
f 2179/1953/1 2169/1954/1 2168/1952/1
f 2179/1953/1 2170/1955/1 2169/1954/1
f 2406/1948/1 2461/1956/1 2460/1946/1
f 2405/1957/1 2461/1956/1 2406/1948/1
f 2178/1958/1 2170/1955/1 2179/1953/1
f 2178/1958/1 2171/1959/1 2170/1955/1
f 2289/1949/1 2253/1960/1 2252/1943/1
f 2178/1958/1 2172/1961/1 2171/1959/1
f 2177/1962/1 2172/1961/1 2178/1958/1
f 2177/1962/1 2173/1963/1 2172/1961/1
f 2177/1962/1 2174/1964/1 2173/1963/1
f 2176/1965/1 2174/1964/1 2177/1962/1
f 2176/1965/1 2175/1966/1 2174/1964/1
f 2404/1967/1 2461/1956/1 2405/1957/1
f 2404/1967/1 2462/1968/1 2461/1956/1
f 2288/1969/1 2253/1960/1 2289/1949/1
f 2288/1969/1 2254/1970/1 2253/1960/1
f 2403/1971/1 2462/1968/1 2404/1967/1
f 2403/1971/1 2463/1972/1 2462/1968/1
f 2402/1973/1 2463/1972/1 2403/1971/1
f 2402/1973/1 2464/1974/1 2463/1972/1
f 2287/1975/1 2254/1970/1 2288/1969/1
f 2401/1976/1 2464/1974/1 2402/1973/1
f 2287/1975/1 2255/1977/1 2254/1970/1
f 2401/1976/1 2465/1978/1 2464/1974/1
f 2400/1979/1 2465/1978/1 2401/1976/1
f 2400/1979/1 2466/1980/1 2465/1978/1
f 2399/1981/1 2466/1980/1 2400/1979/1
f 2287/1975/1 2256/1982/1 2255/1977/1
f 2286/1983/1 2256/1982/1 2287/1975/1
f 2399/1981/1 2467/1984/1 2466/1980/1
f 2398/1985/1 2467/1984/1 2399/1981/1
f 2398/1985/1 2468/1986/1 2467/1984/1
f 2286/1983/1 2257/1987/1 2256/1982/1
f 2397/1988/1 2468/1986/1 2398/1985/1
f 2397/1988/1 2469/1989/1 2468/1986/1
f 2285/1990/1 2257/1987/1 2286/1983/1
f 2397/1988/1 2470/1991/1 2469/1989/1
f 2285/1990/1 2258/1992/1 2257/1987/1
f 2396/1993/1 2470/1991/1 2397/1988/1
f 2396/1993/1 2471/1994/1 2470/1991/1
f 2396/1993/1 2472/1995/1 2471/1994/1
f 2284/1996/1 2258/1992/1 2285/1990/1
f 2395/1997/1 2472/1995/1 2396/1993/1
f 2284/1996/1 2259/1998/1 2258/1992/1
f 2395/1997/1 2473/1999/1 2472/1995/1
f 2395/1997/1 2474/2000/1 2473/1999/1
f 2394/2001/1 2474/2000/1 2395/1997/1
f 2394/2001/1 2475/2002/1 2474/2000/1
f 2284/1996/1 2260/2003/1 2259/1998/1
f 2283/2004/1 2260/2003/1 2284/1996/1
f 2394/2001/1 2476/2005/1 2475/2002/1
f 2394/2001/1 2477/2006/1 2476/2005/1
f 2393/2007/1 2477/2006/1 2394/2001/1
f 2393/2007/1 2478/2008/1 2477/2006/1
f 2283/2004/1 2261/2009/1 2260/2003/1
f 2393/2007/1 2479/2010/1 2478/2008/1
f 2282/2011/1 2261/2009/1 2283/2004/1
f 2393/2007/1 2480/2012/1 2479/2010/1
f 2393/2007/1 2481/2013/1 2480/2012/1
f 2392/2014/1 2481/2013/1 2393/2007/1
f 2282/2011/1 2262/2015/1 2261/2009/1
f 2392/2014/1 2482/2016/1 2481/2013/1
f 2281/2017/1 2262/2015/1 2282/2011/1
f 2392/2014/1 2483/2018/1 2482/2016/1
f 2281/2017/1 2263/2019/1 2262/2015/1
f 2392/2014/1 2484/2020/1 2483/2018/1
f 2391/2021/1 2484/2020/1 2392/2014/1
f 2280/2022/1 2263/2019/1 2281/2017/1
f 2391/2021/1 2485/2023/1 2484/2020/1
f 2391/2021/1 2486/2024/1 2485/2023/1
f 2280/2022/1 2264/2025/1 2263/2019/1
f 2391/2021/1 2487/2026/1 2486/2024/1
f 2279/2027/1 2264/2025/1 2280/2022/1
f 2279/2027/1 2265/2028/1 2264/2025/1
f 2391/2021/1 2488/2029/1 2487/2026/1
f 2278/2030/1 2265/2028/1 2279/2027/1
f 2391/2021/1 2489/2031/1 2488/2029/1
f 2278/2030/1 2266/2032/1 2265/2028/1
f 2277/2033/1 2266/2032/1 2278/2030/1
f 2277/2033/1 2267/2034/1 2266/2032/1
f 2390/2035/1 2489/2031/1 2391/2021/1
f 2276/2036/1 2267/2034/1 2277/2033/1
f 2276/2036/1 2268/2037/1 2267/2034/1
f 2275/2038/1 2268/2037/1 2276/2036/1
f 2275/2038/1 2269/2039/1 2268/2037/1
f 2274/2040/1 2269/2039/1 2275/2038/1
f 2274/2040/1 2270/2041/1 2269/2039/1
f 2390/2035/1 2490/2042/1 2489/2031/1
f 2273/2043/1 2270/2041/1 2274/2040/1
f 2273/2043/1 2271/2044/1 2270/2041/1
f 2272/2045/1 2271/2044/1 2273/2043/1
f 2389/2046/1 2490/2042/1 2390/2035/1
f 2389/2046/1 2491/2047/1 2490/2042/1
f 2388/2048/1 2491/2047/1 2389/2046/1
f 2388/2048/1 2492/2049/1 2491/2047/1
f 2388/2048/1 2493/2050/1 2492/2049/1
f 2387/2051/1 2493/2050/1 2388/2048/1
f 2387/2051/1 2494/2052/1 2493/2050/1
f 2386/2053/1 2494/2052/1 2387/2051/1
f 2559/2054/1 2561/2055/1 2560/2056/1
f 2558/2057/1 2561/2055/1 2559/2054/1
f 2558/2057/1 2562/2058/1 2561/2055/1
f 2557/2059/1 2562/2058/1 2558/2057/1
f 2556/2060/1 2562/2058/1 2557/2059/1
f 2556/2060/1 2563/2061/1 2562/2058/1
f 2555/2062/1 2563/2061/1 2556/2060/1
f 2554/2063/1 2563/2061/1 2555/2062/1
f 2554/2063/1 2564/2064/1 2563/2061/1
f 2553/2065/1 2564/2064/1 2554/2063/1
f 2553/2065/1 2565/2066/1 2564/2064/1
f 2552/2067/1 2565/2066/1 2553/2065/1
f 2551/2068/1 2565/2066/1 2552/2067/1
f 2551/2068/1 2566/2069/1 2565/2066/1
f 2550/2070/1 2566/2069/1 2551/2068/1
f 2386/2053/1 2495/2071/1 2494/2052/1
f 2549/2072/1 2566/2069/1 2550/2070/1
f 2549/2072/1 2567/2073/1 2566/2069/1
f 2548/2074/1 2567/2073/1 2549/2072/1
f 2548/2074/1 2568/2075/1 2567/2073/1
f 2385/2076/1 2495/2071/1 2386/2053/1
f 2547/2077/1 2568/2075/1 2548/2074/1
f 2546/2078/1 2568/2075/1 2547/2077/1
f 2546/2078/1 2569/2079/1 2568/2075/1
f 2545/2080/1 2569/2079/1 2546/2078/1
f 2545/2080/1 2570/2081/1 2569/2079/1
f 2544/2082/1 2570/2081/1 2545/2080/1
f 2385/2076/1 2496/2083/1 2495/2071/1
f 2543/2084/1 2570/2081/1 2544/2082/1
f 2542/2085/1 2570/2081/1 2543/2084/1
f 2542/2085/1 2571/2086/1 2570/2081/1
f 2541/2087/1 2571/2086/1 2542/2085/1
f 2384/2088/1 2496/2083/1 2385/2076/1
f 2540/2089/1 2571/2086/1 2541/2087/1
f 2540/2089/1 2572/2090/1 2571/2086/1
f 2539/2091/1 2572/2090/1 2540/2089/1
f 2538/2092/1 2572/2090/1 2539/2091/1
f 2537/2093/1 2572/2090/1 2538/2092/1
f 2536/2094/1 2572/2090/1 2537/2093/1
f 2535/2095/1 2572/2090/1 2536/2094/1
f 2535/2095/1 2573/2096/1 2572/2090/1
f 2384/2088/1 2497/2097/1 2496/2083/1
f 2535/2095/1 2574/2098/1 2573/2096/1
f 2535/2095/1 2575/2099/1 2574/2098/1
f 2383/2100/1 2497/2097/1 2384/2088/1
f 2534/2101/1 2575/2099/1 2535/2095/1
f 2534/2101/1 2576/2102/1 2575/2099/1
f 2534/2101/1 2577/2103/1 2576/2102/1
f 2533/2104/1 2577/2103/1 2534/2101/1
f 2533/2104/1 2578/2105/1 2577/2103/1
f 2383/2100/1 2498/2106/1 2497/2097/1
f 2533/2104/1 2579/2107/1 2578/2105/1
f 2532/2108/1 2579/2107/1 2533/2104/1
f 2382/2109/1 2498/2106/1 2383/2100/1
f 2532/2108/1 2580/2110/1 2579/2107/1
f 2531/2111/1 2580/2110/1 2532/2108/1
f 2531/2111/1 2581/2112/1 2580/2110/1
f 2531/2111/1 2582/2113/1 2581/2112/1
f 2530/2114/1 2582/2113/1 2531/2111/1
f 2382/2109/1 2499/2115/1 2498/2106/1
f 2530/2114/1 2583/2116/1 2582/2113/1
f 2381/2117/1 2499/2115/1 2382/2109/1
f 2529/2118/1 2583/2116/1 2530/2114/1
f 2529/2118/1 2584/2119/1 2583/2116/1
f 2528/2120/1 2584/2119/1 2529/2118/1
f 2528/2120/1 2585/2121/1 2584/2119/1
f 2381/2117/1 2500/2122/1 2499/2115/1
f 2528/2120/1 2586/2123/1 2585/2121/1
f 2527/2124/1 2586/2123/1 2528/2120/1
f 2380/2125/1 2500/2122/1 2381/2117/1
f 2527/2124/1 2587/2126/1 2586/2123/1
f 2527/2124/1 2588/2127/1 2587/2126/1
f 2526/2128/1 2588/2127/1 2527/2124/1
f 2526/2128/1 2589/2129/1 2588/2127/1
f 2526/2128/1 2590/2130/1 2589/2129/1
f 2525/2131/1 2590/2130/1 2526/2128/1
f 2525/2131/1 2591/2132/1 2590/2130/1
f 2525/2131/1 2592/2133/1 2591/2132/1
f 2379/2134/1 2500/2122/1 2380/2125/1
f 2525/2131/1 2593/2135/1 2592/2133/1
f 2524/2136/1 2593/2135/1 2525/2131/1
f 2379/2134/1 2501/2137/1 2500/2122/1
f 2524/2136/1 2594/2138/1 2593/2135/1
f 2379/2134/1 2502/2139/1 2501/2137/1
f 2524/2136/1 2595/2140/1 2594/2138/1
f 2379/2134/1 2503/2141/1 2502/2139/1
f 2523/2142/1 2595/2140/1 2524/2136/1
f 2523/2142/1 2596/2143/1 2595/2140/1
f 2379/2134/1 2504/2144/1 2503/2141/1
f 2522/2145/1 2596/2143/1 2523/2142/1
f 2521/2146/1 2596/2143/1 2522/2145/1
f 2379/2134/1 2505/2147/1 2504/2144/1
f 2521/2146/1 2597/2148/1 2596/2143/1
f 2520/2149/1 2597/2148/1 2521/2146/1
f 2379/2134/1 2506/2150/1 2505/2147/1
f 2520/2149/1 2598/2151/1 2597/2148/1
f 2519/2152/1 2598/2151/1 2520/2149/1
f 2379/2134/1 2507/2153/1 2506/2150/1
f 2518/2154/1 2598/2151/1 2519/2152/1
f 2518/2154/1 2599/2155/1 2598/2151/1
f 2379/2134/1 2508/2156/1 2507/2153/1
f 2517/2157/1 2599/2155/1 2518/2154/1
f 2516/2158/1 2599/2155/1 2517/2157/1
f 2379/2134/1 2509/2159/1 2508/2156/1
f 2516/2158/1 2600/2160/1 2599/2155/1
f 2515/2161/1 2600/2160/1 2516/2158/1
f 2379/2134/1 2510/2162/1 2509/2159/1
f 2514/2163/1 2600/2160/1 2515/2161/1
f 2379/2134/1 2511/2164/1 2510/2162/1
f 2513/2165/1 2600/2160/1 2514/2163/1
f 2379/2134/1 2512/2166/1 2511/2164/1
f 2512/2166/1 2600/2160/1 2513/2165/1
f 2379/2134/1 2600/2160/1 2512/2166/1
f 2379/2134/1 2601/2167/1 2600/2160/1
f 2379/2134/1 2602/2168/1 2601/2167/1
f 2379/2134/1 2603/2169/1 2602/2168/1
f 2379/2134/1 2604/2170/1 2603/2169/1
f 2379/2134/1 2605/2171/1 2604/2170/1
f 2379/2134/1 2606/2172/1 2605/2171/1
f 2379/2134/1 2610/2173/1 2606/2172/1
f 2610/2173/1 2609/2174/1 2606/2172/1
f 2609/2174/1 2607/2175/1 2606/2172/1
f 2609/2174/1 2608/2176/1 2607/2175/1
f 2379/2134/1 2611/2177/1 2610/2173/1
f 2379/2134/1 2612/2178/1 2611/2177/1
f 2379/2134/1 2613/2179/1 2612/2178/1
f 2379/2134/1 2614/2180/1 2613/2179/1
f 2379/2134/1 2615/2181/1 2614/2180/1
f 2379/2134/1 2616/2182/1 2615/2181/1
f 2379/2134/1 2617/2183/1 2616/2182/1
f 2379/2134/1 2618/2184/1 2617/2183/1
f 2379/2134/1 2619/2185/1 2618/2184/1
f 2379/2134/1 2620/2186/1 2619/2185/1
f 2379/2134/1 2621/2187/1 2620/2186/1
f 2379/2134/1 2622/2188/1 2621/2187/1
f 2379/2134/1 2623/2189/1 2622/2188/1
f 2379/2134/1 2624/2190/1 2623/2189/1
f 2379/2134/1 2625/2191/1 2624/2190/1
f 2379/2134/1 2626/2192/1 2625/2191/1
f 2378/2193/1 2320/2194/1 2379/2134/1
f 2320/2194/1 2626/2192/1 2379/2134/1
f 2320/2194/1 2627/2195/1 2626/2192/1
f 2320/2194/1 2628/2196/1 2627/2195/1
f 2320/2194/1 2629/2197/1 2628/2196/1
f 2320/2194/1 2630/2198/1 2629/2197/1
f 2320/2194/1 2631/2199/1 2630/2198/1
f 2320/2194/1 2632/2200/1 2631/2199/1
f 2320/2194/1 2633/2201/1 2632/2200/1
f 2320/2194/1 2634/2202/1 2633/2201/1
f 2320/2194/1 2635/2203/1 2634/2202/1
f 2320/2194/1 2636/2204/1 2635/2203/1
f 2378/2193/1 2321/2205/1 2320/2194/1
f 2847/118/1 2636/2204/1 2320/2194/1
f 2847/118/1 2637/2206/1 2636/2204/1
f 2847/118/1 2638/2207/1 2637/2206/1
f 2847/118/1 2639/2208/1 2638/2207/1
f 2847/118/1 2640/2209/1 2639/2208/1
f 2847/118/1 2641/2210/1 2640/2209/1
f 2847/118/1 2642/2211/1 2641/2210/1
f 2847/118/1 2643/2212/1 2642/2211/1
f 2847/118/1 2644/2213/1 2643/2212/1
f 2846/2214/1 2644/2213/1 2847/118/1
f 2846/2214/1 2645/2215/1 2644/2213/1
f 2846/2214/1 2788/2216/1 2645/2215/1
f 2788/2216/1 2646/2217/1 2645/2215/1
f 2846/2214/1 2789/2218/1 2788/2216/1
f 2787/2219/1 2646/2217/1 2788/2216/1
f 2377/2220/1 2321/2205/1 2378/2193/1
f 2845/2221/1 2789/2218/1 2846/2214/1
f 2845/2221/1 2790/2222/1 2789/2218/1
f 2845/2221/1 2791/2223/1 2790/2222/1
f 2845/2221/1 2792/2224/1 2791/2223/1
f 2845/2221/1 2793/2225/1 2792/2224/1
f 2787/2219/1 2647/2226/1 2646/2217/1
f 2845/2221/1 2794/2227/1 2793/2225/1
f 2845/2221/1 2795/2228/1 2794/2227/1
f 2845/2221/1 2796/2229/1 2795/2228/1
f 2845/2221/1 2797/2230/1 2796/2229/1
f 2786/2231/1 2647/2226/1 2787/2219/1
f 2845/2221/1 2798/2232/1 2797/2230/1
f 2844/2233/1 2798/2232/1 2845/2221/1
f 2844/2233/1 2799/2234/1 2798/2232/1
f 2786/2231/1 2648/2235/1 2647/2226/1
f 2844/2233/1 2800/2236/1 2799/2234/1
f 2844/2233/1 2801/2237/1 2800/2236/1
f 2844/2233/1 2802/2238/1 2801/2237/1
f 2844/2233/1 2803/2239/1 2802/2238/1
f 2785/2240/1 2648/2235/1 2786/2231/1
f 2785/2240/1 2649/2241/1 2648/2235/1
f 2844/2233/1 2804/2242/1 2803/2239/1
f 2843/2243/1 2804/2242/1 2844/2233/1
f 2843/2243/1 2805/2244/1 2804/2242/1
f 2843/2243/1 2806/2245/1 2805/2244/1
f 2843/2243/1 2807/2246/1 2806/2245/1
f 2377/2220/1 2322/2247/1 2321/2205/1
f 2843/2243/1 2808/2248/1 2807/2246/1
f 2843/2243/1 2809/2249/1 2808/2248/1
f 2785/2240/1 2650/2250/1 2649/2241/1
f 2843/2243/1 2810/2251/1 2809/2249/1
f 2843/2243/1 2811/2252/1 2810/2251/1
f 2842/2253/1 2811/2252/1 2843/2243/1
f 2784/2254/1 2650/2250/1 2785/2240/1
f 2842/2253/1 2812/2255/1 2811/2252/1
f 2842/2253/1 2813/2256/1 2812/2255/1
f 2842/2253/1 2814/2257/1 2813/2256/1
f 2842/2253/1 2815/2258/1 2814/2257/1
f 2842/2253/1 2816/2259/1 2815/2258/1
f 2842/2253/1 2817/2260/1 2816/2259/1
f 2842/2253/1 2818/2261/1 2817/2260/1
f 2784/2254/1 2651/2262/1 2650/2250/1
f 2842/2253/1 2819/2263/1 2818/2261/1
f 2841/2264/1 2819/2263/1 2842/2253/1
f 2841/2264/1 2820/2265/1 2819/2263/1
f 2841/2264/1 2821/2266/1 2820/2265/1
f 2841/2264/1 2822/2267/1 2821/2266/1
f 2783/2268/1 2651/2262/1 2784/2254/1
f 2841/2264/1 2823/2269/1 2822/2267/1
f 2841/2264/1 2824/2270/1 2823/2269/1
f 2840/2271/1 2824/2270/1 2841/2264/1
f 2840/2271/1 2825/2272/1 2824/2270/1
f 2783/2268/1 2652/2273/1 2651/2262/1
f 2376/2274/1 2322/2247/1 2377/2220/1
f 2840/2271/1 2826/2275/1 2825/2272/1
f 2840/2271/1 2827/2276/1 2826/2275/1
f 2839/2277/1 2827/2276/1 2840/2271/1
f 2839/2277/1 2828/2278/1 2827/2276/1
f 2839/2277/1 2829/2279/1 2828/2278/1
f 2782/2280/1 2652/2273/1 2783/2268/1
f 2838/2281/1 2829/2279/1 2839/2277/1
f 2782/2280/1 2653/2282/1 2652/2273/1
f 2838/2281/1 2830/2283/1 2829/2279/1
f 2838/2281/1 2831/2284/1 2830/2283/1
f 2838/2281/1 2832/2285/1 2831/2284/1
f 2837/2286/1 2832/2285/1 2838/2281/1
f 2837/2286/1 2833/2287/1 2832/2285/1
f 2837/2286/1 2834/2288/1 2833/2287/1
f 2836/2289/1 2834/2288/1 2837/2286/1
f 2836/2289/1 2835/2290/1 2834/2288/1
f 2782/2280/1 2654/2291/1 2653/2282/1
f 2781/2292/1 2654/2291/1 2782/2280/1
f 2781/2292/1 2655/2293/1 2654/2291/1
f 2376/2274/1 2323/2294/1 2322/2247/1
f 2780/2295/1 2655/2293/1 2781/2292/1
f 2780/2295/1 2656/2296/1 2655/2293/1
f 2779/2297/1 2656/2296/1 2780/2295/1
f 2779/2297/1 2657/2298/1 2656/2296/1
f 2375/2299/1 2323/2294/1 2376/2274/1
f 2779/2297/1 2658/2300/1 2657/2298/1
f 2778/2301/1 2658/2300/1 2779/2297/1
f 2778/2301/1 2659/2302/1 2658/2300/1
f 2778/2301/1 2660/2303/1 2659/2302/1
f 2777/2304/1 2660/2303/1 2778/2301/1
f 2777/2304/1 2661/2305/1 2660/2303/1
f 2375/2299/1 2324/2306/1 2323/2294/1
f 2776/2307/1 2661/2305/1 2777/2304/1
f 2776/2307/1 2662/2308/1 2661/2305/1
f 2374/2309/1 2324/2306/1 2375/2299/1
f 2776/2307/1 2663/2310/1 2662/2308/1
f 2775/2311/1 2663/2310/1 2776/2307/1
f 2775/2311/1 2664/2312/1 2663/2310/1
f 2775/2311/1 2665/2313/1 2664/2312/1
f 2774/2314/1 2665/2313/1 2775/2311/1
f 2774/2314/1 2666/2315/1 2665/2313/1
f 2773/2316/1 2666/2315/1 2774/2314/1
f 2773/2316/1 2667/2317/1 2666/2315/1
f 2374/2309/1 2325/2318/1 2324/2306/1
f 2772/2319/1 2667/2317/1 2773/2316/1
f 2772/2319/1 2668/2320/1 2667/2317/1
f 2772/2319/1 2669/2321/1 2668/2320/1
f 2373/2322/1 2325/2318/1 2374/2309/1
f 2771/2323/1 2669/2321/1 2772/2319/1
f 2771/2323/1 2670/2324/1 2669/2321/1
f 2770/2325/1 2670/2324/1 2771/2323/1
f 2770/2325/1 2671/2326/1 2670/2324/1
f 2770/2325/1 2672/2327/1 2671/2326/1
f 2769/2328/1 2672/2327/1 2770/2325/1
f 2769/2328/1 2673/2329/1 2672/2327/1
f 2768/2330/1 2673/2329/1 2769/2328/1
f 2768/2330/1 2674/2331/1 2673/2329/1
f 2373/2322/1 2326/2332/1 2325/2318/1
f 2768/2330/1 2675/2333/1 2674/2331/1
f 2767/2334/1 2675/2333/1 2768/2330/1
f 2372/2335/1 2326/2332/1 2373/2322/1
f 2767/2334/1 2676/2336/1 2675/2333/1
f 2767/2334/1 2677/2337/1 2676/2336/1
f 2766/2338/1 2677/2337/1 2767/2334/1
f 2766/2338/1 2678/2339/1 2677/2337/1
f 2766/2338/1 2679/2340/1 2678/2339/1
f 2765/2341/1 2679/2340/1 2766/2338/1
f 2765/2341/1 2680/2342/1 2679/2340/1
f 2765/2341/1 2681/2343/1 2680/2342/1
f 2764/2344/1 2681/2343/1 2765/2341/1
f 2764/2344/1 2682/2345/1 2681/2343/1
f 2372/2335/1 2327/2346/1 2326/2332/1
f 2764/2344/1 2683/2347/1 2682/2345/1
f 2763/2348/1 2683/2347/1 2764/2344/1
f 2371/2349/1 2327/2346/1 2372/2335/1
f 2763/2348/1 2684/2350/1 2683/2347/1
f 2763/2348/1 2685/2351/1 2684/2350/1
f 2763/2348/1 2686/2352/1 2685/2351/1
f 2763/2348/1 2687/2353/1 2686/2352/1
f 2763/2348/1 2688/2354/1 2687/2353/1
f 2371/2349/1 2328/2355/1 2327/2346/1
f 2370/2356/1 2328/2355/1 2371/2349/1
f 2763/2348/1 2689/2357/1 2688/2354/1
f 2763/2348/1 2690/2358/1 2689/2357/1
f 2763/2348/1 2691/2359/1 2690/2358/1
f 2370/2356/1 2329/2360/1 2328/2355/1
f 2763/2348/1 2692/2361/1 2691/2359/1
f 2369/2362/1 2329/2360/1 2370/2356/1
f 2763/2348/1 2693/2363/1 2692/2361/1
f 2369/2362/1 2330/2364/1 2329/2360/1
f 2368/2365/1 2330/2364/1 2369/2362/1
f 2762/2366/1 2693/2363/1 2763/2348/1
f 2368/2365/1 2331/2367/1 2330/2364/1
f 2367/2368/1 2331/2367/1 2368/2365/1
f 2366/2369/1 2331/2367/1 2367/2368/1
f 2365/2370/1 2331/2367/1 2366/2369/1
f 2364/2371/1 2331/2367/1 2365/2370/1
f 2363/2372/1 2331/2367/1 2364/2371/1
f 2363/2372/1 2332/2373/1 2331/2367/1
f 2362/2374/1 2332/2373/1 2363/2372/1
f 2361/2375/1 2332/2373/1 2362/2374/1
f 2360/2376/1 2332/2373/1 2361/2375/1
f 2359/2377/1 2332/2373/1 2360/2376/1
f 2358/2378/1 2332/2373/1 2359/2377/1
f 2357/2379/1 2332/2373/1 2358/2378/1
f 2356/2380/1 2332/2373/1 2357/2379/1
f 2355/2381/1 2332/2373/1 2356/2380/1
f 2355/2381/1 2333/2382/1 2332/2373/1
f 2354/2383/1 2333/2382/1 2355/2381/1
f 2354/2383/1 2334/2384/1 2333/2382/1
f 2353/2385/1 2334/2384/1 2354/2383/1
f 2353/2385/1 2335/2386/1 2334/2384/1
f 2762/2366/1 2694/2387/1 2693/2363/1
f 2352/2388/1 2335/2386/1 2353/2385/1
f 2352/2388/1 2336/2389/1 2335/2386/1
f 2351/2390/1 2336/2389/1 2352/2388/1
f 2351/2390/1 2337/2391/1 2336/2389/1
f 2350/2392/1 2337/2391/1 2351/2390/1
f 2350/2392/1 2338/2393/1 2337/2391/1
f 2349/2394/1 2338/2393/1 2350/2392/1
f 2349/2394/1 2339/2395/1 2338/2393/1
f 2348/2396/1 2339/2395/1 2349/2394/1
f 2348/2396/1 2340/2397/1 2339/2395/1
f 2761/2398/1 2694/2387/1 2762/2366/1
f 2347/2399/1 2340/2397/1 2348/2396/1
f 2347/2399/1 2341/2400/1 2340/2397/1
f 2346/2401/1 2341/2400/1 2347/2399/1
f 2346/2401/1 2342/2402/1 2341/2400/1
f 2345/2403/1 2342/2402/1 2346/2401/1
f 2345/2403/1 2343/2404/1 2342/2402/1
f 2344/2405/1 2343/2404/1 2345/2403/1
f 2761/2398/1 2695/2406/1 2694/2387/1
f 2760/2407/1 2695/2406/1 2761/2398/1
f 2759/2408/1 2695/2406/1 2760/2407/1
f 2759/2408/1 2696/2409/1 2695/2406/1
f 2758/2410/1 2696/2409/1 2759/2408/1
f 2758/2410/1 2697/2411/1 2696/2409/1
f 2757/2412/1 2697/2411/1 2758/2410/1
f 2757/2412/1 2698/2413/1 2697/2411/1
f 2756/2414/1 2698/2413/1 2757/2412/1
f 2756/2414/1 2699/2415/1 2698/2413/1
f 2755/2416/1 2699/2415/1 2756/2414/1
f 2755/2416/1 2700/2417/1 2699/2415/1
f 2754/2418/1 2700/2417/1 2755/2416/1
f 2754/2418/1 2701/2419/1 2700/2417/1
f 2753/2420/1 2701/2419/1 2754/2418/1
f 2753/2420/1 2702/2421/1 2701/2419/1
f 2753/2420/1 2703/2422/1 2702/2421/1
f 2752/2423/1 2703/2422/1 2753/2420/1
f 2752/2423/1 2704/2424/1 2703/2422/1
f 2751/2425/1 2704/2424/1 2752/2423/1
f 2750/2426/1 2704/2424/1 2751/2425/1
f 2749/2427/1 2704/2424/1 2750/2426/1
f 2748/2428/1 2704/2424/1 2749/2427/1
f 2747/2429/1 2704/2424/1 2748/2428/1
f 2746/2430/1 2704/2424/1 2747/2429/1
f 2745/2431/1 2704/2424/1 2746/2430/1
f 2744/2432/1 2704/2424/1 2745/2431/1
f 2743/2433/1 2704/2424/1 2744/2432/1
f 2742/2434/1 2704/2424/1 2743/2433/1
f 2741/2435/1 2704/2424/1 2742/2434/1
f 2740/2436/1 2704/2424/1 2741/2435/1
f 2739/2437/1 2704/2424/1 2740/2436/1
f 2738/2438/1 2704/2424/1 2739/2437/1
f 2737/2439/1 2704/2424/1 2738/2438/1
f 2736/2440/1 2704/2424/1 2737/2439/1
f 2735/2441/1 2704/2424/1 2736/2440/1
f 2734/2442/1 2704/2424/1 2735/2441/1
f 2733/2443/1 2704/2424/1 2734/2442/1
f 2732/2444/1 2704/2424/1 2733/2443/1
f 2731/2445/1 2704/2424/1 2732/2444/1
f 2730/2446/1 2704/2424/1 2731/2445/1
f 2729/2447/1 2704/2424/1 2730/2446/1
f 2728/2448/1 2704/2424/1 2729/2447/1
f 2727/2449/1 2704/2424/1 2728/2448/1
f 2726/2450/1 2704/2424/1 2727/2449/1
f 2725/2451/1 2704/2424/1 2726/2450/1
f 2725/2451/1 2705/2452/1 2704/2424/1
f 2724/2453/1 2705/2452/1 2725/2451/1
f 2724/2453/1 2706/2454/1 2705/2452/1
f 2723/2455/1 2706/2454/1 2724/2453/1
f 2723/2455/1 2707/2456/1 2706/2454/1
f 2722/2457/1 2707/2456/1 2723/2455/1
f 2722/2457/1 2708/2458/1 2707/2456/1
f 2722/2457/1 2709/2459/1 2708/2458/1
f 2721/2460/1 2709/2459/1 2722/2457/1
f 2721/2460/1 2710/2461/1 2709/2459/1
f 2720/2462/1 2710/2461/1 2721/2460/1
f 2720/2462/1 2711/2463/1 2710/2461/1
f 2719/2464/1 2711/2463/1 2720/2462/1
f 2719/2464/1 2712/2465/1 2711/2463/1
f 2719/2464/1 2713/2466/1 2712/2465/1
f 2718/2467/1 2713/2466/1 2719/2464/1
f 2718/2467/1 2714/2468/1 2713/2466/1
f 2717/2469/1 2714/2468/1 2718/2467/1
f 2717/2469/1 2715/2470/1 2714/2468/1
f 2716/2471/1 2715/2470/1 2717/2469/1
