# Blender 4.4.1
# www.blender.org
mtllib Operation.mtl
o テキスト
v -3.936975 -0.705582 0.000000
v -3.936975 -0.710384 0.000000
v -3.936873 -0.712254 0.000000
v -3.936566 -0.713961 0.000000
v -3.936056 -0.715505 0.000000
v -3.935341 -0.716887 0.000000
v -3.934422 -0.718106 0.000000
v -3.933298 -0.719163 0.000000
v -3.931971 -0.720057 0.000000
v -3.930439 -0.720788 0.000000
v -3.928703 -0.721357 0.000000
v -3.926763 -0.721764 0.000000
v -3.924618 -0.722008 0.000000
v -3.922269 -0.722089 0.000000
v -3.920687 -0.722024 0.000000
v -3.919243 -0.721830 0.000000
v -3.917936 -0.721507 0.000000
v -3.916767 -0.721055 0.000000
v -3.915735 -0.720474 0.000000
v -3.914841 -0.719763 0.000000
v -3.914084 -0.718923 0.000000
v -3.913465 -0.717954 0.000000
v -3.912984 -0.716855 0.000000
v -3.912640 -0.715628 0.000000
v -3.912434 -0.714271 0.000000
v -3.912365 -0.712785 0.000000
v -3.913565 -0.644058 0.000000
v -3.913549 -0.636082 0.000000
v -3.913499 -0.628460 0.000000
v -3.913415 -0.621192 0.000000
v -3.913298 -0.614279 0.000000
v -3.913148 -0.607720 0.000000
v -3.912965 -0.601516 0.000000
v -3.912748 -0.595665 0.000000
v -3.912498 -0.590169 0.000000
v -3.912215 -0.585028 0.000000
v -3.911898 -0.580240 0.000000
v -3.911548 -0.575807 0.000000
v -3.911164 -0.571729 0.000000
v -3.914249 -0.573065 0.000000
v -3.917200 -0.574371 0.000000
v -3.920018 -0.575649 0.000000
v -3.922702 -0.576898 0.000000
v -3.925253 -0.578117 0.000000
v -3.927671 -0.579307 0.000000
v -3.929955 -0.580468 0.000000
v -3.932106 -0.581599 0.000000
v -3.934124 -0.582702 0.000000
v -3.936007 -0.583775 0.000000
v -3.937758 -0.584819 0.000000
v -3.939376 -0.585834 0.000000
v -4.001501 -0.585834 0.000000
v -4.001501 -0.550720 0.000000
v -3.919868 -0.550720 0.000000
v -3.917065 -0.550745 0.000000
v -3.914257 -0.550820 0.000000
v -3.911446 -0.550945 0.000000
v -3.908630 -0.551121 0.000000
v -3.905810 -0.551346 0.000000
v -3.902986 -0.551621 0.000000
v -3.900158 -0.551946 0.000000
v -3.897326 -0.552321 0.000000
v -3.894489 -0.552746 0.000000
v -3.891649 -0.553221 0.000000
v -3.888804 -0.553747 0.000000
v -3.885954 -0.554322 0.000000
v -3.880552 -0.531213 0.000000
v -3.883989 -0.531884 0.000000
v -3.887397 -0.532496 0.000000
v -3.890775 -0.533051 0.000000
v -3.894124 -0.533547 0.000000
v -3.897444 -0.533984 0.000000
v -3.900735 -0.534364 0.000000
v -3.903997 -0.534685 0.000000
v -3.907229 -0.534947 0.000000
v -3.910433 -0.535152 0.000000
v -3.913607 -0.535298 0.000000
v -3.916752 -0.535385 0.000000
v -3.919868 -0.535414 0.000000
v -4.001501 -0.535414 0.000000
v -4.001501 -0.527311 0.000000
v -4.001484 -0.523045 0.000000
v -4.001434 -0.518849 0.000000
v -4.001350 -0.514725 0.000000
v -4.001234 -0.510671 0.000000
v -4.001083 -0.506688 0.000000
v -4.000900 -0.502776 0.000000
v -4.000683 -0.498935 0.000000
v -4.000432 -0.495165 0.000000
v -4.000149 -0.491465 0.000000
v -3.999832 -0.487837 0.000000
v -3.999482 -0.484279 0.000000
v -3.999099 -0.480792 0.000000
v -4.003757 -0.481338 0.000000
v -4.008128 -0.481876 0.000000
v -4.012211 -0.482405 0.000000
v -4.016006 -0.482926 0.000000
v -4.019514 -0.483439 0.000000
v -4.022734 -0.483944 0.000000
v -4.025666 -0.484440 0.000000
v -4.028311 -0.484927 0.000000
v -4.030669 -0.485407 0.000000
v -4.032738 -0.485878 0.000000
v -4.034520 -0.486340 0.000000
v -4.036014 -0.486795 0.000000
v -4.037069 -0.487159 0.000000
v -4.038032 -0.487553 0.000000
v -4.038903 -0.487976 0.000000
v -4.039682 -0.488429 0.000000
v -4.040370 -0.488910 0.000000
v -4.040966 -0.489421 0.000000
v -4.041471 -0.489961 0.000000
v -4.041883 -0.490530 0.000000
v -4.042204 -0.491128 0.000000
v -4.042433 -0.491755 0.000000
v -4.042571 -0.492412 0.000000
v -4.042617 -0.493097 0.000000
v -4.042494 -0.494108 0.000000
v -4.042125 -0.495140 0.000000
v -4.041510 -0.496192 0.000000
v -4.040649 -0.497266 0.000000
v -4.039543 -0.498360 0.000000
v -4.038190 -0.499475 0.000000
v -4.036592 -0.500611 0.000000
v -4.034747 -0.501767 0.000000
v -4.032657 -0.502945 0.000000
v -4.030320 -0.504143 0.000000
v -4.027738 -0.505363 0.000000
v -4.024910 -0.506603 0.000000
v -4.024910 -0.535414 0.000000
v -4.105342 -0.535414 0.000000
v -4.107810 -0.532586 0.000000
v -4.110110 -0.530004 0.000000
v -4.112245 -0.527667 0.000000
v -4.114212 -0.525577 0.000000
v -4.116013 -0.523732 0.000000
v -4.117647 -0.522134 0.000000
v -4.119114 -0.520781 0.000000
v -4.120414 -0.519675 0.000000
v -4.121548 -0.518814 0.000000
v -4.122515 -0.518199 0.000000
v -4.123315 -0.517830 0.000000
v -4.123950 -0.517707 0.000000
v -4.124537 -0.517830 0.000000
v -4.125400 -0.518199 0.000000
v -4.126537 -0.518814 0.000000
v -4.127950 -0.519675 0.000000
v -4.129638 -0.520781 0.000000
v -4.131601 -0.522134 0.000000
v -4.133840 -0.523732 0.000000
v -4.136353 -0.525577 0.000000
v -4.139142 -0.527667 0.000000
v -4.142205 -0.530004 0.000000
v -4.145544 -0.532586 0.000000
v -4.149159 -0.535414 0.000000
v -4.150214 -0.536308 0.000000
v -4.151177 -0.537190 0.000000
v -4.152048 -0.538059 0.000000
v -4.152828 -0.538916 0.000000
v -4.153515 -0.539760 0.000000
v -4.154111 -0.540591 0.000000
v -4.154616 -0.541410 0.000000
v -4.155028 -0.542217 0.000000
v -4.155349 -0.543011 0.000000
v -4.155579 -0.543793 0.000000
v -4.155716 -0.544562 0.000000
v -4.155762 -0.545318 0.000000
v -4.155708 -0.546181 0.000000
v -4.155545 -0.546969 0.000000
v -4.155274 -0.547682 0.000000
v -4.154895 -0.548319 0.000000
v -4.154408 -0.548882 0.000000
v -4.153811 -0.549370 0.000000
v -4.153107 -0.549782 0.000000
v -4.152294 -0.550120 0.000000
v -4.151373 -0.550383 0.000000
v -4.150343 -0.550570 0.000000
v -4.149206 -0.550683 0.000000
v -4.147959 -0.550720 0.000000
v -4.024910 -0.550720 0.000000
v -4.024910 -0.585834 0.000000
v -4.089436 -0.585834 0.000000
v -4.091326 -0.583773 0.000000
v -4.093095 -0.581891 0.000000
v -4.094744 -0.580188 0.000000
v -4.096272 -0.578665 0.000000
v -4.097678 -0.577320 0.000000
v -4.098964 -0.576155 0.000000
v -4.100129 -0.575170 0.000000
v -4.101173 -0.574363 0.000000
v -4.102097 -0.573736 0.000000
v -4.102899 -0.573288 0.000000
v -4.103580 -0.573019 0.000000
v -4.104142 -0.572929 0.000000
v -4.104698 -0.572998 0.000000
v -4.105367 -0.573204 0.000000
v -4.106149 -0.573548 0.000000
v -4.107043 -0.574030 0.000000
v -4.108049 -0.574649 0.000000
v -4.109169 -0.575405 0.000000
v -4.110400 -0.576299 0.000000
v -4.111744 -0.577331 0.000000
v -4.113201 -0.578500 0.000000
v -4.114770 -0.579807 0.000000
v -4.116452 -0.581251 0.000000
v -4.118247 -0.582833 0.000000
v -4.119829 -0.584111 0.000000
v -4.121274 -0.585342 0.000000
v -4.122581 -0.586528 0.000000
v -4.123750 -0.587668 0.000000
v -4.124782 -0.588763 0.000000
v -4.125676 -0.589811 0.000000
v -4.126432 -0.590813 0.000000
v -4.127051 -0.591770 0.000000
v -4.127533 -0.592681 0.000000
v -4.127877 -0.593546 0.000000
v -4.128083 -0.594365 0.000000
v -4.128151 -0.595138 0.000000
v -4.128061 -0.595961 0.000000
v -4.127792 -0.596830 0.000000
v -4.127344 -0.597745 0.000000
v -4.126717 -0.598706 0.000000
v -4.125910 -0.599713 0.000000
v -4.124925 -0.600765 0.000000
v -4.123760 -0.601864 0.000000
v -4.122416 -0.603008 0.000000
v -4.120892 -0.604198 0.000000
v -4.119189 -0.605434 0.000000
v -4.117307 -0.606716 0.000000
v -4.115246 -0.608043 0.000000
v -4.115246 -0.638655 0.000000
v -4.117047 -0.707983 0.000000
v -4.116940 -0.709949 0.000000
v -4.116621 -0.711743 0.000000
v -4.116090 -0.713367 0.000000
v -4.115346 -0.714819 0.000000
v -4.114389 -0.716101 0.000000
v -4.113220 -0.717212 0.000000
v -4.111838 -0.718152 0.000000
v -4.110244 -0.718921 0.000000
v -4.108437 -0.719519 0.000000
v -4.106417 -0.719946 0.000000
v -4.104185 -0.720203 0.000000
v -4.101740 -0.720288 0.000000
v -4.100159 -0.720219 0.000000
v -4.098714 -0.720013 0.000000
v -4.097408 -0.719669 0.000000
v -4.096239 -0.719188 0.000000
v -4.095207 -0.718569 0.000000
v -4.094313 -0.717812 0.000000
v -4.093556 -0.716918 0.000000
v -4.092937 -0.715886 0.000000
v -4.092455 -0.714717 0.000000
v -4.092112 -0.713410 0.000000
v -4.091905 -0.711966 0.000000
v -4.091836 -0.710384 0.000000
v -4.091836 -0.705582 0.000000
v -4.024910 -0.705582 0.000000
v -4.025510 -0.744298 0.000000
v -4.104742 -0.744298 0.000000
v -4.107113 -0.741422 0.000000
v -4.109327 -0.738796 0.000000
v -4.111382 -0.736420 0.000000
v -4.113279 -0.734294 0.000000
v -4.115017 -0.732418 0.000000
v -4.116597 -0.730792 0.000000
v -4.118018 -0.729417 0.000000
v -4.119281 -0.728291 0.000000
v -4.120386 -0.727416 0.000000
v -4.121332 -0.726791 0.000000
v -4.122119 -0.726416 0.000000
v -4.122749 -0.726291 0.000000
v -4.123331 -0.726416 0.000000
v -4.124175 -0.726791 0.000000
v -4.125281 -0.727416 0.000000
v -4.126651 -0.728291 0.000000
v -4.128283 -0.729417 0.000000
v -4.130177 -0.730792 0.000000
v -4.132334 -0.732418 0.000000
v -4.134754 -0.734294 0.000000
v -4.137436 -0.736420 0.000000
v -4.140381 -0.738796 0.000000
v -4.143589 -0.741422 0.000000
v -4.147058 -0.744298 0.000000
v -4.148161 -0.745192 0.000000
v -4.149168 -0.746073 0.000000
v -4.150078 -0.746943 0.000000
v -4.150893 -0.747799 0.000000
v -4.151612 -0.748643 0.000000
v -4.152236 -0.749475 0.000000
v -4.152763 -0.750294 0.000000
v -4.153194 -0.751100 0.000000
v -4.153530 -0.751895 0.000000
v -4.153770 -0.752676 0.000000
v -4.153914 -0.753445 0.000000
v -4.153962 -0.754202 0.000000
v -4.153912 -0.755065 0.000000
v -4.153761 -0.755852 0.000000
v -4.153511 -0.756565 0.000000
v -4.153161 -0.757203 0.000000
v -4.152711 -0.757766 0.000000
v -4.152161 -0.758253 0.000000
v -4.151510 -0.758666 0.000000
v -4.150760 -0.759004 0.000000
v -4.149909 -0.759266 0.000000
v -4.148959 -0.759454 0.000000
v -4.147909 -0.759566 0.000000
v -4.146759 -0.759604 0.000000
v -4.026110 -0.759604 0.000000
v -4.026162 -0.760969 0.000000
v -4.026218 -0.762463 0.000000
v -4.026279 -0.764087 0.000000
v -4.026344 -0.765840 0.000000
v -4.026412 -0.767722 0.000000
v -4.026485 -0.769733 0.000000
v -4.026563 -0.771873 0.000000
v -4.026644 -0.774143 0.000000
v -4.026730 -0.776542 0.000000
v -4.026819 -0.779070 0.000000
v -4.026913 -0.781727 0.000000
v -4.027011 -0.784514 0.000000
v -4.027059 -0.786019 0.000000
v -4.027102 -0.787432 0.000000
v -4.027142 -0.788753 0.000000
v -4.027177 -0.789983 0.000000
v -4.027209 -0.791121 0.000000
v -4.027236 -0.792167 0.000000
v -4.027259 -0.793121 0.000000
v -4.027277 -0.793984 0.000000
v -4.027292 -0.794755 0.000000
v -4.027303 -0.795435 0.000000
v -4.027309 -0.796023 0.000000
v -4.027311 -0.796519 0.000000
v -4.027192 -0.798580 0.000000
v -4.026836 -0.800462 0.000000
v -4.026242 -0.802165 0.000000
v -4.025410 -0.803688 0.000000
v -4.024341 -0.805032 0.000000
v -4.023034 -0.806198 0.000000
v -4.021490 -0.807183 0.000000
v -4.019708 -0.807990 0.000000
v -4.017688 -0.808617 0.000000
v -4.015431 -0.809065 0.000000
v -4.012936 -0.809334 0.000000
v -4.010204 -0.809424 0.000000
v -4.008334 -0.809355 0.000000
v -4.006627 -0.809149 0.000000
v -4.005083 -0.808805 0.000000
v -4.003701 -0.808323 0.000000
v -4.002481 -0.807704 0.000000
v -4.001425 -0.806948 0.000000
v -4.000531 -0.806054 0.000000
v -3.999799 -0.805022 0.000000
v -3.999230 -0.803853 0.000000
v -3.998824 -0.802546 0.000000
v -3.998580 -0.801102 0.000000
v -3.998499 -0.799520 0.000000
v -3.998503 -0.799088 0.000000
v -3.998516 -0.798494 0.000000
v -3.998537 -0.797738 0.000000
v -3.998566 -0.796819 0.000000
v -3.998603 -0.795737 0.000000
v -3.998649 -0.794493 0.000000
v -3.998703 -0.793086 0.000000
v -3.998765 -0.791517 0.000000
v -3.998836 -0.789785 0.000000
v -3.998915 -0.787890 0.000000
v -3.999003 -0.785833 0.000000
v -3.999099 -0.783613 0.000000
v -3.999245 -0.781429 0.000000
v -3.999383 -0.779278 0.000000
v -3.999512 -0.777161 0.000000
v -3.999633 -0.775077 0.000000
v -3.999746 -0.773026 0.000000
v -3.999850 -0.771008 0.000000
v -3.999946 -0.769024 0.000000
v -4.000033 -0.767073 0.000000
v -4.000112 -0.765156 0.000000
v -4.000183 -0.763272 0.000000
v -4.000245 -0.761421 0.000000
v -4.000300 -0.759604 0.000000
v -3.910564 -0.759604 0.000000
v -3.907761 -0.759629 0.000000
v -3.904954 -0.759704 0.000000
v -3.902142 -0.759829 0.000000
v -3.899327 -0.760004 0.000000
v -3.896507 -0.760229 0.000000
v -3.893683 -0.760504 0.000000
v -3.890855 -0.760829 0.000000
v -3.888022 -0.761205 0.000000
v -3.885186 -0.761630 0.000000
v -3.882345 -0.762105 0.000000
v -3.879500 -0.762630 0.000000
v -3.876651 -0.763205 0.000000
v -3.871248 -0.740096 0.000000
v -3.874135 -0.740767 0.000000
v -3.877092 -0.741380 0.000000
v -3.880121 -0.741934 0.000000
v -3.883220 -0.742430 0.000000
v -3.886390 -0.742868 0.000000
v -3.889631 -0.743247 0.000000
v -3.892942 -0.743568 0.000000
v -3.896325 -0.743831 0.000000
v -3.899779 -0.744035 0.000000
v -3.903303 -0.744181 0.000000
v -3.906898 -0.744269 0.000000
v -3.910564 -0.744298 0.000000
v -4.000900 -0.744298 0.000000
v -4.001501 -0.705582 0.000000
v -3.936975 -0.690276 0.000000
v -4.001501 -0.690276 0.000000
v -4.001501 -0.651561 0.000000
v -3.936975 -0.651561 0.000000
v -3.936975 -0.636255 0.000000
v -4.001501 -0.636255 0.000000
v -4.001501 -0.601140 0.000000
v -3.936975 -0.601140 0.000000
v -4.024910 -0.601140 0.000000
v -4.024910 -0.636255 0.000000
v -4.091836 -0.636255 0.000000
v -4.091836 -0.601140 0.000000
v -4.091836 -0.651561 0.000000
v -4.024910 -0.651561 0.000000
v -4.024910 -0.690276 0.000000
v -4.091836 -0.690276 0.000000
v -4.265306 -0.741897 0.000000
v -4.256530 -0.746909 0.000000
v -4.247307 -0.751742 0.000000
v -4.237639 -0.756396 0.000000
v -4.227524 -0.760871 0.000000
v -4.216964 -0.765166 0.000000
v -4.205957 -0.769283 0.000000
v -4.194505 -0.773220 0.000000
v -4.182606 -0.776977 0.000000
v -4.170262 -0.780556 0.000000
v -4.157471 -0.783955 0.000000
v -4.144235 -0.787175 0.000000
v -4.130552 -0.790216 0.000000
v -4.129929 -0.790320 0.000000
v -4.129360 -0.790333 0.000000
v -4.128845 -0.790254 0.000000
v -4.128385 -0.790083 0.000000
v -4.127978 -0.789820 0.000000
v -4.127626 -0.789466 0.000000
v -4.127328 -0.789020 0.000000
v -4.127084 -0.788482 0.000000
v -4.126894 -0.787853 0.000000
v -4.126759 -0.787132 0.000000
v -4.126678 -0.786319 0.000000
v -4.126650 -0.785414 0.000000
v -4.126661 -0.785077 0.000000
v -4.126692 -0.784764 0.000000
v -4.126744 -0.784476 0.000000
v -4.126817 -0.784214 0.000000
v -4.126911 -0.783976 0.000000
v -4.127026 -0.783764 0.000000
v -4.127161 -0.783576 0.000000
v -4.127317 -0.783413 0.000000
v -4.127495 -0.783276 0.000000
v -4.127693 -0.783163 0.000000
v -4.127912 -0.783076 0.000000
v -4.128151 -0.783013 0.000000
v -4.140318 -0.778859 0.000000
v -4.152111 -0.774602 0.000000
v -4.163527 -0.770239 0.000000
v -4.174570 -0.765773 0.000000
v -4.185236 -0.761202 0.000000
v -4.195528 -0.756528 0.000000
v -4.205444 -0.751749 0.000000
v -4.214986 -0.746865 0.000000
v -4.224152 -0.741878 0.000000
v -4.232943 -0.736786 0.000000
v -4.241359 -0.731591 0.000000
v -4.249400 -0.726291 0.000000
v -4.244583 -0.721503 0.000000
v -4.239838 -0.716545 0.000000
v -4.235163 -0.711416 0.000000
v -4.230559 -0.706116 0.000000
v -4.226026 -0.700645 0.000000
v -4.221564 -0.695003 0.000000
v -4.217173 -0.689190 0.000000
v -4.212852 -0.683207 0.000000
v -4.208602 -0.677052 0.000000
v -4.204424 -0.670727 0.000000
v -4.200316 -0.664230 0.000000
v -4.196279 -0.657563 0.000000
v -4.193995 -0.657730 0.000000
v -4.191644 -0.657930 0.000000
v -4.189226 -0.658163 0.000000
v -4.186742 -0.658430 0.000000
v -4.184191 -0.658730 0.000000
v -4.181573 -0.659064 0.000000
v -4.178888 -0.659430 0.000000
v -4.176137 -0.659831 0.000000
v -4.173320 -0.660264 0.000000
v -4.170435 -0.660731 0.000000
v -4.167484 -0.661231 0.000000
v -4.164466 -0.661765 0.000000
v -4.158763 -0.638655 0.000000
v -4.162984 -0.639231 0.000000
v -4.167242 -0.639756 0.000000
v -4.171537 -0.640231 0.000000
v -4.175870 -0.640656 0.000000
v -4.180241 -0.641031 0.000000
v -4.184649 -0.641357 0.000000
v -4.189095 -0.641632 0.000000
v -4.193578 -0.641857 0.000000
v -4.198098 -0.642032 0.000000
v -4.202656 -0.642157 0.000000
v -4.207252 -0.642232 0.000000
v -4.211884 -0.642257 0.000000
v -4.322329 -0.642257 0.000000
v -4.324509 -0.639908 0.000000
v -4.326547 -0.637763 0.000000
v -4.328444 -0.635823 0.000000
v -4.330198 -0.634087 0.000000
v -4.331811 -0.632555 0.000000
v -4.333283 -0.631227 0.000000
v -4.334613 -0.630104 0.000000
v -4.335801 -0.629185 0.000000
v -4.336847 -0.628470 0.000000
v -4.337751 -0.627959 0.000000
v -4.338514 -0.627653 0.000000
v -4.339136 -0.627551 0.000000
v -4.339709 -0.627670 0.000000
v -4.340528 -0.628026 0.000000
v -4.341593 -0.628620 0.000000
v -4.342904 -0.629452 0.000000
v -4.344460 -0.630521 0.000000
v -4.346263 -0.631828 0.000000
v -4.348312 -0.633372 0.000000
v -4.350606 -0.635154 0.000000
v -4.353147 -0.637174 0.000000
v -4.355934 -0.639431 0.000000
v -4.358966 -0.641926 0.000000
v -4.362245 -0.644658 0.000000
v -4.363539 -0.645885 0.000000
v -4.364720 -0.647067 0.000000
v -4.365789 -0.648203 0.000000
v -4.366746 -0.649293 0.000000
v -4.367590 -0.650337 0.000000
v -4.368321 -0.651336 0.000000
v -4.368940 -0.652288 0.000000
v -4.369447 -0.653195 0.000000
v -4.369841 -0.654055 0.000000
v -4.370122 -0.654870 0.000000
v -4.370291 -0.655639 0.000000
v -4.370348 -0.656363 0.000000
v -4.370194 -0.657403 0.000000
v -4.369731 -0.658422 0.000000
v -4.368960 -0.659420 0.000000
v -4.367881 -0.660397 0.000000
v -4.366493 -0.661354 0.000000
v -4.364796 -0.662290 0.000000
v -4.362791 -0.663205 0.000000
v -4.360477 -0.664099 0.000000
v -4.357856 -0.664972 0.000000
v -4.354926 -0.665825 0.000000
v -4.351687 -0.666656 0.000000
v -4.348139 -0.667467 0.000000
v -4.342818 -0.673913 0.000000
v -4.337460 -0.680147 0.000000
v -4.332064 -0.686168 0.000000
v -4.326631 -0.691977 0.000000
v -4.321160 -0.697573 0.000000
v -4.315651 -0.702956 0.000000
v -4.310105 -0.708127 0.000000
v -4.304522 -0.713085 0.000000
v -4.298901 -0.717831 0.000000
v -4.293242 -0.722364 0.000000
v -4.287547 -0.726684 0.000000
v -4.281813 -0.730792 0.000000
v -4.283167 -0.731666 0.000000
v -4.284630 -0.732585 0.000000
v -4.286202 -0.733550 0.000000
v -4.287882 -0.734560 0.000000
v -4.289670 -0.735617 0.000000
v -4.291566 -0.736720 0.000000
v -4.293571 -0.737868 0.000000
v -4.295685 -0.739062 0.000000
v -4.297906 -0.740302 0.000000
v -4.300237 -0.741588 0.000000
v -4.302675 -0.742920 0.000000
v -4.305222 -0.744298 0.000000
v -4.313361 -0.748087 0.000000
v -4.321770 -0.751651 0.000000
v -4.330451 -0.754990 0.000000
v -4.339402 -0.758103 0.000000
v -4.348625 -0.760992 0.000000
v -4.358118 -0.763655 0.000000
v -4.367882 -0.766094 0.000000
v -4.377917 -0.768307 0.000000
v -4.388224 -0.770296 0.000000
v -4.398801 -0.772059 0.000000
v -4.409649 -0.773597 0.000000
v -4.420768 -0.774910 0.000000
v -4.421056 -0.774927 0.000000
v -4.421319 -0.774977 0.000000
v -4.421556 -0.775060 0.000000
v -4.421769 -0.775177 0.000000
v -4.421956 -0.775327 0.000000
v -4.422119 -0.775510 0.000000
v -4.422256 -0.775727 0.000000
v -4.422369 -0.775977 0.000000
v -4.422456 -0.776261 0.000000
v -4.422519 -0.776577 0.000000
v -4.422556 -0.776928 0.000000
v -4.422569 -0.777311 0.000000
v -4.422556 -0.777744 0.000000
v -4.422519 -0.778145 0.000000
v -4.422456 -0.778511 0.000000
v -4.422369 -0.778845 0.000000
v -4.422256 -0.779145 0.000000
v -4.422119 -0.779412 0.000000
v -4.421956 -0.779645 0.000000
v -4.421769 -0.779845 0.000000
v -4.421556 -0.780012 0.000000
v -4.421319 -0.780145 0.000000
v -4.421056 -0.780245 0.000000
v -4.420768 -0.780312 0.000000
v -4.419257 -0.780575 0.000000
v -4.417825 -0.780862 0.000000
v -4.416472 -0.781175 0.000000
v -4.415199 -0.781513 0.000000
v -4.414005 -0.781875 0.000000
v -4.412890 -0.782263 0.000000
v -4.411854 -0.782676 0.000000
v -4.410898 -0.783113 0.000000
v -4.410020 -0.783576 0.000000
v -4.409222 -0.784064 0.000000
v -4.408503 -0.784576 0.000000
v -4.407863 -0.785114 0.000000
v -4.407261 -0.785706 0.000000
v -4.406654 -0.786381 0.000000
v -4.406044 -0.787140 0.000000
v -4.405429 -0.787982 0.000000
v -4.404810 -0.788907 0.000000
v -4.404187 -0.789916 0.000000
v -4.403559 -0.791008 0.000000
v -4.402928 -0.792184 0.000000
v -4.402292 -0.793442 0.000000
v -4.401652 -0.794785 0.000000
v -4.401008 -0.796210 0.000000
v -4.400360 -0.797719 0.000000
v -4.399939 -0.798678 0.000000
v -4.399477 -0.799553 0.000000
v -4.398972 -0.800345 0.000000
v -4.398426 -0.801054 0.000000
v -4.397838 -0.801679 0.000000
v -4.397209 -0.802221 0.000000
v -4.396538 -0.802679 0.000000
v -4.395825 -0.803055 0.000000
v -4.395071 -0.803346 0.000000
v -4.394274 -0.803555 0.000000
v -4.393436 -0.803680 0.000000
v -4.392557 -0.803721 0.000000
v -4.391515 -0.803696 0.000000
v -4.390390 -0.803621 0.000000
v -4.389181 -0.803496 0.000000
v -4.387889 -0.803321 0.000000
v -4.386513 -0.803096 0.000000
v -4.385054 -0.802821 0.000000
v -4.383512 -0.802496 0.000000
v -4.381886 -0.802121 0.000000
v -4.380177 -0.801696 0.000000
v -4.378385 -0.801220 0.000000
v -4.376509 -0.800695 0.000000
v -4.374550 -0.800120 0.000000
v -4.367374 -0.797709 0.000000
v -4.360152 -0.795076 0.000000
v -4.352885 -0.792223 0.000000
v -4.345572 -0.789149 0.000000
v -4.338212 -0.785854 0.000000
v -4.330808 -0.782338 0.000000
v -4.323357 -0.778601 0.000000
v -4.315860 -0.774643 0.000000
v -4.308317 -0.770464 0.000000
v -4.300729 -0.766065 0.000000
v -4.293095 -0.761444 0.000000
v -4.285414 -0.756603 0.000000
v -4.283762 -0.755538 0.000000
v -4.282104 -0.754443 0.000000
v -4.280443 -0.753320 0.000000
v -4.278778 -0.752168 0.000000
v -4.277109 -0.750986 0.000000
v -4.275435 -0.749775 0.000000
v -4.273757 -0.748535 0.000000
v -4.272075 -0.747266 0.000000
v -4.270389 -0.745967 0.000000
v -4.268699 -0.744640 0.000000
v -4.267004 -0.743283 0.000000
v -4.208583 -0.657563 0.000000
v -4.213037 -0.663801 0.000000
v -4.217495 -0.669810 0.000000
v -4.221957 -0.675589 0.000000
v -4.226424 -0.681139 0.000000
v -4.230894 -0.686460 0.000000
v -4.235369 -0.691552 0.000000
v -4.239848 -0.696414 0.000000
v -4.244331 -0.701047 0.000000
v -4.248818 -0.705451 0.000000
v -4.253309 -0.709626 0.000000
v -4.257805 -0.713571 0.000000
v -4.262305 -0.717287 0.000000
v -4.267953 -0.712883 0.000000
v -4.273493 -0.708375 0.000000
v -4.278924 -0.703763 0.000000
v -4.284247 -0.699046 0.000000
v -4.289462 -0.694226 0.000000
v -4.294568 -0.689301 0.000000
v -4.299566 -0.684272 0.000000
v -4.304455 -0.679138 0.000000
v -4.309237 -0.673901 0.000000
v -4.313909 -0.668559 0.000000
v -4.318473 -0.663113 0.000000
v -4.322929 -0.657563 0.000000
v -4.136855 -0.954982 0.000000
v -3.925870 -0.954982 0.000000
v -3.922759 -0.955007 0.000000
v -3.919626 -0.955082 0.000000
v -3.916473 -0.955207 0.000000
v -3.913299 -0.955382 0.000000
v -3.910104 -0.955607 0.000000
v -3.906888 -0.955882 0.000000
v -3.903651 -0.956208 0.000000
v -3.900393 -0.956583 0.000000
v -3.897115 -0.957008 0.000000
v -3.893816 -0.957483 0.000000
v -3.890496 -0.958008 0.000000
v -3.887155 -0.958583 0.000000
v -3.881752 -0.935474 0.000000
v -3.886002 -0.936145 0.000000
v -3.890147 -0.936758 0.000000
v -3.894189 -0.937312 0.000000
v -3.898126 -0.937808 0.000000
v -3.901958 -0.938246 0.000000
v -3.905687 -0.938625 0.000000
v -3.909312 -0.938946 0.000000
v -3.912832 -0.939209 0.000000
v -3.916248 -0.939413 0.000000
v -3.919559 -0.939559 0.000000
v -3.922767 -0.939647 0.000000
v -3.925870 -0.939676 0.000000
v -4.136855 -0.939676 0.000000
v -4.136855 -0.896759 0.000000
v -3.975690 -0.896759 0.000000
v -3.972770 -0.896784 0.000000
v -3.969813 -0.896859 0.000000
v -3.966818 -0.896984 0.000000
v -3.963785 -0.897159 0.000000
v -3.960716 -0.897384 0.000000
v -3.957608 -0.897659 0.000000
v -3.954463 -0.897984 0.000000
v -3.951281 -0.898359 0.000000
v -3.948061 -0.898785 0.000000
v -3.944803 -0.899260 0.000000
v -3.941508 -0.899785 0.000000
v -3.938175 -0.900360 0.000000
v -3.932773 -0.877251 0.000000
v -3.936739 -0.877922 0.000000
v -3.940634 -0.878535 0.000000
v -3.944459 -0.879089 0.000000
v -3.948213 -0.879585 0.000000
v -3.951895 -0.880023 0.000000
v -3.955507 -0.880402 0.000000
v -3.959048 -0.880723 0.000000
v -3.962518 -0.880986 0.000000
v -3.965918 -0.881190 0.000000
v -3.969246 -0.881336 0.000000
v -3.972503 -0.881423 0.000000
v -3.975690 -0.881453 0.000000
v -4.136855 -0.881453 0.000000
v -4.136855 -0.841537 0.000000
v -4.126411 -0.842447 0.000000
v -4.115588 -0.843279 0.000000
v -4.104385 -0.844031 0.000000
v -4.092803 -0.844705 0.000000
v -4.080842 -0.845298 0.000000
v -4.068502 -0.845813 0.000000
v -4.055782 -0.846249 0.000000
v -4.042683 -0.846605 0.000000
v -4.029205 -0.846882 0.000000
v -4.015347 -0.847080 0.000000
v -4.001110 -0.847199 0.000000
v -3.986495 -0.847239 0.000000
v -3.983562 -0.847237 0.000000
v -3.980667 -0.847231 0.000000
v -3.977810 -0.847220 0.000000
v -3.974990 -0.847206 0.000000
v -3.972208 -0.847187 0.000000
v -3.969463 -0.847164 0.000000
v -3.966755 -0.847137 0.000000
v -3.964086 -0.847105 0.000000
v -3.961453 -0.847070 0.000000
v -3.958858 -0.847030 0.000000
v -3.956301 -0.846987 0.000000
v -3.953781 -0.846939 0.000000
v -3.953350 -0.846910 0.000000
v -3.952956 -0.846822 0.000000
v -3.952600 -0.846676 0.000000
v -3.952281 -0.846472 0.000000
v -3.951999 -0.846209 0.000000
v -3.951756 -0.845888 0.000000
v -3.951549 -0.845509 0.000000
v -3.951380 -0.845071 0.000000
v -3.951249 -0.844575 0.000000
v -3.951155 -0.844021 0.000000
v -3.951099 -0.843408 0.000000
v -3.951080 -0.842737 0.000000
v -3.951095 -0.842258 0.000000
v -3.951139 -0.841820 0.000000
v -3.951212 -0.841424 0.000000
v -3.951314 -0.841070 0.000000
v -3.951445 -0.840757 0.000000
v -3.951606 -0.840486 0.000000
v -3.951795 -0.840257 0.000000
v -3.952014 -0.840069 0.000000
v -3.952262 -0.839923 0.000000
v -3.952539 -0.839819 0.000000
v -3.952846 -0.839757 0.000000
v -3.953181 -0.839736 0.000000
v -3.982257 -0.838054 0.000000
v -4.010262 -0.836109 0.000000
v -4.037196 -0.833902 0.000000
v -4.063058 -0.831433 0.000000
v -4.087850 -0.828700 0.000000
v -4.111569 -0.825705 0.000000
v -4.134218 -0.822448 0.000000
v -4.155796 -0.818928 0.000000
v -4.176301 -0.815145 0.000000
v -4.195736 -0.811099 0.000000
v -4.214100 -0.806791 0.000000
v -4.231392 -0.802221 0.000000
v -4.236845 -0.800574 0.000000
v -4.241997 -0.798936 0.000000
v -4.246849 -0.797306 0.000000
v -4.251400 -0.795685 0.000000
v -4.255652 -0.794072 0.000000
v -4.259604 -0.792467 0.000000
v -4.263256 -0.790870 0.000000
v -4.266607 -0.789282 0.000000
v -4.269658 -0.787703 0.000000
v -4.272409 -0.786131 0.000000
v -4.274860 -0.784568 0.000000
v -4.277011 -0.783013 0.000000
v -4.282475 -0.787184 0.000000
v -4.287465 -0.791091 0.000000
v -4.291979 -0.794737 0.000000
v -4.296019 -0.798119 0.000000
v -4.299582 -0.801239 0.000000
v -4.302671 -0.804097 0.000000
v -4.305285 -0.806691 0.000000
v -4.307423 -0.809024 0.000000
v -4.309086 -0.811093 0.000000
v -4.310274 -0.812900 0.000000
v -4.310987 -0.814445 0.000000
v -4.311224 -0.815726 0.000000
v -4.311179 -0.816302 0.000000
v -4.311041 -0.816827 0.000000
v -4.310812 -0.817302 0.000000
v -4.310491 -0.817727 0.000000
v -4.310079 -0.818102 0.000000
v -4.309574 -0.818427 0.000000
v -4.308978 -0.818703 0.000000
v -4.308290 -0.818928 0.000000
v -4.307511 -0.819103 0.000000
v -4.306640 -0.819228 0.000000
v -4.305677 -0.819303 0.000000
v -4.304622 -0.819328 0.000000
v -4.303500 -0.819290 0.000000
v -4.302237 -0.819178 0.000000
v -4.300832 -0.818990 0.000000
v -4.299286 -0.818727 0.000000
v -4.297598 -0.818390 0.000000
v -4.295768 -0.817977 0.000000
v -4.293796 -0.817490 0.000000
v -4.291683 -0.816927 0.000000
v -4.289428 -0.816289 0.000000
v -4.287031 -0.815576 0.000000
v -4.284492 -0.814788 0.000000
v -4.281813 -0.813926 0.000000
v -4.271690 -0.816756 0.000000
v -4.261630 -0.819444 0.000000
v -4.251632 -0.821991 0.000000
v -4.241696 -0.824396 0.000000
v -4.231823 -0.826660 0.000000
v -4.222013 -0.828782 0.000000
v -4.212266 -0.830761 0.000000
v -4.202581 -0.832600 0.000000
v -4.192958 -0.834296 0.000000
v -4.183398 -0.835851 0.000000
v -4.173901 -0.837264 0.000000
v -4.164466 -0.838535 0.000000
v -4.164466 -0.881453 0.000000
v -4.307623 -0.881453 0.000000
v -4.310670 -0.878001 0.000000
v -4.313509 -0.874850 0.000000
v -4.316139 -0.871999 0.000000
v -4.318561 -0.869448 0.000000
v -4.320774 -0.867197 0.000000
v -4.322779 -0.865246 0.000000
v -4.324576 -0.863595 0.000000
v -4.326164 -0.862245 0.000000
v -4.327544 -0.861195 0.000000
v -4.328715 -0.860444 0.000000
v -4.329678 -0.859994 0.000000
v -4.330432 -0.859844 0.000000
v -4.331174 -0.859973 0.000000
v -4.332199 -0.860361 0.000000
v -4.333508 -0.861007 0.000000
v -4.335100 -0.861911 0.000000
v -4.336976 -0.863074 0.000000
v -4.339135 -0.864496 0.000000
v -4.341578 -0.866176 0.000000
v -4.344304 -0.868114 0.000000
v -4.347314 -0.870311 0.000000
v -4.350607 -0.872766 0.000000
v -4.354183 -0.875479 0.000000
v -4.358043 -0.878451 0.000000
v -4.359625 -0.879733 0.000000
v -4.361070 -0.880977 0.000000
v -4.362377 -0.882184 0.000000
v -4.363546 -0.883353 0.000000
v -4.364578 -0.884485 0.000000
v -4.365472 -0.885579 0.000000
v -4.366229 -0.886636 0.000000
v -4.366848 -0.887655 0.000000
v -4.367329 -0.888637 0.000000
v -4.367673 -0.889581 0.000000
v -4.367879 -0.890487 0.000000
v -4.367947 -0.891357 0.000000
v -4.367891 -0.892219 0.000000
v -4.367722 -0.893007 0.000000
v -4.367441 -0.893720 0.000000
v -4.367047 -0.894358 0.000000
v -4.366540 -0.894920 0.000000
v -4.365921 -0.895408 0.000000
v -4.365190 -0.895821 0.000000
v -4.364346 -0.896158 0.000000
v -4.363389 -0.896421 0.000000
v -4.362320 -0.896609 0.000000
v -4.361139 -0.896721 0.000000
v -4.359844 -0.896759 0.000000
v -4.164466 -0.896759 0.000000
v -4.164466 -0.939676 0.000000
v -4.351140 -0.939676 0.000000
v -4.354425 -0.936033 0.000000
v -4.357476 -0.932706 0.000000
v -4.360294 -0.929697 0.000000
v -4.362878 -0.927004 0.000000
v -4.365229 -0.924628 0.000000
v -4.367347 -0.922569 0.000000
v -4.369231 -0.920827 0.000000
v -4.370882 -0.919401 0.000000
v -4.372299 -0.918292 0.000000
v -4.373483 -0.917500 0.000000
v -4.374433 -0.917025 0.000000
v -4.375150 -0.916867 0.000000
v -4.375900 -0.917000 0.000000
v -4.376951 -0.917400 0.000000
v -4.378301 -0.918067 0.000000
v -4.379952 -0.919001 0.000000
v -4.381903 -0.920201 0.000000
v -4.384153 -0.921669 0.000000
v -4.386704 -0.923403 0.000000
v -4.389555 -0.925404 0.000000
v -4.392707 -0.927671 0.000000
v -4.396158 -0.930205 0.000000
v -4.399910 -0.933007 0.000000
v -4.403962 -0.936074 0.000000
v -4.405735 -0.937452 0.000000
v -4.407355 -0.938784 0.000000
v -4.408820 -0.940070 0.000000
v -4.410131 -0.941310 0.000000
v -4.411288 -0.942504 0.000000
v -4.412290 -0.943653 0.000000
v -4.413138 -0.944755 0.000000
v -4.413832 -0.945812 0.000000
v -4.414372 -0.946823 0.000000
v -4.414758 -0.947787 0.000000
v -4.414989 -0.948707 0.000000
v -4.415066 -0.949580 0.000000
v -4.415011 -0.950443 0.000000
v -4.414849 -0.951230 0.000000
v -4.414578 -0.951943 0.000000
v -4.414199 -0.952581 0.000000
v -4.413711 -0.953144 0.000000
v -4.413115 -0.953631 0.000000
v -4.412411 -0.954044 0.000000
v -4.411598 -0.954382 0.000000
v -4.410676 -0.954644 0.000000
v -4.409647 -0.954832 0.000000
v -4.408509 -0.954944 0.000000
v -4.407263 -0.954982 0.000000
v -4.164466 -0.954982 0.000000
v -4.164520 -0.958956 0.000000
v -4.164583 -0.962877 0.000000
v -4.164654 -0.966743 0.000000
v -4.164733 -0.970555 0.000000
v -4.164821 -0.974313 0.000000
v -4.164917 -0.978016 0.000000
v -4.165021 -0.981666 0.000000
v -4.165133 -0.985261 0.000000
v -4.165255 -0.988802 0.000000
v -4.165384 -0.992289 0.000000
v -4.165522 -0.995721 0.000000
v -4.165666 -0.999100 0.000000
v -4.165762 -1.001426 0.000000
v -4.165850 -1.003601 0.000000
v -4.165929 -1.005627 0.000000
v -4.166000 -1.007503 0.000000
v -4.166062 -1.009229 0.000000
v -4.166117 -1.010804 0.000000
v -4.166162 -1.012230 0.000000
v -4.166200 -1.013505 0.000000
v -4.166229 -1.014631 0.000000
v -4.166250 -1.015606 0.000000
v -4.166263 -1.016432 0.000000
v -4.166266 -1.017107 0.000000
v -4.166125 -1.020869 0.000000
v -4.165699 -1.024451 0.000000
v -4.164991 -1.027855 0.000000
v -4.163999 -1.031079 0.000000
v -4.162724 -1.034124 0.000000
v -4.161165 -1.036990 0.000000
v -4.159322 -1.039676 0.000000
v -4.157197 -1.042184 0.000000
v -4.154787 -1.044512 0.000000
v -4.152094 -1.046660 0.000000
v -4.149118 -1.048630 0.000000
v -4.145858 -1.050420 0.000000
v -4.144072 -1.051283 0.000000
v -4.142315 -1.052071 0.000000
v -4.140587 -1.052784 0.000000
v -4.138889 -1.053421 0.000000
v -4.137219 -1.053984 0.000000
v -4.135579 -1.054472 0.000000
v -4.133968 -1.054885 0.000000
v -4.132386 -1.055222 0.000000
v -4.130834 -1.055485 0.000000
v -4.129310 -1.055672 0.000000
v -4.127816 -1.055785 0.000000
v -4.126350 -1.055822 0.000000
v -4.125190 -1.055758 0.000000
v -4.124108 -1.055564 0.000000
v -4.123106 -1.055241 0.000000
v -4.122183 -1.054789 0.000000
v -4.121339 -1.054207 0.000000
v -4.120574 -1.053496 0.000000
v -4.119888 -1.052656 0.000000
v -4.119282 -1.051687 0.000000
v -4.118754 -1.050589 0.000000
v -4.118306 -1.049361 0.000000
v -4.117937 -1.048004 0.000000
v -4.117647 -1.046519 0.000000
v -4.117407 -1.045049 0.000000
v -4.116988 -1.043642 0.000000
v -4.116390 -1.042298 0.000000
v -4.115613 -1.041016 0.000000
v -4.114656 -1.039797 0.000000
v -4.113521 -1.038640 0.000000
v -4.112206 -1.037546 0.000000
v -4.110711 -1.036515 0.000000
v -4.109037 -1.035545 0.000000
v -4.107184 -1.034639 0.000000
v -4.105152 -1.033795 0.000000
v -4.102941 -1.033013 0.000000
v -4.100311 -1.032163 0.000000
v -4.097322 -1.031313 0.000000
v -4.093975 -1.030462 0.000000
v -4.090270 -1.029612 0.000000
v -4.086205 -1.028762 0.000000
v -4.081783 -1.027911 0.000000
v -4.077002 -1.027061 0.000000
v -4.071862 -1.026211 0.000000
v -4.066364 -1.025360 0.000000
v -4.060508 -1.024510 0.000000
v -4.054293 -1.023660 0.000000
v -4.047719 -1.022809 0.000000
v -4.047336 -1.022690 0.000000
v -4.046986 -1.022534 0.000000
v -4.046669 -1.022340 0.000000
v -4.046386 -1.022109 0.000000
v -4.046136 -1.021840 0.000000
v -4.045919 -1.021534 0.000000
v -4.045735 -1.021190 0.000000
v -4.045585 -1.020808 0.000000
v -4.045468 -1.020389 0.000000
v -4.045385 -1.019933 0.000000
v -4.045335 -1.019439 0.000000
v -4.045318 -1.018908 0.000000
v -4.045335 -1.018332 0.000000
v -4.045385 -1.017807 0.000000
v -4.045468 -1.017332 0.000000
v -4.045585 -1.016907 0.000000
v -4.045735 -1.016532 0.000000
v -4.045919 -1.016207 0.000000
v -4.046136 -1.015931 0.000000
v -4.046386 -1.015706 0.000000
v -4.046669 -1.015531 0.000000
v -4.046986 -1.015406 0.000000
v -4.047336 -1.015331 0.000000
v -4.047719 -1.015306 0.000000
v -4.058628 -1.016073 0.000000
v -4.068744 -1.016773 0.000000
v -4.078069 -1.017407 0.000000
v -4.086601 -1.017974 0.000000
v -4.094342 -1.018474 0.000000
v -4.101290 -1.018907 0.000000
v -4.107447 -1.019274 0.000000
v -4.112811 -1.019574 0.000000
v -4.117384 -1.019808 0.000000
v -4.121165 -1.019975 0.000000
v -4.124154 -1.020075 0.000000
v -4.126350 -1.020108 0.000000
v -4.128028 -1.020035 0.000000
v -4.129560 -1.019816 0.000000
v -4.130947 -1.019451 0.000000
v -4.132187 -1.018941 0.000000
v -4.133281 -1.018284 0.000000
v -4.134230 -1.017482 0.000000
v -4.135032 -1.016534 0.000000
v -4.135689 -1.015439 0.000000
v -4.136199 -1.014199 0.000000
v -4.136564 -1.012813 0.000000
v -4.136783 -1.011282 0.000000
v -4.136855 -1.009604 0.000000
v -4.141056 -0.642857 0.000000
v -4.141004 -0.642857 0.000000
v -4.140948 -0.642857 0.000000
v -4.140887 -0.642857 0.000000
v -4.140823 -0.642857 0.000000
v -4.140754 -0.642857 0.000000
v -4.140681 -0.642857 0.000000
v -4.140604 -0.642857 0.000000
v -4.140523 -0.642857 0.000000
v -4.140438 -0.642857 0.000000
v -4.140348 -0.642857 0.000000
v -4.140254 -0.642857 0.000000
v -4.140156 -0.642857 0.000000
v -4.139485 -0.642826 0.000000
v -4.138872 -0.642732 0.000000
v -4.138318 -0.642576 0.000000
v -4.137822 -0.642357 0.000000
v -4.137384 -0.642076 0.000000
v -4.137005 -0.641732 0.000000
v -4.136684 -0.641325 0.000000
v -4.136421 -0.640856 0.000000
v -4.136217 -0.640325 0.000000
v -4.136071 -0.639731 0.000000
v -4.135983 -0.639074 0.000000
v -4.135954 -0.638355 0.000000
v -4.135961 -0.638159 0.000000
v -4.135979 -0.637972 0.000000
v -4.136011 -0.637793 0.000000
v -4.136055 -0.637622 0.000000
v -4.136111 -0.637459 0.000000
v -4.136179 -0.637305 0.000000
v -4.136261 -0.637159 0.000000
v -4.136354 -0.637021 0.000000
v -4.136461 -0.636892 0.000000
v -4.136580 -0.636771 0.000000
v -4.136711 -0.636659 0.000000
v -4.136855 -0.636555 0.000000
v -4.142738 -0.632107 0.000000
v -4.148284 -0.627668 0.000000
v -4.153493 -0.623237 0.000000
v -4.158364 -0.618814 0.000000
v -4.162897 -0.614400 0.000000
v -4.167092 -0.609994 0.000000
v -4.170950 -0.605596 0.000000
v -4.174470 -0.601207 0.000000
v -4.177652 -0.596826 0.000000
v -4.180497 -0.592454 0.000000
v -4.183004 -0.588089 0.000000
v -4.185174 -0.583733 0.000000
v -4.187002 -0.579755 0.000000
v -4.188684 -0.575822 0.000000
v -4.190219 -0.571935 0.000000
v -4.191609 -0.568094 0.000000
v -4.192853 -0.564299 0.000000
v -4.193952 -0.560549 0.000000
v -4.194904 -0.556846 0.000000
v -4.195710 -0.553188 0.000000
v -4.196371 -0.549576 0.000000
v -4.196886 -0.546010 0.000000
v -4.197255 -0.542490 0.000000
v -4.197479 -0.539016 0.000000
v -4.197527 -0.537934 0.000000
v -4.197571 -0.536890 0.000000
v -4.197610 -0.535883 0.000000
v -4.197646 -0.534914 0.000000
v -4.197677 -0.533982 0.000000
v -4.197704 -0.533088 0.000000
v -4.197727 -0.532232 0.000000
v -4.197746 -0.531413 0.000000
v -4.197761 -0.530631 0.000000
v -4.197771 -0.529887 0.000000
v -4.197777 -0.529180 0.000000
v -4.197779 -0.528511 0.000000
v -4.197764 -0.526577 0.000000
v -4.197721 -0.524576 0.000000
v -4.197648 -0.522509 0.000000
v -4.197546 -0.520375 0.000000
v -4.197414 -0.518174 0.000000
v -4.197254 -0.515906 0.000000
v -4.197064 -0.513572 0.000000
v -4.196845 -0.511171 0.000000
v -4.196597 -0.508703 0.000000
v -4.196320 -0.506169 0.000000
v -4.196014 -0.503568 0.000000
v -4.195678 -0.500900 0.000000
v -4.197965 -0.501795 0.000000
v -4.200322 -0.502776 0.000000
v -4.202750 -0.503845 0.000000
v -4.205249 -0.505002 0.000000
v -4.207819 -0.506246 0.000000
v -4.210459 -0.507578 0.000000
v -4.213171 -0.508997 0.000000
v -4.215953 -0.510504 0.000000
v -4.218806 -0.512099 0.000000
v -4.221730 -0.513780 0.000000
v -4.224725 -0.515550 0.000000
v -4.227791 -0.517407 0.000000
v -4.291717 -0.517407 0.000000
v -4.293799 -0.515154 0.000000
v -4.295743 -0.513097 0.000000
v -4.297551 -0.511236 0.000000
v -4.299220 -0.509570 0.000000
v -4.300752 -0.508101 0.000000
v -4.302146 -0.506828 0.000000
v -4.303403 -0.505750 0.000000
v -4.304523 -0.504869 0.000000
v -4.305504 -0.504183 0.000000
v -4.306348 -0.503693 0.000000
v -4.307055 -0.503399 0.000000
v -4.307623 -0.503301 0.000000
v -4.308204 -0.503383 0.000000
v -4.308948 -0.503626 0.000000
v -4.309855 -0.504033 0.000000
v -4.310924 -0.504602 0.000000
v -4.312155 -0.505333 0.000000
v -4.313550 -0.506228 0.000000
v -4.315106 -0.507284 0.000000
v -4.316826 -0.508503 0.000000
v -4.318708 -0.509885 0.000000
v -4.320753 -0.511430 0.000000
v -4.322960 -0.513137 0.000000
v -4.325330 -0.515006 0.000000
v -4.326720 -0.516188 0.000000
v -4.327989 -0.517332 0.000000
v -4.329137 -0.518439 0.000000
v -4.330165 -0.519508 0.000000
v -4.331071 -0.520539 0.000000
v -4.331857 -0.521534 0.000000
v -4.332522 -0.522490 0.000000
v -4.333066 -0.523409 0.000000
v -4.333489 -0.524291 0.000000
v -4.333791 -0.525135 0.000000
v -4.333972 -0.525942 0.000000
v -4.334033 -0.526711 0.000000
v -4.333936 -0.527538 0.000000
v -4.333642 -0.528420 0.000000
v -4.333152 -0.529356 0.000000
v -4.332467 -0.530345 0.000000
v -4.331585 -0.531390 0.000000
v -4.330507 -0.532488 0.000000
v -4.329234 -0.533641 0.000000
v -4.327765 -0.534847 0.000000
v -4.326099 -0.536108 0.000000
v -4.324238 -0.537423 0.000000
v -4.322181 -0.538793 0.000000
v -4.319928 -0.540216 0.000000
v -4.319928 -0.572629 0.000000
v -4.319973 -0.574376 0.000000
v -4.320111 -0.576014 0.000000
v -4.320340 -0.577544 0.000000
v -4.320661 -0.578965 0.000000
v -4.321074 -0.580278 0.000000
v -4.321578 -0.581483 0.000000
v -4.322174 -0.582579 0.000000
v -4.322862 -0.583567 0.000000
v -4.323641 -0.584446 0.000000
v -4.324512 -0.585217 0.000000
v -4.325475 -0.585880 0.000000
v -4.326530 -0.586435 0.000000
v -4.327621 -0.586818 0.000000
v -4.328890 -0.587168 0.000000
v -4.330338 -0.587485 0.000000
v -4.331966 -0.587768 0.000000
v -4.333773 -0.588019 0.000000
v -4.335759 -0.588235 0.000000
v -4.337924 -0.588419 0.000000
v -4.340269 -0.588569 0.000000
v -4.342793 -0.588686 0.000000
v -4.345496 -0.588769 0.000000
v -4.348379 -0.588819 0.000000
v -4.351440 -0.588836 0.000000
v -4.355563 -0.588775 0.000000
v -4.359427 -0.588594 0.000000
v -4.363033 -0.588292 0.000000
v -4.366381 -0.587869 0.000000
v -4.369470 -0.587325 0.000000
v -4.372300 -0.586660 0.000000
v -4.374872 -0.585874 0.000000
v -4.377186 -0.584967 0.000000
v -4.379241 -0.583940 0.000000
v -4.381038 -0.582792 0.000000
v -4.382576 -0.581522 0.000000
v -4.383853 -0.580132 0.000000
v -4.384819 -0.578717 0.000000
v -4.385813 -0.576972 0.000000
v -4.386836 -0.574899 0.000000
v -4.387888 -0.572496 0.000000
v -4.388970 -0.569763 0.000000
v -4.390081 -0.566702 0.000000
v -4.391221 -0.563311 0.000000
v -4.392390 -0.559591 0.000000
v -4.393589 -0.555541 0.000000
v -4.394816 -0.551162 0.000000
v -4.396073 -0.546454 0.000000
v -4.397359 -0.541417 0.000000
v -4.404262 -0.543217 0.000000
v -4.403638 -0.546387 0.000000
v -4.403069 -0.549395 0.000000
v -4.402555 -0.552240 0.000000
v -4.402094 -0.554922 0.000000
v -4.401688 -0.557442 0.000000
v -4.401335 -0.559799 0.000000
v -4.401037 -0.561994 0.000000
v -4.400794 -0.564026 0.000000
v -4.400604 -0.565895 0.000000
v -4.400468 -0.567602 0.000000
v -4.400387 -0.569146 0.000000
v -4.400360 -0.570528 0.000000
v -4.400404 -0.571833 0.000000
v -4.400535 -0.573046 0.000000
v -4.400754 -0.574167 0.000000
v -4.401061 -0.575197 0.000000
v -4.401454 -0.576135 0.000000
v -4.401936 -0.576981 0.000000
v -4.402505 -0.577735 0.000000
v -4.403162 -0.578398 0.000000
v -4.403905 -0.578969 0.000000
v -4.404737 -0.579448 0.000000
v -4.405656 -0.579836 0.000000
v -4.406662 -0.580132 0.000000
v -4.407621 -0.580572 0.000000
v -4.408497 -0.581091 0.000000
v -4.409289 -0.581689 0.000000
v -4.409997 -0.582366 0.000000
v -4.410623 -0.583123 0.000000
v -4.411164 -0.583959 0.000000
v -4.411623 -0.584874 0.000000
v -4.411998 -0.585868 0.000000
v -4.412290 -0.586941 0.000000
v -4.412498 -0.588094 0.000000
v -4.412623 -0.589325 0.000000
v -4.412665 -0.590636 0.000000
v -4.412554 -0.592683 0.000000
v -4.412223 -0.594621 0.000000
v -4.411671 -0.596451 0.000000
v -4.410897 -0.598173 0.000000
v -4.409903 -0.599786 0.000000
v -4.408688 -0.601291 0.000000
v -4.407252 -0.602687 0.000000
v -4.405595 -0.603975 0.000000
v -4.403718 -0.605155 0.000000
v -4.401619 -0.606226 0.000000
v -4.399299 -0.607189 0.000000
v -4.396759 -0.608043 0.000000
v -4.393757 -0.608810 0.000000
v -4.390556 -0.609510 0.000000
v -4.387155 -0.610144 0.000000
v -4.383553 -0.610711 0.000000
v -4.379752 -0.611211 0.000000
v -4.375750 -0.611645 0.000000
v -4.371548 -0.612011 0.000000
v -4.367146 -0.612312 0.000000
v -4.362545 -0.612545 0.000000
v -4.357743 -0.612712 0.000000
v -4.352741 -0.612812 0.000000
v -4.347539 -0.612845 0.000000
v -4.342473 -0.612783 0.000000
v -4.337677 -0.612595 0.000000
v -4.333152 -0.612282 0.000000
v -4.328898 -0.611845 0.000000
v -4.324915 -0.611282 0.000000
v -4.321204 -0.610594 0.000000
v -4.317763 -0.609781 0.000000
v -4.314593 -0.608844 0.000000
v -4.311694 -0.607781 0.000000
v -4.309065 -0.606593 0.000000
v -4.306708 -0.605280 0.000000
v -4.304622 -0.603842 0.000000
v -4.302944 -0.602472 0.000000
v -4.301412 -0.600965 0.000000
v -4.300025 -0.599321 0.000000
v -4.298785 -0.597539 0.000000
v -4.297691 -0.595619 0.000000
v -4.296742 -0.593562 0.000000
v -4.295940 -0.591368 0.000000
v -4.295283 -0.589036 0.000000
v -4.294773 -0.586566 0.000000
v -4.294408 -0.583959 0.000000
v -4.294189 -0.581214 0.000000
v -4.294117 -0.578331 0.000000
v -4.294718 -0.549520 0.000000
v -4.294718 -0.532713 0.000000
v -4.224190 -0.532713 0.000000
v -4.224190 -0.539616 0.000000
v -4.223785 -0.544489 0.000000
v -4.223173 -0.549303 0.000000
v -4.222352 -0.554059 0.000000
v -4.221322 -0.558757 0.000000
v -4.220084 -0.563396 0.000000
v -4.218638 -0.567977 0.000000
v -4.216983 -0.572500 0.000000
v -4.215120 -0.576964 0.000000
v -4.213048 -0.581370 0.000000
v -4.210768 -0.585717 0.000000
v -4.208279 -0.590007 0.000000
v -4.205582 -0.594238 0.000000
v -4.202108 -0.598885 0.000000
v -4.198287 -0.603425 0.000000
v -4.194121 -0.607856 0.000000
v -4.189609 -0.612178 0.000000
v -4.184751 -0.616392 0.000000
v -4.179547 -0.620498 0.000000
v -4.173996 -0.624496 0.000000
v -4.168100 -0.628385 0.000000
v -4.161858 -0.632165 0.000000
v -4.155270 -0.635838 0.000000
v -4.148336 -0.639402 0.000000
v -3.374850 -0.858643 0.000000
v -3.383203 -0.855855 0.000000
v -3.391557 -0.852991 0.000000
v -3.399910 -0.850053 0.000000
v -3.408263 -0.847039 0.000000
v -3.416616 -0.843950 0.000000
v -3.424969 -0.840786 0.000000
v -3.433323 -0.837548 0.000000
v -3.441676 -0.834234 0.000000
v -3.450029 -0.830845 0.000000
v -3.458382 -0.827381 0.000000
v -3.466736 -0.823842 0.000000
v -3.475090 -0.820228 0.000000
v -3.475140 -0.820228 0.000000
v -3.475190 -0.820228 0.000000
v -3.475240 -0.820228 0.000000
v -3.475290 -0.820228 0.000000
v -3.475340 -0.820228 0.000000
v -3.475390 -0.820228 0.000000
v -3.475441 -0.820228 0.000000
v -3.475491 -0.820228 0.000000
v -3.475541 -0.820228 0.000000
v -3.475591 -0.820228 0.000000
v -3.475641 -0.820228 0.000000
v -3.475690 -0.820228 0.000000
v -3.476362 -0.820266 0.000000
v -3.476974 -0.820378 0.000000
v -3.477529 -0.820566 0.000000
v -3.478024 -0.820828 0.000000
v -3.478462 -0.821166 0.000000
v -3.478842 -0.821579 0.000000
v -3.479162 -0.822066 0.000000
v -3.479425 -0.822629 0.000000
v -3.479629 -0.823267 0.000000
v -3.479775 -0.823980 0.000000
v -3.479863 -0.824767 0.000000
v -3.479892 -0.825630 0.000000
v -3.479884 -0.825874 0.000000
v -3.479859 -0.826105 0.000000
v -3.479817 -0.826324 0.000000
v -3.479759 -0.826531 0.000000
v -3.479683 -0.826724 0.000000
v -3.479592 -0.826906 0.000000
v -3.479483 -0.827075 0.000000
v -3.479358 -0.827231 0.000000
v -3.479217 -0.827375 0.000000
v -3.479058 -0.827506 0.000000
v -3.478883 -0.827625 0.000000
v -3.478692 -0.827731 0.000000
v -3.463629 -0.836687 0.000000
v -3.448354 -0.845347 0.000000
v -3.432867 -0.853710 0.000000
v -3.417167 -0.861778 0.000000
v -3.401254 -0.869550 0.000000
v -3.385129 -0.877026 0.000000
v -3.368791 -0.884206 0.000000
v -3.352241 -0.891090 0.000000
v -3.335478 -0.897678 0.000000
v -3.318502 -0.903970 0.000000
v -3.301314 -0.909966 0.000000
v -3.283914 -0.915666 0.000000
v -3.283007 -0.919309 0.000000
v -3.282088 -0.922636 0.000000
v -3.281156 -0.925645 0.000000
v -3.280212 -0.928338 0.000000
v -3.279255 -0.930714 0.000000
v -3.278286 -0.932773 0.000000
v -3.277305 -0.934515 0.000000
v -3.276310 -0.935941 0.000000
v -3.275304 -0.937050 0.000000
v -3.274285 -0.937842 0.000000
v -3.273253 -0.938317 0.000000
v -3.272209 -0.938475 0.000000
v -3.271559 -0.938407 0.000000
v -3.270909 -0.938200 0.000000
v -3.270258 -0.937856 0.000000
v -3.269608 -0.937375 0.000000
v -3.268958 -0.936756 0.000000
v -3.268308 -0.935999 0.000000
v -3.267658 -0.935105 0.000000
v -3.267008 -0.934074 0.000000
v -3.266357 -0.932904 0.000000
v -3.265707 -0.931598 0.000000
v -3.265057 -0.930153 0.000000
v -3.264406 -0.928571 0.000000
v -3.263674 -0.926777 0.000000
v -3.262880 -0.924695 0.000000
v -3.262024 -0.922325 0.000000
v -3.261105 -0.919668 0.000000
v -3.260123 -0.916723 0.000000
v -3.259079 -0.913490 0.000000
v -3.257972 -0.909970 0.000000
v -3.256803 -0.906162 0.000000
v -3.255571 -0.902067 0.000000
v -3.254277 -0.897684 0.000000
v -3.252920 -0.893013 0.000000
v -3.251501 -0.888055 0.000000
v -3.253560 -0.887943 0.000000
v -3.255636 -0.887805 0.000000
v -3.257728 -0.887643 0.000000
v -3.259838 -0.887455 0.000000
v -3.261963 -0.887242 0.000000
v -3.264106 -0.887005 0.000000
v -3.266265 -0.886742 0.000000
v -3.268441 -0.886455 0.000000
v -3.270633 -0.886142 0.000000
v -3.272842 -0.885804 0.000000
v -3.275068 -0.885442 0.000000
v -3.277311 -0.885054 0.000000
v -3.283520 -0.883743 0.000000
v -3.289641 -0.882411 0.000000
v -3.295674 -0.881059 0.000000
v -3.301620 -0.879685 0.000000
v -3.307479 -0.878291 0.000000
v -3.313250 -0.876876 0.000000
v -3.318934 -0.875440 0.000000
v -3.324530 -0.873983 0.000000
v -3.330038 -0.872505 0.000000
v -3.335459 -0.871007 0.000000
v -3.340792 -0.869487 0.000000
v -3.346038 -0.867947 0.000000
v -3.346038 -0.591837 0.000000
v -3.306723 -0.591837 0.000000
v -3.302700 -0.591862 0.000000
v -3.298736 -0.591937 0.000000
v -3.294830 -0.592062 0.000000
v -3.290983 -0.592237 0.000000
v -3.287194 -0.592462 0.000000
v -3.283463 -0.592737 0.000000
v -3.279791 -0.593062 0.000000
v -3.276177 -0.593437 0.000000
v -3.272622 -0.593863 0.000000
v -3.269125 -0.594338 0.000000
v -3.265686 -0.594863 0.000000
v -3.262305 -0.595438 0.000000
v -3.256903 -0.572929 0.000000
v -3.260917 -0.573504 0.000000
v -3.264956 -0.574030 0.000000
v -3.269020 -0.574505 0.000000
v -3.273109 -0.574930 0.000000
v -3.277223 -0.575305 0.000000
v -3.281362 -0.575630 0.000000
v -3.285527 -0.575905 0.000000
v -3.289716 -0.576130 0.000000
v -3.293930 -0.576306 0.000000
v -3.298169 -0.576431 0.000000
v -3.302433 -0.576506 0.000000
v -3.306723 -0.576531 0.000000
v -3.413565 -0.576531 0.000000
v -3.417521 -0.571785 0.000000
v -3.421185 -0.567452 0.000000
v -3.424557 -0.563532 0.000000
v -3.427638 -0.560024 0.000000
v -3.430426 -0.556929 0.000000
v -3.432923 -0.554247 0.000000
v -3.435128 -0.551977 0.000000
v -3.437042 -0.550120 0.000000
v -3.438663 -0.548676 0.000000
v -3.439993 -0.547644 0.000000
v -3.441031 -0.547025 0.000000
v -3.441777 -0.546819 0.000000
v -3.442542 -0.546977 0.000000
v -3.443636 -0.547452 0.000000
v -3.445059 -0.548244 0.000000
v -3.446812 -0.549353 0.000000
v -3.448894 -0.550779 0.000000
v -3.451306 -0.552521 0.000000
v -3.454046 -0.554580 0.000000
v -3.457116 -0.556956 0.000000
v -3.460515 -0.559649 0.000000
v -3.464244 -0.562658 0.000000
v -3.468302 -0.565985 0.000000
v -3.472689 -0.569628 0.000000
v -3.474846 -0.571533 0.000000
v -3.476816 -0.573346 0.000000
v -3.478598 -0.575068 0.000000
v -3.480192 -0.576697 0.000000
v -3.481599 -0.578235 0.000000
v -3.482818 -0.579682 0.000000
v -3.483850 -0.581037 0.000000
v -3.484694 -0.582300 0.000000
v -3.485351 -0.583471 0.000000
v -3.485820 -0.584550 0.000000
v -3.486101 -0.585538 0.000000
v -3.486195 -0.586435 0.000000
v -3.486138 -0.587297 0.000000
v -3.485970 -0.588085 0.000000
v -3.485688 -0.588798 0.000000
v -3.485294 -0.589436 0.000000
v -3.484788 -0.589998 0.000000
v -3.484169 -0.590486 0.000000
v -3.483438 -0.590899 0.000000
v -3.482594 -0.591236 0.000000
v -3.481637 -0.591499 0.000000
v -3.480568 -0.591687 0.000000
v -3.479386 -0.591799 0.000000
v -3.478091 -0.591837 0.000000
v -3.374850 -0.591837 0.000000
v -3.507203 -0.702281 0.000000
v -3.501851 -0.710620 0.000000
v -3.496398 -0.718729 0.000000
v -3.490846 -0.726609 0.000000
v -3.485194 -0.734260 0.000000
v -3.479442 -0.741682 0.000000
v -3.473589 -0.748875 0.000000
v -3.467637 -0.755838 0.000000
v -3.461585 -0.762572 0.000000
v -3.455432 -0.769076 0.000000
v -3.449180 -0.775352 0.000000
v -3.442827 -0.781398 0.000000
v -3.436375 -0.787215 0.000000
v -3.436273 -0.787311 0.000000
v -3.436166 -0.787398 0.000000
v -3.436056 -0.787478 0.000000
v -3.435941 -0.787548 0.000000
v -3.435822 -0.787611 0.000000
v -3.435699 -0.787665 0.000000
v -3.435572 -0.787711 0.000000
v -3.435441 -0.787748 0.000000
v -3.435306 -0.787778 0.000000
v -3.435166 -0.787799 0.000000
v -3.435022 -0.787811 0.000000
v -3.434874 -0.787815 0.000000
v -3.433963 -0.787782 0.000000
v -3.433132 -0.787682 0.000000
v -3.432379 -0.787515 0.000000
v -3.431706 -0.787282 0.000000
v -3.431112 -0.786982 0.000000
v -3.430597 -0.786615 0.000000
v -3.430162 -0.786181 0.000000
v -3.429805 -0.785681 0.000000
v -3.429528 -0.785114 0.000000
v -3.429330 -0.784481 0.000000
v -3.429211 -0.783780 0.000000
v -3.429172 -0.783013 0.000000
v -3.429176 -0.782867 0.000000
v -3.429188 -0.782730 0.000000
v -3.429209 -0.782601 0.000000
v -3.429238 -0.782480 0.000000
v -3.429276 -0.782367 0.000000
v -3.429321 -0.782263 0.000000
v -3.429375 -0.782167 0.000000
v -3.429438 -0.782080 0.000000
v -3.429509 -0.782000 0.000000
v -3.429588 -0.781929 0.000000
v -3.429675 -0.781867 0.000000
v -3.429772 -0.781813 0.000000
v -3.434784 -0.776021 0.000000
v -3.439818 -0.769850 0.000000
v -3.444872 -0.763299 0.000000
v -3.449947 -0.756369 0.000000
v -3.455042 -0.749060 0.000000
v -3.460159 -0.741372 0.000000
v -3.465297 -0.733304 0.000000
v -3.470455 -0.724857 0.000000
v -3.475634 -0.716030 0.000000
v -3.480834 -0.706824 0.000000
v -3.486055 -0.697239 0.000000
v -3.491297 -0.687275 0.000000
v -3.495542 -0.678861 0.000000
v -3.499675 -0.670426 0.000000
v -3.503695 -0.661971 0.000000
v -3.507603 -0.653495 0.000000
v -3.511399 -0.644998 0.000000
v -3.515081 -0.636480 0.000000
v -3.518651 -0.627941 0.000000
v -3.522109 -0.619381 0.000000
v -3.525454 -0.610801 0.000000
v -3.528687 -0.602199 0.000000
v -3.531806 -0.593577 0.000000
v -3.534814 -0.584934 0.000000
v -3.537936 -0.575716 0.000000
v -3.540800 -0.566768 0.000000
v -3.543405 -0.558092 0.000000
v -3.545752 -0.549687 0.000000
v -3.547840 -0.541552 0.000000
v -3.549670 -0.533688 0.000000
v -3.551241 -0.526096 0.000000
v -3.552554 -0.518774 0.000000
v -3.553609 -0.511723 0.000000
v -3.554405 -0.504944 0.000000
v -3.554942 -0.498435 0.000000
v -3.555222 -0.492197 0.000000
v -3.561024 -0.493996 0.000000
v -3.566427 -0.495690 0.000000
v -3.571429 -0.497280 0.000000
v -3.576030 -0.498766 0.000000
v -3.580232 -0.500148 0.000000
v -3.584034 -0.501426 0.000000
v -3.587435 -0.502599 0.000000
v -3.590436 -0.503668 0.000000
v -3.593037 -0.504633 0.000000
v -3.595238 -0.505494 0.000000
v -3.597039 -0.506250 0.000000
v -3.598439 -0.506903 0.000000
v -3.599494 -0.507463 0.000000
v -3.600457 -0.508045 0.000000
v -3.601328 -0.508647 0.000000
v -3.602108 -0.509270 0.000000
v -3.602795 -0.509914 0.000000
v -3.603391 -0.510579 0.000000
v -3.603896 -0.511265 0.000000
v -3.604308 -0.511972 0.000000
v -3.604629 -0.512699 0.000000
v -3.604859 -0.513447 0.000000
v -3.604996 -0.514216 0.000000
v -3.605042 -0.515006 0.000000
v -3.604892 -0.516284 0.000000
v -3.604442 -0.517515 0.000000
v -3.603692 -0.518701 0.000000
v -3.602641 -0.519841 0.000000
v -3.601290 -0.520935 0.000000
v -3.599640 -0.521984 0.000000
v -3.597689 -0.522986 0.000000
v -3.595438 -0.523943 0.000000
v -3.592887 -0.524854 0.000000
v -3.590036 -0.525719 0.000000
v -3.586885 -0.526538 0.000000
v -3.583433 -0.527311 0.000000
v -3.580784 -0.536619 0.000000
v -3.578039 -0.545835 0.000000
v -3.575199 -0.554959 0.000000
v -3.572262 -0.563992 0.000000
v -3.569230 -0.572933 0.000000
v -3.566101 -0.581783 0.000000
v -3.562877 -0.590540 0.000000
v -3.559557 -0.599206 0.000000
v -3.556141 -0.607781 0.000000
v -3.552629 -0.616263 0.000000
v -3.549021 -0.624654 0.000000
v -3.545318 -0.632953 0.000000
v -3.735894 -0.632953 0.000000
v -3.739946 -0.628447 0.000000
v -3.743698 -0.624333 0.000000
v -3.747149 -0.620611 0.000000
v -3.750300 -0.617280 0.000000
v -3.753151 -0.614342 0.000000
v -3.755702 -0.611795 0.000000
v -3.757953 -0.609640 0.000000
v -3.759904 -0.607876 0.000000
v -3.761555 -0.606505 0.000000
v -3.762905 -0.605526 0.000000
v -3.763956 -0.604938 0.000000
v -3.764706 -0.604742 0.000000
v -3.765479 -0.604896 0.000000
v -3.766598 -0.605359 0.000000
v -3.768063 -0.606130 0.000000
v -3.769874 -0.607210 0.000000
v -3.772032 -0.608598 0.000000
v -3.774535 -0.610294 0.000000
v -3.777384 -0.612299 0.000000
v -3.780579 -0.614613 0.000000
v -3.784120 -0.617235 0.000000
v -3.788007 -0.620165 0.000000
v -3.792240 -0.623404 0.000000
v -3.796819 -0.626951 0.000000
v -3.798976 -0.628712 0.000000
v -3.800946 -0.630394 0.000000
v -3.802727 -0.631997 0.000000
v -3.804322 -0.633520 0.000000
v -3.805729 -0.634964 0.000000
v -3.806948 -0.636330 0.000000
v -3.807980 -0.637616 0.000000
v -3.808824 -0.638822 0.000000
v -3.809480 -0.639950 0.000000
v -3.809949 -0.640998 0.000000
v -3.810230 -0.641967 0.000000
v -3.810324 -0.642857 0.000000
v -3.810264 -0.643720 0.000000
v -3.810082 -0.644508 0.000000
v -3.809780 -0.645221 0.000000
v -3.809357 -0.645858 0.000000
v -3.808813 -0.646421 0.000000
v -3.808148 -0.646909 0.000000
v -3.807362 -0.647321 0.000000
v -3.806455 -0.647659 0.000000
v -3.805428 -0.647922 0.000000
v -3.804279 -0.648109 0.000000
v -3.803010 -0.648222 0.000000
v -3.801621 -0.648259 0.000000
v -3.716086 -0.648259 0.000000
v -3.713981 -0.659541 0.000000
v -3.711768 -0.670577 0.000000
v -3.709446 -0.681366 0.000000
v -3.707016 -0.691910 0.000000
v -3.704478 -0.702208 0.000000
v -3.701831 -0.712260 0.000000
v -3.699075 -0.722066 0.000000
v -3.696212 -0.731626 0.000000
v -3.693240 -0.740940 0.000000
v -3.690159 -0.750008 0.000000
v -3.686970 -0.758831 0.000000
v -3.683673 -0.767407 0.000000
v -3.679415 -0.777713 0.000000
v -3.674945 -0.787823 0.000000
v -3.670262 -0.797738 0.000000
v -3.665366 -0.807456 0.000000
v -3.660258 -0.816979 0.000000
v -3.654937 -0.826306 0.000000
v -3.649404 -0.835436 0.000000
v -3.643657 -0.844371 0.000000
v -3.637699 -0.853110 0.000000
v -3.631528 -0.861653 0.000000
v -3.625144 -0.870000 0.000000
v -3.618547 -0.878151 0.000000
v -3.619808 -0.879556 0.000000
v -3.621190 -0.881069 0.000000
v -3.622693 -0.882691 0.000000
v -3.624317 -0.884420 0.000000
v -3.626061 -0.886259 0.000000
v -3.627927 -0.888205 0.000000
v -3.629913 -0.890260 0.000000
v -3.632020 -0.892424 0.000000
v -3.634248 -0.894695 0.000000
v -3.636597 -0.897076 0.000000
v -3.639067 -0.899564 0.000000
v -3.641657 -0.902161 0.000000
v -3.653186 -0.912901 0.000000
v -3.665166 -0.923111 0.000000
v -3.677596 -0.932792 0.000000
v -3.690476 -0.941943 0.000000
v -3.703807 -0.950566 0.000000
v -3.717587 -0.958658 0.000000
v -3.731818 -0.966222 0.000000
v -3.746499 -0.973256 0.000000
v -3.761630 -0.979761 0.000000
v -3.777211 -0.985736 0.000000
v -3.793242 -0.991182 0.000000
v -3.809724 -0.996098 0.000000
v -3.809963 -0.996207 0.000000
v -3.810182 -0.996332 0.000000
v -3.810380 -0.996474 0.000000
v -3.810557 -0.996632 0.000000
v -3.810714 -0.996807 0.000000
v -3.810849 -0.996999 0.000000
v -3.810964 -0.997207 0.000000
v -3.811058 -0.997432 0.000000
v -3.811131 -0.997674 0.000000
v -3.811183 -0.997932 0.000000
v -3.811214 -0.998208 0.000000
v -3.811224 -0.998499 0.000000
v -3.811202 -0.999127 0.000000
v -3.811133 -0.999708 0.000000
v -3.811018 -1.000244 0.000000
v -3.810858 -1.000734 0.000000
v -3.810652 -1.001178 0.000000
v -3.810399 -1.001576 0.000000
v -3.810101 -1.001928 0.000000
v -3.809757 -1.002234 0.000000
v -3.809368 -1.002495 0.000000
v -3.808932 -1.002710 0.000000
v -3.808451 -1.002878 0.000000
v -3.807923 -1.003001 0.000000
v -3.806364 -1.003262 0.000000
v -3.804889 -1.003543 0.000000
v -3.803496 -1.003845 0.000000
v -3.802187 -1.004168 0.000000
v -3.800962 -1.004512 0.000000
v -3.799820 -1.004877 0.000000
v -3.798761 -1.005262 0.000000
v -3.797786 -1.005669 0.000000
v -3.796894 -1.006096 0.000000
v -3.796085 -1.006544 0.000000
v -3.795360 -1.007013 0.000000
v -3.794718 -1.007503 0.000000
v -3.794122 -1.008087 0.000000
v -3.793534 -1.008737 0.000000
v -3.792955 -1.009454 0.000000
v -3.792384 -1.010237 0.000000
v -3.791821 -1.011088 0.000000
v -3.791267 -1.012005 0.000000
v -3.790721 -1.012989 0.000000
v -3.790183 -1.014039 0.000000
v -3.789654 -1.015156 0.000000
v -3.789133 -1.016340 0.000000
v -3.788620 -1.017590 0.000000
v -3.788115 -1.018908 0.000000
v -3.787592 -1.020298 0.000000
v -3.787023 -1.021567 0.000000
v -3.786408 -1.022715 0.000000
v -3.785748 -1.023743 0.000000
v -3.785041 -1.024649 0.000000
v -3.784289 -1.025435 0.000000
v -3.783491 -1.026100 0.000000
v -3.782647 -1.026644 0.000000
v -3.781757 -1.027067 0.000000
v -3.780821 -1.027369 0.000000
v -3.779839 -1.027550 0.000000
v -3.778811 -1.027611 0.000000
v -3.777276 -1.027517 0.000000
v -3.775469 -1.027236 0.000000
v -3.773391 -1.026767 0.000000
v -3.771042 -1.026110 0.000000
v -3.768422 -1.025266 0.000000
v -3.765531 -1.024235 0.000000
v -3.762370 -1.023015 0.000000
v -3.758937 -1.021609 0.000000
v -3.755234 -1.020014 0.000000
v -3.751259 -1.018232 0.000000
v -3.747014 -1.016263 0.000000
v -3.742497 -1.014106 0.000000
v -3.737241 -1.011436 0.000000
v -3.731876 -1.008528 0.000000
v -3.726403 -1.005383 0.000000
v -3.720822 -1.002001 0.000000
v -3.715132 -0.998381 0.000000
v -3.709334 -0.994523 0.000000
v -3.703427 -0.990428 0.000000
v -3.697412 -0.986095 0.000000
v -3.691289 -0.981524 0.000000
v -3.685057 -0.976716 0.000000
v -3.678717 -0.971670 0.000000
v -3.672269 -0.966387 0.000000
v -3.666466 -0.961514 0.000000
v -3.660764 -0.956599 0.000000
v -3.655162 -0.951643 0.000000
v -3.649660 -0.946645 0.000000
v -3.644258 -0.941606 0.000000
v -3.638956 -0.936525 0.000000
v -3.633754 -0.931402 0.000000
v -3.628651 -0.926237 0.000000
v -3.623649 -0.921031 0.000000
v -3.618747 -0.915783 0.000000
v -3.613945 -0.910493 0.000000
v -3.609244 -0.905162 0.000000
v -3.601741 -0.896459 0.000000
v -3.587437 -0.910802 0.000000
v -3.572137 -0.924620 0.000000
v -3.555841 -0.937913 0.000000
v -3.538549 -0.950680 0.000000
v -3.520260 -0.962923 0.000000
v -3.500976 -0.974640 0.000000
v -3.480695 -0.985832 0.000000
v -3.459417 -0.996499 0.000000
v -3.437144 -1.006640 0.000000
v -3.413874 -1.016256 0.000000
v -3.389608 -1.025348 0.000000
v -3.364346 -1.033914 0.000000
v -3.363745 -1.033914 0.000000
v -3.363170 -1.033878 0.000000
v -3.362645 -1.033772 0.000000
v -3.362170 -1.033595 0.000000
v -3.361745 -1.033347 0.000000
v -3.361370 -1.033028 0.000000
v -3.361044 -1.032638 0.000000
v -3.360769 -1.032177 0.000000
v -3.360544 -1.031646 0.000000
v -3.360369 -1.031044 0.000000
v -3.360244 -1.030370 0.000000
v -3.360169 -1.029626 0.000000
v -3.360144 -1.028812 0.000000
v -3.360152 -1.028520 0.000000
v -3.360178 -1.028245 0.000000
v -3.360219 -1.027986 0.000000
v -3.360278 -1.027744 0.000000
v -3.360353 -1.027519 0.000000
v -3.360445 -1.027311 0.000000
v -3.360553 -1.027119 0.000000
v -3.360678 -1.026944 0.000000
v -3.360820 -1.026786 0.000000
v -3.360978 -1.026644 0.000000
v -3.361153 -1.026519 0.000000
v -3.361345 -1.026411 0.000000
v -3.385734 -1.015502 0.000000
v -3.409081 -1.004285 0.000000
v -3.431385 -0.992760 0.000000
v -3.452648 -0.980926 0.000000
v -3.472868 -0.968783 0.000000
v -3.492047 -0.956333 0.000000
v -3.510183 -0.943573 0.000000
v -3.527278 -0.930506 0.000000
v -3.543330 -0.917129 0.000000
v -3.558340 -0.903445 0.000000
v -3.572308 -0.889452 0.000000
v -3.585234 -0.875150 0.000000
v -3.577035 -0.863816 0.000000
v -3.569144 -0.851924 0.000000
v -3.561562 -0.839473 0.000000
v -3.554288 -0.826464 0.000000
v -3.547323 -0.812896 0.000000
v -3.540666 -0.798770 0.000000
v -3.534318 -0.784084 0.000000
v -3.528278 -0.768841 0.000000
v -3.522546 -0.753039 0.000000
v -3.517123 -0.736678 0.000000
v -3.512009 -0.719759 0.000000
v -3.517107 -0.686975 0.000000
v -3.521033 -0.702366 0.000000
v -3.525510 -0.717529 0.000000
v -3.530537 -0.732462 0.000000
v -3.536114 -0.747166 0.000000
v -3.542242 -0.761640 0.000000
v -3.548919 -0.775885 0.000000
v -3.556147 -0.789901 0.000000
v -3.563926 -0.803688 0.000000
v -3.572254 -0.817246 0.000000
v -3.581132 -0.830574 0.000000
v -3.590561 -0.843673 0.000000
v -3.600540 -0.856543 0.000000
v -3.610851 -0.842166 0.000000
v -3.620573 -0.827248 0.000000
v -3.629708 -0.811787 0.000000
v -3.638255 -0.795785 0.000000
v -3.646215 -0.779241 0.000000
v -3.653586 -0.762155 0.000000
v -3.660370 -0.744527 0.000000
v -3.666567 -0.726357 0.000000
v -3.672175 -0.707646 0.000000
v -3.677196 -0.688392 0.000000
v -3.681629 -0.668597 0.000000
v -3.685474 -0.648259 0.000000
v -3.537815 -0.648259 0.000000
v -3.535608 -0.652471 0.000000
v -3.533489 -0.656504 0.000000
v -3.531456 -0.660358 0.000000
v -3.529512 -0.664032 0.000000
v -3.527655 -0.667527 0.000000
v -3.525885 -0.670843 0.000000
v -3.524204 -0.673980 0.000000
v -3.522609 -0.676937 0.000000
v -3.521102 -0.679716 0.000000
v -3.519683 -0.682315 0.000000
v -3.518351 -0.684734 0.000000
v -3.147959 -0.701681 0.000000
v -3.150031 -0.701743 0.000000
v -3.152044 -0.701931 0.000000
v -3.153999 -0.702243 0.000000
v -3.155896 -0.702681 0.000000
v -3.157734 -0.703244 0.000000
v -3.159514 -0.703932 0.000000
v -3.161235 -0.704744 0.000000
v -3.162899 -0.705682 0.000000
v -3.164503 -0.706745 0.000000
v -3.166050 -0.707933 0.000000
v -3.167538 -0.709246 0.000000
v -3.168968 -0.710684 0.000000
v -3.170118 -0.712006 0.000000
v -3.171169 -0.713369 0.000000
v -3.172119 -0.714773 0.000000
v -3.172969 -0.716220 0.000000
v -3.173720 -0.717708 0.000000
v -3.174370 -0.719238 0.000000
v -3.174920 -0.720809 0.000000
v -3.175370 -0.722422 0.000000
v -3.175720 -0.724077 0.000000
v -3.175971 -0.725774 0.000000
v -3.176121 -0.727512 0.000000
v -3.176171 -0.729292 0.000000
v -3.176106 -0.731270 0.000000
v -3.175912 -0.733202 0.000000
v -3.175589 -0.735088 0.000000
v -3.175137 -0.736928 0.000000
v -3.174555 -0.738723 0.000000
v -3.173845 -0.740471 0.000000
v -3.173005 -0.742174 0.000000
v -3.172035 -0.743831 0.000000
v -3.170937 -0.745442 0.000000
v -3.169709 -0.747007 0.000000
v -3.168353 -0.748526 0.000000
v -3.166867 -0.750000 0.000000
v -3.165498 -0.751150 0.000000
v -3.164091 -0.752201 0.000000
v -3.162646 -0.753151 0.000000
v -3.161165 -0.754002 0.000000
v -3.159645 -0.754752 0.000000
v -3.158088 -0.755402 0.000000
v -3.156494 -0.755952 0.000000
v -3.154862 -0.756403 0.000000
v -3.153193 -0.756753 0.000000
v -3.151486 -0.757003 0.000000
v -3.149741 -0.757153 0.000000
v -3.147959 -0.757203 0.000000
v -3.146031 -0.757138 0.000000
v -3.144149 -0.756944 0.000000
v -3.142313 -0.756621 0.000000
v -3.140523 -0.756169 0.000000
v -3.138778 -0.755588 0.000000
v -3.137080 -0.754877 0.000000
v -3.135427 -0.754037 0.000000
v -3.133820 -0.753068 0.000000
v -3.132259 -0.751970 0.000000
v -3.130744 -0.750742 0.000000
v -3.129275 -0.749385 0.000000
v -3.127851 -0.747899 0.000000
v -3.126701 -0.746532 0.000000
v -3.125650 -0.745131 0.000000
v -3.124700 -0.743697 0.000000
v -3.123850 -0.742230 0.000000
v -3.123099 -0.740730 0.000000
v -3.122449 -0.739196 0.000000
v -3.121899 -0.737628 0.000000
v -3.121449 -0.736028 0.000000
v -3.121099 -0.734394 0.000000
v -3.120848 -0.732726 0.000000
v -3.120698 -0.731026 0.000000
v -3.120648 -0.729292 0.000000
v -3.120713 -0.727222 0.000000
v -3.120907 -0.725215 0.000000
v -3.121230 -0.723271 0.000000
v -3.121682 -0.721389 0.000000
v -3.122264 -0.719569 0.000000
v -3.122974 -0.717812 0.000000
v -3.123814 -0.716118 0.000000
v -3.124784 -0.714486 0.000000
v -3.125882 -0.712916 0.000000
v -3.127110 -0.711409 0.000000
v -3.128466 -0.709965 0.000000
v -3.129952 -0.708583 0.000000
v -3.131269 -0.707481 0.000000
v -3.132620 -0.706474 0.000000
v -3.134004 -0.705564 0.000000
v -3.135421 -0.704749 0.000000
v -3.136871 -0.704030 0.000000
v -3.138355 -0.703406 0.000000
v -3.139873 -0.702879 0.000000
v -3.141423 -0.702448 0.000000
v -3.143007 -0.702112 0.000000
v -3.144625 -0.701872 0.000000
v -3.146275 -0.701729 0.000000
v -3.147959 -0.936074 0.000000
v -3.150031 -0.936135 0.000000
v -3.152044 -0.936316 0.000000
v -3.153999 -0.936618 0.000000
v -3.155896 -0.937041 0.000000
v -3.157734 -0.937585 0.000000
v -3.159514 -0.938250 0.000000
v -3.161235 -0.939036 0.000000
v -3.162899 -0.939943 0.000000
v -3.164503 -0.940970 0.000000
v -3.166050 -0.942118 0.000000
v -3.167538 -0.943388 0.000000
v -3.168968 -0.944778 0.000000
v -3.170118 -0.946099 0.000000
v -3.171169 -0.947462 0.000000
v -3.172119 -0.948867 0.000000
v -3.172969 -0.950313 0.000000
v -3.173720 -0.951802 0.000000
v -3.174370 -0.953331 0.000000
v -3.174920 -0.954903 0.000000
v -3.175370 -0.956516 0.000000
v -3.175720 -0.958171 0.000000
v -3.175971 -0.959867 0.000000
v -3.176121 -0.961605 0.000000
v -3.176171 -0.963385 0.000000
v -3.176106 -0.965409 0.000000
v -3.175912 -0.967379 0.000000
v -3.175589 -0.969294 0.000000
v -3.175137 -0.971155 0.000000
v -3.174555 -0.972962 0.000000
v -3.173845 -0.974715 0.000000
v -3.173005 -0.976413 0.000000
v -3.172035 -0.978058 0.000000
v -3.170937 -0.979648 0.000000
v -3.169709 -0.981184 0.000000
v -3.168353 -0.982666 0.000000
v -3.166867 -0.984094 0.000000
v -3.165498 -0.985292 0.000000
v -3.164091 -0.986386 0.000000
v -3.162646 -0.987376 0.000000
v -3.161165 -0.988262 0.000000
v -3.159645 -0.989044 0.000000
v -3.158088 -0.989721 0.000000
v -3.156494 -0.990294 0.000000
v -3.154862 -0.990763 0.000000
v -3.153193 -0.991128 0.000000
v -3.151486 -0.991388 0.000000
v -3.149741 -0.991544 0.000000
v -3.147959 -0.991597 0.000000
v -3.146031 -0.991530 0.000000
v -3.144149 -0.991330 0.000000
v -3.142313 -0.990996 0.000000
v -3.140523 -0.990529 0.000000
v -3.138778 -0.989929 0.000000
v -3.137080 -0.989196 0.000000
v -3.135427 -0.988329 0.000000
v -3.133820 -0.987328 0.000000
v -3.132259 -0.986194 0.000000
v -3.130744 -0.984927 0.000000
v -3.129275 -0.983527 0.000000
v -3.127851 -0.981993 0.000000
v -3.126701 -0.980626 0.000000
v -3.125650 -0.979225 0.000000
v -3.124700 -0.977791 0.000000
v -3.123850 -0.976324 0.000000
v -3.123099 -0.974823 0.000000
v -3.122449 -0.973289 0.000000
v -3.121899 -0.971722 0.000000
v -3.121449 -0.970121 0.000000
v -3.121099 -0.968487 0.000000
v -3.120848 -0.966820 0.000000
v -3.120698 -0.965119 0.000000
v -3.120648 -0.963385 0.000000
v -3.120713 -0.961364 0.000000
v -3.120907 -0.959400 0.000000
v -3.121230 -0.957496 0.000000
v -3.121682 -0.955649 0.000000
v -3.122264 -0.953861 0.000000
v -3.122974 -0.952131 0.000000
v -3.123814 -0.950459 0.000000
v -3.124784 -0.948846 0.000000
v -3.125882 -0.947292 0.000000
v -3.127110 -0.945795 0.000000
v -3.128466 -0.944357 0.000000
v -3.129952 -0.942977 0.000000
v -3.131269 -0.941875 0.000000
v -3.132620 -0.940868 0.000000
v -3.134004 -0.939957 0.000000
v -3.135421 -0.939142 0.000000
v -3.136871 -0.938423 0.000000
v -3.138355 -0.937800 0.000000
v -3.139873 -0.937273 0.000000
v -3.141423 -0.936841 0.000000
v -3.143007 -0.936506 0.000000
v -3.144625 -0.936266 0.000000
v -3.146275 -0.936122 0.000000
v -2.765306 -0.661765 0.000000
v -2.763497 -0.661698 0.000000
v -2.761571 -0.661498 0.000000
v -2.759529 -0.661164 0.000000
v -2.757370 -0.660698 0.000000
v -2.755094 -0.660097 0.000000
v -2.752701 -0.659364 0.000000
v -2.750192 -0.658497 0.000000
v -2.747566 -0.657496 0.000000
v -2.744823 -0.656363 0.000000
v -2.741963 -0.655095 0.000000
v -2.738987 -0.653695 0.000000
v -2.735894 -0.652161 0.000000
v -2.730515 -0.659312 0.000000
v -2.724982 -0.666458 0.000000
v -2.719294 -0.673601 0.000000
v -2.713452 -0.680739 0.000000
v -2.707456 -0.687873 0.000000
v -2.701305 -0.695003 0.000000
v -2.695001 -0.702129 0.000000
v -2.688542 -0.709250 0.000000
v -2.681929 -0.716368 0.000000
v -2.675162 -0.723481 0.000000
v -2.668240 -0.730590 0.000000
v -2.661164 -0.737695 0.000000
v -2.654160 -0.744621 0.000000
v -2.647251 -0.751292 0.000000
v -2.640438 -0.757709 0.000000
v -2.633720 -0.763872 0.000000
v -2.627099 -0.769781 0.000000
v -2.620574 -0.775435 0.000000
v -2.614144 -0.780835 0.000000
v -2.607810 -0.785981 0.000000
v -2.601572 -0.790873 0.000000
v -2.595430 -0.795510 0.000000
v -2.589384 -0.799893 0.000000
v -2.583433 -0.804022 0.000000
v -2.582172 -0.804789 0.000000
v -2.580991 -0.805489 0.000000
v -2.579888 -0.806122 0.000000
v -2.578865 -0.806689 0.000000
v -2.577921 -0.807190 0.000000
v -2.577056 -0.807623 0.000000
v -2.576270 -0.807990 0.000000
v -2.575563 -0.808290 0.000000
v -2.574936 -0.808523 0.000000
v -2.574388 -0.808690 0.000000
v -2.573919 -0.808790 0.000000
v -2.573529 -0.808824 0.000000
v -2.572858 -0.808786 0.000000
v -2.572245 -0.808674 0.000000
v -2.571691 -0.808486 0.000000
v -2.571195 -0.808223 0.000000
v -2.570757 -0.807886 0.000000
v -2.570378 -0.807473 0.000000
v -2.570057 -0.806985 0.000000
v -2.569795 -0.806423 0.000000
v -2.569590 -0.805785 0.000000
v -2.569444 -0.805072 0.000000
v -2.569357 -0.804284 0.000000
v -2.569328 -0.803421 0.000000
v -2.569401 -0.802877 0.000000
v -2.569619 -0.802246 0.000000
v -2.569984 -0.801527 0.000000
v -2.570495 -0.800720 0.000000
v -2.571151 -0.799826 0.000000
v -2.571954 -0.798845 0.000000
v -2.572902 -0.797775 0.000000
v -2.573996 -0.796619 0.000000
v -2.575236 -0.795374 0.000000
v -2.576622 -0.794043 0.000000
v -2.578154 -0.792623 0.000000
v -2.579832 -0.791116 0.000000
v -2.593164 -0.778803 0.000000
v -2.606251 -0.766073 0.000000
v -2.619091 -0.752926 0.000000
v -2.631686 -0.739362 0.000000
v -2.644035 -0.725382 0.000000
v -2.656137 -0.710984 0.000000
v -2.667994 -0.696170 0.000000
v -2.679605 -0.680939 0.000000
v -2.690970 -0.665291 0.000000
v -2.702089 -0.649226 0.000000
v -2.712962 -0.632745 0.000000
v -2.723589 -0.615846 0.000000
v -2.726322 -0.611272 0.000000
v -2.728817 -0.606951 0.000000
v -2.731074 -0.602885 0.000000
v -2.733093 -0.599073 0.000000
v -2.734875 -0.595515 0.000000
v -2.736420 -0.592212 0.000000
v -2.737726 -0.589163 0.000000
v -2.738796 -0.586368 0.000000
v -2.739627 -0.583827 0.000000
v -2.740221 -0.581541 0.000000
v -2.740577 -0.579509 0.000000
v -2.740696 -0.577731 0.000000
v -2.740632 -0.576670 0.000000
v -2.740438 -0.575589 0.000000
v -2.740115 -0.574486 0.000000
v -2.739662 -0.573363 0.000000
v -2.739081 -0.572218 0.000000
v -2.738370 -0.571053 0.000000
v -2.737530 -0.569868 0.000000
v -2.736561 -0.568661 0.000000
v -2.735463 -0.567433 0.000000
v -2.734235 -0.566185 0.000000
v -2.732878 -0.564916 0.000000
v -2.731392 -0.563625 0.000000
v -2.730082 -0.562594 0.000000
v -2.728750 -0.561600 0.000000
v -2.727397 -0.560643 0.000000
v -2.726024 -0.559724 0.000000
v -2.724629 -0.558842 0.000000
v -2.723214 -0.557998 0.000000
v -2.721778 -0.557192 0.000000
v -2.720321 -0.556423 0.000000
v -2.718844 -0.555691 0.000000
v -2.717345 -0.554997 0.000000
v -2.715826 -0.554341 0.000000
v -2.714286 -0.553722 0.000000
v -2.713614 -0.553465 0.000000
v -2.713002 -0.553196 0.000000
v -2.712447 -0.552915 0.000000
v -2.711951 -0.552621 0.000000
v -2.711514 -0.552315 0.000000
v -2.711134 -0.551996 0.000000
v -2.710813 -0.551664 0.000000
v -2.710551 -0.551320 0.000000
v -2.710346 -0.550964 0.000000
v -2.710201 -0.550595 0.000000
v -2.710113 -0.550214 0.000000
v -2.710084 -0.549820 0.000000
v -2.710190 -0.548957 0.000000
v -2.710509 -0.548169 0.000000
v -2.711040 -0.547457 0.000000
v -2.711785 -0.546819 0.000000
v -2.712741 -0.546256 0.000000
v -2.713910 -0.545768 0.000000
v -2.715292 -0.545356 0.000000
v -2.716887 -0.545018 0.000000
v -2.718693 -0.544755 0.000000
v -2.720713 -0.544568 0.000000
v -2.722945 -0.544455 0.000000
v -2.725390 -0.544418 0.000000
v -2.727689 -0.544512 0.000000
v -2.730083 -0.544793 0.000000
v -2.732574 -0.545262 0.000000
v -2.735160 -0.545918 0.000000
v -2.737843 -0.546762 0.000000
v -2.740621 -0.547794 0.000000
v -2.743495 -0.549013 0.000000
v -2.746465 -0.550420 0.000000
v -2.749531 -0.552015 0.000000
v -2.752693 -0.553797 0.000000
v -2.755950 -0.555766 0.000000
v -2.759304 -0.557923 0.000000
v -2.763522 -0.560885 0.000000
v -2.767374 -0.563767 0.000000
v -2.770858 -0.566570 0.000000
v -2.773976 -0.569294 0.000000
v -2.776727 -0.571939 0.000000
v -2.779112 -0.574505 0.000000
v -2.781129 -0.576991 0.000000
v -2.782780 -0.579398 0.000000
v -2.784064 -0.581726 0.000000
v -2.784981 -0.583975 0.000000
v -2.785531 -0.586145 0.000000
v -2.785714 -0.588235 0.000000
v -2.785645 -0.589379 0.000000
v -2.785439 -0.590511 0.000000
v -2.785095 -0.591630 0.000000
v -2.784614 -0.592737 0.000000
v -2.783995 -0.593831 0.000000
v -2.783239 -0.594913 0.000000
v -2.782345 -0.595982 0.000000
v -2.781313 -0.597039 0.000000
v -2.780144 -0.598083 0.000000
v -2.778837 -0.599115 0.000000
v -2.777393 -0.600134 0.000000
v -2.775810 -0.601140 0.000000
v -2.775045 -0.601670 0.000000
v -2.774251 -0.602258 0.000000
v -2.773428 -0.602904 0.000000
v -2.772576 -0.603608 0.000000
v -2.771694 -0.604371 0.000000
v -2.770783 -0.605192 0.000000
v -2.769843 -0.606072 0.000000
v -2.768874 -0.607010 0.000000
v -2.767876 -0.608006 0.000000
v -2.766848 -0.609060 0.000000
v -2.765792 -0.610173 0.000000
v -2.764706 -0.611345 0.000000
v -2.764575 -0.611580 0.000000
v -2.764181 -0.612187 0.000000
v -2.763524 -0.613164 0.000000
v -2.762605 -0.614512 0.000000
v -2.761423 -0.616232 0.000000
v -2.759979 -0.618322 0.000000
v -2.758272 -0.620784 0.000000
v -2.756302 -0.623616 0.000000
v -2.754070 -0.626819 0.000000
v -2.751575 -0.630394 0.000000
v -2.748818 -0.634339 0.000000
v -2.745798 -0.638655 0.000000
v -2.746457 -0.638799 0.000000
v -2.747132 -0.638931 0.000000
v -2.747824 -0.639049 0.000000
v -2.748532 -0.639156 0.000000
v -2.749258 -0.639249 0.000000
v -2.750000 -0.639331 0.000000
v -2.750758 -0.639400 0.000000
v -2.751534 -0.639456 0.000000
v -2.752326 -0.639500 0.000000
v -2.753134 -0.639531 0.000000
v -2.753960 -0.639550 0.000000
v -2.754802 -0.639556 0.000000
v -2.756621 -0.639539 0.000000
v -2.758578 -0.639489 0.000000
v -2.760673 -0.639406 0.000000
v -2.762905 -0.639289 0.000000
v -2.765274 -0.639139 0.000000
v -2.767781 -0.638956 0.000000
v -2.770426 -0.638739 0.000000
v -2.773209 -0.638489 0.000000
v -2.776129 -0.638205 0.000000
v -2.779186 -0.637889 0.000000
v -2.782381 -0.637538 0.000000
v -2.785714 -0.637155 0.000000
v -2.793678 -0.636294 0.000000
v -2.801462 -0.635413 0.000000
v -2.809067 -0.634510 0.000000
v -2.816493 -0.633587 0.000000
v -2.823740 -0.632643 0.000000
v -2.830807 -0.631678 0.000000
v -2.837695 -0.630692 0.000000
v -2.844404 -0.629685 0.000000
v -2.850934 -0.628658 0.000000
v -2.857285 -0.627609 0.000000
v -2.863456 -0.626540 0.000000
v -2.869448 -0.625450 0.000000
v -2.870688 -0.625163 0.000000
v -2.871907 -0.624800 0.000000
v -2.873105 -0.624362 0.000000
v -2.874283 -0.623850 0.000000
v -2.875440 -0.623262 0.000000
v -2.876575 -0.622599 0.000000
v -2.877691 -0.621861 0.000000
v -2.878785 -0.621048 0.000000
v -2.879858 -0.620161 0.000000
v -2.880911 -0.619198 0.000000
v -2.881942 -0.618160 0.000000
v -2.882953 -0.617047 0.000000
v -2.883745 -0.616280 0.000000
v -2.884521 -0.615580 0.000000
v -2.885279 -0.614946 0.000000
v -2.886021 -0.614379 0.000000
v -2.886746 -0.613879 0.000000
v -2.887455 -0.613445 0.000000
v -2.888147 -0.613079 0.000000
v -2.888822 -0.612778 0.000000
v -2.889481 -0.612545 0.000000
v -2.890122 -0.612378 0.000000
v -2.890748 -0.612278 0.000000
v -2.891356 -0.612245 0.000000
v -2.892367 -0.612274 0.000000
v -2.893399 -0.612362 0.000000
v -2.894452 -0.612508 0.000000
v -2.895525 -0.612712 0.000000
v -2.896619 -0.612974 0.000000
v -2.897734 -0.613295 0.000000
v -2.898870 -0.613675 0.000000
v -2.900027 -0.614112 0.000000
v -2.901204 -0.614608 0.000000
v -2.902403 -0.615163 0.000000
v -2.903622 -0.615776 0.000000
v -2.904862 -0.616447 0.000000
v -2.907355 -0.618072 0.000000
v -2.909730 -0.619648 0.000000
v -2.911990 -0.621174 0.000000
v -2.914132 -0.622649 0.000000
v -2.916158 -0.624075 0.000000
v -2.918067 -0.625450 0.000000
v -2.919859 -0.626776 0.000000
v -2.921535 -0.628051 0.000000
v -2.923094 -0.629277 0.000000
v -2.924536 -0.630452 0.000000
v -2.925862 -0.631578 0.000000
v -2.927071 -0.632653 0.000000
v -2.928461 -0.633939 0.000000
v -2.929730 -0.635196 0.000000
v -2.930879 -0.636423 0.000000
v -2.931906 -0.637622 0.000000
v -2.932813 -0.638791 0.000000
v -2.933599 -0.639931 0.000000
v -2.934264 -0.641042 0.000000
v -2.934808 -0.642124 0.000000
v -2.935231 -0.643176 0.000000
v -2.935533 -0.644199 0.000000
v -2.935715 -0.645194 0.000000
v -2.935774 -0.646158 0.000000
v -2.935693 -0.647207 0.000000
v -2.935449 -0.648251 0.000000
v -2.935043 -0.649291 0.000000
v -2.934474 -0.650327 0.000000
v -2.933742 -0.651358 0.000000
v -2.932848 -0.652386 0.000000
v -2.931791 -0.653409 0.000000
v -2.930572 -0.654428 0.000000
v -2.929190 -0.655443 0.000000
v -2.927646 -0.656454 0.000000
v -2.925939 -0.657461 0.000000
v -2.924069 -0.658463 0.000000
v -2.922704 -0.659272 0.000000
v -2.921410 -0.660097 0.000000
v -2.920187 -0.660939 0.000000
v -2.919034 -0.661798 0.000000
v -2.917953 -0.662673 0.000000
v -2.916942 -0.663565 0.000000
v -2.916002 -0.664474 0.000000
v -2.915133 -0.665399 0.000000
v -2.914335 -0.666342 0.000000
v -2.913607 -0.667300 0.000000
v -2.912951 -0.668276 0.000000
v -2.912365 -0.669268 0.000000
v -2.899431 -0.692329 0.000000
v -2.886238 -0.714694 0.000000
v -2.872786 -0.736363 0.000000
v -2.859077 -0.757336 0.000000
v -2.845109 -0.777613 0.000000
v -2.830882 -0.797194 0.000000
v -2.816397 -0.816079 0.000000
v -2.801654 -0.834267 0.000000
v -2.786652 -0.851759 0.000000
v -2.771392 -0.868556 0.000000
v -2.755873 -0.884656 0.000000
v -2.740096 -0.900060 0.000000
v -2.728698 -0.910677 0.000000
v -2.717112 -0.920918 0.000000
v -2.705338 -0.930785 0.000000
v -2.693377 -0.940276 0.000000
v -2.681229 -0.949392 0.000000
v -2.668892 -0.958133 0.000000
v -2.656369 -0.966499 0.000000
v -2.643657 -0.974490 0.000000
v -2.630759 -0.982105 0.000000
v -2.617672 -0.989346 0.000000
v -2.604398 -0.996211 0.000000
v -2.590936 -1.002701 0.000000
v -2.588944 -1.003564 0.000000
v -2.587068 -1.004352 0.000000
v -2.585309 -1.005064 0.000000
v -2.583667 -1.005702 0.000000
v -2.582141 -1.006265 0.000000
v -2.580732 -1.006753 0.000000
v -2.579440 -1.007165 0.000000
v -2.578265 -1.007503 0.000000
v -2.577206 -1.007766 0.000000
v -2.576264 -1.007953 0.000000
v -2.575438 -1.008066 0.000000
v -2.574730 -1.008103 0.000000
v -2.574250 -1.008082 0.000000
v -2.573813 -1.008020 0.000000
v -2.573417 -1.007916 0.000000
v -2.573062 -1.007770 0.000000
v -2.572750 -1.007582 0.000000
v -2.572479 -1.007353 0.000000
v -2.572250 -1.007082 0.000000
v -2.572062 -1.006769 0.000000
v -2.571916 -1.006415 0.000000
v -2.571812 -1.006019 0.000000
v -2.571749 -1.005581 0.000000
v -2.571729 -1.005102 0.000000
v -2.571762 -1.004554 0.000000
v -2.571862 -1.004010 0.000000
v -2.572029 -1.003470 0.000000
v -2.572262 -1.002935 0.000000
v -2.572562 -1.002403 0.000000
v -2.572929 -1.001876 0.000000
v -2.573363 -1.001353 0.000000
v -2.573863 -1.000834 0.000000
v -2.574430 -1.000319 0.000000
v -2.575063 -0.999808 0.000000
v -2.575763 -0.999302 0.000000
v -2.576530 -0.998800 0.000000
v -2.606026 -0.979996 0.000000
v -2.634687 -0.959601 0.000000
v -2.662515 -0.937613 0.000000
v -2.689509 -0.914032 0.000000
v -2.715670 -0.888860 0.000000
v -2.740996 -0.862095 0.000000
v -2.765490 -0.833738 0.000000
v -2.789149 -0.803788 0.000000
v -2.811975 -0.772246 0.000000
v -2.833967 -0.739112 0.000000
v -2.855125 -0.704386 0.000000
v -2.875450 -0.668067 0.000000
v -2.876840 -0.665491 0.000000
v -2.878110 -0.663065 0.000000
v -2.879258 -0.660789 0.000000
v -2.880286 -0.658663 0.000000
v -2.881192 -0.656688 0.000000
v -2.881978 -0.654862 0.000000
v -2.882643 -0.653186 0.000000
v -2.883187 -0.651661 0.000000
v -2.883610 -0.650285 0.000000
v -2.883913 -0.649060 0.000000
v -2.884094 -0.647984 0.000000
v -2.884154 -0.647059 0.000000
v -2.884125 -0.646675 0.000000
v -2.884037 -0.646325 0.000000
v -2.883891 -0.646008 0.000000
v -2.883687 -0.645725 0.000000
v -2.883424 -0.645475 0.000000
v -2.883103 -0.645258 0.000000
v -2.882724 -0.645075 0.000000
v -2.882286 -0.644925 0.000000
v -2.881790 -0.644808 0.000000
v -2.881236 -0.644725 0.000000
v -2.880623 -0.644675 0.000000
v -2.879952 -0.644658 0.000000
v -2.877924 -0.644735 0.000000
v -2.875041 -0.644966 0.000000
v -2.871305 -0.645352 0.000000
v -2.866713 -0.645892 0.000000
v -2.861267 -0.646586 0.000000
v -2.854967 -0.647434 0.000000
v -2.847812 -0.648436 0.000000
v -2.839802 -0.649593 0.000000
v -2.830938 -0.650904 0.000000
v -2.821220 -0.652369 0.000000
v -2.810647 -0.653989 0.000000
v -2.799220 -0.655762 0.000000
v -2.797442 -0.656062 0.000000
v -2.795710 -0.656363 0.000000
v -2.794024 -0.656663 0.000000
v -2.792383 -0.656963 0.000000
v -2.790789 -0.657263 0.000000
v -2.789241 -0.657563 0.000000
v -2.787738 -0.657863 0.000000
v -2.786281 -0.658163 0.000000
v -2.784870 -0.658463 0.000000
v -2.783505 -0.658763 0.000000
v -2.782186 -0.659064 0.000000
v -2.780912 -0.659364 0.000000
v -2.779108 -0.659747 0.000000
v -2.777394 -0.660097 0.000000
v -2.775773 -0.660414 0.000000
v -2.774243 -0.660698 0.000000
v -2.772805 -0.660948 0.000000
v -2.771459 -0.661164 0.000000
v -2.770204 -0.661348 0.000000
v -2.769041 -0.661498 0.000000
v -2.767970 -0.661615 0.000000
v -2.766990 -0.661698 0.000000
v -2.766102 -0.661748 0.000000
v -2.255402 -0.706182 0.000000
v -2.254102 -0.705257 0.000000
v -2.252801 -0.704382 0.000000
v -2.251500 -0.703556 0.000000
v -2.250200 -0.702781 0.000000
v -2.248899 -0.702056 0.000000
v -2.247599 -0.701381 0.000000
v -2.246298 -0.700755 0.000000
v -2.244998 -0.700180 0.000000
v -2.243697 -0.699655 0.000000
v -2.242396 -0.699180 0.000000
v -2.241096 -0.698755 0.000000
v -2.239796 -0.698379 0.000000
v -2.239125 -0.698127 0.000000
v -2.238512 -0.697871 0.000000
v -2.237958 -0.697610 0.000000
v -2.237462 -0.697346 0.000000
v -2.237024 -0.697077 0.000000
v -2.236645 -0.696804 0.000000
v -2.236324 -0.696526 0.000000
v -2.236061 -0.696245 0.000000
v -2.235857 -0.695960 0.000000
v -2.235711 -0.695670 0.000000
v -2.235623 -0.695376 0.000000
v -2.235594 -0.695078 0.000000
v -2.235619 -0.694870 0.000000
v -2.235694 -0.694645 0.000000
v -2.235819 -0.694403 0.000000
v -2.235994 -0.694144 0.000000
v -2.236219 -0.693869 0.000000
v -2.236495 -0.693577 0.000000
v -2.236820 -0.693269 0.000000
v -2.237195 -0.692944 0.000000
v -2.237620 -0.692602 0.000000
v -2.238095 -0.692244 0.000000
v -2.238620 -0.691868 0.000000
v -2.239196 -0.691477 0.000000
v -2.239919 -0.691093 0.000000
v -2.240688 -0.690743 0.000000
v -2.241503 -0.690426 0.000000
v -2.242363 -0.690143 0.000000
v -2.243270 -0.689893 0.000000
v -2.244223 -0.689676 0.000000
v -2.245221 -0.689493 0.000000
v -2.246265 -0.689342 0.000000
v -2.247355 -0.689226 0.000000
v -2.248491 -0.689142 0.000000
v -2.249673 -0.689092 0.000000
v -2.250900 -0.689076 0.000000
v -2.252866 -0.689157 0.000000
v -2.254960 -0.689401 0.000000
v -2.257184 -0.689807 0.000000
v -2.259537 -0.690376 0.000000
v -2.262019 -0.691108 0.000000
v -2.264630 -0.692002 0.000000
v -2.267371 -0.693058 0.000000
v -2.270241 -0.694278 0.000000
v -2.273240 -0.695660 0.000000
v -2.276368 -0.697204 0.000000
v -2.279626 -0.698911 0.000000
v -2.283013 -0.700780 0.000000
v -2.284993 -0.701891 0.000000
v -2.286932 -0.703023 0.000000
v -2.288828 -0.704175 0.000000
v -2.290683 -0.705349 0.000000
v -2.292496 -0.706543 0.000000
v -2.294268 -0.707758 0.000000
v -2.295998 -0.708994 0.000000
v -2.297686 -0.710251 0.000000
v -2.299332 -0.711528 0.000000
v -2.300937 -0.712827 0.000000
v -2.302500 -0.714146 0.000000
v -2.304022 -0.715486 0.000000
v -2.304980 -0.716543 0.000000
v -2.305856 -0.717612 0.000000
v -2.306648 -0.718694 0.000000
v -2.307356 -0.719788 0.000000
v -2.307981 -0.720895 0.000000
v -2.308523 -0.722014 0.000000
v -2.308982 -0.723145 0.000000
v -2.309357 -0.724290 0.000000
v -2.309649 -0.725446 0.000000
v -2.309857 -0.726616 0.000000
v -2.309982 -0.727797 0.000000
v -2.310024 -0.728992 0.000000
v -2.309972 -0.730077 0.000000
v -2.309815 -0.731134 0.000000
v -2.309555 -0.732162 0.000000
v -2.309190 -0.733160 0.000000
v -2.308721 -0.734129 0.000000
v -2.308148 -0.735069 0.000000
v -2.307471 -0.735980 0.000000
v -2.306689 -0.736861 0.000000
v -2.305803 -0.737714 0.000000
v -2.304813 -0.738537 0.000000
v -2.303719 -0.739331 0.000000
v -2.302521 -0.740096 0.000000
v -2.301402 -0.740838 0.000000
v -2.300245 -0.741763 0.000000
v -2.299051 -0.742872 0.000000
v -2.297819 -0.744164 0.000000
v -2.296550 -0.745640 0.000000
v -2.295243 -0.747299 0.000000
v -2.293899 -0.749141 0.000000
v -2.292517 -0.751167 0.000000
v -2.291098 -0.753376 0.000000
v -2.289641 -0.755769 0.000000
v -2.288146 -0.758345 0.000000
v -2.286615 -0.761104 0.000000
v -2.279622 -0.774222 0.000000
v -2.272451 -0.787065 0.000000
v -2.265100 -0.799632 0.000000
v -2.257570 -0.811925 0.000000
v -2.249860 -0.823942 0.000000
v -2.241972 -0.835684 0.000000
v -2.233904 -0.847151 0.000000
v -2.225657 -0.858343 0.000000
v -2.217231 -0.869260 0.000000
v -2.208625 -0.879902 0.000000
v -2.199840 -0.890269 0.000000
v -2.190876 -0.900360 0.000000
v -2.179401 -0.912350 0.000000
v -2.167784 -0.923811 0.000000
v -2.156025 -0.934743 0.000000
v -2.144124 -0.945145 0.000000
v -2.132082 -0.955017 0.000000
v -2.119898 -0.964361 0.000000
v -2.107572 -0.973175 0.000000
v -2.095105 -0.981459 0.000000
v -2.082495 -0.989214 0.000000
v -2.069745 -0.996440 0.000000
v -2.056852 -1.003137 0.000000
v -2.043818 -1.009304 0.000000
v -2.042832 -1.009783 0.000000
v -2.041875 -1.010221 0.000000
v -2.040948 -1.010617 0.000000
v -2.040049 -1.010971 0.000000
v -2.039180 -1.011284 0.000000
v -2.038340 -1.011555 0.000000
v -2.037530 -1.011784 0.000000
v -2.036748 -1.011971 0.000000
v -2.035996 -1.012117 0.000000
v -2.035273 -1.012221 0.000000
v -2.034579 -1.012284 0.000000
v -2.033914 -1.012305 0.000000
v -2.033242 -1.012276 0.000000
v -2.032630 -1.012188 0.000000
v -2.032075 -1.012042 0.000000
v -2.031579 -1.011838 0.000000
v -2.031142 -1.011575 0.000000
v -2.030762 -1.011255 0.000000
v -2.030441 -1.010875 0.000000
v -2.030179 -1.010438 0.000000
v -2.029974 -1.009942 0.000000
v -2.029828 -1.009387 0.000000
v -2.029741 -1.008775 0.000000
v -2.029712 -1.008103 0.000000
v -2.029753 -1.007359 0.000000
v -2.029879 -1.006628 0.000000
v -2.030087 -1.005908 0.000000
v -2.030379 -1.005202 0.000000
v -2.030754 -1.004508 0.000000
v -2.031212 -1.003826 0.000000
v -2.031754 -1.003157 0.000000
v -2.032380 -1.002501 0.000000
v -2.033088 -1.001857 0.000000
v -2.033880 -1.001225 0.000000
v -2.034756 -1.000606 0.000000
v -2.035714 -1.000000 0.000000
v -2.048786 -0.992032 0.000000
v -2.061591 -0.983735 0.000000
v -2.074130 -0.975109 0.000000
v -2.086401 -0.966153 0.000000
v -2.098406 -0.956868 0.000000
v -2.110144 -0.947254 0.000000
v -2.121616 -0.937310 0.000000
v -2.132820 -0.927037 0.000000
v -2.143758 -0.916435 0.000000
v -2.154429 -0.905504 0.000000
v -2.164833 -0.894243 0.000000
v -2.174970 -0.882653 0.000000
v -2.183352 -0.872551 0.000000
v -2.191493 -0.862253 0.000000
v -2.199392 -0.851759 0.000000
v -2.207050 -0.841070 0.000000
v -2.214465 -0.830184 0.000000
v -2.221639 -0.819103 0.000000
v -2.228571 -0.807825 0.000000
v -2.235261 -0.796352 0.000000
v -2.241710 -0.784683 0.000000
v -2.247916 -0.772817 0.000000
v -2.253881 -0.760756 0.000000
v -2.259604 -0.748499 0.000000
v -2.260898 -0.745761 0.000000
v -2.262080 -0.743147 0.000000
v -2.263149 -0.740659 0.000000
v -2.264106 -0.738295 0.000000
v -2.264950 -0.736057 0.000000
v -2.265681 -0.733944 0.000000
v -2.266300 -0.731955 0.000000
v -2.266807 -0.730092 0.000000
v -2.267200 -0.728354 0.000000
v -2.267482 -0.726741 0.000000
v -2.267651 -0.725253 0.000000
v -2.267707 -0.723890 0.000000
v -2.267622 -0.722391 0.000000
v -2.267365 -0.720897 0.000000
v -2.266938 -0.719407 0.000000
v -2.266340 -0.717921 0.000000
v -2.265571 -0.716439 0.000000
v -2.264631 -0.714961 0.000000
v -2.263520 -0.713488 0.000000
v -2.262238 -0.712018 0.000000
v -2.260786 -0.710553 0.000000
v -2.259162 -0.709092 0.000000
v -2.257367 -0.707635 0.000000
v -1.994598 -0.713385 0.000000
v -1.995333 -0.713437 0.000000
v -1.996140 -0.713594 0.000000
v -1.997017 -0.713854 0.000000
v -1.997966 -0.714219 0.000000
v -1.998985 -0.714688 0.000000
v -2.000075 -0.715261 0.000000
v -2.001236 -0.715938 0.000000
v -2.002467 -0.716720 0.000000
v -2.003770 -0.717606 0.000000
v -2.005144 -0.718596 0.000000
v -2.006588 -0.719690 0.000000
v -2.008103 -0.720888 0.000000
v -2.015773 -0.726463 0.000000
v -2.022776 -0.731984 0.000000
v -2.029112 -0.737451 0.000000
v -2.034781 -0.742864 0.000000
v -2.039783 -0.748222 0.000000
v -2.044118 -0.753526 0.000000
v -2.047786 -0.758776 0.000000
v -2.050787 -0.763972 0.000000
v -2.053121 -0.769114 0.000000
v -2.054789 -0.774201 0.000000
v -2.055789 -0.779235 0.000000
v -2.056122 -0.784214 0.000000
v -2.055999 -0.787138 0.000000
v -2.055630 -0.789808 0.000000
v -2.055016 -0.792223 0.000000
v -2.054155 -0.794384 0.000000
v -2.053048 -0.796291 0.000000
v -2.051696 -0.797944 0.000000
v -2.050097 -0.799343 0.000000
v -2.048253 -0.800487 0.000000
v -2.046162 -0.801377 0.000000
v -2.043826 -0.802012 0.000000
v -2.041244 -0.802394 0.000000
v -2.038415 -0.802521 0.000000
v -2.036381 -0.802390 0.000000
v -2.034480 -0.801996 0.000000
v -2.032713 -0.801339 0.000000
v -2.031079 -0.800420 0.000000
v -2.029578 -0.799238 0.000000
v -2.028211 -0.797794 0.000000
v -2.026978 -0.796087 0.000000
v -2.025877 -0.794118 0.000000
v -2.024910 -0.791885 0.000000
v -2.024076 -0.789391 0.000000
v -2.023376 -0.786633 0.000000
v -2.022809 -0.783613 0.000000
v -2.021604 -0.777730 0.000000
v -2.020191 -0.771984 0.000000
v -2.018570 -0.766375 0.000000
v -2.016740 -0.760904 0.000000
v -2.014702 -0.755571 0.000000
v -2.012455 -0.750375 0.000000
v -2.010000 -0.745317 0.000000
v -2.007336 -0.740396 0.000000
v -2.004464 -0.735613 0.000000
v -2.001384 -0.730967 0.000000
v -1.998095 -0.726459 0.000000
v -1.994598 -0.722089 0.000000
v -1.994118 -0.721453 0.000000
v -1.993681 -0.720847 0.000000
v -1.993285 -0.720269 0.000000
v -1.992930 -0.719721 0.000000
v -1.992618 -0.719202 0.000000
v -1.992347 -0.718712 0.000000
v -1.992118 -0.718252 0.000000
v -1.991930 -0.717820 0.000000
v -1.991784 -0.717418 0.000000
v -1.991680 -0.717045 0.000000
v -1.991618 -0.716701 0.000000
v -1.991597 -0.716387 0.000000
v -1.991617 -0.715907 0.000000
v -1.991680 -0.715470 0.000000
v -1.991784 -0.715074 0.000000
v -1.991930 -0.714719 0.000000
v -1.992118 -0.714407 0.000000
v -1.992347 -0.714136 0.000000
v -1.992618 -0.713906 0.000000
v -1.992930 -0.713719 0.000000
v -1.993285 -0.713573 0.000000
v -1.993681 -0.713469 0.000000
v -1.994118 -0.713406 0.000000
v -2.102041 -0.687275 0.000000
v -2.102658 -0.687344 0.000000
v -2.103408 -0.687550 0.000000
v -2.104291 -0.687894 0.000000
v -2.105309 -0.688375 0.000000
v -2.106459 -0.688994 0.000000
v -2.107743 -0.689751 0.000000
v -2.109160 -0.690645 0.000000
v -2.110711 -0.691677 0.000000
v -2.112395 -0.692846 0.000000
v -2.114212 -0.694153 0.000000
v -2.116163 -0.695597 0.000000
v -2.118247 -0.697179 0.000000
v -2.124815 -0.702585 0.000000
v -2.130811 -0.708000 0.000000
v -2.136236 -0.713423 0.000000
v -2.141090 -0.718854 0.000000
v -2.145373 -0.724294 0.000000
v -2.149085 -0.729742 0.000000
v -2.152225 -0.735198 0.000000
v -2.154795 -0.740663 0.000000
v -2.156794 -0.746136 0.000000
v -2.158221 -0.751617 0.000000
v -2.159078 -0.757107 0.000000
v -2.159364 -0.762605 0.000000
v -2.159249 -0.766248 0.000000
v -2.158905 -0.769574 0.000000
v -2.158332 -0.772584 0.000000
v -2.157530 -0.775277 0.000000
v -2.156498 -0.777653 0.000000
v -2.155237 -0.779712 0.000000
v -2.153747 -0.781454 0.000000
v -2.152027 -0.782880 0.000000
v -2.150079 -0.783989 0.000000
v -2.147901 -0.784781 0.000000
v -2.145494 -0.785256 0.000000
v -2.142857 -0.785414 0.000000
v -2.140535 -0.785247 0.000000
v -2.138372 -0.784747 0.000000
v -2.136367 -0.783914 0.000000
v -2.134521 -0.782746 0.000000
v -2.132832 -0.781246 0.000000
v -2.131303 -0.779412 0.000000
v -2.129931 -0.777244 0.000000
v -2.128718 -0.774743 0.000000
v -2.127664 -0.771909 0.000000
v -2.126767 -0.768741 0.000000
v -2.126029 -0.765239 0.000000
v -2.125450 -0.761405 0.000000
v -2.124508 -0.754206 0.000000
v -2.123383 -0.747316 0.000000
v -2.122074 -0.740734 0.000000
v -2.120582 -0.734461 0.000000
v -2.118906 -0.728496 0.000000
v -2.117047 -0.722839 0.000000
v -2.115004 -0.717491 0.000000
v -2.112778 -0.712452 0.000000
v -2.110369 -0.707721 0.000000
v -2.107776 -0.703298 0.000000
v -2.105000 -0.699184 0.000000
v -2.102041 -0.695378 0.000000
v -2.101561 -0.694743 0.000000
v -2.101124 -0.694136 0.000000
v -2.100728 -0.693559 0.000000
v -2.100373 -0.693011 0.000000
v -2.100061 -0.692492 0.000000
v -2.099790 -0.692002 0.000000
v -2.099560 -0.691541 0.000000
v -2.099373 -0.691110 0.000000
v -2.099227 -0.690708 0.000000
v -2.099123 -0.690334 0.000000
v -2.099060 -0.689991 0.000000
v -2.099040 -0.689676 0.000000
v -2.099060 -0.689292 0.000000
v -2.099123 -0.688942 0.000000
v -2.099227 -0.688625 0.000000
v -2.099373 -0.688342 0.000000
v -2.099560 -0.688092 0.000000
v -2.099790 -0.687875 0.000000
v -2.100061 -0.687692 0.000000
v -2.100373 -0.687542 0.000000
v -2.100728 -0.687425 0.000000
v -2.101124 -0.687342 0.000000
v -2.101561 -0.687292 0.000000
v -1.407563 -0.569628 0.000000
v -1.406988 -0.569515 0.000000
v -1.406463 -0.569378 0.000000
v -1.405987 -0.569215 0.000000
v -1.405562 -0.569028 0.000000
v -1.405187 -0.568815 0.000000
v -1.404862 -0.568577 0.000000
v -1.404587 -0.568315 0.000000
v -1.404362 -0.568027 0.000000
v -1.404187 -0.567715 0.000000
v -1.404062 -0.567377 0.000000
v -1.403987 -0.567014 0.000000
v -1.403962 -0.566627 0.000000
v -1.403991 -0.566281 0.000000
v -1.404078 -0.565943 0.000000
v -1.404224 -0.565614 0.000000
v -1.404428 -0.565293 0.000000
v -1.404691 -0.564980 0.000000
v -1.405012 -0.564676 0.000000
v -1.405391 -0.564380 0.000000
v -1.405829 -0.564092 0.000000
v -1.406325 -0.563813 0.000000
v -1.406879 -0.563542 0.000000
v -1.407492 -0.563279 0.000000
v -1.408163 -0.563025 0.000000
v -1.409403 -0.562642 0.000000
v -1.410623 -0.562292 0.000000
v -1.411821 -0.561975 0.000000
v -1.412999 -0.561691 0.000000
v -1.414155 -0.561441 0.000000
v -1.415291 -0.561225 0.000000
v -1.416406 -0.561041 0.000000
v -1.417500 -0.560891 0.000000
v -1.418574 -0.560774 0.000000
v -1.419626 -0.560691 0.000000
v -1.420658 -0.560641 0.000000
v -1.421669 -0.560624 0.000000
v -1.423365 -0.560653 0.000000
v -1.425053 -0.560741 0.000000
v -1.426733 -0.560887 0.000000
v -1.428405 -0.561091 0.000000
v -1.430068 -0.561354 0.000000
v -1.431723 -0.561675 0.000000
v -1.433369 -0.562054 0.000000
v -1.435007 -0.562492 0.000000
v -1.436637 -0.562988 0.000000
v -1.438259 -0.563542 0.000000
v -1.439872 -0.564155 0.000000
v -1.441477 -0.564826 0.000000
v -1.445314 -0.566418 0.000000
v -1.449021 -0.568094 0.000000
v -1.452600 -0.569853 0.000000
v -1.456049 -0.571695 0.000000
v -1.459369 -0.573621 0.000000
v -1.462560 -0.575630 0.000000
v -1.465622 -0.577723 0.000000
v -1.468554 -0.579899 0.000000
v -1.471357 -0.582158 0.000000
v -1.474031 -0.584500 0.000000
v -1.476576 -0.586926 0.000000
v -1.478992 -0.589436 0.000000
v -1.479759 -0.590292 0.000000
v -1.480459 -0.591161 0.000000
v -1.481092 -0.592043 0.000000
v -1.481659 -0.592937 0.000000
v -1.482160 -0.593844 0.000000
v -1.482593 -0.594763 0.000000
v -1.482960 -0.595695 0.000000
v -1.483260 -0.596639 0.000000
v -1.483494 -0.597595 0.000000
v -1.483660 -0.598564 0.000000
v -1.483760 -0.599546 0.000000
v -1.483793 -0.600540 0.000000
v -1.483764 -0.601347 0.000000
v -1.483677 -0.602166 0.000000
v -1.483531 -0.602997 0.000000
v -1.483327 -0.603842 0.000000
v -1.483064 -0.604698 0.000000
v -1.482743 -0.605567 0.000000
v -1.482364 -0.606449 0.000000
v -1.481926 -0.607343 0.000000
v -1.481430 -0.608250 0.000000
v -1.480876 -0.609169 0.000000
v -1.480263 -0.610100 0.000000
v -1.479592 -0.611044 0.000000
v -1.478489 -0.612445 0.000000
v -1.477483 -0.614046 0.000000
v -1.476572 -0.615846 0.000000
v -1.475757 -0.617847 0.000000
v -1.475038 -0.620048 0.000000
v -1.474415 -0.622449 0.000000
v -1.473887 -0.625050 0.000000
v -1.473456 -0.627851 0.000000
v -1.473120 -0.630852 0.000000
v -1.472881 -0.634054 0.000000
v -1.472737 -0.637455 0.000000
v -1.472689 -0.641056 0.000000
v -1.472347 -0.652140 0.000000
v -1.472022 -0.663882 0.000000
v -1.471714 -0.676283 0.000000
v -1.471422 -0.689342 0.000000
v -1.471147 -0.703060 0.000000
v -1.470888 -0.717437 0.000000
v -1.470647 -0.732472 0.000000
v -1.470421 -0.748166 0.000000
v -1.470213 -0.764518 0.000000
v -1.470021 -0.781529 0.000000
v -1.469846 -0.799199 0.000000
v -1.469688 -0.817527 0.000000
v -1.469607 -0.820259 0.000000
v -1.469363 -0.822754 0.000000
v -1.468956 -0.825011 0.000000
v -1.468387 -0.827031 0.000000
v -1.467656 -0.828813 0.000000
v -1.466762 -0.830357 0.000000
v -1.465705 -0.831664 0.000000
v -1.464486 -0.832733 0.000000
v -1.463104 -0.833565 0.000000
v -1.461560 -0.834159 0.000000
v -1.459853 -0.834515 0.000000
v -1.457983 -0.834634 0.000000
v -1.456872 -0.834553 0.000000
v -1.455741 -0.834309 0.000000
v -1.454588 -0.833902 0.000000
v -1.453415 -0.833333 0.000000
v -1.452220 -0.832602 0.000000
v -1.451005 -0.831708 0.000000
v -1.449769 -0.830651 0.000000
v -1.448513 -0.829432 0.000000
v -1.447235 -0.828050 0.000000
v -1.445937 -0.826506 0.000000
v -1.444617 -0.824799 0.000000
v -1.443277 -0.822929 0.000000
v -1.442271 -0.821399 0.000000
v -1.441352 -0.819711 0.000000
v -1.440520 -0.817865 0.000000
v -1.439776 -0.815860 0.000000
v -1.439119 -0.813696 0.000000
v -1.438550 -0.811375 0.000000
v -1.438069 -0.808894 0.000000
v -1.437675 -0.806256 0.000000
v -1.437369 -0.803459 0.000000
v -1.437150 -0.800504 0.000000
v -1.437019 -0.797390 0.000000
v -1.436975 -0.794118 0.000000
v -1.436987 -0.792502 0.000000
v -1.437025 -0.790958 0.000000
v -1.437087 -0.789485 0.000000
v -1.437175 -0.788082 0.000000
v -1.437287 -0.786750 0.000000
v -1.437425 -0.785489 0.000000
v -1.437587 -0.784299 0.000000
v -1.437775 -0.783180 0.000000
v -1.437988 -0.782132 0.000000
v -1.438225 -0.781154 0.000000
v -1.438488 -0.780248 0.000000
v -1.438775 -0.779412 0.000000
v -1.439211 -0.777715 0.000000
v -1.439617 -0.776027 0.000000
v -1.439995 -0.774347 0.000000
v -1.440343 -0.772676 0.000000
v -1.440662 -0.771013 0.000000
v -1.440951 -0.769358 0.000000
v -1.441212 -0.767711 0.000000
v -1.441443 -0.766073 0.000000
v -1.441645 -0.764443 0.000000
v -1.441818 -0.762822 0.000000
v -1.441962 -0.761209 0.000000
v -1.442077 -0.759604 0.000000
v -1.442460 -0.748677 0.000000
v -1.442810 -0.737603 0.000000
v -1.443127 -0.726384 0.000000
v -1.443411 -0.715019 0.000000
v -1.443661 -0.703509 0.000000
v -1.443877 -0.691852 0.000000
v -1.444061 -0.680049 0.000000
v -1.444211 -0.668101 0.000000
v -1.444328 -0.656006 0.000000
v -1.444411 -0.643766 0.000000
v -1.444461 -0.631380 0.000000
v -1.444478 -0.618848 0.000000
v -1.444417 -0.614804 0.000000
v -1.444236 -0.610978 0.000000
v -1.443934 -0.607368 0.000000
v -1.443511 -0.603975 0.000000
v -1.442967 -0.600799 0.000000
v -1.442302 -0.597839 0.000000
v -1.441516 -0.595096 0.000000
v -1.440610 -0.592570 0.000000
v -1.439582 -0.590261 0.000000
v -1.438434 -0.588169 0.000000
v -1.437165 -0.586293 0.000000
v -1.435774 -0.584634 0.000000
v -1.434340 -0.583154 0.000000
v -1.432740 -0.581716 0.000000
v -1.430972 -0.580320 0.000000
v -1.429038 -0.578965 0.000000
v -1.426937 -0.577652 0.000000
v -1.424670 -0.576381 0.000000
v -1.422235 -0.575151 0.000000
v -1.419634 -0.573963 0.000000
v -1.416867 -0.572817 0.000000
v -1.413932 -0.571712 0.000000
v -1.410831 -0.570649 0.000000
v -1.563025 -0.537215 0.000000
v -1.562258 -0.537052 0.000000
v -1.561558 -0.536865 0.000000
v -1.560924 -0.536652 0.000000
v -1.560357 -0.536415 0.000000
v -1.559857 -0.536152 0.000000
v -1.559424 -0.535864 0.000000
v -1.559057 -0.535552 0.000000
v -1.558757 -0.535214 0.000000
v -1.558523 -0.534851 0.000000
v -1.558357 -0.534464 0.000000
v -1.558257 -0.534051 0.000000
v -1.558223 -0.533613 0.000000
v -1.558240 -0.533270 0.000000
v -1.558290 -0.532938 0.000000
v -1.558373 -0.532619 0.000000
v -1.558490 -0.532313 0.000000
v -1.558640 -0.532019 0.000000
v -1.558824 -0.531738 0.000000
v -1.559040 -0.531469 0.000000
v -1.559290 -0.531212 0.000000
v -1.559574 -0.530969 0.000000
v -1.559891 -0.530737 0.000000
v -1.560241 -0.530518 0.000000
v -1.560624 -0.530312 0.000000
v -1.562142 -0.529545 0.000000
v -1.563692 -0.528845 0.000000
v -1.565276 -0.528211 0.000000
v -1.566893 -0.527644 0.000000
v -1.568544 -0.527144 0.000000
v -1.570228 -0.526711 0.000000
v -1.571945 -0.526344 0.000000
v -1.573696 -0.526044 0.000000
v -1.575480 -0.525810 0.000000
v -1.577297 -0.525644 0.000000
v -1.579148 -0.525544 0.000000
v -1.581032 -0.525510 0.000000
v -1.585659 -0.525656 0.000000
v -1.590336 -0.526094 0.000000
v -1.595063 -0.526823 0.000000
v -1.599840 -0.527844 0.000000
v -1.604667 -0.529158 0.000000
v -1.609544 -0.530762 0.000000
v -1.614471 -0.532659 0.000000
v -1.619448 -0.534847 0.000000
v -1.624475 -0.537327 0.000000
v -1.629552 -0.540099 0.000000
v -1.634679 -0.543163 0.000000
v -1.639856 -0.546519 0.000000
v -1.641534 -0.547629 0.000000
v -1.643065 -0.548761 0.000000
v -1.644451 -0.549914 0.000000
v -1.645692 -0.551087 0.000000
v -1.646786 -0.552281 0.000000
v -1.647734 -0.553496 0.000000
v -1.648536 -0.554732 0.000000
v -1.649193 -0.555989 0.000000
v -1.649704 -0.557267 0.000000
v -1.650068 -0.558565 0.000000
v -1.650287 -0.559884 0.000000
v -1.650360 -0.561224 0.000000
v -1.650327 -0.562131 0.000000
v -1.650227 -0.563050 0.000000
v -1.650060 -0.563982 0.000000
v -1.649827 -0.564926 0.000000
v -1.649526 -0.565883 0.000000
v -1.649160 -0.566852 0.000000
v -1.648726 -0.567833 0.000000
v -1.648226 -0.568827 0.000000
v -1.647659 -0.569834 0.000000
v -1.647025 -0.570853 0.000000
v -1.646325 -0.571885 0.000000
v -1.645558 -0.572929 0.000000
v -1.644264 -0.574851 0.000000
v -1.643082 -0.576914 0.000000
v -1.642013 -0.579119 0.000000
v -1.641056 -0.581466 0.000000
v -1.640212 -0.583954 0.000000
v -1.639481 -0.586585 0.000000
v -1.638862 -0.589357 0.000000
v -1.638355 -0.592270 0.000000
v -1.637961 -0.595326 0.000000
v -1.637680 -0.598523 0.000000
v -1.637511 -0.601862 0.000000
v -1.637455 -0.605342 0.000000
v -1.637128 -0.626834 0.000000
v -1.636746 -0.647092 0.000000
v -1.636311 -0.666116 0.000000
v -1.635821 -0.683907 0.000000
v -1.635277 -0.700464 0.000000
v -1.634679 -0.715786 0.000000
v -1.634026 -0.729875 0.000000
v -1.633320 -0.742730 0.000000
v -1.632559 -0.754352 0.000000
v -1.631744 -0.764739 0.000000
v -1.630875 -0.773893 0.000000
v -1.629952 -0.781813 0.000000
v -1.628539 -0.791963 0.000000
v -1.626901 -0.801804 0.000000
v -1.625037 -0.811337 0.000000
v -1.622949 -0.820562 0.000000
v -1.620636 -0.829478 0.000000
v -1.618097 -0.838085 0.000000
v -1.615334 -0.846384 0.000000
v -1.612345 -0.854375 0.000000
v -1.609131 -0.862057 0.000000
v -1.605692 -0.869431 0.000000
v -1.602028 -0.876497 0.000000
v -1.598139 -0.883253 0.000000
v -1.586893 -0.900412 0.000000
v -1.574563 -0.916575 0.000000
v -1.561149 -0.931741 0.000000
v -1.546652 -0.945912 0.000000
v -1.531071 -0.959086 0.000000
v -1.514406 -0.971263 0.000000
v -1.496657 -0.982445 0.000000
v -1.477824 -0.992630 0.000000
v -1.457908 -1.001819 0.000000
v -1.436908 -1.010012 0.000000
v -1.414824 -1.017209 0.000000
v -1.391657 -1.023409 0.000000
v -1.391407 -1.023457 0.000000
v -1.391156 -1.023501 0.000000
v -1.390906 -1.023541 0.000000
v -1.390656 -1.023576 0.000000
v -1.390406 -1.023607 0.000000
v -1.390156 -1.023634 0.000000
v -1.389906 -1.023657 0.000000
v -1.389656 -1.023676 0.000000
v -1.389406 -1.023690 0.000000
v -1.389156 -1.023701 0.000000
v -1.388906 -1.023707 0.000000
v -1.388655 -1.023710 0.000000
v -1.387841 -1.023676 0.000000
v -1.387096 -1.023576 0.000000
v -1.386423 -1.023409 0.000000
v -1.385821 -1.023176 0.000000
v -1.385289 -1.022876 0.000000
v -1.384829 -1.022509 0.000000
v -1.384439 -1.022075 0.000000
v -1.384120 -1.021575 0.000000
v -1.383872 -1.021008 0.000000
v -1.383695 -1.020375 0.000000
v -1.383589 -1.019675 0.000000
v -1.383553 -1.018908 0.000000
v -1.383587 -1.018366 0.000000
v -1.383687 -1.017840 0.000000
v -1.383854 -1.017332 0.000000
v -1.384087 -1.016840 0.000000
v -1.384387 -1.016365 0.000000
v -1.384754 -1.015906 0.000000
v -1.385187 -1.015465 0.000000
v -1.385688 -1.015039 0.000000
v -1.386254 -1.014631 0.000000
v -1.386888 -1.014239 0.000000
v -1.387588 -1.013864 0.000000
v -1.388355 -1.013505 0.000000
v -1.400892 -1.009056 0.000000
v -1.413090 -1.004310 0.000000
v -1.424951 -0.999268 0.000000
v -1.436475 -0.993931 0.000000
v -1.447660 -0.988297 0.000000
v -1.458508 -0.982368 0.000000
v -1.469019 -0.976142 0.000000
v -1.479192 -0.969621 0.000000
v -1.489027 -0.962804 0.000000
v -1.498524 -0.955691 0.000000
v -1.507684 -0.948281 0.000000
v -1.516507 -0.940576 0.000000
v -1.524274 -0.933286 0.000000
v -1.531671 -0.925820 0.000000
v -1.538697 -0.918180 0.000000
v -1.545351 -0.910364 0.000000
v -1.551635 -0.902373 0.000000
v -1.557548 -0.894208 0.000000
v -1.563090 -0.885867 0.000000
v -1.568261 -0.877351 0.000000
v -1.573060 -0.868660 0.000000
v -1.577489 -0.859794 0.000000
v -1.581547 -0.850753 0.000000
v -1.585234 -0.841537 0.000000
v -1.588494 -0.831595 0.000000
v -1.591470 -0.820378 0.000000
v -1.594163 -0.807886 0.000000
v -1.596572 -0.794118 0.000000
v -1.598698 -0.779074 0.000000
v -1.600540 -0.762755 0.000000
v -1.602099 -0.745161 0.000000
v -1.603375 -0.726291 0.000000
v -1.604367 -0.706145 0.000000
v -1.605075 -0.684724 0.000000
v -1.605500 -0.662027 0.000000
v -1.605642 -0.638055 0.000000
v -1.605640 -0.636550 0.000000
v -1.605634 -0.634537 0.000000
v -1.605624 -0.632015 0.000000
v -1.605609 -0.628985 0.000000
v -1.605590 -0.625446 0.000000
v -1.605567 -0.621399 0.000000
v -1.605540 -0.616843 0.000000
v -1.605509 -0.611778 0.000000
v -1.605474 -0.606205 0.000000
v -1.605434 -0.600123 0.000000
v -1.605390 -0.593533 0.000000
v -1.605342 -0.586435 0.000000
v -1.605292 -0.582256 0.000000
v -1.605142 -0.578323 0.000000
v -1.604892 -0.574636 0.000000
v -1.604542 -0.571195 0.000000
v -1.604092 -0.568000 0.000000
v -1.603541 -0.565051 0.000000
v -1.602891 -0.562348 0.000000
v -1.602141 -0.559891 0.000000
v -1.601290 -0.557679 0.000000
v -1.600340 -0.555714 0.000000
v -1.599290 -0.553994 0.000000
v -1.598139 -0.552521 0.000000
v -1.596795 -0.551085 0.000000
v -1.595163 -0.549678 0.000000
v -1.593243 -0.548301 0.000000
v -1.591036 -0.546952 0.000000
v -1.588542 -0.545633 0.000000
v -1.585759 -0.544343 0.000000
v -1.582689 -0.543082 0.000000
v -1.579332 -0.541850 0.000000
v -1.575686 -0.540648 0.000000
v -1.571754 -0.539474 0.000000
v -1.567533 -0.538330 0.000000
v -0.921368 -0.661765 0.000000
v -0.919559 -0.661698 0.000000
v -0.917634 -0.661498 0.000000
v -0.915591 -0.661164 0.000000
v -0.913432 -0.660698 0.000000
v -0.911156 -0.660097 0.000000
v -0.908763 -0.659364 0.000000
v -0.906254 -0.658497 0.000000
v -0.903628 -0.657496 0.000000
v -0.900885 -0.656363 0.000000
v -0.898026 -0.655095 0.000000
v -0.895050 -0.653695 0.000000
v -0.891957 -0.652161 0.000000
v -0.886577 -0.659312 0.000000
v -0.881044 -0.666458 0.000000
v -0.875356 -0.673601 0.000000
v -0.869514 -0.680739 0.000000
v -0.863518 -0.687873 0.000000
v -0.857368 -0.695003 0.000000
v -0.851063 -0.702129 0.000000
v -0.844604 -0.709250 0.000000
v -0.837991 -0.716368 0.000000
v -0.831224 -0.723481 0.000000
v -0.824303 -0.730590 0.000000
v -0.817227 -0.737695 0.000000
v -0.810222 -0.744621 0.000000
v -0.803313 -0.751292 0.000000
v -0.796500 -0.757709 0.000000
v -0.789783 -0.763872 0.000000
v -0.783161 -0.769781 0.000000
v -0.776636 -0.775435 0.000000
v -0.770206 -0.780835 0.000000
v -0.763872 -0.785981 0.000000
v -0.757634 -0.790873 0.000000
v -0.751492 -0.795510 0.000000
v -0.745446 -0.799893 0.000000
v -0.739496 -0.804022 0.000000
v -0.738235 -0.804789 0.000000
v -0.737053 -0.805489 0.000000
v -0.735951 -0.806122 0.000000
v -0.734927 -0.806689 0.000000
v -0.733983 -0.807190 0.000000
v -0.733118 -0.807623 0.000000
v -0.732332 -0.807990 0.000000
v -0.731626 -0.808290 0.000000
v -0.730999 -0.808523 0.000000
v -0.730450 -0.808690 0.000000
v -0.729982 -0.808790 0.000000
v -0.729592 -0.808824 0.000000
v -0.728921 -0.808786 0.000000
v -0.728308 -0.808674 0.000000
v -0.727754 -0.808486 0.000000
v -0.727258 -0.808223 0.000000
v -0.726820 -0.807886 0.000000
v -0.726441 -0.807473 0.000000
v -0.726120 -0.806985 0.000000
v -0.725857 -0.806423 0.000000
v -0.725653 -0.805785 0.000000
v -0.725507 -0.805072 0.000000
v -0.725419 -0.804284 0.000000
v -0.725390 -0.803421 0.000000
v -0.725463 -0.802877 0.000000
v -0.725682 -0.802246 0.000000
v -0.726047 -0.801527 0.000000
v -0.726557 -0.800720 0.000000
v -0.727214 -0.799826 0.000000
v -0.728016 -0.798845 0.000000
v -0.728964 -0.797775 0.000000
v -0.730059 -0.796619 0.000000
v -0.731299 -0.795374 0.000000
v -0.732685 -0.794043 0.000000
v -0.734217 -0.792623 0.000000
v -0.735894 -0.791116 0.000000
v -0.749227 -0.778803 0.000000
v -0.762313 -0.766073 0.000000
v -0.775154 -0.752926 0.000000
v -0.787748 -0.739362 0.000000
v -0.800097 -0.725382 0.000000
v -0.812200 -0.710984 0.000000
v -0.824057 -0.696170 0.000000
v -0.835668 -0.680939 0.000000
v -0.847033 -0.665291 0.000000
v -0.858152 -0.649226 0.000000
v -0.869025 -0.632745 0.000000
v -0.879652 -0.615846 0.000000
v -0.882384 -0.611272 0.000000
v -0.884879 -0.606951 0.000000
v -0.887136 -0.602885 0.000000
v -0.889156 -0.599073 0.000000
v -0.890938 -0.595515 0.000000
v -0.892482 -0.592212 0.000000
v -0.893789 -0.589163 0.000000
v -0.894858 -0.586368 0.000000
v -0.895690 -0.583827 0.000000
v -0.896284 -0.581541 0.000000
v -0.896640 -0.579509 0.000000
v -0.896759 -0.577731 0.000000
v -0.896694 -0.576670 0.000000
v -0.896500 -0.575589 0.000000
v -0.896177 -0.574486 0.000000
v -0.895725 -0.573363 0.000000
v -0.895143 -0.572218 0.000000
v -0.894433 -0.571053 0.000000
v -0.893593 -0.569868 0.000000
v -0.892624 -0.568661 0.000000
v -0.891525 -0.567433 0.000000
v -0.890298 -0.566185 0.000000
v -0.888941 -0.564916 0.000000
v -0.887455 -0.563625 0.000000
v -0.886144 -0.562594 0.000000
v -0.884812 -0.561600 0.000000
v -0.883460 -0.560643 0.000000
v -0.882086 -0.559724 0.000000
v -0.880692 -0.558842 0.000000
v -0.879277 -0.557998 0.000000
v -0.877841 -0.557192 0.000000
v -0.876384 -0.556423 0.000000
v -0.874906 -0.555691 0.000000
v -0.873408 -0.554997 0.000000
v -0.871888 -0.554341 0.000000
v -0.870348 -0.553722 0.000000
v -0.869677 -0.553465 0.000000
v -0.869064 -0.553196 0.000000
v -0.868510 -0.552915 0.000000
v -0.868014 -0.552621 0.000000
v -0.867576 -0.552315 0.000000
v -0.867197 -0.551996 0.000000
v -0.866876 -0.551664 0.000000
v -0.866613 -0.551320 0.000000
v -0.866409 -0.550964 0.000000
v -0.866263 -0.550595 0.000000
v -0.866176 -0.550214 0.000000
v -0.866146 -0.549820 0.000000
v -0.866253 -0.548957 0.000000
v -0.866572 -0.548169 0.000000
v -0.867103 -0.547457 0.000000
v -0.867847 -0.546819 0.000000
v -0.868804 -0.546256 0.000000
v -0.869973 -0.545768 0.000000
v -0.871355 -0.545356 0.000000
v -0.872949 -0.545018 0.000000
v -0.874756 -0.544755 0.000000
v -0.876776 -0.544568 0.000000
v -0.879008 -0.544455 0.000000
v -0.881453 -0.544418 0.000000
v -0.883751 -0.544512 0.000000
v -0.886146 -0.544793 0.000000
v -0.888637 -0.545262 0.000000
v -0.891223 -0.545918 0.000000
v -0.893905 -0.546762 0.000000
v -0.896684 -0.547794 0.000000
v -0.899558 -0.549013 0.000000
v -0.902528 -0.550420 0.000000
v -0.905593 -0.552015 0.000000
v -0.908755 -0.553797 0.000000
v -0.912013 -0.555766 0.000000
v -0.915366 -0.557923 0.000000
v -0.919584 -0.560885 0.000000
v -0.923436 -0.563767 0.000000
v -0.926921 -0.566570 0.000000
v -0.930039 -0.569294 0.000000
v -0.932790 -0.571939 0.000000
v -0.935174 -0.574505 0.000000
v -0.937192 -0.576991 0.000000
v -0.938842 -0.579398 0.000000
v -0.940126 -0.581726 0.000000
v -0.941043 -0.583975 0.000000
v -0.941593 -0.586145 0.000000
v -0.941777 -0.588235 0.000000
v -0.941708 -0.589379 0.000000
v -0.941502 -0.590511 0.000000
v -0.941158 -0.591630 0.000000
v -0.940676 -0.592737 0.000000
v -0.940057 -0.593831 0.000000
v -0.939301 -0.594913 0.000000
v -0.938407 -0.595982 0.000000
v -0.937375 -0.597039 0.000000
v -0.936206 -0.598083 0.000000
v -0.934899 -0.599115 0.000000
v -0.933455 -0.600134 0.000000
v -0.931873 -0.601140 0.000000
v -0.931108 -0.601670 0.000000
v -0.930314 -0.602258 0.000000
v -0.929491 -0.602904 0.000000
v -0.928638 -0.603608 0.000000
v -0.927756 -0.604371 0.000000
v -0.926846 -0.605192 0.000000
v -0.925906 -0.606072 0.000000
v -0.924937 -0.607010 0.000000
v -0.923938 -0.608006 0.000000
v -0.922911 -0.609060 0.000000
v -0.921854 -0.610173 0.000000
v -0.920768 -0.611345 0.000000
v -0.920637 -0.611580 0.000000
v -0.920243 -0.612187 0.000000
v -0.919587 -0.613164 0.000000
v -0.918667 -0.614512 0.000000
v -0.917486 -0.616232 0.000000
v -0.916041 -0.618322 0.000000
v -0.914334 -0.620784 0.000000
v -0.912365 -0.623616 0.000000
v -0.910133 -0.626819 0.000000
v -0.907638 -0.630394 0.000000
v -0.904881 -0.634339 0.000000
v -0.901861 -0.638655 0.000000
v -0.902519 -0.638799 0.000000
v -0.903195 -0.638931 0.000000
v -0.903886 -0.639049 0.000000
v -0.904595 -0.639156 0.000000
v -0.905320 -0.639249 0.000000
v -0.906062 -0.639331 0.000000
v -0.906821 -0.639400 0.000000
v -0.907596 -0.639456 0.000000
v -0.908388 -0.639500 0.000000
v -0.909197 -0.639531 0.000000
v -0.910022 -0.639550 0.000000
v -0.910864 -0.639556 0.000000
v -0.912684 -0.639539 0.000000
v -0.914641 -0.639489 0.000000
v -0.916735 -0.639406 0.000000
v -0.918968 -0.639289 0.000000
v -0.921337 -0.639139 0.000000
v -0.923845 -0.638956 0.000000
v -0.926489 -0.638739 0.000000
v -0.929272 -0.638489 0.000000
v -0.932192 -0.638205 0.000000
v -0.935249 -0.637889 0.000000
v -0.938444 -0.637538 0.000000
v -0.941777 -0.637155 0.000000
v -0.949740 -0.636294 0.000000
v -0.957525 -0.635413 0.000000
v -0.965130 -0.634510 0.000000
v -0.972556 -0.633587 0.000000
v -0.979802 -0.632643 0.000000
v -0.986870 -0.631678 0.000000
v -0.993758 -0.630692 0.000000
v -1.000467 -0.629685 0.000000
v -1.006997 -0.628658 0.000000
v -1.013347 -0.627609 0.000000
v -1.019518 -0.626540 0.000000
v -1.025510 -0.625450 0.000000
v -1.026750 -0.625163 0.000000
v -1.027970 -0.624800 0.000000
v -1.029168 -0.624362 0.000000
v -1.030346 -0.623850 0.000000
v -1.031502 -0.623262 0.000000
v -1.032638 -0.622599 0.000000
v -1.033753 -0.621861 0.000000
v -1.034847 -0.621048 0.000000
v -1.035921 -0.620161 0.000000
v -1.036973 -0.619198 0.000000
v -1.038005 -0.618160 0.000000
v -1.039016 -0.617047 0.000000
v -1.039808 -0.616280 0.000000
v -1.040583 -0.615580 0.000000
v -1.041342 -0.614946 0.000000
v -1.042084 -0.614379 0.000000
v -1.042809 -0.613879 0.000000
v -1.043517 -0.613445 0.000000
v -1.044209 -0.613079 0.000000
v -1.044885 -0.612778 0.000000
v -1.045543 -0.612545 0.000000
v -1.046185 -0.612378 0.000000
v -1.046810 -0.612278 0.000000
v -1.047419 -0.612245 0.000000
v -1.048430 -0.612274 0.000000
v -1.049461 -0.612362 0.000000
v -1.050514 -0.612508 0.000000
v -1.051587 -0.612712 0.000000
v -1.052681 -0.612974 0.000000
v -1.053797 -0.613295 0.000000
v -1.054932 -0.613675 0.000000
v -1.056089 -0.614112 0.000000
v -1.057267 -0.614608 0.000000
v -1.058465 -0.615163 0.000000
v -1.059684 -0.615776 0.000000
v -1.060924 -0.616447 0.000000
v -1.063417 -0.618072 0.000000
v -1.065793 -0.619648 0.000000
v -1.068052 -0.621174 0.000000
v -1.070195 -0.622649 0.000000
v -1.072221 -0.624075 0.000000
v -1.074130 -0.625450 0.000000
v -1.075922 -0.626776 0.000000
v -1.077598 -0.628051 0.000000
v -1.079157 -0.629277 0.000000
v -1.080599 -0.630452 0.000000
v -1.081925 -0.631578 0.000000
v -1.083133 -0.632653 0.000000
v -1.084523 -0.633939 0.000000
v -1.085793 -0.635196 0.000000
v -1.086941 -0.636423 0.000000
v -1.087968 -0.637622 0.000000
v -1.088875 -0.638791 0.000000
v -1.089661 -0.639931 0.000000
v -1.090325 -0.641042 0.000000
v -1.090869 -0.642124 0.000000
v -1.091293 -0.643176 0.000000
v -1.091595 -0.644199 0.000000
v -1.091776 -0.645194 0.000000
v -1.091837 -0.646158 0.000000
v -1.091755 -0.647207 0.000000
v -1.091511 -0.648251 0.000000
v -1.091105 -0.649291 0.000000
v -1.090536 -0.650327 0.000000
v -1.089805 -0.651358 0.000000
v -1.088910 -0.652386 0.000000
v -1.087854 -0.653409 0.000000
v -1.086635 -0.654428 0.000000
v -1.085253 -0.655443 0.000000
v -1.083708 -0.656454 0.000000
v -1.082001 -0.657461 0.000000
v -1.080132 -0.658463 0.000000
v -1.078767 -0.659272 0.000000
v -1.077473 -0.660097 0.000000
v -1.076249 -0.660939 0.000000
v -1.075097 -0.661798 0.000000
v -1.074015 -0.662673 0.000000
v -1.073004 -0.663565 0.000000
v -1.072064 -0.664474 0.000000
v -1.071195 -0.665399 0.000000
v -1.070397 -0.666342 0.000000
v -1.069669 -0.667300 0.000000
v -1.069013 -0.668276 0.000000
v -1.068427 -0.669268 0.000000
v -1.055493 -0.692329 0.000000
v -1.042300 -0.714694 0.000000
v -1.028849 -0.736363 0.000000
v -1.015139 -0.757336 0.000000
v -1.001171 -0.777613 0.000000
v -0.986945 -0.797194 0.000000
v -0.972460 -0.816079 0.000000
v -0.957716 -0.834267 0.000000
v -0.942715 -0.851759 0.000000
v -0.927454 -0.868556 0.000000
v -0.911936 -0.884656 0.000000
v -0.896158 -0.900060 0.000000
v -0.884760 -0.910677 0.000000
v -0.873174 -0.920918 0.000000
v -0.861401 -0.930785 0.000000
v -0.849440 -0.940276 0.000000
v -0.837291 -0.949392 0.000000
v -0.824955 -0.958133 0.000000
v -0.812431 -0.966499 0.000000
v -0.799720 -0.974490 0.000000
v -0.786821 -0.982105 0.000000
v -0.773734 -0.989346 0.000000
v -0.760460 -0.996211 0.000000
v -0.746999 -1.002701 0.000000
v -0.745006 -1.003564 0.000000
v -0.743131 -1.004352 0.000000
v -0.741372 -1.005064 0.000000
v -0.739729 -1.005702 0.000000
v -0.738204 -1.006265 0.000000
v -0.736795 -1.006753 0.000000
v -0.735502 -1.007165 0.000000
v -0.734327 -1.007503 0.000000
v -0.733268 -1.007766 0.000000
v -0.732326 -1.007953 0.000000
v -0.731501 -1.008066 0.000000
v -0.730792 -1.008103 0.000000
v -0.730313 -1.008082 0.000000
v -0.729875 -1.008020 0.000000
v -0.729479 -1.007916 0.000000
v -0.729125 -1.007770 0.000000
v -0.728812 -1.007582 0.000000
v -0.728541 -1.007353 0.000000
v -0.728312 -1.007082 0.000000
v -0.728125 -1.006769 0.000000
v -0.727979 -1.006415 0.000000
v -0.727874 -1.006019 0.000000
v -0.727812 -1.005581 0.000000
v -0.727791 -1.005102 0.000000
v -0.727824 -1.004554 0.000000
v -0.727924 -1.004010 0.000000
v -0.728091 -1.003470 0.000000
v -0.728325 -1.002935 0.000000
v -0.728625 -1.002403 0.000000
v -0.728991 -1.001876 0.000000
v -0.729425 -1.001353 0.000000
v -0.729925 -1.000834 0.000000
v -0.730492 -1.000319 0.000000
v -0.731126 -0.999808 0.000000
v -0.731826 -0.999302 0.000000
v -0.732593 -0.998800 0.000000
v -0.762088 -0.979996 0.000000
v -0.790750 -0.959601 0.000000
v -0.818577 -0.937613 0.000000
v -0.845572 -0.914032 0.000000
v -0.871732 -0.888860 0.000000
v -0.897059 -0.862095 0.000000
v -0.921552 -0.833738 0.000000
v -0.945211 -0.803788 0.000000
v -0.968037 -0.772246 0.000000
v -0.990029 -0.739112 0.000000
v -1.011188 -0.704386 0.000000
v -1.031512 -0.668067 0.000000
v -1.032903 -0.665491 0.000000
v -1.034172 -0.663065 0.000000
v -1.035320 -0.660789 0.000000
v -1.036348 -0.658663 0.000000
v -1.037254 -0.656688 0.000000
v -1.038040 -0.654862 0.000000
v -1.038705 -0.653186 0.000000
v -1.039249 -0.651661 0.000000
v -1.039672 -0.650285 0.000000
v -1.039974 -0.649060 0.000000
v -1.040155 -0.647984 0.000000
v -1.040216 -0.647059 0.000000
v -1.040187 -0.646675 0.000000
v -1.040099 -0.646325 0.000000
v -1.039953 -0.646008 0.000000
v -1.039749 -0.645725 0.000000
v -1.039487 -0.645475 0.000000
v -1.039166 -0.645258 0.000000
v -1.038786 -0.645075 0.000000
v -1.038349 -0.644925 0.000000
v -1.037853 -0.644808 0.000000
v -1.037298 -0.644725 0.000000
v -1.036685 -0.644675 0.000000
v -1.036014 -0.644658 0.000000
v -1.033986 -0.644735 0.000000
v -1.031104 -0.644966 0.000000
v -1.027367 -0.645352 0.000000
v -1.022776 -0.645892 0.000000
v -1.017330 -0.646586 0.000000
v -1.011029 -0.647434 0.000000
v -1.003874 -0.648436 0.000000
v -0.995865 -0.649593 0.000000
v -0.987001 -0.650904 0.000000
v -0.977283 -0.652369 0.000000
v -0.966710 -0.653989 0.000000
v -0.955282 -0.655762 0.000000
v -0.953504 -0.656062 0.000000
v -0.951772 -0.656363 0.000000
v -0.950086 -0.656663 0.000000
v -0.948446 -0.656963 0.000000
v -0.946852 -0.657263 0.000000
v -0.945303 -0.657563 0.000000
v -0.943800 -0.657863 0.000000
v -0.942344 -0.658163 0.000000
v -0.940933 -0.658463 0.000000
v -0.939568 -0.658763 0.000000
v -0.938248 -0.659064 0.000000
v -0.936975 -0.659364 0.000000
v -0.935170 -0.659747 0.000000
v -0.933457 -0.660097 0.000000
v -0.931835 -0.660414 0.000000
v -0.930305 -0.660698 0.000000
v -0.928867 -0.660948 0.000000
v -0.927521 -0.661164 0.000000
v -0.926266 -0.661348 0.000000
v -0.925103 -0.661498 0.000000
v -0.924032 -0.661615 0.000000
v -0.923053 -0.661698 0.000000
v -0.922165 -0.661748 0.000000
v -0.195978 -0.777011 0.000000
v -0.454682 -0.777011 0.000000
v -0.458927 -0.772217 0.000000
v -0.462860 -0.767840 0.000000
v -0.466480 -0.763881 0.000000
v -0.469788 -0.760337 0.000000
v -0.472783 -0.757211 0.000000
v -0.475465 -0.754502 0.000000
v -0.477835 -0.752209 0.000000
v -0.479892 -0.750333 0.000000
v -0.481636 -0.748874 0.000000
v -0.483068 -0.747832 0.000000
v -0.484187 -0.747207 0.000000
v -0.484994 -0.746999 0.000000
v -0.485719 -0.747157 0.000000
v -0.486795 -0.747632 0.000000
v -0.488220 -0.748424 0.000000
v -0.489996 -0.749533 0.000000
v -0.492122 -0.750959 0.000000
v -0.494598 -0.752701 0.000000
v -0.497424 -0.754760 0.000000
v -0.500600 -0.757136 0.000000
v -0.504127 -0.759829 0.000000
v -0.508003 -0.762838 0.000000
v -0.512230 -0.766165 0.000000
v -0.516807 -0.769808 0.000000
v -0.519251 -0.771761 0.000000
v -0.521484 -0.773618 0.000000
v -0.523503 -0.775379 0.000000
v -0.525310 -0.777044 0.000000
v -0.526905 -0.778614 0.000000
v -0.528286 -0.780087 0.000000
v -0.529456 -0.781465 0.000000
v -0.530412 -0.782746 0.000000
v -0.531156 -0.783932 0.000000
v -0.531688 -0.785022 0.000000
v -0.532007 -0.786016 0.000000
v -0.532113 -0.786915 0.000000
v -0.532054 -0.787778 0.000000
v -0.531879 -0.788565 0.000000
v -0.531588 -0.789278 0.000000
v -0.531179 -0.789916 0.000000
v -0.530654 -0.790479 0.000000
v -0.530012 -0.790966 0.000000
v -0.529253 -0.791379 0.000000
v -0.528378 -0.791717 0.000000
v -0.527386 -0.791979 0.000000
v -0.526277 -0.792167 0.000000
v -0.525052 -0.792279 0.000000
v -0.523709 -0.792317 0.000000
v -0.348439 -0.792317 0.000000
v -0.348439 -0.998199 0.000000
v -0.493998 -0.998199 0.000000
v -0.498435 -0.993214 0.000000
v -0.502543 -0.988662 0.000000
v -0.506321 -0.984544 0.000000
v -0.509771 -0.980859 0.000000
v -0.512891 -0.977608 0.000000
v -0.515681 -0.974790 0.000000
v -0.518143 -0.972406 0.000000
v -0.520275 -0.970455 0.000000
v -0.522078 -0.968937 0.000000
v -0.523551 -0.967854 0.000000
v -0.524695 -0.967203 0.000000
v -0.525510 -0.966987 0.000000
v -0.526288 -0.967149 0.000000
v -0.527419 -0.967637 0.000000
v -0.528905 -0.968450 0.000000
v -0.530746 -0.969588 0.000000
v -0.532940 -0.971051 0.000000
v -0.535489 -0.972839 0.000000
v -0.538392 -0.974952 0.000000
v -0.541650 -0.977391 0.000000
v -0.545262 -0.980155 0.000000
v -0.549228 -0.983243 0.000000
v -0.553548 -0.986657 0.000000
v -0.558223 -0.990396 0.000000
v -0.560764 -0.992445 0.000000
v -0.563084 -0.994389 0.000000
v -0.565182 -0.996230 0.000000
v -0.567060 -0.997966 0.000000
v -0.568717 -0.999598 0.000000
v -0.570153 -1.001125 0.000000
v -0.571368 -1.002549 0.000000
v -0.572362 -1.003868 0.000000
v -0.573135 -1.005083 0.000000
v -0.573688 -1.006194 0.000000
v -0.574019 -1.007201 0.000000
v -0.574130 -1.008103 0.000000
v -0.574069 -1.008966 0.000000
v -0.573888 -1.009754 0.000000
v -0.573586 -1.010467 0.000000
v -0.573163 -1.011104 0.000000
v -0.572619 -1.011667 0.000000
v -0.571954 -1.012155 0.000000
v -0.571168 -1.012568 0.000000
v -0.570262 -1.012905 0.000000
v -0.569234 -1.013168 0.000000
v -0.568086 -1.013355 0.000000
v -0.566817 -1.013468 0.000000
v -0.565426 -1.013505 0.000000
v -0.167767 -1.013505 0.000000
v -0.163361 -1.013530 0.000000
v -0.159047 -1.013605 0.000000
v -0.154824 -1.013731 0.000000
v -0.150694 -1.013906 0.000000
v -0.146654 -1.014131 0.000000
v -0.142707 -1.014406 0.000000
v -0.138851 -1.014731 0.000000
v -0.135087 -1.015106 0.000000
v -0.131415 -1.015531 0.000000
v -0.127834 -1.016006 0.000000
v -0.124346 -1.016532 0.000000
v -0.120948 -1.017107 0.000000
v -0.115546 -0.994598 0.000000
v -0.119760 -0.995173 0.000000
v -0.124000 -0.995698 0.000000
v -0.128264 -0.996173 0.000000
v -0.132553 -0.996599 0.000000
v -0.136867 -0.996974 0.000000
v -0.141206 -0.997299 0.000000
v -0.145571 -0.997574 0.000000
v -0.149960 -0.997799 0.000000
v -0.154374 -0.997974 0.000000
v -0.158814 -0.998099 0.000000
v -0.163278 -0.998174 0.000000
v -0.167767 -0.998199 0.000000
v -0.319628 -0.998199 0.000000
v -0.319628 -0.792317 0.000000
v -0.189376 -0.792317 0.000000
v -0.179709 -0.812833 0.000000
v -0.169418 -0.832766 0.000000
v -0.158501 -0.852116 0.000000
v -0.146959 -0.870882 0.000000
v -0.134791 -0.889064 0.000000
v -0.121999 -0.906663 0.000000
v -0.108581 -0.923678 0.000000
v -0.094538 -0.940109 0.000000
v -0.079869 -0.955957 0.000000
v -0.064576 -0.971222 0.000000
v -0.048657 -0.985903 0.000000
v -0.032113 -1.000000 0.000000
v -0.031963 -1.000096 0.000000
v -0.031813 -1.000183 0.000000
v -0.031663 -1.000262 0.000000
v -0.031513 -1.000333 0.000000
v -0.031363 -1.000396 0.000000
v -0.031212 -1.000450 0.000000
v -0.031062 -1.000496 0.000000
v -0.030912 -1.000533 0.000000
v -0.030762 -1.000563 0.000000
v -0.030612 -1.000584 0.000000
v -0.030462 -1.000596 0.000000
v -0.030312 -1.000600 0.000000
v -0.030110 -1.000592 0.000000
v -0.029904 -1.000567 0.000000
v -0.029693 -1.000525 0.000000
v -0.029478 -1.000467 0.000000
v -0.029260 -1.000392 0.000000
v -0.029037 -1.000300 0.000000
v -0.028809 -1.000192 0.000000
v -0.028578 -1.000067 0.000000
v -0.028343 -0.999925 0.000000
v -0.028103 -0.999767 0.000000
v -0.027859 -0.999591 0.000000
v -0.027611 -0.999400 0.000000
v -0.027323 -0.999098 0.000000
v -0.027061 -0.998791 0.000000
v -0.026823 -0.998481 0.000000
v -0.026611 -0.998166 0.000000
v -0.026423 -0.997847 0.000000
v -0.026261 -0.997524 0.000000
v -0.026123 -0.997197 0.000000
v -0.026010 -0.996865 0.000000
v -0.025923 -0.996530 0.000000
v -0.025860 -0.996190 0.000000
v -0.025823 -0.995846 0.000000
v -0.025810 -0.995498 0.000000
v -0.025814 -0.995350 0.000000
v -0.025827 -0.995206 0.000000
v -0.025848 -0.995067 0.000000
v -0.025877 -0.994931 0.000000
v -0.025915 -0.994800 0.000000
v -0.025960 -0.994673 0.000000
v -0.026015 -0.994550 0.000000
v -0.026077 -0.994431 0.000000
v -0.026148 -0.994316 0.000000
v -0.026227 -0.994206 0.000000
v -0.026315 -0.994100 0.000000
v -0.026411 -0.993998 0.000000
v -0.038853 -0.980874 0.000000
v -0.050870 -0.967512 0.000000
v -0.062462 -0.953913 0.000000
v -0.073629 -0.940076 0.000000
v -0.084371 -0.926002 0.000000
v -0.094688 -0.911690 0.000000
v -0.104579 -0.897140 0.000000
v -0.114046 -0.882353 0.000000
v -0.123087 -0.867328 0.000000
v -0.131703 -0.852066 0.000000
v -0.139893 -0.836566 0.000000
v -0.147659 -0.820828 0.000000
v -0.154187 -0.806602 0.000000
v -0.160464 -0.792033 0.000000
v -0.166492 -0.777123 0.000000
v -0.172269 -0.761871 0.000000
v -0.177796 -0.746278 0.000000
v -0.183073 -0.730342 0.000000
v -0.188100 -0.714065 0.000000
v -0.192877 -0.697446 0.000000
v -0.197404 -0.680485 0.000000
v -0.201681 -0.663182 0.000000
v -0.205707 -0.645537 0.000000
v -0.209484 -0.627551 0.000000
v -0.090936 -0.627551 0.000000
v -0.086530 -0.627576 0.000000
v -0.082216 -0.627651 0.000000
v -0.077994 -0.627776 0.000000
v -0.073863 -0.627951 0.000000
v -0.069824 -0.628176 0.000000
v -0.065876 -0.628451 0.000000
v -0.062021 -0.628777 0.000000
v -0.058257 -0.629152 0.000000
v -0.054584 -0.629577 0.000000
v -0.051004 -0.630052 0.000000
v -0.047515 -0.630577 0.000000
v -0.044118 -0.631153 0.000000
v -0.038115 -0.608643 0.000000
v -0.042425 -0.609219 0.000000
v -0.046752 -0.609744 0.000000
v -0.051095 -0.610219 0.000000
v -0.055456 -0.610644 0.000000
v -0.059832 -0.611019 0.000000
v -0.064226 -0.611345 0.000000
v -0.068636 -0.611620 0.000000
v -0.073063 -0.611845 0.000000
v -0.077506 -0.612020 0.000000
v -0.081966 -0.612145 0.000000
v -0.086443 -0.612220 0.000000
v -0.090936 -0.612245 0.000000
v -0.212785 -0.612245 0.000000
v -0.214021 -0.604932 0.000000
v -0.215228 -0.597597 0.000000
v -0.216405 -0.590242 0.000000
v -0.217554 -0.582866 0.000000
v -0.218673 -0.575470 0.000000
v -0.219763 -0.568052 0.000000
v -0.220824 -0.560614 0.000000
v -0.221855 -0.553155 0.000000
v -0.222858 -0.545675 0.000000
v -0.223831 -0.538174 0.000000
v -0.224775 -0.530652 0.000000
v -0.225690 -0.523109 0.000000
v -0.225930 -0.521548 0.000000
v -0.226149 -0.519966 0.000000
v -0.226347 -0.518364 0.000000
v -0.226524 -0.516740 0.000000
v -0.226680 -0.515096 0.000000
v -0.226816 -0.513430 0.000000
v -0.226930 -0.511744 0.000000
v -0.227024 -0.510037 0.000000
v -0.227097 -0.508310 0.000000
v -0.227149 -0.506561 0.000000
v -0.227180 -0.504791 0.000000
v -0.227191 -0.503001 0.000000
v -0.227189 -0.502145 0.000000
v -0.227183 -0.501276 0.000000
v -0.227172 -0.500394 0.000000
v -0.227158 -0.499500 0.000000
v -0.227139 -0.498593 0.000000
v -0.227116 -0.497674 0.000000
v -0.227089 -0.496742 0.000000
v -0.227057 -0.495798 0.000000
v -0.227022 -0.494842 0.000000
v -0.226982 -0.493873 0.000000
v -0.226939 -0.492891 0.000000
v -0.226891 -0.491897 0.000000
v -0.233368 -0.493116 0.000000
v -0.239396 -0.494273 0.000000
v -0.244973 -0.495367 0.000000
v -0.250100 -0.496399 0.000000
v -0.254777 -0.497368 0.000000
v -0.259004 -0.498274 0.000000
v -0.262780 -0.499118 0.000000
v -0.266106 -0.499900 0.000000
v -0.268983 -0.500619 0.000000
v -0.271409 -0.501276 0.000000
v -0.273384 -0.501870 0.000000
v -0.274910 -0.502401 0.000000
v -0.275965 -0.502822 0.000000
v -0.276927 -0.503285 0.000000
v -0.277799 -0.503789 0.000000
v -0.278578 -0.504335 0.000000
v -0.279266 -0.504923 0.000000
v -0.279862 -0.505552 0.000000
v -0.280366 -0.506223 0.000000
v -0.280779 -0.506936 0.000000
v -0.281100 -0.507691 0.000000
v -0.281329 -0.508487 0.000000
v -0.281467 -0.509324 0.000000
v -0.281513 -0.510204 0.000000
v -0.281354 -0.511736 0.000000
v -0.280879 -0.513230 0.000000
v -0.280087 -0.514687 0.000000
v -0.278978 -0.516106 0.000000
v -0.277553 -0.517488 0.000000
v -0.275810 -0.518833 0.000000
v -0.273751 -0.520139 0.000000
v -0.271375 -0.521409 0.000000
v -0.268682 -0.522640 0.000000
v -0.265673 -0.523835 0.000000
v -0.262347 -0.524991 0.000000
v -0.258703 -0.526110 0.000000
v -0.257826 -0.533174 0.000000
v -0.256894 -0.540258 0.000000
v -0.255909 -0.547363 0.000000
v -0.254869 -0.554488 0.000000
v -0.253774 -0.561635 0.000000
v -0.252626 -0.568803 0.000000
v -0.251423 -0.575991 0.000000
v -0.250167 -0.583200 0.000000
v -0.248856 -0.590430 0.000000
v -0.247491 -0.597681 0.000000
v -0.246071 -0.604952 0.000000
v -0.244598 -0.612245 0.000000
v -0.492197 -0.612245 0.000000
v -0.496826 -0.607164 0.000000
v -0.501109 -0.602524 0.000000
v -0.505046 -0.598327 0.000000
v -0.508637 -0.594571 0.000000
v -0.511882 -0.591257 0.000000
v -0.514781 -0.588385 0.000000
v -0.517334 -0.585955 0.000000
v -0.519541 -0.583967 0.000000
v -0.521402 -0.582420 0.000000
v -0.522918 -0.581316 0.000000
v -0.524087 -0.580653 0.000000
v -0.524910 -0.580432 0.000000
v -0.525692 -0.580599 0.000000
v -0.526836 -0.581099 0.000000
v -0.528343 -0.581933 0.000000
v -0.530212 -0.583100 0.000000
v -0.532444 -0.584601 0.000000
v -0.535039 -0.586435 0.000000
v -0.537996 -0.588602 0.000000
v -0.541317 -0.591103 0.000000
v -0.544999 -0.593938 0.000000
v -0.549045 -0.597106 0.000000
v -0.553453 -0.600607 0.000000
v -0.558223 -0.604442 0.000000
v -0.560764 -0.606490 0.000000
v -0.563084 -0.608435 0.000000
v -0.565182 -0.610275 0.000000
v -0.567060 -0.612011 0.000000
v -0.568717 -0.613643 0.000000
v -0.570153 -0.615171 0.000000
v -0.571368 -0.616595 0.000000
v -0.572362 -0.617914 0.000000
v -0.573135 -0.619129 0.000000
v -0.573688 -0.620240 0.000000
v -0.574019 -0.621246 0.000000
v -0.574130 -0.622149 0.000000
v -0.574069 -0.623012 0.000000
v -0.573888 -0.623800 0.000000
v -0.573586 -0.624512 0.000000
v -0.573163 -0.625150 0.000000
v -0.572619 -0.625713 0.000000
v -0.571954 -0.626200 0.000000
v -0.571168 -0.626613 0.000000
v -0.570262 -0.626951 0.000000
v -0.569234 -0.627213 0.000000
v -0.568086 -0.627401 0.000000
v -0.566817 -0.627514 0.000000
v -0.565426 -0.627551 0.000000
v -0.241597 -0.627551 0.000000
v -0.238850 -0.640327 0.000000
v -0.235911 -0.653045 0.000000
v -0.232781 -0.665704 0.000000
v -0.229458 -0.678305 0.000000
v -0.225945 -0.690847 0.000000
v -0.222239 -0.703331 0.000000
v -0.218341 -0.715757 0.000000
v -0.214252 -0.728125 0.000000
v -0.209971 -0.740434 0.000000
v -0.205499 -0.752684 0.000000
v -0.200834 -0.764877 0.000000
v -3.043818 0.335534 0.000000
v -3.041765 0.308396 0.000000
v -3.039207 0.282405 0.000000
v -3.036146 0.257559 0.000000
v -3.032580 0.233860 0.000000
v -3.028510 0.211307 0.000000
v -3.023935 0.189901 0.000000
v -3.018856 0.169641 0.000000
v -3.013272 0.150527 0.000000
v -3.007185 0.132559 0.000000
v -3.000592 0.115738 0.000000
v -2.993496 0.100063 0.000000
v -2.985894 0.085534 0.000000
v -2.978842 0.073784 0.000000
v -2.971088 0.062242 0.000000
v -2.962635 0.050908 0.000000
v -2.953481 0.039783 0.000000
v -2.943628 0.028866 0.000000
v -2.933073 0.018157 0.000000
v -2.921819 0.007657 0.000000
v -2.909864 -0.002634 0.000000
v -2.897209 -0.012718 0.000000
v -2.883854 -0.022592 0.000000
v -2.869798 -0.032259 0.000000
v -2.855042 -0.041717 0.000000
v -2.854942 -0.041765 0.000000
v -2.854842 -0.041808 0.000000
v -2.854742 -0.041848 0.000000
v -2.854641 -0.041883 0.000000
v -2.854541 -0.041915 0.000000
v -2.854441 -0.041942 0.000000
v -2.854341 -0.041965 0.000000
v -2.854241 -0.041983 0.000000
v -2.854141 -0.041998 0.000000
v -2.854041 -0.042008 0.000000
v -2.853940 -0.042015 0.000000
v -2.853842 -0.042017 0.000000
v -2.853170 -0.041983 0.000000
v -2.852558 -0.041883 0.000000
v -2.852003 -0.041717 0.000000
v -2.851507 -0.041483 0.000000
v -2.851069 -0.041183 0.000000
v -2.850690 -0.040816 0.000000
v -2.850369 -0.040383 0.000000
v -2.850107 -0.039883 0.000000
v -2.849902 -0.039316 0.000000
v -2.849756 -0.038682 0.000000
v -2.849669 -0.037982 0.000000
v -2.849640 -0.037215 0.000000
v -2.849646 -0.036969 0.000000
v -2.849665 -0.036731 0.000000
v -2.849696 -0.036502 0.000000
v -2.849740 -0.036281 0.000000
v -2.849796 -0.036069 0.000000
v -2.849865 -0.035864 0.000000
v -2.849946 -0.035668 0.000000
v -2.850040 -0.035481 0.000000
v -2.850146 -0.035302 0.000000
v -2.850265 -0.035131 0.000000
v -2.850396 -0.034968 0.000000
v -2.850540 -0.034814 0.000000
v -2.865402 -0.022582 0.000000
v -2.879477 -0.010196 0.000000
v -2.892763 0.002345 0.000000
v -2.905262 0.015039 0.000000
v -2.916973 0.027888 0.000000
v -2.927896 0.040891 0.000000
v -2.938032 0.054049 0.000000
v -2.947379 0.067360 0.000000
v -2.955939 0.080826 0.000000
v -2.963711 0.094446 0.000000
v -2.970695 0.108220 0.000000
v -2.976891 0.122149 0.000000
v -2.982022 0.135460 0.000000
v -2.986811 0.149585 0.000000
v -2.991259 0.164522 0.000000
v -2.995365 0.180272 0.000000
v -2.999129 0.196835 0.000000
v -3.002551 0.214211 0.000000
v -3.005631 0.232399 0.000000
v -3.008370 0.251401 0.000000
v -3.010767 0.271215 0.000000
v -3.012822 0.291842 0.000000
v -3.014535 0.313282 0.000000
v -3.015906 0.335534 0.000000
v -2.992797 0.335534 0.000000
v -2.988154 0.335509 0.000000
v -2.983627 0.335434 0.000000
v -2.979217 0.335309 0.000000
v -2.974923 0.335134 0.000000
v -2.970747 0.334909 0.000000
v -2.966687 0.334634 0.000000
v -2.962744 0.334309 0.000000
v -2.958917 0.333934 0.000000
v -2.955207 0.333508 0.000000
v -2.951614 0.333033 0.000000
v -2.948138 0.332508 0.000000
v -2.944778 0.331933 0.000000
v -2.939076 0.354442 0.000000
v -2.943392 0.353867 0.000000
v -2.947737 0.353341 0.000000
v -2.952112 0.352866 0.000000
v -2.956516 0.352441 0.000000
v -2.960949 0.352066 0.000000
v -2.965411 0.351741 0.000000
v -2.969903 0.351466 0.000000
v -2.974423 0.351240 0.000000
v -2.978973 0.351065 0.000000
v -2.983552 0.350940 0.000000
v -2.988160 0.350865 0.000000
v -2.992797 0.350840 0.000000
v -3.016507 0.350840 0.000000
v -3.016842 0.358902 0.000000
v -3.017148 0.367080 0.000000
v -3.017426 0.375375 0.000000
v -3.017674 0.383787 0.000000
v -3.017893 0.392315 0.000000
v -3.018082 0.400960 0.000000
v -3.018243 0.409722 0.000000
v -3.018374 0.418601 0.000000
v -3.018476 0.427596 0.000000
v -3.018549 0.436708 0.000000
v -3.018593 0.445937 0.000000
v -3.018607 0.455282 0.000000
v -3.018589 0.459692 0.000000
v -3.018532 0.464019 0.000000
v -3.018439 0.468262 0.000000
v -3.018307 0.472422 0.000000
v -3.018138 0.476499 0.000000
v -3.017932 0.480492 0.000000
v -3.017688 0.484402 0.000000
v -3.017407 0.488229 0.000000
v -3.017088 0.491972 0.000000
v -3.016732 0.495632 0.000000
v -3.016338 0.499208 0.000000
v -3.015906 0.502701 0.000000
v -3.023960 0.501724 0.000000
v -3.031312 0.500692 0.000000
v -3.037965 0.499606 0.000000
v -3.043917 0.498466 0.000000
v -3.049170 0.497272 0.000000
v -3.053721 0.496023 0.000000
v -3.057573 0.494721 0.000000
v -3.060724 0.493364 0.000000
v -3.063175 0.491953 0.000000
v -3.064926 0.490488 0.000000
v -3.065976 0.488969 0.000000
v -3.066327 0.487395 0.000000
v -3.066195 0.486292 0.000000
v -3.065801 0.485186 0.000000
v -3.065145 0.484075 0.000000
v -3.064226 0.482960 0.000000
v -3.063044 0.481841 0.000000
v -3.061599 0.480717 0.000000
v -3.059893 0.479590 0.000000
v -3.057923 0.478458 0.000000
v -3.055691 0.477322 0.000000
v -3.053196 0.476182 0.000000
v -3.050439 0.475038 0.000000
v -3.047419 0.473890 0.000000
v -3.047398 0.463635 0.000000
v -3.047336 0.453381 0.000000
v -3.047232 0.443127 0.000000
v -3.047086 0.432873 0.000000
v -3.046898 0.422619 0.000000
v -3.046669 0.412365 0.000000
v -3.046398 0.402111 0.000000
v -3.046085 0.391857 0.000000
v -3.045731 0.381603 0.000000
v -3.045335 0.371349 0.000000
v -3.044897 0.361095 0.000000
v -3.044418 0.350840 0.000000
v -3.117347 0.350840 0.000000
v -3.119815 0.353477 0.000000
v -3.122116 0.355884 0.000000
v -3.124250 0.358062 0.000000
v -3.126217 0.360011 0.000000
v -3.128018 0.361730 0.000000
v -3.129652 0.363220 0.000000
v -3.131119 0.364481 0.000000
v -3.132420 0.365513 0.000000
v -3.133553 0.366315 0.000000
v -3.134520 0.366888 0.000000
v -3.135321 0.367232 0.000000
v -3.135954 0.367347 0.000000
v -3.136565 0.367232 0.000000
v -3.137397 0.366888 0.000000
v -3.138449 0.366315 0.000000
v -3.139723 0.365513 0.000000
v -3.141217 0.364481 0.000000
v -3.142932 0.363220 0.000000
v -3.144868 0.361730 0.000000
v -3.147026 0.360011 0.000000
v -3.149404 0.358062 0.000000
v -3.152003 0.355884 0.000000
v -3.154822 0.353477 0.000000
v -3.157863 0.350840 0.000000
v -3.159253 0.349421 0.000000
v -3.160523 0.348064 0.000000
v -3.161671 0.346770 0.000000
v -3.162699 0.345538 0.000000
v -3.163605 0.344369 0.000000
v -3.164391 0.343262 0.000000
v -3.165056 0.342218 0.000000
v -3.165600 0.341236 0.000000
v -3.166023 0.340317 0.000000
v -3.166326 0.339461 0.000000
v -3.166507 0.338667 0.000000
v -3.166567 0.337935 0.000000
v -3.166469 0.337066 0.000000
v -3.166175 0.336159 0.000000
v -3.165685 0.335215 0.000000
v -3.164999 0.334234 0.000000
v -3.164118 0.333215 0.000000
v -3.163040 0.332158 0.000000
v -3.161767 0.331064 0.000000
v -3.160297 0.329932 0.000000
v -3.158632 0.328763 0.000000
v -3.156771 0.327556 0.000000
v -3.154714 0.326312 0.000000
v -3.152461 0.325030 0.000000
v -3.151723 0.295935 0.000000
v -3.150810 0.268174 0.000000
v -3.149722 0.241747 0.000000
v -3.148459 0.216653 0.000000
v -3.147021 0.192894 0.000000
v -3.145408 0.170468 0.000000
v -3.143620 0.149376 0.000000
v -3.141657 0.129618 0.000000
v -3.139518 0.111194 0.000000
v -3.137205 0.094104 0.000000
v -3.134716 0.078348 0.000000
v -3.132053 0.063926 0.000000
v -3.129902 0.053444 0.000000
v -3.127651 0.043609 0.000000
v -3.125300 0.034420 0.000000
v -3.122849 0.025877 0.000000
v -3.120298 0.017980 0.000000
v -3.117647 0.010729 0.000000
v -3.114896 0.004125 0.000000
v -3.112045 -0.001834 0.000000
v -3.109094 -0.007147 0.000000
v -3.106042 -0.011813 0.000000
v -3.102891 -0.015833 0.000000
v -3.099640 -0.019208 0.000000
v -3.097203 -0.021365 0.000000
v -3.094696 -0.023334 0.000000
v -3.092118 -0.025116 0.000000
v -3.089469 -0.026711 0.000000
v -3.086749 -0.028117 0.000000
v -3.083959 -0.029337 0.000000
v -3.081097 -0.030368 0.000000
v -3.078165 -0.031212 0.000000
v -3.075161 -0.031869 0.000000
v -3.072087 -0.032338 0.000000
v -3.068942 -0.032619 0.000000
v -3.065726 -0.032713 0.000000
v -3.064426 -0.032665 0.000000
v -3.063225 -0.032521 0.000000
v -3.062125 -0.032282 0.000000
v -3.061124 -0.031946 0.000000
v -3.060224 -0.031515 0.000000
v -3.059424 -0.030987 0.000000
v -3.058723 -0.030364 0.000000
v -3.058123 -0.029645 0.000000
v -3.057623 -0.028830 0.000000
v -3.057223 -0.027920 0.000000
v -3.056923 -0.026913 0.000000
v -3.056723 -0.025810 0.000000
v -3.056364 -0.023995 0.000000
v -3.055889 -0.022251 0.000000
v -3.055297 -0.020577 0.000000
v -3.054588 -0.018974 0.000000
v -3.053763 -0.017442 0.000000
v -3.052821 -0.015981 0.000000
v -3.051762 -0.014591 0.000000
v -3.050587 -0.013272 0.000000
v -3.049294 -0.012024 0.000000
v -3.047886 -0.010846 0.000000
v -3.046360 -0.009739 0.000000
v -3.044718 -0.008703 0.000000
v -3.042784 -0.007643 0.000000
v -3.040583 -0.006561 0.000000
v -3.038115 -0.005458 0.000000
v -3.035381 -0.004335 0.000000
v -3.032380 -0.003191 0.000000
v -3.029112 -0.002026 0.000000
v -3.025577 -0.000840 0.000000
v -3.021775 0.000367 0.000000
v -3.017707 0.001594 0.000000
v -3.013372 0.002843 0.000000
v -3.008770 0.004112 0.000000
v -3.003901 0.005402 0.000000
v -3.003518 0.005525 0.000000
v -3.003168 0.005694 0.000000
v -3.002851 0.005909 0.000000
v -3.002568 0.006169 0.000000
v -3.002318 0.006476 0.000000
v -3.002101 0.006828 0.000000
v -3.001918 0.007226 0.000000
v -3.001768 0.007670 0.000000
v -3.001651 0.008160 0.000000
v -3.001567 0.008695 0.000000
v -3.001517 0.009277 0.000000
v -3.001501 0.009904 0.000000
v -3.001517 0.010525 0.000000
v -3.001567 0.011088 0.000000
v -3.001651 0.011592 0.000000
v -3.001768 0.012038 0.000000
v -3.001918 0.012426 0.000000
v -3.002101 0.012755 0.000000
v -3.002318 0.013026 0.000000
v -3.002568 0.013239 0.000000
v -3.002851 0.013393 0.000000
v -3.003168 0.013489 0.000000
v -3.003518 0.013526 0.000000
v -3.003901 0.013505 0.000000
v -3.011807 0.012307 0.000000
v -3.019316 0.011213 0.000000
v -3.026429 0.010223 0.000000
v -3.033146 0.009337 0.000000
v -3.039468 0.008556 0.000000
v -3.045393 0.007878 0.000000
v -3.050922 0.007305 0.000000
v -3.056056 0.006836 0.000000
v -3.060793 0.006471 0.000000
v -3.065134 0.006211 0.000000
v -3.069080 0.006055 0.000000
v -3.072629 0.006002 0.000000
v -3.074555 0.006152 0.000000
v -3.076431 0.006603 0.000000
v -3.078256 0.007353 0.000000
v -3.080032 0.008403 0.000000
v -3.081758 0.009754 0.000000
v -3.083433 0.011405 0.000000
v -3.085059 0.013355 0.000000
v -3.086635 0.015606 0.000000
v -3.088160 0.018157 0.000000
v -3.089636 0.021008 0.000000
v -3.091061 0.024160 0.000000
v -3.092437 0.027611 0.000000
v -3.093492 0.030450 0.000000
v -3.094554 0.033563 0.000000
v -3.095626 0.036952 0.000000
v -3.096705 0.040616 0.000000
v -3.097793 0.044555 0.000000
v -3.098889 0.048770 0.000000
v -3.099994 0.053259 0.000000
v -3.101107 0.058023 0.000000
v -3.102228 0.063063 0.000000
v -3.103358 0.068377 0.000000
v -3.104496 0.073967 0.000000
v -3.105642 0.079832 0.000000
v -3.108014 0.092979 0.000000
v -3.110228 0.107610 0.000000
v -3.112283 0.123724 0.000000
v -3.114179 0.141323 0.000000
v -3.115917 0.160406 0.000000
v -3.117497 0.180972 0.000000
v -3.118918 0.203023 0.000000
v -3.120181 0.226557 0.000000
v -3.121286 0.251576 0.000000
v -3.122232 0.278078 0.000000
v -3.123020 0.306064 0.000000
v -3.123650 0.335534 0.000000
v -2.879052 0.167767 0.000000
v -2.797119 0.167767 0.000000
v -2.797119 0.114346 0.000000
v -2.866147 0.114346 0.000000
v -2.869289 0.117989 0.000000
v -2.872216 0.121315 0.000000
v -2.874925 0.124325 0.000000
v -2.877418 0.127017 0.000000
v -2.879694 0.129393 0.000000
v -2.881753 0.131453 0.000000
v -2.883595 0.133195 0.000000
v -2.885221 0.134621 0.000000
v -2.886630 0.135729 0.000000
v -2.887822 0.136521 0.000000
v -2.888797 0.136996 0.000000
v -2.889556 0.137155 0.000000
v -2.890294 0.137021 0.000000
v -2.891306 0.136621 0.000000
v -2.892594 0.135954 0.000000
v -2.894157 0.135021 0.000000
v -2.895996 0.133820 0.000000
v -2.898109 0.132353 0.000000
v -2.900497 0.130619 0.000000
v -2.903161 0.128618 0.000000
v -2.906100 0.126351 0.000000
v -2.909314 0.123816 0.000000
v -2.912802 0.121015 0.000000
v -2.916567 0.117947 0.000000
v -2.918244 0.116570 0.000000
v -2.919776 0.115238 0.000000
v -2.921162 0.113952 0.000000
v -2.922402 0.112712 0.000000
v -2.923496 0.111518 0.000000
v -2.924444 0.110369 0.000000
v -2.925247 0.109267 0.000000
v -2.925904 0.108210 0.000000
v -2.926414 0.107199 0.000000
v -2.926779 0.106234 0.000000
v -2.926998 0.105315 0.000000
v -2.927071 0.104442 0.000000
v -2.927015 0.103579 0.000000
v -2.926846 0.102791 0.000000
v -2.926564 0.102078 0.000000
v -2.926171 0.101441 0.000000
v -2.925664 0.100878 0.000000
v -2.925045 0.100390 0.000000
v -2.924314 0.099977 0.000000
v -2.923470 0.099640 0.000000
v -2.922513 0.099377 0.000000
v -2.921444 0.099190 0.000000
v -2.920263 0.099077 0.000000
v -2.918968 0.099040 0.000000
v -2.797119 0.099040 0.000000
v -2.797119 0.043818 0.000000
v -2.808596 0.045531 0.000000
v -2.819720 0.047269 0.000000
v -2.830488 0.049032 0.000000
v -2.840903 0.050820 0.000000
v -2.850963 0.052634 0.000000
v -2.860669 0.054472 0.000000
v -2.870021 0.056335 0.000000
v -2.879019 0.058223 0.000000
v -2.887662 0.060137 0.000000
v -2.895951 0.062075 0.000000
v -2.903885 0.064038 0.000000
v -2.911465 0.066026 0.000000
v -2.911517 0.066026 0.000000
v -2.911573 0.066026 0.000000
v -2.911633 0.066026 0.000000
v -2.911698 0.066026 0.000000
v -2.911767 0.066026 0.000000
v -2.911839 0.066026 0.000000
v -2.911916 0.066026 0.000000
v -2.911998 0.066026 0.000000
v -2.912083 0.066026 0.000000
v -2.912173 0.066026 0.000000
v -2.912266 0.066026 0.000000
v -2.912365 0.066026 0.000000
v -2.912844 0.065995 0.000000
v -2.913282 0.065901 0.000000
v -2.913678 0.065745 0.000000
v -2.914032 0.065526 0.000000
v -2.914345 0.065245 0.000000
v -2.914616 0.064901 0.000000
v -2.914845 0.064495 0.000000
v -2.915033 0.064026 0.000000
v -2.915179 0.063494 0.000000
v -2.915283 0.062900 0.000000
v -2.915345 0.062244 0.000000
v -2.915366 0.061525 0.000000
v -2.915352 0.061041 0.000000
v -2.915308 0.060591 0.000000
v -2.915235 0.060174 0.000000
v -2.915133 0.059791 0.000000
v -2.915001 0.059440 0.000000
v -2.914841 0.059124 0.000000
v -2.914651 0.058840 0.000000
v -2.914432 0.058590 0.000000
v -2.914184 0.058373 0.000000
v -2.913907 0.058190 0.000000
v -2.913601 0.058040 0.000000
v -2.913265 0.057923 0.000000
v -2.899618 0.052702 0.000000
v -2.884587 0.047544 0.000000
v -2.868172 0.042448 0.000000
v -2.850374 0.037415 0.000000
v -2.831191 0.032444 0.000000
v -2.810624 0.027536 0.000000
v -2.788674 0.022690 0.000000
v -2.765340 0.017907 0.000000
v -2.740621 0.013187 0.000000
v -2.714519 0.008528 0.000000
v -2.687033 0.003933 0.000000
v -2.658163 -0.000600 0.000000
v -2.657344 -0.003620 0.000000
v -2.656488 -0.006378 0.000000
v -2.655594 -0.008872 0.000000
v -2.654662 -0.011104 0.000000
v -2.653693 -0.013074 0.000000
v -2.652686 -0.014781 0.000000
v -2.651642 -0.016225 0.000000
v -2.650560 -0.017407 0.000000
v -2.649441 -0.018326 0.000000
v -2.648284 -0.018983 0.000000
v -2.647090 -0.019377 0.000000
v -2.645858 -0.019508 0.000000
v -2.644810 -0.019162 0.000000
v -2.643666 -0.018124 0.000000
v -2.642426 -0.016394 0.000000
v -2.641090 -0.013972 0.000000
v -2.639658 -0.010859 0.000000
v -2.638130 -0.007053 0.000000
v -2.636507 -0.002555 0.000000
v -2.634787 0.002634 0.000000
v -2.632972 0.008516 0.000000
v -2.631061 0.015089 0.000000
v -2.629054 0.022355 0.000000
v -2.626951 0.030312 0.000000
v -2.628639 0.030120 0.000000
v -2.630302 0.029945 0.000000
v -2.631940 0.029787 0.000000
v -2.633554 0.029645 0.000000
v -2.635142 0.029520 0.000000
v -2.636705 0.029412 0.000000
v -2.638243 0.029320 0.000000
v -2.639756 0.029245 0.000000
v -2.641244 0.029187 0.000000
v -2.642707 0.029145 0.000000
v -2.644145 0.029120 0.000000
v -2.645558 0.029112 0.000000
v -2.646392 0.029114 0.000000
v -2.647292 0.029120 0.000000
v -2.648259 0.029130 0.000000
v -2.649293 0.029145 0.000000
v -2.650394 0.029164 0.000000
v -2.651561 0.029187 0.000000
v -2.652795 0.029214 0.000000
v -2.654095 0.029245 0.000000
v -2.655463 0.029280 0.000000
v -2.656896 0.029320 0.000000
v -2.658397 0.029364 0.000000
v -2.659964 0.029412 0.000000
v -2.668065 0.029943 0.000000
v -2.676362 0.030537 0.000000
v -2.684855 0.031194 0.000000
v -2.693544 0.031913 0.000000
v -2.702429 0.032694 0.000000
v -2.711510 0.033538 0.000000
v -2.720786 0.034445 0.000000
v -2.730259 0.035414 0.000000
v -2.739927 0.036446 0.000000
v -2.749792 0.037540 0.000000
v -2.759852 0.038697 0.000000
v -2.770108 0.039916 0.000000
v -2.770108 0.099040 0.000000
v -2.683974 0.099040 0.000000
v -2.680862 0.099015 0.000000
v -2.677729 0.098940 0.000000
v -2.674576 0.098815 0.000000
v -2.671402 0.098639 0.000000
v -2.668207 0.098414 0.000000
v -2.664991 0.098139 0.000000
v -2.661754 0.097814 0.000000
v -2.658497 0.097439 0.000000
v -2.655218 0.097014 0.000000
v -2.651919 0.096539 0.000000
v -2.648599 0.096013 0.000000
v -2.645258 0.095438 0.000000
v -2.639856 0.117947 0.000000
v -2.643418 0.117372 0.000000
v -2.647000 0.116847 0.000000
v -2.650604 0.116372 0.000000
v -2.654228 0.115946 0.000000
v -2.657873 0.115571 0.000000
v -2.661540 0.115246 0.000000
v -2.665226 0.114971 0.000000
v -2.668934 0.114746 0.000000
v -2.672663 0.114571 0.000000
v -2.676412 0.114446 0.000000
v -2.680182 0.114371 0.000000
v -2.683974 0.114346 0.000000
v -2.770108 0.114346 0.000000
v -2.770108 0.167767 0.000000
v -2.692677 0.167767 0.000000
v -2.692677 0.160864 0.000000
v -2.692558 0.158611 0.000000
v -2.692202 0.156554 0.000000
v -2.691608 0.154693 0.000000
v -2.690776 0.153028 0.000000
v -2.689707 0.151559 0.000000
v -2.688401 0.150285 0.000000
v -2.686856 0.149208 0.000000
v -2.685074 0.148326 0.000000
v -2.683054 0.147640 0.000000
v -2.680797 0.147151 0.000000
v -2.678303 0.146857 0.000000
v -2.675570 0.146759 0.000000
v -2.673701 0.146840 0.000000
v -2.671994 0.147084 0.000000
v -2.670449 0.147490 0.000000
v -2.669068 0.148059 0.000000
v -2.667848 0.148791 0.000000
v -2.666792 0.149685 0.000000
v -2.665898 0.150742 0.000000
v -2.665166 0.151961 0.000000
v -2.664597 0.153343 0.000000
v -2.664191 0.154887 0.000000
v -2.663947 0.156594 0.000000
v -2.663866 0.158463 0.000000
v -2.665666 0.254202 0.000000
v -2.665646 0.265314 0.000000
v -2.665583 0.275844 0.000000
v -2.665479 0.285789 0.000000
v -2.665333 0.295151 0.000000
v -2.665145 0.303930 0.000000
v -2.664916 0.312125 0.000000
v -2.664645 0.319736 0.000000
v -2.664333 0.326764 0.000000
v -2.663978 0.333208 0.000000
v -2.663582 0.339069 0.000000
v -2.663145 0.344346 0.000000
v -2.662665 0.349040 0.000000
v -2.665195 0.348050 0.000000
v -2.667784 0.346980 0.000000
v -2.670431 0.345832 0.000000
v -2.673136 0.344604 0.000000
v -2.675900 0.343298 0.000000
v -2.678721 0.341912 0.000000
v -2.681602 0.340447 0.000000
v -2.684541 0.338902 0.000000
v -2.687537 0.337279 0.000000
v -2.690593 0.335576 0.000000
v -2.693707 0.333794 0.000000
v -2.696879 0.331933 0.000000
v -2.770108 0.331933 0.000000
v -2.770108 0.379952 0.000000
v -2.674970 0.379952 0.000000
v -2.671331 0.379927 0.000000
v -2.667717 0.379852 0.000000
v -2.664128 0.379727 0.000000
v -2.660564 0.379552 0.000000
v -2.657025 0.379327 0.000000
v -2.653512 0.379052 0.000000
v -2.650023 0.378726 0.000000
v -2.646559 0.378351 0.000000
v -2.643120 0.377926 0.000000
v -2.639706 0.377451 0.000000
v -2.636317 0.376926 0.000000
v -2.632953 0.376351 0.000000
v -2.627551 0.398860 0.000000
v -2.631365 0.398284 0.000000
v -2.635204 0.397759 0.000000
v -2.639068 0.397284 0.000000
v -2.642957 0.396859 0.000000
v -2.646871 0.396484 0.000000
v -2.650810 0.396158 0.000000
v -2.654775 0.395883 0.000000
v -2.658764 0.395658 0.000000
v -2.662778 0.395483 0.000000
v -2.666817 0.395358 0.000000
v -2.670881 0.395283 0.000000
v -2.674970 0.395258 0.000000
v -2.770108 0.395258 0.000000
v -2.770108 0.447479 0.000000
v -2.760571 0.446185 0.000000
v -2.750867 0.445003 0.000000
v -2.740996 0.443934 0.000000
v -2.730959 0.442977 0.000000
v -2.720755 0.442133 0.000000
v -2.710384 0.441402 0.000000
v -2.699847 0.440783 0.000000
v -2.689142 0.440276 0.000000
v -2.678271 0.439882 0.000000
v -2.667233 0.439601 0.000000
v -2.656029 0.439432 0.000000
v -2.644658 0.439376 0.000000
v -2.644178 0.439405 0.000000
v -2.643741 0.439492 0.000000
v -2.643345 0.439638 0.000000
v -2.642990 0.439843 0.000000
v -2.642678 0.440105 0.000000
v -2.642407 0.440426 0.000000
v -2.642178 0.440805 0.000000
v -2.641990 0.441243 0.000000
v -2.641844 0.441739 0.000000
v -2.641740 0.442294 0.000000
v -2.641677 0.442906 0.000000
v -2.641657 0.443577 0.000000
v -2.641673 0.444109 0.000000
v -2.641723 0.444603 0.000000
v -2.641807 0.445059 0.000000
v -2.641924 0.445478 0.000000
v -2.642074 0.445860 0.000000
v -2.642257 0.446203 0.000000
v -2.642474 0.446510 0.000000
v -2.642724 0.446779 0.000000
v -2.643007 0.447010 0.000000
v -2.643324 0.447204 0.000000
v -2.643674 0.447360 0.000000
v -2.644058 0.447479 0.000000
v -2.662434 0.449173 0.000000
v -2.680347 0.451155 0.000000
v -2.697798 0.453425 0.000000
v -2.714786 0.455982 0.000000
v -2.731311 0.458827 0.000000
v -2.747374 0.461960 0.000000
v -2.762974 0.465380 0.000000
v -2.778111 0.469088 0.000000
v -2.792786 0.473083 0.000000
v -2.806998 0.477366 0.000000
v -2.820747 0.481937 0.000000
v -2.834034 0.486795 0.000000
v -2.839065 0.488700 0.000000
v -2.843854 0.490613 0.000000
v -2.848402 0.492535 0.000000
v -2.852708 0.494464 0.000000
v -2.856772 0.496403 0.000000
v -2.860594 0.498349 0.000000
v -2.864175 0.500304 0.000000
v -2.867513 0.502268 0.000000
v -2.870610 0.504239 0.000000
v -2.873466 0.506219 0.000000
v -2.876079 0.508207 0.000000
v -2.878451 0.510204 0.000000
v -2.883868 0.506025 0.000000
v -2.888814 0.502092 0.000000
v -2.893288 0.498406 0.000000
v -2.897292 0.494965 0.000000
v -2.900825 0.491770 0.000000
v -2.903886 0.488821 0.000000
v -2.906477 0.486117 0.000000
v -2.908597 0.483660 0.000000
v -2.910245 0.481449 0.000000
v -2.911423 0.479483 0.000000
v -2.912129 0.477764 0.000000
v -2.912365 0.476290 0.000000
v -2.912313 0.475619 0.000000
v -2.912156 0.475007 0.000000
v -2.911896 0.474452 0.000000
v -2.911531 0.473956 0.000000
v -2.911062 0.473519 0.000000
v -2.910489 0.473139 0.000000
v -2.909811 0.472818 0.000000
v -2.909030 0.472556 0.000000
v -2.908144 0.472351 0.000000
v -2.907154 0.472206 0.000000
v -2.906060 0.472118 0.000000
v -2.904862 0.472089 0.000000
v -2.903703 0.472122 0.000000
v -2.902428 0.472222 0.000000
v -2.901036 0.472389 0.000000
v -2.899527 0.472622 0.000000
v -2.897901 0.472923 0.000000
v -2.896159 0.473289 0.000000
v -2.894300 0.473723 0.000000
v -2.892324 0.474223 0.000000
v -2.890231 0.474790 0.000000
v -2.888022 0.475424 0.000000
v -2.885696 0.476124 0.000000
v -2.883253 0.476891 0.000000
v -2.876465 0.474336 0.000000
v -2.869606 0.471872 0.000000
v -2.862676 0.469500 0.000000
v -2.855675 0.467220 0.000000
v -2.848604 0.465032 0.000000
v -2.841461 0.462935 0.000000
v -2.834248 0.460930 0.000000
v -2.826964 0.459017 0.000000
v -2.819609 0.457195 0.000000
v -2.812183 0.455465 0.000000
v -2.804686 0.453827 0.000000
v -2.797119 0.452281 0.000000
v -2.797119 0.395258 0.000000
v -2.880852 0.395258 0.000000
v -2.884379 0.399476 0.000000
v -2.887655 0.403328 0.000000
v -2.890681 0.406813 0.000000
v -2.893457 0.409931 0.000000
v -2.895983 0.412682 0.000000
v -2.898259 0.415066 0.000000
v -2.900285 0.417083 0.000000
v -2.902061 0.418734 0.000000
v -2.903587 0.420018 0.000000
v -2.904862 0.420935 0.000000
v -2.905888 0.421485 0.000000
v -2.906663 0.421669 0.000000
v -2.907413 0.421523 0.000000
v -2.908463 0.421085 0.000000
v -2.909814 0.420356 0.000000
v -2.911465 0.419334 0.000000
v -2.913415 0.418021 0.000000
v -2.915666 0.416417 0.000000
v -2.918217 0.414520 0.000000
v -2.921069 0.412332 0.000000
v -2.924220 0.409851 0.000000
v -2.927671 0.407079 0.000000
v -2.931423 0.404016 0.000000
v -2.935474 0.400660 0.000000
v -2.937439 0.398995 0.000000
v -2.939234 0.397401 0.000000
v -2.940858 0.395877 0.000000
v -2.942310 0.394424 0.000000
v -2.943592 0.393043 0.000000
v -2.944703 0.391732 0.000000
v -2.945643 0.390492 0.000000
v -2.946412 0.389322 0.000000
v -2.947010 0.388224 0.000000
v -2.947438 0.387197 0.000000
v -2.947694 0.386240 0.000000
v -2.947779 0.385354 0.000000
v -2.947725 0.384491 0.000000
v -2.947562 0.383703 0.000000
v -2.947292 0.382991 0.000000
v -2.946912 0.382353 0.000000
v -2.946424 0.381790 0.000000
v -2.945828 0.381303 0.000000
v -2.945124 0.380890 0.000000
v -2.944311 0.380552 0.000000
v -2.943390 0.380290 0.000000
v -2.942360 0.380102 0.000000
v -2.941222 0.379989 0.000000
v -2.939976 0.379952 0.000000
v -2.797119 0.379952 0.000000
v -2.797119 0.331933 0.000000
v -2.875450 0.331933 0.000000
v -2.877724 0.334282 0.000000
v -2.879843 0.336426 0.000000
v -2.881809 0.338367 0.000000
v -2.883620 0.340103 0.000000
v -2.885277 0.341635 0.000000
v -2.886780 0.342962 0.000000
v -2.888128 0.344086 0.000000
v -2.889323 0.345005 0.000000
v -2.890363 0.345720 0.000000
v -2.891248 0.346230 0.000000
v -2.891980 0.346537 0.000000
v -2.892557 0.346639 0.000000
v -2.893143 0.346553 0.000000
v -2.893899 0.346297 0.000000
v -2.894827 0.345870 0.000000
v -2.895925 0.345271 0.000000
v -2.897194 0.344502 0.000000
v -2.898634 0.343562 0.000000
v -2.900245 0.342452 0.000000
v -2.902027 0.341170 0.000000
v -2.903980 0.339717 0.000000
v -2.906104 0.338094 0.000000
v -2.908399 0.336299 0.000000
v -2.910864 0.334334 0.000000
v -2.912350 0.333152 0.000000
v -2.913707 0.332008 0.000000
v -2.914935 0.330901 0.000000
v -2.916033 0.329832 0.000000
v -2.917002 0.328800 0.000000
v -2.917842 0.327806 0.000000
v -2.918553 0.326849 0.000000
v -2.919135 0.325930 0.000000
v -2.919587 0.325049 0.000000
v -2.919910 0.324205 0.000000
v -2.920104 0.323398 0.000000
v -2.920168 0.322629 0.000000
v -2.920066 0.321702 0.000000
v -2.919760 0.320720 0.000000
v -2.919249 0.319684 0.000000
v -2.918534 0.318594 0.000000
v -2.917615 0.317450 0.000000
v -2.916492 0.316252 0.000000
v -2.915164 0.314999 0.000000
v -2.913632 0.313692 0.000000
v -2.911896 0.312331 0.000000
v -2.909956 0.310916 0.000000
v -2.907811 0.309447 0.000000
v -2.905462 0.307923 0.000000
v -2.905462 0.261104 0.000000
v -2.905473 0.253160 0.000000
v -2.905504 0.245431 0.000000
v -2.905556 0.237920 0.000000
v -2.905629 0.230626 0.000000
v -2.905723 0.223548 0.000000
v -2.905838 0.216687 0.000000
v -2.905973 0.210042 0.000000
v -2.906129 0.203615 0.000000
v -2.906307 0.197404 0.000000
v -2.906504 0.191410 0.000000
v -2.906723 0.185633 0.000000
v -2.906963 0.180072 0.000000
v -2.907107 0.177673 0.000000
v -2.907238 0.175479 0.000000
v -2.907357 0.173488 0.000000
v -2.907463 0.171702 0.000000
v -2.907557 0.170120 0.000000
v -2.907638 0.168742 0.000000
v -2.907707 0.167569 0.000000
v -2.907763 0.166600 0.000000
v -2.907807 0.165835 0.000000
v -2.907838 0.165274 0.000000
v -2.907857 0.164918 0.000000
v -2.907863 0.164766 0.000000
v -2.907744 0.162513 0.000000
v -2.907388 0.160456 0.000000
v -2.906794 0.158595 0.000000
v -2.905962 0.156929 0.000000
v -2.904893 0.155460 0.000000
v -2.903587 0.154187 0.000000
v -2.902042 0.153109 0.000000
v -2.900260 0.152228 0.000000
v -2.898241 0.151542 0.000000
v -2.895983 0.151052 0.000000
v -2.893489 0.150758 0.000000
v -2.890756 0.150660 0.000000
v -2.888887 0.150742 0.000000
v -2.887180 0.150985 0.000000
v -2.885636 0.151392 0.000000
v -2.884254 0.151961 0.000000
v -2.883034 0.152692 0.000000
v -2.881978 0.153586 0.000000
v -2.881084 0.154643 0.000000
v -2.880352 0.155862 0.000000
v -2.879783 0.157244 0.000000
v -2.879377 0.158789 0.000000
v -2.879133 0.160495 0.000000
v -2.879052 0.162365 0.000000
v -2.879052 0.183073 0.000000
v -2.879052 0.243998 0.000000
v -2.797119 0.243998 0.000000
v -2.797119 0.183073 0.000000
v -2.879052 0.259304 0.000000
v -2.879052 0.316627 0.000000
v -2.797119 0.316627 0.000000
v -2.797119 0.259304 0.000000
v -2.770108 0.316627 0.000000
v -2.692677 0.316627 0.000000
v -2.692677 0.259304 0.000000
v -2.770108 0.259304 0.000000
v -2.692677 0.243998 0.000000
v -2.692677 0.183073 0.000000
v -2.770108 0.183073 0.000000
v -2.770108 0.243998 0.000000
v -2.355642 0.442677 0.000000
v -2.462485 0.442677 0.000000
v -2.464854 0.445218 0.000000
v -2.467062 0.447537 0.000000
v -2.469106 0.449636 0.000000
v -2.470988 0.451514 0.000000
v -2.472708 0.453171 0.000000
v -2.474265 0.454607 0.000000
v -2.475659 0.455822 0.000000
v -2.476891 0.456816 0.000000
v -2.477960 0.457589 0.000000
v -2.478866 0.458142 0.000000
v -2.479610 0.458473 0.000000
v -2.480192 0.458583 0.000000
v -2.480817 0.458456 0.000000
v -2.481693 0.458075 0.000000
v -2.482818 0.457439 0.000000
v -2.484194 0.456549 0.000000
v -2.485819 0.455405 0.000000
v -2.487695 0.454007 0.000000
v -2.489821 0.452354 0.000000
v -2.492197 0.450447 0.000000
v -2.494823 0.448286 0.000000
v -2.497699 0.445870 0.000000
v -2.500825 0.443200 0.000000
v -2.504202 0.440276 0.000000
v -2.505496 0.438953 0.000000
v -2.506677 0.437683 0.000000
v -2.507746 0.436468 0.000000
v -2.508703 0.435307 0.000000
v -2.509547 0.434201 0.000000
v -2.510278 0.433148 0.000000
v -2.510897 0.432150 0.000000
v -2.511404 0.431206 0.000000
v -2.511798 0.430316 0.000000
v -2.512079 0.429480 0.000000
v -2.512248 0.428699 0.000000
v -2.512305 0.427971 0.000000
v -2.512155 0.427160 0.000000
v -2.511705 0.426329 0.000000
v -2.510954 0.425476 0.000000
v -2.509904 0.424603 0.000000
v -2.508553 0.423709 0.000000
v -2.506903 0.422794 0.000000
v -2.504952 0.421858 0.000000
v -2.502701 0.420902 0.000000
v -2.500150 0.419924 0.000000
v -2.497299 0.418926 0.000000
v -2.494148 0.417907 0.000000
v -2.490696 0.416867 0.000000
v -2.482085 0.402705 0.000000
v -2.473256 0.389031 0.000000
v -2.464211 0.375844 0.000000
v -2.454949 0.363145 0.000000
v -2.445470 0.350934 0.000000
v -2.435774 0.339211 0.000000
v -2.425862 0.327975 0.000000
v -2.415733 0.317227 0.000000
v -2.405387 0.306967 0.000000
v -2.394825 0.297194 0.000000
v -2.384045 0.287909 0.000000
v -2.373049 0.279112 0.000000
v -2.363329 0.271871 0.000000
v -2.353275 0.264856 0.000000
v -2.342887 0.258066 0.000000
v -2.332166 0.251501 0.000000
v -2.321112 0.245161 0.000000
v -2.309724 0.239046 0.000000
v -2.298002 0.233156 0.000000
v -2.285948 0.227491 0.000000
v -2.273559 0.222051 0.000000
v -2.260838 0.216837 0.000000
v -2.247782 0.211847 0.000000
v -2.234394 0.207083 0.000000
v -2.234342 0.207083 0.000000
v -2.234285 0.207083 0.000000
v -2.234225 0.207083 0.000000
v -2.234160 0.207083 0.000000
v -2.234092 0.207083 0.000000
v -2.234019 0.207083 0.000000
v -2.233942 0.207083 0.000000
v -2.233860 0.207083 0.000000
v -2.233775 0.207083 0.000000
v -2.233685 0.207083 0.000000
v -2.233592 0.207083 0.000000
v -2.233493 0.207083 0.000000
v -2.232870 0.207118 0.000000
v -2.232301 0.207225 0.000000
v -2.231786 0.207402 0.000000
v -2.231326 0.207650 0.000000
v -2.230919 0.207969 0.000000
v -2.230567 0.208358 0.000000
v -2.230269 0.208819 0.000000
v -2.230025 0.209350 0.000000
v -2.229836 0.209953 0.000000
v -2.229700 0.210626 0.000000
v -2.229619 0.211370 0.000000
v -2.229592 0.212185 0.000000
v -2.229600 0.212477 0.000000
v -2.229625 0.212752 0.000000
v -2.229667 0.213010 0.000000
v -2.229725 0.213252 0.000000
v -2.229800 0.213477 0.000000
v -2.229892 0.213685 0.000000
v -2.230001 0.213877 0.000000
v -2.230126 0.214052 0.000000
v -2.230267 0.214211 0.000000
v -2.230426 0.214352 0.000000
v -2.230601 0.214477 0.000000
v -2.230792 0.214586 0.000000
v -2.245150 0.221685 0.000000
v -2.259012 0.228875 0.000000
v -2.272377 0.236157 0.000000
v -2.285247 0.243531 0.000000
v -2.297621 0.250996 0.000000
v -2.309499 0.258553 0.000000
v -2.320880 0.266202 0.000000
v -2.331766 0.273943 0.000000
v -2.342156 0.281775 0.000000
v -2.352049 0.289699 0.000000
v -2.361447 0.297715 0.000000
v -2.370348 0.305822 0.000000
v -2.378424 0.313682 0.000000
v -2.386446 0.321954 0.000000
v -2.394414 0.330638 0.000000
v -2.402328 0.339736 0.000000
v -2.410187 0.349246 0.000000
v -2.417992 0.359169 0.000000
v -2.425743 0.369504 0.000000
v -2.433440 0.380252 0.000000
v -2.441083 0.391413 0.000000
v -2.448671 0.402986 0.000000
v -2.456205 0.414972 0.000000
v -2.463685 0.427371 0.000000
v -2.344538 0.427371 0.000000
v -2.341341 0.423240 0.000000
v -2.338052 0.419151 0.000000
v -2.334671 0.415104 0.000000
v -2.331199 0.411098 0.000000
v -2.327635 0.407134 0.000000
v -2.323979 0.403211 0.000000
v -2.320232 0.399331 0.000000
v -2.316393 0.395492 0.000000
v -2.312462 0.391694 0.000000
v -2.308440 0.387938 0.000000
v -2.304326 0.384225 0.000000
v -2.300120 0.380552 0.000000
v -2.304895 0.379197 0.000000
v -2.309515 0.377734 0.000000
v -2.313982 0.376163 0.000000
v -2.318294 0.374483 0.000000
v -2.322452 0.372695 0.000000
v -2.326455 0.370798 0.000000
v -2.330305 0.368793 0.000000
v -2.334000 0.366680 0.000000
v -2.337541 0.364458 0.000000
v -2.340928 0.362128 0.000000
v -2.344160 0.359690 0.000000
v -2.347239 0.357143 0.000000
v -2.349636 0.354992 0.000000
v -2.351824 0.352841 0.000000
v -2.353804 0.350690 0.000000
v -2.355576 0.348539 0.000000
v -2.357139 0.346389 0.000000
v -2.358493 0.344238 0.000000
v -2.359640 0.342087 0.000000
v -2.360578 0.339936 0.000000
v -2.361307 0.337785 0.000000
v -2.361828 0.335634 0.000000
v -2.362141 0.333483 0.000000
v -2.362245 0.331333 0.000000
v -2.362220 0.330195 0.000000
v -2.362145 0.329082 0.000000
v -2.362020 0.327994 0.000000
v -2.361845 0.326931 0.000000
v -2.361620 0.325893 0.000000
v -2.361345 0.324880 0.000000
v -2.361019 0.323892 0.000000
v -2.360644 0.322929 0.000000
v -2.360219 0.321991 0.000000
v -2.359744 0.321078 0.000000
v -2.359219 0.320191 0.000000
v -2.358643 0.319328 0.000000
v -2.358137 0.318609 0.000000
v -2.357618 0.317952 0.000000
v -2.357086 0.317358 0.000000
v -2.356542 0.316827 0.000000
v -2.355986 0.316358 0.000000
v -2.355417 0.315951 0.000000
v -2.354836 0.315607 0.000000
v -2.354242 0.315326 0.000000
v -2.353635 0.315107 0.000000
v -2.353016 0.314951 0.000000
v -2.352385 0.314857 0.000000
v -2.351741 0.314826 0.000000
v -2.350130 0.314907 0.000000
v -2.348598 0.315151 0.000000
v -2.347145 0.315557 0.000000
v -2.345772 0.316126 0.000000
v -2.344477 0.316858 0.000000
v -2.343262 0.317752 0.000000
v -2.342126 0.318809 0.000000
v -2.341070 0.320028 0.000000
v -2.340092 0.321410 0.000000
v -2.339194 0.322954 0.000000
v -2.338375 0.324661 0.000000
v -2.337635 0.326531 0.000000
v -2.336776 0.328648 0.000000
v -2.335801 0.330799 0.000000
v -2.334709 0.332983 0.000000
v -2.333500 0.335201 0.000000
v -2.332174 0.337452 0.000000
v -2.330732 0.339736 0.000000
v -2.329173 0.342054 0.000000
v -2.327497 0.344404 0.000000
v -2.325705 0.346789 0.000000
v -2.323796 0.349206 0.000000
v -2.321770 0.351657 0.000000
v -2.319628 0.354142 0.000000
v -2.317475 0.356493 0.000000
v -2.315318 0.358743 0.000000
v -2.313156 0.360894 0.000000
v -2.310991 0.362945 0.000000
v -2.308821 0.364896 0.000000
v -2.306648 0.366747 0.000000
v -2.304470 0.368497 0.000000
v -2.302288 0.370148 0.000000
v -2.300101 0.371699 0.000000
v -2.297911 0.373149 0.000000
v -2.295716 0.374500 0.000000
v -2.293517 0.375750 0.000000
v -2.290303 0.373256 0.000000
v -2.286865 0.370673 0.000000
v -2.283201 0.368003 0.000000
v -2.279311 0.365246 0.000000
v -2.275197 0.362401 0.000000
v -2.270858 0.359469 0.000000
v -2.266294 0.356449 0.000000
v -2.261504 0.353341 0.000000
v -2.256490 0.350146 0.000000
v -2.251250 0.346864 0.000000
v -2.245785 0.343494 0.000000
v -2.240096 0.340036 0.000000
v -2.239996 0.339988 0.000000
v -2.239896 0.339944 0.000000
v -2.239795 0.339905 0.000000
v -2.239695 0.339869 0.000000
v -2.239595 0.339838 0.000000
v -2.239495 0.339811 0.000000
v -2.239395 0.339788 0.000000
v -2.239295 0.339769 0.000000
v -2.239195 0.339755 0.000000
v -2.239094 0.339744 0.000000
v -2.238994 0.339738 0.000000
v -2.238895 0.339736 0.000000
v -2.238128 0.339771 0.000000
v -2.237428 0.339878 0.000000
v -2.236795 0.340055 0.000000
v -2.236228 0.340303 0.000000
v -2.235728 0.340622 0.000000
v -2.235294 0.341011 0.000000
v -2.234927 0.341472 0.000000
v -2.234627 0.342003 0.000000
v -2.234394 0.342606 0.000000
v -2.234227 0.343279 0.000000
v -2.234127 0.344023 0.000000
v -2.234094 0.344838 0.000000
v -2.234100 0.345082 0.000000
v -2.234119 0.345313 0.000000
v -2.234150 0.345532 0.000000
v -2.234194 0.345738 0.000000
v -2.234250 0.345932 0.000000
v -2.234319 0.346113 0.000000
v -2.234400 0.346282 0.000000
v -2.234494 0.346439 0.000000
v -2.234600 0.346582 0.000000
v -2.234719 0.346714 0.000000
v -2.234850 0.346832 0.000000
v -2.234994 0.346939 0.000000
v -2.246142 0.355228 0.000000
v -2.256878 0.363887 0.000000
v -2.267200 0.372918 0.000000
v -2.277111 0.382320 0.000000
v -2.286608 0.392092 0.000000
v -2.295693 0.402236 0.000000
v -2.304365 0.412751 0.000000
v -2.312625 0.423636 0.000000
v -2.320472 0.434893 0.000000
v -2.327906 0.446520 0.000000
v -2.334928 0.458519 0.000000
v -2.341537 0.470888 0.000000
v -2.343298 0.474504 0.000000
v -2.344980 0.478050 0.000000
v -2.346582 0.481524 0.000000
v -2.348106 0.484927 0.000000
v -2.349550 0.488260 0.000000
v -2.350915 0.491522 0.000000
v -2.352201 0.494712 0.000000
v -2.353408 0.497832 0.000000
v -2.354535 0.500881 0.000000
v -2.355584 0.503860 0.000000
v -2.356553 0.506767 0.000000
v -2.357443 0.509604 0.000000
v -2.362670 0.507803 0.000000
v -2.367547 0.506102 0.000000
v -2.372074 0.504502 0.000000
v -2.376250 0.503001 0.000000
v -2.380077 0.501601 0.000000
v -2.383553 0.500300 0.000000
v -2.386679 0.499100 0.000000
v -2.389456 0.497999 0.000000
v -2.391881 0.496999 0.000000
v -2.393957 0.496098 0.000000
v -2.395683 0.495298 0.000000
v -2.397059 0.494598 0.000000
v -2.397874 0.494139 0.000000
v -2.398618 0.493664 0.000000
v -2.399291 0.493172 0.000000
v -2.399893 0.492664 0.000000
v -2.400424 0.492139 0.000000
v -2.400885 0.491597 0.000000
v -2.401275 0.491038 0.000000
v -2.401594 0.490463 0.000000
v -2.401842 0.489871 0.000000
v -2.402019 0.489262 0.000000
v -2.402125 0.488637 0.000000
v -2.402161 0.487995 0.000000
v -2.401990 0.486870 0.000000
v -2.401477 0.485794 0.000000
v -2.400623 0.484769 0.000000
v -2.399426 0.483793 0.000000
v -2.397888 0.482868 0.000000
v -2.396008 0.481993 0.000000
v -2.393786 0.481167 0.000000
v -2.391223 0.480392 0.000000
v -2.388318 0.479667 0.000000
v -2.385070 0.478992 0.000000
v -2.381481 0.478366 0.000000
v -2.377551 0.477791 0.000000
v -2.375656 0.474704 0.000000
v -2.373774 0.471647 0.000000
v -2.371905 0.468619 0.000000
v -2.370048 0.465620 0.000000
v -2.368203 0.462650 0.000000
v -2.366371 0.459709 0.000000
v -2.364552 0.456797 0.000000
v -2.362745 0.453915 0.000000
v -2.360950 0.451062 0.000000
v -2.359169 0.448238 0.000000
v -2.357399 0.445443 0.000000
v -2.105342 0.317827 0.000000
v -2.057323 0.317827 0.000000
v -2.054399 0.317806 0.000000
v -2.051429 0.317744 0.000000
v -2.048413 0.317640 0.000000
v -2.045352 0.317494 0.000000
v -2.042244 0.317306 0.000000
v -2.039091 0.317077 0.000000
v -2.035892 0.316806 0.000000
v -2.032646 0.316493 0.000000
v -2.029356 0.316139 0.000000
v -2.026019 0.315743 0.000000
v -2.022636 0.315305 0.000000
v -2.019208 0.314826 0.000000
v -2.013805 0.336735 0.000000
v -2.017363 0.336159 0.000000
v -2.020933 0.335634 0.000000
v -2.024516 0.335159 0.000000
v -2.028111 0.334734 0.000000
v -2.031719 0.334359 0.000000
v -2.035339 0.334034 0.000000
v -2.038972 0.333759 0.000000
v -2.042617 0.333533 0.000000
v -2.046275 0.333358 0.000000
v -2.049945 0.333233 0.000000
v -2.053627 0.333158 0.000000
v -2.057323 0.333133 0.000000
v -2.108343 0.333133 0.000000
v -2.108343 0.436975 0.000000
v -2.102247 0.435297 0.000000
v -2.095963 0.433665 0.000000
v -2.089492 0.432079 0.000000
v -2.082833 0.430539 0.000000
v -2.075987 0.429045 0.000000
v -2.068953 0.427596 0.000000
v -2.061731 0.426193 0.000000
v -2.054322 0.424837 0.000000
v -2.046725 0.423526 0.000000
v -2.038940 0.422261 0.000000
v -2.030968 0.421041 0.000000
v -2.022809 0.419868 0.000000
v -2.022186 0.419814 0.000000
v -2.021617 0.419851 0.000000
v -2.021102 0.419980 0.000000
v -2.020641 0.420201 0.000000
v -2.020235 0.420514 0.000000
v -2.019883 0.420918 0.000000
v -2.019585 0.421414 0.000000
v -2.019341 0.422002 0.000000
v -2.019151 0.422682 0.000000
v -2.019016 0.423453 0.000000
v -2.018934 0.424316 0.000000
v -2.018908 0.425270 0.000000
v -2.018922 0.425752 0.000000
v -2.018966 0.426195 0.000000
v -2.019039 0.426602 0.000000
v -2.019141 0.426971 0.000000
v -2.019272 0.427302 0.000000
v -2.019433 0.427596 0.000000
v -2.019622 0.427852 0.000000
v -2.019841 0.428071 0.000000
v -2.020089 0.428253 0.000000
v -2.020366 0.428396 0.000000
v -2.020673 0.428503 0.000000
v -2.021008 0.428571 0.000000
v -2.034172 0.431989 0.000000
v -2.046952 0.435541 0.000000
v -2.059349 0.439226 0.000000
v -2.071362 0.443044 0.000000
v -2.082991 0.446995 0.000000
v -2.094238 0.451080 0.000000
v -2.105100 0.455299 0.000000
v -2.115579 0.459651 0.000000
v -2.125675 0.464136 0.000000
v -2.135387 0.468754 0.000000
v -2.144716 0.473506 0.000000
v -2.153661 0.478391 0.000000
v -2.157361 0.480463 0.000000
v -2.160956 0.482576 0.000000
v -2.164447 0.484731 0.000000
v -2.167833 0.486928 0.000000
v -2.171116 0.489166 0.000000
v -2.174294 0.491447 0.000000
v -2.177368 0.493768 0.000000
v -2.180338 0.496132 0.000000
v -2.183204 0.498537 0.000000
v -2.185966 0.500984 0.000000
v -2.188623 0.503472 0.000000
v -2.191176 0.506002 0.000000
v -2.195003 0.503420 0.000000
v -2.198580 0.500975 0.000000
v -2.201906 0.498668 0.000000
v -2.204982 0.496499 0.000000
v -2.207808 0.494467 0.000000
v -2.210385 0.492572 0.000000
v -2.212711 0.490815 0.000000
v -2.214787 0.489196 0.000000
v -2.216612 0.487714 0.000000
v -2.218188 0.486370 0.000000
v -2.219514 0.485163 0.000000
v -2.220588 0.484094 0.000000
v -2.221211 0.483439 0.000000
v -2.221780 0.482776 0.000000
v -2.222295 0.482105 0.000000
v -2.222756 0.481426 0.000000
v -2.223162 0.480738 0.000000
v -2.223514 0.480042 0.000000
v -2.223812 0.479338 0.000000
v -2.224056 0.478625 0.000000
v -2.224246 0.477904 0.000000
v -2.224381 0.477174 0.000000
v -2.224463 0.476436 0.000000
v -2.224490 0.475690 0.000000
v -2.224415 0.474732 0.000000
v -2.224190 0.473856 0.000000
v -2.223814 0.473064 0.000000
v -2.223289 0.472356 0.000000
v -2.222614 0.471730 0.000000
v -2.221788 0.471188 0.000000
v -2.220813 0.470730 0.000000
v -2.219687 0.470355 0.000000
v -2.218412 0.470063 0.000000
v -2.216986 0.469855 0.000000
v -2.215411 0.469730 0.000000
v -2.213685 0.469688 0.000000
v -2.212614 0.469705 0.000000
v -2.211501 0.469755 0.000000
v -2.210346 0.469838 0.000000
v -2.209150 0.469955 0.000000
v -2.207912 0.470105 0.000000
v -2.206632 0.470288 0.000000
v -2.205311 0.470505 0.000000
v -2.203948 0.470755 0.000000
v -2.202543 0.471038 0.000000
v -2.201097 0.471355 0.000000
v -2.199609 0.471705 0.000000
v -2.198079 0.472089 0.000000
v -2.193980 0.469796 0.000000
v -2.189684 0.467520 0.000000
v -2.185193 0.465261 0.000000
v -2.180505 0.463019 0.000000
v -2.175622 0.460793 0.000000
v -2.170543 0.458583 0.000000
v -2.165268 0.456391 0.000000
v -2.159797 0.454215 0.000000
v -2.154130 0.452056 0.000000
v -2.148268 0.449913 0.000000
v -2.142209 0.447787 0.000000
v -2.135954 0.445678 0.000000
v -2.135954 0.333133 0.000000
v -2.170468 0.333133 0.000000
v -2.173513 0.336872 0.000000
v -2.176345 0.340286 0.000000
v -2.178965 0.343375 0.000000
v -2.181372 0.346138 0.000000
v -2.183567 0.348577 0.000000
v -2.185549 0.350690 0.000000
v -2.187319 0.352479 0.000000
v -2.188875 0.353942 0.000000
v -2.190220 0.355080 0.000000
v -2.191351 0.355892 0.000000
v -2.192271 0.356380 0.000000
v -2.192977 0.356543 0.000000
v -2.193715 0.356405 0.000000
v -2.194728 0.355992 0.000000
v -2.196016 0.355305 0.000000
v -2.197579 0.354342 0.000000
v -2.199417 0.353104 0.000000
v -2.201530 0.351591 0.000000
v -2.203919 0.349802 0.000000
v -2.206582 0.347739 0.000000
v -2.209521 0.345401 0.000000
v -2.212735 0.342787 0.000000
v -2.216224 0.339898 0.000000
v -2.219988 0.336735 0.000000
v -2.221570 0.335357 0.000000
v -2.223014 0.334025 0.000000
v -2.224321 0.332739 0.000000
v -2.225490 0.331499 0.000000
v -2.226522 0.330305 0.000000
v -2.227416 0.329157 0.000000
v -2.228172 0.328054 0.000000
v -2.228791 0.326997 0.000000
v -2.229273 0.325987 0.000000
v -2.229616 0.325022 0.000000
v -2.229823 0.324103 0.000000
v -2.229892 0.323229 0.000000
v -2.229838 0.322366 0.000000
v -2.229675 0.321579 0.000000
v -2.229404 0.320866 0.000000
v -2.229025 0.320228 0.000000
v -2.228537 0.319665 0.000000
v -2.227941 0.319178 0.000000
v -2.227237 0.318765 0.000000
v -2.226424 0.318427 0.000000
v -2.225503 0.318165 0.000000
v -2.224473 0.317977 0.000000
v -2.223335 0.317865 0.000000
v -2.222089 0.317827 0.000000
v -2.135954 0.317827 0.000000
v -2.135954 0.275510 0.000000
v -2.142007 0.273207 0.000000
v -2.147859 0.270800 0.000000
v -2.153511 0.268289 0.000000
v -2.158963 0.265673 0.000000
v -2.164216 0.262953 0.000000
v -2.169268 0.260129 0.000000
v -2.174119 0.257201 0.000000
v -2.178771 0.254168 0.000000
v -2.183223 0.251032 0.000000
v -2.187475 0.247791 0.000000
v -2.191526 0.244446 0.000000
v -2.195378 0.240996 0.000000
v -2.198350 0.238064 0.000000
v -2.201064 0.235169 0.000000
v -2.203519 0.232312 0.000000
v -2.205716 0.229492 0.000000
v -2.207654 0.226709 0.000000
v -2.209334 0.223965 0.000000
v -2.210756 0.221257 0.000000
v -2.211919 0.218587 0.000000
v -2.212823 0.215955 0.000000
v -2.213469 0.213360 0.000000
v -2.213857 0.210803 0.000000
v -2.213985 0.208283 0.000000
v -2.213892 0.205455 0.000000
v -2.213610 0.202873 0.000000
v -2.213141 0.200536 0.000000
v -2.212485 0.198446 0.000000
v -2.211641 0.196602 0.000000
v -2.210609 0.195003 0.000000
v -2.209390 0.193650 0.000000
v -2.207983 0.192544 0.000000
v -2.206389 0.191683 0.000000
v -2.204607 0.191068 0.000000
v -2.202637 0.190699 0.000000
v -2.200480 0.190576 0.000000
v -2.199140 0.190670 0.000000
v -2.197821 0.190951 0.000000
v -2.196522 0.191420 0.000000
v -2.195245 0.192077 0.000000
v -2.193988 0.192921 0.000000
v -2.192752 0.193953 0.000000
v -2.191537 0.195172 0.000000
v -2.190343 0.196579 0.000000
v -2.189169 0.198173 0.000000
v -2.188017 0.199955 0.000000
v -2.186885 0.201925 0.000000
v -2.185774 0.204082 0.000000
v -2.182540 0.210745 0.000000
v -2.179138 0.217129 0.000000
v -2.175570 0.223233 0.000000
v -2.171835 0.229058 0.000000
v -2.167934 0.234604 0.000000
v -2.163866 0.239871 0.000000
v -2.159631 0.244858 0.000000
v -2.155229 0.249567 0.000000
v -2.150660 0.253995 0.000000
v -2.145925 0.258145 0.000000
v -2.141023 0.262015 0.000000
v -2.135954 0.265606 0.000000
v -2.135954 0.147059 0.000000
v -2.137755 -0.025210 0.000000
v -2.137619 -0.027559 0.000000
v -2.137213 -0.029704 0.000000
v -2.136536 -0.031644 0.000000
v -2.135587 -0.033380 0.000000
v -2.134368 -0.034912 0.000000
v -2.132878 -0.036239 0.000000
v -2.131117 -0.037363 0.000000
v -2.129085 -0.038282 0.000000
v -2.126782 -0.038997 0.000000
v -2.124208 -0.039507 0.000000
v -2.121363 -0.039814 0.000000
v -2.118247 -0.039916 0.000000
v -2.116186 -0.039835 0.000000
v -2.114304 -0.039591 0.000000
v -2.112601 -0.039184 0.000000
v -2.111078 -0.038615 0.000000
v -2.109733 -0.037884 0.000000
v -2.108568 -0.036990 0.000000
v -2.107582 -0.035933 0.000000
v -2.106776 -0.034714 0.000000
v -2.106148 -0.033332 0.000000
v -2.105700 -0.031788 0.000000
v -2.105432 -0.030081 0.000000
v -2.105342 -0.028211 0.000000
v -2.105346 -0.027907 0.000000
v -2.105359 -0.027294 0.000000
v -2.105379 -0.026373 0.000000
v -2.105408 -0.025143 0.000000
v -2.105446 -0.023605 0.000000
v -2.105492 -0.021759 0.000000
v -2.105546 -0.019604 0.000000
v -2.105608 -0.017140 0.000000
v -2.105679 -0.014368 0.000000
v -2.105758 -0.011288 0.000000
v -2.105846 -0.007899 0.000000
v -2.105942 -0.004202 0.000000
v -2.106292 0.009841 0.000000
v -2.106643 0.025160 0.000000
v -2.106993 0.041754 0.000000
v -2.107343 0.059624 0.000000
v -2.107693 0.078769 0.000000
v -2.108044 0.099190 0.000000
v -2.108394 0.120886 0.000000
v -2.108744 0.143858 0.000000
v -2.109094 0.168105 0.000000
v -2.109445 0.193627 0.000000
v -2.109795 0.220426 0.000000
v -2.110144 0.248499 0.000000
v -2.103179 0.233450 0.000000
v -2.095888 0.218712 0.000000
v -2.088273 0.204288 0.000000
v -2.080332 0.190176 0.000000
v -2.072066 0.176377 0.000000
v -2.063475 0.162890 0.000000
v -2.054559 0.149716 0.000000
v -2.045318 0.136855 0.000000
v -2.035752 0.124306 0.000000
v -2.025860 0.112070 0.000000
v -2.015644 0.100146 0.000000
v -2.005102 0.088535 0.000000
v -2.004998 0.088440 0.000000
v -2.004885 0.088352 0.000000
v -2.004764 0.088273 0.000000
v -2.004635 0.088202 0.000000
v -2.004498 0.088139 0.000000
v -2.004352 0.088085 0.000000
v -2.004197 0.088039 0.000000
v -2.004035 0.088002 0.000000
v -2.003864 0.087973 0.000000
v -2.003685 0.087952 0.000000
v -2.003497 0.087939 0.000000
v -2.003301 0.087935 0.000000
v -2.002438 0.087964 0.000000
v -2.001651 0.088052 0.000000
v -2.000938 0.088198 0.000000
v -2.000300 0.088402 0.000000
v -1.999737 0.088665 0.000000
v -1.999250 0.088986 0.000000
v -1.998837 0.089365 0.000000
v -1.998499 0.089803 0.000000
v -1.998237 0.090299 0.000000
v -1.998049 0.090853 0.000000
v -1.997936 0.091466 0.000000
v -1.997899 0.092137 0.000000
v -1.997903 0.092239 0.000000
v -1.997916 0.092345 0.000000
v -1.997937 0.092456 0.000000
v -1.997966 0.092570 0.000000
v -1.998003 0.092689 0.000000
v -1.998049 0.092812 0.000000
v -1.998103 0.092939 0.000000
v -1.998166 0.093071 0.000000
v -1.998237 0.093206 0.000000
v -1.998316 0.093346 0.000000
v -1.998403 0.093489 0.000000
v -1.998499 0.093637 0.000000
v -2.010383 0.110325 0.000000
v -2.021725 0.127376 0.000000
v -2.032525 0.144789 0.000000
v -2.042783 0.162565 0.000000
v -2.052500 0.180704 0.000000
v -2.061675 0.199205 0.000000
v -2.070307 0.218068 0.000000
v -2.078398 0.237295 0.000000
v -2.085947 0.256884 0.000000
v -2.092954 0.276836 0.000000
v -2.099419 0.297150 0.000000
v -2.342137 0.161164 0.000000
v -2.333121 0.153643 0.000000
v -2.323880 0.146384 0.000000
v -2.314413 0.139387 0.000000
v -2.304722 0.132653 0.000000
v -2.294805 0.126182 0.000000
v -2.284664 0.119973 0.000000
v -2.274297 0.114027 0.000000
v -2.263705 0.108343 0.000000
v -2.252888 0.102922 0.000000
v -2.241847 0.097764 0.000000
v -2.230580 0.092868 0.000000
v -2.219088 0.088235 0.000000
v -2.219036 0.088187 0.000000
v -2.218979 0.088144 0.000000
v -2.218919 0.088104 0.000000
v -2.218854 0.088069 0.000000
v -2.218785 0.088037 0.000000
v -2.218712 0.088010 0.000000
v -2.218635 0.087987 0.000000
v -2.218554 0.087969 0.000000
v -2.218468 0.087954 0.000000
v -2.218379 0.087944 0.000000
v -2.218285 0.087937 0.000000
v -2.218187 0.087935 0.000000
v -2.217468 0.087969 0.000000
v -2.216811 0.088069 0.000000
v -2.216218 0.088235 0.000000
v -2.215686 0.088469 0.000000
v -2.215217 0.088769 0.000000
v -2.214811 0.089136 0.000000
v -2.214467 0.089569 0.000000
v -2.214185 0.090069 0.000000
v -2.213967 0.090636 0.000000
v -2.213810 0.091270 0.000000
v -2.213716 0.091970 0.000000
v -2.213685 0.092737 0.000000
v -2.213694 0.092981 0.000000
v -2.213719 0.093212 0.000000
v -2.213760 0.093431 0.000000
v -2.213819 0.093637 0.000000
v -2.213894 0.093831 0.000000
v -2.213986 0.094013 0.000000
v -2.214094 0.094181 0.000000
v -2.214219 0.094338 0.000000
v -2.214361 0.094482 0.000000
v -2.214519 0.094613 0.000000
v -2.214694 0.094732 0.000000
v -2.214886 0.094838 0.000000
v -2.231711 0.104394 0.000000
v -2.247974 0.114354 0.000000
v -2.263674 0.124719 0.000000
v -2.278811 0.135488 0.000000
v -2.293386 0.146661 0.000000
v -2.307398 0.158238 0.000000
v -2.320847 0.170220 0.000000
v -2.333733 0.182606 0.000000
v -2.346057 0.195397 0.000000
v -2.357818 0.208592 0.000000
v -2.369016 0.222191 0.000000
v -2.379652 0.236194 0.000000
v -2.383558 0.241551 0.000000
v -2.387272 0.246815 0.000000
v -2.390794 0.251988 0.000000
v -2.394124 0.257069 0.000000
v -2.397263 0.262059 0.000000
v -2.400210 0.266957 0.000000
v -2.402965 0.271763 0.000000
v -2.405529 0.276477 0.000000
v -2.407901 0.281100 0.000000
v -2.410081 0.285631 0.000000
v -2.412069 0.290070 0.000000
v -2.413866 0.294418 0.000000
v -2.421152 0.292027 0.000000
v -2.427804 0.289758 0.000000
v -2.433824 0.287609 0.000000
v -2.439209 0.285581 0.000000
v -2.443961 0.283674 0.000000
v -2.448079 0.281888 0.000000
v -2.451564 0.280223 0.000000
v -2.454415 0.278678 0.000000
v -2.456633 0.277255 0.000000
v -2.458217 0.275952 0.000000
v -2.459167 0.274770 0.000000
v -2.459484 0.273709 0.000000
v -2.459300 0.272344 0.000000
v -2.458750 0.271050 0.000000
v -2.457833 0.269827 0.000000
v -2.456549 0.268674 0.000000
v -2.454899 0.267592 0.000000
v -2.452881 0.266582 0.000000
v -2.450497 0.265642 0.000000
v -2.447746 0.264773 0.000000
v -2.444628 0.263974 0.000000
v -2.441143 0.263247 0.000000
v -2.437291 0.262590 0.000000
v -2.433073 0.262005 0.000000
v -2.432658 0.261469 0.000000
v -2.432115 0.260763 0.000000
v -2.431442 0.259885 0.000000
v -2.430639 0.258837 0.000000
v -2.429708 0.257618 0.000000
v -2.428647 0.256227 0.000000
v -2.427457 0.254666 0.000000
v -2.426138 0.252935 0.000000
v -2.424690 0.251032 0.000000
v -2.423112 0.248958 0.000000
v -2.421405 0.246713 0.000000
v -2.419568 0.244298 0.000000
v -2.418482 0.242822 0.000000
v -2.417425 0.241397 0.000000
v -2.416398 0.240021 0.000000
v -2.415399 0.238695 0.000000
v -2.414430 0.237420 0.000000
v -2.413490 0.236194 0.000000
v -2.412579 0.235019 0.000000
v -2.411698 0.233894 0.000000
v -2.410845 0.232818 0.000000
v -2.410022 0.231793 0.000000
v -2.409228 0.230817 0.000000
v -2.408463 0.229892 0.000000
v -2.518908 0.229892 0.000000
v -2.521375 0.232528 0.000000
v -2.523676 0.234936 0.000000
v -2.525810 0.237114 0.000000
v -2.527778 0.239062 0.000000
v -2.529578 0.240782 0.000000
v -2.531212 0.242272 0.000000
v -2.532680 0.243533 0.000000
v -2.533980 0.244564 0.000000
v -2.535114 0.245367 0.000000
v -2.536081 0.245940 0.000000
v -2.536881 0.246284 0.000000
v -2.537515 0.246399 0.000000
v -2.538151 0.246263 0.000000
v -2.539057 0.245857 0.000000
v -2.540235 0.245179 0.000000
v -2.541683 0.244231 0.000000
v -2.543403 0.243012 0.000000
v -2.545393 0.241522 0.000000
v -2.547654 0.239760 0.000000
v -2.550187 0.237728 0.000000
v -2.552990 0.235425 0.000000
v -2.556064 0.232851 0.000000
v -2.559409 0.230007 0.000000
v -2.563025 0.226891 0.000000
v -2.564127 0.225759 0.000000
v -2.565134 0.224665 0.000000
v -2.566045 0.223608 0.000000
v -2.566860 0.222589 0.000000
v -2.567579 0.221607 0.000000
v -2.568202 0.220663 0.000000
v -2.568729 0.219757 0.000000
v -2.569161 0.218888 0.000000
v -2.569496 0.218056 0.000000
v -2.569736 0.217262 0.000000
v -2.569880 0.216505 0.000000
v -2.569928 0.215786 0.000000
v -2.569776 0.214784 0.000000
v -2.569319 0.213777 0.000000
v -2.568559 0.212766 0.000000
v -2.567494 0.211751 0.000000
v -2.566124 0.210732 0.000000
v -2.564451 0.209709 0.000000
v -2.562473 0.208681 0.000000
v -2.560191 0.207650 0.000000
v -2.557604 0.206614 0.000000
v -2.554713 0.205574 0.000000
v -2.551518 0.204530 0.000000
v -2.548019 0.203481 0.000000
v -2.538417 0.186637 0.000000
v -2.528419 0.170418 0.000000
v -2.518026 0.154824 0.000000
v -2.507236 0.139856 0.000000
v -2.496050 0.125513 0.000000
v -2.484469 0.111795 0.000000
v -2.472491 0.098702 0.000000
v -2.460117 0.086234 0.000000
v -2.447348 0.074392 0.000000
v -2.434182 0.063175 0.000000
v -2.420620 0.052584 0.000000
v -2.406662 0.042617 0.000000
v -2.393564 0.034059 0.000000
v -2.379977 0.025894 0.000000
v -2.365902 0.018120 0.000000
v -2.351340 0.010738 0.000000
v -2.336291 0.003747 0.000000
v -2.320753 -0.002851 0.000000
v -2.304728 -0.009058 0.000000
v -2.288215 -0.014873 0.000000
v -2.271215 -0.020296 0.000000
v -2.253726 -0.025327 0.000000
v -2.235751 -0.029966 0.000000
v -2.217287 -0.034214 0.000000
v -2.216616 -0.034270 0.000000
v -2.216003 -0.034239 0.000000
v -2.215449 -0.034120 0.000000
v -2.214952 -0.033914 0.000000
v -2.214515 -0.033620 0.000000
v -2.214135 -0.033238 0.000000
v -2.213814 -0.032769 0.000000
v -2.213552 -0.032213 0.000000
v -2.213348 -0.031569 0.000000
v -2.213202 -0.030837 0.000000
v -2.213114 -0.030018 0.000000
v -2.213085 -0.029112 0.000000
v -2.213098 -0.028770 0.000000
v -2.213135 -0.028445 0.000000
v -2.213197 -0.028136 0.000000
v -2.213285 -0.027844 0.000000
v -2.213398 -0.027569 0.000000
v -2.213535 -0.027311 0.000000
v -2.213698 -0.027069 0.000000
v -2.213885 -0.026844 0.000000
v -2.214098 -0.026636 0.000000
v -2.214336 -0.026444 0.000000
v -2.214598 -0.026269 0.000000
v -2.214886 -0.026110 0.000000
v -2.248003 -0.015635 0.000000
v -2.279729 -0.003418 0.000000
v -2.310062 0.010542 0.000000
v -2.339002 0.026244 0.000000
v -2.366551 0.043688 0.000000
v -2.392707 0.062875 0.000000
v -2.417471 0.083804 0.000000
v -2.440843 0.106476 0.000000
v -2.462823 0.130890 0.000000
v -2.483410 0.157046 0.000000
v -2.502605 0.184945 0.000000
v -2.520408 0.214586 0.000000
v -2.394958 0.214586 0.000000
v -2.392157 0.211272 0.000000
v -2.389156 0.207833 0.000000
v -2.385954 0.204269 0.000000
v -2.382553 0.200580 0.000000
v -2.378952 0.196766 0.000000
v -2.375150 0.192827 0.000000
v -2.371148 0.188763 0.000000
v -2.366947 0.184574 0.000000
v -2.362545 0.180260 0.000000
v -2.357943 0.175820 0.000000
v -2.353141 0.171256 0.000000
v -2.348139 0.166567 0.000000
v -2.353297 0.164918 0.000000
v -2.358268 0.163174 0.000000
v -2.363051 0.161333 0.000000
v -2.367647 0.159397 0.000000
v -2.372055 0.157365 0.000000
v -2.376276 0.155237 0.000000
v -2.380308 0.153013 0.000000
v -2.384154 0.150694 0.000000
v -2.387811 0.148278 0.000000
v -2.391282 0.145767 0.000000
v -2.394564 0.143159 0.000000
v -2.397659 0.140456 0.000000
v -2.400056 0.138153 0.000000
v -2.402244 0.135846 0.000000
v -2.404224 0.133535 0.000000
v -2.405996 0.131219 0.000000
v -2.407559 0.128899 0.000000
v -2.408913 0.126576 0.000000
v -2.410060 0.124248 0.000000
v -2.410998 0.121915 0.000000
v -2.411727 0.119579 0.000000
v -2.412248 0.117239 0.000000
v -2.412561 0.114894 0.000000
v -2.412665 0.112545 0.000000
v -2.412580 0.109621 0.000000
v -2.412323 0.106951 0.000000
v -2.411896 0.104536 0.000000
v -2.411298 0.102374 0.000000
v -2.410529 0.100467 0.000000
v -2.409589 0.098815 0.000000
v -2.408478 0.097416 0.000000
v -2.407196 0.096272 0.000000
v -2.405744 0.095382 0.000000
v -2.404120 0.094746 0.000000
v -2.402325 0.094365 0.000000
v -2.400360 0.094238 0.000000
v -2.398987 0.094315 0.000000
v -2.397667 0.094546 0.000000
v -2.396402 0.094932 0.000000
v -2.395191 0.095472 0.000000
v -2.394034 0.096166 0.000000
v -2.392932 0.097014 0.000000
v -2.391884 0.098016 0.000000
v -2.390889 0.099173 0.000000
v -2.389950 0.100484 0.000000
v -2.389064 0.101949 0.000000
v -2.388232 0.103569 0.000000
v -2.387455 0.105342 0.000000
v -2.384848 0.111461 0.000000
v -2.382028 0.117314 0.000000
v -2.378995 0.122899 0.000000
v -2.375750 0.128218 0.000000
v -2.372293 0.133270 0.000000
v -2.368623 0.138055 0.000000
v -2.364740 0.142574 0.000000
v -2.360644 0.146825 0.000000
v -2.356336 0.150810 0.000000
v -2.351816 0.154528 0.000000
v -2.347083 0.157980 0.000000
v -1.904562 0.298319 0.000000
v -1.906633 0.298257 0.000000
v -1.908647 0.298069 0.000000
v -1.910602 0.297757 0.000000
v -1.912498 0.297319 0.000000
v -1.914336 0.296756 0.000000
v -1.916116 0.296068 0.000000
v -1.917838 0.295256 0.000000
v -1.919501 0.294318 0.000000
v -1.921106 0.293255 0.000000
v -1.922652 0.292067 0.000000
v -1.924140 0.290754 0.000000
v -1.925570 0.289316 0.000000
v -1.926721 0.287994 0.000000
v -1.927771 0.286631 0.000000
v -1.928721 0.285227 0.000000
v -1.929572 0.283780 0.000000
v -1.930322 0.282292 0.000000
v -1.930972 0.280762 0.000000
v -1.931522 0.279191 0.000000
v -1.931973 0.277578 0.000000
v -1.932323 0.275923 0.000000
v -1.932573 0.274226 0.000000
v -1.932723 0.272488 0.000000
v -1.932773 0.270708 0.000000
v -1.932708 0.268730 0.000000
v -1.932515 0.266798 0.000000
v -1.932191 0.264912 0.000000
v -1.931739 0.263072 0.000000
v -1.931158 0.261277 0.000000
v -1.930447 0.259529 0.000000
v -1.929607 0.257826 0.000000
v -1.928638 0.256169 0.000000
v -1.927539 0.254558 0.000000
v -1.926312 0.252993 0.000000
v -1.924955 0.251474 0.000000
v -1.923469 0.250000 0.000000
v -1.922100 0.248850 0.000000
v -1.920693 0.247799 0.000000
v -1.919249 0.246849 0.000000
v -1.917767 0.245998 0.000000
v -1.916248 0.245248 0.000000
v -1.914691 0.244598 0.000000
v -1.913096 0.244048 0.000000
v -1.911464 0.243597 0.000000
v -1.909795 0.243247 0.000000
v -1.908088 0.242997 0.000000
v -1.906344 0.242847 0.000000
v -1.904562 0.242797 0.000000
v -1.902634 0.242862 0.000000
v -1.900752 0.243056 0.000000
v -1.898916 0.243379 0.000000
v -1.897125 0.243831 0.000000
v -1.895381 0.244412 0.000000
v -1.893682 0.245123 0.000000
v -1.892030 0.245963 0.000000
v -1.890423 0.246932 0.000000
v -1.888862 0.248030 0.000000
v -1.887346 0.249258 0.000000
v -1.885877 0.250615 0.000000
v -1.884454 0.252101 0.000000
v -1.883303 0.253468 0.000000
v -1.882253 0.254869 0.000000
v -1.881302 0.256303 0.000000
v -1.880452 0.257770 0.000000
v -1.879702 0.259270 0.000000
v -1.879052 0.260804 0.000000
v -1.878501 0.262372 0.000000
v -1.878051 0.263972 0.000000
v -1.877701 0.265606 0.000000
v -1.877451 0.267274 0.000000
v -1.877301 0.268974 0.000000
v -1.877251 0.270708 0.000000
v -1.877315 0.272778 0.000000
v -1.877509 0.274785 0.000000
v -1.877832 0.276729 0.000000
v -1.878285 0.278611 0.000000
v -1.878866 0.280431 0.000000
v -1.879577 0.282188 0.000000
v -1.880417 0.283882 0.000000
v -1.881386 0.285514 0.000000
v -1.882484 0.287084 0.000000
v -1.883712 0.288591 0.000000
v -1.885069 0.290035 0.000000
v -1.886554 0.291417 0.000000
v -1.887872 0.292519 0.000000
v -1.889222 0.293526 0.000000
v -1.890606 0.294437 0.000000
v -1.892023 0.295251 0.000000
v -1.893474 0.295970 0.000000
v -1.894958 0.296594 0.000000
v -1.896475 0.297121 0.000000
v -1.898026 0.297552 0.000000
v -1.899610 0.297888 0.000000
v -1.901227 0.298128 0.000000
v -1.902878 0.298271 0.000000
v -1.904562 0.063926 0.000000
v -1.906633 0.063865 0.000000
v -1.908647 0.063684 0.000000
v -1.910602 0.063382 0.000000
v -1.912498 0.062959 0.000000
v -1.914336 0.062415 0.000000
v -1.916116 0.061750 0.000000
v -1.917838 0.060964 0.000000
v -1.919501 0.060057 0.000000
v -1.921106 0.059030 0.000000
v -1.922652 0.057881 0.000000
v -1.924140 0.056612 0.000000
v -1.925570 0.055222 0.000000
v -1.926721 0.053901 0.000000
v -1.927771 0.052538 0.000000
v -1.928721 0.051133 0.000000
v -1.929572 0.049687 0.000000
v -1.930322 0.048198 0.000000
v -1.930972 0.046669 0.000000
v -1.931522 0.045097 0.000000
v -1.931973 0.043484 0.000000
v -1.932323 0.041829 0.000000
v -1.932573 0.040133 0.000000
v -1.932723 0.038395 0.000000
v -1.932773 0.036615 0.000000
v -1.932708 0.034591 0.000000
v -1.932515 0.032621 0.000000
v -1.932191 0.030706 0.000000
v -1.931739 0.028845 0.000000
v -1.931158 0.027038 0.000000
v -1.930447 0.025285 0.000000
v -1.929607 0.023587 0.000000
v -1.928638 0.021942 0.000000
v -1.927539 0.020352 0.000000
v -1.926312 0.018816 0.000000
v -1.924955 0.017334 0.000000
v -1.923469 0.015906 0.000000
v -1.922100 0.014708 0.000000
v -1.920693 0.013614 0.000000
v -1.919249 0.012624 0.000000
v -1.917767 0.011738 0.000000
v -1.916248 0.010956 0.000000
v -1.914691 0.010279 0.000000
v -1.913096 0.009706 0.000000
v -1.911464 0.009237 0.000000
v -1.909795 0.008872 0.000000
v -1.908088 0.008612 0.000000
v -1.906344 0.008455 0.000000
v -1.904562 0.008403 0.000000
v -1.902634 0.008470 0.000000
v -1.900752 0.008670 0.000000
v -1.898916 0.009004 0.000000
v -1.897125 0.009470 0.000000
v -1.895381 0.010071 0.000000
v -1.893682 0.010804 0.000000
v -1.892030 0.011671 0.000000
v -1.890423 0.012672 0.000000
v -1.888862 0.013806 0.000000
v -1.887346 0.015073 0.000000
v -1.885877 0.016473 0.000000
v -1.884454 0.018007 0.000000
v -1.883303 0.019374 0.000000
v -1.882253 0.020775 0.000000
v -1.881302 0.022209 0.000000
v -1.880452 0.023676 0.000000
v -1.879702 0.025177 0.000000
v -1.879052 0.026711 0.000000
v -1.878501 0.028278 0.000000
v -1.878051 0.029879 0.000000
v -1.877701 0.031513 0.000000
v -1.877451 0.033180 0.000000
v -1.877301 0.034881 0.000000
v -1.877251 0.036615 0.000000
v -1.877315 0.038636 0.000000
v -1.877509 0.040600 0.000000
v -1.877832 0.042504 0.000000
v -1.878285 0.044351 0.000000
v -1.878866 0.046139 0.000000
v -1.879577 0.047869 0.000000
v -1.880417 0.049541 0.000000
v -1.881386 0.051154 0.000000
v -1.882484 0.052709 0.000000
v -1.883712 0.054205 0.000000
v -1.885069 0.055643 0.000000
v -1.886554 0.057023 0.000000
v -1.887872 0.058125 0.000000
v -1.889222 0.059132 0.000000
v -1.890606 0.060043 0.000000
v -1.892023 0.060858 0.000000
v -1.893474 0.061577 0.000000
v -1.894958 0.062200 0.000000
v -1.896475 0.062727 0.000000
v -1.898026 0.063159 0.000000
v -1.899610 0.063494 0.000000
v -1.901227 0.063734 0.000000
v -1.902878 0.063878 0.000000
v -1.560024 0.459184 0.000000
v -1.580684 0.458673 0.000000
v -1.600448 0.457141 0.000000
v -1.619316 0.454588 0.000000
v -1.637288 0.451014 0.000000
v -1.654364 0.446418 0.000000
v -1.670543 0.440801 0.000000
v -1.685826 0.434163 0.000000
v -1.700213 0.426504 0.000000
v -1.713704 0.417823 0.000000
v -1.726299 0.408122 0.000000
v -1.737997 0.397399 0.000000
v -1.748799 0.385654 0.000000
v -1.756373 0.375988 0.000000
v -1.763288 0.365896 0.000000
v -1.769545 0.355380 0.000000
v -1.775143 0.344438 0.000000
v -1.780083 0.333071 0.000000
v -1.784364 0.321279 0.000000
v -1.787986 0.309061 0.000000
v -1.790950 0.296419 0.000000
v -1.793255 0.283351 0.000000
v -1.794901 0.269858 0.000000
v -1.795889 0.255940 0.000000
v -1.796218 0.241597 0.000000
v -1.795783 0.224779 0.000000
v -1.794476 0.208542 0.000000
v -1.792298 0.192883 0.000000
v -1.789249 0.177804 0.000000
v -1.785329 0.163305 0.000000
v -1.780537 0.149385 0.000000
v -1.774874 0.136044 0.000000
v -1.768341 0.123283 0.000000
v -1.760936 0.111101 0.000000
v -1.752659 0.099498 0.000000
v -1.743512 0.088475 0.000000
v -1.733493 0.078031 0.000000
v -1.722535 0.068204 0.000000
v -1.710868 0.059232 0.000000
v -1.698492 0.051114 0.000000
v -1.685407 0.043851 0.000000
v -1.671614 0.037442 0.000000
v -1.657113 0.031888 0.000000
v -1.641902 0.027188 0.000000
v -1.625984 0.023343 0.000000
v -1.609356 0.020352 0.000000
v -1.592020 0.018216 0.000000
v -1.573975 0.016934 0.000000
v -1.555222 0.016507 0.000000
v -1.554090 0.016519 0.000000
v -1.552196 0.016557 0.000000
v -1.549538 0.016619 0.000000
v -1.546118 0.016707 0.000000
v -1.541935 0.016819 0.000000
v -1.536990 0.016957 0.000000
v -1.531281 0.017119 0.000000
v -1.524810 0.017307 0.000000
v -1.517576 0.017520 0.000000
v -1.509579 0.017757 0.000000
v -1.500819 0.018020 0.000000
v -1.491296 0.018307 0.000000
v -1.490709 0.018316 0.000000
v -1.489746 0.018341 0.000000
v -1.488408 0.018382 0.000000
v -1.486695 0.018441 0.000000
v -1.484606 0.018516 0.000000
v -1.482143 0.018607 0.000000
v -1.479304 0.018716 0.000000
v -1.476091 0.018841 0.000000
v -1.472502 0.018983 0.000000
v -1.468538 0.019141 0.000000
v -1.464198 0.019316 0.000000
v -1.459484 0.019508 0.000000
v -1.456826 0.019604 0.000000
v -1.454257 0.019691 0.000000
v -1.451774 0.019770 0.000000
v -1.449380 0.019841 0.000000
v -1.447072 0.019904 0.000000
v -1.444853 0.019958 0.000000
v -1.442721 0.020004 0.000000
v -1.440676 0.020041 0.000000
v -1.438719 0.020071 0.000000
v -1.436850 0.020091 0.000000
v -1.435068 0.020104 0.000000
v -1.433373 0.020108 0.000000
v -1.429259 0.020091 0.000000
v -1.424920 0.020041 0.000000
v -1.420356 0.019958 0.000000
v -1.415566 0.019841 0.000000
v -1.410552 0.019691 0.000000
v -1.405312 0.019508 0.000000
v -1.399847 0.019291 0.000000
v -1.394158 0.019041 0.000000
v -1.388243 0.018758 0.000000
v -1.382103 0.018441 0.000000
v -1.375738 0.018091 0.000000
v -1.369148 0.017707 0.000000
v -1.368285 0.017749 0.000000
v -1.367497 0.017874 0.000000
v -1.366784 0.018082 0.000000
v -1.366146 0.018374 0.000000
v -1.365584 0.018749 0.000000
v -1.365096 0.019208 0.000000
v -1.364683 0.019750 0.000000
v -1.364346 0.020375 0.000000
v -1.364083 0.021083 0.000000
v -1.363895 0.021875 0.000000
v -1.363783 0.022751 0.000000
v -1.363745 0.023709 0.000000
v -1.363783 0.024674 0.000000
v -1.363895 0.025569 0.000000
v -1.364083 0.026392 0.000000
v -1.364346 0.027144 0.000000
v -1.364683 0.027826 0.000000
v -1.365096 0.028436 0.000000
v -1.365584 0.028976 0.000000
v -1.366146 0.029445 0.000000
v -1.366784 0.029843 0.000000
v -1.367497 0.030170 0.000000
v -1.368285 0.030427 0.000000
v -1.369148 0.030612 0.000000
v -1.374675 0.031102 0.000000
v -1.379852 0.031771 0.000000
v -1.384679 0.032619 0.000000
v -1.389156 0.033647 0.000000
v -1.393282 0.034854 0.000000
v -1.397059 0.036239 0.000000
v -1.400485 0.037805 0.000000
v -1.403561 0.039549 0.000000
v -1.406287 0.041473 0.000000
v -1.408663 0.043576 0.000000
v -1.410689 0.045858 0.000000
v -1.412365 0.048319 0.000000
v -1.413851 0.051231 0.000000
v -1.415208 0.054864 0.000000
v -1.416435 0.059217 0.000000
v -1.417534 0.064292 0.000000
v -1.418503 0.070088 0.000000
v -1.419343 0.076606 0.000000
v -1.420054 0.083844 0.000000
v -1.420635 0.091803 0.000000
v -1.421087 0.100484 0.000000
v -1.421410 0.109886 0.000000
v -1.421604 0.120008 0.000000
v -1.421669 0.130852 0.000000
v -1.421669 0.347839 0.000000
v -1.421664 0.356142 0.000000
v -1.421652 0.363846 0.000000
v -1.421631 0.370948 0.000000
v -1.421602 0.377451 0.000000
v -1.421564 0.383353 0.000000
v -1.421518 0.388655 0.000000
v -1.421464 0.393357 0.000000
v -1.421402 0.397459 0.000000
v -1.421331 0.400960 0.000000
v -1.421252 0.403862 0.000000
v -1.421164 0.406162 0.000000
v -1.421068 0.407863 0.000000
v -1.420891 0.409791 0.000000
v -1.420660 0.411673 0.000000
v -1.420374 0.413509 0.000000
v -1.420035 0.415299 0.000000
v -1.419641 0.417044 0.000000
v -1.419193 0.418742 0.000000
v -1.418690 0.420395 0.000000
v -1.418134 0.422002 0.000000
v -1.417523 0.423563 0.000000
v -1.416858 0.425078 0.000000
v -1.416139 0.426548 0.000000
v -1.415366 0.427971 0.000000
v -1.414020 0.430012 0.000000
v -1.412181 0.431931 0.000000
v -1.409851 0.433730 0.000000
v -1.407030 0.435407 0.000000
v -1.403716 0.436964 0.000000
v -1.399910 0.438400 0.000000
v -1.395612 0.439715 0.000000
v -1.390823 0.440910 0.000000
v -1.385542 0.441983 0.000000
v -1.379768 0.442935 0.000000
v -1.373503 0.443767 0.000000
v -1.366747 0.444478 0.000000
v -1.365884 0.444617 0.000000
v -1.365096 0.444836 0.000000
v -1.364383 0.445134 0.000000
v -1.363745 0.445512 0.000000
v -1.363183 0.445968 0.000000
v -1.362695 0.446504 0.000000
v -1.362282 0.447118 0.000000
v -1.361945 0.447812 0.000000
v -1.361682 0.448586 0.000000
v -1.361495 0.449438 0.000000
v -1.361382 0.450370 0.000000
v -1.361344 0.451381 0.000000
v -1.361386 0.452435 0.000000
v -1.361511 0.453398 0.000000
v -1.361720 0.454269 0.000000
v -1.362011 0.455049 0.000000
v -1.362387 0.455736 0.000000
v -1.362845 0.456333 0.000000
v -1.363387 0.456837 0.000000
v -1.364012 0.457250 0.000000
v -1.364721 0.457571 0.000000
v -1.365513 0.457800 0.000000
v -1.366388 0.457937 0.000000
v -1.367347 0.457983 0.000000
v -1.374300 0.457600 0.000000
v -1.380952 0.457250 0.000000
v -1.387305 0.456933 0.000000
v -1.393357 0.456649 0.000000
v -1.399109 0.456399 0.000000
v -1.404562 0.456182 0.000000
v -1.409714 0.455999 0.000000
v -1.414566 0.455849 0.000000
v -1.419117 0.455732 0.000000
v -1.423369 0.455649 0.000000
v -1.427321 0.455599 0.000000
v -1.430972 0.455582 0.000000
v -1.434945 0.455595 0.000000
v -1.439059 0.455632 0.000000
v -1.443315 0.455695 0.000000
v -1.447712 0.455782 0.000000
v -1.452252 0.455895 0.000000
v -1.456933 0.456032 0.000000
v -1.461755 0.456195 0.000000
v -1.466720 0.456383 0.000000
v -1.471826 0.456595 0.000000
v -1.477074 0.456833 0.000000
v -1.482464 0.457095 0.000000
v -1.487995 0.457383 0.000000
v -1.494639 0.457671 0.000000
v -1.501167 0.457933 0.000000
v -1.507578 0.458171 0.000000
v -1.513872 0.458383 0.000000
v -1.520050 0.458571 0.000000
v -1.526110 0.458733 0.000000
v -1.532054 0.458871 0.000000
v -1.537882 0.458984 0.000000
v -1.543592 0.459071 0.000000
v -1.549186 0.459134 0.000000
v -1.554663 0.459171 0.000000
v -1.455582 0.347839 0.000000
v -1.455582 0.130852 0.000000
v -1.455590 0.124408 0.000000
v -1.455616 0.118381 0.000000
v -1.455657 0.112770 0.000000
v -1.455716 0.107576 0.000000
v -1.455791 0.102799 0.000000
v -1.455882 0.098439 0.000000
v -1.455991 0.094496 0.000000
v -1.456116 0.090970 0.000000
v -1.456257 0.087860 0.000000
v -1.456416 0.085167 0.000000
v -1.456591 0.082891 0.000000
v -1.456783 0.081032 0.000000
v -1.457122 0.078135 0.000000
v -1.457541 0.075347 0.000000
v -1.458039 0.072667 0.000000
v -1.458617 0.070095 0.000000
v -1.459273 0.067631 0.000000
v -1.460009 0.065276 0.000000
v -1.460824 0.063029 0.000000
v -1.461718 0.060891 0.000000
v -1.462691 0.058861 0.000000
v -1.463744 0.056939 0.000000
v -1.464875 0.055126 0.000000
v -1.466086 0.053421 0.000000
v -1.467768 0.051433 0.000000
v -1.469713 0.049570 0.000000
v -1.471920 0.047832 0.000000
v -1.474390 0.046218 0.000000
v -1.477122 0.044730 0.000000
v -1.480117 0.043367 0.000000
v -1.483374 0.042129 0.000000
v -1.486895 0.041016 0.000000
v -1.490677 0.040029 0.000000
v -1.494723 0.039166 0.000000
v -1.499031 0.038428 0.000000
v -1.503601 0.037815 0.000000
v -1.506061 0.037575 0.000000
v -1.508837 0.037357 0.000000
v -1.511930 0.037159 0.000000
v -1.515339 0.036981 0.000000
v -1.519066 0.036825 0.000000
v -1.523109 0.036690 0.000000
v -1.527469 0.036575 0.000000
v -1.532146 0.036481 0.000000
v -1.537140 0.036408 0.000000
v -1.542450 0.036356 0.000000
v -1.548077 0.036325 0.000000
v -1.554021 0.036315 0.000000
v -1.571458 0.036802 0.000000
v -1.588152 0.038265 0.000000
v -1.604104 0.040704 0.000000
v -1.619314 0.044118 0.000000
v -1.633783 0.048507 0.000000
v -1.647509 0.053872 0.000000
v -1.660493 0.060212 0.000000
v -1.672736 0.067527 0.000000
v -1.684236 0.075818 0.000000
v -1.694995 0.085084 0.000000
v -1.705011 0.095326 0.000000
v -1.714286 0.106543 0.000000
v -1.720805 0.115630 0.000000
v -1.726757 0.125083 0.000000
v -1.732143 0.134904 0.000000
v -1.736961 0.145091 0.000000
v -1.741213 0.155646 0.000000
v -1.744898 0.166567 0.000000
v -1.748016 0.177854 0.000000
v -1.750567 0.189509 0.000000
v -1.752551 0.201531 0.000000
v -1.753968 0.213919 0.000000
v -1.754819 0.226674 0.000000
v -1.755102 0.239796 0.000000
v -1.754698 0.255090 0.000000
v -1.753485 0.269858 0.000000
v -1.751463 0.284101 0.000000
v -1.748633 0.297819 0.000000
v -1.744994 0.311012 0.000000
v -1.740546 0.323679 0.000000
v -1.735290 0.335822 0.000000
v -1.729225 0.347439 0.000000
v -1.722351 0.358531 0.000000
v -1.714669 0.369098 0.000000
v -1.706178 0.379139 0.000000
v -1.696879 0.388655 0.000000
v -1.687800 0.396757 0.000000
v -1.678271 0.404153 0.000000
v -1.668292 0.410846 0.000000
v -1.657863 0.416833 0.000000
v -1.646984 0.422117 0.000000
v -1.635654 0.426696 0.000000
v -1.623874 0.430570 0.000000
v -1.611645 0.433740 0.000000
v -1.598964 0.436206 0.000000
v -1.585834 0.437967 0.000000
v -1.572254 0.439023 0.000000
v -1.558223 0.439376 0.000000
v -1.550470 0.439355 0.000000
v -1.543117 0.439292 0.000000
v -1.536164 0.439188 0.000000
v -1.529612 0.439042 0.000000
v -1.523459 0.438855 0.000000
v -1.517707 0.438625 0.000000
v -1.512355 0.438354 0.000000
v -1.507403 0.438042 0.000000
v -1.502851 0.437688 0.000000
v -1.498699 0.437292 0.000000
v -1.494948 0.436854 0.000000
v -1.491596 0.436375 0.000000
v -1.488201 0.435789 0.000000
v -1.485019 0.435132 0.000000
v -1.482049 0.434405 0.000000
v -1.479292 0.433607 0.000000
v -1.476747 0.432738 0.000000
v -1.474415 0.431798 0.000000
v -1.472295 0.430787 0.000000
v -1.470388 0.429705 0.000000
v -1.468694 0.428553 0.000000
v -1.467212 0.427329 0.000000
v -1.465943 0.426035 0.000000
v -1.464886 0.424670 0.000000
v -1.463819 0.422984 0.000000
v -1.462818 0.421127 0.000000
v -1.461884 0.419099 0.000000
v -1.461017 0.416900 0.000000
v -1.460217 0.414530 0.000000
v -1.459484 0.411990 0.000000
v -1.458817 0.409278 0.000000
v -1.458216 0.406396 0.000000
v -1.457683 0.403343 0.000000
v -1.457216 0.400118 0.000000
v -1.456816 0.396723 0.000000
v -1.456482 0.393157 0.000000
v -1.456339 0.390963 0.000000
v -1.456207 0.388480 0.000000
v -1.456089 0.385711 0.000000
v -1.455982 0.382653 0.000000
v -1.455889 0.379308 0.000000
v -1.455807 0.375675 0.000000
v -1.455738 0.371755 0.000000
v -1.455682 0.367547 0.000000
v -1.455638 0.363051 0.000000
v -1.455607 0.358268 0.000000
v -1.455588 0.353198 0.000000
v -1.275510 0.456783 0.000000
v -1.275973 0.448917 0.000000
v -1.276460 0.441026 0.000000
v -1.276973 0.433111 0.000000
v -1.277511 0.425170 0.000000
v -1.278074 0.417204 0.000000
v -1.278661 0.409214 0.000000
v -1.279274 0.401198 0.000000
v -1.279912 0.393157 0.000000
v -1.280575 0.385092 0.000000
v -1.281262 0.377001 0.000000
v -1.281975 0.368885 0.000000
v -1.282713 0.360744 0.000000
v -1.282761 0.360550 0.000000
v -1.282805 0.360369 0.000000
v -1.282844 0.360200 0.000000
v -1.282880 0.360044 0.000000
v -1.282911 0.359900 0.000000
v -1.282938 0.359769 0.000000
v -1.282961 0.359650 0.000000
v -1.282979 0.359544 0.000000
v -1.282994 0.359450 0.000000
v -1.283004 0.359369 0.000000
v -1.283011 0.359300 0.000000
v -1.283013 0.359244 0.000000
v -1.282969 0.358614 0.000000
v -1.282838 0.358027 0.000000
v -1.282619 0.357480 0.000000
v -1.282313 0.356976 0.000000
v -1.281919 0.356513 0.000000
v -1.281438 0.356092 0.000000
v -1.280869 0.355713 0.000000
v -1.280212 0.355375 0.000000
v -1.279468 0.355080 0.000000
v -1.278636 0.354825 0.000000
v -1.277717 0.354613 0.000000
v -1.276711 0.354442 0.000000
v -1.276563 0.354442 0.000000
v -1.276419 0.354442 0.000000
v -1.276279 0.354442 0.000000
v -1.276144 0.354442 0.000000
v -1.276013 0.354442 0.000000
v -1.275886 0.354442 0.000000
v -1.275763 0.354442 0.000000
v -1.275644 0.354442 0.000000
v -1.275529 0.354442 0.000000
v -1.275419 0.354442 0.000000
v -1.275312 0.354442 0.000000
v -1.275210 0.354442 0.000000
v -1.274485 0.354473 0.000000
v -1.273809 0.354567 0.000000
v -1.273184 0.354723 0.000000
v -1.272609 0.354942 0.000000
v -1.272084 0.355223 0.000000
v -1.271609 0.355567 0.000000
v -1.271183 0.355974 0.000000
v -1.270808 0.356443 0.000000
v -1.270483 0.356974 0.000000
v -1.270208 0.357568 0.000000
v -1.269983 0.358225 0.000000
v -1.269808 0.358944 0.000000
v -1.268105 0.366682 0.000000
v -1.266098 0.374091 0.000000
v -1.263787 0.381171 0.000000
v -1.261171 0.387922 0.000000
v -1.258251 0.394343 0.000000
v -1.255027 0.400435 0.000000
v -1.251498 0.406198 0.000000
v -1.247666 0.411631 0.000000
v -1.243529 0.416735 0.000000
v -1.239087 0.421510 0.000000
v -1.234342 0.425956 0.000000
v -1.229292 0.430072 0.000000
v -1.225073 0.433092 0.000000
v -1.220722 0.435849 0.000000
v -1.216236 0.438344 0.000000
v -1.211618 0.440576 0.000000
v -1.206866 0.442546 0.000000
v -1.201981 0.444253 0.000000
v -1.196962 0.445697 0.000000
v -1.191810 0.446879 0.000000
v -1.186524 0.447798 0.000000
v -1.181106 0.448454 0.000000
v -1.175553 0.448848 0.000000
v -1.169868 0.448980 0.000000
v -1.162567 0.448792 0.000000
v -1.155571 0.448229 0.000000
v -1.148878 0.447291 0.000000
v -1.142490 0.445978 0.000000
v -1.136407 0.444290 0.000000
v -1.130627 0.442227 0.000000
v -1.125152 0.439788 0.000000
v -1.119981 0.436975 0.000000
v -1.115115 0.433786 0.000000
v -1.110552 0.430222 0.000000
v -1.106295 0.426283 0.000000
v -1.102341 0.421969 0.000000
v -1.099560 0.418455 0.000000
v -1.097022 0.414816 0.000000
v -1.094725 0.411052 0.000000
v -1.092670 0.407163 0.000000
v -1.090857 0.403149 0.000000
v -1.089286 0.399010 0.000000
v -1.087956 0.394745 0.000000
v -1.086868 0.390356 0.000000
v -1.086022 0.385842 0.000000
v -1.085418 0.381202 0.000000
v -1.085055 0.376438 0.000000
v -1.084934 0.371549 0.000000
v -1.085040 0.366620 0.000000
v -1.085359 0.361836 0.000000
v -1.085891 0.357199 0.000000
v -1.086635 0.352708 0.000000
v -1.087591 0.348362 0.000000
v -1.088760 0.344163 0.000000
v -1.090142 0.340109 0.000000
v -1.091737 0.336201 0.000000
v -1.093544 0.332439 0.000000
v -1.095563 0.328823 0.000000
v -1.097795 0.325353 0.000000
v -1.100240 0.322029 0.000000
v -1.103145 0.318538 0.000000
v -1.106359 0.315068 0.000000
v -1.109881 0.311618 0.000000
v -1.113712 0.308190 0.000000
v -1.117851 0.304782 0.000000
v -1.122299 0.301396 0.000000
v -1.127055 0.298030 0.000000
v -1.132119 0.294684 0.000000
v -1.137492 0.291360 0.000000
v -1.143174 0.288057 0.000000
v -1.149164 0.284774 0.000000
v -1.155462 0.281513 0.000000
v -1.186374 0.266206 0.000000
v -1.195451 0.261592 0.000000
v -1.204073 0.257053 0.000000
v -1.212241 0.252589 0.000000
v -1.219955 0.248199 0.000000
v -1.227214 0.243885 0.000000
v -1.234019 0.239646 0.000000
v -1.240369 0.235482 0.000000
v -1.246265 0.231393 0.000000
v -1.251707 0.227378 0.000000
v -1.256694 0.223439 0.000000
v -1.261227 0.219575 0.000000
v -1.265306 0.215786 0.000000
v -1.270867 0.210057 0.000000
v -1.275944 0.204173 0.000000
v -1.280537 0.198135 0.000000
v -1.284647 0.191943 0.000000
v -1.288273 0.185597 0.000000
v -1.291416 0.179097 0.000000
v -1.294076 0.172442 0.000000
v -1.296252 0.165633 0.000000
v -1.297944 0.158670 0.000000
v -1.299153 0.151552 0.000000
v -1.299878 0.144281 0.000000
v -1.300120 0.136855 0.000000
v -1.299914 0.127803 0.000000
v -1.299295 0.119056 0.000000
v -1.298263 0.110613 0.000000
v -1.296819 0.102474 0.000000
v -1.294962 0.094640 0.000000
v -1.292692 0.087110 0.000000
v -1.290010 0.079884 0.000000
v -1.286915 0.072963 0.000000
v -1.283407 0.066345 0.000000
v -1.279487 0.060032 0.000000
v -1.275154 0.054024 0.000000
v -1.270408 0.048319 0.000000
v -1.264126 0.041848 0.000000
v -1.257286 0.035939 0.000000
v -1.249887 0.030593 0.000000
v -1.241930 0.025810 0.000000
v -1.233414 0.021590 0.000000
v -1.224339 0.017932 0.000000
v -1.214706 0.014837 0.000000
v -1.204515 0.012305 0.000000
v -1.193765 0.010335 0.000000
v -1.182456 0.008929 0.000000
v -1.170589 0.008084 0.000000
v -1.158163 0.007803 0.000000
v -1.149503 0.007949 0.000000
v -1.140831 0.008387 0.000000
v -1.132146 0.009116 0.000000
v -1.123449 0.010137 0.000000
v -1.114739 0.011450 0.000000
v -1.106017 0.013055 0.000000
v -1.097283 0.014952 0.000000
v -1.088535 0.017140 0.000000
v -1.079776 0.019620 0.000000
v -1.071003 0.022392 0.000000
v -1.062219 0.025456 0.000000
v -1.053421 0.028812 0.000000
v -1.051339 0.035827 0.000000
v -1.049295 0.043067 0.000000
v -1.047288 0.050533 0.000000
v -1.045318 0.058223 0.000000
v -1.043386 0.066139 0.000000
v -1.041492 0.074280 0.000000
v -1.039634 0.082646 0.000000
v -1.037815 0.091236 0.000000
v -1.036033 0.100053 0.000000
v -1.034289 0.109094 0.000000
v -1.032582 0.118360 0.000000
v -1.030912 0.127851 0.000000
v -1.030864 0.128001 0.000000
v -1.030821 0.128151 0.000000
v -1.030781 0.128301 0.000000
v -1.030746 0.128451 0.000000
v -1.030714 0.128601 0.000000
v -1.030687 0.128751 0.000000
v -1.030664 0.128902 0.000000
v -1.030646 0.129052 0.000000
v -1.030631 0.129202 0.000000
v -1.030621 0.129352 0.000000
v -1.030615 0.129502 0.000000
v -1.030612 0.129652 0.000000
v -1.030652 0.130187 0.000000
v -1.030771 0.130694 0.000000
v -1.030969 0.131171 0.000000
v -1.031246 0.131619 0.000000
v -1.031602 0.132038 0.000000
v -1.032038 0.132428 0.000000
v -1.032552 0.132789 0.000000
v -1.033147 0.133120 0.000000
v -1.033820 0.133422 0.000000
v -1.034572 0.133695 0.000000
v -1.035404 0.133939 0.000000
v -1.036314 0.134154 0.000000
v -1.036610 0.134202 0.000000
v -1.036898 0.134245 0.000000
v -1.037177 0.134285 0.000000
v -1.037448 0.134320 0.000000
v -1.037711 0.134352 0.000000
v -1.037965 0.134379 0.000000
v -1.038211 0.134402 0.000000
v -1.038449 0.134420 0.000000
v -1.038678 0.134435 0.000000
v -1.038899 0.134445 0.000000
v -1.039111 0.134452 0.000000
v -1.039316 0.134454 0.000000
v -1.039855 0.134425 0.000000
v -1.040374 0.134337 0.000000
v -1.040872 0.134191 0.000000
v -1.041350 0.133987 0.000000
v -1.041806 0.133724 0.000000
v -1.042242 0.133403 0.000000
v -1.042657 0.133024 0.000000
v -1.043050 0.132586 0.000000
v -1.043424 0.132090 0.000000
v -1.043776 0.131536 0.000000
v -1.044107 0.130923 0.000000
v -1.044418 0.130252 0.000000
v -1.047488 0.121672 0.000000
v -1.050795 0.113437 0.000000
v -1.054340 0.105548 0.000000
v -1.058123 0.098006 0.000000
v -1.062144 0.090809 0.000000
v -1.066401 0.083959 0.000000
v -1.070897 0.077454 0.000000
v -1.075630 0.071295 0.000000
v -1.080601 0.065482 0.000000
v -1.085809 0.060016 0.000000
v -1.091255 0.054895 0.000000
v -1.096939 0.050120 0.000000
v -1.102041 0.046285 0.000000
v -1.107243 0.042784 0.000000
v -1.112545 0.039616 0.000000
v -1.117947 0.036781 0.000000
v -1.123449 0.034280 0.000000
v -1.129052 0.032113 0.000000
v -1.134754 0.030279 0.000000
v -1.140556 0.028778 0.000000
v -1.146459 0.027611 0.000000
v -1.152461 0.026777 0.000000
v -1.158563 0.026277 0.000000
v -1.164766 0.026110 0.000000
v -1.173436 0.026336 0.000000
v -1.181739 0.027011 0.000000
v -1.189676 0.028136 0.000000
v -1.197245 0.029712 0.000000
v -1.204448 0.031738 0.000000
v -1.211284 0.034214 0.000000
v -1.217754 0.037140 0.000000
v -1.223856 0.040516 0.000000
v -1.229592 0.044343 0.000000
v -1.234960 0.048619 0.000000
v -1.239962 0.053346 0.000000
v -1.244598 0.058523 0.000000
v -1.247762 0.062540 0.000000
v -1.250650 0.066685 0.000000
v -1.253264 0.070960 0.000000
v -1.255602 0.075363 0.000000
v -1.257666 0.079897 0.000000
v -1.259454 0.084559 0.000000
v -1.260967 0.089350 0.000000
v -1.262205 0.094271 0.000000
v -1.263168 0.099321 0.000000
v -1.263855 0.104500 0.000000
v -1.264268 0.109809 0.000000
v -1.264406 0.115246 0.000000
v -1.264216 0.122105 0.000000
v -1.263647 0.128777 0.000000
v -1.262699 0.135260 0.000000
v -1.261371 0.141557 0.000000
v -1.259664 0.147665 0.000000
v -1.257578 0.153586 0.000000
v -1.255112 0.159320 0.000000
v -1.252267 0.164866 0.000000
v -1.249043 0.170224 0.000000
v -1.245440 0.175395 0.000000
v -1.241457 0.180378 0.000000
v -1.237095 0.185174 0.000000
v -1.233523 0.188736 0.000000
v -1.229608 0.192319 0.000000
v -1.225353 0.195922 0.000000
v -1.220755 0.199546 0.000000
v -1.215815 0.203192 0.000000
v -1.210534 0.206858 0.000000
v -1.204911 0.210545 0.000000
v -1.198946 0.214252 0.000000
v -1.192639 0.217981 0.000000
v -1.185991 0.221730 0.000000
v -1.179001 0.225501 0.000000
v -1.171669 0.229292 0.000000
v -1.145258 0.242797 0.000000
v -1.137495 0.246786 0.000000
v -1.130110 0.250750 0.000000
v -1.123106 0.254689 0.000000
v -1.116480 0.258603 0.000000
v -1.110234 0.262492 0.000000
v -1.104367 0.266357 0.000000
v -1.098879 0.270196 0.000000
v -1.093771 0.274010 0.000000
v -1.089042 0.277799 0.000000
v -1.084693 0.281563 0.000000
v -1.080722 0.285302 0.000000
v -1.077131 0.289016 0.000000
v -1.072769 0.293986 0.000000
v -1.068786 0.299095 0.000000
v -1.065182 0.304340 0.000000
v -1.061958 0.309724 0.000000
v -1.059113 0.315245 0.000000
v -1.056647 0.320903 0.000000
v -1.054561 0.326699 0.000000
v -1.052854 0.332633 0.000000
v -1.051526 0.338704 0.000000
v -1.050578 0.344913 0.000000
v -1.050009 0.351259 0.000000
v -1.049820 0.357743 0.000000
v -1.050062 0.365819 0.000000
v -1.050787 0.373641 0.000000
v -1.051996 0.381209 0.000000
v -1.053688 0.388522 0.000000
v -1.055864 0.395581 0.000000
v -1.058523 0.402386 0.000000
v -1.061666 0.408936 0.000000
v -1.065293 0.415233 0.000000
v -1.069403 0.421275 0.000000
v -1.073996 0.427062 0.000000
v -1.079073 0.432596 0.000000
v -1.084634 0.437875 0.000000
v -1.090286 0.442573 0.000000
v -1.096238 0.446862 0.000000
v -1.102491 0.450743 0.000000
v -1.109044 0.454215 0.000000
v -1.115896 0.457279 0.000000
v -1.123049 0.459934 0.000000
v -1.130502 0.462181 0.000000
v -1.138255 0.464019 0.000000
v -1.146309 0.465449 0.000000
v -1.154662 0.466470 0.000000
v -1.163315 0.467083 0.000000
v -1.172269 0.467287 0.000000
v -1.176439 0.467243 0.000000
v -1.180547 0.467112 0.000000
v -1.184593 0.466893 0.000000
v -1.188576 0.466587 0.000000
v -1.192496 0.466193 0.000000
v -1.196354 0.465711 0.000000
v -1.200149 0.465142 0.000000
v -1.203882 0.464486 0.000000
v -1.207552 0.463742 0.000000
v -1.211160 0.462910 0.000000
v -1.214705 0.461991 0.000000
v -1.218187 0.460984 0.000000
v -1.221403 0.460074 0.000000
v -1.224648 0.459242 0.000000
v -1.227922 0.458490 0.000000
v -1.231226 0.457816 0.000000
v -1.234558 0.457222 0.000000
v -1.237920 0.456708 0.000000
v -1.241311 0.456272 0.000000
v -1.244731 0.455916 0.000000
v -1.248181 0.455638 0.000000
v -1.251659 0.455440 0.000000
v -1.255167 0.455322 0.000000
v -1.258703 0.455282 0.000000
v -1.260333 0.455293 0.000000
v -1.261921 0.455324 0.000000
v -1.263468 0.455376 0.000000
v -1.264973 0.455449 0.000000
v -1.266436 0.455543 0.000000
v -1.267857 0.455657 0.000000
v -1.269237 0.455793 0.000000
v -1.270575 0.455949 0.000000
v -1.271871 0.456126 0.000000
v -1.273126 0.456324 0.000000
v -1.274339 0.456543 0.000000
v -0.862545 0.195978 0.000000
v -0.858291 0.196218 0.000000
v -0.853733 0.196437 0.000000
v -0.848871 0.196635 0.000000
v -0.843704 0.196812 0.000000
v -0.838233 0.196968 0.000000
v -0.832458 0.197104 0.000000
v -0.826378 0.197218 0.000000
v -0.819995 0.197312 0.000000
v -0.813307 0.197385 0.000000
v -0.806314 0.197437 0.000000
v -0.799017 0.197469 0.000000
v -0.791417 0.197479 0.000000
v -0.782628 0.197469 0.000000
v -0.774168 0.197437 0.000000
v -0.766038 0.197385 0.000000
v -0.758237 0.197312 0.000000
v -0.750765 0.197218 0.000000
v -0.743622 0.197104 0.000000
v -0.736809 0.196968 0.000000
v -0.730325 0.196812 0.000000
v -0.724171 0.196635 0.000000
v -0.718346 0.196437 0.000000
v -0.712850 0.196218 0.000000
v -0.707683 0.195978 0.000000
v -0.680672 0.121549 0.000000
v -0.678084 0.114321 0.000000
v -0.675720 0.107443 0.000000
v -0.673582 0.100915 0.000000
v -0.671669 0.094738 0.000000
v -0.669980 0.088911 0.000000
v -0.668517 0.083433 0.000000
v -0.667279 0.078306 0.000000
v -0.666267 0.073529 0.000000
v -0.665479 0.069103 0.000000
v -0.664916 0.065026 0.000000
v -0.664578 0.061300 0.000000
v -0.664466 0.057923 0.000000
v -0.664478 0.056789 0.000000
v -0.664516 0.055689 0.000000
v -0.664578 0.054622 0.000000
v -0.664666 0.053588 0.000000
v -0.664778 0.052588 0.000000
v -0.664916 0.051621 0.000000
v -0.665079 0.050687 0.000000
v -0.665266 0.049787 0.000000
v -0.665479 0.048920 0.000000
v -0.665716 0.048086 0.000000
v -0.665979 0.047286 0.000000
v -0.666267 0.046519 0.000000
v -0.667023 0.045058 0.000000
v -0.667892 0.043676 0.000000
v -0.668874 0.042373 0.000000
v -0.669968 0.041150 0.000000
v -0.671175 0.040006 0.000000
v -0.672494 0.038941 0.000000
v -0.673926 0.037955 0.000000
v -0.675470 0.037048 0.000000
v -0.677127 0.036221 0.000000
v -0.678897 0.035473 0.000000
v -0.680779 0.034804 0.000000
v -0.682773 0.034214 0.000000
v -0.683830 0.033959 0.000000
v -0.685099 0.033697 0.000000
v -0.686581 0.033426 0.000000
v -0.688275 0.033147 0.000000
v -0.690182 0.032859 0.000000
v -0.692302 0.032563 0.000000
v -0.694634 0.032259 0.000000
v -0.697179 0.031946 0.000000
v -0.699936 0.031625 0.000000
v -0.702906 0.031296 0.000000
v -0.706089 0.030958 0.000000
v -0.709484 0.030612 0.000000
v -0.710490 0.030473 0.000000
v -0.711410 0.030254 0.000000
v -0.712241 0.029956 0.000000
v -0.712985 0.029578 0.000000
v -0.713642 0.029122 0.000000
v -0.714211 0.028586 0.000000
v -0.714692 0.027972 0.000000
v -0.715086 0.027278 0.000000
v -0.715392 0.026504 0.000000
v -0.715611 0.025652 0.000000
v -0.715742 0.024720 0.000000
v -0.715786 0.023709 0.000000
v -0.715743 0.022751 0.000000
v -0.715611 0.021875 0.000000
v -0.715392 0.021083 0.000000
v -0.715086 0.020375 0.000000
v -0.714692 0.019750 0.000000
v -0.714211 0.019208 0.000000
v -0.713642 0.018749 0.000000
v -0.712985 0.018374 0.000000
v -0.712241 0.018082 0.000000
v -0.711410 0.017874 0.000000
v -0.710490 0.017749 0.000000
v -0.709484 0.017707 0.000000
v -0.703648 0.017995 0.000000
v -0.697946 0.018257 0.000000
v -0.692377 0.018495 0.000000
v -0.686941 0.018707 0.000000
v -0.681639 0.018895 0.000000
v -0.676471 0.019058 0.000000
v -0.671435 0.019195 0.000000
v -0.666533 0.019308 0.000000
v -0.661765 0.019395 0.000000
v -0.657130 0.019458 0.000000
v -0.652628 0.019495 0.000000
v -0.648259 0.019508 0.000000
v -0.642861 0.019495 0.000000
v -0.637472 0.019458 0.000000
v -0.632090 0.019395 0.000000
v -0.626717 0.019308 0.000000
v -0.621353 0.019195 0.000000
v -0.615996 0.019058 0.000000
v -0.610648 0.018895 0.000000
v -0.605309 0.018707 0.000000
v -0.599977 0.018495 0.000000
v -0.594655 0.018257 0.000000
v -0.589340 0.017995 0.000000
v -0.584034 0.017707 0.000000
v -0.583171 0.017749 0.000000
v -0.582383 0.017874 0.000000
v -0.581670 0.018082 0.000000
v -0.581032 0.018374 0.000000
v -0.580470 0.018749 0.000000
v -0.579982 0.019208 0.000000
v -0.579569 0.019750 0.000000
v -0.579232 0.020375 0.000000
v -0.578969 0.021083 0.000000
v -0.578781 0.021875 0.000000
v -0.578669 0.022751 0.000000
v -0.578631 0.023709 0.000000
v -0.578669 0.024674 0.000000
v -0.578781 0.025569 0.000000
v -0.578969 0.026392 0.000000
v -0.579232 0.027144 0.000000
v -0.579569 0.027826 0.000000
v -0.579982 0.028436 0.000000
v -0.580470 0.028976 0.000000
v -0.581032 0.029445 0.000000
v -0.581670 0.029843 0.000000
v -0.582383 0.030170 0.000000
v -0.583171 0.030427 0.000000
v -0.584034 0.030612 0.000000
v -0.588521 0.031277 0.000000
v -0.592779 0.032071 0.000000
v -0.596807 0.032994 0.000000
v -0.600607 0.034047 0.000000
v -0.604177 0.035229 0.000000
v -0.607518 0.036540 0.000000
v -0.610630 0.037980 0.000000
v -0.613512 0.039549 0.000000
v -0.616165 0.041248 0.000000
v -0.618589 0.043076 0.000000
v -0.620784 0.045033 0.000000
v -0.622749 0.047119 0.000000
v -0.624498 0.049441 0.000000
v -0.626442 0.052504 0.000000
v -0.628583 0.056310 0.000000
v -0.630919 0.060858 0.000000
v -0.633451 0.066147 0.000000
v -0.636179 0.072179 0.000000
v -0.639104 0.078952 0.000000
v -0.642224 0.086468 0.000000
v -0.645539 0.094725 0.000000
v -0.649051 0.103725 0.000000
v -0.652759 0.113466 0.000000
v -0.656663 0.123950 0.000000
v -0.727491 0.316627 0.000000
v -0.733935 0.334140 0.000000
v -0.739963 0.350565 0.000000
v -0.745573 0.365903 0.000000
v -0.750767 0.380152 0.000000
v -0.755544 0.393314 0.000000
v -0.759904 0.405387 0.000000
v -0.763847 0.416373 0.000000
v -0.767374 0.426270 0.000000
v -0.770483 0.435080 0.000000
v -0.773176 0.442802 0.000000
v -0.775452 0.449436 0.000000
v -0.777311 0.454982 0.000000
v -0.802221 0.466687 0.000000
v -0.802665 0.466651 0.000000
v -0.803096 0.466545 0.000000
v -0.803515 0.466368 0.000000
v -0.803922 0.466120 0.000000
v -0.804315 0.465801 0.000000
v -0.804697 0.465411 0.000000
v -0.805066 0.464951 0.000000
v -0.805422 0.464419 0.000000
v -0.805766 0.463817 0.000000
v -0.806097 0.463144 0.000000
v -0.806416 0.462400 0.000000
v -0.806723 0.461585 0.000000
v -0.813484 0.440976 0.000000
v -0.819761 0.421869 0.000000
v -0.825555 0.404262 0.000000
v -0.830866 0.388155 0.000000
v -0.835693 0.373549 0.000000
v -0.840036 0.360444 0.000000
v -0.843896 0.348840 0.000000
v -0.847272 0.338736 0.000000
v -0.850165 0.330132 0.000000
v -0.852574 0.323029 0.000000
v -0.854500 0.317427 0.000000
v -0.855942 0.313325 0.000000
v -0.925270 0.119148 0.000000
v -0.928696 0.109702 0.000000
v -0.931973 0.100874 0.000000
v -0.935099 0.092662 0.000000
v -0.938075 0.085067 0.000000
v -0.940901 0.078090 0.000000
v -0.943577 0.071729 0.000000
v -0.946103 0.065985 0.000000
v -0.948479 0.060858 0.000000
v -0.950705 0.056348 0.000000
v -0.952781 0.052454 0.000000
v -0.954707 0.049178 0.000000
v -0.956483 0.046519 0.000000
v -0.957623 0.045056 0.000000
v -0.958842 0.043667 0.000000
v -0.960140 0.042354 0.000000
v -0.961518 0.041116 0.000000
v -0.962975 0.039953 0.000000
v -0.964511 0.038866 0.000000
v -0.966126 0.037853 0.000000
v -0.967820 0.036915 0.000000
v -0.969594 0.036052 0.000000
v -0.971447 0.035264 0.000000
v -0.973379 0.034551 0.000000
v -0.975390 0.033914 0.000000
v -0.976563 0.033616 0.000000
v -0.977883 0.033322 0.000000
v -0.979348 0.033032 0.000000
v -0.980959 0.032746 0.000000
v -0.982716 0.032465 0.000000
v -0.984619 0.032188 0.000000
v -0.986668 0.031915 0.000000
v -0.988862 0.031646 0.000000
v -0.991203 0.031381 0.000000
v -0.993689 0.031121 0.000000
v -0.996321 0.030864 0.000000
v -0.999100 0.030612 0.000000
v -1.000058 0.030473 0.000000
v -1.000934 0.030254 0.000000
v -1.001726 0.029956 0.000000
v -1.002434 0.029578 0.000000
v -1.003060 0.029122 0.000000
v -1.003601 0.028586 0.000000
v -1.004060 0.027972 0.000000
v -1.004435 0.027278 0.000000
v -1.004727 0.026504 0.000000
v -1.004935 0.025652 0.000000
v -1.005060 0.024720 0.000000
v -1.005102 0.023709 0.000000
v -1.005060 0.022751 0.000000
v -1.004935 0.021875 0.000000
v -1.004727 0.021083 0.000000
v -1.004435 0.020375 0.000000
v -1.004060 0.019750 0.000000
v -1.003601 0.019208 0.000000
v -1.003060 0.018749 0.000000
v -1.002434 0.018374 0.000000
v -1.001726 0.018082 0.000000
v -1.000934 0.017874 0.000000
v -1.000058 0.017749 0.000000
v -0.999100 0.017707 0.000000
v -0.991918 0.018091 0.000000
v -0.984977 0.018441 0.000000
v -0.978279 0.018758 0.000000
v -0.971822 0.019041 0.000000
v -0.965607 0.019291 0.000000
v -0.959634 0.019508 0.000000
v -0.953902 0.019691 0.000000
v -0.948413 0.019841 0.000000
v -0.943165 0.019958 0.000000
v -0.938159 0.020041 0.000000
v -0.933394 0.020091 0.000000
v -0.928872 0.020108 0.000000
v -0.924501 0.020091 0.000000
v -0.919893 0.020041 0.000000
v -0.915047 0.019958 0.000000
v -0.909964 0.019841 0.000000
v -0.904643 0.019691 0.000000
v -0.899085 0.019508 0.000000
v -0.893288 0.019291 0.000000
v -0.887255 0.019041 0.000000
v -0.880984 0.018758 0.000000
v -0.874475 0.018441 0.000000
v -0.867728 0.018091 0.000000
v -0.860744 0.017707 0.000000
v -0.859785 0.017749 0.000000
v -0.858910 0.017874 0.000000
v -0.858118 0.018082 0.000000
v -0.857410 0.018374 0.000000
v -0.856784 0.018749 0.000000
v -0.856242 0.019208 0.000000
v -0.855784 0.019750 0.000000
v -0.855409 0.020375 0.000000
v -0.855117 0.021083 0.000000
v -0.854909 0.021875 0.000000
v -0.854783 0.022751 0.000000
v -0.854742 0.023709 0.000000
v -0.854784 0.024720 0.000000
v -0.854909 0.025652 0.000000
v -0.855117 0.026504 0.000000
v -0.855409 0.027278 0.000000
v -0.855784 0.027972 0.000000
v -0.856242 0.028586 0.000000
v -0.856784 0.029122 0.000000
v -0.857410 0.029578 0.000000
v -0.858118 0.029956 0.000000
v -0.858910 0.030254 0.000000
v -0.859786 0.030473 0.000000
v -0.860744 0.030612 0.000000
v -0.866870 0.031223 0.000000
v -0.872541 0.031954 0.000000
v -0.877757 0.032807 0.000000
v -0.882520 0.033780 0.000000
v -0.886828 0.034874 0.000000
v -0.890681 0.036089 0.000000
v -0.894081 0.037425 0.000000
v -0.897026 0.038882 0.000000
v -0.899516 0.040460 0.000000
v -0.901552 0.042159 0.000000
v -0.903134 0.043978 0.000000
v -0.904262 0.045918 0.000000
v -0.904645 0.046831 0.000000
v -0.904995 0.047769 0.000000
v -0.905312 0.048732 0.000000
v -0.905596 0.049720 0.000000
v -0.905846 0.050733 0.000000
v -0.906062 0.051771 0.000000
v -0.906246 0.052834 0.000000
v -0.906396 0.053922 0.000000
v -0.906513 0.055035 0.000000
v -0.906596 0.056172 0.000000
v -0.906646 0.057335 0.000000
v -0.906663 0.058523 0.000000
v -0.906560 0.061108 0.000000
v -0.906254 0.064059 0.000000
v -0.905743 0.067377 0.000000
v -0.905029 0.071062 0.000000
v -0.904109 0.075113 0.000000
v -0.902986 0.079532 0.000000
v -0.901658 0.084317 0.000000
v -0.900127 0.089469 0.000000
v -0.898391 0.094988 0.000000
v -0.896450 0.100874 0.000000
v -0.894306 0.107126 0.000000
v -0.891957 0.113745 0.000000
v -0.785714 0.416267 0.000000
v -0.784956 0.414055 0.000000
v -0.784080 0.411523 0.000000
v -0.783088 0.408670 0.000000
v -0.781979 0.405496 0.000000
v -0.780754 0.402000 0.000000
v -0.779412 0.398184 0.000000
v -0.777953 0.394047 0.000000
v -0.776377 0.389589 0.000000
v -0.774685 0.384810 0.000000
v -0.772876 0.379710 0.000000
v -0.770950 0.374289 0.000000
v -0.768908 0.368547 0.000000
v -0.766709 0.362393 0.000000
v -0.764614 0.356534 0.000000
v -0.762624 0.350972 0.000000
v -0.760738 0.345705 0.000000
v -0.758956 0.340734 0.000000
v -0.757278 0.336059 0.000000
v -0.755704 0.331681 0.000000
v -0.754235 0.327598 0.000000
v -0.752870 0.323811 0.000000
v -0.751609 0.320320 0.000000
v -0.750452 0.317125 0.000000
v -0.749400 0.314226 0.000000
v -0.715186 0.216987 0.000000
v -0.719567 0.216795 0.000000
v -0.724306 0.216620 0.000000
v -0.729404 0.216462 0.000000
v -0.734861 0.216320 0.000000
v -0.740675 0.216195 0.000000
v -0.746849 0.216086 0.000000
v -0.753381 0.215995 0.000000
v -0.760271 0.215920 0.000000
v -0.767519 0.215861 0.000000
v -0.775127 0.215820 0.000000
v -0.783092 0.215795 0.000000
v -0.791417 0.215786 0.000000
v -0.798142 0.215795 0.000000
v -0.804613 0.215820 0.000000
v -0.810831 0.215861 0.000000
v -0.816793 0.215920 0.000000
v -0.822502 0.215995 0.000000
v -0.827956 0.216086 0.000000
v -0.833156 0.216195 0.000000
v -0.838102 0.216320 0.000000
v -0.842793 0.216462 0.000000
v -0.847230 0.216620 0.000000
v -0.851413 0.216795 0.000000
v -0.855342 0.216987 0.000000
v -0.821429 0.313325 0.000000
v -0.820134 0.316962 0.000000
v -0.818752 0.320870 0.000000
v -0.817283 0.325049 0.000000
v -0.815726 0.329498 0.000000
v -0.814082 0.334219 0.000000
v -0.812350 0.339211 0.000000
v -0.810530 0.344473 0.000000
v -0.808623 0.350007 0.000000
v -0.806629 0.355811 0.000000
v -0.804547 0.361886 0.000000
v -0.802377 0.368233 0.000000
v -0.800120 0.374850 0.000000
v -0.798461 0.379631 0.000000
v -0.796885 0.384170 0.000000
v -0.795393 0.388468 0.000000
v -0.793984 0.392524 0.000000
v -0.792659 0.396338 0.000000
v -0.791417 0.399910 0.000000
v -0.790258 0.403240 0.000000
v -0.789182 0.406329 0.000000
v -0.788190 0.409176 0.000000
v -0.787282 0.411781 0.000000
v -0.786456 0.414145 0.000000
v -0.416267 0.069928 0.000000
v -0.418363 0.077471 0.000000
v -0.420452 0.084992 0.000000
v -0.422532 0.092493 0.000000
v -0.424603 0.099973 0.000000
v -0.426666 0.107433 0.000000
v -0.428721 0.114871 0.000000
v -0.430768 0.122289 0.000000
v -0.432806 0.129685 0.000000
v -0.434836 0.137061 0.000000
v -0.436858 0.144416 0.000000
v -0.438871 0.151750 0.000000
v -0.440876 0.159064 0.000000
v -0.491296 0.346639 0.000000
v -0.493214 0.354027 0.000000
v -0.494965 0.361086 0.000000
v -0.496549 0.367816 0.000000
v -0.497966 0.374216 0.000000
v -0.499216 0.380288 0.000000
v -0.500300 0.386029 0.000000
v -0.501217 0.391442 0.000000
v -0.501967 0.396525 0.000000
v -0.502551 0.401279 0.000000
v -0.502968 0.405704 0.000000
v -0.503218 0.409799 0.000000
v -0.503301 0.413565 0.000000
v -0.503283 0.415279 0.000000
v -0.503226 0.416917 0.000000
v -0.503132 0.418480 0.000000
v -0.503001 0.419968 0.000000
v -0.502832 0.421381 0.000000
v -0.502626 0.422719 0.000000
v -0.502382 0.423982 0.000000
v -0.502101 0.425170 0.000000
v -0.501782 0.426283 0.000000
v -0.501426 0.427321 0.000000
v -0.501032 0.428284 0.000000
v -0.500600 0.429172 0.000000
v -0.499792 0.430585 0.000000
v -0.498866 0.431923 0.000000
v -0.497824 0.433186 0.000000
v -0.496665 0.434374 0.000000
v -0.495390 0.435487 0.000000
v -0.493998 0.436525 0.000000
v -0.492489 0.437487 0.000000
v -0.490863 0.438375 0.000000
v -0.489121 0.439188 0.000000
v -0.487262 0.439926 0.000000
v -0.485286 0.440589 0.000000
v -0.483193 0.441176 0.000000
v -0.481909 0.441474 0.000000
v -0.480459 0.441768 0.000000
v -0.478842 0.442058 0.000000
v -0.477057 0.442344 0.000000
v -0.475107 0.442625 0.000000
v -0.472989 0.442902 0.000000
v -0.470705 0.443175 0.000000
v -0.468254 0.443444 0.000000
v -0.465636 0.443709 0.000000
v -0.462852 0.443969 0.000000
v -0.459901 0.444226 0.000000
v -0.456783 0.444478 0.000000
v -0.455920 0.444663 0.000000
v -0.455132 0.444920 0.000000
v -0.454419 0.445247 0.000000
v -0.453781 0.445645 0.000000
v -0.453219 0.446114 0.000000
v -0.452731 0.446654 0.000000
v -0.452318 0.447264 0.000000
v -0.451981 0.447946 0.000000
v -0.451718 0.448698 0.000000
v -0.451531 0.449521 0.000000
v -0.451418 0.450416 0.000000
v -0.451381 0.451381 0.000000
v -0.451418 0.452435 0.000000
v -0.451531 0.453398 0.000000
v -0.451718 0.454269 0.000000
v -0.451981 0.455049 0.000000
v -0.452318 0.455736 0.000000
v -0.452731 0.456333 0.000000
v -0.453219 0.456837 0.000000
v -0.453782 0.457250 0.000000
v -0.454419 0.457571 0.000000
v -0.455132 0.457800 0.000000
v -0.455920 0.457937 0.000000
v -0.456783 0.457983 0.000000
v -0.463931 0.457600 0.000000
v -0.470872 0.457250 0.000000
v -0.477604 0.456933 0.000000
v -0.484127 0.456649 0.000000
v -0.490442 0.456399 0.000000
v -0.496549 0.456182 0.000000
v -0.502447 0.455999 0.000000
v -0.508137 0.455849 0.000000
v -0.513618 0.455732 0.000000
v -0.518891 0.455649 0.000000
v -0.523955 0.455599 0.000000
v -0.528812 0.455582 0.000000
v -0.533699 0.455599 0.000000
v -0.538557 0.455649 0.000000
v -0.543386 0.455732 0.000000
v -0.548186 0.455849 0.000000
v -0.552957 0.455999 0.000000
v -0.557698 0.456182 0.000000
v -0.562410 0.456399 0.000000
v -0.567093 0.456649 0.000000
v -0.571747 0.456933 0.000000
v -0.576372 0.457250 0.000000
v -0.580968 0.457600 0.000000
v -0.585534 0.457983 0.000000
v -0.586397 0.457937 0.000000
v -0.587185 0.457800 0.000000
v -0.587898 0.457570 0.000000
v -0.588535 0.457249 0.000000
v -0.589098 0.456837 0.000000
v -0.589586 0.456332 0.000000
v -0.589998 0.455736 0.000000
v -0.590336 0.455049 0.000000
v -0.590599 0.454269 0.000000
v -0.590786 0.453398 0.000000
v -0.590899 0.452435 0.000000
v -0.590936 0.451381 0.000000
v -0.590895 0.450416 0.000000
v -0.590770 0.449521 0.000000
v -0.590561 0.448698 0.000000
v -0.590269 0.447946 0.000000
v -0.589894 0.447264 0.000000
v -0.589436 0.446654 0.000000
v -0.588894 0.446114 0.000000
v -0.588269 0.445645 0.000000
v -0.587560 0.445247 0.000000
v -0.586768 0.444920 0.000000
v -0.585893 0.444663 0.000000
v -0.584934 0.444478 0.000000
v -0.582296 0.444121 0.000000
v -0.579786 0.443752 0.000000
v -0.577403 0.443371 0.000000
v -0.575147 0.442977 0.000000
v -0.573018 0.442571 0.000000
v -0.571016 0.442152 0.000000
v -0.569141 0.441720 0.000000
v -0.567394 0.441276 0.000000
v -0.565773 0.440820 0.000000
v -0.564280 0.440351 0.000000
v -0.562914 0.439870 0.000000
v -0.561675 0.439376 0.000000
v -0.560496 0.438842 0.000000
v -0.559311 0.438242 0.000000
v -0.558120 0.437575 0.000000
v -0.556923 0.436841 0.000000
v -0.555719 0.436041 0.000000
v -0.554509 0.435174 0.000000
v -0.553293 0.434240 0.000000
v -0.552071 0.433240 0.000000
v -0.550842 0.432173 0.000000
v -0.549607 0.431039 0.000000
v -0.548366 0.429839 0.000000
v -0.547119 0.428571 0.000000
v -0.545164 0.425802 0.000000
v -0.543101 0.422294 0.000000
v -0.540929 0.418048 0.000000
v -0.538649 0.413065 0.000000
v -0.536260 0.407344 0.000000
v -0.533763 0.400885 0.000000
v -0.531158 0.393689 0.000000
v -0.528445 0.385754 0.000000
v -0.525623 0.377082 0.000000
v -0.522692 0.367672 0.000000
v -0.519654 0.357524 0.000000
v -0.516507 0.346639 0.000000
v -0.453781 0.126651 0.000000
v -0.449626 0.112230 0.000000
v -0.445762 0.098781 0.000000
v -0.442189 0.086303 0.000000
v -0.438909 0.074797 0.000000
v -0.435920 0.064261 0.000000
v -0.433223 0.054697 0.000000
v -0.430818 0.046104 0.000000
v -0.428705 0.038482 0.000000
v -0.426883 0.031831 0.000000
v -0.425353 0.026152 0.000000
v -0.424115 0.021444 0.000000
v -0.423169 0.017707 0.000000
v -0.420085 0.016221 0.000000
v -0.417234 0.014864 0.000000
v -0.414616 0.013637 0.000000
v -0.412232 0.012538 0.000000
v -0.410081 0.011569 0.000000
v -0.408163 0.010729 0.000000
v -0.406479 0.010019 0.000000
v -0.405029 0.009437 0.000000
v -0.403812 0.008985 0.000000
v -0.402828 0.008662 0.000000
v -0.402078 0.008468 0.000000
v -0.401561 0.008403 0.000000
v -0.401219 0.008433 0.000000
v -0.400894 0.008520 0.000000
v -0.400585 0.008666 0.000000
v -0.400293 0.008870 0.000000
v -0.400018 0.009133 0.000000
v -0.399760 0.009454 0.000000
v -0.399518 0.009833 0.000000
v -0.399293 0.010271 0.000000
v -0.399085 0.010767 0.000000
v -0.398893 0.011321 0.000000
v -0.398718 0.011934 0.000000
v -0.398559 0.012605 0.000000
v -0.396127 0.021909 0.000000
v -0.393632 0.031313 0.000000
v -0.391075 0.040816 0.000000
v -0.388455 0.050420 0.000000
v -0.385773 0.060124 0.000000
v -0.383028 0.069928 0.000000
v -0.380221 0.079832 0.000000
v -0.377351 0.089836 0.000000
v -0.374418 0.099940 0.000000
v -0.371424 0.110144 0.000000
v -0.368366 0.120448 0.000000
v -0.365246 0.130852 0.000000
v -0.316026 0.296819 0.000000
v -0.313798 0.304461 0.000000
v -0.311716 0.311583 0.000000
v -0.309780 0.318184 0.000000
v -0.307990 0.324263 0.000000
v -0.306345 0.329821 0.000000
v -0.304847 0.334859 0.000000
v -0.303494 0.339375 0.000000
v -0.302288 0.343371 0.000000
v -0.301227 0.346845 0.000000
v -0.300312 0.349798 0.000000
v -0.299543 0.352230 0.000000
v -0.298920 0.354142 0.000000
v -0.298361 0.352493 0.000000
v -0.297586 0.350148 0.000000
v -0.296594 0.347108 0.000000
v -0.295385 0.343371 0.000000
v -0.293959 0.338938 0.000000
v -0.292317 0.333809 0.000000
v -0.290458 0.327983 0.000000
v -0.288382 0.321462 0.000000
v -0.286089 0.314244 0.000000
v -0.283580 0.306331 0.000000
v -0.280854 0.297721 0.000000
v -0.277911 0.288415 0.000000
v -0.225690 0.126050 0.000000
v -0.222893 0.117412 0.000000
v -0.220105 0.108702 0.000000
v -0.217324 0.099921 0.000000
v -0.214552 0.091070 0.000000
v -0.211789 0.082147 0.000000
v -0.209034 0.073154 0.000000
v -0.206287 0.064090 0.000000
v -0.203548 0.054955 0.000000
v -0.200818 0.045750 0.000000
v -0.198096 0.036473 0.000000
v -0.195382 0.027125 0.000000
v -0.192677 0.017707 0.000000
v -0.189693 0.016221 0.000000
v -0.186941 0.014864 0.000000
v -0.184424 0.013637 0.000000
v -0.182140 0.012538 0.000000
v -0.180089 0.011569 0.000000
v -0.178271 0.010729 0.000000
v -0.176687 0.010019 0.000000
v -0.175337 0.009437 0.000000
v -0.174220 0.008985 0.000000
v -0.173336 0.008662 0.000000
v -0.172686 0.008468 0.000000
v -0.172269 0.008403 0.000000
v -0.171831 0.008428 0.000000
v -0.171419 0.008503 0.000000
v -0.171031 0.008628 0.000000
v -0.170668 0.008804 0.000000
v -0.170331 0.009029 0.000000
v -0.170018 0.009304 0.000000
v -0.169730 0.009629 0.000000
v -0.169468 0.010004 0.000000
v -0.169230 0.010429 0.000000
v -0.169018 0.010904 0.000000
v -0.168830 0.011430 0.000000
v -0.168667 0.012005 0.000000
v -0.166102 0.021909 0.000000
v -0.163507 0.031813 0.000000
v -0.160883 0.041717 0.000000
v -0.158230 0.051621 0.000000
v -0.155548 0.061525 0.000000
v -0.152836 0.071429 0.000000
v -0.150095 0.081333 0.000000
v -0.147326 0.091236 0.000000
v -0.144527 0.101140 0.000000
v -0.141698 0.111044 0.000000
v -0.138841 0.120948 0.000000
v -0.135954 0.130852 0.000000
v -0.073229 0.346639 -0.000000
v -0.069886 0.358137 -0.000000
v -0.066660 0.368823 -0.000000
v -0.063550 0.378695 -0.000000
v -0.060558 0.387755 -0.000000
v -0.057681 0.396002 -0.000000
v -0.054922 0.403436 -0.000000
v -0.052279 0.410058 -0.000000
v -0.049753 0.415866 -0.000000
v -0.047344 0.420862 -0.000000
v -0.045051 0.425045 -0.000000
v -0.042875 0.428415 -0.000000
v -0.040816 0.430972 -0.000000
v -0.039543 0.432235 -0.000000
v -0.038224 0.433423 -0.000000
v -0.036858 0.434536 -0.000000
v -0.035448 0.435574 -0.000000
v -0.033991 0.436537 -0.000000
v -0.032488 0.437425 -0.000000
v -0.030939 0.438238 -0.000000
v -0.029345 0.438976 -0.000000
v -0.027705 0.439638 -0.000000
v -0.026019 0.440226 -0.000000
v -0.024287 0.440739 -0.000000
v -0.022509 0.441176 -0.000000
v -0.021752 0.441337 -0.000000
v -0.020783 0.441518 -0.000000
v -0.019602 0.441720 -0.000000
v -0.018207 0.441943 -0.000000
v -0.016600 0.442187 -0.000000
v -0.014781 0.442452 -0.000000
v -0.012749 0.442737 -0.000000
v -0.010504 0.443044 -0.000000
v -0.008047 0.443371 -0.000000
v -0.005377 0.443719 -0.000000
v -0.002495 0.444088 -0.000000
v 0.000600 0.444478 -0.000000
v 0.001463 0.444663 -0.000000
v 0.002251 0.444920 -0.000000
v 0.002964 0.445247 -0.000000
v 0.003601 0.445645 -0.000000
v 0.004164 0.446114 -0.000000
v 0.004652 0.446654 -0.000000
v 0.005065 0.447264 -0.000000
v 0.005402 0.447946 -0.000000
v 0.005665 0.448698 -0.000000
v 0.005852 0.449521 -0.000000
v 0.005965 0.450416 -0.000000
v 0.006002 0.451381 -0.000000
v 0.005965 0.452435 -0.000000
v 0.005852 0.453398 -0.000000
v 0.005665 0.454269 -0.000000
v 0.005402 0.455049 -0.000000
v 0.005065 0.455736 -0.000000
v 0.004652 0.456333 -0.000000
v 0.004164 0.456837 -0.000000
v 0.003601 0.457250 -0.000000
v 0.002964 0.457571 -0.000000
v 0.002251 0.457800 -0.000000
v 0.001463 0.457937 -0.000000
v 0.000600 0.457983 -0.000000
v -0.006361 0.457600 -0.000000
v -0.013039 0.457250 -0.000000
v -0.019433 0.456933 -0.000000
v -0.025544 0.456649 -0.000000
v -0.031371 0.456399 -0.000000
v -0.036915 0.456182 -0.000000
v -0.042175 0.455999 -0.000000
v -0.047152 0.455849 -0.000000
v -0.051846 0.455732 -0.000000
v -0.056256 0.455649 -0.000000
v -0.060382 0.455599 -0.000000
v -0.064226 0.455582 -0.000000
v -0.069682 0.455599 -0.000000
v -0.075247 0.455649 -0.000000
v -0.080920 0.455732 -0.000000
v -0.086701 0.455849 -0.000000
v -0.092591 0.455999 -0.000000
v -0.098589 0.456182 -0.000000
v -0.104696 0.456399 -0.000000
v -0.110911 0.456649 -0.000000
v -0.117234 0.456933 -0.000000
v -0.123666 0.457250 -0.000000
v -0.130206 0.457600 -0.000000
v -0.136855 0.457983 -0.000000
v -0.137813 0.457937 -0.000000
v -0.138689 0.457800 -0.000000
v -0.139481 0.457570 -0.000000
v -0.140189 0.457249 -0.000000
v -0.140815 0.456837 -0.000000
v -0.141357 0.456332 -0.000000
v -0.141815 0.455736 -0.000000
v -0.142190 0.455049 -0.000000
v -0.142482 0.454269 -0.000000
v -0.142690 0.453398 -0.000000
v -0.142815 0.452435 -0.000000
v -0.142857 0.451381 -0.000000
v -0.142815 0.450416 -0.000000
v -0.142690 0.449521 -0.000000
v -0.142482 0.448698 -0.000000
v -0.142190 0.447946 -0.000000
v -0.141815 0.447264 -0.000000
v -0.141357 0.446654 -0.000000
v -0.140815 0.446114 -0.000000
v -0.140189 0.445645 -0.000000
v -0.139481 0.445247 -0.000000
v -0.138689 0.444920 -0.000000
v -0.137813 0.444663 -0.000000
v -0.136855 0.444478 -0.000000
v -0.130919 0.443767 -0.000000
v -0.125417 0.442935 -0.000000
v -0.120348 0.441983 -0.000000
v -0.115713 0.440910 -0.000000
v -0.111511 0.439715 -0.000000
v -0.107743 0.438400 -0.000000
v -0.104408 0.436964 -0.000000
v -0.101507 0.435407 -0.000000
v -0.099040 0.433730 -0.000000
v -0.097005 0.431931 -0.000000
v -0.095405 0.430012 -0.000000
v -0.094238 0.427971 -0.000000
v -0.093950 0.427156 -0.000000
v -0.093687 0.426312 -0.000000
v -0.093450 0.425439 -0.000000
v -0.093237 0.424536 -0.000000
v -0.093050 0.423605 -0.000000
v -0.092887 0.422644 -0.000000
v -0.092750 0.421654 -0.000000
v -0.092637 0.420635 -0.000000
v -0.092550 0.419587 -0.000000
v -0.092487 0.418509 -0.000000
v -0.092449 0.417402 -0.000000
v -0.092437 0.416267 -0.000000
v -0.092543 0.413490 -0.000000
v -0.092862 0.410164 -0.000000
v -0.093394 0.406288 -0.000000
v -0.094138 0.401861 -0.000000
v -0.095094 0.396884 -0.000000
v -0.096263 0.391357 -0.000000
v -0.097645 0.385279 -0.000000
v -0.099240 0.378651 -0.000000
v -0.101047 0.371474 -0.000000
v -0.103066 0.363746 -0.000000
v -0.105298 0.355467 -0.000000
v -0.107743 0.346639 -0.000000
v -0.161164 0.160264 0.000000
v -0.165058 0.146802 0.000000
v -0.168634 0.134429 0.000000
v -0.171894 0.123143 0.000000
v -0.174837 0.112945 0.000000
v -0.177463 0.103835 0.000000
v -0.179772 0.095813 0.000000
v -0.181764 0.088879 0.000000
v -0.183440 0.083033 0.000000
v -0.184799 0.078275 0.000000
v -0.185841 0.074605 0.000000
v -0.186566 0.072023 0.000000
v -0.186975 0.070528 0.000000
v -0.213385 0.156663 0.000000
v -0.259604 0.301921 0.000000
v -0.260173 0.303744 0.000000
v -0.260879 0.306014 0.000000
v -0.261723 0.308730 0.000000
v -0.262705 0.311891 0.000000
v -0.263824 0.315499 0.000000
v -0.265081 0.319553 0.000000
v -0.266475 0.324053 0.000000
v -0.268007 0.328998 0.000000
v -0.269677 0.334390 0.000000
v -0.271484 0.340228 0.000000
v -0.273428 0.346511 0.000000
v -0.275510 0.353241 0.000000
v -0.276646 0.356989 0.000000
v -0.277753 0.360628 0.000000
v -0.278830 0.364158 0.000000
v -0.279879 0.367580 0.000000
v -0.280898 0.370894 0.000000
v -0.281888 0.374100 0.000000
v -0.282848 0.377197 0.000000
v -0.283780 0.380185 0.000000
v -0.284683 0.383066 0.000000
v -0.285556 0.385838 0.000000
v -0.286400 0.388501 0.000000
v -0.287215 0.391056 0.000000
v -0.285671 0.395631 0.000000
v -0.284139 0.399952 0.000000
v -0.282619 0.404018 0.000000
v -0.281112 0.407830 0.000000
v -0.279618 0.411387 0.000000
v -0.278136 0.414691 0.000000
v -0.276667 0.417740 0.000000
v -0.275210 0.420535 0.000000
v -0.273766 0.423075 0.000000
v -0.272334 0.425362 0.000000
v -0.270915 0.427394 0.000000
v -0.269508 0.429172 0.000000
v -0.268151 0.430583 0.000000
v -0.266782 0.431914 0.000000
v -0.265400 0.433167 0.000000
v -0.264006 0.434340 0.000000
v -0.262599 0.435435 0.000000
v -0.261179 0.436450 0.000000
v -0.259748 0.437385 0.000000
v -0.258303 0.438242 0.000000
v -0.256846 0.439019 0.000000
v -0.255377 0.439718 0.000000
v -0.253895 0.440336 0.000000
v -0.252401 0.440876 0.000000
v -0.251240 0.441222 0.000000
v -0.249958 0.441560 0.000000
v -0.248556 0.441889 0.000000
v -0.247032 0.442210 0.000000
v -0.245388 0.442523 0.000000
v -0.243622 0.442827 0.000000
v -0.241736 0.443123 0.000000
v -0.239729 0.443411 0.000000
v -0.237601 0.443690 0.000000
v -0.235352 0.443961 0.000000
v -0.232983 0.444223 0.000000
v -0.230492 0.444478 0.000000
v -0.229629 0.444663 0.000000
v -0.228842 0.444920 0.000000
v -0.228129 0.445247 0.000000
v -0.227491 0.445645 0.000000
v -0.226928 0.446114 0.000000
v -0.226441 0.446654 0.000000
v -0.226028 0.447264 0.000000
v -0.225690 0.447946 0.000000
v -0.225428 0.448698 0.000000
v -0.225240 0.449521 0.000000
v -0.225128 0.450416 -0.000000
v -0.225090 0.451381 -0.000000
v -0.225128 0.452435 -0.000000
v -0.225240 0.453398 -0.000000
v -0.225428 0.454269 -0.000000
v -0.225690 0.455049 -0.000000
v -0.226028 0.455736 -0.000000
v -0.226441 0.456333 -0.000000
v -0.226928 0.456837 -0.000000
v -0.227491 0.457250 -0.000000
v -0.228129 0.457571 -0.000000
v -0.228842 0.457800 -0.000000
v -0.229629 0.457937 0.000000
v -0.230492 0.457983 0.000000
v -0.237218 0.457600 0.000000
v -0.243689 0.457250 0.000000
v -0.249906 0.456933 0.000000
v -0.255869 0.456649 0.000000
v -0.261578 0.456399 0.000000
v -0.267032 0.456182 0.000000
v -0.272232 0.455999 0.000000
v -0.277178 0.455849 0.000000
v -0.281869 0.455732 0.000000
v -0.286306 0.455649 0.000000
v -0.290489 0.455599 0.000000
v -0.294418 0.455582 0.000000
v -0.298578 0.455599 0.000000
v -0.302954 0.455649 0.000000
v -0.307548 0.455732 0.000000
v -0.312358 0.455849 0.000000
v -0.317385 0.455999 0.000000
v -0.322629 0.456182 0.000000
v -0.328090 0.456399 0.000000
v -0.333767 0.456649 0.000000
v -0.339661 0.456933 0.000000
v -0.345772 0.457250 0.000000
v -0.352099 0.457600 0.000000
v -0.358643 0.457983 0.000000
v -0.359506 0.457937 0.000000
v -0.360294 0.457800 0.000000
v -0.361007 0.457570 0.000000
v -0.361645 0.457249 0.000000
v -0.362207 0.456837 0.000000
v -0.362695 0.456332 0.000000
v -0.363108 0.455736 0.000000
v -0.363445 0.455049 0.000000
v -0.363708 0.454269 0.000000
v -0.363896 0.453398 0.000000
v -0.364008 0.452435 0.000000
v -0.364046 0.451381 0.000000
v -0.364008 0.450370 0.000000
v -0.363896 0.449438 0.000000
v -0.363708 0.448586 0.000000
v -0.363445 0.447812 0.000000
v -0.363108 0.447118 0.000000
v -0.362695 0.446504 0.000000
v -0.362207 0.445968 0.000000
v -0.361645 0.445512 0.000000
v -0.361007 0.445134 0.000000
v -0.360294 0.444836 0.000000
v -0.359506 0.444617 0.000000
v -0.358643 0.444478 0.000000
v -0.354627 0.443935 0.000000
v -0.350882 0.443407 0.000000
v -0.347408 0.442893 0.000000
v -0.344204 0.442394 0.000000
v -0.341272 0.441909 0.000000
v -0.338610 0.441439 0.000000
v -0.336220 0.440984 0.000000
v -0.334100 0.440543 0.000000
v -0.332252 0.440117 0.000000
v -0.330674 0.439705 0.000000
v -0.329367 0.439308 0.000000
v -0.328331 0.438926 0.000000
v -0.327441 0.438514 0.000000
v -0.326572 0.438029 0.000000
v -0.325724 0.437472 0.000000
v -0.324897 0.436841 0.000000
v -0.324090 0.436138 0.000000
v -0.323304 0.435362 0.000000
v -0.322539 0.434512 0.000000
v -0.321795 0.433590 0.000000
v -0.321072 0.432595 0.000000
v -0.320370 0.431527 0.000000
v -0.319688 0.430386 0.000000
v -0.319028 0.429172 0.000000
v -0.318692 0.428359 0.000000
v -0.318386 0.427521 0.000000
v -0.318108 0.426658 0.000000
v -0.317860 0.425770 0.000000
v -0.317642 0.424857 0.000000
v -0.317452 0.423920 0.000000
v -0.317291 0.422957 0.000000
v -0.317160 0.421969 0.000000
v -0.317058 0.420956 0.000000
v -0.316985 0.419918 0.000000
v -0.316941 0.418855 0.000000
v -0.316927 0.417767 0.000000
v -0.317050 0.415352 0.000000
v -0.317419 0.412307 0.000000
v -0.318033 0.408632 0.000000
v -0.318894 0.404328 0.000000
v -0.320001 0.399395 0.000000
v -0.321354 0.393833 0.000000
v -0.322952 0.387640 0.000000
v -0.324797 0.380819 0.000000
v -0.326887 0.373368 0.000000
v -0.329223 0.365288 0.000000
v -0.331806 0.356578 0.000000
v -0.334634 0.347239 0.000000
v -0.389856 0.160264 0.000000
v -0.393203 0.149091 0.000000
v -0.396342 0.138580 0.000000
v -0.399272 0.128733 0.000000
v -0.401994 0.119548 0.000000
v -0.404508 0.111026 0.000000
v -0.406813 0.103166 0.000000
v -0.408909 0.095970 0.000000
v -0.410798 0.089436 0.000000
v -0.412477 0.083565 0.000000
v -0.413949 0.078356 0.000000
v -0.415212 0.073811 0.000000
vn -0.0000 -0.0000 -1.0000
vn -0.0000 -0.0000 1.0000
vt 0.063503 0.000000
vt 0.064899 0.000000
vt 0.064201 0.000000
vt 0.065597 0.000000
vt 0.066294 0.000000
vt 0.066992 0.000000
vt 0.067690 0.000000
vt 0.068388 0.000000
vt 0.069086 0.000000
vt 0.062805 0.000000
vt 0.069784 0.000000
vt 0.070482 0.000000
vt 0.071179 0.000000
vt 0.071877 0.000000
vt 0.072575 0.000000
vt 0.073273 0.000000
vt 0.073971 0.000000
vt 0.074669 0.000000
vt 0.062107 0.000000
vt 0.075366 0.000000
vt 0.076064 0.000000
vt 0.076762 0.000000
vt 0.077460 0.000000
vt 0.078158 0.000000
vt 0.078856 0.000000
vt 0.079553 0.000000
vt 0.061410 0.000000
vt 0.080251 0.000000
vt 0.080949 0.000000
vt 0.081647 0.000000
vt 0.082345 0.000000
vt 0.083043 0.000000
vt 0.060712 0.000000
vt 0.083740 0.000000
vt 0.084438 0.000000
vt 0.085136 0.000000
vt 0.060014 0.000000
vt 0.085834 0.000000
vt 0.086532 0.000000
vt 0.844382 0.000000
vt 0.845778 0.000000
vt 0.845080 0.000000
vt 0.087230 0.000000
vt 0.846476 0.000000
vt 0.059316 0.000000
vt 0.847174 0.000000
vt 0.087927 0.000000
vt 0.861828 0.000000
vt 0.863224 0.000000
vt 0.862526 0.000000
vt 0.863922 0.000000
vt 0.861130 0.000000
vt 0.843685 0.000000
vt 0.864620 0.000000
vt 0.860433 0.000000
vt 0.847872 0.000000
vt 0.865318 0.000000
vt 0.088625 0.000000
vt 0.859735 0.000000
vt 0.866015 0.000000
vt 0.859037 0.000000
vt 0.848569 0.000000
vt 0.866713 0.000000
vt 0.089323 0.000000
vt 0.858339 0.000000
vt 0.842987 0.000000
vt 0.867411 0.000000
vt 0.849267 0.000000
vt 0.090021 0.000000
vt 0.058618 0.000000
vt 0.857641 0.000000
vt 0.868109 0.000000
vt 0.849965 0.000000
vt 0.856943 0.000000
vt 0.868807 0.000000
vt 0.842289 0.000000
vt 0.850663 0.000000
vt 0.856246 0.000000
vt 0.869505 0.000000
vt 0.851361 0.000000
vt 0.057920 0.000000
vt 0.841591 0.000000
vt 0.855548 0.000000
vt 0.870202 0.000000
vt 0.852059 0.000000
vt 0.854850 0.000000
vt 0.870900 0.000000
vt 0.840893 0.000000
vt 0.852756 0.000000
vt 0.057223 0.000000
vt 0.871598 0.000000
vt 0.854152 0.000000
vt 0.853454 0.000000
vt 0.840195 0.000000
vt 0.872296 0.000000
vt 0.872994 0.000000
vt 0.098395 0.000000
vt 0.099791 0.000000
vt 0.099093 0.000000
vt 0.097697 0.000000
vt 0.100488 0.000000
vt 0.839498 0.000000
vt 0.096999 0.000000
vt 0.101186 0.000000
vt 0.873692 0.000000
vt 0.096301 0.000000
vt 0.101884 0.000000
vt 0.056525 0.000000
vt 0.874389 0.000000
vt 0.095604 0.000000
vt 0.102582 0.000000
vt 0.838800 0.000000
vt 0.875087 0.000000
vt 0.094906 0.000000
vt 0.103280 0.000000
vt 0.875785 0.000000
vt 0.094208 0.000000
vt 0.103978 0.000000
vt 0.876483 0.000000
vt 0.838102 0.000000
vt 0.055827 0.000000
vt 0.877181 0.000000
vt 0.093510 0.000000
vt 0.104676 0.000000
vt 0.877879 0.000000
vt 0.837404 0.000000
vt 0.878576 0.000000
vt 0.092812 0.000000
vt 0.105373 0.000000
vt 0.879274 0.000000
vt 0.836706 0.000000
vt 0.879972 0.000000
vt 0.055129 0.000000
vt 0.880670 0.000000
vt 0.106071 0.000000
vt 0.092114 0.000000
vt 0.881368 0.000000
vt 0.836008 0.000000
vt 0.835311 0.000000
vt 0.882066 0.000000
vt 0.834613 0.000000
vt 0.106769 0.000000
vt 0.091417 0.000000
vt 0.882763 0.000000
vt 0.833915 0.000000
vt 0.045359 0.000000
vt 0.046755 0.000000
vt 0.046057 0.000000
vt 0.883461 0.000000
vt 0.833217 0.000000
vt 0.047453 0.000000
vt 0.832519 0.000000
vt 0.983252 0.000000
vt 0.982554 0.000000
vt 0.884159 0.000000
vt 0.048151 0.000000
vt 0.107467 0.000000
vt 0.090719 0.000000
vt 0.983950 0.000000
vt 0.981856 0.000000
vt 0.048849 0.000000
vt 0.831821 0.000000
vt 0.049546 0.000000
vt 0.884857 0.000000
vt 0.831124 0.000000
vt 0.050244 0.000000
vt 0.050942 0.000000
vt 0.051640 0.000000
vt 0.885555 0.000000
vt 0.830426 0.000000
vt 0.052338 0.000000
vt 0.053036 0.000000
vt 0.053733 0.000000
vt 0.054431 0.000000
vt 0.044662 0.000000
vt 0.043964 0.000000
vt 0.043266 0.000000
vt 0.042568 0.000000
vt 0.041870 0.000000
vt 0.041172 0.000000
vt 0.040475 0.000000
vt 0.039777 0.000000
vt 0.039079 0.000000
vt 0.108165 0.000000
vt 0.829728 0.000000
vt 0.886253 0.000000
vt 0.108863 0.000000
vt 0.829030 0.000000
vt 0.109560 0.000000
vt 0.886950 0.000000
vt 0.828332 0.000000
vt 0.110258 0.000000
vt 0.887648 0.000000
vt 0.110956 0.000000
vt 0.827634 0.000000
vt 0.984648 0.000000
vt 0.038381 0.000000
vt 0.111654 0.000000
vt 0.888346 0.000000
vt 0.112352 0.000000
vt 0.113050 0.000000
vt 0.921144 0.000000
vt 0.922540 0.000000
vt 0.921842 0.000000
vt 0.113747 0.000000
vt 0.826936 0.000000
vt 0.114445 0.000000
vt 0.923238 0.000000
vt 0.037683 0.000000
vt 0.115143 0.000000
vt 0.985345 0.000000
vt 0.115841 0.000000
vt 0.116539 0.000000
vt 0.826239 0.000000
vt 0.117237 0.000000
vt 0.923936 0.000000
vt 0.920447 0.000000
vt 0.117934 0.000000
vt 0.118632 0.000000
vt 0.036985 0.000000
vt 0.119330 0.000000
vt 0.120028 0.000000
vt 0.986043 0.000000
vt 0.120726 0.000000
vt 0.924634 0.000000
vt 0.981158 0.000000
vt 0.825541 0.000000
vt 0.121424 0.000000
vt 0.122121 0.000000
vt 0.122819 0.000000
vt 0.123517 0.000000
vt 0.124215 0.000000
vt 0.036288 0.000000
vt 0.035590 0.000000
vt 0.124913 0.000000
vt 0.125611 0.000000
vt 0.919749 0.000000
vt 0.925331 0.000000
vt 0.824843 0.000000
vt 0.986741 0.000000
vt 0.926029 0.000000
vt 0.919051 0.000000
vt 0.824145 0.000000
vt 0.926727 0.000000
vt 0.987439 0.000000
vt 0.918353 0.000000
vt 0.927425 0.000000
vt 0.823447 0.000000
vt 0.928123 0.000000
vt 0.917655 0.000000
vt 0.988137 0.000000
vt 0.928821 0.000000
vt 0.822749 0.000000
vt 0.929519 0.000000
vt 0.916957 0.000000
vt 0.930216 0.000000
vt 0.988835 0.000000
vt 0.822052 0.000000
vt 0.930914 0.000000
vt 0.916260 0.000000
vt 0.931612 0.000000
vt 0.025820 0.000000
vt 0.027216 0.000000
vt 0.026518 0.000000
vt 0.932310 0.000000
vt 0.821354 0.000000
vt 0.915562 0.000000
vt 0.989532 0.000000
vt 0.889044 0.000000
vt 0.133985 0.000000
vt 0.135380 0.000000
vt 0.134682 0.000000
vt 0.136078 0.000000
vt 0.133287 0.000000
vt 0.933008 0.000000
vt 0.027913 0.000000
vt 0.136776 0.000000
vt 0.132589 0.000000
vt 0.137474 0.000000
vt 0.131891 0.000000
vt 0.138172 0.000000
vt 0.933706 0.000000
vt 0.131193 0.000000
vt 0.028611 0.000000
vt 0.889742 0.000000
vt 0.138870 0.000000
vt 0.914864 0.000000
vt 0.130495 0.000000
vt 0.934403 0.000000
vt 0.139567 0.000000
vt 0.029309 0.000000
vt 0.025122 0.000000
vt 0.820656 0.000000
vt 0.890440 0.000000
vt 0.935101 0.000000
vt 0.129798 0.000000
vt 0.140265 0.000000
vt 0.030007 0.000000
vt 0.990230 0.000000
vt 0.914166 0.000000
vt 0.935799 0.000000
vt 0.129100 0.000000
vt 0.140963 0.000000
vt 0.891137 0.000000
vt 0.936497 0.000000
vt 0.030705 0.000000
vt 0.980461 0.000000
vt 0.937195 0.000000
vt 0.141661 0.000000
vt 0.128402 0.000000
vt 0.913468 0.000000
vt 0.891835 0.000000
vt 0.937893 0.000000
vt 0.031403 0.000000
vt 0.938590 0.000000
vt 0.819958 0.000000
vt 0.142359 0.000000
vt 0.939288 0.000000
vt 0.912770 0.000000
vt 0.939986 0.000000
vt 0.127704 0.000000
vt 0.024424 0.000000
vt 0.892533 0.000000
vt 0.032100 0.000000
vt 0.940684 0.000000
vt 0.941382 0.000000
vt 0.979763 0.000000
vt 0.143057 0.000000
vt 0.990928 0.000000
vt 0.893231 0.000000
vt 0.912073 0.000000
vt 0.032798 0.000000
vt 0.942080 0.000000
vt 0.127006 0.000000
vt 0.942777 0.000000
vt 0.893929 0.000000
vt 0.033496 0.000000
vt 0.911375 0.000000
vt 0.143754 0.000000
vt 0.943475 0.000000
vt 0.894627 0.000000
vt 0.819260 0.000000
vt 0.126308 0.000000
vt 0.034194 0.000000
vt 0.910677 0.000000
vt 0.979065 0.000000
vt 0.944173 0.000000
vt 0.144452 0.000000
vt 0.895324 0.000000
vt 0.034892 0.000000
vt 0.944871 0.000000
vt 0.909979 0.000000
vt 0.023726 0.000000
vt 0.896022 0.000000
vt 0.145150 0.000000
vt 0.991626 0.000000
vt 0.945569 0.000000
vt 0.909281 0.000000
vt 0.896720 0.000000
vt 0.897418 0.000000
vt 0.145848 0.000000
vt 0.978367 0.000000
vt 0.908583 0.000000
vt 0.898116 0.000000
vt 0.946267 0.000000
vt 0.898814 0.000000
vt 0.907886 0.000000
vt 0.899512 0.000000
vt 0.146546 0.000000
vt 0.900209 0.000000
vt 0.907188 0.000000
vt 0.900907 0.000000
vt 0.818562 0.000000
vt 0.946964 0.000000
vt 0.901605 0.000000
vt 0.906490 0.000000
vt 0.902303 0.000000
vt 0.903001 0.000000
vt 0.905792 0.000000
vt 0.903699 0.000000
vt 0.147244 0.000000
vt 0.904396 0.000000
vt 0.905094 0.000000
vt 0.977669 0.000000
vt 0.947662 0.000000
vt 0.147941 0.000000
vt 0.992324 0.000000
vt 0.023029 0.000000
vt 0.948360 0.000000
vt 0.148639 0.000000
vt 0.976971 0.000000
vt 0.149337 0.000000
vt 0.817865 0.000000
vt 0.150035 0.000000
vt 0.949058 0.000000
vt 0.150733 0.000000
vt 0.976274 0.000000
vt 0.993022 0.000000
vt 0.151431 0.000000
vt 0.949756 0.000000
vt 0.152128 0.000000
vt 0.975576 0.000000
vt 0.022331 0.000000
vt 0.152826 0.000000
vt 0.950454 0.000000
vt 0.817167 0.000000
vt 0.153524 0.000000
vt 0.974878 0.000000
vt 0.290300 0.000000
vt 0.154222 0.000000
vt 0.951151 0.000000
vt 0.154920 0.000000
vt 0.993719 0.000000
vt 0.974180 0.000000
vt 0.155618 0.000000
vt 0.951849 0.000000
vt 0.289602 0.000000
vt 0.290998 0.000000
vt 0.293091 0.000000
vt 0.156315 0.000000
vt 0.973482 0.000000
vt 0.288207 0.000000
vt 0.288904 0.000000
vt 0.291696 0.000000
vt 0.292394 0.000000
vt 0.159805 0.000000
vt 0.816469 0.000000
vt 0.952547 0.000000
vt 0.021633 0.000000
vt 0.157013 0.000000
vt 0.972784 0.000000
vt 0.953245 0.000000
vt 0.157711 0.000000
vt 0.994417 0.000000
vt 0.972087 0.000000
vt 0.953943 0.000000
vt 0.158409 0.000000
vt 0.954641 0.000000
vt 0.971389 0.000000
vt 0.159107 0.000000
vt 0.815771 0.000000
vt 0.955338 0.000000
vt 0.970691 0.000000
vt 0.956036 0.000000
vt 0.020935 0.000000
vt 0.969993 0.000000
vt 0.995115 0.000000
vt 0.160502 0.000000
vt 0.956734 0.000000
vt 0.957432 0.000000
vt 0.969295 0.000000
vt 0.958130 0.000000
vt 0.968597 0.000000
vt 0.815073 0.000000
vt 0.958828 0.000000
vt 0.967900 0.000000
vt 0.959525 0.000000
vt 0.960223 0.000000
vt 0.967202 0.000000
vt 0.960921 0.000000
vt 0.966504 0.000000
vt 0.961619 0.000000
vt 0.995813 0.000000
vt 0.965806 0.000000
vt 0.962317 0.000000
vt 0.963015 0.000000
vt 0.965108 0.000000
vt 0.963713 0.000000
vt 0.964410 0.000000
vt 0.020237 0.000000
vt 0.814375 0.000000
vt 0.996511 0.000000
vt 0.813678 0.000000
vt 0.997209 0.000000
vt 0.019539 0.000000
vt 0.812980 0.000000
vt 0.997907 0.000000
vt 0.364271 0.000000
vt 0.365666 0.000000
vt 0.364969 0.000000
vt 0.363573 0.000000
vt 0.812282 0.000000
vt 0.366364 0.000000
vt 0.362875 0.000000
vt 0.367062 0.000000
vt 0.998604 0.000000
vt 0.018842 0.000000
vt 0.362177 0.000000
vt 0.367760 0.000000
vt 0.361479 0.000000
vt 0.368458 0.000000
vt 0.360782 0.000000
vt 0.369156 0.000000
vt 0.360084 0.000000
vt 0.369853 0.000000
vt 0.811584 0.000000
vt 0.999302 0.000000
vt 0.359386 0.000000
vt 0.370551 0.000000
vt 0.358688 0.000000
vt 0.371249 0.000000
vt 0.357990 0.000000
vt 1.000000 0.000000
vt 0.018144 0.000000
vt 0.810886 0.000000
vt 0.810188 0.000000
vt 0.809491 0.000000
vt 0.808793 0.000000
vt 0.808095 0.000000
vt 0.807397 0.000000
vt 0.371947 0.000000
vt 0.806699 0.000000
vt 0.806001 0.000000
vt 0.805304 0.000000
vt 0.357292 0.000000
vt 0.804606 0.000000
vt 0.803908 0.000000
vt 0.803210 0.000000
vt 0.802512 0.000000
vt 0.293789 0.000000
vt 0.161200 0.000000
vt 0.346825 0.000000
vt 0.348221 0.000000
vt 0.347523 0.000000
vt 0.801814 0.000000
vt 0.348918 0.000000
vt 0.786462 0.000000
vt 0.372645 0.000000
vt 0.801117 0.000000
vt 0.349616 0.000000
vt 0.356595 0.000000
vt 0.350314 0.000000
vt 0.800419 0.000000
vt 0.351012 0.000000
vt 0.799721 0.000000
vt 0.351710 0.000000
vt 0.799023 0.000000
vt 0.352408 0.000000
vt 0.353105 0.000000
vt 0.798325 0.000000
vt 0.353803 0.000000
vt 0.373343 0.000000
vt 0.354501 0.000000
vt 0.797627 0.000000
vt 0.355199 0.000000
vt 0.355897 0.000000
vt 0.346127 0.000000
vt 0.345429 0.000000
vt 0.344731 0.000000
vt 0.344034 0.000000
vt 0.343336 0.000000
vt 0.342638 0.000000
vt 0.341940 0.000000
vt 0.341242 0.000000
vt 0.340544 0.000000
vt 0.339846 0.000000
vt 0.339149 0.000000
vt 0.796930 0.000000
vt 0.796232 0.000000
vt 0.795534 0.000000
vt 0.794836 0.000000
vt 0.794138 0.000000
vt 0.793440 0.000000
vt 0.792742 0.000000
vt 0.792045 0.000000
vt 0.791347 0.000000
vt 0.790649 0.000000
vt 0.789951 0.000000
vt 0.789253 0.000000
vt 0.788556 0.000000
vt 0.787858 0.000000
vt 0.787160 0.000000
vt 0.017446 0.000000
vt 0.287509 0.000000
vt 0.338451 0.000000
vt 0.374040 0.000000
vt 0.374738 0.000000
vt 0.375436 0.000000
vt 0.376134 0.000000
vt 0.376832 0.000000
vt 0.377530 0.000000
vt 0.378228 0.000000
vt 0.285415 0.000000
vt 0.286811 0.000000
vt 0.286113 0.000000
vt 0.294487 0.000000
vt 0.295185 0.000000
vt 0.295883 0.000000
vt 0.378925 0.000000
vt 0.379623 0.000000
vt 0.380321 0.000000
vt 0.381019 0.000000
vt 0.381717 0.000000
vt 0.382415 0.000000
vt 0.482205 0.000000
vt 0.498953 0.000000
vt 0.383112 0.000000
vt 0.337753 0.000000
vt 0.482903 0.000000
vt 0.498255 0.000000
vt 0.383810 0.000000
vt 0.384508 0.000000
vt 0.385206 0.000000
vt 0.385904 0.000000
vt 0.386602 0.000000
vt 0.497558 0.000000
vt 0.387299 0.000000
vt 0.483601 0.000000
vt 0.387997 0.000000
vt 0.337055 0.000000
vt 0.388695 0.000000
vt 0.389393 0.000000
vt 0.390091 0.000000
vt 0.390789 0.000000
vt 0.496860 0.000000
vt 0.484299 0.000000
vt 0.336357 0.000000
vt 0.496162 0.000000
vt 0.391486 0.000000
vt 0.484996 0.000000
vt 0.335659 0.000000
vt 0.495464 0.000000
vt 0.392184 0.000000
vt 0.485694 0.000000
vt 0.334962 0.000000
vt 0.494766 0.000000
vt 0.392882 0.000000
vt 0.486392 0.000000
vt 0.334264 0.000000
vt 0.494068 0.000000
vt 0.000000 0.000000
vt 0.284717 0.000000
vt 0.179344 0.000000
vt 0.178646 0.000000
vt 0.487090 0.000000
vt 0.393580 0.000000
vt 0.493371 0.000000
vt 0.333566 0.000000
vt 0.487788 0.000000
vt 0.394278 0.000000
vt 0.492673 0.000000
vt 0.332868 0.000000
vt 0.488486 0.000000
vt 0.394976 0.000000
vt 0.491975 0.000000
vt 0.489184 0.000000
vt 0.000698 0.000000
vt 0.284020 0.000000
vt 0.180042 0.000000
vt 0.177948 0.000000
vt 0.332170 0.000000
vt 0.161898 0.000000
vt 0.395673 0.000000
vt 0.491277 0.000000
vt 0.489881 0.000000
vt 0.162596 0.000000
vt 0.001396 0.000000
vt 0.177251 0.000000
vt 0.331472 0.000000
vt 0.163294 0.000000
vt 0.176553 0.000000
vt 0.002094 0.000000
vt 0.016748 0.000000
vt 0.490579 0.000000
vt 0.396371 0.000000
vt 0.163992 0.000000
vt 0.175855 0.000000
vt 0.002791 0.000000
vt 0.016050 0.000000
vt 0.175157 0.000000
vt 0.164689 0.000000
vt 0.003489 0.000000
vt 0.015352 0.000000
vt 0.174459 0.000000
vt 0.165387 0.000000
vt 0.330775 0.000000
vt 0.014655 0.000000
vt 0.004187 0.000000
vt 0.173761 0.000000
vt 0.166085 0.000000
vt 0.173064 0.000000
vt 0.397069 0.000000
vt 0.013957 0.000000
vt 0.004885 0.000000
vt 0.166783 0.000000
vt 0.172366 0.000000
vt 0.167481 0.000000
vt 0.013259 0.000000
vt 0.005583 0.000000
vt 0.171668 0.000000
vt 0.168179 0.000000
vt 0.170970 0.000000
vt 0.012561 0.000000
vt 0.168876 0.000000
vt 0.170272 0.000000
vt 0.006281 0.000000
vt 0.169574 0.000000
vt 0.011863 0.000000
vt 0.006978 0.000000
vt 0.011165 0.000000
vt 0.007676 0.000000
vt 0.330077 0.000000
vt 0.010468 0.000000
vt 0.008374 0.000000
vt 0.009770 0.000000
vt 0.009072 0.000000
vt 0.397767 0.000000
vt 0.188416 0.000000
vt 0.189812 0.000000
vt 0.189114 0.000000
vt 0.329379 0.000000
vt 0.187718 0.000000
vt 0.190509 0.000000
vt 0.398465 0.000000
vt 0.187020 0.000000
vt 0.191207 0.000000
vt 0.186322 0.000000
vt 0.191905 0.000000
vt 0.185625 0.000000
vt 0.192603 0.000000
vt 0.184927 0.000000
vt 0.193301 0.000000
vt 0.184229 0.000000
vt 0.399163 0.000000
vt 0.193999 0.000000
vt 0.328681 0.000000
vt 0.399860 0.000000
vt 0.183531 0.000000
vt 0.194696 0.000000
vt 0.400558 0.000000
vt 0.401256 0.000000
vt 0.182833 0.000000
vt 0.195394 0.000000
vt 0.401954 0.000000
vt 0.402652 0.000000
vt 0.182135 0.000000
vt 0.196092 0.000000
vt 0.403350 0.000000
vt 0.327983 0.000000
vt 0.404047 0.000000
vt 0.181438 0.000000
vt 0.196790 0.000000
vt 0.404745 0.000000
vt 0.274250 0.000000
vt 0.275645 0.000000
vt 0.274948 0.000000
vt 0.405443 0.000000
vt 0.276343 0.000000
vt 0.277041 0.000000
vt 0.180740 0.000000
vt 0.197488 0.000000
vt 0.296581 0.000000
vt 0.406141 0.000000
vt 0.327285 0.000000
vt 0.297278 0.000000
vt 0.481507 0.000000
vt 0.277739 0.000000
vt 0.278437 0.000000
vt 0.279135 0.000000
vt 0.406839 0.000000
vt 0.279833 0.000000
vt 0.480809 0.000000
vt 0.280530 0.000000
vt 0.281228 0.000000
vt 0.281926 0.000000
vt 0.282624 0.000000
vt 0.283322 0.000000
vt 0.273552 0.000000
vt 0.272854 0.000000
vt 0.272156 0.000000
vt 0.271458 0.000000
vt 0.270761 0.000000
vt 0.270063 0.000000
vt 0.269365 0.000000
vt 0.268667 0.000000
vt 0.267969 0.000000
vt 0.198186 0.000000
vt 0.407537 0.000000
vt 0.480112 0.000000
vt 0.198883 0.000000
vt 0.479414 0.000000
vt 0.199581 0.000000
vt 0.326588 0.000000
vt 0.297976 0.000000
vt 0.200279 0.000000
vt 0.478716 0.000000
vt 0.200977 0.000000
vt 0.408234 0.000000
vt 0.478018 0.000000
vt 0.267271 0.000000
vt 0.201675 0.000000
vt 0.202373 0.000000
vt 0.477320 0.000000
vt 0.203070 0.000000
vt 0.476622 0.000000
vt 0.203768 0.000000
vt 0.408932 0.000000
vt 0.298674 0.000000
vt 0.325890 0.000000
vt 0.204466 0.000000
vt 0.475925 0.000000
vt 0.266574 0.000000
vt 0.205164 0.000000
vt 0.475227 0.000000
vt 0.205862 0.000000
vt 0.206560 0.000000
vt 0.474529 0.000000
vt 0.409630 0.000000
vt 0.207257 0.000000
vt 0.473831 0.000000
vt 0.207955 0.000000
vt 0.299372 0.000000
vt 0.325192 0.000000
vt 0.208653 0.000000
vt 0.473133 0.000000
vt 0.265876 0.000000
vt 0.209351 0.000000
vt 0.210049 0.000000
vt 0.410328 0.000000
vt 0.210747 0.000000
vt 0.211445 0.000000
vt 0.212142 0.000000
vt 0.212840 0.000000
vt 0.213538 0.000000
vt 0.214236 0.000000
vt 0.265178 0.000000
vt 0.264480 0.000000
vt 0.214934 0.000000
vt 0.215632 0.000000
vt 0.300070 0.000000
vt 0.216329 0.000000
vt 0.411026 0.000000
vt 0.324494 0.000000
vt 0.263782 0.000000
vt 0.472435 0.000000
vt 0.217027 0.000000
vt 0.263084 0.000000
vt 0.411724 0.000000
vt 0.217725 0.000000
vt 0.262387 0.000000
vt 0.300768 0.000000
vt 0.323796 0.000000
vt 0.218423 0.000000
vt 0.471738 0.000000
vt 0.412421 0.000000
vt 0.261689 0.000000
vt 0.219121 0.000000
vt 0.413119 0.000000
vt 0.260991 0.000000
vt 0.301465 0.000000
vt 0.219819 0.000000
vt 0.323098 0.000000
vt 0.413817 0.000000
vt 0.471040 0.000000
vt 0.260293 0.000000
vt 0.220516 0.000000
vt 0.414515 0.000000
vt 0.259595 0.000000
vt 0.302163 0.000000
vt 0.415213 0.000000
vt 0.221214 0.000000
vt 0.322401 0.000000
vt 0.470342 0.000000
vt 0.415911 0.000000
vt 0.416609 0.000000
vt 0.417306 0.000000
vt 0.418004 0.000000
vt 0.258897 0.000000
vt 0.418702 0.000000
vt 0.419400 0.000000
vt 0.420098 0.000000
vt 0.420796 0.000000
vt 0.421493 0.000000
vt 0.422191 0.000000
vt 0.221912 0.000000
vt 0.422889 0.000000
vt 0.423587 0.000000
vt 0.302861 0.000000
vt 0.258200 0.000000
vt 0.424285 0.000000
vt 0.424983 0.000000
vt 0.425680 0.000000
vt 0.426378 0.000000
vt 0.469644 0.000000
vt 0.427076 0.000000
vt 0.321703 0.000000
vt 0.222610 0.000000
vt 0.427774 0.000000
vt 0.257502 0.000000
vt 0.428472 0.000000
vt 0.429170 0.000000
vt 0.429867 0.000000
vt 0.430565 0.000000
vt 0.431263 0.000000
vt 0.431961 0.000000
vt 0.432659 0.000000
vt 0.303559 0.000000
vt 0.433357 0.000000
vt 0.434054 0.000000
vt 0.434752 0.000000
vt 0.256804 0.000000
vt 0.435450 0.000000
vt 0.223308 0.000000
vt 0.436148 0.000000
vt 0.436846 0.000000
vt 0.468946 0.000000
vt 0.437544 0.000000
vt 0.321005 0.000000
vt 0.588276 0.000000
vt 0.589672 0.000000
vt 0.588974 0.000000
vt 0.320307 0.000000
vt 0.438241 0.000000
vt 0.319609 0.000000
vt 0.318911 0.000000
vt 0.318214 0.000000
vt 0.317516 0.000000
vt 0.438939 0.000000
vt 0.256106 0.000000
vt 0.316818 0.000000
vt 0.304257 0.000000
vt 0.316120 0.000000
vt 0.439637 0.000000
vt 0.315422 0.000000
vt 0.314724 0.000000
vt 0.224006 0.000000
vt 0.587579 0.000000
vt 0.440335 0.000000
vt 0.314027 0.000000
vt 0.313329 0.000000
vt 0.441033 0.000000
vt 0.312631 0.000000
vt 0.441731 0.000000
vt 0.255408 0.000000
vt 0.468248 0.000000
vt 0.224703 0.000000
vt 0.586881 0.000000
vt 0.311933 0.000000
vt 0.442428 0.000000
vt 0.311235 0.000000
vt 0.443126 0.000000
vt 0.304955 0.000000
vt 0.590370 0.000000
vt 0.225401 0.000000
vt 0.586183 0.000000
vt 0.310537 0.000000
vt 0.254710 0.000000
vt 0.443824 0.000000
vt 0.309839 0.000000
vt 0.226099 0.000000
vt 0.444522 0.000000
vt 0.309142 0.000000
vt 0.467551 0.000000
vt 0.585485 0.000000
vt 0.308444 0.000000
vt 0.254013 0.000000
vt 0.307746 0.000000
vt 0.445220 0.000000
vt 0.226797 0.000000
vt 0.307048 0.000000
vt 0.305652 0.000000
vt 0.306350 0.000000
vt 0.584787 0.000000
vt 0.445918 0.000000
vt 0.591068 0.000000
vt 0.227495 0.000000
vt 0.253315 0.000000
vt 0.228193 0.000000
vt 0.446615 0.000000
vt 0.466853 0.000000
vt 0.584089 0.000000
vt 0.252617 0.000000
vt 0.228890 0.000000
vt 0.447313 0.000000
vt 0.229588 0.000000
vt 0.583391 0.000000
vt 0.251919 0.000000
vt 0.591766 0.000000
vt 0.230286 0.000000
vt 0.448011 0.000000
vt 0.466155 0.000000
vt 0.230984 0.000000
vt 0.582694 0.000000
vt 0.251221 0.000000
vt 0.231682 0.000000
vt 0.448709 0.000000
vt 0.232380 0.000000
vt 0.250523 0.000000
vt 0.581996 0.000000
vt 0.465457 0.000000
vt 0.449407 0.000000
vt 0.249826 0.000000
vt 0.592463 0.000000
vt 0.249128 0.000000
vt 0.233077 0.000000
vt 0.450105 0.000000
vt 0.581298 0.000000
vt 0.248430 0.000000
vt 0.247732 0.000000
vt 0.450803 0.000000
vt 0.464759 0.000000
vt 0.451500 0.000000
vt 0.233775 0.000000
vt 0.580600 0.000000
vt 0.464061 0.000000
vt 0.452198 0.000000
vt 0.247034 0.000000
vt 0.463364 0.000000
vt 0.593161 0.000000
vt 0.452896 0.000000
vt 0.462666 0.000000
vt 0.461968 0.000000
vt 0.234473 0.000000
vt 0.579902 0.000000
vt 0.453594 0.000000
vt 0.461270 0.000000
vt 0.246336 0.000000
vt 0.454292 0.000000
vt 0.460572 0.000000
vt 0.454990 0.000000
vt 0.459874 0.000000
vt 0.459177 0.000000
vt 0.455687 0.000000
vt 0.458479 0.000000
vt 0.456385 0.000000
vt 0.457781 0.000000
vt 0.457083 0.000000
vt 0.235171 0.000000
vt 0.245639 0.000000
vt 0.593859 0.000000
vt 0.244941 0.000000
vt 0.235869 0.000000
vt 0.244243 0.000000
vt 0.236567 0.000000
vt 0.594557 0.000000
vt 0.579204 0.000000
vt 0.243545 0.000000
vt 0.237264 0.000000
vt 0.242847 0.000000
vt 0.237962 0.000000
vt 0.242149 0.000000
vt 0.238660 0.000000
vt 0.241452 0.000000
vt 0.595255 0.000000
vt 0.239358 0.000000
vt 0.240754 0.000000
vt 0.240056 0.000000
vt 0.595953 0.000000
vt 0.578507 0.000000
vt 0.614096 0.000000
vt 0.596650 0.000000
vt 0.614794 0.000000
vt 0.613398 0.000000
vt 0.597348 0.000000
vt 0.612701 0.000000
vt 0.577809 0.000000
vt 0.612003 0.000000
vt 0.598046 0.000000
vt 0.611305 0.000000
vt 0.598744 0.000000
vt 0.615492 0.000000
vt 0.599442 0.000000
vt 0.610607 0.000000
vt 0.600140 0.000000
vt 0.609909 0.000000
vt 0.600837 0.000000
vt 0.609211 0.000000
vt 0.601535 0.000000
vt 0.608514 0.000000
vt 0.602233 0.000000
vt 0.602931 0.000000
vt 0.607816 0.000000
vt 0.577111 0.000000
vt 0.603629 0.000000
vt 0.607118 0.000000
vt 0.604327 0.000000
vt 0.606420 0.000000
vt 0.605024 0.000000
vt 0.605722 0.000000
vt 0.616190 0.000000
vt 0.616888 0.000000
vt 0.576413 0.000000
vt 0.617585 0.000000
vt 0.575715 0.000000
vt 0.618283 0.000000
vt 0.575017 0.000000
vt 0.618981 0.000000
vt 0.619679 0.000000
vt 0.574320 0.000000
vt 0.620377 0.000000
vt 0.573622 0.000000
vt 0.621075 0.000000
vt 0.621773 0.000000
vt 0.572924 0.000000
vt 0.622470 0.000000
vt 0.572226 0.000000
vt 0.538730 0.000000
vt 0.623168 0.000000
vt 0.571528 0.000000
vt 0.570830 0.000000
vt 0.570133 0.000000
vt 0.569435 0.000000
vt 0.568737 0.000000
vt 0.568039 0.000000
vt 0.567341 0.000000
vt 0.566643 0.000000
vt 0.565946 0.000000
vt 0.565248 0.000000
vt 0.539428 0.000000
vt 0.538032 0.000000
vt 0.564550 0.000000
vt 0.563852 0.000000
vt 0.540126 0.000000
vt 0.563154 0.000000
vt 0.540823 0.000000
vt 0.562456 0.000000
vt 0.561759 0.000000
vt 0.541521 0.000000
vt 0.561061 0.000000
vt 0.542219 0.000000
vt 0.560363 0.000000
vt 0.542917 0.000000
vt 0.559665 0.000000
vt 0.543615 0.000000
vt 0.558967 0.000000
vt 0.558269 0.000000
vt 0.544313 0.000000
vt 0.557572 0.000000
vt 0.545010 0.000000
vt 0.556874 0.000000
vt 0.556176 0.000000
vt 0.545708 0.000000
vt 0.555478 0.000000
vt 0.554780 0.000000
vt 0.554082 0.000000
vt 0.553384 0.000000
vt 0.552687 0.000000
vt 0.546406 0.000000
vt 0.551989 0.000000
vt 0.551291 0.000000
vt 0.550593 0.000000
vt 0.549895 0.000000
vt 0.547104 0.000000
vt 0.549197 0.000000
vt 0.548500 0.000000
vt 0.547802 0.000000
vt 0.631542 0.000000
vt 0.632938 0.000000
vt 0.632240 0.000000
vt 0.633636 0.000000
vt 0.630844 0.000000
vt 0.634334 0.000000
vt 0.630147 0.000000
vt 0.635031 0.000000
vt 0.629449 0.000000
vt 0.635729 0.000000
vt 0.628751 0.000000
vt 0.636427 0.000000
vt 0.628053 0.000000
vt 0.637125 0.000000
vt 0.627355 0.000000
vt 0.637823 0.000000
vt 0.626657 0.000000
vt 0.638521 0.000000
vt 0.625960 0.000000
vt 0.639218 0.000000
vt 0.625262 0.000000
vt 0.639916 0.000000
vt 0.624564 0.000000
vt 0.640614 0.000000
vt 0.528262 0.000000
vt 0.529658 0.000000
vt 0.528960 0.000000
vt 0.530356 0.000000
vt 0.623866 0.000000
vt 0.641312 0.000000
vt 0.531054 0.000000
vt 0.531752 0.000000
vt 0.532449 0.000000
vt 0.642010 0.000000
vt 0.533147 0.000000
vt 0.533845 0.000000
vt 0.534543 0.000000
vt 0.642708 0.000000
vt 0.535241 0.000000
vt 0.535939 0.000000
vt 0.536636 0.000000
vt 0.537334 0.000000
vt 0.527565 0.000000
vt 0.526867 0.000000
vt 0.526169 0.000000
vt 0.525471 0.000000
vt 0.524773 0.000000
vt 0.524075 0.000000
vt 0.523378 0.000000
vt 0.522680 0.000000
vt 0.521982 0.000000
vt 0.521284 0.000000
vt 0.643405 0.000000
vt 0.644103 0.000000
vt 0.644801 0.000000
vt 0.645499 0.000000
vt 0.520586 0.000000
vt 0.646197 0.000000
vt 0.646895 0.000000
vt 0.647592 0.000000
vt 0.648290 0.000000
vt 0.648988 0.000000
vt 0.649686 0.000000
vt 0.650384 0.000000
vt 0.519888 0.000000
vt 0.651082 0.000000
vt 0.651779 0.000000
vt 0.652477 0.000000
vt 0.653175 0.000000
vt 0.653873 0.000000
vt 0.654571 0.000000
vt 0.655269 0.000000
vt 0.655967 0.000000
vt 0.656664 0.000000
vt 0.657362 0.000000
vt 0.519190 0.000000
vt 0.518493 0.000000
vt 0.658060 0.000000
vt 0.658758 0.000000
vt 0.667132 0.000000
vt 0.668528 0.000000
vt 0.667830 0.000000
vt 0.669225 0.000000
vt 0.666434 0.000000
vt 0.669923 0.000000
vt 0.665736 0.000000
vt 0.670621 0.000000
vt 0.665038 0.000000
vt 0.671319 0.000000
vt 0.664341 0.000000
vt 0.672017 0.000000
vt 0.663643 0.000000
vt 0.672715 0.000000
vt 0.662945 0.000000
vt 0.673412 0.000000
vt 0.662247 0.000000
vt 0.674110 0.000000
vt 0.661549 0.000000
vt 0.674808 0.000000
vt 0.660851 0.000000
vt 0.675506 0.000000
vt 0.660154 0.000000
vt 0.676204 0.000000
vt 0.508723 0.000000
vt 0.510119 0.000000
vt 0.509421 0.000000
vt 0.659456 0.000000
vt 0.676902 0.000000
vt 0.510816 0.000000
vt 0.511514 0.000000
vt 0.512212 0.000000
vt 0.677599 0.000000
vt 0.512910 0.000000
vt 0.513608 0.000000
vt 0.514306 0.000000
vt 0.678297 0.000000
vt 0.515004 0.000000
vt 0.515701 0.000000
vt 0.516399 0.000000
vt 0.517097 0.000000
vt 0.517795 0.000000
vt 0.508025 0.000000
vt 0.507327 0.000000
vt 0.506629 0.000000
vt 0.505932 0.000000
vt 0.505234 0.000000
vt 0.504536 0.000000
vt 0.503838 0.000000
vt 0.503140 0.000000
vt 0.502442 0.000000
vt 0.501745 0.000000
vt 0.678995 0.000000
vt 0.679693 0.000000
vt 0.501047 0.000000
vt 0.680391 0.000000
vt 0.681089 0.000000
vt 0.681786 0.000000
vt 0.682484 0.000000
vt 0.683182 0.000000
vt 0.683880 0.000000
vt 0.684578 0.000000
vt 0.685276 0.000000
vt 0.500349 0.000000
vt 0.685973 0.000000
vt 0.686671 0.000000
vt 0.687369 0.000000
vt 0.688067 0.000000
vt 0.688765 0.000000
vt 0.689463 0.000000
vt 0.690161 0.000000
vt 0.690858 0.000000
vt 0.691556 0.000000
vt 0.692254 0.000000
vt 0.692952 0.000000
vt 0.499651 0.000000
vt 0.785764 0.000000
vt 0.693650 0.000000
vt 0.694348 0.000000
vt 0.695045 0.000000
vt 0.695743 0.000000
vt 0.696441 0.000000
vt 0.697139 0.000000
vt 0.697837 0.000000
vt 0.698535 0.000000
vt 0.699232 0.000000
vt 0.699930 0.000000
vt 0.700628 0.000000
vt 0.701326 0.000000
vt 0.702024 0.000000
vt 0.702722 0.000000
vt 0.703419 0.000000
vt 0.704117 0.000000
vt 0.704815 0.000000
vt 0.705513 0.000000
vt 0.706211 0.000000
vt 0.785066 0.000000
vt 0.706909 0.000000
vt 0.784368 0.000000
vt 0.707606 0.000000
vt 0.783671 0.000000
vt 0.708304 0.000000
vt 0.782973 0.000000
vt 0.709002 0.000000
vt 0.768318 0.000000
vt 0.769714 0.000000
vt 0.769016 0.000000
vt 0.767620 0.000000
vt 0.766923 0.000000
vt 0.782275 0.000000
vt 0.766225 0.000000
vt 0.709700 0.000000
vt 0.765527 0.000000
vt 0.764829 0.000000
vt 0.770412 0.000000
vt 0.764131 0.000000
vt 0.710398 0.000000
vt 0.763433 0.000000
vt 0.781577 0.000000
vt 0.771110 0.000000
vt 0.762736 0.000000
vt 0.711096 0.000000
vt 0.762038 0.000000
vt 0.771807 0.000000
vt 0.780879 0.000000
vt 0.761340 0.000000
vt 0.772505 0.000000
vt 0.780181 0.000000
vt 0.760642 0.000000
vt 0.773203 0.000000
vt 0.773901 0.000000
vt 0.759944 0.000000
vt 0.779484 0.000000
vt 0.774599 0.000000
vt 0.759246 0.000000
vt 0.778786 0.000000
vt 0.775297 0.000000
vt 0.775994 0.000000
vt 0.778088 0.000000
vt 0.758548 0.000000
vt 0.776692 0.000000
vt 0.777390 0.000000
vt 0.757851 0.000000
vt 0.757153 0.000000
vt 0.711793 0.000000
vt 0.756455 0.000000
vt 0.755757 0.000000
vt 0.755059 0.000000
vt 0.754361 0.000000
vt 0.753664 0.000000
vt 0.752966 0.000000
vt 0.752268 0.000000
vt 0.751570 0.000000
vt 0.750872 0.000000
vt 0.712491 0.000000
vt 0.750174 0.000000
vt 0.749477 0.000000
vt 0.748779 0.000000
vt 0.748081 0.000000
vt 0.713189 0.000000
vt 0.747383 0.000000
vt 0.746685 0.000000
vt 0.745987 0.000000
vt 0.745290 0.000000
vt 0.713887 0.000000
vt 0.744592 0.000000
vt 0.743894 0.000000
vt 0.743196 0.000000
vt 0.742498 0.000000
vt 0.714585 0.000000
vt 0.741800 0.000000
vt 0.741103 0.000000
vt 0.740405 0.000000
vt 0.715283 0.000000
vt 0.739707 0.000000
vt 0.739009 0.000000
vt 0.715980 0.000000
vt 0.738311 0.000000
vt 0.737613 0.000000
vt 0.716678 0.000000
vt 0.736916 0.000000
vt 0.736218 0.000000
vt 0.717376 0.000000
vt 0.735520 0.000000
vt 0.734822 0.000000
vt 0.718074 0.000000
vt 0.734124 0.000000
vt 0.718772 0.000000
vt 0.733426 0.000000
vt 0.719470 0.000000
vt 0.732729 0.000000
vt 0.720167 0.000000
vt 0.732031 0.000000
vt 0.720865 0.000000
vt 0.731333 0.000000
vt 0.721563 0.000000
vt 0.722261 0.000000
vt 0.730635 0.000000
vt 0.722959 0.000000
vt 0.729937 0.000000
vt 0.723657 0.000000
vt 0.729239 0.000000
vt 0.724355 0.000000
vt 0.725052 0.000000
vt 0.728541 0.000000
vt 0.725750 0.000000
vt 0.727844 0.000000
vt 0.726448 0.000000
vt 0.727146 0.000000
vt 0.451768 0.000000
vt 0.454984 0.000000
vt 0.453376 0.000000
vt 0.456592 0.000000
vt 0.458199 0.000000
vt 0.459807 0.000000
vt 0.450161 0.000000
vt 0.461415 0.000000
vt 0.463023 0.000000
vt 0.464630 0.000000
vt 0.466238 0.000000
vt 0.467846 0.000000
vt 0.469453 0.000000
vt 0.448553 0.000000
vt 0.471061 0.000000
vt 0.472669 0.000000
vt 0.474277 0.000000
vt 0.475884 0.000000
vt 0.477492 0.000000
vt 0.479100 0.000000
vt 0.480707 0.000000
vt 0.482315 0.000000
vt 0.483923 0.000000
vt 0.485531 0.000000
vt 0.446945 0.000000
vt 0.487138 0.000000
vt 0.488746 0.000000
vt 0.490354 0.000000
vt 0.491961 0.000000
vt 0.493569 0.000000
vt 0.495177 0.000000
vt 0.496785 0.000000
vt 0.498392 0.000000
vt 0.445338 0.000000
vt 0.500000 0.000000
vt 0.501608 0.000000
vt 0.503215 0.000000
vt 0.504823 0.000000
vt 0.506431 0.000000
vt 0.508039 0.000000
vt 0.509646 0.000000
vt 0.443730 0.000000
vt 0.511254 0.000000
vt 0.512862 0.000000
vt 0.442122 0.000000
vt 0.514469 0.000000
vt 0.440514 0.000000
vt 0.516077 0.000000
vt 0.255627 0.000000
vt 0.258842 0.000000
vt 0.257235 0.000000
vt 0.260450 0.000000
vt 0.254019 0.000000
vt 0.262058 0.000000
vt 0.252412 0.000000
vt 0.263666 0.000000
vt 0.250804 0.000000
vt 0.265273 0.000000
vt 0.438907 0.000000
vt 0.249196 0.000000
vt 0.266881 0.000000
vt 0.247588 0.000000
vt 0.268489 0.000000
vt 0.245981 0.000000
vt 0.270096 0.000000
vt 0.517685 0.000000
vt 0.244373 0.000000
vt 0.271704 0.000000
vt 0.437299 0.000000
vt 0.273312 0.000000
vt 0.242765 0.000000
vt 0.274920 0.000000
vt 0.241158 0.000000
vt 0.519293 0.000000
vt 0.276527 0.000000
vt 0.435691 0.000000
vt 0.239550 0.000000
vt 0.278135 0.000000
vt 0.279743 0.000000
vt 0.237942 0.000000
vt 0.215434 0.000000
vt 0.218650 0.000000
vt 0.217042 0.000000
vt 0.520900 0.000000
vt 0.281350 0.000000
vt 0.220257 0.000000
vt 0.221865 0.000000
vt 0.223473 0.000000
vt 0.225080 0.000000
vt 0.282958 0.000000
vt 0.226688 0.000000
vt 0.228296 0.000000
vt 0.434084 0.000000
vt 0.229904 0.000000
vt 0.231511 0.000000
vt 0.233119 0.000000
vt 0.234727 0.000000
vt 0.236334 0.000000
vt 0.213826 0.000000
vt 0.212219 0.000000
vt 0.210611 0.000000
vt 0.209003 0.000000
vt 0.207395 0.000000
vt 0.205788 0.000000
vt 0.204180 0.000000
vt 0.284566 0.000000
vt 0.286174 0.000000
vt 0.202572 0.000000
vt 0.287781 0.000000
vt 0.289389 0.000000
vt 0.522508 0.000000
vt 0.200965 0.000000
vt 0.290997 0.000000
vt 0.292605 0.000000
vt 0.294212 0.000000
vt 0.432476 0.000000
vt 0.199357 0.000000
vt 0.295820 0.000000
vt 0.297428 0.000000
vt 0.299035 0.000000
vt 0.197749 0.000000
vt 0.300643 0.000000
vt 0.302251 0.000000
vt 0.303859 0.000000
vt 0.305466 0.000000
vt 0.196141 0.000000
vt 0.307074 0.000000
vt 0.524116 0.000000
vt 0.308682 0.000000
vt 0.310289 0.000000
vt 0.311897 0.000000
vt 0.313505 0.000000
vt 0.315113 0.000000
vt 0.194534 0.000000
vt 0.192926 0.000000
vt 0.316720 0.000000
vt 0.430868 0.000000
vt 0.525723 0.000000
vt 0.429260 0.000000
vt 0.549839 0.000000
vt 0.553055 0.000000
vt 0.551447 0.000000
vt 0.554662 0.000000
vt 0.548231 0.000000
vt 0.556270 0.000000
vt 0.546624 0.000000
vt 0.557878 0.000000
vt 0.545016 0.000000
vt 0.559486 0.000000
vt 0.527331 0.000000
vt 0.543408 0.000000
vt 0.561093 0.000000
vt 0.541801 0.000000
vt 0.562701 0.000000
vt 0.427653 0.000000
vt 0.540193 0.000000
vt 0.564309 0.000000
vt 0.538585 0.000000
vt 0.565916 0.000000
vt 0.528939 0.000000
vt 0.567524 0.000000
vt 0.536977 0.000000
vt 0.426045 0.000000
vt 0.569132 0.000000
vt 0.535370 0.000000
vt 0.570740 0.000000
vt 0.533762 0.000000
vt 0.530547 0.000000
vt 0.572347 0.000000
vt 0.424437 0.000000
vt 0.532154 0.000000
vt 0.573955 0.000000
vt 0.575563 0.000000
vt 0.577170 0.000000
vt 0.578778 0.000000
vt 0.580386 0.000000
vt 0.581994 0.000000
vt 0.422830 0.000000
vt 0.583601 0.000000
vt 0.585209 0.000000
vt 0.586817 0.000000
vt 0.588424 0.000000
vt 0.590032 0.000000
vt 0.591640 0.000000
vt 0.593248 0.000000
vt 0.594855 0.000000
vt 0.421222 0.000000
vt 0.982315 0.000000
vt 0.596463 0.000000
vt 0.598071 0.000000
vt 0.599678 0.000000
vt 0.601286 0.000000
vt 0.602894 0.000000
vt 0.604502 0.000000
vt 0.606109 0.000000
vt 0.607717 0.000000
vt 0.609325 0.000000
vt 0.983923 0.000000
vt 0.980707 0.000000
vt 0.979100 0.000000
vt 0.610932 0.000000
vt 0.612540 0.000000
vt 0.985531 0.000000
vt 0.419614 0.000000
vt 0.987138 0.000000
vt 0.614148 0.000000
vt 0.988746 0.000000
vt 0.418006 0.000000
vt 0.990354 0.000000
vt 0.991961 0.000000
vt 0.977492 0.000000
vt 0.416399 0.000000
vt 0.615756 0.000000
vt 0.993569 0.000000
vt 0.995177 0.000000
vt 0.996785 0.000000
vt 0.414791 0.000000
vt 0.998392 0.000000
vt 0.617363 0.000000
vt 0.942122 0.000000
vt 0.943730 0.000000
vt 0.413183 0.000000
vt 0.975884 0.000000
vt 0.618971 0.000000
vt 0.411576 0.000000
vt 0.318328 0.000000
vt 0.620579 0.000000
vt 0.319936 0.000000
vt 0.940514 0.000000
vt 0.945338 0.000000
vt 0.409968 0.000000
vt 0.974277 0.000000
vt 0.321543 0.000000
vt 0.622186 0.000000
vt 0.408360 0.000000
vt 0.946945 0.000000
vt 0.323151 0.000000
vt 0.938907 0.000000
vt 0.623794 0.000000
vt 0.406752 0.000000
vt 0.972669 0.000000
vt 0.324759 0.000000
vt 0.625402 0.000000
vt 0.948553 0.000000
vt 0.405145 0.000000
vt 0.326367 0.000000
vt 0.937299 0.000000
vt 0.627010 0.000000
vt 0.403537 0.000000
vt 0.327974 0.000000
vt 0.971061 0.000000
vt 0.950161 0.000000
vt 0.329582 0.000000
vt 0.401929 0.000000
vt 0.628617 0.000000
vt 0.935691 0.000000
vt 0.331190 0.000000
vt 0.400322 0.000000
vt 0.630225 0.000000
vt 0.951769 0.000000
vt 0.969453 0.000000
vt 0.332797 0.000000
vt 0.398714 0.000000
vt 0.631833 0.000000
vt 0.934084 0.000000
vt 0.334405 0.000000
vt 0.397106 0.000000
vt 0.336013 0.000000
vt 0.953376 0.000000
vt 0.395498 0.000000
vt 0.633440 0.000000
vt 0.967846 0.000000
vt 0.337621 0.000000
vt 0.393891 0.000000
vt 0.392283 0.000000
vt 0.390675 0.000000
vt 0.389068 0.000000
vt 0.387460 0.000000
vt 0.385852 0.000000
vt 0.384244 0.000000
vt 0.382637 0.000000
vt 0.381029 0.000000
vt 0.379421 0.000000
vt 0.377814 0.000000
vt 0.376206 0.000000
vt 0.374598 0.000000
vt 0.372990 0.000000
vt 0.932476 0.000000
vt 0.371383 0.000000
vt 0.369775 0.000000
vt 0.368167 0.000000
vt 0.366559 0.000000
vt 0.364952 0.000000
vt 0.363344 0.000000
vt 0.339228 0.000000
vt 0.361736 0.000000
vt 0.340836 0.000000
vt 0.342444 0.000000
vt 0.344051 0.000000
vt 0.360129 0.000000
vt 0.345659 0.000000
vt 0.347267 0.000000
vt 0.348875 0.000000
vt 0.358521 0.000000
vt 0.350482 0.000000
vt 0.352090 0.000000
vt 0.353698 0.000000
vt 0.356913 0.000000
vt 0.355305 0.000000
vt 0.635048 0.000000
vt 0.954984 0.000000
vt 0.966238 0.000000
vt 0.636656 0.000000
vt 0.930868 0.000000
vt 0.956592 0.000000
vt 0.638264 0.000000
vt 0.964630 0.000000
vt 0.929260 0.000000
vt 0.639871 0.000000
vt 0.958199 0.000000
vt 0.017685 0.000000
vt 0.020900 0.000000
vt 0.019293 0.000000
vt 0.022508 0.000000
vt 0.024116 0.000000
vt 0.025723 0.000000
vt 0.027331 0.000000
vt 0.028939 0.000000
vt 0.030547 0.000000
vt 0.032154 0.000000
vt 0.033762 0.000000
vt 0.035370 0.000000
vt 0.036977 0.000000
vt 0.038585 0.000000
vt 0.040193 0.000000
vt 0.041801 0.000000
vt 0.043408 0.000000
vt 0.045016 0.000000
vt 0.046624 0.000000
vt 0.048232 0.000000
vt 0.049839 0.000000
vt 0.051447 0.000000
vt 0.053055 0.000000
vt 0.054662 0.000000
vt 0.016077 0.000000
vt 0.056270 0.000000
vt 0.057878 0.000000
vt 0.059486 0.000000
vt 0.061093 0.000000
vt 0.062701 0.000000
vt 0.641479 0.000000
vt 0.064309 0.000000
vt 0.927653 0.000000
vt 0.065916 0.000000
vt 0.067524 0.000000
vt 0.069132 0.000000
vt 0.070740 0.000000
vt 0.072347 0.000000
vt 0.963023 0.000000
vt 0.073955 0.000000
vt 0.014469 0.000000
vt 0.075563 0.000000
vt 0.077170 0.000000
vt 0.078778 0.000000
vt 0.959807 0.000000
vt 0.012862 0.000000
vt 0.011254 0.000000
vt 0.643087 0.000000
vt 0.080386 0.000000
vt 0.009646 0.000000
vt 0.926045 0.000000
vt 0.008039 0.000000
vt 0.961415 0.000000
vt 0.006431 0.000000
vt 0.644695 0.000000
vt 0.081994 0.000000
vt 0.004823 0.000000
vt 0.003215 0.000000
vt 0.924437 0.000000
vt 0.001608 0.000000
vt 0.646302 0.000000
vt 0.083601 0.000000
vt 0.647910 0.000000
vt 0.085209 0.000000
vt 0.922830 0.000000
vt 0.191318 0.000000
vt 0.189711 0.000000
vt 0.086817 0.000000
vt 0.649518 0.000000
vt 0.188103 0.000000
vt 0.186495 0.000000
vt 0.184887 0.000000
vt 0.921222 0.000000
vt 0.183280 0.000000
vt 0.181672 0.000000
vt 0.088424 0.000000
vt 0.651125 0.000000
vt 0.180064 0.000000
vt 0.652733 0.000000
vt 0.178457 0.000000
vt 0.176849 0.000000
vt 0.654341 0.000000
vt 0.175241 0.000000
vt 0.655949 0.000000
vt 0.173633 0.000000
vt 0.090032 0.000000
vt 0.657556 0.000000
vt 0.172026 0.000000
vt 0.170418 0.000000
vt 0.168810 0.000000
vt 0.167203 0.000000
vt 0.659164 0.000000
vt 0.165595 0.000000
vt 0.163987 0.000000
vt 0.162379 0.000000
vt 0.160772 0.000000
vt 0.159164 0.000000
vt 0.157556 0.000000
vt 0.155949 0.000000
vt 0.154341 0.000000
vt 0.152733 0.000000
vt 0.660772 0.000000
vt 0.919614 0.000000
vt 0.844051 0.000000
vt 0.662379 0.000000
vt 0.091640 0.000000
vt 0.663987 0.000000
vt 0.151125 0.000000
vt 0.665595 0.000000
vt 0.845659 0.000000
vt 0.842444 0.000000
vt 0.667203 0.000000
vt 0.093248 0.000000
vt 0.149518 0.000000
vt 0.668810 0.000000
vt 0.147910 0.000000
vt 0.670418 0.000000
vt 0.918006 0.000000
vt 0.094855 0.000000
vt 0.840836 0.000000
vt 0.146302 0.000000
vt 0.096463 0.000000
vt 0.144695 0.000000
vt 0.839228 0.000000
vt 0.847267 0.000000
vt 0.672026 0.000000
vt 0.143087 0.000000
vt 0.098071 0.000000
vt 0.837621 0.000000
vt 0.141479 0.000000
vt 0.916399 0.000000
vt 0.099678 0.000000
vt 0.139871 0.000000
vt 0.836013 0.000000
vt 0.138264 0.000000
vt 0.101286 0.000000
vt 0.673633 0.000000
vt 0.848875 0.000000
vt 0.136656 0.000000
vt 0.102894 0.000000
vt 0.834405 0.000000
vt 0.135048 0.000000
vt 0.104502 0.000000
vt 0.133441 0.000000
vt 0.131833 0.000000
vt 0.914791 0.000000
vt 0.106109 0.000000
vt 0.832797 0.000000
vt 0.130225 0.000000
vt 0.107717 0.000000
vt 0.675241 0.000000
vt 0.128617 0.000000
vt 0.127010 0.000000
vt 0.109325 0.000000
vt 0.125402 0.000000
vt 0.110932 0.000000
vt 0.123794 0.000000
vt 0.831190 0.000000
vt 0.122186 0.000000
vt 0.112540 0.000000
vt 0.120579 0.000000
vt 0.114148 0.000000
vt 0.118971 0.000000
vt 0.850482 0.000000
vt 0.117363 0.000000
vt 0.115756 0.000000
vt 0.829582 0.000000
vt 0.676849 0.000000
vt 0.913183 0.000000
vt 0.827974 0.000000
vt 0.678457 0.000000
vt 0.852090 0.000000
vt 0.826367 0.000000
vt 0.911576 0.000000
vt 0.824759 0.000000
vt 0.680064 0.000000
vt 0.823151 0.000000
vt 0.853698 0.000000
vt 0.681672 0.000000
vt 0.821543 0.000000
vt 0.909968 0.000000
vt 0.819936 0.000000
vt 0.683280 0.000000
vt 0.855305 0.000000
vt 0.818328 0.000000
vt 0.684887 0.000000
vt 0.908360 0.000000
vt 0.816720 0.000000
vt 0.686495 0.000000
vt 0.856913 0.000000
vt 0.815113 0.000000
vt 0.813505 0.000000
vt 0.688103 0.000000
vt 0.906752 0.000000
vt 0.811897 0.000000
vt 0.689711 0.000000
vt 0.691318 0.000000
vt 0.692926 0.000000
vt 0.694534 0.000000
vt 0.858521 0.000000
vt 0.696141 0.000000
vt 0.697749 0.000000
vt 0.699357 0.000000
vt 0.700965 0.000000
vt 0.702572 0.000000
vt 0.704180 0.000000
vt 0.705788 0.000000
vt 0.707395 0.000000
vt 0.810289 0.000000
vt 0.709003 0.000000
vt 0.710611 0.000000
vt 0.712219 0.000000
vt 0.713826 0.000000
vt 0.715434 0.000000
vt 0.717042 0.000000
vt 0.718650 0.000000
vt 0.720257 0.000000
vt 0.808682 0.000000
vt 0.721865 0.000000
vt 0.723473 0.000000
vt 0.725080 0.000000
vt 0.726688 0.000000
vt 0.728296 0.000000
vt 0.729904 0.000000
vt 0.731511 0.000000
vt 0.733119 0.000000
vt 0.734727 0.000000
vt 0.905145 0.000000
vt 0.736334 0.000000
vt 0.737942 0.000000
vt 0.739550 0.000000
vt 0.807074 0.000000
vt 0.741158 0.000000
vt 0.742765 0.000000
vt 0.744373 0.000000
vt 0.860129 0.000000
vt 0.745981 0.000000
vt 0.747588 0.000000
vt 0.749196 0.000000
vt 0.805466 0.000000
vt 0.750804 0.000000
vt 0.752412 0.000000
vt 0.754019 0.000000
vt 0.755627 0.000000
vt 0.803859 0.000000
vt 0.757235 0.000000
vt 0.758842 0.000000
vt 0.760450 0.000000
vt 0.802251 0.000000
vt 0.762058 0.000000
vt 0.903537 0.000000
vt 0.861736 0.000000
vt 0.800643 0.000000
vt 0.763666 0.000000
vt 0.765273 0.000000
vt 0.799035 0.000000
vt 0.766881 0.000000
vt 0.797428 0.000000
vt 0.768489 0.000000
vt 0.770096 0.000000
vt 0.795820 0.000000
vt 0.771704 0.000000
vt 0.794212 0.000000
vt 0.773312 0.000000
vt 0.792605 0.000000
vt 0.774920 0.000000
vt 0.790997 0.000000
vt 0.863344 0.000000
vt 0.776527 0.000000
vt 0.778135 0.000000
vt 0.789389 0.000000
vt 0.901929 0.000000
vt 0.900322 0.000000
vt 0.779743 0.000000
vt 0.898714 0.000000
vt 0.787781 0.000000
vt 0.897106 0.000000
vt 0.895498 0.000000
vt 0.781350 0.000000
vt 0.893891 0.000000
vt 0.786174 0.000000
vt 0.892283 0.000000
vt 0.782958 0.000000
vt 0.784566 0.000000
vt 0.890675 0.000000
vt 0.889068 0.000000
vt 0.887460 0.000000
vt 0.885852 0.000000
vt 0.884244 0.000000
vt 0.882637 0.000000
vt 0.881029 0.000000
vt 0.879421 0.000000
vt 0.877814 0.000000
vt 0.876206 0.000000
vt 0.874598 0.000000
vt 0.872990 0.000000
vt 0.871383 0.000000
vt 0.869775 0.000000
vt 0.868167 0.000000
vt 0.866560 0.000000
vt 0.864952 0.000000
vt 0.507853 0.000000
vt 0.502618 0.000000
vt 0.994764 0.000000
vt 0.513089 0.000000
vt 0.989529 0.000000
vt 0.518325 0.000000
vt 0.984293 0.000000
vt 0.523560 0.000000
vt 0.979058 0.000000
vt 0.528796 0.000000
vt 0.973822 0.000000
vt 0.534031 0.000000
vt 0.968586 0.000000
vt 0.539267 0.000000
vt 0.963351 0.000000
vt 0.544503 0.000000
vt 0.958115 0.000000
vt 0.549738 0.000000
vt 0.952880 0.000000
vt 0.947644 0.000000
vt 0.554974 0.000000
vt 0.942408 0.000000
vt 0.560209 0.000000
vt 0.937173 0.000000
vt 0.565445 0.000000
vt 0.931937 0.000000
vt 0.570681 0.000000
vt 0.926702 0.000000
vt 0.575916 0.000000
vt 0.921466 0.000000
vt 0.581152 0.000000
vt 0.916230 0.000000
vt 0.586387 0.000000
vt 0.591623 0.000000
vt 0.910995 0.000000
vt 0.596859 0.000000
vt 0.905759 0.000000
vt 0.602094 0.000000
vt 0.900524 0.000000
vt 0.607330 0.000000
vt 0.895288 0.000000
vt 0.612565 0.000000
vt 0.890052 0.000000
vt 0.617801 0.000000
vt 0.884817 0.000000
vt 0.623037 0.000000
vt 0.879581 0.000000
vt 0.628272 0.000000
vt 0.874346 0.000000
vt 0.633508 0.000000
vt 0.869110 0.000000
vt 0.638743 0.000000
vt 0.863874 0.000000
vt 0.643979 0.000000
vt 0.858639 0.000000
vt 0.649215 0.000000
vt 0.853403 0.000000
vt 0.654450 0.000000
vt 0.848168 0.000000
vt 0.659686 0.000000
vt 0.842932 0.000000
vt 0.664921 0.000000
vt 0.837696 0.000000
vt 0.832461 0.000000
vt 0.670157 0.000000
vt 0.827225 0.000000
vt 0.675393 0.000000
vt 0.821990 0.000000
vt 0.680628 0.000000
vt 0.816754 0.000000
vt 0.685864 0.000000
vt 0.811518 0.000000
vt 0.691099 0.000000
vt 0.806283 0.000000
vt 0.696335 0.000000
vt 0.801047 0.000000
vt 0.701571 0.000000
vt 0.795812 0.000000
vt 0.706806 0.000000
vt 0.790576 0.000000
vt 0.712042 0.000000
vt 0.717277 0.000000
vt 0.785340 0.000000
vt 0.722513 0.000000
vt 0.780105 0.000000
vt 0.727749 0.000000
vt 0.774869 0.000000
vt 0.732984 0.000000
vt 0.769634 0.000000
vt 0.738220 0.000000
vt 0.764398 0.000000
vt 0.743455 0.000000
vt 0.759162 0.000000
vt 0.748691 0.000000
vt 0.753927 0.000000
vt 0.497382 0.000000
vt 0.005236 0.000000
vt 0.492147 0.000000
vt 0.010471 0.000000
vt 0.486911 0.000000
vt 0.015707 0.000000
vt 0.481675 0.000000
vt 0.020942 0.000000
vt 0.476440 0.000000
vt 0.026178 0.000000
vt 0.471204 0.000000
vt 0.031414 0.000000
vt 0.465969 0.000000
vt 0.036649 0.000000
vt 0.460733 0.000000
vt 0.041885 0.000000
vt 0.455497 0.000000
vt 0.450262 0.000000
vt 0.047120 0.000000
vt 0.445026 0.000000
vt 0.052356 0.000000
vt 0.439791 0.000000
vt 0.057592 0.000000
vt 0.434555 0.000000
vt 0.062827 0.000000
vt 0.429319 0.000000
vt 0.068063 0.000000
vt 0.424084 0.000000
vt 0.073298 0.000000
vt 0.418848 0.000000
vt 0.078534 0.000000
vt 0.413613 0.000000
vt 0.083770 0.000000
vt 0.408377 0.000000
vt 0.089005 0.000000
vt 0.094241 0.000000
vt 0.403141 0.000000
vt 0.099476 0.000000
vt 0.397906 0.000000
vt 0.104712 0.000000
vt 0.392670 0.000000
vt 0.109948 0.000000
vt 0.387435 0.000000
vt 0.115183 0.000000
vt 0.382199 0.000000
vt 0.120419 0.000000
vt 0.376963 0.000000
vt 0.125654 0.000000
vt 0.371728 0.000000
vt 0.130890 0.000000
vt 0.366492 0.000000
vt 0.136126 0.000000
vt 0.361257 0.000000
vt 0.141361 0.000000
vt 0.356021 0.000000
vt 0.146597 0.000000
vt 0.350785 0.000000
vt 0.151832 0.000000
vt 0.345550 0.000000
vt 0.157068 0.000000
vt 0.340314 0.000000
vt 0.162304 0.000000
vt 0.335079 0.000000
vt 0.167539 0.000000
vt 0.329843 0.000000
vt 0.324607 0.000000
vt 0.172775 0.000000
vt 0.319372 0.000000
vt 0.178010 0.000000
vt 0.314136 0.000000
vt 0.183246 0.000000
vt 0.308901 0.000000
vt 0.188482 0.000000
vt 0.303665 0.000000
vt 0.193717 0.000000
vt 0.298429 0.000000
vt 0.198953 0.000000
vt 0.293194 0.000000
vt 0.204188 0.000000
vt 0.287958 0.000000
vt 0.209424 0.000000
vt 0.214660 0.000000
vt 0.282723 0.000000
vt 0.219895 0.000000
vt 0.277487 0.000000
vt 0.225131 0.000000
vt 0.272251 0.000000
vt 0.230366 0.000000
vt 0.267016 0.000000
vt 0.235602 0.000000
vt 0.261780 0.000000
vt 0.240838 0.000000
vt 0.256545 0.000000
vt 0.246073 0.000000
vt 0.251309 0.000000
vt 0.314286 0.000000
vt 0.318681 0.000000
vt 0.316484 0.000000
vt 0.312088 0.000000
vt 0.320879 0.000000
vt 0.309890 0.000000
vt 0.307692 0.000000
vt 0.323077 0.000000
vt 0.305495 0.000000
vt 0.325275 0.000000
vt 0.303297 0.000000
vt 0.301099 0.000000
vt 0.327473 0.000000
vt 0.298901 0.000000
vt 0.329670 0.000000
vt 0.296703 0.000000
vt 0.294506 0.000000
vt 0.331868 0.000000
vt 0.292308 0.000000
vt 0.290110 0.000000
vt 0.334066 0.000000
vt 0.287912 0.000000
vt 0.285714 0.000000
vt 0.336264 0.000000
vt 0.283516 0.000000
vt 0.281319 0.000000
vt 0.279121 0.000000
vt 0.276923 0.000000
vt 0.274725 0.000000
vt 0.338462 0.000000
vt 0.272527 0.000000
vt 0.270330 0.000000
vt 0.268132 0.000000
vt 0.265934 0.000000
vt 0.263736 0.000000
vt 0.261538 0.000000
vt 0.340659 0.000000
vt 0.259341 0.000000
vt 0.257143 0.000000
vt 0.254945 0.000000
vt 0.342857 0.000000
vt 0.252747 0.000000
vt 0.250549 0.000000
vt 0.345055 0.000000
vt 0.248352 0.000000
vt 0.246154 0.000000
vt 0.243956 0.000000
vt 0.241758 0.000000
vt 0.347253 0.000000
vt 0.239560 0.000000
vt 0.237363 0.000000
vt 0.235165 0.000000
vt 0.349451 0.000000
vt 0.232967 0.000000
vt 0.230769 0.000000
vt 0.351648 0.000000
vt 0.228571 0.000000
vt 0.226374 0.000000
vt 0.353846 0.000000
vt 0.224176 0.000000
vt 0.221978 0.000000
vt 0.356044 0.000000
vt 0.219780 0.000000
vt 0.217582 0.000000
vt 0.215385 0.000000
vt 0.358242 0.000000
vt 0.213187 0.000000
vt 0.210989 0.000000
vt 0.360440 0.000000
vt 0.208791 0.000000
vt 0.362637 0.000000
vt 0.206593 0.000000
vt 0.204396 0.000000
vt 0.364835 0.000000
vt 0.202198 0.000000
vt 0.367033 0.000000
vt 0.369231 0.000000
vt 0.200000 0.000000
vt 0.371429 0.000000
vt 0.197802 0.000000
vt 0.373626 0.000000
vt 0.375824 0.000000
vt 0.378022 0.000000
vt 0.195604 0.000000
vt 0.380220 0.000000
vt 0.382418 0.000000
vt 0.384615 0.000000
vt 0.193407 0.000000
vt 0.386813 0.000000
vt 0.389011 0.000000
vt 0.391209 0.000000
vt 0.191209 0.000000
vt 0.393407 0.000000
vt 0.395604 0.000000
vt 0.397802 0.000000
vt 0.400000 0.000000
vt 0.402198 0.000000
vt 0.189011 0.000000
vt 0.404396 0.000000
vt 0.406593 0.000000
vt 0.408791 0.000000
vt 0.410989 0.000000
vt 0.413187 0.000000
vt 0.186813 0.000000
vt 0.415385 0.000000
vt 0.417582 0.000000
vt 0.419780 0.000000
vt 0.421978 0.000000
vt 0.184615 0.000000
vt 0.424176 0.000000
vt 0.426374 0.000000
vt 0.428571 0.000000
vt 0.578022 0.000000
vt 0.582418 0.000000
vt 0.580220 0.000000
vt 0.584615 0.000000
vt 0.575824 0.000000
vt 0.586813 0.000000
vt 0.573626 0.000000
vt 0.589011 0.000000
vt 0.571429 0.000000
vt 0.591209 0.000000
vt 0.569231 0.000000
vt 0.593407 0.000000
vt 0.567033 0.000000
vt 0.430769 0.000000
vt 0.595604 0.000000
vt 0.564835 0.000000
vt 0.597802 0.000000
vt 0.562637 0.000000
vt 0.600000 0.000000
vt 0.560440 0.000000
vt 0.432967 0.000000
vt 0.602198 0.000000
vt 0.558242 0.000000
vt 0.604396 0.000000
vt 0.556044 0.000000
vt 0.606593 0.000000
vt 0.182418 0.000000
vt 0.435165 0.000000
vt 0.553846 0.000000
vt 0.608791 0.000000
vt 0.551648 0.000000
vt 0.610989 0.000000
vt 0.549451 0.000000
vt 0.437363 0.000000
vt 0.547253 0.000000
vt 0.613187 0.000000
vt 0.545055 0.000000
vt 0.439560 0.000000
vt 0.542857 0.000000
vt 0.615385 0.000000
vt 0.540659 0.000000
vt 0.538462 0.000000
vt 0.617582 0.000000
vt 0.536264 0.000000
vt 0.441758 0.000000
vt 0.534066 0.000000
vt 0.619780 0.000000
vt 0.531868 0.000000
vt 0.529670 0.000000
vt 0.527473 0.000000
vt 0.525275 0.000000
vt 0.621978 0.000000
vt 0.523077 0.000000
vt 0.624176 0.000000
vt 0.443956 0.000000
vt 0.520879 0.000000
vt 0.626374 0.000000
vt 0.518681 0.000000
vt 0.628571 0.000000
vt 0.516484 0.000000
vt 0.446154 0.000000
vt 0.630769 0.000000
vt 0.514286 0.000000
vt 0.632967 0.000000
vt 0.512088 0.000000
vt 0.509890 0.000000
vt 0.635165 0.000000
vt 0.180220 0.000000
vt 0.507692 0.000000
vt 0.637363 0.000000
vt 0.448352 0.000000
vt 0.505495 0.000000
vt 0.639560 0.000000
vt 0.503297 0.000000
vt 0.501099 0.000000
vt 0.641758 0.000000
vt 0.498901 0.000000
vt 0.496703 0.000000
vt 0.643956 0.000000
vt 0.494505 0.000000
vt 0.492308 0.000000
vt 0.490110 0.000000
vt 0.450549 0.000000
vt 0.487912 0.000000
vt 0.646154 0.000000
vt 0.452747 0.000000
vt 0.454945 0.000000
vt 0.485714 0.000000
vt 0.457143 0.000000
vt 0.483516 0.000000
vt 0.459341 0.000000
vt 0.461538 0.000000
vt 0.481319 0.000000
vt 0.463736 0.000000
vt 0.465934 0.000000
vt 0.479121 0.000000
vt 0.468132 0.000000
vt 0.476923 0.000000
vt 0.470330 0.000000
vt 0.472527 0.000000
vt 0.474725 0.000000
vt 0.648352 0.000000
vt 0.650549 0.000000
vt 0.652747 0.000000
vt 0.923077 0.000000
vt 0.654945 0.000000
vt 0.657143 0.000000
vt 0.925275 0.000000
vt 0.920879 0.000000
vt 0.918681 0.000000
vt 0.916484 0.000000
vt 0.927473 0.000000
vt 0.914286 0.000000
vt 0.912088 0.000000
vt 0.929670 0.000000
vt 0.909890 0.000000
vt 0.659341 0.000000
vt 0.907692 0.000000
vt 0.931868 0.000000
vt 0.905495 0.000000
vt 0.903297 0.000000
vt 0.934066 0.000000
vt 0.901099 0.000000
vt 0.661538 0.000000
vt 0.898901 0.000000
vt 0.936264 0.000000
vt 0.896703 0.000000
vt 0.894506 0.000000
vt 0.663736 0.000000
vt 0.938462 0.000000
vt 0.892308 0.000000
vt 0.665934 0.000000
vt 0.940659 0.000000
vt 0.890110 0.000000
vt 0.178022 0.000000
vt 0.026374 0.000000
vt 0.668132 0.000000
vt 0.942857 0.000000
vt 0.887912 0.000000
vt 0.670330 0.000000
vt 0.945055 0.000000
vt 0.672527 0.000000
vt 0.885714 0.000000
vt 0.028571 0.000000
vt 0.024176 0.000000
vt 0.947253 0.000000
vt 0.674725 0.000000
vt 0.883516 0.000000
vt 0.676923 0.000000
vt 0.021978 0.000000
vt 0.949451 0.000000
vt 0.679121 0.000000
vt 0.881319 0.000000
vt 0.019780 0.000000
vt 0.681319 0.000000
vt 0.951648 0.000000
vt 0.953846 0.000000
vt 0.956044 0.000000
vt 0.017582 0.000000
vt 0.683517 0.000000
vt 0.958242 0.000000
vt 0.879121 0.000000
vt 0.960440 0.000000
vt 0.962637 0.000000
vt 0.685714 0.000000
vt 0.015385 0.000000
vt 0.964835 0.000000
vt 0.967033 0.000000
vt 0.969231 0.000000
vt 0.971429 0.000000
vt 0.687912 0.000000
vt 0.013187 0.000000
vt 0.876923 0.000000
vt 0.973626 0.000000
vt 0.975824 0.000000
vt 0.690110 0.000000
vt 0.030769 0.000000
vt 0.978022 0.000000
vt 0.010989 0.000000
vt 0.980220 0.000000
vt 0.982418 0.000000
vt 0.692308 0.000000
vt 0.008791 0.000000
vt 0.984615 0.000000
vt 0.986813 0.000000
vt 0.006593 0.000000
vt 0.874725 0.000000
vt 0.694506 0.000000
vt 0.989011 0.000000
vt 0.004396 0.000000
vt 0.991209 0.000000
vt 0.993407 0.000000
vt 0.002198 0.000000
vt 0.995604 0.000000
vt 0.997802 0.000000
vt 0.696703 0.000000
vt 0.698901 0.000000
vt 0.872527 0.000000
vt 0.701099 0.000000
vt 0.703297 0.000000
vt 0.175824 0.000000
vt 0.705495 0.000000
vt 0.870330 0.000000
vt 0.707692 0.000000
vt 0.032967 0.000000
vt 0.709890 0.000000
vt 0.868132 0.000000
vt 0.712088 0.000000
vt 0.714286 0.000000
vt 0.035165 0.000000
vt 0.037363 0.000000
vt 0.173626 0.000000
vt 0.039560 0.000000
vt 0.716484 0.000000
vt 0.041758 0.000000
vt 0.171429 0.000000
vt 0.043956 0.000000
vt 0.865934 0.000000
vt 0.046154 0.000000
vt 0.169231 0.000000
vt 0.718681 0.000000
vt 0.048352 0.000000
vt 0.050549 0.000000
vt 0.167033 0.000000
vt 0.052747 0.000000
vt 0.720879 0.000000
vt 0.054945 0.000000
vt 0.863736 0.000000
vt 0.164835 0.000000
vt 0.057143 0.000000
vt 0.059341 0.000000
vt 0.162637 0.000000
vt 0.723077 0.000000
vt 0.061538 0.000000
vt 0.063736 0.000000
vt 0.160440 0.000000
vt 0.065934 0.000000
vt 0.861538 0.000000
vt 0.068132 0.000000
vt 0.725275 0.000000
vt 0.158242 0.000000
vt 0.070330 0.000000
vt 0.072527 0.000000
vt 0.074725 0.000000
vt 0.156044 0.000000
vt 0.153846 0.000000
vt 0.151648 0.000000
vt 0.149451 0.000000
vt 0.076923 0.000000
vt 0.147253 0.000000
vt 0.727473 0.000000
vt 0.145055 0.000000
vt 0.142857 0.000000
vt 0.140659 0.000000
vt 0.079121 0.000000
vt 0.138462 0.000000
vt 0.136264 0.000000
vt 0.134066 0.000000
vt 0.131868 0.000000
vt 0.129670 0.000000
vt 0.859341 0.000000
vt 0.081319 0.000000
vt 0.127473 0.000000
vt 0.083516 0.000000
vt 0.125275 0.000000
vt 0.085714 0.000000
vt 0.123077 0.000000
vt 0.087912 0.000000
vt 0.120879 0.000000
vt 0.090110 0.000000
vt 0.118681 0.000000
vt 0.092308 0.000000
vt 0.116484 0.000000
vt 0.094505 0.000000
vt 0.114286 0.000000
vt 0.096703 0.000000
vt 0.112088 0.000000
vt 0.098901 0.000000
vt 0.109890 0.000000
vt 0.101099 0.000000
vt 0.107692 0.000000
vt 0.103297 0.000000
vt 0.105495 0.000000
vt 0.729670 0.000000
vt 0.857143 0.000000
vt 0.731868 0.000000
vt 0.734066 0.000000
vt 0.854945 0.000000
vt 0.736264 0.000000
vt 0.738462 0.000000
vt 0.852747 0.000000
vt 0.740659 0.000000
vt 0.742857 0.000000
vt 0.850549 0.000000
vt 0.745055 0.000000
vt 0.747253 0.000000
vt 0.848352 0.000000
vt 0.749451 0.000000
vt 0.751648 0.000000
vt 0.753846 0.000000
vt 0.846154 0.000000
vt 0.756044 0.000000
vt 0.758242 0.000000
vt 0.843956 0.000000
vt 0.760440 0.000000
vt 0.762637 0.000000
vt 0.764835 0.000000
vt 0.841758 0.000000
vt 0.839560 0.000000
vt 0.837363 0.000000
vt 0.835165 0.000000
vt 0.832967 0.000000
vt 0.830769 0.000000
vt 0.828571 0.000000
vt 0.826374 0.000000
vt 0.767033 0.000000
vt 0.824176 0.000000
vt 0.821978 0.000000
vt 0.769231 0.000000
vt 0.819780 0.000000
vt 0.771429 0.000000
vt 0.817582 0.000000
vt 0.773626 0.000000
vt 0.815385 0.000000
vt 0.813187 0.000000
vt 0.775824 0.000000
vt 0.810989 0.000000
vt 0.778022 0.000000
vt 0.808791 0.000000
vt 0.780220 0.000000
vt 0.806593 0.000000
vt 0.804396 0.000000
vt 0.782418 0.000000
vt 0.802198 0.000000
vt 0.784615 0.000000
vt 0.800000 0.000000
vt 0.786813 0.000000
vt 0.797802 0.000000
vt 0.795604 0.000000
vt 0.789011 0.000000
vt 0.793407 0.000000
vt 0.791209 0.000000
vt 0.785901 0.000000
vt 0.783290 0.000000
vt 0.997389 0.000000
vt 0.994778 0.000000
vt 0.788512 0.000000
vt 0.992167 0.000000
vt 0.989556 0.000000
vt 0.791123 0.000000
vt 0.986945 0.000000
vt 0.984334 0.000000
vt 0.793734 0.000000
vt 0.981723 0.000000
vt 0.979112 0.000000
vt 0.796345 0.000000
vt 0.976501 0.000000
vt 0.973890 0.000000
vt 0.798956 0.000000
vt 0.122715 0.000000
vt 0.127937 0.000000
vt 0.125326 0.000000
vt 0.120104 0.000000
vt 0.117493 0.000000
vt 0.130548 0.000000
vt 0.114883 0.000000
vt 0.971279 0.000000
vt 0.112272 0.000000
vt 0.133159 0.000000
vt 0.109661 0.000000
vt 0.968668 0.000000
vt 0.107050 0.000000
vt 0.801567 0.000000
vt 0.135770 0.000000
vt 0.104439 0.000000
vt 0.966057 0.000000
vt 0.101828 0.000000
vt 0.963446 0.000000
vt 0.138381 0.000000
vt 0.099217 0.000000
vt 0.804178 0.000000
vt 0.960836 0.000000
vt 0.096606 0.000000
vt 0.093995 0.000000
vt 0.140992 0.000000
vt 0.958225 0.000000
vt 0.091384 0.000000
vt 0.955614 0.000000
vt 0.806789 0.000000
vt 0.088773 0.000000
vt 0.953003 0.000000
vt 0.143603 0.000000
vt 0.086162 0.000000
vt 0.950392 0.000000
vt 0.083551 0.000000
vt 0.809399 0.000000
vt 0.080940 0.000000
vt 0.947781 0.000000
vt 0.146214 0.000000
vt 0.078329 0.000000
vt 0.945170 0.000000
vt 0.075718 0.000000
vt 0.073107 0.000000
vt 0.942559 0.000000
vt 0.070496 0.000000
vt 0.812010 0.000000
vt 0.148825 0.000000
vt 0.067885 0.000000
vt 0.065274 0.000000
vt 0.939948 0.000000
vt 0.062663 0.000000
vt 0.060052 0.000000
vt 0.057441 0.000000
vt 0.937337 0.000000
vt 0.814621 0.000000
vt 0.151436 0.000000
vt 0.054830 0.000000
vt 0.052219 0.000000
vt 0.049608 0.000000
vt 0.046997 0.000000
vt 0.044386 0.000000
vt 0.041775 0.000000
vt 0.817232 0.000000
vt 0.154047 0.000000
vt 0.039164 0.000000
vt 0.036554 0.000000
vt 0.033943 0.000000
vt 0.031332 0.000000
vt 0.028721 0.000000
vt 0.026110 0.000000
vt 0.156658 0.000000
vt 0.023499 0.000000
vt 0.934726 0.000000
vt 0.020888 0.000000
vt 0.018277 0.000000
vt 0.015666 0.000000
vt 0.159269 0.000000
vt 0.013055 0.000000
vt 0.161880 0.000000
vt 0.010444 0.000000
vt 0.819843 0.000000
vt 0.007833 0.000000
vt 0.164491 0.000000
vt 0.932115 0.000000
vt 0.005222 0.000000
vt 0.167102 0.000000
vt 0.002611 0.000000
vt 0.169713 0.000000
vt 0.561358 0.000000
vt 0.172324 0.000000
vt 0.558747 0.000000
vt 0.929504 0.000000
vt 0.174935 0.000000
vt 0.822454 0.000000
vt 0.177546 0.000000
vt 0.556136 0.000000
vt 0.180157 0.000000
vt 0.553525 0.000000
vt 0.182768 0.000000
vt 0.550914 0.000000
vt 0.926893 0.000000
vt 0.185379 0.000000
vt 0.780679 0.000000
vt 0.566580 0.000000
vt 0.563969 0.000000
vt 0.778068 0.000000
vt 0.825065 0.000000
vt 0.569191 0.000000
vt 0.775457 0.000000
vt 0.548303 0.000000
vt 0.772846 0.000000
vt 0.571802 0.000000
vt 0.770235 0.000000
vt 0.574413 0.000000
vt 0.767624 0.000000
vt 0.765013 0.000000
vt 0.187990 0.000000
vt 0.577024 0.000000
vt 0.762402 0.000000
vt 0.579634 0.000000
vt 0.759791 0.000000
vt 0.545692 0.000000
vt 0.757180 0.000000
vt 0.582245 0.000000
vt 0.754569 0.000000
vt 0.190601 0.000000
vt 0.751958 0.000000
vt 0.584856 0.000000
vt 0.749347 0.000000
vt 0.543081 0.000000
vt 0.193211 0.000000
vt 0.746736 0.000000
vt 0.587467 0.000000
vt 0.744125 0.000000
vt 0.741514 0.000000
vt 0.924282 0.000000
vt 0.590078 0.000000
vt 0.195822 0.000000
vt 0.738903 0.000000
vt 0.540470 0.000000
vt 0.736292 0.000000
vt 0.592689 0.000000
vt 0.198433 0.000000
vt 0.733681 0.000000
vt 0.827676 0.000000
vt 0.731071 0.000000
vt 0.537859 0.000000
vt 0.595300 0.000000
vt 0.728460 0.000000
vt 0.201044 0.000000
vt 0.725849 0.000000
vt 0.723238 0.000000
vt 0.597911 0.000000
vt 0.203655 0.000000
vt 0.535248 0.000000
vt 0.720627 0.000000
vt 0.206266 0.000000
vt 0.718016 0.000000
vt 0.532637 0.000000
vt 0.921671 0.000000
vt 0.208877 0.000000
vt 0.530026 0.000000
vt 0.211488 0.000000
vt 0.830287 0.000000
vt 0.527415 0.000000
vt 0.214099 0.000000
vt 0.715405 0.000000
vt 0.600522 0.000000
vt 0.216710 0.000000
vt 0.524804 0.000000
vt 0.219321 0.000000
vt 0.522193 0.000000
vt 0.919060 0.000000
vt 0.221932 0.000000
vt 0.832898 0.000000
vt 0.224543 0.000000
vt 0.519582 0.000000
vt 0.712794 0.000000
vt 0.227154 0.000000
vt 0.516971 0.000000
vt 0.603133 0.000000
vt 0.229765 0.000000
vt 0.232376 0.000000
vt 0.514360 0.000000
vt 0.234987 0.000000
vt 0.916449 0.000000
vt 0.237598 0.000000
vt 0.835509 0.000000
vt 0.710183 0.000000
vt 0.240209 0.000000
vt 0.511749 0.000000
vt 0.242820 0.000000
vt 0.605744 0.000000
vt 0.245431 0.000000
vt 0.509138 0.000000
vt 0.248042 0.000000
vt 0.250653 0.000000
vt 0.253264 0.000000
vt 0.707572 0.000000
vt 0.506527 0.000000
vt 0.838120 0.000000
vt 0.913838 0.000000
vt 0.255875 0.000000
vt 0.258486 0.000000
vt 0.608355 0.000000
vt 0.261097 0.000000
vt 0.503916 0.000000
vt 0.263708 0.000000
vt 0.704961 0.000000
vt 0.266319 0.000000
vt 0.501305 0.000000
vt 0.840731 0.000000
vt 0.268930 0.000000
vt 0.911227 0.000000
vt 0.610966 0.000000
vt 0.498695 0.000000
vt 0.271540 0.000000
vt 0.702350 0.000000
vt 0.274151 0.000000
vt 0.843342 0.000000
vt 0.276762 0.000000
vt 0.613577 0.000000
vt 0.908616 0.000000
vt 0.699739 0.000000
vt 0.279373 0.000000
vt 0.845953 0.000000
vt 0.281984 0.000000
vt 0.616188 0.000000
vt 0.496084 0.000000
vt 0.697128 0.000000
vt 0.284595 0.000000
vt 0.906005 0.000000
vt 0.848564 0.000000
vt 0.618799 0.000000
vt 0.903394 0.000000
vt 0.851175 0.000000
vt 0.694517 0.000000
vt 0.900783 0.000000
vt 0.621410 0.000000
vt 0.853786 0.000000
vt 0.898172 0.000000
vt 0.691906 0.000000
vt 0.856397 0.000000
vt 0.493473 0.000000
vt 0.624021 0.000000
vt 0.287206 0.000000
vt 0.895561 0.000000
vt 0.859008 0.000000
vt 0.892950 0.000000
vt 0.861619 0.000000
vt 0.689295 0.000000
vt 0.626632 0.000000
vt 0.890339 0.000000
vt 0.864230 0.000000
vt 0.887728 0.000000
vt 0.866841 0.000000
vt 0.885117 0.000000
vt 0.869452 0.000000
vt 0.686684 0.000000
vt 0.882507 0.000000
vt 0.872063 0.000000
vt 0.629243 0.000000
vt 0.490862 0.000000
vt 0.879896 0.000000
vt 0.874674 0.000000
vt 0.877285 0.000000
vt 0.684073 0.000000
vt 0.289817 0.000000
vt 0.631854 0.000000
vt 0.681462 0.000000
vt 0.634465 0.000000
vt 0.678851 0.000000
vt 0.637076 0.000000
vt 0.676240 0.000000
vt 0.639687 0.000000
vt 0.673629 0.000000
vt 0.642298 0.000000
vt 0.488251 0.000000
vt 0.671018 0.000000
vt 0.644909 0.000000
vt 0.668407 0.000000
vt 0.647520 0.000000
vt 0.292428 0.000000
vt 0.665796 0.000000
vt 0.650131 0.000000
vt 0.663185 0.000000
vt 0.652741 0.000000
vt 0.660574 0.000000
vt 0.655352 0.000000
vt 0.657963 0.000000
vt 0.485640 0.000000
vt 0.295039 0.000000
vt 0.483029 0.000000
vt 0.297650 0.000000
vt 0.480418 0.000000
vt 0.300261 0.000000
vt 0.477807 0.000000
vt 0.302872 0.000000
vt 0.475196 0.000000
vt 0.305483 0.000000
vt 0.472585 0.000000
vt 0.308094 0.000000
vt 0.469974 0.000000
vt 0.310705 0.000000
vt 0.467363 0.000000
vt 0.313316 0.000000
vt 0.464752 0.000000
vt 0.315927 0.000000
vt 0.462141 0.000000
vt 0.318538 0.000000
vt 0.459530 0.000000
vt 0.321149 0.000000
vt 0.456919 0.000000
vt 0.323760 0.000000
vt 0.454308 0.000000
vt 0.326371 0.000000
vt 0.451697 0.000000
vt 0.328982 0.000000
vt 0.449086 0.000000
vt 0.331593 0.000000
vt 0.446475 0.000000
vt 0.334204 0.000000
vt 0.443864 0.000000
vt 0.336815 0.000000
vt 0.441253 0.000000
vt 0.339426 0.000000
vt 0.438642 0.000000
vt 0.342037 0.000000
vt 0.436031 0.000000
vt 0.433420 0.000000
vt 0.430809 0.000000
vt 0.428198 0.000000
vt 0.425587 0.000000
vt 0.344648 0.000000
vt 0.422976 0.000000
vt 0.420366 0.000000
vt 0.417755 0.000000
vt 0.415144 0.000000
vt 0.412533 0.000000
vt 0.409922 0.000000
vt 0.407311 0.000000
vt 0.404700 0.000000
vt 0.402089 0.000000
vt 0.347258 0.000000
vt 0.399478 0.000000
vt 0.349869 0.000000
vt 0.396867 0.000000
vt 0.352480 0.000000
vt 0.394256 0.000000
vt 0.355091 0.000000
vt 0.391645 0.000000
vt 0.357702 0.000000
vt 0.389034 0.000000
vt 0.360313 0.000000
vt 0.362924 0.000000
vt 0.386423 0.000000
vt 0.365535 0.000000
vt 0.383812 0.000000
vt 0.368146 0.000000
vt 0.381201 0.000000
vt 0.370757 0.000000
vt 0.378590 0.000000
vt 0.373368 0.000000
vt 0.375979 0.000000
vt 0.554524 0.000000
vt 0.559165 0.000000
vt 0.556845 0.000000
vt 0.552204 0.000000
vt 0.549884 0.000000
vt 0.561485 0.000000
vt 0.547564 0.000000
vt 0.545244 0.000000
vt 0.563805 0.000000
vt 0.542923 0.000000
vt 0.540603 0.000000
vt 0.566125 0.000000
vt 0.538283 0.000000
vt 0.535963 0.000000
vt 0.568446 0.000000
vt 0.533643 0.000000
vt 0.531322 0.000000
vt 0.570766 0.000000
vt 0.529002 0.000000
vt 0.526682 0.000000
vt 0.524362 0.000000
vt 0.522042 0.000000
vt 0.573086 0.000000
vt 0.519722 0.000000
vt 0.517401 0.000000
vt 0.515081 0.000000
vt 0.512761 0.000000
vt 0.510441 0.000000
vt 0.508121 0.000000
vt 0.505800 0.000000
vt 0.575406 0.000000
vt 0.503480 0.000000
vt 0.501160 0.000000
vt 0.498840 0.000000
vt 0.496520 0.000000
vt 0.494200 0.000000
vt 0.577726 0.000000
vt 0.491879 0.000000
vt 0.489559 0.000000
vt 0.487239 0.000000
vt 0.484919 0.000000
vt 0.482599 0.000000
vt 0.480278 0.000000
vt 0.477958 0.000000
vt 0.475638 0.000000
vt 0.473318 0.000000
vt 0.580046 0.000000
vt 0.997680 0.000000
vt 0.995360 0.000000
vt 0.582367 0.000000
vt 0.993039 0.000000
vt 0.990719 0.000000
vt 0.988399 0.000000
vt 0.584687 0.000000
vt 0.986079 0.000000
vt 0.983759 0.000000
vt 0.587007 0.000000
vt 0.981439 0.000000
vt 0.589327 0.000000
vt 0.979118 0.000000
vt 0.591647 0.000000
vt 0.976798 0.000000
vt 0.593967 0.000000
vt 0.974478 0.000000
vt 0.596288 0.000000
vt 0.598608 0.000000
vt 0.972158 0.000000
vt 0.600928 0.000000
vt 0.969838 0.000000
vt 0.603248 0.000000
vt 0.967517 0.000000
vt 0.605568 0.000000
vt 0.607889 0.000000
vt 0.965197 0.000000
vt 0.610209 0.000000
vt 0.612529 0.000000
vt 0.962877 0.000000
vt 0.081206 0.000000
vt 0.085847 0.000000
vt 0.083527 0.000000
vt 0.078886 0.000000
vt 0.088167 0.000000
vt 0.076566 0.000000
vt 0.090487 0.000000
vt 0.074246 0.000000
vt 0.092807 0.000000
vt 0.071926 0.000000
vt 0.069606 0.000000
vt 0.095128 0.000000
vt 0.614849 0.000000
vt 0.067285 0.000000
vt 0.097448 0.000000
vt 0.064965 0.000000
vt 0.099768 0.000000
vt 0.062645 0.000000
vt 0.060325 0.000000
vt 0.102088 0.000000
vt 0.617169 0.000000
vt 0.058005 0.000000
vt 0.960557 0.000000
vt 0.104408 0.000000
vt 0.055684 0.000000
vt 0.106729 0.000000
vt 0.053364 0.000000
vt 0.619490 0.000000
vt 0.051044 0.000000
vt 0.048724 0.000000
vt 0.109049 0.000000
vt 0.046404 0.000000
vt 0.621810 0.000000
vt 0.044084 0.000000
vt 0.111369 0.000000
vt 0.041763 0.000000
vt 0.039443 0.000000
vt 0.113689 0.000000
vt 0.624130 0.000000
vt 0.037123 0.000000
vt 0.958237 0.000000
vt 0.034803 0.000000
vt 0.032483 0.000000
vt 0.626450 0.000000
vt 0.030162 0.000000
vt 0.027842 0.000000
vt 0.116009 0.000000
vt 0.025522 0.000000
vt 0.628770 0.000000
vt 0.023202 0.000000
vt 0.020882 0.000000
vt 0.018561 0.000000
vt 0.631090 0.000000
vt 0.955916 0.000000
vt 0.016241 0.000000
vt 0.118329 0.000000
vt 0.013921 0.000000
vt 0.011601 0.000000
vt 0.009281 0.000000
vt 0.633411 0.000000
vt 0.006961 0.000000
vt 0.004640 0.000000
vt 0.002320 0.000000
vt 0.470998 0.000000
vt 0.635731 0.000000
vt 0.120650 0.000000
vt 0.468677 0.000000
vt 0.638051 0.000000
vt 0.953596 0.000000
vt 0.122970 0.000000
vt 0.466357 0.000000
vt 0.640371 0.000000
vt 0.464037 0.000000
vt 0.642691 0.000000
vt 0.125290 0.000000
vt 0.461717 0.000000
vt 0.951276 0.000000
vt 0.645012 0.000000
vt 0.459397 0.000000
vt 0.127610 0.000000
vt 0.457077 0.000000
vt 0.647332 0.000000
vt 0.454756 0.000000
vt 0.129930 0.000000
vt 0.948956 0.000000
vt 0.452436 0.000000
vt 0.649652 0.000000
vt 0.132251 0.000000
vt 0.450116 0.000000
vt 0.651972 0.000000
vt 0.447796 0.000000
vt 0.134571 0.000000
vt 0.946636 0.000000
vt 0.445476 0.000000
vt 0.654292 0.000000
vt 0.136891 0.000000
vt 0.443155 0.000000
vt 0.440835 0.000000
vt 0.944316 0.000000
vt 0.656613 0.000000
vt 0.139211 0.000000
vt 0.438515 0.000000
vt 0.658933 0.000000
vt 0.141531 0.000000
vt 0.436195 0.000000
vt 0.143852 0.000000
vt 0.146172 0.000000
vt 0.148492 0.000000
vt 0.661253 0.000000
vt 0.433875 0.000000
vt 0.150812 0.000000
vt 0.941995 0.000000
vt 0.153132 0.000000
vt 0.155452 0.000000
vt 0.431555 0.000000
vt 0.663573 0.000000
vt 0.157773 0.000000
vt 0.160093 0.000000
vt 0.162413 0.000000
vt 0.429234 0.000000
vt 0.665893 0.000000
vt 0.164733 0.000000
vt 0.167053 0.000000
vt 0.939675 0.000000
vt 0.169374 0.000000
vt 0.426914 0.000000
vt 0.171694 0.000000
vt 0.668213 0.000000
vt 0.174014 0.000000
vt 0.176334 0.000000
vt 0.178654 0.000000
vt 0.424594 0.000000
vt 0.180974 0.000000
vt 0.670534 0.000000
vt 0.183295 0.000000
vt 0.937355 0.000000
vt 0.185615 0.000000
vt 0.187935 0.000000
vt 0.422274 0.000000
vt 0.190255 0.000000
vt 0.192575 0.000000
vt 0.194896 0.000000
vt 0.419954 0.000000
vt 0.197216 0.000000
vt 0.935035 0.000000
vt 0.199536 0.000000
vt 0.201856 0.000000
vt 0.417633 0.000000
vt 0.204176 0.000000
vt 0.932715 0.000000
vt 0.206497 0.000000
vt 0.415313 0.000000
vt 0.208817 0.000000
vt 0.930394 0.000000
vt 0.211137 0.000000
vt 0.213457 0.000000
vt 0.928074 0.000000
vt 0.672854 0.000000
vt 0.215777 0.000000
vt 0.925754 0.000000
vt 0.218097 0.000000
vt 0.412993 0.000000
vt 0.923434 0.000000
vt 0.220418 0.000000
vt 0.921114 0.000000
vt 0.918793 0.000000
vt 0.222738 0.000000
vt 0.916473 0.000000
vt 0.225058 0.000000
vt 0.410673 0.000000
vt 0.675174 0.000000
vt 0.227378 0.000000
vt 0.408353 0.000000
vt 0.914153 0.000000
vt 0.229698 0.000000
vt 0.677494 0.000000
vt 0.406032 0.000000
vt 0.232019 0.000000
vt 0.403712 0.000000
vt 0.679814 0.000000
vt 0.911833 0.000000
vt 0.234339 0.000000
vt 0.401392 0.000000
vt 0.682135 0.000000
vt 0.236659 0.000000
vt 0.399072 0.000000
vt 0.909513 0.000000
vt 0.396752 0.000000
vt 0.684455 0.000000
vt 0.238979 0.000000
vt 0.907193 0.000000
vt 0.394432 0.000000
vt 0.686775 0.000000
vt 0.241299 0.000000
vt 0.392111 0.000000
vt 0.689095 0.000000
vt 0.904872 0.000000
vt 0.243619 0.000000
vt 0.389791 0.000000
vt 0.691415 0.000000
vt 0.387471 0.000000
vt 0.385151 0.000000
vt 0.902552 0.000000
vt 0.382831 0.000000
vt 0.380510 0.000000
vt 0.245940 0.000000
vt 0.693735 0.000000
vt 0.378190 0.000000
vt 0.375870 0.000000
vt 0.373550 0.000000
vt 0.371230 0.000000
vt 0.368910 0.000000
vt 0.696056 0.000000
vt 0.366589 0.000000
vt 0.364269 0.000000
vt 0.361949 0.000000
vt 0.900232 0.000000
vt 0.359629 0.000000
vt 0.357309 0.000000
vt 0.354988 0.000000
vt 0.248260 0.000000
vt 0.698376 0.000000
vt 0.352668 0.000000
vt 0.350348 0.000000
vt 0.348028 0.000000
vt 0.345708 0.000000
vt 0.343387 0.000000
vt 0.341067 0.000000
vt 0.338747 0.000000
vt 0.336427 0.000000
vt 0.700696 0.000000
vt 0.334107 0.000000
vt 0.331787 0.000000
vt 0.897912 0.000000
vt 0.329466 0.000000
vt 0.250580 0.000000
vt 0.327146 0.000000
vt 0.703016 0.000000
vt 0.324826 0.000000
vt 0.322506 0.000000
vt 0.895592 0.000000
vt 0.320186 0.000000
vt 0.705336 0.000000
vt 0.317865 0.000000
vt 0.315545 0.000000
vt 0.313225 0.000000
vt 0.252900 0.000000
vt 0.310905 0.000000
vt 0.308585 0.000000
vt 0.255220 0.000000
vt 0.893271 0.000000
vt 0.707657 0.000000
vt 0.306264 0.000000
vt 0.257541 0.000000
vt 0.303944 0.000000
vt 0.301624 0.000000
vt 0.259861 0.000000
vt 0.299304 0.000000
vt 0.262181 0.000000
vt 0.296984 0.000000
vt 0.264501 0.000000
vt 0.294664 0.000000
vt 0.709977 0.000000
vt 0.266821 0.000000
vt 0.292343 0.000000
vt 0.890951 0.000000
vt 0.269142 0.000000
vt 0.290023 0.000000
vt 0.287703 0.000000
vt 0.271462 0.000000
vt 0.285383 0.000000
vt 0.273782 0.000000
vt 0.283063 0.000000
vt 0.276102 0.000000
vt 0.280742 0.000000
vt 0.278422 0.000000
vt 0.712297 0.000000
vt 0.888631 0.000000
vt 0.714617 0.000000
vt 0.886311 0.000000
vt 0.716937 0.000000
vt 0.883991 0.000000
vt 0.719258 0.000000
vt 0.881671 0.000000
vt 0.721578 0.000000
vt 0.723898 0.000000
vt 0.879350 0.000000
vt 0.726218 0.000000
vt 0.877030 0.000000
vt 0.874710 0.000000
vt 0.728538 0.000000
vt 0.872390 0.000000
vt 0.870070 0.000000
vt 0.730858 0.000000
vt 0.867749 0.000000
vt 0.865429 0.000000
vt 0.733179 0.000000
vt 0.863109 0.000000
vt 0.860789 0.000000
vt 0.735499 0.000000
vt 0.858469 0.000000
vt 0.856148 0.000000
vt 0.737819 0.000000
vt 0.853828 0.000000
vt 0.851508 0.000000
vt 0.740139 0.000000
vt 0.849188 0.000000
vt 0.846868 0.000000
vt 0.742459 0.000000
vt 0.844548 0.000000
vt 0.744780 0.000000
vt 0.842227 0.000000
vt 0.839907 0.000000
vt 0.747100 0.000000
vt 0.837587 0.000000
vt 0.835267 0.000000
vt 0.749420 0.000000
vt 0.832947 0.000000
vt 0.830626 0.000000
vt 0.828306 0.000000
vt 0.825986 0.000000
vt 0.823666 0.000000
vt 0.821346 0.000000
vt 0.819026 0.000000
vt 0.816705 0.000000
vt 0.814385 0.000000
vt 0.751740 0.000000
vt 0.812065 0.000000
vt 0.809745 0.000000
vt 0.807425 0.000000
vt 0.805104 0.000000
vt 0.802784 0.000000
vt 0.800464 0.000000
vt 0.798144 0.000000
vt 0.795824 0.000000
vt 0.793503 0.000000
vt 0.791183 0.000000
vt 0.788863 0.000000
vt 0.786543 0.000000
vt 0.784223 0.000000
vt 0.754060 0.000000
vt 0.756380 0.000000
vt 0.758701 0.000000
vt 0.761021 0.000000
vt 0.763341 0.000000
vt 0.781903 0.000000
vt 0.765661 0.000000
vt 0.767981 0.000000
vt 0.770302 0.000000
vt 0.772622 0.000000
vt 0.779582 0.000000
vt 0.774942 0.000000
vt 0.777262 0.000000
vt 0.719481 0.000000
vt 0.716883 0.000000
vt 0.711688 0.000000
vt 0.722078 0.000000
vt 0.709091 0.000000
vt 0.724675 0.000000
vt 0.706493 0.000000
vt 0.727273 0.000000
vt 0.703896 0.000000
vt 0.729870 0.000000
vt 0.701299 0.000000
vt 0.732468 0.000000
vt 0.698701 0.000000
vt 0.735065 0.000000
vt 0.696104 0.000000
vt 0.737662 0.000000
vt 0.693506 0.000000
vt 0.740260 0.000000
vt 0.690909 0.000000
vt 0.688312 0.000000
vt 0.745455 0.000000
vt 0.748052 0.000000
vt 0.750649 0.000000
vt 0.753247 0.000000
vt 0.683117 0.000000
vt 0.755844 0.000000
vt 0.758442 0.000000
vt 0.761039 0.000000
vt 0.680519 0.000000
vt 0.763636 0.000000
vt 0.766234 0.000000
vt 0.768831 0.000000
vt 0.677922 0.000000
vt 0.774026 0.000000
vt 0.675325 0.000000
vt 0.776623 0.000000
vt 0.779221 0.000000
vt 0.672727 0.000000
vt 0.781818 0.000000
vt 0.784416 0.000000
vt 0.670130 0.000000
vt 0.787013 0.000000
vt 0.667532 0.000000
vt 0.789610 0.000000
vt 0.664935 0.000000
vt 0.792208 0.000000
vt 0.662338 0.000000
vt 0.794805 0.000000
vt 0.659740 0.000000
vt 0.797403 0.000000
vt 0.802597 0.000000
vt 0.654545 0.000000
vt 0.805195 0.000000
vt 0.651948 0.000000
vt 0.807792 0.000000
vt 0.810390 0.000000
vt 0.812987 0.000000
vt 0.649351 0.000000
vt 0.815584 0.000000
vt 0.646753 0.000000
vt 0.818182 0.000000
vt 0.644156 0.000000
vt 0.820779 0.000000
vt 0.641558 0.000000
vt 0.823377 0.000000
vt 0.638961 0.000000
vt 0.825974 0.000000
vt 0.636364 0.000000
vt 0.633766 0.000000
vt 0.831169 0.000000
vt 0.872727 0.000000
vt 0.877922 0.000000
vt 0.875325 0.000000
vt 0.880520 0.000000
vt 0.870130 0.000000
vt 0.883117 0.000000
vt 0.867532 0.000000
vt 0.864935 0.000000
vt 0.631169 0.000000
vt 0.888312 0.000000
vt 0.833766 0.000000
vt 0.862338 0.000000
vt 0.890909 0.000000
vt 0.859740 0.000000
vt 0.893506 0.000000
vt 0.896104 0.000000
vt 0.836364 0.000000
vt 0.898701 0.000000
vt 0.854545 0.000000
vt 0.901299 0.000000
vt 0.851948 0.000000
vt 0.903896 0.000000
vt 0.625974 0.000000
vt 0.838961 0.000000
vt 0.849351 0.000000
vt 0.906493 0.000000
vt 0.846753 0.000000
vt 0.909091 0.000000
vt 0.623377 0.000000
vt 0.841558 0.000000
vt 0.911688 0.000000
vt 0.844156 0.000000
vt 0.587013 0.000000
vt 0.592208 0.000000
vt 0.589610 0.000000
vt 0.594805 0.000000
vt 0.597403 0.000000
vt 0.916883 0.000000
vt 0.602597 0.000000
vt 0.605195 0.000000
vt 0.607792 0.000000
vt 0.610390 0.000000
vt 0.612987 0.000000
vt 0.919481 0.000000
vt 0.615584 0.000000
vt 0.618182 0.000000
vt 0.620779 0.000000
vt 0.584416 0.000000
vt 0.581818 0.000000
vt 0.579221 0.000000
vt 0.576623 0.000000
vt 0.574026 0.000000
vt 0.568831 0.000000
vt 0.566234 0.000000
vt 0.563636 0.000000
vt 0.561039 0.000000
vt 0.922078 0.000000
vt 0.924675 0.000000
vt 0.927273 0.000000
vt 0.558442 0.000000
vt 0.929870 0.000000
vt 0.932468 0.000000
vt 0.935065 0.000000
vt 0.937662 0.000000
vt 0.940260 0.000000
vt 0.945455 0.000000
vt 0.555844 0.000000
vt 0.948052 0.000000
vt 0.950649 0.000000
vt 0.953247 0.000000
vt 0.955844 0.000000
vt 0.958442 0.000000
vt 0.961039 0.000000
vt 0.963636 0.000000
vt 0.966234 0.000000
vt 0.968831 0.000000
vt 0.553247 0.000000
vt 0.550649 0.000000
vt 0.974026 0.000000
vt 0.976623 0.000000
vt 0.548052 0.000000
vt 0.979221 0.000000
vt 0.545455 0.000000
vt 0.981818 0.000000
vt 0.984416 0.000000
vt 0.987013 0.000000
vt 0.540260 0.000000
vt 0.989610 0.000000
vt 0.537662 0.000000
vt 0.992208 0.000000
vt 0.994805 0.000000
vt 0.535065 0.000000
vt 0.997403 0.000000
vt 0.532468 0.000000
vt 0.031169 0.000000
vt 0.036364 0.000000
vt 0.033766 0.000000
vt 0.038961 0.000000
vt 0.041558 0.000000
vt 0.025974 0.000000
vt 0.044156 0.000000
vt 0.023377 0.000000
vt 0.046753 0.000000
vt 0.020779 0.000000
vt 0.049351 0.000000
vt 0.018182 0.000000
vt 0.051948 0.000000
vt 0.015584 0.000000
vt 0.054545 0.000000
vt 0.012987 0.000000
vt 0.059740 0.000000
vt 0.010390 0.000000
vt 0.529870 0.000000
vt 0.062338 0.000000
vt 0.007792 0.000000
vt 0.064935 0.000000
vt 0.005195 0.000000
vt 0.067532 0.000000
vt 0.070130 0.000000
vt 0.002597 0.000000
vt 0.072727 0.000000
vt 0.075325 0.000000
vt 0.077922 0.000000
vt 0.527273 0.000000
vt 0.080519 0.000000
vt 0.083117 0.000000
vt 0.088312 0.000000
vt 0.090909 0.000000
vt 0.093506 0.000000
vt 0.096104 0.000000
vt 0.098701 0.000000
vt 0.101299 0.000000
vt 0.103896 0.000000
vt 0.106494 0.000000
vt 0.109091 0.000000
vt 0.111688 0.000000
vt 0.116883 0.000000
vt 0.119481 0.000000
vt 0.122078 0.000000
vt 0.524675 0.000000
vt 0.335065 0.000000
vt 0.124675 0.000000
vt 0.127273 0.000000
vt 0.337662 0.000000
vt 0.332468 0.000000
vt 0.329870 0.000000
vt 0.129870 0.000000
vt 0.132468 0.000000
vt 0.522078 0.000000
vt 0.340260 0.000000
vt 0.519481 0.000000
vt 0.516883 0.000000
vt 0.345455 0.000000
vt 0.511688 0.000000
vt 0.348052 0.000000
vt 0.509091 0.000000
vt 0.350649 0.000000
vt 0.506494 0.000000
vt 0.353247 0.000000
vt 0.503896 0.000000
vt 0.355844 0.000000
vt 0.501299 0.000000
vt 0.498701 0.000000
vt 0.358442 0.000000
vt 0.496104 0.000000
vt 0.361039 0.000000
vt 0.163636 0.000000
vt 0.168831 0.000000
vt 0.166234 0.000000
vt 0.161039 0.000000
vt 0.493506 0.000000
vt 0.174026 0.000000
vt 0.158442 0.000000
vt 0.176623 0.000000
vt 0.155844 0.000000
vt 0.179221 0.000000
vt 0.153247 0.000000
vt 0.181818 0.000000
vt 0.363636 0.000000
vt 0.150649 0.000000
vt 0.184416 0.000000
vt 0.148052 0.000000
vt 0.187013 0.000000
vt 0.189610 0.000000
vt 0.145455 0.000000
vt 0.192208 0.000000
vt 0.490909 0.000000
vt 0.194805 0.000000
vt 0.140260 0.000000
vt 0.366234 0.000000
vt 0.197403 0.000000
vt 0.137662 0.000000
vt 0.202597 0.000000
vt 0.135065 0.000000
vt 0.488312 0.000000
vt 0.483117 0.000000
vt 0.480519 0.000000
vt 0.205195 0.000000
vt 0.477922 0.000000
vt 0.475325 0.000000
vt 0.293507 0.000000
vt 0.298701 0.000000
vt 0.296104 0.000000
vt 0.472727 0.000000
vt 0.470130 0.000000
vt 0.467532 0.000000
vt 0.464935 0.000000
vt 0.301299 0.000000
vt 0.462338 0.000000
vt 0.459740 0.000000
vt 0.303896 0.000000
vt 0.454545 0.000000
vt 0.306494 0.000000
vt 0.451948 0.000000
vt 0.207792 0.000000
vt 0.449351 0.000000
vt 0.309091 0.000000
vt 0.446753 0.000000
vt 0.311688 0.000000
vt 0.444156 0.000000
vt 0.441558 0.000000
vt 0.316883 0.000000
vt 0.319481 0.000000
vt 0.438961 0.000000
vt 0.210390 0.000000
vt 0.322078 0.000000
vt 0.324675 0.000000
vt 0.436364 0.000000
vt 0.327273 0.000000
vt 0.290909 0.000000
vt 0.288312 0.000000
vt 0.283117 0.000000
vt 0.280519 0.000000
vt 0.277922 0.000000
vt 0.275325 0.000000
vt 0.272727 0.000000
vt 0.270130 0.000000
vt 0.433766 0.000000
vt 0.431169 0.000000
vt 0.425974 0.000000
vt 0.423377 0.000000
vt 0.212987 0.000000
vt 0.420779 0.000000
vt 0.418182 0.000000
vt 0.368831 0.000000
vt 0.415584 0.000000
vt 0.374026 0.000000
vt 0.412987 0.000000
vt 0.376623 0.000000
vt 0.410390 0.000000
vt 0.379221 0.000000
vt 0.407792 0.000000
vt 0.381818 0.000000
vt 0.384416 0.000000
vt 0.405195 0.000000
vt 0.387013 0.000000
vt 0.402597 0.000000
vt 0.389610 0.000000
vt 0.392208 0.000000
vt 0.394805 0.000000
vt 0.397403 0.000000
vt 0.267532 0.000000
vt 0.215584 0.000000
vt 0.218182 0.000000
vt 0.220779 0.000000
vt 0.223377 0.000000
vt 0.264935 0.000000
vt 0.225974 0.000000
vt 0.231169 0.000000
vt 0.233766 0.000000
vt 0.236364 0.000000
vt 0.238961 0.000000
vt 0.262338 0.000000
vt 0.241558 0.000000
vt 0.244156 0.000000
vt 0.246753 0.000000
vt 0.249351 0.000000
vt 0.251948 0.000000
vt 0.254545 0.000000
vt 0.259740 0.000000
vt 0.766811 0.000000
vt 0.768981 0.000000
vt 0.767896 0.000000
vt 0.765727 0.000000
vt 0.764642 0.000000
vt 0.770065 0.000000
vt 0.763557 0.000000
vt 0.145336 0.000000
vt 0.147505 0.000000
vt 0.146421 0.000000
vt 0.762473 0.000000
vt 0.771150 0.000000
vt 0.148590 0.000000
vt 0.149675 0.000000
vt 0.761388 0.000000
vt 0.150759 0.000000
vt 0.144252 0.000000
vt 0.151844 0.000000
vt 0.772234 0.000000
vt 0.760304 0.000000
vt 0.152928 0.000000
vt 0.759219 0.000000
vt 0.154013 0.000000
vt 0.143167 0.000000
vt 0.773319 0.000000
vt 0.155098 0.000000
vt 0.758134 0.000000
vt 0.156182 0.000000
vt 0.757050 0.000000
vt 0.142082 0.000000
vt 0.157267 0.000000
vt 0.774403 0.000000
vt 0.755965 0.000000
vt 0.158351 0.000000
vt 0.159436 0.000000
vt 0.775488 0.000000
vt 0.754881 0.000000
vt 0.140998 0.000000
vt 0.160521 0.000000
vt 0.753796 0.000000
vt 0.161605 0.000000
vt 0.776573 0.000000
vt 0.162690 0.000000
vt 0.139913 0.000000
vt 0.163774 0.000000
vt 0.777657 0.000000
vt 0.164859 0.000000
vt 0.752711 0.000000
vt 0.165944 0.000000
vt 0.778742 0.000000
vt 0.167028 0.000000
vt 0.138829 0.000000
vt 0.168113 0.000000
vt 0.779826 0.000000
vt 0.169197 0.000000
vt 0.806941 0.000000
vt 0.780911 0.000000
vt 0.751627 0.000000
vt 0.170282 0.000000
vt 0.808026 0.000000
vt 0.805857 0.000000
vt 0.137744 0.000000
vt 0.781996 0.000000
vt 0.171367 0.000000
vt 0.804772 0.000000
vt 0.783080 0.000000
vt 0.803688 0.000000
vt 0.172451 0.000000
vt 0.784165 0.000000
vt 0.802603 0.000000
vt 0.785249 0.000000
vt 0.809111 0.000000
vt 0.801518 0.000000
vt 0.786334 0.000000
vt 0.173536 0.000000
vt 0.800434 0.000000
vt 0.787419 0.000000
vt 0.799349 0.000000
vt 0.788503 0.000000
vt 0.750542 0.000000
vt 0.798265 0.000000
vt 0.789588 0.000000
vt 0.797180 0.000000
vt 0.790672 0.000000
vt 0.136659 0.000000
vt 0.796095 0.000000
vt 0.791757 0.000000
vt 0.795011 0.000000
vt 0.792842 0.000000
vt 0.793926 0.000000
vt 0.810195 0.000000
vt 0.811280 0.000000
vt 0.749458 0.000000
vt 0.135575 0.000000
vt 0.812364 0.000000
vt 0.748373 0.000000
vt 0.813449 0.000000
vt 0.134490 0.000000
vt 0.174620 0.000000
vt 0.814534 0.000000
vt 0.747289 0.000000
vt 0.815618 0.000000
vt 0.133406 0.000000
vt 0.816703 0.000000
vt 0.746204 0.000000
vt 0.817787 0.000000
vt 0.745119 0.000000
vt 0.818872 0.000000
vt 0.132321 0.000000
vt 0.819957 0.000000
vt 0.744035 0.000000
vt 0.175705 0.000000
vt 0.702820 0.000000
vt 0.821041 0.000000
vt 0.742950 0.000000
vt 0.741866 0.000000
vt 0.740781 0.000000
vt 0.703905 0.000000
vt 0.701735 0.000000
vt 0.739696 0.000000
vt 0.738612 0.000000
vt 0.737527 0.000000
vt 0.736443 0.000000
vt 0.735358 0.000000
vt 0.734273 0.000000
vt 0.704989 0.000000
vt 0.131236 0.000000
vt 0.733189 0.000000
vt 0.732104 0.000000
vt 0.731019 0.000000
vt 0.706074 0.000000
vt 0.729935 0.000000
vt 0.728850 0.000000
vt 0.707158 0.000000
vt 0.727766 0.000000
vt 0.176790 0.000000
vt 0.708243 0.000000
vt 0.726681 0.000000
vt 0.725597 0.000000
vt 0.709328 0.000000
vt 0.724512 0.000000
vt 0.710412 0.000000
vt 0.723427 0.000000
vt 0.722343 0.000000
vt 0.711497 0.000000
vt 0.721258 0.000000
vt 0.712581 0.000000
vt 0.720174 0.000000
vt 0.713666 0.000000
vt 0.719089 0.000000
vt 0.718004 0.000000
vt 0.714751 0.000000
vt 0.716920 0.000000
vt 0.715835 0.000000
vt 0.130152 0.000000
vt 0.177874 0.000000
vt 0.129067 0.000000
vt 0.178959 0.000000
vt 0.834056 0.000000
vt 0.836226 0.000000
vt 0.835141 0.000000
vt 0.837310 0.000000
vt 0.832972 0.000000
vt 0.838395 0.000000
vt 0.831887 0.000000
vt 0.839479 0.000000
vt 0.830803 0.000000
vt 0.840564 0.000000
vt 0.829718 0.000000
vt 0.127983 0.000000
vt 0.841649 0.000000
vt 0.828633 0.000000
vt 0.842733 0.000000
vt 0.827549 0.000000
vt 0.843818 0.000000
vt 0.826464 0.000000
vt 0.180043 0.000000
vt 0.844902 0.000000
vt 0.825380 0.000000
vt 0.845987 0.000000
vt 0.126898 0.000000
vt 0.847072 0.000000
vt 0.824295 0.000000
vt 0.848156 0.000000
vt 0.823210 0.000000
vt 0.181128 0.000000
vt 0.125813 0.000000
vt 0.849241 0.000000
vt 0.822126 0.000000
vt 0.850325 0.000000
vt 0.686551 0.000000
vt 0.688720 0.000000
vt 0.687636 0.000000
vt 0.689805 0.000000
vt 0.690889 0.000000
vt 0.851410 0.000000
vt 0.691974 0.000000
vt 0.693059 0.000000
vt 0.694143 0.000000
vt 0.695228 0.000000
vt 0.696312 0.000000
vt 0.852495 0.000000
vt 0.697397 0.000000
vt 0.698482 0.000000
vt 0.699566 0.000000
vt 0.700651 0.000000
vt 0.685466 0.000000
vt 0.684382 0.000000
vt 0.683297 0.000000
vt 0.682213 0.000000
vt 0.681128 0.000000
vt 0.680043 0.000000
vt 0.678959 0.000000
vt 0.677874 0.000000
vt 0.676790 0.000000
vt 0.853579 0.000000
vt 0.854664 0.000000
vt 0.124729 0.000000
vt 0.182213 0.000000
vt 0.855748 0.000000
vt 0.675705 0.000000
vt 0.856833 0.000000
vt 0.857918 0.000000
vt 0.859002 0.000000
vt 0.860087 0.000000
vt 0.674620 0.000000
vt 0.861171 0.000000
vt 0.862256 0.000000
vt 0.863341 0.000000
vt 0.123644 0.000000
vt 0.864425 0.000000
vt 0.865510 0.000000
vt 0.673536 0.000000
vt 0.866594 0.000000
vt 0.867679 0.000000
vt 0.183297 0.000000
vt 0.868764 0.000000
vt 0.869848 0.000000
vt 0.870933 0.000000
vt 0.872017 0.000000
vt 0.873102 0.000000
vt 0.874187 0.000000
vt 0.672451 0.000000
vt 0.671367 0.000000
vt 0.875271 0.000000
vt 0.876356 0.000000
vt 0.122560 0.000000
vt 0.184382 0.000000
vt 0.198482 0.000000
vt 0.200651 0.000000
vt 0.199566 0.000000
vt 0.201735 0.000000
vt 0.197397 0.000000
vt 0.121475 0.000000
vt 0.202820 0.000000
vt 0.196312 0.000000
vt 0.203905 0.000000
vt 0.195228 0.000000
vt 0.204989 0.000000
vt 0.194143 0.000000
vt 0.206074 0.000000
vt 0.193059 0.000000
vt 0.207158 0.000000
vt 0.191974 0.000000
vt 0.208243 0.000000
vt 0.190889 0.000000
vt 0.185466 0.000000
vt 0.209328 0.000000
vt 0.189805 0.000000
vt 0.120390 0.000000
vt 0.210412 0.000000
vt 0.188720 0.000000
vt 0.211497 0.000000
vt 0.187636 0.000000
vt 0.105206 0.000000
vt 0.107375 0.000000
vt 0.106291 0.000000
vt 0.108460 0.000000
vt 0.212581 0.000000
vt 0.186551 0.000000
vt 0.109544 0.000000
vt 0.110629 0.000000
vt 0.111714 0.000000
vt 0.112798 0.000000
vt 0.113883 0.000000
vt 0.114967 0.000000
vt 0.116052 0.000000
vt 0.117137 0.000000
vt 0.118221 0.000000
vt 0.119306 0.000000
vt 0.104121 0.000000
vt 0.103037 0.000000
vt 0.101952 0.000000
vt 0.100868 0.000000
vt 0.099783 0.000000
vt 0.098698 0.000000
vt 0.213666 0.000000
vt 0.214751 0.000000
vt 0.656182 0.000000
vt 0.658351 0.000000
vt 0.657267 0.000000
vt 0.097614 0.000000
vt 0.215835 0.000000
vt 0.659436 0.000000
vt 0.660521 0.000000
vt 0.216920 0.000000
vt 0.889371 0.000000
vt 0.891540 0.000000
vt 0.890456 0.000000
vt 0.892625 0.000000
vt 0.888286 0.000000
vt 0.893709 0.000000
vt 0.887202 0.000000
vt 0.894794 0.000000
vt 0.661605 0.000000
vt 0.886117 0.000000
vt 0.096529 0.000000
vt 0.218004 0.000000
vt 0.895879 0.000000
vt 0.885033 0.000000
vt 0.662690 0.000000
vt 0.896963 0.000000
vt 0.219089 0.000000
vt 0.655098 0.000000
vt 0.883948 0.000000
vt 0.898048 0.000000
vt 0.663774 0.000000
vt 0.095445 0.000000
vt 0.220174 0.000000
vt 0.882863 0.000000
vt 0.899132 0.000000
vt 0.221258 0.000000
vt 0.664859 0.000000
vt 0.881779 0.000000
vt 0.094360 0.000000
vt 0.222343 0.000000
vt 0.900217 0.000000
vt 0.665944 0.000000
vt 0.223427 0.000000
vt 0.880694 0.000000
vt 0.901302 0.000000
vt 0.224512 0.000000
vt 0.654013 0.000000
vt 0.667028 0.000000
vt 0.093275 0.000000
vt 0.225597 0.000000
vt 0.879610 0.000000
vt 0.902386 0.000000
vt 0.226681 0.000000
vt 0.668113 0.000000
vt 0.092191 0.000000
vt 0.227766 0.000000
vt 0.878525 0.000000
vt 0.903471 0.000000
vt 0.394794 0.000000
vt 0.228850 0.000000
vt 0.669197 0.000000
vt 0.091106 0.000000
vt 0.090022 0.000000
vt 0.001085 0.000000
vt 0.393709 0.000000
vt 0.229935 0.000000
vt 0.904555 0.000000
vt 0.877440 0.000000
vt 0.231020 0.000000
vt 0.670282 0.000000
vt 0.232104 0.000000
vt 0.652928 0.000000
vt 0.905640 0.000000
vt 0.233189 0.000000
vt 0.906725 0.000000
vt 0.238612 0.000000
vt 0.234273 0.000000
vt 0.907809 0.000000
vt 0.235358 0.000000
vt 0.908894 0.000000
vt 0.909978 0.000000
vt 0.236443 0.000000
vt 0.911063 0.000000
vt 0.237527 0.000000
vt 0.912148 0.000000
vt 0.651844 0.000000
vt 0.913232 0.000000
vt 0.914317 0.000000
vt 0.239696 0.000000
vt 0.915401 0.000000
vt 0.916486 0.000000
vt 0.917570 0.000000
vt 0.918655 0.000000
vt 0.919740 0.000000
vt 0.650759 0.000000
vt 0.993492 0.000000
vt 0.920824 0.000000
vt 0.921909 0.000000
vt 0.992408 0.000000
vt 0.990239 0.000000
vt 0.989154 0.000000
vt 0.922993 0.000000
vt 0.994577 0.000000
vt 0.995662 0.000000
vt 0.991323 0.000000
vt 0.988069 0.000000
vt 0.929501 0.000000
vt 0.924078 0.000000
vt 0.925163 0.000000
vt 0.926247 0.000000
vt 0.088937 0.000000
vt 0.927332 0.000000
vt 0.649675 0.000000
vt 0.928416 0.000000
vt 0.002169 0.000000
vt 0.930586 0.000000
vt 0.392625 0.000000
vt 0.648590 0.000000
vt 0.240781 0.000000
vt 0.647505 0.000000
vt 0.087852 0.000000
vt 0.646421 0.000000
vt 0.003254 0.000000
vt 0.391540 0.000000
vt 0.645336 0.000000
vt 0.086768 0.000000
vt 0.241866 0.000000
vt 0.644252 0.000000
vt 0.931670 0.000000
vt 0.004338 0.000000
vt 0.643167 0.000000
vt 0.996746 0.000000
vt 0.932755 0.000000
vt 0.390456 0.000000
vt 0.085683 0.000000
vt 0.985900 0.000000
vt 0.984816 0.000000
vt 0.933839 0.000000
vt 0.997831 0.000000
vt 0.998915 0.000000
vt 0.986985 0.000000
vt 0.983731 0.000000
vt 0.242950 0.000000
vt 0.934924 0.000000
vt 0.005423 0.000000
vt 0.084599 0.000000
vt 0.936009 0.000000
vt 0.389371 0.000000
vt 0.937093 0.000000
vt 0.938178 0.000000
vt 0.244035 0.000000
vt 0.083514 0.000000
vt 0.006508 0.000000
vt 0.939262 0.000000
vt 0.940347 0.000000
vt 0.388286 0.000000
vt 0.941432 0.000000
vt 0.082429 0.000000
vt 0.245119 0.000000
vt 0.942516 0.000000
vt 0.007592 0.000000
vt 0.943601 0.000000
vt 0.616052 0.000000
vt 0.387202 0.000000
vt 0.081345 0.000000
vt 0.944685 0.000000
vt 0.945770 0.000000
vt 0.946855 0.000000
vt 0.947939 0.000000
vt 0.949024 0.000000
vt 0.246204 0.000000
vt 0.950108 0.000000
vt 0.008677 0.000000
vt 0.614967 0.000000
vt 0.396963 0.000000
vt 0.395879 0.000000
vt 0.951193 0.000000
vt 0.617137 0.000000
vt 0.613883 0.000000
vt 0.398048 0.000000
vt 0.982646 0.000000
vt 0.952278 0.000000
vt 0.953362 0.000000
vt 0.954447 0.000000
vt 0.955531 0.000000
vt 0.956616 0.000000
vt 0.957701 0.000000
vt 0.080260 0.000000
vt 0.958785 0.000000
vt 0.981562 0.000000
vt 0.618221 0.000000
vt 0.980477 0.000000
vt 0.959870 0.000000
vt 0.386117 0.000000
vt 0.979393 0.000000
vt 0.619306 0.000000
vt 0.960954 0.000000
vt 0.642082 0.000000
vt 0.978308 0.000000
vt 0.962039 0.000000
vt 0.640998 0.000000
vt 0.620390 0.000000
vt 0.977223 0.000000
vt 0.963124 0.000000
vt 0.639913 0.000000
vt 0.621475 0.000000
vt 0.976139 0.000000
vt 0.964208 0.000000
vt 0.975054 0.000000
vt 0.638829 0.000000
vt 0.965293 0.000000
vt 0.622560 0.000000
vt 0.973970 0.000000
vt 0.966377 0.000000
vt 0.637744 0.000000
vt 0.972885 0.000000
vt 0.623644 0.000000
vt 0.967462 0.000000
vt 0.971800 0.000000
vt 0.968547 0.000000
vt 0.970716 0.000000
vt 0.969631 0.000000
vt 0.636659 0.000000
vt 0.009761 0.000000
vt 0.624729 0.000000
vt 0.635575 0.000000
vt 0.079176 0.000000
vt 0.247289 0.000000
vt 0.625813 0.000000
vt 0.634490 0.000000
vt 0.626898 0.000000
vt 0.633406 0.000000
vt 0.627983 0.000000
vt 0.632321 0.000000
vt 0.629067 0.000000
vt 0.631236 0.000000
vt 0.630152 0.000000
vt 0.385033 0.000000
vt 0.411063 0.000000
vt 0.413232 0.000000
vt 0.412147 0.000000
vt 0.414317 0.000000
vt 0.409978 0.000000
vt 0.415401 0.000000
vt 0.408894 0.000000
vt 0.416486 0.000000
vt 0.407809 0.000000
vt 0.078091 0.000000
vt 0.417571 0.000000
vt 0.406725 0.000000
vt 0.418655 0.000000
vt 0.405640 0.000000
vt 0.010846 0.000000
vt 0.419740 0.000000
vt 0.404555 0.000000
vt 0.420824 0.000000
vt 0.248373 0.000000
vt 0.403471 0.000000
vt 0.421909 0.000000
vt 0.402386 0.000000
vt 0.422993 0.000000
vt 0.401302 0.000000
vt 0.424078 0.000000
vt 0.383948 0.000000
vt 0.077007 0.000000
vt 0.400217 0.000000
vt 0.425163 0.000000
vt 0.399132 0.000000
vt 0.598698 0.000000
vt 0.600868 0.000000
vt 0.599783 0.000000
vt 0.426247 0.000000
vt 0.601952 0.000000
vt 0.603037 0.000000
vt 0.427332 0.000000
vt 0.604121 0.000000
vt 0.605206 0.000000
vt 0.011931 0.000000
vt 0.606291 0.000000
vt 0.607375 0.000000
vt 0.428416 0.000000
vt 0.608460 0.000000
vt 0.609544 0.000000
vt 0.610629 0.000000
vt 0.611714 0.000000
vt 0.612798 0.000000
vt 0.597614 0.000000
vt 0.596529 0.000000
vt 0.595445 0.000000
vt 0.594360 0.000000
vt 0.593275 0.000000
vt 0.592191 0.000000
vt 0.591106 0.000000
vt 0.590022 0.000000
vt 0.429501 0.000000
vt 0.588937 0.000000
vt 0.430586 0.000000
vt 0.431670 0.000000
vt 0.249458 0.000000
vt 0.432755 0.000000
vt 0.587852 0.000000
vt 0.433839 0.000000
vt 0.075922 0.000000
vt 0.434924 0.000000
vt 0.382863 0.000000
vt 0.436009 0.000000
vt 0.437093 0.000000
vt 0.586768 0.000000
vt 0.438178 0.000000
vt 0.439262 0.000000
vt 0.440347 0.000000
vt 0.441432 0.000000
vt 0.442516 0.000000
vt 0.585683 0.000000
vt 0.443601 0.000000
vt 0.444685 0.000000
vt 0.445770 0.000000
vt 0.013015 0.000000
vt 0.446855 0.000000
vt 0.447939 0.000000
vt 0.449024 0.000000
vt 0.450108 0.000000
vt 0.451193 0.000000
vt 0.584599 0.000000
vt 0.583514 0.000000
vt 0.452278 0.000000
vt 0.453362 0.000000
vt 0.074837 0.000000
vt 0.250542 0.000000
vt 0.381779 0.000000
vt 0.014100 0.000000
vt 0.073753 0.000000
vt 0.380694 0.000000
vt 0.251627 0.000000
vt 0.379610 0.000000
vt 0.015184 0.000000
vt 0.378525 0.000000
vt 0.072668 0.000000
vt 0.465293 0.000000
vt 0.467462 0.000000
vt 0.466377 0.000000
vt 0.468547 0.000000
vt 0.469631 0.000000
vt 0.470716 0.000000
vt 0.471800 0.000000
vt 0.472885 0.000000
vt 0.473970 0.000000
vt 0.475054 0.000000
vt 0.476139 0.000000
vt 0.477223 0.000000
vt 0.478308 0.000000
vt 0.479393 0.000000
vt 0.480477 0.000000
vt 0.481562 0.000000
vt 0.482646 0.000000
vt 0.483731 0.000000
vt 0.484816 0.000000
vt 0.485900 0.000000
vt 0.486985 0.000000
vt 0.488069 0.000000
vt 0.464208 0.000000
vt 0.489154 0.000000
vt 0.252712 0.000000
vt 0.490239 0.000000
vt 0.377440 0.000000
vt 0.491323 0.000000
vt 0.492408 0.000000
vt 0.016269 0.000000
vt 0.463124 0.000000
vt 0.493492 0.000000
vt 0.494577 0.000000
vt 0.495662 0.000000
vt 0.496746 0.000000
vt 0.462039 0.000000
vt 0.497831 0.000000
vt 0.498915 0.000000
vt 0.501085 0.000000
vt 0.502169 0.000000
vt 0.503254 0.000000
vt 0.460954 0.000000
vt 0.504338 0.000000
vt 0.505423 0.000000
vt 0.376356 0.000000
vt 0.506508 0.000000
vt 0.459870 0.000000
vt 0.458785 0.000000
vt 0.071584 0.000000
vt 0.253796 0.000000
vt 0.375271 0.000000
vt 0.507592 0.000000
vt 0.457701 0.000000
vt 0.017354 0.000000
vt 0.456616 0.000000
vt 0.455531 0.000000
vt 0.374187 0.000000
vt 0.508677 0.000000
vt 0.454447 0.000000
vt 0.373102 0.000000
vt 0.254881 0.000000
vt 0.509761 0.000000
vt 0.070499 0.000000
vt 0.372017 0.000000
vt 0.582430 0.000000
vt 0.018438 0.000000
vt 0.581345 0.000000
vt 0.580260 0.000000
vt 0.510846 0.000000
vt 0.370933 0.000000
vt 0.579176 0.000000
vt 0.578091 0.000000
vt 0.577007 0.000000
vt 0.255965 0.000000
vt 0.369848 0.000000
vt 0.575922 0.000000
vt 0.574837 0.000000
vt 0.511931 0.000000
vt 0.573753 0.000000
vt 0.572668 0.000000
vt 0.571584 0.000000
vt 0.368764 0.000000
vt 0.543384 0.000000
vt 0.545553 0.000000
vt 0.544469 0.000000
vt 0.546638 0.000000
vt 0.547722 0.000000
vt 0.570499 0.000000
vt 0.548807 0.000000
vt 0.549892 0.000000
vt 0.550976 0.000000
vt 0.552061 0.000000
vt 0.569414 0.000000
vt 0.568330 0.000000
vt 0.567245 0.000000
vt 0.553145 0.000000
vt 0.566161 0.000000
vt 0.554230 0.000000
vt 0.565076 0.000000
vt 0.563991 0.000000
vt 0.555315 0.000000
vt 0.562907 0.000000
vt 0.561822 0.000000
vt 0.560738 0.000000
vt 0.556399 0.000000
vt 0.559653 0.000000
vt 0.558568 0.000000
vt 0.557484 0.000000
vt 0.019523 0.000000
vt 0.069414 0.000000
vt 0.367679 0.000000
vt 0.513015 0.000000
vt 0.257050 0.000000
vt 0.366594 0.000000
vt 0.514100 0.000000
vt 0.542299 0.000000
vt 0.365510 0.000000
vt 0.020607 0.000000
vt 0.364425 0.000000
vt 0.258134 0.000000
vt 0.515184 0.000000
vt 0.363341 0.000000
vt 0.541215 0.000000
vt 0.068330 0.000000
vt 0.340564 0.000000
vt 0.342733 0.000000
vt 0.341649 0.000000
vt 0.343818 0.000000
vt 0.339479 0.000000
vt 0.338395 0.000000
vt 0.362256 0.000000
vt 0.337310 0.000000
vt 0.516269 0.000000
vt 0.336226 0.000000
vt 0.335141 0.000000
vt 0.334056 0.000000
vt 0.344902 0.000000
vt 0.332972 0.000000
vt 0.331887 0.000000
vt 0.361171 0.000000
vt 0.345987 0.000000
vt 0.330803 0.000000
vt 0.259219 0.000000
vt 0.329718 0.000000
vt 0.347072 0.000000
vt 0.328633 0.000000
vt 0.360087 0.000000
vt 0.348156 0.000000
vt 0.327549 0.000000
vt 0.326464 0.000000
vt 0.349241 0.000000
vt 0.517354 0.000000
vt 0.540130 0.000000
vt 0.359002 0.000000
vt 0.325380 0.000000
vt 0.350325 0.000000
vt 0.324295 0.000000
vt 0.021692 0.000000
vt 0.357918 0.000000
vt 0.351410 0.000000
vt 0.323210 0.000000
vt 0.352495 0.000000
vt 0.322126 0.000000
vt 0.356833 0.000000
vt 0.321041 0.000000
vt 0.353579 0.000000
vt 0.354664 0.000000
vt 0.319957 0.000000
vt 0.355748 0.000000
vt 0.318872 0.000000
vt 0.317787 0.000000
vt 0.316703 0.000000
vt 0.315618 0.000000
vt 0.260304 0.000000
vt 0.314534 0.000000
vt 0.518438 0.000000
vt 0.313449 0.000000
vt 0.539046 0.000000
vt 0.067245 0.000000
vt 0.312364 0.000000
vt 0.311280 0.000000
vt 0.519523 0.000000
vt 0.310195 0.000000
vt 0.261388 0.000000
vt 0.309111 0.000000
vt 0.537961 0.000000
vt 0.022777 0.000000
vt 0.308026 0.000000
vt 0.520607 0.000000
vt 0.306941 0.000000
vt 0.305857 0.000000
vt 0.521692 0.000000
vt 0.304772 0.000000
vt 0.536876 0.000000
vt 0.262473 0.000000
vt 0.303688 0.000000
vt 0.302603 0.000000
vt 0.522777 0.000000
vt 0.301518 0.000000
vt 0.066161 0.000000
vt 0.300434 0.000000
vt 0.535792 0.000000
vt 0.523861 0.000000
vt 0.263557 0.000000
vt 0.299349 0.000000
vt 0.023861 0.000000
vt 0.524946 0.000000
vt 0.298265 0.000000
vt 0.534707 0.000000
vt 0.297180 0.000000
vt 0.526030 0.000000
vt 0.264642 0.000000
vt 0.296095 0.000000
vt 0.527115 0.000000
vt 0.533623 0.000000
vt 0.528200 0.000000
vt 0.295011 0.000000
vt 0.532538 0.000000
vt 0.529284 0.000000
vt 0.293926 0.000000
vt 0.530369 0.000000
vt 0.531453 0.000000
vt 0.265727 0.000000
vt 0.292842 0.000000
vt 0.266811 0.000000
vt 0.291757 0.000000
vt 0.065076 0.000000
vt 0.024946 0.000000
vt 0.267896 0.000000
vt 0.290672 0.000000
vt 0.268980 0.000000
vt 0.289588 0.000000
vt 0.270065 0.000000
vt 0.288503 0.000000
vt 0.287419 0.000000
vt 0.271150 0.000000
vt 0.286334 0.000000
vt 0.272234 0.000000
vt 0.285249 0.000000
vt 0.284165 0.000000
vt 0.273319 0.000000
vt 0.283080 0.000000
vt 0.274403 0.000000
vt 0.281996 0.000000
vt 0.275488 0.000000
vt 0.280911 0.000000
vt 0.026030 0.000000
vt 0.279826 0.000000
vt 0.276573 0.000000
vt 0.278742 0.000000
vt 0.277657 0.000000
vt 0.063991 0.000000
vt 0.062907 0.000000
vt 0.061822 0.000000
vt 0.060738 0.000000
vt 0.059653 0.000000
vt 0.058568 0.000000
vt 0.057484 0.000000
vt 0.056399 0.000000
vt 0.055315 0.000000
vt 0.054230 0.000000
vt 0.053145 0.000000
vt 0.052061 0.000000
vt 0.050976 0.000000
vt 0.049892 0.000000
vt 0.048807 0.000000
vt 0.047722 0.000000
vt 0.046638 0.000000
vt 0.045553 0.000000
vt 0.044469 0.000000
vt 0.043384 0.000000
vt 0.042299 0.000000
vt 0.027115 0.000000
vt 0.041215 0.000000
vt 0.028200 0.000000
vt 0.029284 0.000000
vt 0.030369 0.000000
vt 0.040130 0.000000
vt 0.031453 0.000000
vt 0.032538 0.000000
vt 0.033623 0.000000
vt 0.034707 0.000000
vt 0.039046 0.000000
vt 0.035792 0.000000
vt 0.036876 0.000000
vt 0.037961 0.000000
vt 0.294809 0.000000
vt 0.296768 0.000000
vt 0.295788 0.000000
vt 0.297747 0.000000
vt 0.293830 0.000000
vt 0.298727 0.000000
vt 0.428012 0.000000
vt 0.429971 0.000000
vt 0.428991 0.000000
vt 0.299706 0.000000
vt 0.292850 0.000000
vt 0.427032 0.000000
vt 0.430950 0.000000
vt 0.300686 0.000000
vt 0.301665 0.000000
vt 0.426053 0.000000
vt 0.431929 0.000000
vt 0.291871 0.000000
vt 0.302644 0.000000
vt 0.303624 0.000000
vt 0.432909 0.000000
vt 0.425073 0.000000
vt 0.304603 0.000000
vt 0.290891 0.000000
vt 0.305583 0.000000
vt 0.433888 0.000000
vt 0.424094 0.000000
vt 0.306562 0.000000
vt 0.307542 0.000000
vt 0.289912 0.000000
vt 0.308521 0.000000
vt 0.434868 0.000000
vt 0.309500 0.000000
vt 0.423115 0.000000
vt 0.310480 0.000000
vt 0.311459 0.000000
vt 0.312439 0.000000
vt 0.435847 0.000000
vt 0.313418 0.000000
vt 0.314398 0.000000
vt 0.288932 0.000000
vt 0.422135 0.000000
vt 0.315377 0.000000
vt 0.436827 0.000000
vt 0.316357 0.000000
vt 0.317336 0.000000
vt 0.318315 0.000000
vt 0.437806 0.000000
vt 0.421156 0.000000
vt 0.319295 0.000000
vt 0.287953 0.000000
vt 0.320274 0.000000
vt 0.438785 0.000000
vt 0.420176 0.000000
vt 0.321254 0.000000
vt 0.439765 0.000000
vt 0.322233 0.000000
vt 0.440744 0.000000
vt 0.286974 0.000000
vt 0.323213 0.000000
vt 0.419197 0.000000
vt 0.441724 0.000000
vt 0.324192 0.000000
vt 0.442703 0.000000
vt 0.325171 0.000000
vt 0.443683 0.000000
vt 0.418217 0.000000
vt 0.444662 0.000000
vt 0.326151 0.000000
vt 0.285994 0.000000
vt 0.445642 0.000000
vt 0.327130 0.000000
vt 0.446621 0.000000
vt 0.417238 0.000000
vt 0.328110 0.000000
vt 0.447600 0.000000
vt 0.329089 0.000000
vt 0.448580 0.000000
vt 0.330069 0.000000
vt 0.449559 0.000000
vt 0.416259 0.000000
vt 0.331048 0.000000
vt 0.285015 0.000000
vt 0.450539 0.000000
vt 0.332027 0.000000
vt 0.451518 0.000000
vt 0.452498 0.000000
vt 0.453477 0.000000
vt 0.454456 0.000000
vt 0.333007 0.000000
vt 0.284035 0.000000
vt 0.455436 0.000000
vt 0.415279 0.000000
vt 0.476004 0.000000
vt 0.456415 0.000000
vt 0.457395 0.000000
vt 0.476983 0.000000
vt 0.475024 0.000000
vt 0.458374 0.000000
vt 0.474045 0.000000
vt 0.333986 0.000000
vt 0.473066 0.000000
vt 0.459354 0.000000
vt 0.472086 0.000000
vt 0.283056 0.000000
vt 0.471107 0.000000
vt 0.460333 0.000000
vt 0.470127 0.000000
vt 0.461312 0.000000
vt 0.469148 0.000000
vt 0.468168 0.000000
vt 0.462292 0.000000
vt 0.467189 0.000000
vt 0.463271 0.000000
vt 0.466210 0.000000
vt 0.477963 0.000000
vt 0.465230 0.000000
vt 0.464251 0.000000
vt 0.414300 0.000000
vt 0.334966 0.000000
vt 0.478942 0.000000
vt 0.335945 0.000000
vt 0.479922 0.000000
vt 0.413320 0.000000
vt 0.480901 0.000000
vt 0.336925 0.000000
vt 0.481881 0.000000
vt 0.337904 0.000000
vt 0.412341 0.000000
vt 0.482860 0.000000
vt 0.011753 0.000000
vt 0.013712 0.000000
vt 0.012733 0.000000
vt 0.282076 0.000000
vt 0.010774 0.000000
vt 0.014691 0.000000
vt 0.009794 0.000000
vt 0.015671 0.000000
vt 0.008815 0.000000
vt 0.016650 0.000000
vt 0.007835 0.000000
vt 0.338883 0.000000
vt 0.017630 0.000000
vt 0.483839 0.000000
vt 0.006856 0.000000
vt 0.018609 0.000000
vt 0.411361 0.000000
vt 0.005877 0.000000
vt 0.484819 0.000000
vt 0.019589 0.000000
vt 0.339863 0.000000
vt 0.004897 0.000000
vt 0.020568 0.000000
vt 0.485798 0.000000
vt 0.003918 0.000000
vt 0.410382 0.000000
vt 0.340842 0.000000
vt 0.021548 0.000000
vt 0.486778 0.000000
vt 0.002938 0.000000
vt 0.022527 0.000000
vt 0.341822 0.000000
vt 0.487757 0.000000
vt 0.001959 0.000000
vt 0.409403 0.000000
vt 0.281097 0.000000
vt 0.023506 0.000000
vt 0.370225 0.000000
vt 0.488737 0.000000
vt 0.000979 0.000000
vt 0.024486 0.000000
vt 0.408423 0.000000
vt 0.025465 0.000000
vt 0.407444 0.000000
vt 0.026445 0.000000
vt 0.027424 0.000000
vt 0.371205 0.000000
vt 0.369246 0.000000
vt 0.028404 0.000000
vt 0.406464 0.000000
vt 0.029383 0.000000
vt 0.372184 0.000000
vt 0.280118 0.000000
vt 0.131244 0.000000
vt 0.030362 0.000000
vt 0.373164 0.000000
vt 0.031342 0.000000
vt 0.032321 0.000000
vt 0.374143 0.000000
vt 0.405485 0.000000
vt 0.033301 0.000000
vt 0.375122 0.000000
vt 0.034280 0.000000
vt 0.035260 0.000000
vt 0.376102 0.000000
vt 0.036239 0.000000
vt 0.404505 0.000000
vt 0.403526 0.000000
vt 0.402547 0.000000
vt 0.401567 0.000000
vt 0.400588 0.000000
vt 0.130264 0.000000
vt 0.037218 0.000000
vt 0.399608 0.000000
vt 0.377081 0.000000
vt 0.398629 0.000000
vt 0.132223 0.000000
vt 0.129285 0.000000
vt 0.397649 0.000000
vt 0.038198 0.000000
vt 0.396670 0.000000
vt 0.395691 0.000000
vt 0.039177 0.000000
vt 0.394711 0.000000
vt 0.378061 0.000000
vt 0.393732 0.000000
vt 0.040157 0.000000
vt 0.392752 0.000000
vt 0.379040 0.000000
vt 0.041136 0.000000
vt 0.391773 0.000000
vt 0.042116 0.000000
vt 0.279138 0.000000
vt 0.380020 0.000000
vt 0.390793 0.000000
vt 0.133203 0.000000
vt 0.043095 0.000000
vt 0.389814 0.000000
vt 0.380999 0.000000
vt 0.388834 0.000000
vt 0.044074 0.000000
vt 0.387855 0.000000
vt 0.381978 0.000000
vt 0.386876 0.000000
vt 0.045054 0.000000
vt 0.385896 0.000000
vt 0.384917 0.000000
vt 0.383937 0.000000
vt 0.046033 0.000000
vt 0.382958 0.000000
vt 0.134182 0.000000
vt 0.047013 0.000000
vt 0.047992 0.000000
vt 0.048972 0.000000
vt 0.135162 0.000000
vt 0.128306 0.000000
vt 0.278159 0.000000
vt 0.136141 0.000000
vt 0.137120 0.000000
vt 0.138100 0.000000
vt 0.127326 0.000000
vt 0.049951 0.000000
vt 0.277179 0.000000
vt 0.139079 0.000000
vt 0.140059 0.000000
vt 0.276200 0.000000
vt 0.141038 0.000000
vt 0.126347 0.000000
vt 0.050930 0.000000
vt 0.142018 0.000000
vt 0.142997 0.000000
vt 0.275220 0.000000
vt 0.143976 0.000000
vt 0.125367 0.000000
vt 0.144956 0.000000
vt 0.225269 0.000000
vt 0.145935 0.000000
vt 0.146915 0.000000
vt 0.051910 0.000000
vt 0.226249 0.000000
vt 0.224290 0.000000
vt 0.223310 0.000000
vt 0.147894 0.000000
vt 0.227228 0.000000
vt 0.222331 0.000000
vt 0.274241 0.000000
vt 0.148874 0.000000
vt 0.221352 0.000000
vt 0.149853 0.000000
vt 0.228208 0.000000
vt 0.220372 0.000000
vt 0.124388 0.000000
vt 0.150833 0.000000
vt 0.219393 0.000000
vt 0.229187 0.000000
vt 0.218413 0.000000
vt 0.151812 0.000000
vt 0.230167 0.000000
vt 0.217434 0.000000
vt 0.152791 0.000000
vt 0.273262 0.000000
vt 0.052889 0.000000
vt 0.216454 0.000000
vt 0.231146 0.000000
vt 0.153771 0.000000
vt 0.215475 0.000000
vt 0.154750 0.000000
vt 0.232125 0.000000
vt 0.123408 0.000000
vt 0.214496 0.000000
vt 0.155730 0.000000
vt 0.500490 0.000000
vt 0.502449 0.000000
vt 0.501469 0.000000
vt 0.213516 0.000000
vt 0.233105 0.000000
vt 0.503428 0.000000
vt 0.499510 0.000000
vt 0.504407 0.000000
vt 0.498531 0.000000
vt 0.505387 0.000000
vt 0.272282 0.000000
vt 0.497551 0.000000
vt 0.156709 0.000000
vt 0.506366 0.000000
vt 0.212537 0.000000
vt 0.496572 0.000000
vt 0.234084 0.000000
vt 0.507346 0.000000
vt 0.157689 0.000000
vt 0.495593 0.000000
vt 0.211557 0.000000
vt 0.508325 0.000000
vt 0.053869 0.000000
vt 0.494613 0.000000
vt 0.158668 0.000000
vt 0.235064 0.000000
vt 0.509305 0.000000
vt 0.122429 0.000000
vt 0.210578 0.000000
vt 0.493634 0.000000
vt 0.159647 0.000000
vt 0.510284 0.000000
vt 0.271303 0.000000
vt 0.236043 0.000000
vt 0.270323 0.000000
vt 0.209598 0.000000
vt 0.269344 0.000000
vt 0.268364 0.000000
vt 0.267385 0.000000
vt 0.160627 0.000000
vt 0.266405 0.000000
vt 0.492654 0.000000
vt 0.265426 0.000000
vt 0.264447 0.000000
vt 0.263467 0.000000
vt 0.262488 0.000000
vt 0.511263 0.000000
vt 0.261508 0.000000
vt 0.260529 0.000000
vt 0.259549 0.000000
vt 0.208619 0.000000
vt 0.161606 0.000000
vt 0.258570 0.000000
vt 0.237023 0.000000
vt 0.491675 0.000000
vt 0.257591 0.000000
vt 0.512243 0.000000
vt 0.256611 0.000000
vt 0.162586 0.000000
vt 0.207640 0.000000
vt 0.255632 0.000000
vt 0.254652 0.000000
vt 0.253673 0.000000
vt 0.252693 0.000000
vt 0.251714 0.000000
vt 0.490695 0.000000
vt 0.250735 0.000000
vt 0.238002 0.000000
vt 0.238981 0.000000
vt 0.239961 0.000000
vt 0.163565 0.000000
vt 0.240940 0.000000
vt 0.513222 0.000000
vt 0.249755 0.000000
vt 0.241920 0.000000
vt 0.242899 0.000000
vt 0.243879 0.000000
vt 0.244858 0.000000
vt 0.248776 0.000000
vt 0.245837 0.000000
vt 0.246817 0.000000
vt 0.247796 0.000000
vt 0.206660 0.000000
vt 0.121450 0.000000
vt 0.054848 0.000000
vt 0.164545 0.000000
vt 0.205681 0.000000
vt 0.489716 0.000000
vt 0.355534 0.000000
vt 0.357493 0.000000
vt 0.356513 0.000000
vt 0.514202 0.000000
vt 0.358472 0.000000
vt 0.359452 0.000000
vt 0.165524 0.000000
vt 0.515181 0.000000
vt 0.204701 0.000000
vt 0.360431 0.000000
vt 0.361410 0.000000
vt 0.362390 0.000000
vt 0.363369 0.000000
vt 0.516161 0.000000
vt 0.364349 0.000000
vt 0.365328 0.000000
vt 0.166503 0.000000
vt 0.366308 0.000000
vt 0.367287 0.000000
vt 0.368266 0.000000
vt 0.354554 0.000000
vt 0.353575 0.000000
vt 0.352596 0.000000
vt 0.351616 0.000000
vt 0.350637 0.000000
vt 0.349657 0.000000
vt 0.203722 0.000000
vt 0.517140 0.000000
vt 0.348678 0.000000
vt 0.518120 0.000000
vt 0.167483 0.000000
vt 0.202742 0.000000
vt 0.120470 0.000000
vt 0.519099 0.000000
vt 0.168462 0.000000
vt 0.347698 0.000000
vt 0.520078 0.000000
vt 0.169442 0.000000
vt 0.201763 0.000000
vt 0.521058 0.000000
vt 0.170421 0.000000
vt 0.055828 0.000000
vt 0.346719 0.000000
vt 0.522037 0.000000
vt 0.171401 0.000000
vt 0.200784 0.000000
vt 0.523017 0.000000
vt 0.172380 0.000000
vt 0.523996 0.000000
vt 0.173359 0.000000
vt 0.199804 0.000000
vt 0.345739 0.000000
vt 0.524976 0.000000
vt 0.174339 0.000000
vt 0.525955 0.000000
vt 0.198825 0.000000
vt 0.175318 0.000000
vt 0.526934 0.000000
vt 0.176298 0.000000
vt 0.119491 0.000000
vt 0.344760 0.000000
vt 0.527914 0.000000
vt 0.197845 0.000000
vt 0.177277 0.000000
vt 0.528893 0.000000
vt 0.529873 0.000000
vt 0.178257 0.000000
vt 0.196866 0.000000
vt 0.530852 0.000000
vt 0.179236 0.000000
vt 0.343781 0.000000
vt 0.531832 0.000000
vt 0.195886 0.000000
vt 0.532811 0.000000
vt 0.180215 0.000000
vt 0.533790 0.000000
vt 0.534770 0.000000
vt 0.535749 0.000000
vt 0.181195 0.000000
vt 0.536729 0.000000
vt 0.342801 0.000000
vt 0.704212 0.000000
vt 0.537708 0.000000
vt 0.538688 0.000000
vt 0.194907 0.000000
vt 0.182174 0.000000
vt 0.056807 0.000000
vt 0.193928 0.000000
vt 0.183154 0.000000
vt 0.184133 0.000000
vt 0.192948 0.000000
vt 0.185113 0.000000
vt 0.186092 0.000000
vt 0.191969 0.000000
vt 0.187072 0.000000
vt 0.190989 0.000000
vt 0.188051 0.000000
vt 0.189030 0.000000
vt 0.190010 0.000000
vt 0.118511 0.000000
vt 0.057786 0.000000
vt 0.117532 0.000000
vt 0.116552 0.000000
vt 0.058766 0.000000
vt 0.703232 0.000000
vt 0.774731 0.000000
vt 0.776690 0.000000
vt 0.775710 0.000000
vt 0.777669 0.000000
vt 0.773751 0.000000
vt 0.778648 0.000000
vt 0.115573 0.000000
vt 0.059745 0.000000
vt 0.779628 0.000000
vt 0.772772 0.000000
vt 0.780607 0.000000
vt 0.781587 0.000000
vt 0.782566 0.000000
vt 0.114594 0.000000
vt 0.771792 0.000000
vt 0.783546 0.000000
vt 0.060725 0.000000
vt 0.784525 0.000000
vt 0.785504 0.000000
vt 0.702253 0.000000
vt 0.770813 0.000000
vt 0.786484 0.000000
vt 0.539667 0.000000
vt 0.787463 0.000000
vt 0.113614 0.000000
vt 0.788443 0.000000
vt 0.540646 0.000000
vt 0.789422 0.000000
vt 0.061704 0.000000
vt 0.769834 0.000000
vt 0.790402 0.000000
vt 0.597453 0.000000
vt 0.541626 0.000000
vt 0.791381 0.000000
vt 0.792360 0.000000
vt 0.542605 0.000000
vt 0.793340 0.000000
vt 0.768854 0.000000
vt 0.794319 0.000000
vt 0.112635 0.000000
vt 0.543585 0.000000
vt 0.795299 0.000000
vt 0.646425 0.000000
vt 0.598433 0.000000
vt 0.596474 0.000000
vt 0.062684 0.000000
vt 0.796278 0.000000
vt 0.797258 0.000000
vt 0.798237 0.000000
vt 0.544564 0.000000
vt 0.799216 0.000000
vt 0.767875 0.000000
vt 0.595495 0.000000
vt 0.800196 0.000000
vt 0.801175 0.000000
vt 0.802155 0.000000
vt 0.545544 0.000000
vt 0.803134 0.000000
vt 0.804114 0.000000
vt 0.111655 0.000000
vt 0.594515 0.000000
vt 0.063663 0.000000
vt 0.805093 0.000000
vt 0.546523 0.000000
vt 0.766895 0.000000
vt 0.701273 0.000000
vt 0.806072 0.000000
vt 0.807052 0.000000
vt 0.547502 0.000000
vt 0.593536 0.000000
vt 0.808031 0.000000
vt 0.765916 0.000000
vt 0.064643 0.000000
vt 0.809011 0.000000
vt 0.548482 0.000000
vt 0.110676 0.000000
vt 0.592556 0.000000
vt 0.809990 0.000000
vt 0.647404 0.000000
vt 0.645446 0.000000
vt 0.549461 0.000000
vt 0.764936 0.000000
vt 0.810970 0.000000
vt 0.834476 0.000000
vt 0.836435 0.000000
vt 0.835455 0.000000
vt 0.833497 0.000000
vt 0.837414 0.000000
vt 0.832517 0.000000
vt 0.838394 0.000000
vt 0.831538 0.000000
vt 0.839373 0.000000
vt 0.065622 0.000000
vt 0.591577 0.000000
vt 0.830558 0.000000
vt 0.550441 0.000000
vt 0.811949 0.000000
vt 0.840353 0.000000
vt 0.829579 0.000000
vt 0.109696 0.000000
vt 0.841332 0.000000
vt 0.812928 0.000000
vt 0.828599 0.000000
vt 0.763957 0.000000
vt 0.842311 0.000000
vt 0.813908 0.000000
vt 0.551420 0.000000
vt 0.827620 0.000000
vt 0.814887 0.000000
vt 0.590597 0.000000
vt 0.843291 0.000000
vt 0.826641 0.000000
vt 0.066601 0.000000
vt 0.815867 0.000000
vt 0.552400 0.000000
vt 0.844270 0.000000
vt 0.816846 0.000000
vt 0.700294 0.000000
vt 0.825661 0.000000
vt 0.762977 0.000000
vt 0.817826 0.000000
vt 0.108717 0.000000
vt 0.845250 0.000000
vt 0.553379 0.000000
vt 0.818805 0.000000
vt 0.824682 0.000000
vt 0.589618 0.000000
vt 0.819785 0.000000
vt 0.648384 0.000000
vt 0.067581 0.000000
vt 0.846229 0.000000
vt 0.820764 0.000000
vt 0.823702 0.000000
vt 0.554358 0.000000
vt 0.821743 0.000000
vt 0.822723 0.000000
vt 0.847209 0.000000
vt 0.555338 0.000000
vt 0.588639 0.000000
vt 0.107738 0.000000
vt 0.068560 0.000000
vt 0.848188 0.000000
vt 0.556317 0.000000
vt 0.849167 0.000000
vt 0.850147 0.000000
vt 0.557297 0.000000
vt 0.851126 0.000000
vt 0.587659 0.000000
vt 0.852106 0.000000
vt 0.761998 0.000000
vt 0.930460 0.000000
vt 0.069540 0.000000
vt 0.106758 0.000000
vt 0.853085 0.000000
vt 0.558276 0.000000
vt 0.854065 0.000000
vt 0.644466 0.000000
vt 0.855044 0.000000
vt 0.856023 0.000000
vt 0.649363 0.000000
vt 0.559256 0.000000
vt 0.699314 0.000000
vt 0.857003 0.000000
vt 0.857982 0.000000
vt 0.586680 0.000000
vt 0.070519 0.000000
vt 0.858962 0.000000
vt 0.560235 0.000000
vt 0.859941 0.000000
vt 0.929481 0.000000
vt 0.860921 0.000000
vt 0.105779 0.000000
vt 0.931440 0.000000
vt 0.928501 0.000000
vt 0.104799 0.000000
vt 0.103820 0.000000
vt 0.102840 0.000000
vt 0.101861 0.000000
vt 0.100881 0.000000
vt 0.861900 0.000000
vt 0.099902 0.000000
vt 0.098923 0.000000
vt 0.561215 0.000000
vt 0.097943 0.000000
vt 0.096964 0.000000
vt 0.862880 0.000000
vt 0.095984 0.000000
vt 0.095005 0.000000
vt 0.094025 0.000000
vt 0.071499 0.000000
vt 0.870715 0.000000
vt 0.863859 0.000000
vt 0.093046 0.000000
vt 0.932419 0.000000
vt 0.562194 0.000000
vt 0.585700 0.000000
vt 0.864838 0.000000
vt 0.092067 0.000000
vt 0.091087 0.000000
vt 0.865818 0.000000
vt 0.090108 0.000000
vt 0.089128 0.000000
vt 0.866797 0.000000
vt 0.761019 0.000000
vt 0.088149 0.000000
vt 0.563173 0.000000
vt 0.087169 0.000000
vt 0.933399 0.000000
vt 0.086190 0.000000
vt 0.867777 0.000000
vt 0.085211 0.000000
vt 0.084231 0.000000
vt 0.083252 0.000000
vt 0.082272 0.000000
vt 0.081293 0.000000
vt 0.080313 0.000000
vt 0.079334 0.000000
vt 0.078355 0.000000
vt 0.077375 0.000000
vt 0.076396 0.000000
vt 0.075416 0.000000
vt 0.074437 0.000000
vt 0.073457 0.000000
vt 0.072478 0.000000
vt 0.868756 0.000000
vt 0.869736 0.000000
vt 0.564153 0.000000
vt 0.650343 0.000000
vt 0.934378 0.000000
vt 0.584721 0.000000
vt 0.871694 0.000000
vt 0.565132 0.000000
vt 0.583741 0.000000
vt 0.935358 0.000000
vt 0.566112 0.000000
vt 0.582762 0.000000
vt 0.698335 0.000000
vt 0.567091 0.000000
vt 0.581783 0.000000
vt 0.936337 0.000000
vt 0.568071 0.000000
vt 0.580803 0.000000
vt 0.760039 0.000000
vt 0.579824 0.000000
vt 0.569050 0.000000
vt 0.578844 0.000000
vt 0.570029 0.000000
vt 0.643487 0.000000
vt 0.577865 0.000000
vt 0.937316 0.000000
vt 0.571009 0.000000
vt 0.576885 0.000000
vt 0.571988 0.000000
vt 0.575906 0.000000
vt 0.572968 0.000000
vt 0.574927 0.000000
vt 0.573947 0.000000
vt 0.651322 0.000000
vt 0.938296 0.000000
vt 0.872674 0.000000
vt 0.927522 0.000000
vt 0.939275 0.000000
vt 0.759060 0.000000
vt 0.697356 0.000000
vt 0.940255 0.000000
vt 0.652302 0.000000
vt 0.941234 0.000000
vt 0.942214 0.000000
vt 0.873653 0.000000
vt 0.758080 0.000000
vt 0.642507 0.000000
vt 0.943193 0.000000
vt 0.944172 0.000000
vt 0.705191 0.000000
vt 0.945152 0.000000
vt 0.653281 0.000000
vt 0.696376 0.000000
vt 0.946131 0.000000
vt 0.706170 0.000000
vt 0.947111 0.000000
vt 0.757101 0.000000
vt 0.999021 0.000000
vt 0.948090 0.000000
vt 0.926543 0.000000
vt 0.949070 0.000000
vt 0.874633 0.000000
vt 0.998041 0.000000
vt 0.707150 0.000000
vt 0.950049 0.000000
vt 0.997062 0.000000
vt 0.951028 0.000000
vt 0.654261 0.000000
vt 0.952008 0.000000
vt 0.599412 0.000000
vt 0.996082 0.000000
vt 0.756121 0.000000
vt 0.708129 0.000000
vt 0.952987 0.000000
vt 0.695397 0.000000
vt 0.641528 0.000000
vt 0.953967 0.000000
vt 0.995103 0.000000
vt 0.954946 0.000000
vt 0.875612 0.000000
vt 0.709109 0.000000
vt 0.955926 0.000000
vt 0.994123 0.000000
vt 0.655240 0.000000
vt 0.956905 0.000000
vt 0.755142 0.000000
vt 0.957884 0.000000
vt 0.993144 0.000000
vt 0.710088 0.000000
vt 0.958864 0.000000
vt 0.925563 0.000000
vt 0.959843 0.000000
vt 0.992165 0.000000
vt 0.694417 0.000000
vt 0.960823 0.000000
vt 0.711068 0.000000
vt 0.876592 0.000000
vt 0.754163 0.000000
vt 0.656219 0.000000
vt 0.961802 0.000000
vt 0.991185 0.000000
vt 0.962782 0.000000
vt 0.640548 0.000000
vt 0.712047 0.000000
vt 0.963761 0.000000
vt 0.990206 0.000000
vt 0.964740 0.000000
vt 0.965720 0.000000
vt 0.753183 0.000000
vt 0.713026 0.000000
vt 0.966699 0.000000
vt 0.657199 0.000000
vt 0.877571 0.000000
vt 0.989226 0.000000
vt 0.693438 0.000000
vt 0.967679 0.000000
vt 0.714006 0.000000
vt 0.968658 0.000000
vt 0.924584 0.000000
vt 0.988247 0.000000
vt 0.969638 0.000000
vt 0.752204 0.000000
vt 0.987267 0.000000
vt 0.714985 0.000000
vt 0.970617 0.000000
vt 0.986288 0.000000
vt 0.985309 0.000000
vt 0.971596 0.000000
vt 0.658178 0.000000
vt 0.639569 0.000000
vt 0.984329 0.000000
vt 0.972576 0.000000
vt 0.878550 0.000000
vt 0.983350 0.000000
vt 0.715965 0.000000
vt 0.973555 0.000000
vt 0.982370 0.000000
vt 0.974535 0.000000
vt 0.981391 0.000000
vt 0.980411 0.000000
vt 0.975514 0.000000
vt 0.979432 0.000000
vt 0.751224 0.000000
vt 0.976494 0.000000
vt 0.750245 0.000000
vt 0.749265 0.000000
vt 0.978453 0.000000
vt 0.748286 0.000000
vt 0.977473 0.000000
vt 0.747307 0.000000
vt 0.746327 0.000000
vt 0.745348 0.000000
vt 0.744368 0.000000
vt 0.692458 0.000000
vt 0.743389 0.000000
vt 0.691479 0.000000
vt 0.742409 0.000000
vt 0.690499 0.000000
vt 0.741430 0.000000
vt 0.689520 0.000000
vt 0.688541 0.000000
vt 0.740451 0.000000
vt 0.687561 0.000000
vt 0.716944 0.000000
vt 0.686582 0.000000
vt 0.739471 0.000000
vt 0.685602 0.000000
vt 0.684623 0.000000
vt 0.683643 0.000000
vt 0.682664 0.000000
vt 0.681685 0.000000
vt 0.680705 0.000000
vt 0.738492 0.000000
vt 0.679726 0.000000
vt 0.737512 0.000000
vt 0.678746 0.000000
vt 0.736533 0.000000
vt 0.677767 0.000000
vt 0.735553 0.000000
vt 0.676787 0.000000
vt 0.734574 0.000000
vt 0.675808 0.000000
vt 0.733595 0.000000
vt 0.674829 0.000000
vt 0.732615 0.000000
vt 0.673849 0.000000
vt 0.659158 0.000000
vt 0.731636 0.000000
vt 0.660137 0.000000
vt 0.672870 0.000000
vt 0.661117 0.000000
vt 0.662096 0.000000
vt 0.730656 0.000000
vt 0.717924 0.000000
vt 0.663075 0.000000
vt 0.671890 0.000000
vt 0.718903 0.000000
vt 0.719882 0.000000
vt 0.664055 0.000000
vt 0.720862 0.000000
vt 0.665034 0.000000
vt 0.729677 0.000000
vt 0.721841 0.000000
vt 0.670911 0.000000
vt 0.666014 0.000000
vt 0.722821 0.000000
vt 0.723800 0.000000
vt 0.666993 0.000000
vt 0.724780 0.000000
vt 0.667973 0.000000
vt 0.728697 0.000000
vt 0.725759 0.000000
vt 0.669931 0.000000
vt 0.726739 0.000000
vt 0.668952 0.000000
vt 0.727718 0.000000
vt 0.879530 0.000000
vt 0.923604 0.000000
vt 0.638590 0.000000
vt 0.880509 0.000000
vt 0.881489 0.000000
vt 0.922625 0.000000
vt 0.637610 0.000000
vt 0.882468 0.000000
vt 0.921645 0.000000
vt 0.883448 0.000000
vt 0.636631 0.000000
vt 0.884427 0.000000
vt 0.920666 0.000000
vt 0.885406 0.000000
vt 0.635651 0.000000
vt 0.886386 0.000000
vt 0.887365 0.000000
vt 0.919687 0.000000
vt 0.634672 0.000000
vt 0.888345 0.000000
vt 0.889324 0.000000
vt 0.918707 0.000000
vt 0.633692 0.000000
vt 0.632713 0.000000
vt 0.890304 0.000000
vt 0.631734 0.000000
vt 0.630754 0.000000
vt 0.891283 0.000000
vt 0.917728 0.000000
vt 0.629775 0.000000
vt 0.628795 0.000000
vt 0.892262 0.000000
vt 0.627816 0.000000
vt 0.626836 0.000000
vt 0.625857 0.000000
vt 0.600392 0.000000
vt 0.893242 0.000000
vt 0.916748 0.000000
vt 0.915769 0.000000
vt 0.624878 0.000000
vt 0.914789 0.000000
vt 0.913810 0.000000
vt 0.912831 0.000000
vt 0.911851 0.000000
vt 0.623898 0.000000
vt 0.910872 0.000000
vt 0.601371 0.000000
vt 0.909892 0.000000
vt 0.908913 0.000000
vt 0.622919 0.000000
vt 0.907933 0.000000
vt 0.621939 0.000000
vt 0.906954 0.000000
vt 0.905975 0.000000
vt 0.904995 0.000000
vt 0.602351 0.000000
vt 0.894221 0.000000
vt 0.904016 0.000000
vt 0.620960 0.000000
vt 0.903036 0.000000
vt 0.902057 0.000000
vt 0.603330 0.000000
vt 0.619980 0.000000
vt 0.901077 0.000000
vt 0.900098 0.000000
vt 0.899118 0.000000
vt 0.619001 0.000000
vt 0.604309 0.000000
vt 0.898139 0.000000
vt 0.897160 0.000000
vt 0.896180 0.000000
vt 0.895201 0.000000
vt 0.618022 0.000000
vt 0.605289 0.000000
vt 0.617042 0.000000
vt 0.606268 0.000000
vt 0.616063 0.000000
vt 0.607248 0.000000
vt 0.615083 0.000000
vt 0.608227 0.000000
vt 0.614104 0.000000
vt 0.609207 0.000000
vt 0.613124 0.000000
vt 0.610186 0.000000
vt 0.612145 0.000000
vt 0.611166 0.000000
vt 0.911980 0.000000
vt 0.916870 0.000000
vt 0.914425 0.000000
vt 0.919315 0.000000
vt 0.921760 0.000000
vt 0.909535 0.000000
vt 0.924205 0.000000
vt 0.926650 0.000000
vt 0.907090 0.000000
vt 0.929095 0.000000
vt 0.931540 0.000000
vt 0.904646 0.000000
vt 0.933985 0.000000
vt 0.936430 0.000000
vt 0.902200 0.000000
vt 0.938875 0.000000
vt 0.941320 0.000000
vt 0.899755 0.000000
vt 0.943765 0.000000
vt 0.946210 0.000000
vt 0.948655 0.000000
vt 0.897310 0.000000
vt 0.951100 0.000000
vt 0.953545 0.000000
vt 0.955990 0.000000
vt 0.894866 0.000000
vt 0.958435 0.000000
vt 0.002445 0.000000
vt 0.960880 0.000000
vt 0.997555 0.000000
vt 0.995110 0.000000
vt 0.963325 0.000000
vt 0.992665 0.000000
vt 0.990220 0.000000
vt 0.965770 0.000000
vt 0.987775 0.000000
vt 0.985330 0.000000
vt 0.968215 0.000000
vt 0.982885 0.000000
vt 0.980440 0.000000
vt 0.970660 0.000000
vt 0.977995 0.000000
vt 0.975550 0.000000
vt 0.973105 0.000000
vt 0.892421 0.000000
vt 0.889976 0.000000
vt 0.207824 0.000000
vt 0.205379 0.000000
vt 0.202934 0.000000
vt 0.200489 0.000000
vt 0.004890 0.000000
vt 0.210269 0.000000
vt 0.198044 0.000000
vt 0.212714 0.000000
vt 0.195599 0.000000
vt 0.215159 0.000000
vt 0.193154 0.000000
vt 0.887531 0.000000
vt 0.217604 0.000000
vt 0.190709 0.000000
vt 0.220049 0.000000
vt 0.188264 0.000000
vt 0.885086 0.000000
vt 0.185819 0.000000
vt 0.222494 0.000000
vt 0.007335 0.000000
vt 0.183374 0.000000
vt 0.224939 0.000000
vt 0.180929 0.000000
vt 0.882641 0.000000
vt 0.227384 0.000000
vt 0.178484 0.000000
vt 0.229829 0.000000
vt 0.009780 0.000000
vt 0.176039 0.000000
vt 0.880196 0.000000
vt 0.232274 0.000000
vt 0.173594 0.000000
vt 0.877751 0.000000
vt 0.234719 0.000000
vt 0.171149 0.000000
vt 0.012225 0.000000
vt 0.237164 0.000000
vt 0.168704 0.000000
vt 0.875306 0.000000
vt 0.239609 0.000000
vt 0.014670 0.000000
vt 0.166259 0.000000
vt 0.872861 0.000000
vt 0.242054 0.000000
vt 0.163814 0.000000
vt 0.244499 0.000000
vt 0.017115 0.000000
vt 0.870416 0.000000
vt 0.246944 0.000000
vt 0.161369 0.000000
vt 0.249389 0.000000
vt 0.867971 0.000000
vt 0.019560 0.000000
vt 0.158924 0.000000
vt 0.251834 0.000000
vt 0.865526 0.000000
vt 0.254279 0.000000
vt 0.156479 0.000000
vt 0.022005 0.000000
vt 0.256724 0.000000
vt 0.863081 0.000000
vt 0.154034 0.000000
vt 0.259169 0.000000
vt 0.024450 0.000000
vt 0.860636 0.000000
vt 0.261614 0.000000
vt 0.151589 0.000000
vt 0.026895 0.000000
vt 0.264059 0.000000
vt 0.149144 0.000000
vt 0.858191 0.000000
vt 0.266504 0.000000
vt 0.029340 0.000000
vt 0.146699 0.000000
vt 0.268949 0.000000
vt 0.855746 0.000000
vt 0.271394 0.000000
vt 0.031785 0.000000
vt 0.034230 0.000000
vt 0.036675 0.000000
vt 0.039120 0.000000
vt 0.041565 0.000000
vt 0.044010 0.000000
vt 0.046455 0.000000
vt 0.048900 0.000000
vt 0.051345 0.000000
vt 0.053790 0.000000
vt 0.056235 0.000000
vt 0.058680 0.000000
vt 0.061125 0.000000
vt 0.144254 0.000000
vt 0.063570 0.000000
vt 0.141809 0.000000
vt 0.066015 0.000000
vt 0.853301 0.000000
vt 0.139364 0.000000
vt 0.068460 0.000000
vt 0.273839 0.000000
vt 0.070905 0.000000
vt 0.136919 0.000000
vt 0.073350 0.000000
vt 0.134474 0.000000
vt 0.075795 0.000000
vt 0.132029 0.000000
vt 0.078240 0.000000
vt 0.129584 0.000000
vt 0.080685 0.000000
vt 0.127139 0.000000
vt 0.083130 0.000000
vt 0.124694 0.000000
vt 0.085575 0.000000
vt 0.122249 0.000000
vt 0.088020 0.000000
vt 0.119804 0.000000
vt 0.117359 0.000000
vt 0.114914 0.000000
vt 0.112469 0.000000
vt 0.110024 0.000000
vt 0.107579 0.000000
vt 0.105134 0.000000
vt 0.102689 0.000000
vt 0.100244 0.000000
vt 0.097800 0.000000
vt 0.095355 0.000000
vt 0.092910 0.000000
vt 0.090465 0.000000
vt 0.276284 0.000000
vt 0.850856 0.000000
vt 0.278729 0.000000
vt 0.848411 0.000000
vt 0.281174 0.000000
vt 0.283619 0.000000
vt 0.845966 0.000000
vt 0.286064 0.000000
vt 0.843521 0.000000
vt 0.288509 0.000000
vt 0.290954 0.000000
vt 0.841076 0.000000
vt 0.293399 0.000000
vt 0.295844 0.000000
vt 0.838631 0.000000
vt 0.298288 0.000000
vt 0.836186 0.000000
vt 0.300734 0.000000
vt 0.303178 0.000000
vt 0.833741 0.000000
vt 0.305623 0.000000
vt 0.308068 0.000000
vt 0.831296 0.000000
vt 0.310513 0.000000
vt 0.828851 0.000000
vt 0.312958 0.000000
vt 0.315403 0.000000
vt 0.826406 0.000000
vt 0.317848 0.000000
vt 0.823961 0.000000
vt 0.320293 0.000000
vt 0.821516 0.000000
vt 0.322738 0.000000
vt 0.819071 0.000000
vt 0.325183 0.000000
vt 0.816626 0.000000
vt 0.814181 0.000000
vt 0.811736 0.000000
vt 0.809291 0.000000
vt 0.327628 0.000000
vt 0.806846 0.000000
vt 0.330073 0.000000
vt 0.804401 0.000000
vt 0.332518 0.000000
vt 0.801956 0.000000
vt 0.334963 0.000000
vt 0.799511 0.000000
vt 0.337408 0.000000
vt 0.797066 0.000000
vt 0.339853 0.000000
vt 0.794621 0.000000
vt 0.342298 0.000000
vt 0.344743 0.000000
vt 0.347188 0.000000
vt 0.792176 0.000000
vt 0.349633 0.000000
vt 0.789731 0.000000
vt 0.352078 0.000000
vt 0.787286 0.000000
vt 0.354523 0.000000
vt 0.784841 0.000000
vt 0.356968 0.000000
vt 0.782396 0.000000
vt 0.779951 0.000000
vt 0.359413 0.000000
vt 0.777506 0.000000
vt 0.361858 0.000000
vt 0.775061 0.000000
vt 0.772616 0.000000
vt 0.364303 0.000000
vt 0.770171 0.000000
vt 0.767726 0.000000
vt 0.366748 0.000000
vt 0.765281 0.000000
vt 0.369193 0.000000
vt 0.762836 0.000000
vt 0.760391 0.000000
vt 0.371638 0.000000
vt 0.757946 0.000000
vt 0.374083 0.000000
vt 0.755501 0.000000
vt 0.376528 0.000000
vt 0.753056 0.000000
vt 0.750611 0.000000
vt 0.378973 0.000000
vt 0.748166 0.000000
vt 0.381418 0.000000
vt 0.745721 0.000000
vt 0.383863 0.000000
vt 0.743276 0.000000
vt 0.386308 0.000000
vt 0.740831 0.000000
vt 0.586797 0.000000
vt 0.591687 0.000000
vt 0.589242 0.000000
vt 0.584352 0.000000
vt 0.581907 0.000000
vt 0.579462 0.000000
vt 0.594132 0.000000
vt 0.577017 0.000000
vt 0.574572 0.000000
vt 0.572127 0.000000
vt 0.569682 0.000000
vt 0.596577 0.000000
vt 0.567237 0.000000
vt 0.564792 0.000000
vt 0.562347 0.000000
vt 0.559902 0.000000
vt 0.599022 0.000000
vt 0.557457 0.000000
vt 0.601467 0.000000
vt 0.555012 0.000000
vt 0.603912 0.000000
vt 0.552567 0.000000
vt 0.550122 0.000000
vt 0.606357 0.000000
vt 0.547677 0.000000
vt 0.608802 0.000000
vt 0.545232 0.000000
vt 0.611247 0.000000
vt 0.542787 0.000000
vt 0.613692 0.000000
vt 0.540342 0.000000
vt 0.537897 0.000000
vt 0.616137 0.000000
vt 0.535452 0.000000
vt 0.618582 0.000000
vt 0.533007 0.000000
vt 0.621027 0.000000
vt 0.530562 0.000000
vt 0.528117 0.000000
vt 0.525672 0.000000
vt 0.523227 0.000000
vt 0.520782 0.000000
vt 0.518337 0.000000
vt 0.515892 0.000000
vt 0.738386 0.000000
vt 0.513447 0.000000
vt 0.511002 0.000000
vt 0.508557 0.000000
vt 0.506112 0.000000
vt 0.503667 0.000000
vt 0.501222 0.000000
vt 0.498778 0.000000
vt 0.388753 0.000000
vt 0.735941 0.000000
vt 0.623472 0.000000
vt 0.391198 0.000000
vt 0.496333 0.000000
vt 0.733496 0.000000
vt 0.625917 0.000000
vt 0.393643 0.000000
vt 0.731051 0.000000
vt 0.493888 0.000000
vt 0.628362 0.000000
vt 0.728606 0.000000
vt 0.396088 0.000000
vt 0.491443 0.000000
vt 0.726161 0.000000
vt 0.630807 0.000000
vt 0.398533 0.000000
vt 0.723716 0.000000
vt 0.488998 0.000000
vt 0.633252 0.000000
vt 0.721271 0.000000
vt 0.400978 0.000000
vt 0.718826 0.000000
vt 0.635697 0.000000
vt 0.486553 0.000000
vt 0.716381 0.000000
vt 0.403423 0.000000
vt 0.638142 0.000000
vt 0.713936 0.000000
vt 0.484108 0.000000
vt 0.405868 0.000000
vt 0.640587 0.000000
vt 0.711491 0.000000
vt 0.709046 0.000000
vt 0.408313 0.000000
vt 0.481663 0.000000
vt 0.643032 0.000000
vt 0.706601 0.000000
vt 0.410758 0.000000
vt 0.645477 0.000000
vt 0.704156 0.000000
vt 0.479218 0.000000
vt 0.647922 0.000000
vt 0.413203 0.000000
vt 0.701711 0.000000
vt 0.476773 0.000000
vt 0.650367 0.000000
vt 0.699266 0.000000
vt 0.415648 0.000000
vt 0.652812 0.000000
vt 0.696822 0.000000
vt 0.474328 0.000000
vt 0.655257 0.000000
vt 0.418093 0.000000
vt 0.694377 0.000000
vt 0.657702 0.000000
vt 0.691932 0.000000
vt 0.660147 0.000000
vt 0.420538 0.000000
vt 0.471883 0.000000
vt 0.662592 0.000000
vt 0.689487 0.000000
vt 0.665037 0.000000
vt 0.687042 0.000000
vt 0.422983 0.000000
vt 0.667482 0.000000
vt 0.684597 0.000000
vt 0.469438 0.000000
vt 0.669927 0.000000
vt 0.682152 0.000000
vt 0.672372 0.000000
vt 0.679707 0.000000
vt 0.674817 0.000000
vt 0.677262 0.000000
vt 0.425428 0.000000
vt 0.466993 0.000000
vt 0.464548 0.000000
vt 0.427873 0.000000
vt 0.462103 0.000000
vt 0.430318 0.000000
vt 0.459658 0.000000
vt 0.457213 0.000000
vt 0.432763 0.000000
vt 0.454768 0.000000
vt 0.435208 0.000000
vt 0.452323 0.000000
vt 0.437653 0.000000
vt 0.449878 0.000000
vt 0.447433 0.000000
vt 0.440098 0.000000
vt 0.444988 0.000000
vt 0.442543 0.000000
vt 0.427230 0.000000
vt 0.431925 0.000000
vt 0.429577 0.000000
vt 0.434272 0.000000
vt 0.436620 0.000000
vt 0.438967 0.000000
vt 0.441315 0.000000
vt 0.443662 0.000000
vt 0.446009 0.000000
vt 0.448357 0.000000
vt 0.450704 0.000000
vt 0.453052 0.000000
vt 0.455399 0.000000
vt 0.457746 0.000000
vt 0.460094 0.000000
vt 0.424883 0.000000
vt 0.422535 0.000000
vt 0.420188 0.000000
vt 0.462441 0.000000
vt 0.417840 0.000000
vt 0.415493 0.000000
vt 0.828638 0.000000
vt 0.464789 0.000000
vt 0.413146 0.000000
vt 0.830986 0.000000
vt 0.997653 0.000000
vt 0.833333 0.000000
vt 0.995305 0.000000
vt 0.835681 0.000000
vt 0.992958 0.000000
vt 0.838028 0.000000
vt 0.990610 0.000000
vt 0.840376 0.000000
vt 0.410798 0.000000
vt 0.467136 0.000000
vt 0.988263 0.000000
vt 0.842723 0.000000
vt 0.985915 0.000000
vt 0.845070 0.000000
vt 0.983568 0.000000
vt 0.847418 0.000000
vt 0.408451 0.000000
vt 0.981221 0.000000
vt 0.849765 0.000000
vt 0.978873 0.000000
vt 0.469484 0.000000
vt 0.852113 0.000000
vt 0.976526 0.000000
vt 0.406103 0.000000
vt 0.854460 0.000000
vt 0.974178 0.000000
vt 0.971831 0.000000
vt 0.856808 0.000000
vt 0.471831 0.000000
vt 0.859155 0.000000
vt 0.969484 0.000000
vt 0.403756 0.000000
vt 0.861502 0.000000
vt 0.967136 0.000000
vt 0.474178 0.000000
vt 0.863850 0.000000
vt 0.964789 0.000000
vt 0.866197 0.000000
vt 0.401408 0.000000
vt 0.962441 0.000000
vt 0.476526 0.000000
vt 0.868545 0.000000
vt 0.960094 0.000000
vt 0.870892 0.000000
vt 0.957747 0.000000
vt 0.478873 0.000000
vt 0.873239 0.000000
vt 0.955399 0.000000
vt 0.399061 0.000000
vt 0.875587 0.000000
vt 0.481221 0.000000
vt 0.953052 0.000000
vt 0.877934 0.000000
vt 0.950704 0.000000
vt 0.880282 0.000000
vt 0.483568 0.000000
vt 0.948357 0.000000
vt 0.882629 0.000000
vt 0.485915 0.000000
vt 0.884977 0.000000
vt 0.946009 0.000000
vt 0.396714 0.000000
vt 0.887324 0.000000
vt 0.943662 0.000000
vt 0.488263 0.000000
vt 0.889671 0.000000
vt 0.941315 0.000000
vt 0.056338 0.000000
vt 0.892019 0.000000
vt 0.938967 0.000000
vt 0.894366 0.000000
vt 0.936620 0.000000
vt 0.896714 0.000000
vt 0.934272 0.000000
vt 0.899061 0.000000
vt 0.931925 0.000000
vt 0.901408 0.000000
vt 0.929577 0.000000
vt 0.903756 0.000000
vt 0.927230 0.000000
vt 0.906103 0.000000
vt 0.924883 0.000000
vt 0.908451 0.000000
vt 0.922535 0.000000
vt 0.910798 0.000000
vt 0.920188 0.000000
vt 0.913146 0.000000
vt 0.917840 0.000000
vt 0.915493 0.000000
vt 0.053991 0.000000
vt 0.051643 0.000000
vt 0.049296 0.000000
vt 0.046948 0.000000
vt 0.044601 0.000000
vt 0.042254 0.000000
vt 0.039906 0.000000
vt 0.037559 0.000000
vt 0.035211 0.000000
vt 0.032864 0.000000
vt 0.030516 0.000000
vt 0.028169 0.000000
vt 0.025822 0.000000
vt 0.023474 0.000000
vt 0.021127 0.000000
vt 0.018779 0.000000
vt 0.016432 0.000000
vt 0.014085 0.000000
vt 0.011737 0.000000
vt 0.009390 0.000000
vt 0.007042 0.000000
vt 0.004695 0.000000
vt 0.002347 0.000000
vt 0.058685 0.000000
vt 0.826291 0.000000
vt 0.394366 0.000000
vt 0.061033 0.000000
vt 0.490610 0.000000
vt 0.063380 0.000000
vt 0.823944 0.000000
vt 0.392019 0.000000
vt 0.492958 0.000000
vt 0.065728 0.000000
vt 0.821596 0.000000
vt 0.389671 0.000000
vt 0.068075 0.000000
vt 0.819249 0.000000
vt 0.495305 0.000000
vt 0.816901 0.000000
vt 0.070423 0.000000
vt 0.387324 0.000000
vt 0.497653 0.000000
vt 0.814554 0.000000
vt 0.072770 0.000000
vt 0.384977 0.000000
vt 0.812207 0.000000
vt 0.075117 0.000000
vt 0.809859 0.000000
vt 0.382629 0.000000
vt 0.077465 0.000000
vt 0.502347 0.000000
vt 0.807512 0.000000
vt 0.079812 0.000000
vt 0.380282 0.000000
vt 0.504695 0.000000
vt 0.805164 0.000000
vt 0.082160 0.000000
vt 0.802817 0.000000
vt 0.377934 0.000000
vt 0.507042 0.000000
vt 0.084507 0.000000
vt 0.800469 0.000000
vt 0.086854 0.000000
vt 0.798122 0.000000
vt 0.509390 0.000000
vt 0.375587 0.000000
vt 0.795775 0.000000
vt 0.089202 0.000000
vt 0.793427 0.000000
vt 0.091549 0.000000
vt 0.511737 0.000000
vt 0.373239 0.000000
vt 0.791080 0.000000
vt 0.093897 0.000000
vt 0.788732 0.000000
vt 0.096244 0.000000
vt 0.786385 0.000000
vt 0.098592 0.000000
vt 0.784038 0.000000
vt 0.100939 0.000000
vt 0.370892 0.000000
vt 0.514085 0.000000
vt 0.781690 0.000000
vt 0.103286 0.000000
vt 0.779343 0.000000
vt 0.105634 0.000000
vt 0.107981 0.000000
vt 0.776995 0.000000
vt 0.368545 0.000000
vt 0.516432 0.000000
vt 0.110329 0.000000
vt 0.774648 0.000000
vt 0.112676 0.000000
vt 0.772300 0.000000
vt 0.115023 0.000000
vt 0.366197 0.000000
vt 0.769953 0.000000
vt 0.117371 0.000000
vt 0.518779 0.000000
vt 0.767606 0.000000
vt 0.119718 0.000000
vt 0.521127 0.000000
vt 0.363850 0.000000
vt 0.765258 0.000000
vt 0.122066 0.000000
vt 0.523474 0.000000
vt 0.361502 0.000000
vt 0.124413 0.000000
vt 0.525822 0.000000
vt 0.762911 0.000000
vt 0.359155 0.000000
vt 0.126761 0.000000
vt 0.528169 0.000000
vt 0.760563 0.000000
vt 0.129108 0.000000
vt 0.530516 0.000000
vt 0.356808 0.000000
vt 0.131455 0.000000
vt 0.758216 0.000000
vt 0.532864 0.000000
vt 0.354460 0.000000
vt 0.133803 0.000000
vt 0.535211 0.000000
vt 0.755869 0.000000
vt 0.136150 0.000000
vt 0.537559 0.000000
vt 0.352113 0.000000
vt 0.138498 0.000000
vt 0.753521 0.000000
vt 0.539906 0.000000
vt 0.140845 0.000000
vt 0.542253 0.000000
vt 0.349765 0.000000
vt 0.751174 0.000000
vt 0.143192 0.000000
vt 0.544601 0.000000
vt 0.145540 0.000000
vt 0.347418 0.000000
vt 0.147887 0.000000
vt 0.546948 0.000000
vt 0.748826 0.000000
vt 0.150235 0.000000
vt 0.549296 0.000000
vt 0.152582 0.000000
vt 0.551643 0.000000
vt 0.154930 0.000000
vt 0.553991 0.000000
vt 0.345070 0.000000
vt 0.157277 0.000000
vt 0.746479 0.000000
vt 0.556338 0.000000
vt 0.159624 0.000000
vt 0.558685 0.000000
vt 0.161972 0.000000
vt 0.561033 0.000000
vt 0.342723 0.000000
vt 0.744131 0.000000
vt 0.164319 0.000000
vt 0.563380 0.000000
vt 0.565728 0.000000
vt 0.166667 0.000000
vt 0.568075 0.000000
vt 0.169014 0.000000
vt 0.340376 0.000000
vt 0.741784 0.000000
vt 0.570423 0.000000
vt 0.171362 0.000000
vt 0.572770 0.000000
vt 0.338028 0.000000
vt 0.173709 0.000000
vt 0.739437 0.000000
vt 0.575117 0.000000
vt 0.737089 0.000000
vt 0.176056 0.000000
vt 0.577465 0.000000
vt 0.335681 0.000000
vt 0.178404 0.000000
vt 0.734742 0.000000
vt 0.579812 0.000000
vt 0.333333 0.000000
vt 0.180751 0.000000
vt 0.732394 0.000000
vt 0.582160 0.000000
vt 0.330986 0.000000
vt 0.183099 0.000000
vt 0.730047 0.000000
vt 0.584507 0.000000
vt 0.328638 0.000000
vt 0.185446 0.000000
vt 0.727700 0.000000
vt 0.586854 0.000000
vt 0.326291 0.000000
vt 0.187793 0.000000
vt 0.725352 0.000000
vt 0.589202 0.000000
vt 0.323944 0.000000
vt 0.190141 0.000000
vt 0.723005 0.000000
vt 0.591549 0.000000
vt 0.321596 0.000000
vt 0.192488 0.000000
vt 0.720657 0.000000
vt 0.593897 0.000000
vt 0.319249 0.000000
vt 0.194836 0.000000
vt 0.596244 0.000000
vt 0.718310 0.000000
vt 0.316901 0.000000
vt 0.197183 0.000000
vt 0.598592 0.000000
vt 0.715962 0.000000
vt 0.314554 0.000000
vt 0.199531 0.000000
vt 0.600939 0.000000
vt 0.713615 0.000000
vt 0.312207 0.000000
vt 0.309859 0.000000
vt 0.201878 0.000000
vt 0.711268 0.000000
vt 0.603286 0.000000
vt 0.307512 0.000000
vt 0.708920 0.000000
vt 0.204225 0.000000
vt 0.605634 0.000000
vt 0.305164 0.000000
vt 0.706573 0.000000
vt 0.206573 0.000000
vt 0.607981 0.000000
vt 0.302817 0.000000
vt 0.704225 0.000000
vt 0.208920 0.000000
vt 0.610329 0.000000
vt 0.300469 0.000000
vt 0.701878 0.000000
vt 0.659624 0.000000
vt 0.657277 0.000000
vt 0.211268 0.000000
vt 0.654930 0.000000
vt 0.612676 0.000000
vt 0.661972 0.000000
vt 0.652582 0.000000
vt 0.664319 0.000000
vt 0.650235 0.000000
vt 0.666667 0.000000
vt 0.647887 0.000000
vt 0.669014 0.000000
vt 0.645540 0.000000
vt 0.298122 0.000000
vt 0.258216 0.000000
vt 0.699531 0.000000
vt 0.255869 0.000000
vt 0.253521 0.000000
vt 0.213615 0.000000
vt 0.615023 0.000000
vt 0.671362 0.000000
vt 0.643192 0.000000
vt 0.673709 0.000000
vt 0.640845 0.000000
vt 0.251174 0.000000
vt 0.260563 0.000000
vt 0.248826 0.000000
vt 0.262911 0.000000
vt 0.246479 0.000000
vt 0.265258 0.000000
vt 0.244131 0.000000
vt 0.267606 0.000000
vt 0.676056 0.000000
vt 0.638498 0.000000
vt 0.295775 0.000000
vt 0.697183 0.000000
vt 0.215962 0.000000
vt 0.617371 0.000000
vt 0.241784 0.000000
vt 0.269953 0.000000
vt 0.239437 0.000000
vt 0.272300 0.000000
vt 0.678404 0.000000
vt 0.636150 0.000000
vt 0.237089 0.000000
vt 0.274648 0.000000
vt 0.680751 0.000000
vt 0.633803 0.000000
vt 0.293427 0.000000
vt 0.694836 0.000000
vt 0.218310 0.000000
vt 0.619718 0.000000
vt 0.234742 0.000000
vt 0.276995 0.000000
vt 0.232394 0.000000
vt 0.279343 0.000000
vt 0.683099 0.000000
vt 0.631455 0.000000
vt 0.291080 0.000000
vt 0.692488 0.000000
vt 0.220657 0.000000
vt 0.622066 0.000000
vt 0.230047 0.000000
vt 0.281690 0.000000
vt 0.685446 0.000000
vt 0.629108 0.000000
vt 0.288732 0.000000
vt 0.690141 0.000000
vt 0.223005 0.000000
vt 0.624413 0.000000
vt 0.227700 0.000000
vt 0.284038 0.000000
vt 0.286385 0.000000
vt 0.687793 0.000000
vt 0.225352 0.000000
vt 0.626761 0.000000
vt 0.546584 0.000000
vt 0.549689 0.000000
vt 0.548137 0.000000
vt 0.583851 0.000000
vt 0.586957 0.000000
vt 0.585404 0.000000
vt 0.830745 0.000000
vt 0.833851 0.000000
vt 0.832298 0.000000
vt 0.868012 0.000000
vt 0.871118 0.000000
vt 0.869565 0.000000
vt 0.130435 0.000000
vt 0.133540 0.000000
vt 0.131988 0.000000
vt 0.167702 0.000000
vt 0.170807 0.000000
vt 0.169255 0.000000
vt 0.545031 0.000000
vt 0.829193 0.000000
vt 0.128882 0.000000
vt 0.588509 0.000000
vt 0.872671 0.000000
vt 0.172360 0.000000
vt 0.543478 0.000000
vt 0.827640 0.000000
vt 0.127329 0.000000
vt 0.590062 0.000000
vt 0.874224 0.000000
vt 0.173913 0.000000
vt 0.551242 0.000000
vt 0.582298 0.000000
vt 0.835404 0.000000
vt 0.866460 0.000000
vt 0.135093 0.000000
vt 0.166149 0.000000
vt 0.541925 0.000000
vt 0.826087 0.000000
vt 0.125776 0.000000
vt 0.591615 0.000000
vt 0.875776 0.000000
vt 0.175466 0.000000
vt 0.540373 0.000000
vt 0.824534 0.000000
vt 0.124224 0.000000
vt 0.552795 0.000000
vt 0.580745 0.000000
vt 0.836957 0.000000
vt 0.864907 0.000000
vt 0.136646 0.000000
vt 0.164596 0.000000
vt 0.593168 0.000000
vt 0.877329 0.000000
vt 0.177019 0.000000
vt 0.554348 0.000000
vt 0.579193 0.000000
vt 0.838509 0.000000
vt 0.863354 0.000000
vt 0.138199 0.000000
vt 0.163043 0.000000
vt 0.538820 0.000000
vt 0.822981 0.000000
vt 0.122671 0.000000
vt 0.594720 0.000000
vt 0.878882 0.000000
vt 0.178571 0.000000
vt 0.555901 0.000000
vt 0.577640 0.000000
vt 0.840062 0.000000
vt 0.861801 0.000000
vt 0.139752 0.000000
vt 0.161491 0.000000
vt 0.557453 0.000000
vt 0.576087 0.000000
vt 0.841615 0.000000
vt 0.860248 0.000000
vt 0.141304 0.000000
vt 0.159938 0.000000
vt 0.537267 0.000000
vt 0.821429 0.000000
vt 0.121118 0.000000
vt 0.596273 0.000000
vt 0.880435 0.000000
vt 0.180124 0.000000
vt 0.559006 0.000000
vt 0.574534 0.000000
vt 0.843168 0.000000
vt 0.858696 0.000000
vt 0.158385 0.000000
vt 0.560559 0.000000
vt 0.572981 0.000000
vt 0.844720 0.000000
vt 0.144410 0.000000
vt 0.156832 0.000000
vt 0.562112 0.000000
vt 0.846273 0.000000
vt 0.855590 0.000000
vt 0.145963 0.000000
vt 0.155280 0.000000
vt 0.535714 0.000000
vt 0.819876 0.000000
vt 0.119565 0.000000
vt 0.597826 0.000000
vt 0.881988 0.000000
vt 0.181677 0.000000
vt 0.563665 0.000000
vt 0.569876 0.000000
vt 0.847826 0.000000
vt 0.854037 0.000000
vt 0.147516 0.000000
vt 0.153727 0.000000
vt 0.565217 0.000000
vt 0.568323 0.000000
vt 0.849379 0.000000
vt 0.852484 0.000000
vt 0.149068 0.000000
vt 0.152174 0.000000
vt 0.566770 0.000000
vt 0.850932 0.000000
vt 0.150621 0.000000
vt 0.534162 0.000000
vt 0.818323 0.000000
vt 0.118012 0.000000
vt 0.599379 0.000000
vt 0.883540 0.000000
vt 0.183230 0.000000
vt 0.532609 0.000000
vt 0.816770 0.000000
vt 0.116460 0.000000
vt 0.600932 0.000000
vt 0.885093 0.000000
vt 0.184783 0.000000
vt 0.531056 0.000000
vt 0.815217 0.000000
vt 0.114907 0.000000
vt 0.602484 0.000000
vt 0.886646 0.000000
vt 0.186335 0.000000
vt 0.529503 0.000000
vt 0.813665 0.000000
vt 0.113354 0.000000
vt 0.604037 0.000000
vt 0.888199 0.000000
vt 0.187888 0.000000
vt 0.527950 0.000000
vt 0.605590 0.000000
vt 0.812112 0.000000
vt 0.889752 0.000000
vt 0.111801 0.000000
vt 0.189441 0.000000
vt 0.526398 0.000000
vt 0.607143 0.000000
vt 0.810559 0.000000
vt 0.110248 0.000000
vt 0.190994 0.000000
vt 0.891304 0.000000
vt 0.524845 0.000000
vt 0.608696 0.000000
vt 0.809006 0.000000
vt 0.108696 0.000000
vt 0.192547 0.000000
vt 0.892857 0.000000
vt 0.523292 0.000000
vt 0.610248 0.000000
vt 0.807453 0.000000
vt 0.107143 0.000000
vt 0.194099 0.000000
vt 0.894410 0.000000
vt 0.521739 0.000000
vt 0.611801 0.000000
vt 0.805901 0.000000
vt 0.105590 0.000000
vt 0.195652 0.000000
vt 0.895963 0.000000
vt 0.520186 0.000000
vt 0.613354 0.000000
vt 0.804348 0.000000
vt 0.104037 0.000000
vt 0.197205 0.000000
vt 0.897516 0.000000
vt 0.518634 0.000000
vt 0.614907 0.000000
vt 0.802795 0.000000
vt 0.102484 0.000000
vt 0.198758 0.000000
vt 0.899068 0.000000
vt 0.517081 0.000000
vt 0.616460 0.000000
vt 0.801242 0.000000
vt 0.100932 0.000000
vt 0.200311 0.000000
vt 0.900621 0.000000
vt 0.515528 0.000000
vt 0.618012 0.000000
vt 0.799689 0.000000
vt 0.099379 0.000000
vt 0.201863 0.000000
vt 0.902174 0.000000
vt 0.513975 0.000000
vt 0.619565 0.000000
vt 0.798137 0.000000
vt 0.097826 0.000000
vt 0.203416 0.000000
vt 0.903727 0.000000
vt 0.512422 0.000000
vt 0.621118 0.000000
vt 0.796584 0.000000
vt 0.096273 0.000000
vt 0.204969 0.000000
vt 0.905280 0.000000
vt 0.510870 0.000000
vt 0.622671 0.000000
vt 0.795031 0.000000
vt 0.094720 0.000000
vt 0.206522 0.000000
vt 0.906832 0.000000
vt 0.509317 0.000000
vt 0.624224 0.000000
vt 0.793478 0.000000
vt 0.908385 0.000000
vt 0.093168 0.000000
vt 0.208075 0.000000
vt 0.091615 0.000000
vt 0.791925 0.000000
vt 0.209627 0.000000
vt 0.507764 0.000000
vt 0.090062 0.000000
vt 0.790373 0.000000
vt 0.909938 0.000000
vt 0.625776 0.000000
vt 0.211180 0.000000
vt 0.506211 0.000000
vt 0.088509 0.000000
vt 0.788820 0.000000
vt 0.086957 0.000000
vt 0.787267 0.000000
vt 0.911491 0.000000
vt 0.504658 0.000000
vt 0.212733 0.000000
vt 0.085404 0.000000
vt 0.785714 0.000000
vt 0.503106 0.000000
vt 0.214286 0.000000
vt 0.627329 0.000000
vt 0.083851 0.000000
vt 0.913043 0.000000
vt 0.784162 0.000000
vt 0.501553 0.000000
vt 0.082298 0.000000
vt 0.215839 0.000000
vt 0.782609 0.000000
vt 0.914596 0.000000
vt 0.080745 0.000000
vt 0.781056 0.000000
vt 0.498447 0.000000
vt 0.217391 0.000000
vt 0.079193 0.000000
vt 0.628882 0.000000
vt 0.496894 0.000000
vt 0.916149 0.000000
vt 0.779503 0.000000
vt 0.077640 0.000000
vt 0.495342 0.000000
vt 0.218944 0.000000
vt 0.777950 0.000000
vt 0.493789 0.000000
vt 0.076087 0.000000
vt 0.917702 0.000000
vt 0.492236 0.000000
vt 0.220497 0.000000
vt 0.776398 0.000000
vt 0.490683 0.000000
vt 0.074534 0.000000
vt 0.919255 0.000000
vt 0.630435 0.000000
vt 0.774845 0.000000
vt 0.222050 0.000000
vt 0.489130 0.000000
vt 0.072981 0.000000
vt 0.920807 0.000000
vt 0.223602 0.000000
vt 0.773292 0.000000
vt 0.487578 0.000000
vt 0.922360 0.000000
vt 0.071429 0.000000
vt 0.225155 0.000000
vt 0.771739 0.000000
vt 0.631988 0.000000
vt 0.923913 0.000000
vt 0.486025 0.000000
vt 0.226708 0.000000
vt 0.925466 0.000000
vt 0.069876 0.000000
vt 0.770186 0.000000
vt 0.484472 0.000000
vt 0.927019 0.000000
vt 0.228261 0.000000
vt 0.928571 0.000000
vt 0.633540 0.000000
vt 0.068323 0.000000
vt 0.768634 0.000000
vt 0.229814 0.000000
vt 0.482919 0.000000
vt 0.930124 0.000000
vt 0.231366 0.000000
vt 0.066770 0.000000
vt 0.931677 0.000000
vt 0.481366 0.000000
vt 0.767081 0.000000
vt 0.635093 0.000000
vt 0.933230 0.000000
vt 0.232919 0.000000
vt 0.479814 0.000000
vt 0.065217 0.000000
vt 0.765528 0.000000
vt 0.934783 0.000000
vt 0.234472 0.000000
vt 0.478261 0.000000
vt 0.063665 0.000000
vt 0.763975 0.000000
vt 0.636646 0.000000
vt 0.936335 0.000000
vt 0.236025 0.000000
vt 0.476708 0.000000
vt 0.937888 0.000000
vt 0.062112 0.000000
vt 0.762422 0.000000
vt 0.237578 0.000000
vt 0.638199 0.000000
vt 0.939441 0.000000
vt 0.475155 0.000000
vt 0.239130 0.000000
vt 0.060559 0.000000
vt 0.760870 0.000000
vt 0.940994 0.000000
vt 0.473602 0.000000
vt 0.240683 0.000000
vt 0.639752 0.000000
vt 0.059006 0.000000
vt 0.759317 0.000000
vt 0.942547 0.000000
vt 0.242236 0.000000
vt 0.472050 0.000000
vt 0.057453 0.000000
vt 0.757764 0.000000
vt 0.944099 0.000000
vt 0.641304 0.000000
vt 0.243789 0.000000
vt 0.756211 0.000000
vt 0.945652 0.000000
vt 0.055901 0.000000
vt 0.245342 0.000000
vt 0.470497 0.000000
vt 0.947205 0.000000
vt 0.054348 0.000000
vt 0.642857 0.000000
vt 0.948758 0.000000
vt 0.754658 0.000000
vt 0.052795 0.000000
vt 0.644410 0.000000
vt 0.950311 0.000000
vt 0.645963 0.000000
vt 0.051242 0.000000
vt 0.246894 0.000000
vt 0.951863 0.000000
vt 0.647516 0.000000
vt 0.753106 0.000000
vt 0.049689 0.000000
vt 0.468944 0.000000
vt 0.953416 0.000000
vt 0.649068 0.000000
vt 0.048137 0.000000
vt 0.954969 0.000000
vt 0.650621 0.000000
vt 0.751553 0.000000
vt 0.956522 0.000000
vt 0.046584 0.000000
vt 0.652174 0.000000
vt 0.248447 0.000000
vt 0.958075 0.000000
vt 0.653727 0.000000
vt 0.045031 0.000000
vt 0.959627 0.000000
vt 0.467391 0.000000
vt 0.655280 0.000000
vt 0.750000 0.000000
vt 0.043478 0.000000
vt 0.961180 0.000000
vt 0.656832 0.000000
vt 0.962733 0.000000
vt 0.658385 0.000000
vt 0.041925 0.000000
vt 0.250000 0.000000
vt 0.964286 0.000000
vt 0.748447 0.000000
vt 0.659938 0.000000
vt 0.040373 0.000000
vt 0.661491 0.000000
vt 0.465839 0.000000
vt 0.965838 0.000000
vt 0.038820 0.000000
vt 0.746894 0.000000
vt 0.037267 0.000000
vt 0.663043 0.000000
vt 0.251553 0.000000
vt 0.967391 0.000000
vt 0.745342 0.000000
vt 0.664596 0.000000
vt 0.464286 0.000000
vt 0.035714 0.000000
vt 0.968944 0.000000
vt 0.743789 0.000000
vt 0.253106 0.000000
vt 0.666149 0.000000
vt 0.034161 0.000000
vt 0.970497 0.000000
vt 0.742236 0.000000
vt 0.462733 0.000000
vt 0.667702 0.000000
vt 0.032609 0.000000
vt 0.254658 0.000000
vt 0.740683 0.000000
vt 0.972050 0.000000
vt 0.669255 0.000000
vt 0.031056 0.000000
vt 0.461180 0.000000
vt 0.739130 0.000000
vt 0.973602 0.000000
vt 0.256211 0.000000
vt 0.029503 0.000000
vt 0.670807 0.000000
vt 0.737578 0.000000
vt 0.736025 0.000000
vt 0.459627 0.000000
vt 0.975155 0.000000
vt 0.027950 0.000000
vt 0.734472 0.000000
vt 0.257764 0.000000
vt 0.672360 0.000000
vt 0.732919 0.000000
vt 0.976708 0.000000
vt 0.026398 0.000000
vt 0.731366 0.000000
vt 0.458075 0.000000
vt 0.673913 0.000000
vt 0.729814 0.000000
vt 0.259317 0.000000
vt 0.024845 0.000000
vt 0.728261 0.000000
vt 0.978261 0.000000
vt 0.675466 0.000000
vt 0.726708 0.000000
vt 0.456522 0.000000
vt 0.023292 0.000000
vt 0.260870 0.000000
vt 0.725155 0.000000
vt 0.979814 0.000000
vt 0.723602 0.000000
vt 0.677019 0.000000
vt 0.021739 0.000000
vt 0.722050 0.000000
vt 0.454969 0.000000
vt 0.262422 0.000000
vt 0.720497 0.000000
vt 0.358696 0.000000
vt 0.981366 0.000000
vt 0.678571 0.000000
vt 0.360248 0.000000
vt 0.357143 0.000000
vt 0.020186 0.000000
vt 0.718944 0.000000
vt 0.361801 0.000000
vt 0.355590 0.000000
vt 0.363354 0.000000
vt 0.354037 0.000000
vt 0.982919 0.000000
vt 0.364907 0.000000
vt 0.352484 0.000000
vt 0.453416 0.000000
vt 0.680124 0.000000
vt 0.018634 0.000000
vt 0.263975 0.000000
vt 0.717391 0.000000
vt 0.366460 0.000000
vt 0.350932 0.000000
vt 0.715838 0.000000
vt 0.349379 0.000000
vt 0.368012 0.000000
vt 0.347826 0.000000
vt 0.369565 0.000000
vt 0.346273 0.000000
vt 0.712733 0.000000
vt 0.371118 0.000000
vt 0.344720 0.000000
vt 0.711180 0.000000
vt 0.372671 0.000000
vt 0.709627 0.000000
vt 0.343168 0.000000
vt 0.708075 0.000000
vt 0.374224 0.000000
vt 0.706522 0.000000
vt 0.341615 0.000000
vt 0.704969 0.000000
vt 0.375776 0.000000
vt 0.703416 0.000000
vt 0.340062 0.000000
vt 0.701863 0.000000
vt 0.700311 0.000000
vt 0.377329 0.000000
vt 0.338509 0.000000
vt 0.378882 0.000000
vt 0.681677 0.000000
vt 0.984472 0.000000
vt 0.017081 0.000000
vt 0.698758 0.000000
vt 0.015528 0.000000
vt 0.986025 0.000000
vt 0.683230 0.000000
vt 0.013975 0.000000
vt 0.987578 0.000000
vt 0.012422 0.000000
vt 0.684783 0.000000
vt 0.451863 0.000000
vt 0.336957 0.000000
vt 0.010870 0.000000
vt 0.989130 0.000000
vt 0.265528 0.000000
vt 0.380435 0.000000
vt 0.686335 0.000000
vt 0.009317 0.000000
vt 0.450311 0.000000
vt 0.335404 0.000000
vt 0.990683 0.000000
vt 0.381988 0.000000
vt 0.007764 0.000000
vt 0.687888 0.000000
vt 0.267081 0.000000
vt 0.448758 0.000000
vt 0.992236 0.000000
vt 0.333851 0.000000
vt 0.383540 0.000000
vt 0.006211 0.000000
vt 0.689441 0.000000
vt 0.993789 0.000000
vt 0.447205 0.000000
vt 0.004658 0.000000
vt 0.332298 0.000000
vt 0.385093 0.000000
vt 0.268634 0.000000
vt 0.995342 0.000000
vt 0.690994 0.000000
vt 0.003106 0.000000
vt 0.445652 0.000000
vt 0.386646 0.000000
vt 0.330745 0.000000
vt 0.996894 0.000000
vt 0.692547 0.000000
vt 0.270186 0.000000
vt 0.001553 0.000000
vt 0.998447 0.000000
vt 0.694099 0.000000
vt 0.388199 0.000000
vt 0.444099 0.000000
vt 0.329193 0.000000
vt 0.695652 0.000000
vt 0.271739 0.000000
vt 0.697205 0.000000
vt 0.389752 0.000000
vt 0.442547 0.000000
vt 0.327640 0.000000
vt 0.273292 0.000000
vt 0.391304 0.000000
vt 0.440994 0.000000
vt 0.326087 0.000000
vt 0.392857 0.000000
vt 0.274845 0.000000
vt 0.439441 0.000000
vt 0.324534 0.000000
vt 0.276398 0.000000
vt 0.394410 0.000000
vt 0.437888 0.000000
vt 0.322981 0.000000
vt 0.277950 0.000000
vt 0.395963 0.000000
vt 0.279503 0.000000
vt 0.436335 0.000000
vt 0.321429 0.000000
vt 0.397516 0.000000
vt 0.281056 0.000000
vt 0.434783 0.000000
vt 0.319876 0.000000
vt 0.282609 0.000000
vt 0.399068 0.000000
vt 0.284161 0.000000
vt 0.400621 0.000000
vt 0.402174 0.000000
vt 0.287267 0.000000
vt 0.403727 0.000000
vt 0.288820 0.000000
vt 0.318323 0.000000
vt 0.405280 0.000000
vt 0.290373 0.000000
vt 0.433230 0.000000
vt 0.316770 0.000000
vt 0.406832 0.000000
vt 0.291925 0.000000
vt 0.431677 0.000000
vt 0.315217 0.000000
vt 0.430124 0.000000
vt 0.313665 0.000000
vt 0.408385 0.000000
vt 0.293478 0.000000
vt 0.312112 0.000000
vt 0.409938 0.000000
vt 0.295031 0.000000
vt 0.427019 0.000000
vt 0.310559 0.000000
vt 0.425466 0.000000
vt 0.309006 0.000000
vt 0.411491 0.000000
vt 0.296584 0.000000
vt 0.423913 0.000000
vt 0.307453 0.000000
vt 0.422360 0.000000
vt 0.413043 0.000000
vt 0.298137 0.000000
vt 0.305901 0.000000
vt 0.420807 0.000000
vt 0.304348 0.000000
vt 0.414596 0.000000
vt 0.299689 0.000000
vt 0.419255 0.000000
vt 0.302795 0.000000
vt 0.417702 0.000000
vt 0.416149 0.000000
vt 0.301242 0.000000
s 0
usemtl マテリアル
f 92/1/1 94/2/1 93/3/1
f 92/1/1 95/4/1 94/2/1
f 92/1/1 96/5/1 95/4/1
f 92/1/1 97/6/1 96/5/1
f 92/1/1 98/7/1 97/6/1
f 92/1/1 99/8/1 98/7/1
f 92/1/1 100/9/1 99/8/1
f 91/10/1 100/9/1 92/1/1
f 91/10/1 101/11/1 100/9/1
f 91/10/1 102/12/1 101/11/1
f 91/10/1 103/13/1 102/12/1
f 91/10/1 104/14/1 103/13/1
f 91/10/1 105/15/1 104/14/1
f 91/10/1 106/16/1 105/15/1
f 91/10/1 107/17/1 106/16/1
f 91/10/1 108/18/1 107/17/1
f 90/19/1 108/18/1 91/10/1
f 90/19/1 109/20/1 108/18/1
f 90/19/1 110/21/1 109/20/1
f 90/19/1 111/22/1 110/21/1
f 90/19/1 112/23/1 111/22/1
f 90/19/1 113/24/1 112/23/1
f 90/19/1 114/25/1 113/24/1
f 90/19/1 115/26/1 114/25/1
f 89/27/1 115/26/1 90/19/1
f 89/27/1 116/28/1 115/26/1
f 89/27/1 117/29/1 116/28/1
f 89/27/1 118/30/1 117/29/1
f 89/27/1 119/31/1 118/30/1
f 89/27/1 120/32/1 119/31/1
f 88/33/1 120/32/1 89/27/1
f 88/33/1 121/34/1 120/32/1
f 88/33/1 122/35/1 121/34/1
f 88/33/1 123/36/1 122/35/1
f 87/37/1 123/36/1 88/33/1
f 87/37/1 124/38/1 123/36/1
f 87/37/1 125/39/1 124/38/1
f 1211/40/1 1213/41/1 1212/42/1
f 87/37/1 126/43/1 125/39/1
f 1211/40/1 1214/44/1 1213/41/1
f 86/45/1 126/43/1 87/37/1
f 1211/40/1 1215/46/1 1214/44/1
f 86/45/1 127/47/1 126/43/1
f 1236/48/1 1238/49/1 1237/50/1
f 1236/48/1 1239/51/1 1238/49/1
f 1235/52/1 1239/51/1 1236/48/1
f 1210/53/1 1215/46/1 1211/40/1
f 1235/52/1 1240/54/1 1239/51/1
f 1234/55/1 1240/54/1 1235/52/1
f 1210/53/1 1216/56/1 1215/46/1
f 1234/55/1 1241/57/1 1240/54/1
f 86/45/1 128/58/1 127/47/1
f 1233/59/1 1241/57/1 1234/55/1
f 1233/59/1 1242/60/1 1241/57/1
f 1232/61/1 1242/60/1 1233/59/1
f 1210/53/1 1217/62/1 1216/56/1
f 1232/61/1 1243/63/1 1242/60/1
f 86/45/1 129/64/1 128/58/1
f 1231/65/1 1243/63/1 1232/61/1
f 1209/66/1 1217/62/1 1210/53/1
f 1231/65/1 1244/67/1 1243/63/1
f 1209/66/1 1218/68/1 1217/62/1
f 86/45/1 130/69/1 129/64/1
f 85/70/1 130/69/1 86/45/1
f 1230/71/1 1244/67/1 1231/65/1
f 1230/71/1 1245/72/1 1244/67/1
f 1209/66/1 1219/73/1 1218/68/1
f 1229/74/1 1245/72/1 1230/71/1
f 1229/74/1 1246/75/1 1245/72/1
f 1208/76/1 1219/73/1 1209/66/1
f 1208/76/1 1220/77/1 1219/73/1
f 1228/78/1 1246/75/1 1229/74/1
f 1228/78/1 1247/79/1 1246/75/1
f 1208/76/1 1221/80/1 1220/77/1
f 84/81/1 130/69/1 85/70/1
f 1207/82/1 1221/80/1 1208/76/1
f 1227/83/1 1247/79/1 1228/78/1
f 1227/83/1 1248/84/1 1247/79/1
f 1207/82/1 1222/85/1 1221/80/1
f 1226/86/1 1248/84/1 1227/83/1
f 1226/86/1 1249/87/1 1248/84/1
f 1206/88/1 1222/85/1 1207/82/1
f 1206/88/1 1223/89/1 1222/85/1
f 83/90/1 130/69/1 84/81/1
f 1226/86/1 1250/91/1 1249/87/1
f 1225/92/1 1250/91/1 1226/86/1
f 1206/88/1 1224/93/1 1223/89/1
f 1205/94/1 1224/93/1 1206/88/1
f 1225/92/1 1251/95/1 1250/91/1
f 1225/92/1 1252/96/1 1251/95/1
f 1205/94/1 1225/92/1 1224/93/1
f 1205/94/1 1252/96/1 1225/92/1
f 142/97/1 144/98/1 143/99/1
f 141/100/1 144/98/1 142/97/1
f 141/100/1 145/101/1 144/98/1
f 1204/102/1 1252/96/1 1205/94/1
f 140/103/1 145/101/1 141/100/1
f 140/103/1 146/104/1 145/101/1
f 1204/102/1 1253/105/1 1252/96/1
f 139/106/1 146/104/1 140/103/1
f 139/106/1 147/107/1 146/104/1
f 82/108/1 130/69/1 83/90/1
f 1204/102/1 1254/109/1 1253/105/1
f 138/110/1 147/107/1 139/106/1
f 138/110/1 148/111/1 147/107/1
f 1203/112/1 1254/109/1 1204/102/1
f 1203/112/1 1255/113/1 1254/109/1
f 137/114/1 148/111/1 138/110/1
f 137/114/1 149/115/1 148/111/1
f 1203/112/1 1256/116/1 1255/113/1
f 136/117/1 149/115/1 137/114/1
f 136/117/1 150/118/1 149/115/1
f 1203/112/1 1257/119/1 1256/116/1
f 1202/120/1 1257/119/1 1203/112/1
f 81/121/1 130/69/1 82/108/1
f 1202/120/1 1258/122/1 1257/119/1
f 135/123/1 150/118/1 136/117/1
f 135/123/1 151/124/1 150/118/1
f 1202/120/1 1259/125/1 1258/122/1
f 1201/126/1 1259/125/1 1202/120/1
f 1201/126/1 1260/127/1 1259/125/1
f 134/128/1 151/124/1 135/123/1
f 134/128/1 152/129/1 151/124/1
f 1201/126/1 1261/130/1 1260/127/1
f 1200/131/1 1261/130/1 1201/126/1
f 1200/131/1 1262/132/1 1261/130/1
f 80/133/1 130/69/1 81/121/1
f 1200/131/1 1263/134/1 1262/132/1
f 134/128/1 153/135/1 152/129/1
f 133/136/1 153/135/1 134/128/1
f 1200/131/1 1264/137/1 1263/134/1
f 1199/138/1 1264/137/1 1200/131/1
f 1198/139/1 1264/137/1 1199/138/1
f 1198/139/1 1265/140/1 1264/137/1
f 1197/141/1 1265/140/1 1198/139/1
f 133/136/1 154/142/1 153/135/1
f 132/143/1 154/142/1 133/136/1
f 1197/141/1 1266/144/1 1265/140/1
f 1196/145/1 1266/144/1 1197/141/1
f 66/146/1 68/147/1 67/148/1
f 1196/145/1 1267/149/1 1266/144/1
f 1195/150/1 1267/149/1 1196/145/1
f 66/146/1 69/151/1 68/147/1
f 1194/152/1 1410/153/1 1195/150/1
f 1410/153/1 1267/149/1 1195/150/1
f 1410/153/1 1409/154/1 1267/149/1
f 1409/154/1 1268/155/1 1267/149/1
f 66/146/1 70/156/1 69/151/1
f 132/143/1 155/157/1 154/142/1
f 131/158/1 155/157/1 132/143/1
f 1194/152/1 1411/159/1 1410/153/1
f 1408/160/1 1268/155/1 1409/154/1
f 66/146/1 71/161/1 70/156/1
f 1193/162/1 1411/159/1 1194/152/1
f 66/146/1 72/163/1 71/161/1
f 1408/160/1 1269/164/1 1268/155/1
f 1192/165/1 1411/159/1 1193/162/1
f 66/146/1 73/166/1 72/163/1
f 66/146/1 74/167/1 73/166/1
f 66/146/1 75/168/1 74/167/1
f 1408/160/1 1270/169/1 1269/164/1
f 1191/170/1 1411/159/1 1192/165/1
f 66/146/1 76/171/1 75/168/1
f 66/146/1 77/172/1 76/171/1
f 66/146/1 78/173/1 77/172/1
f 66/146/1 79/174/1 78/173/1
f 66/146/1 65/175/1 79/174/1
f 65/175/1 64/176/1 79/174/1
f 64/176/1 63/177/1 79/174/1
f 63/177/1 80/133/1 79/174/1
f 63/177/1 62/178/1 80/133/1
f 62/178/1 130/69/1 80/133/1
f 62/178/1 61/179/1 130/69/1
f 61/179/1 60/180/1 130/69/1
f 60/180/1 59/181/1 130/69/1
f 59/181/1 131/158/1 130/69/1
f 59/181/1 58/182/1 131/158/1
f 58/182/1 155/157/1 131/158/1
f 58/182/1 57/183/1 155/157/1
f 57/183/1 156/184/1 155/157/1
f 1190/185/1 1411/159/1 1191/170/1
f 1408/160/1 1271/186/1 1270/169/1
f 57/183/1 157/187/1 156/184/1
f 1189/188/1 1411/159/1 1190/185/1
f 57/183/1 158/189/1 157/187/1
f 1408/160/1 1272/190/1 1271/186/1
f 1188/191/1 1411/159/1 1189/188/1
f 57/183/1 159/192/1 158/189/1
f 1408/160/1 1273/193/1 1272/190/1
f 57/183/1 160/194/1 159/192/1
f 1187/195/1 1411/159/1 1188/191/1
f 1187/195/1 1412/196/1 1411/159/1
f 57/183/1 56/197/1 160/194/1
f 56/197/1 161/198/1 160/194/1
f 1408/160/1 1274/199/1 1273/193/1
f 56/197/1 162/200/1 161/198/1
f 56/197/1 163/201/1 162/200/1
f 1321/202/1 1323/203/1 1322/204/1
f 56/197/1 164/205/1 163/201/1
f 1186/206/1 1412/196/1 1187/195/1
f 56/197/1 165/207/1 164/205/1
f 1321/202/1 1324/208/1 1323/203/1
f 56/197/1 55/209/1 165/207/1
f 55/209/1 166/210/1 165/207/1
f 1186/206/1 1413/211/1 1412/196/1
f 55/209/1 167/212/1 166/210/1
f 55/209/1 168/213/1 167/212/1
f 1185/214/1 1413/211/1 1186/206/1
f 55/209/1 169/215/1 168/213/1
f 1321/202/1 1325/216/1 1324/208/1
f 1320/217/1 1325/216/1 1321/202/1
f 55/209/1 170/218/1 169/215/1
f 55/209/1 171/219/1 170/218/1
f 55/209/1 54/220/1 171/219/1
f 54/220/1 172/221/1 171/219/1
f 54/220/1 173/222/1 172/221/1
f 1185/214/1 1414/223/1 1413/211/1
f 54/220/1 174/224/1 173/222/1
f 1320/217/1 1326/225/1 1325/216/1
f 1407/226/1 1274/199/1 1408/160/1
f 1184/227/1 1414/223/1 1185/214/1
f 54/220/1 175/228/1 174/224/1
f 54/220/1 176/229/1 175/228/1
f 54/220/1 177/230/1 176/229/1
f 54/220/1 178/231/1 177/230/1
f 54/220/1 179/232/1 178/231/1
f 53/233/1 179/232/1 54/220/1
f 52/234/1 180/235/1 53/233/1
f 180/235/1 179/232/1 53/233/1
f 52/234/1 181/236/1 180/235/1
f 1319/237/1 1326/225/1 1320/217/1
f 1319/237/1 1327/238/1 1326/225/1
f 1183/239/1 1414/223/1 1184/227/1
f 1183/239/1 1415/240/1 1414/223/1
f 1319/237/1 1328/241/1 1327/238/1
f 1318/242/1 1328/241/1 1319/237/1
f 1182/243/1 1415/240/1 1183/239/1
f 1318/242/1 1329/244/1 1328/241/1
f 1182/243/1 1416/245/1 1415/240/1
f 1317/246/1 1329/244/1 1318/242/1
f 1317/246/1 1330/247/1 1329/244/1
f 1181/248/1 1416/245/1 1182/243/1
f 1317/246/1 1331/249/1 1330/247/1
f 1316/250/1 1331/249/1 1317/246/1
f 1181/248/1 1417/251/1 1416/245/1
f 1316/250/1 1332/252/1 1331/249/1
f 1180/253/1 1417/251/1 1181/248/1
f 1316/250/1 1333/254/1 1332/252/1
f 1315/255/1 1333/254/1 1316/250/1
f 1315/255/1 1334/256/1 1333/254/1
f 1180/253/1 1418/257/1 1417/251/1
f 1179/258/1 1418/257/1 1180/253/1
f 1315/255/1 1335/259/1 1334/256/1
f 1314/260/1 1335/259/1 1315/255/1
f 1314/260/1 1336/261/1 1335/259/1
f 38/262/1 40/263/1 39/264/1
f 1314/260/1 1337/265/1 1336/261/1
f 1178/266/1 1418/257/1 1179/258/1
f 1313/267/1 1337/265/1 1314/260/1
f 1178/266/1 1419/268/1 1418/257/1
f 1407/226/1 1275/269/1 1274/199/1
f 193/270/1 195/271/1 194/272/1
f 193/270/1 196/273/1 195/271/1
f 192/274/1 196/273/1 193/270/1
f 1313/267/1 1338/275/1 1337/265/1
f 38/262/1 41/276/1 40/263/1
f 192/274/1 197/277/1 196/273/1
f 191/278/1 197/277/1 192/274/1
f 191/278/1 198/279/1 197/277/1
f 190/280/1 198/279/1 191/278/1
f 190/280/1 199/281/1 198/279/1
f 1313/267/1 1339/282/1 1338/275/1
f 189/283/1 199/281/1 190/280/1
f 38/262/1 42/284/1 41/276/1
f 1407/226/1 1276/285/1 1275/269/1
f 189/283/1 200/286/1 199/281/1
f 1312/287/1 1339/282/1 1313/267/1
f 188/288/1 200/286/1 189/283/1
f 1312/287/1 1340/289/1 1339/282/1
f 188/288/1 201/290/1 200/286/1
f 38/262/1 43/291/1 42/284/1
f 37/292/1 43/291/1 38/262/1
f 1177/293/1 1419/268/1 1178/266/1
f 1407/226/1 1277/294/1 1276/285/1
f 1312/287/1 1341/295/1 1340/289/1
f 187/296/1 201/290/1 188/288/1
f 187/296/1 202/297/1 201/290/1
f 37/292/1 44/298/1 43/291/1
f 1177/293/1 1420/299/1 1419/268/1
f 1311/300/1 1341/295/1 1312/287/1
f 1311/300/1 1342/301/1 1341/295/1
f 186/302/1 202/297/1 187/296/1
f 186/302/1 203/303/1 202/297/1
f 1407/226/1 1278/304/1 1277/294/1
f 1311/300/1 1343/305/1 1342/301/1
f 37/292/1 45/306/1 44/298/1
f 1406/307/1 1278/304/1 1407/226/1
f 1311/300/1 1344/308/1 1343/305/1
f 186/302/1 204/309/1 203/303/1
f 185/310/1 204/309/1 186/302/1
f 1310/311/1 1344/308/1 1311/300/1
f 1406/307/1 1279/312/1 1278/304/1
f 1310/311/1 1345/313/1 1344/308/1
f 37/292/1 46/314/1 45/306/1
f 1310/311/1 1346/315/1 1345/313/1
f 1176/316/1 1420/299/1 1177/293/1
f 185/310/1 205/317/1 204/309/1
f 1310/311/1 1347/318/1 1346/315/1
f 1309/319/1 1347/318/1 1310/311/1
f 1309/319/1 1348/320/1 1347/318/1
f 184/321/1 205/317/1 185/310/1
f 36/322/1 46/314/1 37/292/1
f 1406/307/1 1280/323/1 1279/312/1
f 36/322/1 47/324/1 46/314/1
f 1309/319/1 1349/325/1 1348/320/1
f 1309/319/1 1350/326/1 1349/325/1
f 1405/327/1 1280/323/1 1406/307/1
f 184/321/1 206/328/1 205/317/1
f 1176/316/1 1421/329/1 1420/299/1
f 1405/327/1 1281/330/1 1280/323/1
f 1308/331/1 1350/326/1 1309/319/1
f 36/322/1 48/332/1 47/324/1
f 1308/331/1 1351/333/1 1350/326/1
f 183/334/1 206/328/1 184/321/1
f 1308/331/1 1352/335/1 1351/333/1
f 1405/327/1 1282/336/1 1281/330/1
f 36/322/1 49/337/1 48/332/1
f 1307/338/1 1352/335/1 1308/331/1
f 183/334/1 207/339/1 206/328/1
f 1307/338/1 1353/340/1 1352/335/1
f 1405/327/1 1283/341/1 1282/336/1
f 1175/342/1 1421/329/1 1176/316/1
f 182/343/1 207/339/1 183/334/1
f 36/322/1 50/344/1 49/337/1
f 1306/345/1 1353/340/1 1307/338/1
f 1404/346/1 1283/341/1 1405/327/1
f 1306/345/1 1354/347/1 1353/340/1
f 182/343/1 208/348/1 207/339/1
f 1404/346/1 1284/349/1 1283/341/1
f 36/322/1 51/350/1 50/344/1
f 1306/345/1 1355/351/1 1354/347/1
f 1305/352/1 1355/351/1 1306/345/1
f 35/353/1 51/350/1 36/322/1
f 1404/346/1 1285/354/1 1284/349/1
f 182/343/1 209/355/1 208/348/1
f 1175/342/1 1422/356/1 1421/329/1
f 35/353/1 52/234/1 51/350/1
f 35/353/1 181/236/1 52/234/1
f 35/353/1 182/343/1 181/236/1
f 35/353/1 209/355/1 182/343/1
f 1305/352/1 1356/357/1 1355/351/1
f 1304/358/1 1356/357/1 1305/352/1
f 1404/346/1 1286/359/1 1285/354/1
f 1404/346/1 1287/360/1 1286/359/1
f 35/353/1 210/361/1 209/355/1
f 1403/362/1 1287/360/1 1404/346/1
f 1303/363/1 1356/357/1 1304/358/1
f 1403/362/1 1288/364/1 1287/360/1
f 1303/363/1 1357/365/1 1356/357/1
f 1403/362/1 1289/366/1 1288/364/1
f 1302/367/1 1357/365/1 1303/363/1
f 1403/362/1 1290/368/1 1289/366/1
f 35/353/1 211/369/1 210/361/1
f 1403/362/1 1291/370/1 1290/368/1
f 1301/371/1 1357/365/1 1302/367/1
f 1403/362/1 1292/372/1 1291/370/1
f 1174/373/1 1422/356/1 1175/342/1
f 1301/371/1 1358/374/1 1357/365/1
f 1403/362/1 1293/375/1 1292/372/1
f 1300/376/1 1358/374/1 1301/371/1
f 1403/362/1 1294/377/1 1293/375/1
f 1403/362/1 1295/378/1 1294/377/1
f 1299/379/1 1358/374/1 1300/376/1
f 1403/362/1 1296/380/1 1295/378/1
f 35/353/1 212/381/1 211/369/1
f 1403/362/1 1297/382/1 1296/380/1
f 1298/383/1 1358/374/1 1299/379/1
f 1403/362/1 1298/383/1 1297/382/1
f 1403/362/1 1358/374/1 1298/383/1
f 1402/384/1 1358/374/1 1403/362/1
f 1402/384/1 1359/385/1 1358/374/1
f 35/353/1 213/386/1 212/381/1
f 1174/373/1 1423/387/1 1422/356/1
f 34/388/1 213/386/1 35/353/1
f 1402/384/1 1360/389/1 1359/385/1
f 34/388/1 214/390/1 213/386/1
f 1401/391/1 1360/389/1 1402/384/1
f 34/388/1 215/392/1 214/390/1
f 1173/393/1 1423/387/1 1174/373/1
f 34/388/1 216/394/1 215/392/1
f 1401/391/1 1361/395/1 1360/389/1
f 34/388/1 217/396/1 216/394/1
f 1400/397/1 1361/395/1 1401/391/1
f 1173/393/1 1424/398/1 1423/387/1
f 34/388/1 218/399/1 217/396/1
f 1400/397/1 1362/400/1 1361/395/1
f 34/388/1 219/401/1 218/399/1
f 1399/402/1 1362/400/1 1400/397/1
f 33/403/1 219/401/1 34/388/1
f 33/403/1 220/404/1 219/401/1
f 1399/402/1 1363/405/1 1362/400/1
f 1172/406/1 1424/398/1 1173/393/1
f 33/403/1 221/407/1 220/404/1
f 1398/408/1 1363/405/1 1399/402/1
f 33/403/1 417/409/1 221/407/1
f 417/409/1 222/410/1 221/407/1
f 1398/408/1 1364/411/1 1363/405/1
f 417/409/1 223/412/1 222/410/1
f 1172/406/1 1425/413/1 1424/398/1
f 1397/414/1 1364/411/1 1398/408/1
f 417/409/1 224/415/1 223/412/1
f 1397/414/1 1365/416/1 1364/411/1
f 417/409/1 416/417/1 224/415/1
f 416/417/1 418/418/1 224/415/1
f 418/418/1 421/419/1 224/415/1
f 421/419/1 225/420/1 224/415/1
f 1396/421/1 1365/416/1 1397/414/1
f 33/403/1 414/422/1 417/409/1
f 415/423/1 418/418/1 416/417/1
f 415/423/1 419/424/1 418/418/1
f 420/425/1 230/426/1 421/419/1
f 230/426/1 225/420/1 421/419/1
f 1171/427/1 1425/413/1 1172/406/1
f 1396/421/1 1366/428/1 1365/416/1
f 32/429/1 414/422/1 33/403/1
f 230/426/1 226/430/1 225/420/1
f 1395/431/1 1366/428/1 1396/421/1
f 1395/431/1 1367/432/1 1366/428/1
f 230/426/1 227/433/1 226/430/1
f 1171/427/1 1426/434/1 1425/413/1
f 1394/435/1 1367/432/1 1395/431/1
f 1394/435/1 1368/436/1 1367/432/1
f 230/426/1 228/437/1 227/433/1
f 1394/435/1 1369/438/1 1368/436/1
f 1393/439/1 1369/438/1 1394/435/1
f 230/426/1 229/440/1 228/437/1
f 1170/441/1 1426/434/1 1171/427/1
f 1393/439/1 1370/442/1 1369/438/1
f 1392/443/1 1370/442/1 1393/439/1
f 1392/443/1 1371/444/1 1370/442/1
f 31/445/1 414/422/1 32/429/1
f 1391/446/1 1371/444/1 1392/443/1
f 1170/441/1 1427/447/1 1426/434/1
f 420/425/1 231/448/1 230/426/1
f 1391/446/1 1372/449/1 1371/444/1
f 1391/446/1 1373/450/1 1372/449/1
f 1390/451/1 1373/450/1 1391/446/1
f 1390/451/1 1374/452/1 1373/450/1
f 1389/453/1 1374/452/1 1390/451/1
f 1169/454/1 1427/447/1 1170/441/1
f 1389/453/1 1375/455/1 1374/452/1
f 1388/456/1 1375/455/1 1389/453/1
f 1388/456/1 1376/457/1 1375/455/1
f 1388/456/1 1377/458/1 1376/457/1
f 1387/459/1 1377/458/1 1388/456/1
f 1387/459/1 1378/460/1 1377/458/1
f 1386/461/1 1378/460/1 1387/459/1
f 1386/461/1 1379/462/1 1378/460/1
f 1169/454/1 1428/463/1 1427/447/1
f 1385/464/1 1379/462/1 1386/461/1
f 1385/464/1 1380/465/1 1379/462/1
f 1385/464/1 1381/466/1 1380/465/1
f 1384/467/1 1381/466/1 1385/464/1
f 1384/467/1 1382/468/1 1381/466/1
f 1383/469/1 1382/468/1 1384/467/1
f 30/470/1 414/422/1 31/445/1
f 1168/471/1 1428/463/1 1169/454/1
f 1168/471/1 1429/472/1 1428/463/1
f 1167/473/1 1429/472/1 1168/471/1
f 1167/473/1 1430/474/1 1429/472/1
f 29/475/1 414/422/1 30/470/1
f 1166/476/1 1430/474/1 1167/473/1
f 1166/476/1 1431/477/1 1430/474/1
f 523/478/1 525/479/1 524/480/1
f 522/481/1 525/479/1 523/478/1
f 1165/482/1 1431/477/1 1166/476/1
f 522/481/1 526/483/1 525/479/1
f 521/484/1 526/483/1 522/481/1
f 521/484/1 527/485/1 526/483/1
f 1165/482/1 1432/486/1 1431/477/1
f 28/487/1 414/422/1 29/475/1
f 520/488/1 527/485/1 521/484/1
f 520/488/1 528/489/1 527/485/1
f 519/490/1 528/489/1 520/488/1
f 519/490/1 529/491/1 528/489/1
f 518/492/1 529/491/1 519/490/1
f 518/492/1 530/493/1 529/491/1
f 517/494/1 530/493/1 518/492/1
f 517/494/1 531/495/1 530/493/1
f 1164/496/1 1432/486/1 1165/482/1
f 1164/496/1 1433/497/1 1432/486/1
f 516/498/1 531/495/1 517/494/1
f 516/498/1 532/499/1 531/495/1
f 515/500/1 532/499/1 516/498/1
f 515/500/1 533/501/1 532/499/1
f 514/502/1 533/501/1 515/500/1
f 1164/496/1 1434/503/1 1433/497/1
f 27/504/1 414/422/1 28/487/1
f 27/504/1 415/423/1 414/422/1
f 27/504/1 419/424/1 415/423/1
f 27/504/1 420/425/1 419/424/1
f 27/504/1 231/448/1 420/425/1
f 1163/505/1 1434/503/1 1164/496/1
f 1162/506/1 1434/503/1 1163/505/1
f 1161/507/1 1434/503/1 1162/506/1
f 1160/508/1 1434/503/1 1161/507/1
f 1159/509/1 1434/503/1 1160/508/1
f 1158/510/1 1434/503/1 1159/509/1
f 514/502/1 534/511/1 533/501/1
f 1157/512/1 1434/503/1 1158/510/1
f 1156/513/1 1434/503/1 1157/512/1
f 1155/514/1 1434/503/1 1156/513/1
f 513/515/1 534/511/1 514/502/1
f 1154/516/1 1434/503/1 1155/514/1
f 1153/517/1 1434/503/1 1154/516/1
f 1152/518/1 1434/503/1 1153/517/1
f 1151/519/1 1434/503/1 1152/518/1
f 27/504/1 422/520/1 231/448/1
f 422/520/1 232/521/1 231/448/1
f 498/522/1 500/523/1 499/524/1
f 1150/525/1 1434/503/1 1151/519/1
f 498/522/1 501/526/1 500/523/1
f 1150/525/1 1128/527/1 1434/503/1
f 513/515/1 535/528/1 534/511/1
f 1149/529/1 1128/527/1 1150/525/1
f 498/522/1 502/530/1 501/526/1
f 512/531/1 535/528/1 513/515/1
f 498/522/1 503/532/1 502/530/1
f 1148/533/1 1128/527/1 1149/529/1
f 498/522/1 504/534/1 503/532/1
f 1147/535/1 1128/527/1 1148/533/1
f 498/522/1 505/536/1 504/534/1
f 1146/537/1 1128/527/1 1147/535/1
f 498/522/1 506/538/1 505/536/1
f 498/522/1 507/539/1 506/538/1
f 1145/540/1 1128/527/1 1146/537/1
f 498/522/1 508/541/1 507/539/1
f 512/531/1 536/542/1 535/528/1
f 498/522/1 509/543/1 508/541/1
f 1144/544/1 1128/527/1 1145/540/1
f 498/522/1 510/545/1 509/543/1
f 498/522/1 511/546/1 510/545/1
f 498/522/1 497/547/1 511/546/1
f 497/547/1 496/548/1 511/546/1
f 496/548/1 495/549/1 511/546/1
f 495/549/1 494/550/1 511/546/1
f 494/550/1 493/551/1 511/546/1
f 493/551/1 492/552/1 511/546/1
f 492/552/1 491/553/1 511/546/1
f 491/553/1 512/531/1 511/546/1
f 491/553/1 490/554/1 512/531/1
f 490/554/1 489/555/1 512/531/1
f 489/555/1 488/556/1 512/531/1
f 488/556/1 487/557/1 512/531/1
f 487/557/1 536/542/1 512/531/1
f 1143/558/1 1128/527/1 1144/544/1
f 1142/559/1 1128/527/1 1143/558/1
f 1141/560/1 1128/527/1 1142/559/1
f 1140/561/1 1128/527/1 1141/560/1
f 1139/562/1 1128/527/1 1140/561/1
f 1138/563/1 1128/527/1 1139/562/1
f 1137/564/1 1128/527/1 1138/563/1
f 1136/565/1 1128/527/1 1137/564/1
f 1135/566/1 1128/527/1 1136/565/1
f 1134/567/1 1128/527/1 1135/566/1
f 1133/568/2 1128/527/2 1134/567/2
f 1132/569/1 1128/527/1 1133/568/1
f 1131/570/1 1128/527/1 1132/569/1
f 1130/571/1 1128/527/1 1131/570/1
f 1129/572/1 1128/527/1 1130/571/1
f 26/573/1 413/574/1 27/504/1
f 413/574/1 422/520/1 27/504/1
f 487/557/1 486/575/1 536/542/1
f 486/575/1 537/576/1 536/542/1
f 486/575/1 538/577/1 537/576/1
f 486/575/1 539/578/1 538/577/1
f 486/575/1 540/579/1 539/578/1
f 486/575/1 541/580/1 540/579/1
f 486/575/1 542/581/1 541/580/1
f 486/575/1 543/582/1 542/581/1
f 26/573/1 410/583/1 413/574/1
f 412/584/1 422/520/1 413/574/1
f 411/585/1 423/586/1 412/584/1
f 423/586/1 422/520/1 412/584/1
f 411/585/1 424/587/1 423/586/1
f 425/588/1 232/521/1 422/520/1
f 486/575/1 544/589/1 543/582/1
f 486/575/1 545/590/1 544/589/1
f 486/575/1 546/591/1 545/590/1
f 486/575/1 547/592/1 546/591/1
f 486/575/1 548/593/1 547/592/1
f 486/575/1 549/594/1 548/593/1
f 486/575/1 692/595/1 549/594/1
f 692/595/1 716/596/1 549/594/1
f 716/596/1 550/597/1 549/594/1
f 485/598/1 692/595/1 486/575/1
f 485/598/1 693/599/1 692/595/1
f 715/600/1 550/597/1 716/596/1
f 715/600/1 551/601/1 550/597/1
f 715/600/1 552/602/1 551/601/1
f 715/600/1 553/603/1 552/602/1
f 715/600/1 554/604/1 553/603/1
f 715/600/1 555/605/1 554/604/1
f 714/606/1 555/605/1 715/600/1
f 714/606/1 556/607/1 555/605/1
f 485/598/1 694/608/1 693/599/1
f 714/606/1 557/609/1 556/607/1
f 484/610/1 694/608/1 485/598/1
f 714/606/1 558/611/1 557/609/1
f 714/606/1 559/612/1 558/611/1
f 714/606/1 560/613/1 559/612/1
f 714/606/1 561/614/1 560/613/1
f 713/615/1 561/614/1 714/606/1
f 484/610/1 695/616/1 694/608/1
f 483/617/1 695/616/1 484/610/1
f 712/618/1 561/614/1 713/615/1
f 712/618/1 562/619/1 561/614/1
f 483/617/1 696/620/1 695/616/1
f 482/621/1 696/620/1 483/617/1
f 711/622/1 562/619/1 712/618/1
f 711/622/1 563/623/1 562/619/1
f 482/621/1 697/624/1 696/620/1
f 481/625/1 697/624/1 482/621/1
f 710/626/1 563/623/1 711/622/1
f 710/626/1 564/627/1 563/623/1
f 481/625/1 698/628/1 697/624/1
f 480/629/1 698/628/1 481/625/1
f 709/630/1 564/627/1 710/626/1
f 26/573/1 1/631/1 410/583/1
f 1/631/1 411/585/1 410/583/1
f 1/631/1 424/587/1 411/585/1
f 1/631/1 425/588/1 424/587/1
f 1/631/1 409/632/1 425/588/1
f 409/632/1 258/633/1 425/588/1
f 258/633/1 257/634/1 425/588/1
f 257/634/1 232/521/1 425/588/1
f 480/629/1 699/635/1 698/628/1
f 709/630/1 565/636/1 564/627/1
f 708/637/1 565/636/1 709/630/1
f 479/638/1 699/635/1 480/629/1
f 479/638/1 700/639/1 699/635/1
f 708/637/1 566/640/1 565/636/1
f 707/641/1 566/640/1 708/637/1
f 478/642/1 700/639/1 479/638/1
f 478/642/1 701/643/1 700/639/1
f 707/641/1 567/644/1 566/640/1
f 706/645/1 567/644/1 707/641/1
f 478/642/1 702/646/1 701/643/1
f 26/573/1 2/647/1 1/631/1
f 408/648/1 258/633/1 409/632/1
f 408/648/1 259/649/1 258/633/1
f 256/650/1 232/521/1 257/634/1
f 477/651/1 702/646/1 478/642/1
f 256/650/1 233/652/1 232/521/1
f 706/645/1 568/653/1 567/644/1
f 705/654/1 568/653/1 706/645/1
f 477/651/1 703/655/1 702/646/1
f 256/650/1 234/656/1 233/652/1
f 26/573/1 3/657/1 2/647/1
f 255/658/1 234/656/1 256/650/1
f 476/659/1 703/655/1 477/651/1
f 255/658/1 235/660/1 234/656/1
f 254/661/1 235/660/1 255/658/1
f 26/573/1 4/662/1 3/657/1
f 25/663/1 4/662/1 26/573/1
f 704/664/1 568/653/1 705/654/1
f 704/664/1 569/665/1 568/653/1
f 254/661/1 236/666/1 235/660/1
f 253/667/1 236/666/1 254/661/1
f 476/659/1 704/664/1 703/655/1
f 25/663/1 5/668/1 4/662/1
f 24/669/1 5/668/1 25/663/1
f 252/670/1 236/666/1 253/667/1
f 252/670/1 237/671/1 236/666/1
f 24/669/1 6/672/1 5/668/1
f 23/673/1 6/672/1 24/669/1
f 251/674/1 237/671/1 252/670/1
f 251/674/1 238/675/1 237/671/1
f 475/676/1 704/664/1 476/659/1
f 22/677/1 6/672/1 23/673/1
f 22/677/1 7/678/1 6/672/1
f 250/679/1 238/675/1 251/674/1
f 250/679/1 239/680/1 238/675/1
f 475/676/1 569/665/1 704/664/1
f 249/681/1 239/680/1 250/679/1
f 475/676/1 570/682/1 569/665/1
f 21/683/1 7/678/1 22/677/1
f 21/683/1 8/684/1 7/678/1
f 249/681/1 240/685/1 239/680/1
f 248/686/1 240/685/1 249/681/1
f 248/686/1 241/687/1 240/685/1
f 20/688/1 8/684/1 21/683/1
f 20/688/1 9/689/1 8/684/1
f 247/690/1 241/687/1 248/686/1
f 247/690/1 242/691/1 241/687/1
f 246/692/1 242/691/1 247/690/1
f 19/693/1 9/689/1 20/688/1
f 246/692/1 243/694/1 242/691/1
f 245/695/1 243/694/1 246/692/1
f 19/693/1 10/696/1 9/689/1
f 245/695/1 244/697/1 243/694/1
f 18/698/1 10/696/1 19/693/1
f 18/698/1 11/699/1 10/696/1
f 17/700/1 11/699/1 18/698/1
f 17/700/1 12/701/1 11/699/1
f 474/702/1 570/682/1 475/676/1
f 16/703/1 12/701/1 17/700/1
f 16/703/1 13/704/1 12/701/1
f 15/705/1 13/704/1 16/703/1
f 15/705/1 14/706/1 13/704/1
f 474/702/1 571/707/1 570/682/1
f 271/708/1 273/709/1 272/710/1
f 473/711/1 571/707/1 474/702/1
f 270/712/1 273/709/1 271/708/1
f 270/712/1 274/713/1 273/709/1
f 473/711/1 572/714/1 571/707/1
f 269/715/1 274/713/1 270/712/1
f 269/715/1 275/716/1 274/713/1
f 268/717/1 275/716/1 269/715/1
f 268/717/1 276/718/1 275/716/1
f 267/719/1 276/718/1 268/717/1
f 267/719/1 277/720/1 276/718/1
f 266/721/1 277/720/1 267/719/1
f 266/721/1 278/722/1 277/720/1
f 265/723/1 278/722/1 266/721/1
f 473/711/1 573/724/1 572/714/1
f 265/723/1 279/725/1 278/722/1
f 472/726/1 573/724/1 473/711/1
f 472/726/1 574/727/1 573/724/1
f 264/728/1 279/725/1 265/723/1
f 264/728/1 280/729/1 279/725/1
f 472/726/1 575/730/1 574/727/1
f 472/726/1 576/731/1 575/730/1
f 263/732/1 280/729/1 264/728/1
f 263/732/1 281/733/1 280/729/1
f 472/726/1 577/734/1 576/731/1
f 472/726/1 578/735/1 577/734/1
f 262/736/1 281/733/1 263/732/1
f 262/736/1 282/737/1 281/733/1
f 472/726/1 579/738/1 578/735/1
f 471/739/1 579/738/1 472/726/1
f 471/739/1 580/740/1 579/738/1
f 261/741/1 282/737/1 262/736/1
f 261/741/1 283/742/1 282/737/1
f 471/739/1 581/743/1 580/740/1
f 394/744/1 396/745/1 395/746/1
f 471/739/1 582/747/1 581/743/1
f 394/744/1 397/748/1 396/745/1
f 394/744/1 398/749/1 397/748/1
f 260/750/1 283/742/1 261/741/1
f 260/750/1 284/751/1 283/742/1
f 471/739/1 426/752/1 582/747/1
f 426/752/1 583/753/1 582/747/1
f 470/754/1 426/752/1 471/739/1
f 470/754/1 427/755/1 426/752/1
f 691/756/1 583/753/1 426/752/1
f 394/744/1 399/757/1 398/749/1
f 394/744/1 400/758/1 399/757/1
f 394/744/1 401/759/1 400/758/1
f 691/756/1 584/760/1 583/753/1
f 394/744/1 402/761/1 401/759/1
f 690/762/1 584/760/1 691/756/1
f 394/744/1 403/763/1 402/761/1
f 394/744/1 404/764/1 403/763/1
f 394/744/1 405/765/1 404/764/1
f 394/744/1 406/766/1 405/765/1
f 394/744/1 407/767/1 406/766/1
f 394/744/1 393/768/1 407/767/1
f 393/768/1 392/769/1 407/767/1
f 392/769/1 391/770/1 407/767/1
f 391/770/1 390/771/1 407/767/1
f 390/771/1 408/648/1 407/767/1
f 390/771/1 389/772/1 408/648/1
f 389/772/1 259/649/1 408/648/1
f 389/772/1 388/773/1 259/649/1
f 388/773/1 387/774/1 259/649/1
f 387/774/1 386/775/1 259/649/1
f 386/775/1 260/750/1 259/649/1
f 386/775/1 284/751/1 260/750/1
f 386/775/1 385/776/1 284/751/1
f 385/776/1 285/777/1 284/751/1
f 690/762/1 585/778/1 584/760/1
f 689/779/1 585/778/1 690/762/1
f 385/776/1 286/780/1 285/777/1
f 688/781/1 585/778/1 689/779/1
f 385/776/1 287/782/1 286/780/1
f 469/783/1 427/755/1 470/754/1
f 469/783/1 428/784/1 427/755/1
f 385/776/1 288/785/1 287/782/1
f 687/786/1 585/778/1 688/781/1
f 385/776/1 289/787/1 288/785/1
f 687/786/1 586/788/1 585/778/1
f 686/789/1 586/788/1 687/786/1
f 385/776/1 384/790/1 289/787/1
f 384/790/1 290/791/1 289/787/1
f 384/790/1 291/792/1 290/791/1
f 685/793/1 586/788/1 686/789/1
f 384/790/1 292/794/1 291/792/1
f 684/795/1 586/788/1 685/793/1
f 384/790/1 293/796/1 292/794/1
f 684/795/1 587/797/1 586/788/1
f 469/783/1 429/798/1 428/784/1
f 468/799/1 429/798/1 469/783/1
f 384/790/1 294/800/1 293/796/1
f 683/801/1 587/797/1 684/795/1
f 384/790/1 383/802/1 294/800/1
f 383/802/1 295/803/1 294/800/1
f 682/804/1 587/797/1 683/801/1
f 383/802/1 296/805/1 295/803/1
f 383/802/1 297/806/1 296/805/1
f 681/807/1 587/797/1 682/804/1
f 681/807/1 588/808/1 587/797/1
f 383/802/1 298/809/1 297/806/1
f 680/810/1 588/808/1 681/807/1
f 383/802/1 299/811/1 298/809/1
f 468/799/1 430/812/1 429/798/1
f 467/813/1 430/812/1 468/799/1
f 383/802/1 300/814/1 299/811/1
f 679/815/1 588/808/1 680/810/1
f 383/802/1 382/816/1 300/814/1
f 382/816/1 301/817/1 300/814/1
f 382/816/1 302/818/1 301/817/1
f 679/815/1 589/819/1 588/808/1
f 382/816/1 303/820/1 302/818/1
f 382/816/1 304/821/1 303/820/1
f 382/816/1 305/822/1 304/821/1
f 382/816/1 306/823/1 305/822/1
f 382/816/1 307/824/1 306/823/1
f 382/816/1 308/825/1 307/824/1
f 381/826/1 308/825/1 382/816/1
f 380/827/1 309/828/1 381/826/1
f 309/828/1 308/825/1 381/826/1
f 380/827/1 310/829/1 309/828/1
f 467/813/1 431/830/1 430/812/1
f 380/827/1 311/831/1 310/829/1
f 679/815/1 590/832/1 589/819/1
f 466/833/1 431/830/1 467/813/1
f 379/834/1 311/831/1 380/827/1
f 678/835/1 590/832/1 679/815/1
f 379/834/1 312/836/1 311/831/1
f 378/837/1 312/836/1 379/834/1
f 678/835/1 591/838/1 590/832/1
f 378/837/1 313/839/1 312/836/1
f 377/840/1 313/839/1 378/837/1
f 466/833/1 432/841/1 431/830/1
f 465/842/1 432/841/1 466/833/1
f 377/840/1 314/843/1 313/839/1
f 677/844/1 591/838/1 678/835/1
f 677/844/1 592/845/1 591/838/1
f 376/846/1 314/843/1 377/840/1
f 376/846/1 315/847/1 314/843/1
f 677/844/1 593/848/1 592/845/1
f 375/849/1 315/847/1 376/846/1
f 465/842/1 433/850/1 432/841/1
f 375/849/1 316/851/1 315/847/1
f 464/852/1 433/850/1 465/842/1
f 677/844/1 594/853/1 593/848/1
f 676/854/1 594/853/1 677/844/1
f 374/855/1 316/851/1 375/849/1
f 374/855/1 317/856/1 316/851/1
f 676/854/1 595/857/1 594/853/1
f 373/858/1 317/856/1 374/855/1
f 464/852/1 434/859/1 433/850/1
f 676/854/1 596/860/1 595/857/1
f 373/858/1 318/861/1 317/856/1
f 463/862/1 434/859/1 464/852/1
f 675/863/1 596/860/1 676/854/1
f 675/863/1 597/864/1 596/860/1
f 675/863/1 598/865/1 597/864/1
f 675/863/1 599/866/1 598/865/1
f 675/863/1 600/867/1 599/866/1
f 372/868/1 318/861/1 373/858/1
f 675/863/1 601/869/1 600/867/1
f 675/863/1 602/870/1 601/869/1
f 675/863/1 603/871/1 602/870/1
f 675/863/1 604/872/1 603/871/1
f 675/863/1 605/873/1 604/872/1
f 675/863/1 606/874/1 605/873/1
f 372/868/1 319/875/1 318/861/1
f 675/863/1 607/876/1 606/874/1
f 675/863/1 608/877/1 607/876/1
f 463/862/1 435/878/1 434/859/1
f 371/879/1 319/875/1 372/868/1
f 675/863/1 609/880/1 608/877/1
f 675/863/1 610/881/1 609/880/1
f 675/863/1 611/882/1 610/881/1
f 675/863/1 612/883/1 611/882/1
f 674/884/1 612/883/1 675/863/1
f 674/884/1 613/885/1 612/883/1
f 462/886/1 435/878/1 463/862/1
f 371/879/1 320/887/1 319/875/1
f 674/884/1 614/888/1 613/885/1
f 370/889/1 320/887/1 371/879/1
f 674/884/1 615/890/1 614/888/1
f 674/884/1 616/891/1 615/890/1
f 674/884/1 617/892/1 616/891/1
f 674/884/1 618/893/1 617/892/1
f 674/884/1 619/894/1 618/893/1
f 674/884/1 620/895/1 619/894/1
f 674/884/1 621/896/1 620/895/1
f 462/886/1 436/897/1 435/878/1
f 674/884/1 622/898/1 621/896/1
f 674/884/1 623/899/1 622/898/1
f 674/884/1 624/900/1 623/899/1
f 369/901/1 320/887/1 370/889/1
f 674/884/1 625/902/1 624/900/1
f 369/901/1 321/903/1 320/887/1
f 674/884/1 626/904/1 625/902/1
f 674/884/1 627/905/1 626/904/1
f 673/906/1 627/905/1 674/884/1
f 673/906/1 628/907/1 627/905/1
f 461/908/1 436/897/1 462/886/1
f 844/909/1 846/910/1 845/911/1
f 460/912/1 436/897/1 461/908/1
f 673/906/1 629/913/1 628/907/1
f 459/914/1 436/897/1 460/912/1
f 458/915/1 436/897/1 459/914/1
f 457/916/1 436/897/1 458/915/1
f 456/917/1 436/897/1 457/916/1
f 673/906/1 630/918/1 629/913/1
f 368/919/1 321/903/1 369/901/1
f 455/920/1 436/897/1 456/917/1
f 455/920/1 437/921/1 436/897/1
f 454/922/1 437/921/1 455/920/1
f 673/906/1 631/923/1 630/918/1
f 453/924/1 437/921/1 454/922/1
f 452/925/1 437/921/1 453/924/1
f 368/919/1 322/926/1 321/903/1
f 843/927/1 846/910/1 844/909/1
f 673/906/1 632/928/1 631/923/1
f 451/929/1 437/921/1 452/925/1
f 450/930/1 437/921/1 451/929/1
f 673/906/1 633/931/1 632/928/1
f 449/932/1 437/921/1 450/930/1
f 673/906/1 634/933/1 633/931/1
f 367/934/1 322/926/1 368/919/1
f 672/935/1 634/933/1 673/906/1
f 367/934/1 323/936/1 322/926/1
f 842/937/1 846/910/1 843/927/1
f 448/938/1 437/921/1 449/932/1
f 672/935/1 635/939/1 634/933/1
f 447/940/1 437/921/1 448/938/1
f 672/935/1 636/941/1 635/939/1
f 447/940/1 438/942/1 437/921/1
f 842/937/1 847/943/1 846/910/1
f 367/934/1 324/944/1 323/936/1
f 841/945/1 847/943/1 842/937/1
f 446/946/1 438/942/1 447/940/1
f 366/947/1 324/944/1 367/934/1
f 672/935/1 637/948/1 636/941/1
f 445/949/1 438/942/1 446/946/1
f 366/947/1 325/950/1 324/944/1
f 672/935/1 638/951/1 637/948/1
f 444/952/1 438/942/1 445/949/1
f 671/953/1 638/951/1 672/935/1
f 840/954/1 847/943/1 841/945/1
f 443/955/1 438/942/1 444/952/1
f 365/956/1 325/950/1 366/947/1
f 442/957/1 438/942/1 443/955/1
f 671/953/1 639/958/1 638/951/1
f 365/956/1 326/959/1 325/950/1
f 441/960/1 438/942/1 442/957/1
f 441/960/1 439/961/1 438/942/1
f 440/962/1 439/961/1 441/960/1
f 839/963/1 847/943/1 840/954/1
f 671/953/1 640/964/1 639/958/1
f 839/963/1 848/965/1 847/943/1
f 365/956/1 327/966/1 326/959/1
f 364/967/1 327/966/1 365/956/1
f 364/967/1 328/968/1 327/966/1
f 671/953/1 641/969/1 640/964/1
f 670/970/1 641/969/1 671/953/1
f 838/971/1 848/965/1 839/963/1
f 363/972/1 328/968/1 364/967/1
f 363/972/1 329/973/1 328/968/1
f 670/970/1 642/974/1 641/969/1
f 363/972/1 330/975/1 329/973/1
f 837/976/1 848/965/1 838/971/1
f 362/977/1 330/975/1 363/972/1
f 837/976/1 849/978/1 848/965/1
f 362/977/1 331/979/1 330/975/1
f 670/970/1 643/980/1 642/974/1
f 669/981/1 643/980/1 670/970/1
f 362/977/1 332/982/1 331/979/1
f 836/983/1 849/978/1 837/976/1
f 361/984/1 332/982/1 362/977/1
f 361/984/1 333/985/1 332/982/1
f 669/981/1 644/986/1 643/980/1
f 361/984/1 334/987/1 333/985/1
f 360/988/1 334/987/1 361/984/1
f 835/989/1 849/978/1 836/983/1
f 668/990/1 644/986/1 669/981/1
f 668/990/1 645/991/1 644/986/1
f 359/992/1 334/987/1 360/988/1
f 835/989/1 850/993/1 849/978/1
f 358/994/1 334/987/1 359/992/1
f 358/994/1 335/995/1 334/987/1
f 668/990/1 646/996/1 645/991/1
f 834/997/1 850/993/1 835/989/1
f 357/998/1 335/995/1 358/994/1
f 356/999/1 335/995/1 357/998/1
f 668/990/1 647/1000/1 646/996/1
f 667/1001/1 647/1000/1 668/990/1
f 667/1001/1 648/1002/1 647/1000/1
f 356/999/1 336/1003/1 335/995/1
f 833/1004/1 850/993/1 834/997/1
f 666/1005/1 648/1002/1 667/1001/1
f 666/1005/1 649/1006/1 648/1002/1
f 355/1007/1 336/1003/1 356/999/1
f 665/1008/1 649/1006/1 666/1005/1
f 833/1004/1 851/1009/1 850/993/1
f 665/1008/1 650/1010/1 649/1006/1
f 664/1011/1 650/1010/1 665/1008/1
f 663/1012/1 650/1010/1 664/1011/1
f 355/1007/1 337/1013/1 336/1003/1
f 832/1014/1 851/1009/1 833/1004/1
f 663/1012/1 651/1015/1 650/1010/1
f 662/1016/1 651/1015/1 663/1012/1
f 354/1017/1 337/1013/1 355/1007/1
f 662/1016/1 652/1018/1 651/1015/1
f 661/1019/1 652/1018/1 662/1016/1
f 661/1019/1 653/1020/1 652/1018/1
f 660/1021/1 653/1020/1 661/1019/1
f 659/1022/1 653/1020/1 660/1021/1
f 659/1022/1 654/1023/1 653/1020/1
f 658/1024/1 654/1023/1 659/1022/1
f 658/1024/1 655/1025/1 654/1023/1
f 657/1026/1 655/1025/1 658/1024/1
f 657/1026/1 656/1027/1 655/1025/1
f 354/1017/1 338/1028/1 337/1013/1
f 353/1029/1 338/1028/1 354/1017/1
f 832/1014/1 852/1030/1 851/1009/1
f 352/1031/1 338/1028/1 353/1029/1
f 352/1031/1 339/1032/1 338/1028/1
f 351/1033/1 339/1032/1 352/1031/1
f 351/1033/1 340/1034/1 339/1032/1
f 832/1014/1 853/1035/1 852/1030/1
f 831/1036/1 853/1035/1 832/1014/1
f 350/1037/1 340/1034/1 351/1033/1
f 350/1037/1 341/1038/1 340/1034/1
f 349/1039/1 341/1038/1 350/1037/1
f 349/1039/1 342/1040/1 341/1038/1
f 348/1041/1 342/1040/1 349/1039/1
f 348/1041/1 343/1042/1 342/1040/1
f 347/1043/1 343/1042/1 348/1041/1
f 831/1036/1 854/1044/1 853/1035/1
f 347/1043/1 344/1045/1 343/1042/1
f 346/1046/1 344/1045/1 347/1043/1
f 346/1046/1 345/1047/1 344/1045/1
f 831/1036/1 855/1048/1 854/1044/1
f 830/1049/1 855/1048/1 831/1036/1
f 830/1049/1 881/1050/1 855/1048/1
f 881/1050/1 856/1051/1 855/1048/1
f 830/1049/1 882/1052/1 881/1050/1
f 880/1053/1 856/1051/1 881/1050/1
f 880/1053/1 857/1054/1 856/1051/1
f 879/1055/1 857/1054/1 880/1053/1
f 829/1056/1 882/1052/1 830/1049/1
f 878/1057/1 857/1054/1 879/1055/1
f 878/1057/1 858/1058/1 857/1054/1
f 877/1059/1 858/1058/1 878/1057/1
f 877/1059/1 859/1060/1 858/1058/1
f 829/1056/1 883/1061/1 882/1052/1
f 877/1059/1 860/1062/1 859/1060/1
f 876/1063/1 860/1062/1 877/1059/1
f 876/1063/1 861/1064/1 860/1062/1
f 875/1065/1 861/1064/1 876/1063/1
f 875/1065/1 862/1066/1 861/1064/1
f 874/1067/1 862/1066/1 875/1065/1
f 874/1067/1 863/1068/1 862/1066/1
f 873/1069/1 863/1068/1 874/1067/1
f 873/1069/1 864/1070/1 863/1068/1
f 873/1069/1 865/1071/1 864/1070/1
f 872/1072/1 865/1071/1 873/1069/1
f 828/1073/1 883/1061/1 829/1056/1
f 872/1072/1 866/1074/1 865/1071/1
f 871/1075/1 866/1074/1 872/1072/1
f 871/1075/1 867/1076/1 866/1074/1
f 870/1077/1 867/1076/1 871/1075/1
f 870/1077/1 868/1078/1 867/1076/1
f 869/1079/1 868/1078/1 870/1077/1
f 828/1073/1 884/1080/1 883/1061/1
f 828/1073/1 885/1081/1 884/1080/1
f 827/1082/1 885/1081/1 828/1073/1
f 827/1082/1 886/1083/1 885/1081/1
f 826/1084/1 886/1083/1 827/1082/1
f 826/1084/1 887/1085/1 886/1083/1
f 825/1086/1 887/1085/1 826/1084/1
f 825/1086/1 888/1087/1 887/1085/1
f 825/1086/1 889/1088/1 888/1087/1
f 824/1089/1 889/1088/1 825/1086/1
f 824/1089/1 890/1090/1 889/1088/1
f 823/1091/1 890/1090/1 824/1089/1
f 823/1091/1 891/1092/1 890/1090/1
f 823/1091/1 892/1093/1 891/1092/1
f 822/1094/1 892/1093/1 823/1091/1
f 822/1094/1 893/1095/1 892/1093/1
f 821/1096/1 893/1095/1 822/1094/1
f 821/1096/1 773/1097/1 893/1095/1
f 773/1097/1 894/1098/1 893/1095/1
f 820/1099/1 773/1097/1 821/1096/1
f 819/1100/1 773/1097/1 820/1099/1
f 818/1101/1 773/1097/1 819/1100/1
f 817/1102/1 773/1097/1 818/1101/1
f 816/1103/1 773/1097/1 817/1102/1
f 815/1104/1 773/1097/1 816/1103/1
f 814/1105/1 773/1097/1 815/1104/1
f 813/1106/1 773/1097/1 814/1105/1
f 812/1107/1 773/1097/1 813/1106/1
f 811/1108/1 773/1097/1 812/1107/1
f 811/1108/1 774/1109/1 773/1097/1
f 772/1110/1 894/1098/1 773/1097/1
f 810/1111/1 774/1109/1 811/1108/1
f 809/1112/1 774/1109/1 810/1111/1
f 809/1112/1 775/1113/1 774/1109/1
f 808/1114/1 775/1113/1 809/1112/1
f 808/1114/1 776/1115/1 775/1113/1
f 807/1116/1 776/1115/1 808/1114/1
f 806/1117/1 776/1115/1 807/1116/1
f 806/1117/1 777/1118/1 776/1115/1
f 805/1119/1 777/1118/1 806/1117/1
f 805/1119/1 778/1120/1 777/1118/1
f 804/1121/1 778/1120/1 805/1119/1
f 804/1121/1 779/1122/1 778/1120/1
f 803/1123/1 779/1122/1 804/1121/1
f 803/1123/1 780/1124/1 779/1122/1
f 802/1125/1 780/1124/1 803/1123/1
f 801/1126/1 780/1124/1 802/1125/1
f 801/1126/1 781/1127/1 780/1124/1
f 800/1128/1 781/1127/1 801/1126/1
f 800/1128/1 782/1129/1 781/1127/1
f 799/1130/1 782/1129/1 800/1128/1
f 798/1131/1 782/1129/1 799/1130/1
f 798/1131/1 783/1132/1 782/1129/1
f 797/1133/1 783/1132/1 798/1131/1
f 796/1134/1 783/1132/1 797/1133/1
f 795/1135/1 783/1132/1 796/1134/1
f 794/1136/1 783/1132/1 795/1135/1
f 793/1137/1 783/1132/1 794/1136/1
f 793/1137/1 784/1138/1 783/1132/1
f 792/1139/1 784/1138/1 793/1137/1
f 791/1140/1 784/1138/1 792/1139/1
f 790/1141/1 784/1138/1 791/1140/1
f 789/1142/1 784/1138/1 790/1141/1
f 789/1142/1 785/1143/1 784/1138/1
f 788/1144/1 785/1143/1 789/1142/1
f 787/1145/1 785/1143/1 788/1144/1
f 786/1146/1 785/1143/1 787/1145/1
f 906/1147/1 908/1148/1 907/1149/1
f 906/1147/1 909/1150/1 908/1148/1
f 905/1151/1 909/1150/1 906/1147/1
f 905/1151/1 910/1152/1 909/1150/1
f 904/1153/1 910/1152/1 905/1151/1
f 904/1153/1 911/1154/1 910/1152/1
f 903/1155/1 911/1154/1 904/1153/1
f 903/1155/1 912/1156/1 911/1154/1
f 902/1157/1 912/1156/1 903/1155/1
f 902/1157/1 913/1158/1 912/1156/1
f 901/1159/1 913/1158/1 902/1157/1
f 901/1159/1 914/1160/1 913/1158/1
f 900/1161/1 914/1160/1 901/1159/1
f 900/1161/1 915/1162/1 914/1160/1
f 899/1163/1 915/1162/1 900/1161/1
f 899/1163/1 916/1164/1 915/1162/1
f 898/1165/1 916/1164/1 899/1163/1
f 898/1165/1 917/1166/1 916/1164/1
f 897/1167/1 917/1166/1 898/1165/1
f 897/1167/1 918/1168/1 917/1166/1
f 896/1169/1 918/1168/1 897/1167/1
f 896/1169/1 919/1170/1 918/1168/1
f 758/1171/1 760/1172/1 759/1173/1
f 758/1171/1 761/1174/1 760/1172/1
f 895/1175/1 919/1170/1 896/1169/1
f 895/1175/1 920/1176/1 919/1170/1
f 758/1171/1 762/1177/1 761/1174/1
f 758/1171/1 763/1178/1 762/1177/1
f 758/1171/1 764/1179/1 763/1178/1
f 895/1175/1 921/1180/1 920/1176/1
f 758/1171/1 765/1181/1 764/1179/1
f 758/1171/1 766/1182/1 765/1181/1
f 758/1171/1 767/1183/1 766/1182/1
f 895/1175/1 922/1184/1 921/1180/1
f 758/1171/1 768/1185/1 767/1183/1
f 758/1171/1 769/1186/1 768/1185/1
f 758/1171/1 770/1187/1 769/1186/1
f 758/1171/1 771/1188/1 770/1187/1
f 758/1171/1 757/1189/1 771/1188/1
f 757/1189/1 756/1190/1 771/1188/1
f 756/1190/1 755/1191/1 771/1188/1
f 755/1191/1 754/1192/1 771/1188/1
f 754/1192/1 753/1193/1 771/1188/1
f 753/1193/1 752/1194/1 771/1188/1
f 752/1194/1 772/1110/1 771/1188/1
f 752/1194/1 751/1195/1 772/1110/1
f 751/1195/1 894/1098/1 772/1110/1
f 751/1195/1 750/1196/1 894/1098/1
f 750/1196/1 749/1197/1 894/1098/1
f 749/1197/1 895/1175/1 894/1098/1
f 749/1197/1 748/1198/1 895/1175/1
f 748/1198/1 922/1184/1 895/1175/1
f 748/1198/1 923/1199/1 922/1184/1
f 748/1198/1 924/1200/1 923/1199/1
f 748/1198/1 925/1201/1 924/1200/1
f 748/1198/1 926/1202/1 925/1201/1
f 748/1198/1 747/1203/1 926/1202/1
f 747/1203/1 927/1204/1 926/1202/1
f 747/1203/1 928/1205/1 927/1204/1
f 747/1203/1 929/1206/1 928/1205/1
f 747/1203/1 930/1207/1 929/1206/1
f 747/1203/1 931/1208/1 930/1207/1
f 747/1203/1 932/1209/1 931/1208/1
f 747/1203/1 933/1210/1 932/1209/1
f 747/1203/1 746/1211/1 933/1210/1
f 746/1211/1 934/1212/1 933/1210/1
f 746/1211/1 935/1213/1 934/1212/1
f 746/1211/1 936/1214/1 935/1213/1
f 746/1211/1 937/1215/1 936/1214/1
f 746/1211/1 938/1216/1 937/1215/1
f 746/1211/1 939/1217/1 938/1216/1
f 746/1211/1 940/1218/1 939/1217/1
f 746/1211/1 941/1219/1 940/1218/1
f 746/1211/1 942/1220/1 941/1219/1
f 746/1211/1 943/1221/1 942/1220/1
f 745/1222/1 943/1221/1 746/1211/1
f 744/1223/1 944/1224/1 745/1222/1
f 944/1224/1 943/1221/1 745/1222/1
f 744/1223/1 945/1225/1 944/1224/1
f 957/1226/1 959/1227/1 958/1228/1
f 957/1226/1 960/1229/1 959/1227/1
f 956/1230/1 960/1229/1 957/1226/1
f 956/1230/1 961/1231/1 960/1229/1
f 955/1232/1 961/1231/1 956/1230/1
f 955/1232/1 962/1233/1 961/1231/1
f 954/1234/1 962/1233/1 955/1232/1
f 954/1234/1 963/1235/1 962/1233/1
f 953/1236/1 963/1235/1 954/1234/1
f 953/1236/1 964/1237/1 963/1235/1
f 952/1238/1 964/1237/1 953/1236/1
f 952/1238/1 965/1239/1 964/1237/1
f 951/1240/1 965/1239/1 952/1238/1
f 951/1240/1 966/1241/1 965/1239/1
f 950/1242/1 966/1241/1 951/1240/1
f 950/1242/1 967/1243/1 966/1241/1
f 949/1244/1 967/1243/1 950/1242/1
f 949/1244/1 968/1245/1 967/1243/1
f 948/1246/1 968/1245/1 949/1244/1
f 948/1246/1 969/1247/1 968/1245/1
f 947/1248/1 969/1247/1 948/1246/1
f 947/1248/1 970/1249/1 969/1247/1
f 730/1250/1 732/1251/1 731/1252/1
f 946/1253/1 970/1249/1 947/1248/1
f 946/1253/1 971/1254/1 970/1249/1
f 730/1250/1 733/1255/1 732/1251/1
f 730/1250/1 734/1256/1 733/1255/1
f 730/1250/1 735/1257/1 734/1256/1
f 946/1253/1 972/1258/1 971/1254/1
f 730/1250/1 736/1259/1 735/1257/1
f 730/1250/1 737/1260/1 736/1259/1
f 730/1250/1 738/1261/1 737/1260/1
f 946/1253/1 973/1262/1 972/1258/1
f 730/1250/1 739/1263/1 738/1261/1
f 730/1250/1 740/1264/1 739/1263/1
f 730/1250/1 741/1265/1 740/1264/1
f 730/1250/1 742/1266/1 741/1265/1
f 730/1250/1 743/1267/1 742/1266/1
f 730/1250/1 729/1268/1 743/1267/1
f 729/1268/1 728/1269/1 743/1267/1
f 728/1269/1 727/1270/1 743/1267/1
f 727/1270/1 726/1271/1 743/1267/1
f 726/1271/1 725/1272/1 743/1267/1
f 725/1272/1 724/1273/1 743/1267/1
f 724/1273/1 723/1274/1 743/1267/1
f 723/1274/1 722/1275/1 743/1267/1
f 722/1275/1 744/1223/1 743/1267/1
f 722/1275/1 945/1225/1 744/1223/1
f 722/1275/1 721/1276/1 945/1225/1
f 721/1276/1 720/1277/1 945/1225/1
f 720/1277/1 946/1253/1 945/1225/1
f 720/1277/1 973/1262/1 946/1253/1
f 720/1277/1 974/1278/1 973/1262/1
f 720/1277/1 975/1279/1 974/1278/1
f 720/1277/1 719/1280/1 975/1279/1
f 719/1280/1 976/1281/1 975/1279/1
f 719/1280/1 977/1282/1 976/1281/1
f 719/1280/1 978/1283/1 977/1282/1
f 719/1280/1 979/1284/1 978/1283/1
f 719/1280/1 980/1285/1 979/1284/1
f 719/1280/1 981/1286/1 980/1285/1
f 719/1280/1 982/1287/1 981/1286/1
f 719/1280/1 983/1288/1 982/1287/1
f 719/1280/1 718/1289/1 983/1288/1
f 718/1289/1 984/1290/1 983/1288/1
f 718/1289/1 985/1291/1 984/1290/1
f 718/1289/1 986/1292/1 985/1291/1
f 718/1289/1 987/1293/1 986/1292/1
f 718/1289/1 988/1294/1 987/1293/1
f 718/1289/1 989/1295/1 988/1294/1
f 718/1289/1 990/1296/1 989/1295/1
f 718/1289/1 991/1297/1 990/1296/1
f 718/1289/1 992/1298/1 991/1297/1
f 718/1289/1 993/1299/1 992/1298/1
f 718/1289/1 994/1300/1 993/1299/1
f 717/1301/1 994/1300/1 718/1289/1
f 1127/1302/1 995/1303/1 717/1301/1
f 995/1303/1 994/1300/1 717/1301/1
f 1127/1302/1 996/1304/1 995/1303/1
f 1127/1302/1 997/1305/1 996/1304/1
f 1127/1302/1 998/1306/1 997/1305/1
f 1127/1302/1 999/1307/1 998/1306/1
f 1127/1302/1 1000/1308/1 999/1307/1
f 1127/1302/1 1001/1309/1 1000/1308/1
f 1127/1302/1 1002/1310/1 1001/1309/1
f 1127/1302/1 1003/1311/1 1002/1310/1
f 1127/1302/1 1004/1312/1 1003/1311/1
f 1127/1302/1 1005/1313/1 1004/1312/1
f 1127/1302/1 1006/1314/1 1005/1313/1
f 1127/1302/1 1007/1315/1 1006/1314/1
f 1127/1302/1 1008/1316/1 1007/1315/1
f 1127/1302/1 1009/1317/1 1008/1316/1
f 1127/1302/1 1010/1318/1 1009/1317/1
f 1127/1302/1 1011/1319/1 1010/1318/1
f 1127/1302/1 1012/1320/1 1011/1319/1
f 1127/1302/1 1013/1321/1 1012/1320/1
f 1126/1322/1 1013/1321/1 1127/1302/1
f 1126/1322/1 1014/1323/1 1013/1321/1
f 1125/1324/1 1014/1323/1 1126/1322/1
f 1125/1324/1 1015/1325/1 1014/1323/1
f 1124/1326/1 1015/1325/1 1125/1324/1
f 1124/1326/1 1016/1327/1 1015/1325/1
f 1123/1328/1 1016/1327/1 1124/1326/1
f 1123/1328/1 1017/1329/1 1016/1327/1
f 1102/1330/1 1104/1331/1 1103/1332/1
f 1101/1333/1 1104/1331/1 1102/1330/1
f 1100/1334/1 1104/1331/1 1101/1333/1
f 1122/1335/1 1017/1329/1 1123/1328/1
f 1099/1336/1 1104/1331/1 1100/1334/1
f 1122/1335/1 1018/1337/1 1017/1329/1
f 1098/1338/1 1104/1331/1 1099/1336/1
f 1097/1339/1 1104/1331/1 1098/1338/1
f 1097/1339/1 1105/1340/1 1104/1331/1
f 1096/1341/1 1105/1340/1 1097/1339/1
f 1122/1335/1 1019/1342/1 1018/1337/1
f 1095/1343/1 1105/1340/1 1096/1341/1
f 1121/1344/1 1019/1342/1 1122/1335/1
f 1095/1343/1 1106/1345/1 1105/1340/1
f 1094/1346/1 1106/1345/1 1095/1343/1
f 1121/1344/1 1020/1347/1 1019/1342/1
f 1093/1348/1 1106/1345/1 1094/1346/1
f 1093/1348/1 1107/1349/1 1106/1345/1
f 1120/1350/1 1020/1347/1 1121/1344/1
f 1092/1351/1 1107/1349/1 1093/1348/1
f 1092/1351/1 1108/1352/1 1107/1349/1
f 1119/1353/1 1020/1347/1 1120/1350/1
f 1091/1354/1 1108/1352/1 1092/1351/1
f 1091/1354/1 1109/1355/1 1108/1352/1
f 1091/1354/1 1110/1356/1 1109/1355/1
f 1090/1357/1 1110/1356/1 1091/1354/1
f 1118/1358/1 1020/1347/1 1119/1353/1
f 1090/1357/1 1111/1359/1 1110/1356/1
f 1089/1360/1 1111/1359/1 1090/1357/1
f 1117/1361/1 1020/1347/1 1118/1358/1
f 1089/1360/1 1112/1362/1 1111/1359/1
f 1089/1360/1 1113/1363/1 1112/1362/1
f 1116/1364/1 1020/1347/1 1117/1361/1
f 1088/1365/1 1113/1363/1 1089/1360/1
f 1088/1365/1 1114/1366/1 1113/1363/1
f 1115/1367/1 1020/1347/1 1116/1364/1
f 1088/1365/1 1115/1367/1 1114/1366/1
f 1088/1365/1 1020/1347/1 1115/1367/1
f 1087/1368/1 1020/1347/1 1088/1365/1
f 1086/1369/1 1020/1347/1 1087/1368/1
f 1086/1369/1 1021/1370/1 1020/1347/1
f 1085/1371/1 1021/1370/1 1086/1369/1
f 1084/1372/1 1021/1370/1 1085/1371/1
f 1083/1373/1 1021/1370/1 1084/1372/1
f 1082/1374/1 1021/1370/1 1083/1373/1
f 1081/1375/1 1021/1370/1 1082/1374/1
f 1080/1376/1 1021/1370/1 1081/1375/1
f 1079/1377/1 1021/1370/1 1080/1376/1
f 1078/1378/1 1021/1370/1 1079/1377/1
f 1077/1379/1 1021/1370/1 1078/1378/1
f 1077/1379/1 1022/1380/1 1021/1370/1
f 1076/1381/1 1022/1380/1 1077/1379/1
f 1075/1382/1 1022/1380/1 1076/1381/1
f 1074/1383/1 1022/1380/1 1075/1382/1
f 1073/1384/1 1022/1380/1 1074/1383/1
f 1073/1384/1 1023/1385/1 1022/1380/1
f 1072/1386/1 1023/1385/1 1073/1384/1
f 1071/1387/1 1023/1385/1 1072/1386/1
f 1070/1388/1 1023/1385/1 1071/1387/1
f 1069/1389/1 1023/1385/1 1070/1388/1
f 1069/1389/1 1024/1390/1 1023/1385/1
f 1068/1391/1 1024/1390/1 1069/1389/1
f 1067/1392/1 1024/1390/1 1068/1391/1
f 1066/1393/1 1024/1390/1 1067/1392/1
f 1065/1394/1 1024/1390/1 1066/1393/1
f 1065/1394/1 1025/1395/1 1024/1390/1
f 1064/1396/1 1025/1395/1 1065/1394/1
f 1063/1397/1 1025/1395/1 1064/1396/1
f 1062/1398/1 1025/1395/1 1063/1397/1
f 1062/1398/1 1026/1399/1 1025/1395/1
f 1061/1400/1 1026/1399/1 1062/1398/1
f 1060/1401/1 1026/1399/1 1061/1400/1
f 1060/1401/1 1027/1402/1 1026/1399/1
f 1059/1403/1 1027/1402/1 1060/1401/1
f 1058/1404/1 1027/1402/1 1059/1403/1
f 1058/1404/1 1028/1405/1 1027/1402/1
f 1057/1406/1 1028/1405/1 1058/1404/1
f 1056/1407/1 1028/1405/1 1057/1406/1
f 1056/1407/1 1029/1408/1 1028/1405/1
f 1055/1409/1 1029/1408/1 1056/1407/1
f 1054/1410/1 1029/1408/1 1055/1409/1
f 1054/1410/1 1030/1411/1 1029/1408/1
f 1053/1412/1 1030/1411/1 1054/1410/1
f 1053/1412/1 1031/1413/1 1030/1411/1
f 1052/1414/1 1031/1413/1 1053/1412/1
f 1052/1414/1 1032/1415/1 1031/1413/1
f 1051/1416/1 1032/1415/1 1052/1414/1
f 1051/1416/1 1033/1417/1 1032/1415/1
f 1050/1418/1 1033/1417/1 1051/1416/1
f 1050/1418/1 1034/1419/1 1033/1417/1
f 1049/1420/1 1034/1419/1 1050/1418/1
f 1049/1420/1 1035/1421/1 1034/1419/1
f 1049/1420/1 1036/1422/1 1035/1421/1
f 1048/1423/1 1036/1422/1 1049/1420/1
f 1048/1423/1 1037/1424/1 1036/1422/1
f 1047/1425/1 1037/1424/1 1048/1423/1
f 1047/1425/1 1038/1426/1 1037/1424/1
f 1046/1427/1 1038/1426/1 1047/1425/1
f 1046/1427/1 1039/1428/1 1038/1426/1
f 1046/1427/1 1040/1429/1 1039/1428/1
f 1045/1430/1 1040/1429/1 1046/1427/1
f 1045/1430/1 1041/1431/1 1040/1429/1
f 1044/1432/1 1041/1431/1 1045/1430/1
f 1044/1432/1 1042/1433/1 1041/1431/1
f 1043/1434/1 1042/1433/1 1044/1432/1
f 1716/1435/1 1718/1436/1 1717/1437/1
f 1716/1435/1 1719/1438/1 1718/1436/1
f 1716/1435/1 1720/1439/1 1719/1438/1
f 1716/1435/1 1721/1440/1 1720/1439/1
f 1715/1441/1 1721/1440/1 1716/1435/1
f 1715/1441/1 1722/1442/1 1721/1440/1
f 1715/1441/1 1723/1443/1 1722/1442/1
f 1715/1441/1 1724/1444/1 1723/1443/1
f 1715/1441/1 1725/1445/1 1724/1444/1
f 1715/1441/1 1726/1446/1 1725/1445/1
f 1715/1441/1 1727/1447/1 1726/1446/1
f 1714/1448/1 1727/1447/1 1715/1441/1
f 1714/1448/1 1728/1449/1 1727/1447/1
f 1714/1448/1 1729/1450/1 1728/1449/1
f 1714/1448/1 1730/1451/1 1729/1450/1
f 1714/1448/1 1731/1452/1 1730/1451/1
f 1714/1448/1 1732/1453/1 1731/1452/1
f 1714/1448/1 1733/1454/1 1732/1453/1
f 1714/1448/1 1734/1455/1 1733/1454/1
f 1714/1448/1 1735/1456/1 1734/1455/1
f 1714/1448/1 1736/1457/1 1735/1456/1
f 1714/1448/1 1737/1458/1 1736/1457/1
f 1713/1459/1 1737/1458/1 1714/1448/1
f 1713/1459/1 1738/1460/1 1737/1458/1
f 1713/1459/1 1739/1461/1 1738/1460/1
f 1713/1459/1 1740/1462/1 1739/1461/1
f 1713/1459/1 1741/1463/1 1740/1462/1
f 1713/1459/1 1742/1464/1 1741/1463/1
f 1713/1459/1 1743/1465/1 1742/1464/1
f 1713/1459/1 1744/1466/1 1743/1465/1
f 1713/1459/1 1745/1467/1 1744/1466/1
f 1712/1468/1 1745/1467/1 1713/1459/1
f 1712/1468/1 1746/1469/1 1745/1467/1
f 1712/1468/1 1747/1470/1 1746/1469/1
f 1712/1468/1 1748/1471/1 1747/1470/1
f 1712/1468/1 1749/1472/1 1748/1471/1
f 1712/1468/1 1750/1473/1 1749/1472/1
f 1712/1468/1 1751/1474/1 1750/1473/1
f 1712/1468/1 1752/1475/1 1751/1474/1
f 1711/1476/1 1752/1475/1 1712/1468/1
f 1711/1476/1 1753/1477/1 1752/1475/1
f 1711/1476/1 1754/1478/1 1753/1477/1
f 1710/1479/1 1754/1478/1 1711/1476/1
f 1710/1479/1 1755/1480/1 1754/1478/1
f 1709/1481/1 1755/1480/1 1710/1479/1
f 1709/1481/1 1756/1482/1 1755/1480/1
f 1594/1483/1 1596/1484/1 1595/1485/1
f 1594/1483/1 1597/1486/1 1596/1484/1
f 1593/1487/1 1597/1486/1 1594/1483/1
f 1593/1487/1 1598/1488/1 1597/1486/1
f 1592/1489/1 1598/1488/1 1593/1487/1
f 1592/1489/1 1599/1490/1 1598/1488/1
f 1591/1491/1 1599/1490/1 1592/1489/1
f 1591/1491/1 1600/1492/1 1599/1490/1
f 1708/1493/1 1756/1482/1 1709/1481/1
f 1590/1494/1 1600/1492/1 1591/1491/1
f 1590/1494/1 1601/1495/1 1600/1492/1
f 1589/1496/1 1601/1495/1 1590/1494/1
f 1589/1496/1 1602/1497/1 1601/1495/1
f 1588/1498/1 1602/1497/1 1589/1496/1
f 1588/1498/1 1603/1499/1 1602/1497/1
f 1708/1493/1 1757/1500/1 1756/1482/1
f 1587/1501/1 1603/1499/1 1588/1498/1
f 1587/1501/1 1604/1502/1 1603/1499/1
f 1707/1503/1 1757/1500/1 1708/1493/1
f 1587/1501/1 1605/1504/1 1604/1502/1
f 1586/1505/1 1605/1504/1 1587/1501/1
f 1586/1505/1 1606/1506/1 1605/1504/1
f 1585/1507/1 1606/1506/1 1586/1505/1
f 1707/1503/1 1758/1508/1 1757/1500/1
f 1585/1507/1 1607/1509/1 1606/1506/1
f 1706/1510/1 1758/1508/1 1707/1503/1
f 1584/1511/1 1607/1509/1 1585/1507/1
f 1584/1511/1 1608/1512/1 1607/1509/1
f 1584/1511/1 1609/1513/1 1608/1512/1
f 1583/1514/1 1609/1513/1 1584/1511/1
f 1569/1515/1 1571/1516/1 1570/1517/1
f 1706/1510/1 1759/1518/1 1758/1508/1
f 1583/1514/1 1610/1519/1 1609/1513/1
f 1569/1515/1 1572/1520/1 1571/1516/1
f 1569/1515/1 1573/1521/1 1572/1520/1
f 1569/1515/1 1574/1522/1 1573/1521/1
f 1569/1515/1 1575/1523/1 1574/1522/1
f 1583/1514/1 1611/1524/1 1610/1519/1
f 1569/1515/1 1576/1525/1 1575/1523/1
f 1569/1515/1 1577/1526/1 1576/1525/1
f 1705/1527/1 1759/1518/1 1706/1510/1
f 1569/1515/1 1578/1528/1 1577/1526/1
f 1569/1515/1 1579/1529/1 1578/1528/1
f 1569/1515/1 1580/1530/1 1579/1529/1
f 1569/1515/1 1581/1531/1 1580/1530/1
f 1569/1515/1 1582/1532/1 1581/1531/1
f 1569/1515/1 1568/1533/1 1582/1532/1
f 1568/1533/1 1567/1534/1 1582/1532/1
f 1567/1534/1 1566/1535/1 1582/1532/1
f 1566/1535/1 1583/1514/1 1582/1532/1
f 1566/1535/1 1565/1536/1 1583/1514/1
f 1565/1536/1 1564/1537/1 1583/1514/1
f 1564/1537/1 1563/1538/1 1583/1514/1
f 1563/1538/1 1611/1524/1 1583/1514/1
f 1563/1538/1 1562/1539/1 1611/1524/1
f 1562/1539/1 1612/1540/1 1611/1524/1
f 1562/1539/1 1613/1541/1 1612/1540/1
f 1562/1539/1 1561/1542/1 1613/1541/1
f 1561/1542/1 1614/1543/1 1613/1541/1
f 1561/1542/1 1615/1544/1 1614/1543/1
f 1705/1527/1 1760/1545/1 1759/1518/1
f 1561/1542/1 1560/1546/1 1615/1544/1
f 1560/1546/1 1616/1547/1 1615/1544/1
f 1560/1546/1 1617/1548/1 1616/1547/1
f 1560/1546/1 1618/1549/1 1617/1548/1
f 1704/1550/1 1760/1545/1 1705/1527/1
f 1560/1546/1 1559/1551/1 1618/1549/1
f 1559/1551/1 1619/1552/1 1618/1549/1
f 1559/1551/1 1620/1553/1 1619/1552/1
f 1559/1551/1 1621/1554/1 1620/1553/1
f 1559/1551/1 1558/1555/1 1621/1554/1
f 1558/1555/1 1622/1556/1 1621/1554/1
f 1558/1555/1 1623/1557/1 1622/1556/1
f 1558/1555/1 1624/1558/1 1623/1557/1
f 1558/1555/1 1625/1559/1 1624/1558/1
f 1558/1555/1 1557/1560/1 1625/1559/1
f 1557/1560/1 1626/1561/1 1625/1559/1
f 1704/1550/1 1761/1562/1 1760/1545/1
f 1557/1560/1 1627/1563/1 1626/1561/1
f 1557/1560/1 1628/1564/1 1627/1563/1
f 1557/1560/1 1629/1565/1 1628/1564/1
f 1557/1560/1 1630/1566/1 1629/1565/1
f 1557/1560/1 1631/1567/1 1630/1566/1
f 1556/1568/1 1631/1567/1 1557/1560/1
f 1555/1569/1 1632/1570/1 1556/1568/1
f 1632/1570/1 1631/1567/1 1556/1568/1
f 1555/1569/1 1435/631/1 1632/1570/1
f 1703/1571/1 1761/1562/1 1704/1550/1
f 1703/1571/1 1762/1572/1 1761/1562/1
f 1702/1573/1 1762/1572/1 1703/1571/1
f 1777/1574/1 1779/1575/1 1778/1576/1
f 1777/1574/1 1780/1577/1 1779/1575/1
f 1776/1578/1 1780/1577/1 1777/1574/1
f 1776/1578/1 1781/1579/1 1780/1577/1
f 1775/1580/1 1781/1579/1 1776/1578/1
f 1775/1580/1 1782/1581/1 1781/1579/1
f 1774/1582/1 1782/1581/1 1775/1580/1
f 1774/1582/1 1783/1583/1 1782/1581/1
f 1702/1573/1 1763/1584/1 1762/1572/1
f 1773/1585/1 1783/1583/1 1774/1582/1
f 1773/1585/1 1784/1586/1 1783/1583/1
f 1772/1587/1 1784/1586/1 1773/1585/1
f 1772/1587/1 1785/1588/1 1784/1586/1
f 1701/1589/1 1763/1584/1 1702/1573/1
f 1771/1590/1 1785/1588/1 1772/1587/1
f 1771/1590/1 1786/1591/1 1785/1588/1
f 1770/1592/1 1786/1591/1 1771/1590/1
f 1770/1592/1 1787/1593/1 1786/1591/1
f 1701/1589/1 1764/1594/1 1763/1584/1
f 1770/1592/1 1788/1595/1 1787/1593/1
f 1769/1596/1 1788/1595/1 1770/1592/1
f 1700/1597/1 1764/1594/1 1701/1589/1
f 1769/1596/1 1789/1598/1 1788/1595/1
f 1768/1599/1 1789/1598/1 1769/1596/1
f 1768/1599/1 1790/1600/1 1789/1598/1
f 1767/1601/1 1790/1600/1 1768/1599/1
f 1700/1597/1 1765/1602/1 1764/1594/1
f 1767/1601/1 1791/1603/1 1790/1600/1
f 1699/1604/1 1765/1602/1 1700/1597/1
f 1766/1605/1 1791/1603/1 1767/1601/1
f 1766/1605/1 1792/1606/1 1791/1603/1
f 1766/1605/1 1793/1607/1 1792/1606/1
f 1766/1605/1 1794/1608/1 1793/1607/1
f 1699/1604/1 1766/1605/1 1765/1602/1
f 1699/1604/1 1794/1608/1 1766/1605/1
f 1699/1604/1 1795/1609/1 1794/1608/1
f 1699/1604/1 1796/1610/1 1795/1609/1
f 1699/1604/1 1797/1611/1 1796/1610/1
f 1698/1612/1 1797/1611/1 1699/1604/1
f 1698/1612/1 1798/1613/1 1797/1611/1
f 1698/1612/1 1799/1614/1 1798/1613/1
f 1698/1612/1 1800/1615/1 1799/1614/1
f 1698/1612/1 1801/1616/1 1800/1615/1
f 1698/1612/1 1802/1617/1 1801/1616/1
f 1698/1612/1 1803/1618/1 1802/1617/1
f 1698/1612/1 1804/1619/1 1803/1618/1
f 1698/1612/1 1805/1620/1 1804/1619/1
f 1697/1621/1 2046/1622/1 1698/1612/1
f 2046/1622/1 1805/1620/1 1698/1612/1
f 2046/1622/1 1806/1623/1 1805/1620/1
f 2046/1622/1 1807/1624/1 1806/1623/1
f 2046/1622/1 1808/1625/1 1807/1624/1
f 2046/1622/1 1809/1626/1 1808/1625/1
f 2046/1622/1 1810/1627/1 1809/1626/1
f 2046/1622/1 1811/1628/1 1810/1627/1
f 2046/1622/1 1812/1629/1 1811/1628/1
f 2046/1622/1 1813/1630/1 1812/1629/1
f 2046/1622/1 1814/1631/1 1813/1630/1
f 1697/1621/1 2047/1632/1 2046/1622/1
f 2045/1633/1 1814/1631/1 2046/1622/1
f 2044/1634/1 1815/1635/1 2045/1633/1
f 1815/1635/1 1814/1631/1 2045/1633/1
f 2044/1634/1 1816/1636/1 1815/1635/1
f 1697/1621/1 2048/1637/1 2047/1632/1
f 1696/1638/1 2048/1637/1 1697/1621/1
f 1696/1638/1 2049/1639/1 2048/1637/1
f 2044/1634/1 1817/1640/1 1816/1636/1
f 1696/1638/1 2050/1641/1 2049/1639/1
f 1695/1642/1 2050/1641/1 1696/1638/1
f 1695/1642/1 2051/1643/1 2050/1641/1
f 1695/1642/1 2052/1644/1 2051/1643/1
f 2043/1645/1 1817/1640/1 2044/1634/1
f 1694/1646/1 2052/1644/1 1695/1642/1
f 2043/1645/1 1818/1647/1 1817/1640/1
f 1694/1646/1 2053/1648/1 2052/1644/1
f 1694/1646/1 2054/1649/1 2053/1648/1
f 1694/1646/1 2055/1650/1 2054/1649/1
f 1693/1651/1 2055/1650/1 1694/1646/1
f 1693/1651/1 2056/1652/1 2055/1650/1
f 2043/1645/1 1819/1653/1 1818/1647/1
f 1693/1651/1 2057/503/1 2056/1652/1
f 1693/1651/1 2021/1654/1 2057/503/1
f 1693/1651/1 2022/1655/1 2021/1654/1
f 1692/1656/1 2022/1655/1 1693/1651/1
f 2042/1657/1 1819/1653/1 2043/1645/1
f 2042/1657/1 1820/1658/1 1819/1653/1
f 1691/1659/1 1633/1660/1 1692/1656/1
f 1633/1660/1 2022/1655/1 1692/1656/1
f 2042/1657/1 1821/1661/1 1820/1658/1
f 1691/1659/1 1634/1662/1 1633/1660/1
f 2020/1663/1 2022/1655/1 1633/1660/1
f 2020/1663/1 2023/1664/1 2022/1655/1
f 1690/1665/1 1634/1662/1 1691/1659/1
f 2041/1666/1 1821/1661/1 2042/1657/1
f 1690/1665/1 1635/1667/1 1634/1662/1
f 2041/1666/1 1822/1668/1 1821/1661/1
f 1689/1669/1 1635/1667/1 1690/1665/1
f 2020/1663/1 2024/1670/1 2023/1664/1
f 1689/1669/1 1636/1671/1 1635/1667/1
f 2019/1672/1 2024/1670/1 2020/1663/1
f 2041/1666/1 1823/1673/1 1822/1668/1
f 1688/1674/1 1636/1671/1 1689/1669/1
f 2040/1675/1 1823/1673/1 2041/1666/1
f 1688/1674/1 1637/1676/1 1636/1671/1
f 2040/1675/1 1824/1677/1 1823/1673/1
f 2019/1672/1 2025/1678/1 2024/1670/1
f 1687/1679/1 1637/1676/1 1688/1674/1
f 1687/1679/1 1638/1680/1 1637/1676/1
f 2018/1681/1 2025/1678/1 2019/1672/1
f 2040/1675/1 1825/1682/1 1824/1677/1
f 1686/1683/1 1638/1680/1 1687/1679/1
f 1686/1683/1 1639/1684/1 1638/1680/1
f 2039/1685/1 1825/1682/1 2040/1675/1
f 2018/1681/1 2026/1686/1 2025/1678/1
f 1686/1683/1 1640/1687/1 1639/1684/1
f 1685/1688/1 1640/1687/1 1686/1683/1
f 2039/1685/1 1826/1689/1 1825/1682/1
f 2017/1690/1 2026/1686/1 2018/1681/1
f 1685/1688/1 1641/1691/1 1640/1687/1
f 1684/1692/1 1641/1691/1 1685/1688/1
f 2039/1685/1 1827/1693/1 1826/1689/1
f 2017/1690/1 2027/1694/1 2026/1686/1
f 2038/1695/1 1827/1693/1 2039/1685/1
f 1684/1692/1 1642/1696/1 1641/1691/1
f 1683/1697/1 1642/1696/1 1684/1692/1
f 2038/1695/1 1828/1698/1 1827/1693/1
f 2016/1699/1 2027/1694/1 2017/1690/1
f 1683/1697/1 1643/1700/1 1642/1696/1
f 1682/1701/1 1643/1700/1 1683/1697/1
f 1682/1701/1 1644/1702/1 1643/1700/1
f 2016/1699/1 2028/1703/1 2027/1694/1
f 1681/1704/1 1644/1702/1 1682/1701/1
f 2038/1695/1 1829/1705/1 1828/1698/1
f 2037/1706/1 1829/1705/1 2038/1695/1
f 1681/1704/1 1645/1707/1 1644/1702/1
f 1680/1708/1 1645/1707/1 1681/1704/1
f 1679/1709/1 1645/1707/1 1680/1708/1
f 1678/1710/1 1645/1707/1 1679/1709/1
f 1677/1711/1 1645/1707/1 1678/1710/1
f 1676/1712/1 1645/1707/1 1677/1711/1
f 1675/1713/1 1645/1707/1 1676/1712/1
f 1674/1714/1 1645/1707/1 1675/1713/1
f 1673/1715/1 1645/1707/1 1674/1714/1
f 1672/1716/1 1645/1707/1 1673/1715/1
f 1671/1717/1 1645/1707/1 1672/1716/1
f 1670/1718/1 1645/1707/1 1671/1717/1
f 1669/1719/1 1645/1707/1 1670/1718/1
f 1668/1720/1 1645/1707/1 1669/1719/1
f 1667/1721/1 1645/1707/1 1668/1720/1
f 2015/1722/1 2028/1703/1 2016/1699/1
f 1666/1723/1 1645/1707/1 1667/1721/1
f 1665/1724/1 1645/1707/1 1666/1723/1
f 1664/1725/1 1645/1707/1 1665/1724/1
f 1663/1726/1 1645/1707/1 1664/1725/1
f 1662/1727/1 1645/1707/1 1663/1726/1
f 1661/1728/1 1645/1707/1 1662/1727/1
f 1661/1728/1 1646/1729/1 1645/1707/1
f 1660/1730/1 1646/1729/1 1661/1728/1
f 1660/1730/1 1647/1731/1 1646/1729/1
f 1660/1730/1 1648/1732/1 1647/1731/1
f 1660/1730/1 1649/1733/1 1648/1732/1
f 1659/1734/1 1649/1733/1 1660/1730/1
f 1659/1734/1 1650/1735/1 1649/1733/1
f 1659/1734/1 1651/1736/1 1650/1735/1
f 1659/1734/1 1652/1737/1 1651/1736/1
f 1658/1738/1 1652/1737/1 1659/1734/1
f 1658/1738/1 1653/1739/1 1652/1737/1
f 1658/1738/1 1654/1740/1 1653/1739/1
f 1658/1738/1 1655/1741/1 1654/1740/1
f 1657/1742/1 1655/1741/1 1658/1738/1
f 1657/1742/1 1656/1743/1 1655/1741/1
f 2037/1706/1 1830/1744/1 1829/1705/1
f 2015/1722/1 2029/1745/1 2028/1703/1
f 2036/1746/1 1830/1744/1 2037/1706/1
f 2036/1746/1 1831/1747/1 1830/1744/1
f 2014/1748/1 2029/1745/1 2015/1722/1
f 2014/1748/1 2030/1749/1 2029/1745/1
f 2036/1746/1 1832/1750/1 1831/1747/1
f 2035/1751/1 1832/1750/1 2036/1746/1
f 2013/1752/1 2030/1749/1 2014/1748/1
f 2035/1751/1 1833/1753/1 1832/1750/1
f 2013/1752/1 2031/1754/1 2030/1749/1
f 1446/1755/1 1448/1756/1 1447/1757/1
f 1446/1755/1 1449/1758/1 1448/1756/1
f 1446/1755/1 1450/1759/1 1449/1758/1
f 1446/1755/1 1451/1760/1 1450/1759/1
f 1446/1755/1 1452/1761/1 1451/1760/1
f 1446/1755/1 1453/1762/1 1452/1761/1
f 1446/1755/1 1454/1763/1 1453/1762/1
f 1446/1755/1 1455/1764/1 1454/1763/1
f 1446/1755/1 1456/1765/1 1455/1764/1
f 1446/1755/1 1457/1766/1 1456/1765/1
f 1446/1755/1 1458/1767/1 1457/1766/1
f 1446/1755/1 1459/1768/1 1458/1767/1
f 1446/1755/1 1460/1769/1 1459/1768/1
f 1446/1755/1 1461/1770/1 1460/1769/1
f 1446/1755/1 1462/1771/1 1461/1770/1
f 1446/1755/1 1463/1772/1 1462/1771/1
f 1446/1755/1 1464/1773/1 1463/1772/1
f 1446/1755/1 1465/1774/1 1464/1773/1
f 1446/1755/1 1466/1775/1 1465/1774/1
f 1446/1755/1 1467/1776/1 1466/1775/1
f 1446/1755/1 1468/1777/1 1467/1776/1
f 1446/1755/1 1469/1778/1 1468/1777/1
f 1445/1779/1 1469/1778/1 1446/1755/1
f 1445/1779/1 1470/1780/1 1469/1778/1
f 1445/1779/1 1471/1781/1 1470/1780/1
f 1445/1779/1 1472/1782/1 1471/1781/1
f 1445/1779/1 1473/1783/1 1472/1782/1
f 1445/1779/1 1474/1784/1 1473/1783/1
f 2035/1751/1 1834/1785/1 1833/1753/1
f 1445/1779/1 1475/1786/1 1474/1784/1
f 2012/1787/1 2031/1754/1 2013/1752/1
f 1445/1779/1 1476/1788/1 1475/1786/1
f 1445/1779/1 1477/1789/1 1476/1788/1
f 1445/1779/1 1478/1790/1 1477/1789/1
f 1445/1779/1 1479/1791/1 1478/1790/1
f 1445/1779/1 1480/1792/1 1479/1791/1
f 2034/1793/1 1834/1785/1 2035/1751/1
f 1445/1779/1 1481/1794/1 1480/1792/1
f 1444/1795/1 1481/1794/1 1445/1779/1
f 1444/1795/1 1482/1796/1 1481/1794/1
f 1444/1795/1 1483/1797/1 1482/1796/1
f 1444/1795/1 1484/1798/1 1483/1797/1
f 2012/1787/1 2032/1799/1 2031/1754/1
f 1443/1800/1 1484/1798/1 1444/1795/1
f 1442/1801/1 1484/1798/1 1443/1800/1
f 2034/1793/1 1835/1802/1 1834/1785/1
f 1442/1801/1 1485/1803/1 1484/1798/1
f 1441/1804/1 1485/1803/1 1442/1801/1
f 2011/1805/1 2032/1799/1 2012/1787/1
f 1440/1806/1 1485/1803/1 1441/1804/1
f 2033/1807/1 1835/1802/1 2034/1793/1
f 2011/1805/1 2033/1807/1 2032/1799/1
f 1439/1808/1 1485/1803/1 1440/1806/1
f 2033/1807/1 1836/1809/1 1835/1802/1
f 1439/1808/1 1486/1810/1 1485/1803/1
f 1438/1811/1 1486/1810/1 1439/1808/1
f 1437/1812/1 1486/1810/1 1438/1811/1
f 2010/1813/1 2033/1807/1 2011/1805/1
f 1436/1814/1 1486/1810/1 1437/1812/1
f 2033/1807/1 1837/1815/1 1836/1809/1
f 1436/1814/1 1487/1816/1 1486/1810/1
f 1435/631/1 1487/1816/1 1436/1814/1
f 2010/1813/1 1837/1815/1 2033/1807/1
f 1555/1569/1 1487/1816/1 1435/631/1
f 2010/1813/1 1838/1817/1 1837/1815/1
f 1555/1569/1 1488/1818/1 1487/1816/1
f 2009/1819/1 1838/1817/1 2010/1813/1
f 1554/1820/1 1488/1818/1 1555/1569/1
f 1553/1821/1 1488/1818/1 1554/1820/1
f 1553/1821/1 1489/1822/1 1488/1818/1
f 2009/1819/1 1839/1823/1 1838/1817/1
f 1552/1824/1 1489/1822/1 1553/1821/1
f 1551/1825/1 1489/1822/1 1552/1824/1
f 1550/1826/1 1489/1822/1 1551/1825/1
f 2008/1827/1 1839/1823/1 2009/1819/1
f 1549/1828/1 1489/1822/1 1550/1826/1
f 1548/1829/1 1489/1822/1 1549/1828/1
f 1548/1829/1 1490/1830/1 1489/1822/1
f 2008/1827/1 1840/1831/1 1839/1823/1
f 1547/1832/1 1490/1830/1 1548/1829/1
f 2008/1827/1 1841/1833/1 1840/1831/1
f 1546/1834/1 1490/1830/1 1547/1832/1
f 1545/1835/1 1490/1830/1 1546/1834/1
f 2008/1827/1 1842/1836/1 1841/1833/1
f 1544/1837/1 1490/1830/1 1545/1835/1
f 2008/1827/1 1843/1838/1 1842/1836/1
f 1543/1839/1 1490/1830/1 1544/1837/1
f 1543/1839/1 1491/1840/1 1490/1830/1
f 2008/1827/1 1844/1841/1 1843/1838/1
f 1542/1842/1 1491/1840/1 1543/1839/1
f 1541/1843/1 1491/1840/1 1542/1842/1
f 1540/1844/1 1491/1840/1 1541/1843/1
f 1539/1845/1 1491/1840/1 1540/1844/1
f 2008/1827/1 1845/1846/1 1844/1841/1
f 1538/1847/1 1491/1840/1 1539/1845/1
f 1537/1848/1 1491/1840/1 1538/1847/1
f 1536/1849/1 1491/1840/1 1537/1848/1
f 1535/1850/1 1491/1840/1 1536/1849/1
f 1534/1851/1 1491/1840/1 1535/1850/1
f 1533/1852/1 1491/1840/1 1534/1851/1
f 1532/1853/1 1491/1840/1 1533/1852/1
f 1531/1854/1 1491/1840/1 1532/1853/1
f 1530/1855/1 1491/1840/1 1531/1854/1
f 2008/1827/1 1846/1856/1 1845/1846/1
f 2007/1857/1 1846/1856/1 2008/1827/1
f 2007/1857/1 1960/1858/1 1846/1856/1
f 1960/1858/1 1847/1859/1 1846/1856/1
f 1530/1855/1 1492/1860/1 1491/1840/1
f 1960/1858/1 1848/1861/1 1847/1859/1
f 1529/1862/1 1492/1860/1 1530/1855/1
f 1960/1858/1 1849/1863/1 1848/1861/1
f 2007/1857/1 1961/1864/1 1960/1858/1
f 1959/1865/1 1849/1863/1 1960/1858/1
f 1959/1865/1 1850/1866/1 1849/1863/1
f 1529/1862/1 1493/1867/1 1492/1860/1
f 1528/1868/1 1493/1867/1 1529/1862/1
f 1959/1865/1 1851/1869/1 1850/1866/1
f 1527/1870/1 1493/1867/1 1528/1868/1
f 1959/1865/1 1852/1871/1 1851/1869/1
f 2006/1872/1 1961/1864/1 2007/1857/1
f 1527/1870/1 1494/1873/1 1493/1867/1
f 1958/1874/1 1852/1871/1 1959/1865/1
f 1526/1875/1 1494/1873/1 1527/1870/1
f 1526/1875/1 1495/1876/1 1494/1873/1
f 1525/1877/1 1495/1876/1 1526/1875/1
f 1957/1878/1 1852/1871/1 1958/1874/1
f 2006/1872/1 1962/1879/1 1961/1864/1
f 1957/1878/1 1853/1880/1 1852/1871/1
f 1524/1881/1 1495/1876/1 1525/1877/1
f 1524/1881/1 1496/1882/1 1495/1876/1
f 1956/1883/1 1853/1880/1 1957/1878/1
f 1523/1884/1 1496/1882/1 1524/1881/1
f 2005/1885/1 1962/1879/1 2006/1872/1
f 1523/1884/1 1497/1886/1 1496/1882/1
f 1522/1887/1 1497/1886/1 1523/1884/1
f 1955/1888/1 1853/1880/1 1956/1883/1
f 1521/1889/1 1497/1886/1 1522/1887/1
f 1521/1889/1 1498/1890/1 1497/1886/1
f 1955/1888/1 1854/1891/1 1853/1880/1
f 2005/1885/1 1963/1892/1 1962/1879/1
f 1520/1893/1 1498/1890/1 1521/1889/1
f 1520/1893/1 1499/1894/1 1498/1890/1
f 1954/1895/1 1854/1891/1 1955/1888/1
f 1519/1896/1 1499/1894/1 1520/1893/1
f 1519/1896/1 1500/1897/1 1499/1894/1
f 1518/1898/1 1500/1897/1 1519/1896/1
f 1517/1899/1 1500/1897/1 1518/1898/1
f 2004/1900/1 1963/1892/1 2005/1885/1
f 1517/1899/1 1501/1901/1 1500/1897/1
f 1953/1902/1 1854/1891/1 1954/1895/1
f 1516/1903/1 1501/1901/1 1517/1899/1
f 1516/1903/1 1502/1904/1 1501/1901/1
f 1953/1902/1 1855/1905/1 1854/1891/1
f 1515/1906/1 1502/1904/1 1516/1903/1
f 1514/1907/1 1502/1904/1 1515/1906/1
f 1514/1907/1 1503/1908/1 1502/1904/1
f 1513/1909/1 1503/1908/1 1514/1907/1
f 1513/1909/1 1504/1910/1 1503/1908/1
f 1512/1911/1 1504/1910/1 1513/1909/1
f 1952/1912/1 1855/1905/1 1953/1902/1
f 1511/1913/1 1504/1910/1 1512/1911/1
f 1511/1913/1 1505/1914/1 1504/1910/1
f 1510/1915/1 1505/1914/1 1511/1913/1
f 1510/1915/1 1506/1916/1 1505/1914/1
f 1509/1917/1 1506/1916/1 1510/1915/1
f 2004/1900/1 1964/1918/1 1963/1892/1
f 1508/1919/1 1506/1916/1 1509/1917/1
f 1508/1919/1 1507/1920/1 1506/1916/1
f 1951/1921/1 1855/1905/1 1952/1912/1
f 1951/1921/1 1856/1922/1 1855/1905/1
f 2003/1923/1 1964/1918/1 2004/1900/1
f 1950/1924/1 1856/1922/1 1951/1921/1
f 1950/1924/1 1857/1925/1 1856/1922/1
f 2003/1923/1 1965/1926/1 1964/1918/1
f 1949/1927/1 1857/1925/1 1950/1924/1
f 2002/1928/1 1965/1926/1 2003/1923/1
f 1948/1929/1 1857/1925/1 1949/1927/1
f 1948/1929/1 1858/1930/1 1857/1925/1
f 1947/1931/1 1858/1930/1 1948/1929/1
f 2002/1928/1 1966/1932/1 1965/1926/1
f 1947/1931/1 1859/1933/1 1858/1930/1
f 1946/1934/1 1859/1933/1 1947/1931/1
f 2001/1935/1 1966/1932/1 2002/1928/1
f 1945/1936/1 1859/1933/1 1946/1934/1
f 1945/1936/1 1860/1937/1 1859/1933/1
f 2001/1935/1 1967/1938/1 1966/1932/1
f 1944/1939/1 1860/1937/1 1945/1936/1
f 1944/1939/1 1861/1940/1 1860/1937/1
f 2000/1941/1 1967/1938/1 2001/1935/1
f 1943/1942/1 1861/1940/1 1944/1939/1
f 1943/1942/1 1862/1943/1 1861/1940/1
f 2000/1941/1 1968/1944/1 1967/1938/1
f 1942/1945/1 1862/1943/1 1943/1942/1
f 1941/1946/1 1862/1943/1 1942/1945/1
f 1941/1946/1 1863/1947/1 1862/1943/1
f 1999/1948/1 1968/1944/1 2000/1941/1
f 1940/1949/1 1863/1947/1 1941/1946/1
f 1940/1949/1 1864/1950/1 1863/1947/1
f 1940/1949/1 1865/1951/1 1864/1950/1
f 1940/1949/1 1866/1952/1 1865/1951/1
f 1940/1949/1 1867/1953/1 1866/1952/1
f 1999/1948/1 1969/1954/1 1968/1944/1
f 1940/1949/1 1868/1955/1 1867/1953/1
f 1940/1949/1 1869/1956/1 1868/1955/1
f 1940/1949/1 1870/1957/1 1869/1956/1
f 1940/1949/1 1871/1958/1 1870/1957/1
f 1940/1949/1 1872/1959/1 1871/1958/1
f 1940/1949/1 1873/1960/1 1872/1959/1
f 1940/1949/1 1874/1961/1 1873/1960/1
f 1940/1949/1 1875/1962/1 1874/1961/1
f 1939/1963/1 1875/1962/1 1940/1949/1
f 1939/1963/1 1876/1964/1 1875/1962/1
f 1939/1963/1 1877/1965/1 1876/1964/1
f 1939/1963/1 1878/1966/1 1877/1965/1
f 1939/1963/1 1879/1967/1 1878/1966/1
f 1939/1963/1 1880/1968/1 1879/1967/1
f 1939/1963/1 1881/1969/1 1880/1968/1
f 1939/1963/1 1882/1970/1 1881/1969/1
f 1939/1963/1 1883/1971/1 1882/1970/1
f 1938/1972/1 1883/1971/1 1939/1963/1
f 1938/1972/1 1884/1973/1 1883/1971/1
f 1938/1972/1 1885/1974/1 1884/1973/1
f 1938/1972/1 1886/1975/1 1885/1974/1
f 1938/1972/1 1887/1976/1 1886/1975/1
f 1938/1972/1 1888/1977/1 1887/1976/1
f 1938/1972/1 1889/1978/1 1888/1977/1
f 1938/1972/1 1890/1979/1 1889/1978/1
f 1938/1972/1 1891/1980/1 1890/1979/1
f 1938/1972/1 1892/1981/1 1891/1980/1
f 1998/1982/1 1969/1954/1 1999/1948/1
f 1938/1972/1 1893/1983/1 1892/1981/1
f 1938/1972/1 1894/1984/1 1893/1983/1
f 1938/1972/1 1895/1985/1 1894/1984/1
f 1937/1986/1 1895/1985/1 1938/1972/1
f 1937/1986/1 1896/1987/1 1895/1985/1
f 1937/1986/1 1897/1988/1 1896/1987/1
f 1937/1986/1 1898/1989/1 1897/1988/1
f 1998/1982/1 1970/1990/1 1969/1954/1
f 1937/1986/1 1899/1991/1 1898/1989/1
f 1937/1986/1 1900/1992/1 1899/1991/1
f 1937/1986/1 1901/1993/1 1900/1992/1
f 1936/1994/1 1901/1993/1 1937/1986/1
f 1936/1994/1 1902/1995/1 1901/1993/1
f 1936/1994/1 1903/1996/1 1902/1995/1
f 1936/1994/1 1904/1997/1 1903/1996/1
f 1936/1994/1 1905/1998/1 1904/1997/1
f 1935/1999/1 1905/1998/1 1936/1994/1
f 1935/1999/1 1906/2000/1 1905/1998/1
f 1935/1999/1 1907/2001/1 1906/2000/1
f 1935/1999/1 1908/2002/1 1907/2001/1
f 1934/2003/1 1908/2002/1 1935/1999/1
f 1934/2003/1 1909/2004/1 1908/2002/1
f 1997/2005/1 1970/1990/1 1998/1982/1
f 1997/2005/1 1971/2006/1 1970/1990/1
f 1933/2007/1 1909/2004/1 1934/2003/1
f 1933/2007/1 1910/2008/1 1909/2004/1
f 1933/2007/1 1911/2009/1 1910/2008/1
f 1932/2010/1 1911/2009/1 1933/2007/1
f 1932/2010/1 1912/2011/1 1911/2009/1
f 1931/2012/1 1912/2011/1 1932/2010/1
f 1931/2012/1 1913/2013/1 1912/2011/1
f 1931/2012/1 1914/2014/1 1913/2013/1
f 1930/2015/1 1914/2014/1 1931/2012/1
f 1930/2015/1 1915/2016/1 1914/2014/1
f 1929/2017/1 1915/2016/1 1930/2015/1
f 1929/2017/1 1916/2018/1 1915/2016/1
f 1928/2019/1 1916/2018/1 1929/2017/1
f 1928/2019/1 1917/2020/1 1916/2018/1
f 1927/2021/1 1917/2020/1 1928/2019/1
f 1997/2005/1 1972/2022/1 1971/2006/1
f 1927/2021/1 1918/2023/1 1917/2020/1
f 1927/2021/1 1919/2024/1 1918/2023/1
f 1926/2025/1 1919/2024/1 1927/2021/1
f 1996/2026/1 1972/2022/1 1997/2005/1
f 1995/2027/1 1972/2022/1 1996/2026/1
f 1926/2025/1 1920/2028/1 1919/2024/1
f 1994/2029/1 1972/2022/1 1995/2027/1
f 1925/2030/1 1920/2028/1 1926/2025/1
f 1993/2031/1 1972/2022/1 1994/2029/1
f 1992/2032/1 1972/2022/1 1993/2031/1
f 1925/2030/1 1921/2033/1 1920/2028/1
f 1991/2034/1 1972/2022/1 1992/2032/1
f 1924/2035/1 1921/2033/1 1925/2030/1
f 1990/2036/1 1972/2022/1 1991/2034/1
f 1924/2035/1 1922/2037/1 1921/2033/1
f 1923/2038/1 1922/2037/1 1924/2035/1
f 1989/2039/1 1972/2022/1 1990/2036/1
f 1988/2040/1 1972/2022/1 1989/2039/1
f 1987/2041/1 1972/2022/1 1988/2040/1
f 1986/2042/1 1972/2022/1 1987/2041/1
f 1985/2043/1 1972/2022/1 1986/2042/1
f 1984/2044/1 1972/2022/1 1985/2043/1
f 1983/2045/1 1972/2022/1 1984/2044/1
f 1982/2046/1 1972/2022/1 1983/2045/1
f 1981/2047/1 1972/2022/1 1982/2046/1
f 1980/2048/1 1972/2022/1 1981/2047/1
f 1979/2049/1 1972/2022/1 1980/2048/1
f 1978/2050/1 1972/2022/1 1979/2049/1
f 1977/2051/1 1972/2022/1 1978/2050/1
f 1976/2052/1 1972/2022/1 1977/2051/1
f 1975/2053/1 1972/2022/1 1976/2052/1
f 1974/2054/1 1972/2022/1 1975/2053/1
f 1973/2055/1 1972/2022/1 1974/2054/1
f 2249/503/1 2155/2056/1 2154/2057/1
f 2248/2058/1 2155/2056/1 2249/503/1
f 2248/2058/1 2156/2059/1 2155/2056/1
f 2247/2060/1 2156/2059/1 2248/2058/1
f 2247/2060/1 2157/2061/1 2156/2059/1
f 2246/2062/1 2157/2061/1 2247/2060/1
f 2246/2062/1 2158/2063/1 2157/2061/1
f 2245/2064/1 2158/2063/1 2246/2062/1
f 2245/2064/1 2159/2065/1 2158/2063/1
f 2244/2066/1 2159/2065/1 2245/2064/1
f 2244/2066/1 2160/2067/1 2159/2065/1
f 2243/2068/1 2160/2067/1 2244/2066/1
f 2243/2068/1 2161/2069/1 2160/2067/1
f 2242/2070/1 2161/2069/1 2243/2068/1
f 2242/2070/1 2162/2071/1 2161/2069/1
f 2241/2072/1 2162/2071/1 2242/2070/1
f 2241/2072/1 2163/2073/1 2162/2071/1
f 2240/2074/1 2163/2073/1 2241/2072/1
f 2239/2075/1 2163/2073/1 2240/2074/1
f 2239/2075/1 2164/2076/1 2163/2073/1
f 2238/2077/1 2164/2076/1 2239/2075/1
f 2238/2077/1 2165/2078/1 2164/2076/1
f 2237/2079/1 2165/2078/1 2238/2077/1
f 2237/2079/1 2166/2080/1 2165/2078/1
f 2236/2081/1 2166/2080/1 2237/2079/1
f 2236/2081/1 2167/2082/1 2166/2080/1
f 2235/2083/1 2167/2082/1 2236/2081/1
f 2235/2083/1 2168/2084/1 2167/2082/1
f 2234/2085/1 2168/2084/1 2235/2083/1
f 2234/2085/1 2169/2086/1 2168/2084/1
f 2233/2087/1 2169/2086/1 2234/2085/1
f 2233/2087/1 2170/2088/1 2169/2086/1
f 2233/2087/1 2171/2089/1 2170/2088/1
f 2232/2090/1 2171/2089/1 2233/2087/1
f 2232/2090/1 2172/2091/1 2171/2089/1
f 2231/2092/1 2172/2091/1 2232/2090/1
f 2231/2092/1 2173/2093/1 2172/2091/1
f 2230/2094/1 2173/2093/1 2231/2092/1
f 2230/2094/1 2174/2095/1 2173/2093/1
f 2229/2096/1 2174/2095/1 2230/2094/1
f 2229/2096/1 2175/2097/1 2174/2095/1
f 2228/2098/1 2175/2097/1 2229/2096/1
f 2228/2098/1 2176/2099/1 2175/2097/1
f 2227/2100/1 2176/2099/1 2228/2098/1
f 2227/2100/1 2177/2101/1 2176/2099/1
f 2226/2102/1 2177/2101/1 2227/2100/1
f 2226/2102/1 2178/2103/1 2177/2101/1
f 2225/2104/1 2178/2103/1 2226/2102/1
f 2225/2104/1 2179/2105/1 2178/2103/1
f 2224/2106/1 2179/2105/1 2225/2104/1
f 2224/2106/1 2180/2107/1 2179/2105/1
f 2223/2108/1 2180/2107/1 2224/2106/1
f 2223/2108/1 2181/2109/1 2180/2107/1
f 2222/2110/1 2181/2109/1 2223/2108/1
f 2222/2110/1 2182/2111/1 2181/2109/1
f 2221/2112/1 2182/2111/1 2222/2110/1
f 2221/2112/1 2183/2113/1 2182/2111/1
f 2220/2114/1 2183/2113/1 2221/2112/1
f 2220/2114/1 2184/2115/1 2183/2113/1
f 2219/2116/1 2184/2115/1 2220/2114/1
f 2219/2116/1 2185/2117/1 2184/2115/1
f 2218/2118/1 2185/2117/1 2219/2116/1
f 2217/2119/1 2185/2117/1 2218/2118/1
f 2217/2119/1 2186/2120/1 2185/2117/1
f 2216/2121/1 2186/2120/1 2217/2119/1
f 2216/2121/1 2187/2122/1 2186/2120/1
f 2215/2123/1 2187/2122/1 2216/2121/1
f 2215/2123/1 2188/2124/1 2187/2122/1
f 2214/2125/1 2188/2124/1 2215/2123/1
f 2214/2125/1 2189/2126/1 2188/2124/1
f 2213/2127/1 2189/2126/1 2214/2125/1
f 2213/2127/1 2190/2128/1 2189/2126/1
f 2212/2129/1 2190/2128/1 2213/2127/1
f 2212/2129/1 2191/2130/1 2190/2128/1
f 2211/2131/1 2191/2130/1 2212/2129/1
f 2211/2131/1 2192/2132/1 2191/2130/1
f 2210/2133/1 2192/2132/1 2211/2131/1
f 2210/2133/1 2193/2134/1 2192/2132/1
f 2209/2135/1 2193/2134/1 2210/2133/1
f 2209/2135/1 2194/2136/1 2193/2134/1
f 2209/2135/1 2195/2137/1 2194/2136/1
f 2208/2138/1 2195/2137/1 2209/2135/1
f 2208/2138/1 2196/2139/1 2195/2137/1
f 2207/2140/1 2196/2139/1 2208/2138/1
f 2207/2140/1 2197/2141/1 2196/2139/1
f 2206/2142/1 2197/2141/1 2207/2140/1
f 2206/2142/1 2198/2143/1 2197/2141/1
f 2205/2144/1 2198/2143/1 2206/2142/1
f 2205/2144/1 2199/2145/1 2198/2143/1
f 2204/2146/1 2199/2145/1 2205/2144/1
f 2204/2146/1 2200/2147/1 2199/2145/1
f 2203/2148/1 2200/2147/1 2204/2146/1
f 2203/2148/1 2201/2149/1 2200/2147/1
f 2202/2150/1 2201/2149/1 2203/2148/1
f 2153/2151/1 2059/2152/1 2058/631/1
f 2152/2153/1 2059/2152/1 2153/2151/1
f 2152/2153/1 2060/2154/1 2059/2152/1
f 2151/2155/1 2060/2154/1 2152/2153/1
f 2151/2155/1 2061/2156/1 2060/2154/1
f 2150/2157/1 2061/2156/1 2151/2155/1
f 2150/2157/1 2062/2158/1 2061/2156/1
f 2149/2159/1 2062/2158/1 2150/2157/1
f 2149/2159/1 2063/2160/1 2062/2158/1
f 2148/2161/1 2063/2160/1 2149/2159/1
f 2148/2161/1 2064/2162/1 2063/2160/1
f 2147/2163/1 2064/2162/1 2148/2161/1
f 2147/2163/1 2065/2164/1 2064/2162/1
f 2146/2165/1 2065/2164/1 2147/2163/1
f 2146/2165/1 2066/2166/1 2065/2164/1
f 2145/2167/1 2066/2166/1 2146/2165/1
f 2144/2168/1 2066/2166/1 2145/2167/1
f 2144/2168/1 2067/2169/1 2066/2166/1
f 2143/2170/1 2067/2169/1 2144/2168/1
f 2143/2170/1 2068/2171/1 2067/2169/1
f 2142/2172/1 2068/2171/1 2143/2170/1
f 2142/2172/1 2069/2173/1 2068/2171/1
f 2141/2174/1 2069/2173/1 2142/2172/1
f 2141/2174/1 2070/2175/1 2069/2173/1
f 2140/2176/1 2070/2175/1 2141/2174/1
f 2140/2176/1 2071/2177/1 2070/2175/1
f 2139/2178/1 2071/2177/1 2140/2176/1
f 2139/2178/1 2072/2179/1 2071/2177/1
f 2138/2180/1 2072/2179/1 2139/2178/1
f 2138/2180/1 2073/2181/1 2072/2179/1
f 2137/2182/1 2073/2181/1 2138/2180/1
f 2137/2182/1 2074/2183/1 2073/2181/1
f 2136/2184/1 2074/2183/1 2137/2182/1
f 2136/2184/1 2075/2185/1 2074/2183/1
f 2136/2184/1 2076/2186/1 2075/2185/1
f 2135/2187/1 2076/2186/1 2136/2184/1
f 2135/2187/1 2077/2188/1 2076/2186/1
f 2134/2189/1 2077/2188/1 2135/2187/1
f 2134/2189/1 2078/2190/1 2077/2188/1
f 2133/2191/1 2078/2190/1 2134/2189/1
f 2133/2191/1 2079/2192/1 2078/2190/1
f 2132/2193/1 2079/2192/1 2133/2191/1
f 2132/2193/1 2080/2194/1 2079/2192/1
f 2131/2195/1 2080/2194/1 2132/2193/1
f 2131/2195/1 2081/2196/1 2080/2194/1
f 2130/2197/1 2081/2196/1 2131/2195/1
f 2130/2197/1 2082/2198/1 2081/2196/1
f 2129/2199/1 2082/2198/1 2130/2197/1
f 2129/2199/1 2083/2200/1 2082/2198/1
f 2128/2201/1 2083/2200/1 2129/2199/1
f 2128/2201/1 2084/2202/1 2083/2200/1
f 2127/2203/1 2084/2202/1 2128/2201/1
f 2127/2203/1 2085/2204/1 2084/2202/1
f 2126/2205/1 2085/2204/1 2127/2203/1
f 2126/2205/1 2086/2206/1 2085/2204/1
f 2125/2207/1 2086/2206/1 2126/2205/1
f 2125/2207/1 2087/2208/1 2086/2206/1
f 2124/2209/1 2087/2208/1 2125/2207/1
f 2124/2209/1 2088/2210/1 2087/2208/1
f 2123/2211/1 2088/2210/1 2124/2209/1
f 2123/2211/1 2089/2212/1 2088/2210/1
f 2122/2213/1 2089/2212/1 2123/2211/1
f 2122/2213/1 2090/2214/1 2089/2212/1
f 2121/2215/1 2090/2214/1 2122/2213/1
f 2120/2216/1 2090/2214/1 2121/2215/1
f 2120/2216/1 2091/2217/1 2090/2214/1
f 2119/2218/1 2091/2217/1 2120/2216/1
f 2119/2218/1 2092/2219/1 2091/2217/1
f 2118/2220/1 2092/2219/1 2119/2218/1
f 2118/2220/1 2093/2221/1 2092/2219/1
f 2117/2222/1 2093/2221/1 2118/2220/1
f 2117/2222/1 2094/2223/1 2093/2221/1
f 2116/2224/1 2094/2223/1 2117/2222/1
f 2116/2224/1 2095/2225/1 2094/2223/1
f 2115/2226/1 2095/2225/1 2116/2224/1
f 2115/2226/1 2096/2227/1 2095/2225/1
f 2114/2228/1 2096/2227/1 2115/2226/1
f 2114/2228/1 2097/2229/1 2096/2227/1
f 2113/2230/1 2097/2229/1 2114/2228/1
f 2113/2230/1 2098/2231/1 2097/2229/1
f 2113/2230/1 2099/2232/1 2098/2231/1
f 2112/2233/1 2099/2232/1 2113/2230/1
f 2112/2233/1 2100/2234/1 2099/2232/1
f 2111/2235/1 2100/2234/1 2112/2233/1
f 2111/2235/1 2101/2236/1 2100/2234/1
f 2110/2237/1 2101/2236/1 2111/2235/1
f 2110/2237/1 2102/2238/1 2101/2236/1
f 2109/2239/1 2102/2238/1 2110/2237/1
f 2109/2239/1 2103/2240/1 2102/2238/1
f 2108/2241/1 2103/2240/1 2109/2239/1
f 2108/2241/1 2104/2242/1 2103/2240/1
f 2107/2243/1 2104/2242/1 2108/2241/1
f 2107/2243/1 2105/2244/1 2104/2242/1
f 2106/2245/1 2105/2244/1 2107/2243/1
f 2393/2246/1 2395/2247/1 2394/2248/1
f 2392/2249/1 2395/2247/1 2393/2246/1
f 2392/2249/1 2396/2250/1 2395/2247/1
f 2391/2251/1 2396/2250/1 2392/2249/1
f 2390/2252/1 2396/2250/1 2391/2251/1
f 2390/2252/1 2397/2253/1 2396/2250/1
f 2389/2254/1 2397/2253/1 2390/2252/1
f 2389/2254/1 2398/2255/1 2397/2253/1
f 2388/2256/1 2398/2255/1 2389/2254/1
f 2387/2257/1 2398/2255/1 2388/2256/1
f 2387/2257/1 2399/2258/1 2398/2255/1
f 2386/2259/1 2399/2258/1 2387/2257/1
f 2386/2259/1 2400/2260/1 2399/2258/1
f 2385/2261/1 2400/2260/1 2386/2259/1
f 2384/2262/1 2400/2260/1 2385/2261/1
f 2384/2262/1 2401/2263/1 2400/2260/1
f 2383/2264/1 2401/2263/1 2384/2262/1
f 2382/2265/1 2401/2263/1 2383/2264/1
f 2382/2265/1 2402/2266/1 2401/2263/1
f 2381/2267/1 2402/2266/1 2382/2265/1
f 2380/2268/1 2402/2266/1 2381/2267/1
f 2380/2268/1 2403/2269/1 2402/2266/1
f 2379/2270/1 2403/2269/1 2380/2268/1
f 2378/2271/1 2403/2269/1 2379/2270/1
f 2377/2272/1 2403/2269/1 2378/2271/1
f 2376/2273/1 2403/2269/1 2377/2272/1
f 2375/2274/1 2403/2269/1 2376/2273/1
f 2375/2274/1 2404/2275/1 2403/2269/1
f 2374/2276/1 2404/2275/1 2375/2274/1
f 2373/2277/1 2404/2275/1 2374/2276/1
f 2372/2278/1 2404/2275/1 2373/2277/1
f 2371/2279/1 2404/2275/1 2372/2278/1
f 2370/2280/1 2404/2275/1 2371/2279/1
f 2369/2281/1 2404/2275/1 2370/2280/1
f 2369/2281/1 2405/2282/1 2404/2275/1
f 2368/2283/1 2405/2282/1 2369/2281/1
f 2367/2284/1 2405/2282/1 2368/2283/1
f 2366/2285/1 2405/2282/1 2367/2284/1
f 2366/2285/1 2406/2286/1 2405/2282/1
f 2365/2287/1 2406/2286/1 2366/2285/1
f 2364/2288/1 2406/2286/1 2365/2287/1
f 2364/2288/1 2407/2289/1 2406/2286/1
f 2363/2290/1 2407/2289/1 2364/2288/1
f 2362/2291/1 2407/2289/1 2363/2290/1
f 2361/2292/1 2407/2289/1 2362/2291/1
f 2360/2293/1 2407/2289/1 2361/2292/1
f 2360/2293/1 2408/2294/1 2407/2289/1
f 2359/2295/1 2408/2294/1 2360/2293/1
f 2358/2296/1 2408/2294/1 2359/2295/1
f 2357/2297/1 2408/2294/1 2358/2296/1
f 2357/2297/1 2409/2298/1 2408/2294/1
f 2356/2299/1 2409/2298/1 2357/2297/1
f 2355/2300/1 2409/2298/1 2356/2299/1
f 2355/2300/1 2410/2301/1 2409/2298/1
f 2354/2302/1 2410/2301/1 2355/2300/1
f 2353/2303/1 2410/2301/1 2354/2302/1
f 2353/2303/1 2411/2304/1 2410/2301/1
f 2352/2305/1 2411/2304/1 2353/2303/1
f 2351/2306/1 2411/2304/1 2352/2305/1
f 2351/2306/1 2412/2307/1 2411/2304/1
f 2350/2308/1 2412/2307/1 2351/2306/1
f 2349/2309/1 2412/2307/1 2350/2308/1
f 2348/2310/1 2412/2307/1 2349/2309/1
f 2348/2310/1 2413/2311/1 2412/2307/1
f 2347/2312/1 2413/2311/1 2348/2310/1
f 2346/2313/1 2413/2311/1 2347/2312/1
f 2346/2313/1 2414/2314/1 2413/2311/1
f 2345/2315/1 2414/2314/1 2346/2313/1
f 2345/2315/1 2415/2316/1 2414/2314/1
f 2344/2317/1 2415/2316/1 2345/2315/1
f 2343/2318/1 2415/2316/1 2344/2317/1
f 2343/2318/1 2416/2319/1 2415/2316/1
f 2342/2320/1 2416/2319/1 2343/2318/1
f 2342/2320/1 2417/2321/1 2416/2319/1
f 2342/2320/1 2418/2322/1 2417/2321/1
f 2341/2323/1 2418/2322/1 2342/2320/1
f 2341/2323/1 2419/2324/1 2418/2322/1
f 2340/2325/1 2419/2324/1 2341/2323/1
f 2340/2325/1 2420/2326/1 2419/2324/1
f 2340/2325/1 2421/2327/1 2420/2326/1
f 2340/2325/1 2422/2328/1 2421/2327/1
f 2339/2329/1 2422/2328/1 2340/2325/1
f 2339/2329/1 2423/2330/1 2422/2328/1
f 2339/2329/1 2424/2331/1 2423/2330/1
f 2339/2329/1 2425/2332/1 2424/2331/1
f 2338/2333/1 2425/2332/1 2339/2329/1
f 2338/2333/1 2426/2334/1 2425/2332/1
f 2338/2333/1 2427/2335/1 2426/2334/1
f 2338/2333/1 2428/2336/1 2427/2335/1
f 2337/2337/1 2428/2336/1 2338/2333/1
f 2337/2337/1 2429/2338/1 2428/2336/1
f 2337/2337/1 2430/2339/1 2429/2338/1
f 2337/2337/1 2431/2340/1 2430/2339/1
f 2337/2337/1 2432/2341/1 2431/2340/1
f 2337/2337/1 2433/2342/1 2432/2341/1
f 2336/2343/1 2433/2342/1 2337/2337/1
f 2336/2343/1 2434/2344/1 2433/2342/1
f 2336/2343/1 2435/2345/1 2434/2344/1
f 2336/2343/1 2436/2346/1 2435/2345/1
f 2336/2343/1 2437/2347/1 2436/2346/1
f 2336/2343/1 2438/2348/1 2437/2347/1
f 2335/2349/1 2438/2348/1 2336/2343/1
f 2335/2349/1 2439/2350/1 2438/2348/1
f 2335/2349/1 2440/2351/1 2439/2350/1
f 2335/2349/1 2441/2352/1 2440/2351/1
f 2335/2349/1 2442/2353/1 2441/2352/1
f 2334/2354/1 2442/2353/1 2335/2349/1
f 2334/2354/1 2443/2355/1 2442/2353/1
f 2334/2354/1 2444/2356/1 2443/2355/1
f 2334/2354/1 2445/2357/1 2444/2356/1
f 2513/2358/1 2515/2359/1 2514/2360/1
f 2513/2358/1 2516/2361/1 2515/2359/1
f 2512/2362/1 2516/2361/1 2513/2358/1
f 2512/2362/1 2517/2363/1 2516/2361/1
f 2511/2364/1 2517/2363/1 2512/2362/1
f 2511/2364/1 2518/2365/1 2517/2363/1
f 2510/2366/1 2518/2365/1 2511/2364/1
f 2510/2366/1 2519/2367/1 2518/2365/1
f 2509/2368/1 2519/2367/1 2510/2366/1
f 2509/2368/1 2520/2369/1 2519/2367/1
f 2508/2370/1 2520/2369/1 2509/2368/1
f 2334/2354/1 2446/2371/1 2445/2357/1
f 2508/2370/1 2521/2372/1 2520/2369/1
f 2507/2373/1 2521/2372/1 2508/2370/1
f 2507/2373/1 2522/2374/1 2521/2372/1
f 2506/2375/1 2522/2374/1 2507/2373/1
f 2506/2375/1 2523/2376/1 2522/2374/1
f 2505/2377/1 2523/2376/1 2506/2375/1
f 2334/2354/1 2447/2378/1 2446/2371/1
f 2505/2377/1 2524/2379/1 2523/2376/1
f 2504/2380/1 2524/2379/1 2505/2377/1
f 2504/2380/1 2525/2381/1 2524/2379/1
f 2503/2382/1 2525/2381/1 2504/2380/1
f 2503/2382/1 2526/2383/1 2525/2381/1
f 2333/2384/1 2447/2378/1 2334/2354/1
f 2333/2384/1 2448/2385/1 2447/2378/1
f 2502/2386/1 2526/2383/1 2503/2382/1
f 2502/2386/1 2527/2387/1 2526/2383/1
f 2501/2388/1 2527/2387/1 2502/2386/1
f 2501/2388/1 2528/2389/1 2527/2387/1
f 2500/2390/1 2528/2389/1 2501/2388/1
f 2333/2384/1 2449/2391/1 2448/2385/1
f 2499/2392/1 2528/2389/1 2500/2390/1
f 2499/2392/1 2529/2393/1 2528/2389/1
f 2498/2394/1 2529/2393/1 2499/2392/1
f 2333/2384/1 2450/2395/1 2449/2391/1
f 2497/2396/1 2529/2393/1 2498/2394/1
f 2497/2396/1 2530/2397/1 2529/2393/1
f 2496/2398/1 2530/2397/1 2497/2396/1
f 2495/2399/1 2530/2397/1 2496/2398/1
f 2495/2399/1 2531/2400/1 2530/2397/1
f 2494/2401/1 2531/2400/1 2495/2399/1
f 2333/2384/1 2451/2402/1 2450/2395/1
f 2493/2403/1 2531/2400/1 2494/2401/1
f 2493/2403/1 2532/2404/1 2531/2400/1
f 2492/2405/1 2532/2404/1 2493/2403/1
f 2491/2406/1 2532/2404/1 2492/2405/1
f 2490/2407/1 2532/2404/1 2491/2406/1
f 2489/2408/1 2532/2404/1 2490/2407/1
f 2489/2408/1 2533/2409/1 2532/2404/1
f 2488/2410/1 2533/2409/1 2489/2408/1
f 2488/2410/1 2534/2411/1 2533/2409/1
f 2333/2384/1 2452/2412/1 2451/2402/1
f 2487/2413/1 2534/2411/1 2488/2410/1
f 2487/2413/1 2535/2414/1 2534/2411/1
f 2486/2415/1 2535/2414/1 2487/2413/1
f 2486/2415/1 2536/2416/1 2535/2414/1
f 2485/2417/1 2536/2416/1 2486/2415/1
f 2333/2384/1 2453/2418/1 2452/2412/1
f 2485/2417/1 2537/2419/1 2536/2416/1
f 2484/2420/1 2537/2419/1 2485/2417/1
f 2484/2420/1 2538/2421/1 2537/2419/1
f 2483/2422/1 2538/2421/1 2484/2420/1
f 2482/2423/1 2538/2421/1 2483/2422/1
f 2482/2423/1 2539/2424/1 2538/2421/1
f 2332/2425/1 2453/2418/1 2333/2384/1
f 2481/2426/1 2539/2424/1 2482/2423/1
f 2481/2426/1 2540/2427/1 2539/2424/1
f 2332/2425/1 2454/2428/1 2453/2418/1
f 2480/2429/1 2540/2427/1 2481/2426/1
f 2480/2429/1 2541/2430/1 2540/2427/1
f 2479/2431/1 2541/2430/1 2480/2429/1
f 2478/2432/1 2541/2430/1 2479/2431/1
f 2478/2432/1 2542/2433/1 2541/2430/1
f 2477/2434/1 2542/2433/1 2478/2432/1
f 2476/2435/1 2542/2433/1 2477/2434/1
f 2476/2435/1 2543/2436/1 2542/2433/1
f 2475/2437/1 2543/2436/1 2476/2435/1
f 2474/2438/1 2543/2436/1 2475/2437/1
f 2473/2439/1 2543/2436/1 2474/2438/1
f 2332/2425/1 2455/2440/1 2454/2428/1
f 2472/2441/1 2543/2436/1 2473/2439/1
f 2472/2441/1 2544/2442/1 2543/2436/1
f 2332/2425/1 2456/2443/1 2455/2440/1
f 2332/2425/1 2457/2444/1 2456/2443/1
f 2471/2445/1 2544/2442/1 2472/2441/1
f 2332/2425/1 2458/2446/1 2457/2444/1
f 2470/2447/1 2544/2442/1 2471/2445/1
f 2332/2425/1 2459/2448/1 2458/2446/1
f 2332/2425/1 2460/2449/1 2459/2448/1
f 2469/2450/1 2544/2442/1 2470/2447/1
f 2332/2425/1 2461/2451/1 2460/2449/1
f 2332/2425/1 2462/2452/1 2461/2451/1
f 2468/2453/1 2544/2442/1 2469/2450/1
f 2332/2425/1 2463/2454/1 2462/2452/1
f 2467/2455/1 2544/2442/1 2468/2453/1
f 2332/2425/1 2464/2456/1 2463/2454/1
f 2332/2425/1 2465/2457/1 2464/2456/1
f 2466/2458/1 2544/2442/1 2467/2455/1
f 2332/2425/1 2466/2458/1 2465/2457/1
f 2332/2425/1 2544/2442/1 2466/2458/1
f 2332/2425/1 2545/2459/1 2544/2442/1
f 2332/2425/1 2546/2460/1 2545/2459/1
f 2332/2425/1 2547/2461/1 2546/2460/1
f 2332/2425/1 2670/2462/1 2547/2461/1
f 2670/2462/1 2548/2463/1 2547/2461/1
f 2670/2462/1 2549/2464/1 2548/2463/1
f 2332/2425/1 2671/2465/1 2670/2462/1
f 2669/2466/1 2549/2464/1 2670/2462/1
f 2668/2467/1 2549/2464/1 2669/2466/1
f 2667/2468/1 2549/2464/1 2668/2467/1
f 2332/2425/1 2672/2469/1 2671/2465/1
f 2666/2470/1 2549/2464/1 2667/2468/1
f 2665/2471/1 2549/2464/1 2666/2470/1
f 2332/2425/1 2673/2472/1 2672/2469/1
f 2664/2473/1 2549/2464/1 2665/2471/1
f 2664/2473/1 2550/2474/1 2549/2464/1
f 2663/2475/1 2550/2474/1 2664/2473/1
f 2332/2425/1 2674/2476/1 2673/2472/1
f 2662/2477/1 2550/2474/1 2663/2475/1
f 2661/2478/1 2550/2474/1 2662/2477/1
f 2332/2425/1 2675/2479/1 2674/2476/1
f 2660/2480/1 2550/2474/1 2661/2478/1
f 2660/2480/1 2551/2481/1 2550/2474/1
f 2659/2482/1 2551/2481/1 2660/2480/1
f 2332/2425/1 2676/2483/1 2675/2479/1
f 2658/2484/1 2551/2481/1 2659/2482/1
f 2657/2485/1 2551/2481/1 2658/2484/1
f 2657/2485/1 2552/2486/1 2551/2481/1
f 2332/2425/1 2677/2487/1 2676/2483/1
f 2656/2488/1 2552/2486/1 2657/2485/1
f 2656/2488/1 2553/2489/1 2552/2486/1
f 2332/2425/1 2678/2490/1 2677/2487/1
f 2655/2491/1 2553/2489/1 2656/2488/1
f 2331/2492/1 2262/2493/1 2332/2425/1
f 2262/2493/1 2678/2490/1 2332/2425/1
f 2655/2491/1 2554/2494/1 2553/2489/1
f 2262/2493/1 2679/2495/1 2678/2490/1
f 2654/2496/1 2554/2494/1 2655/2491/1
f 2654/2496/1 2555/2497/1 2554/2494/1
f 2262/2493/1 2680/2498/1 2679/2495/1
f 2654/2496/1 2556/2499/1 2555/2497/1
f 2653/2500/1 2556/2499/1 2654/2496/1
f 2331/2492/1 2263/2501/1 2262/2493/1
f 2261/2502/1 2680/2498/1 2262/2493/1
f 2261/2502/1 2681/2503/1 2680/2498/1
f 2653/2500/1 2557/2504/1 2556/2499/1
f 2652/2505/1 2557/2504/1 2653/2500/1
f 2652/2505/1 2558/2506/1 2557/2504/1
f 2260/2507/1 2681/2503/1 2261/2502/1
f 2260/2507/1 2682/2508/1 2681/2503/1
f 2652/2505/1 2559/2509/1 2558/2506/1
f 2651/2510/1 2559/2509/1 2652/2505/1
f 2259/2511/1 2682/2508/1 2260/2507/1
f 2651/2510/1 2560/2512/1 2559/2509/1
f 2259/2511/1 2683/2513/1 2682/2508/1
f 2259/2511/1 2684/2514/1 2683/2513/1
f 2259/2511/1 2685/2515/1 2684/2514/1
f 2258/2516/1 2685/2515/1 2259/2511/1
f 2651/2510/1 2561/2517/1 2560/2512/1
f 2258/2516/1 2686/2518/1 2685/2515/1
f 2650/2519/1 2561/2517/1 2651/2510/1
f 2258/2516/1 2687/2520/1 2686/2518/1
f 2258/2516/1 2688/2521/1 2687/2520/1
f 2650/2519/1 2562/2522/1 2561/2517/1
f 2257/2523/1 2688/2521/1 2258/2516/1
f 2257/2523/1 2689/2524/1 2688/2521/1
f 2257/2523/1 2690/2525/1 2689/2524/1
f 2257/2523/1 2691/2526/1 2690/2525/1
f 2257/2523/1 2692/2527/1 2691/2526/1
f 2650/2519/1 2563/2528/1 2562/2522/1
f 2256/2529/1 2692/2527/1 2257/2523/1
f 2649/2530/1 2563/2528/1 2650/2519/1
f 2256/2529/1 2693/2531/1 2692/2527/1
f 2256/2529/1 2694/2532/1 2693/2531/1
f 2649/2530/1 2564/2533/1 2563/2528/1
f 2331/2492/1 2264/2534/1 2263/2501/1
f 2256/2529/1 2695/2535/1 2694/2532/1
f 2255/2536/1 2695/2535/1 2256/2529/1
f 2255/2536/1 2696/2537/1 2695/2535/1
f 2255/2536/1 2697/2538/1 2696/2537/1
f 2649/2530/1 2565/2539/1 2564/2533/1
f 2254/2540/1 2697/2538/1 2255/2536/1
f 2254/2540/1 2698/2541/1 2697/2538/1
f 2254/2540/1 2699/2542/1 2698/2541/1
f 2253/2543/1 2699/2542/1 2254/2540/1
f 2648/2544/1 2565/2539/1 2649/2530/1
f 2648/2544/1 2566/2545/1 2565/2539/1
f 2253/2543/1 2700/2546/1 2699/2542/1
f 2252/2547/1 2700/2546/1 2253/2543/1
f 2252/2547/1 2701/2548/1 2700/2546/1
f 2252/2547/1 2702/2549/1 2701/2548/1
f 2251/2550/1 2702/2549/1 2252/2547/1
f 2251/2550/1 2703/2551/1 2702/2549/1
f 2251/2550/1 2704/2552/1 2703/2551/1
f 2250/631/1 2704/2552/1 2251/2550/1
f 2250/631/1 2705/503/1 2704/2552/1
f 2648/2544/1 2567/2553/1 2566/2545/1
f 2648/2544/1 2568/2554/1 2567/2553/1
f 2647/2555/1 2568/2554/1 2648/2544/1
f 2647/2555/1 2569/2556/1 2568/2554/1
f 2647/2555/1 2570/2557/1 2569/2556/1
f 2330/2558/1 2264/2534/1 2331/2492/1
f 2647/2555/1 2571/2559/1 2570/2557/1
f 2646/2560/1 2571/2559/1 2647/2555/1
f 2646/2560/1 2572/2561/1 2571/2559/1
f 2330/2558/1 2265/2562/1 2264/2534/1
f 2646/2560/1 2573/2563/1 2572/2561/1
f 2645/2564/1 2573/2563/1 2646/2560/1
f 2645/2564/1 2574/2565/1 2573/2563/1
f 2645/2564/1 2575/2566/1 2574/2565/1
f 2330/2558/1 2266/2567/1 2265/2562/1
f 2330/2558/1 2267/2568/1 2266/2567/1
f 2329/2569/1 2267/2568/1 2330/2558/1
f 2329/2569/1 2268/2570/1 2267/2568/1
f 2645/2564/1 2576/2571/1 2575/2566/1
f 2329/2569/1 2269/2572/1 2268/2570/1
f 2328/2573/1 2269/2572/1 2329/2569/1
f 2328/2573/1 2270/2574/1 2269/2572/1
f 2644/2575/1 2576/2571/1 2645/2564/1
f 2328/2573/1 2271/2576/1 2270/2574/1
f 2327/2577/1 2271/2576/1 2328/2573/1
f 2644/2575/1 2577/2578/1 2576/2571/1
f 2327/2577/1 2272/2579/1 2271/2576/1
f 2327/2577/1 2273/2580/1 2272/2579/1
f 2326/2581/1 2273/2580/1 2327/2577/1
f 2326/2581/1 2274/2582/1 2273/2580/1
f 2644/2575/1 2578/2583/1 2577/2578/1
f 2326/2581/1 2275/2584/1 2274/2582/1
f 2643/2585/1 2578/2583/1 2644/2575/1
f 2325/2586/1 2275/2584/1 2326/2581/1
f 2325/2586/1 2276/2587/1 2275/2584/1
f 2325/2586/1 2277/2588/1 2276/2587/1
f 2324/2589/1 2277/2588/1 2325/2586/1
f 2643/2585/1 2579/2590/1 2578/2583/1
f 2324/2589/1 2278/2591/1 2277/2588/1
f 2324/2589/1 2279/2592/1 2278/2591/1
f 2323/2593/1 2279/2592/1 2324/2589/1
f 2323/2593/1 2280/2594/1 2279/2592/1
f 2642/2595/1 2579/2590/1 2643/2585/1
f 2323/2593/1 2281/2596/1 2280/2594/1
f 2642/2595/1 2580/2597/1 2579/2590/1
f 2322/2598/1 2281/2596/1 2323/2593/1
f 2322/2598/1 2282/2599/1 2281/2596/1
f 2322/2598/1 2283/2600/1 2282/2599/1
f 2322/2598/1 2284/2601/1 2283/2600/1
f 2321/2602/1 2284/2601/1 2322/2598/1
f 2320/2603/1 2284/2601/1 2321/2602/1
f 2319/2604/1 2284/2601/1 2320/2603/1
f 2318/2605/1 2284/2601/1 2319/2604/1
f 2318/2605/1 2285/2606/1 2284/2601/1
f 2317/2607/1 2285/2606/1 2318/2605/1
f 2642/2595/1 2581/2608/1 2580/2597/1
f 2316/2609/1 2285/2606/1 2317/2607/1
f 2315/2610/1 2285/2606/1 2316/2609/1
f 2314/2611/1 2285/2606/1 2315/2610/1
f 2314/2611/1 2286/2612/1 2285/2606/1
f 2313/2613/1 2286/2612/1 2314/2611/1
f 2312/2614/1 2286/2612/1 2313/2613/1
f 2311/2615/1 2286/2612/1 2312/2614/1
f 2310/2616/1 2286/2612/1 2311/2615/1
f 2309/2617/1 2286/2612/1 2310/2616/1
f 2641/2618/1 2581/2608/1 2642/2595/1
f 2309/2617/1 2287/2619/1 2286/2612/1
f 2308/2620/1 2287/2619/1 2309/2617/1
f 2308/2620/1 2288/2621/1 2287/2619/1
f 2307/2622/1 2288/2621/1 2308/2620/1
f 2307/2622/1 2289/2623/1 2288/2621/1
f 2306/2624/1 2289/2623/1 2307/2622/1
f 2306/2624/1 2290/2625/1 2289/2623/1
f 2305/2626/1 2290/2625/1 2306/2624/1
f 2305/2626/1 2291/2627/1 2290/2625/1
f 2304/2628/1 2291/2627/1 2305/2626/1
f 2304/2628/1 2292/2629/1 2291/2627/1
f 2303/2630/1 2292/2629/1 2304/2628/1
f 2303/2630/1 2293/2631/1 2292/2629/1
f 2302/2632/1 2293/2631/1 2303/2630/1
f 2302/2632/1 2294/2633/1 2293/2631/1
f 2301/2634/1 2294/2633/1 2302/2632/1
f 2301/2634/1 2295/2635/1 2294/2633/1
f 2300/2636/1 2295/2635/1 2301/2634/1
f 2300/2636/1 2296/2637/1 2295/2635/1
f 2299/2638/1 2296/2637/1 2300/2636/1
f 2299/2638/1 2297/2639/1 2296/2637/1
f 2298/2640/1 2297/2639/1 2299/2638/1
f 2641/2618/1 2582/2641/1 2581/2608/1
f 2640/2642/1 2582/2641/1 2641/2618/1
f 2640/2642/1 2583/2643/1 2582/2641/1
f 2640/2642/1 2584/2644/1 2583/2643/1
f 2639/2645/1 2584/2644/1 2640/2642/1
f 2639/2645/1 2585/2646/1 2584/2644/1
f 2639/2645/1 2586/2647/1 2585/2646/1
f 2638/2648/1 2586/2647/1 2639/2645/1
f 2638/2648/1 2587/2649/1 2586/2647/1
f 2638/2648/1 2588/2650/1 2587/2649/1
f 2637/2651/1 2588/2650/1 2638/2648/1
f 2637/2651/1 2589/2652/1 2588/2650/1
f 2637/2651/1 2590/2653/1 2589/2652/1
f 2636/2654/1 2590/2653/1 2637/2651/1
f 2636/2654/1 2591/2655/1 2590/2653/1
f 2636/2654/1 2592/2656/1 2591/2655/1
f 2636/2654/1 2593/2657/1 2592/2656/1
f 2635/2658/1 2593/2657/1 2636/2654/1
f 2635/2658/1 2594/2659/1 2593/2657/1
f 2635/2658/1 2595/2660/1 2594/2659/1
f 2634/2661/1 2595/2660/1 2635/2658/1
f 2634/2661/1 2596/2662/1 2595/2660/1
f 2634/2661/1 2597/2663/1 2596/2662/1
f 2634/2661/1 2598/2664/1 2597/2663/1
f 2633/2665/1 2598/2664/1 2634/2661/1
f 2632/2666/1 2598/2664/1 2633/2665/1
f 2631/2667/1 2598/2664/1 2632/2666/1
f 2630/2668/1 2598/2664/1 2631/2667/1
f 2629/2669/1 2598/2664/1 2630/2668/1
f 2628/2670/1 2598/2664/1 2629/2669/1
f 2627/2671/1 2598/2664/1 2628/2670/1
f 2626/2672/1 2598/2664/1 2627/2671/1
f 2626/2672/1 2599/2673/1 2598/2664/1
f 2625/2674/1 2599/2673/1 2626/2672/1
f 2624/2675/1 2599/2673/1 2625/2674/1
f 2624/2675/1 2600/2676/1 2599/2673/1
f 2623/2677/1 2600/2676/1 2624/2675/1
f 2623/2677/1 2601/2678/1 2600/2676/1
f 2622/2679/1 2601/2678/1 2623/2677/1
f 2622/2679/1 2602/2680/1 2601/2678/1
f 2621/2681/1 2602/2680/1 2622/2679/1
f 2620/2682/1 2602/2680/1 2621/2681/1
f 2620/2682/1 2603/2683/1 2602/2680/1
f 2619/2684/1 2603/2683/1 2620/2682/1
f 2619/2684/1 2604/2685/1 2603/2683/1
f 2618/2686/1 2604/2685/1 2619/2684/1
f 2618/2686/1 2605/2687/1 2604/2685/1
f 2617/2688/1 2605/2687/1 2618/2686/1
f 2616/2689/1 2605/2687/1 2617/2688/1
f 2616/2689/1 2606/2690/1 2605/2687/1
f 2615/2691/1 2606/2690/1 2616/2689/1
f 2615/2691/1 2607/2692/1 2606/2690/1
f 2614/2693/1 2607/2692/1 2615/2691/1
f 2614/2693/1 2608/2694/1 2607/2692/1
f 2613/2695/1 2608/2694/1 2614/2693/1
f 2612/2696/1 2608/2694/1 2613/2695/1
f 2612/2696/1 2609/2697/1 2608/2694/1
f 2611/2698/1 2609/2697/1 2612/2696/1
f 2611/2698/1 2610/2699/1 2609/2697/1
f 3089/503/1 3007/2700/1 3006/2701/1
f 3088/2702/1 3007/2700/1 3089/503/1
f 3087/2703/1 3007/2700/1 3088/2702/1
f 3087/2703/1 3008/2704/1 3007/2700/1
f 3086/2705/1 3008/2704/1 3087/2703/1
f 3085/2706/1 3008/2704/1 3086/2705/1
f 3085/2706/1 3009/2707/1 3008/2704/1
f 3084/2708/1 3009/2707/1 3085/2706/1
f 3083/2709/1 3009/2707/1 3084/2708/1
f 3083/2709/1 3010/2710/1 3009/2707/1
f 3082/2711/1 3010/2710/1 3083/2709/1
f 3081/2712/1 3010/2710/1 3082/2711/1
f 3081/2712/1 3011/2713/1 3010/2710/1
f 3080/2714/1 3011/2713/1 3081/2712/1
f 3079/2715/1 3011/2713/1 3080/2714/1
f 3079/2715/1 3012/2716/1 3011/2713/1
f 2753/2717/1 2755/2718/1 2754/2719/1
f 2752/2720/1 2755/2718/1 2753/2717/1
f 2751/2721/1 2755/2718/1 2752/2720/1
f 2751/2721/1 2756/2722/1 2755/2718/1
f 2750/2723/1 2756/2722/1 2751/2721/1
f 3078/2724/1 3012/2716/1 3079/2715/1
f 2749/2725/1 2756/2722/1 2750/2723/1
f 2749/2725/1 2757/2726/1 2756/2722/1
f 2748/2727/1 2757/2726/1 2749/2725/1
f 3077/2728/1 3012/2716/1 3078/2724/1
f 2747/2729/1 2757/2726/1 2748/2727/1
f 3077/2728/1 3013/2730/1 3012/2716/1
f 2747/2729/1 2758/2731/1 2757/2726/1
f 2746/2732/1 2758/2731/1 2747/2729/1
f 3076/2733/1 3013/2730/1 3077/2728/1
f 2745/2734/1 2758/2731/1 2746/2732/1
f 3075/2735/1 3013/2730/1 3076/2733/1
f 2745/2734/1 2759/2736/1 2758/2731/1
f 2744/2737/1 2759/2736/1 2745/2734/1
f 3075/2735/1 3014/2738/1 3013/2730/1
f 3074/2739/1 3014/2738/1 3075/2735/1
f 2743/2740/1 2759/2736/1 2744/2737/1
f 2742/2741/1 2759/2736/1 2743/2740/1
f 2742/2741/1 2760/2742/1 2759/2736/1
f 3073/2743/1 3014/2738/1 3074/2739/1
f 2741/2744/1 2760/2742/1 2742/2741/1
f 3072/2745/1 3014/2738/1 3073/2743/1
f 3072/2745/1 3015/2746/1 3014/2738/1
f 2740/2747/1 2760/2742/1 2741/2744/1
f 3071/2748/1 3015/2746/1 3072/2745/1
f 2740/2747/1 2761/2749/1 2760/2742/1
f 2739/2750/1 2761/2749/1 2740/2747/1
f 3070/2751/1 3015/2746/1 3071/2748/1
f 2738/2752/1 2761/2749/1 2739/2750/1
f 3070/2751/1 3016/2753/1 3015/2746/1
f 2737/2754/1 2761/2749/1 2738/2752/1
f 3069/2755/1 3016/2753/1 3070/2751/1
f 2737/2754/1 2762/2756/1 2761/2749/1
f 2736/2757/1 2762/2756/1 2737/2754/1
f 3068/2758/1 3016/2753/1 3069/2755/1
f 2735/2759/1 2762/2756/1 2736/2757/1
f 2734/2760/1 2762/2756/1 2735/2759/1
f 3067/2761/1 3016/2753/1 3068/2758/1
f 2733/2762/1 2762/2756/1 2734/2760/1
f 3067/2761/1 3017/2763/1 3016/2753/1
f 2733/2762/1 2763/2764/1 2762/2756/1
f 2732/2765/1 2763/2764/1 2733/2762/1
f 2731/2766/1 2763/2764/1 2732/2765/1
f 3066/2767/1 3017/2763/1 3067/2761/1
f 2730/2768/1 2763/2764/1 2731/2766/1
f 2729/2769/1 2763/2764/1 2730/2768/1
f 2728/2770/1 2763/2764/1 2729/2769/1
f 3065/2771/1 3017/2763/1 3066/2767/1
f 3065/2771/1 3018/2772/1 3017/2763/1
f 2728/2770/1 2764/2773/1 2763/2764/1
f 2727/2774/1 2764/2773/1 2728/2770/1
f 2726/2775/1 2764/2773/1 2727/2774/1
f 2725/2776/1 2764/2773/1 2726/2775/1
f 2724/2777/1 2764/2773/1 2725/2776/1
f 2723/2778/1 2764/2773/1 2724/2777/1
f 2722/2779/1 2764/2773/1 2723/2778/1
f 3065/2771/1 3019/2780/1 3018/2772/1
f 2722/2779/1 2765/2781/1 2764/2773/1
f 2721/2782/1 2765/2781/1 2722/2779/1
f 2720/2783/1 2765/2781/1 2721/2782/1
f 2719/2784/1 2765/2781/1 2720/2783/1
f 2718/2785/1 2765/2781/1 2719/2784/1
f 2717/2786/1 2765/2781/1 2718/2785/1
f 2716/2787/1 2765/2781/1 2717/2786/1
f 2716/2787/1 2766/2788/1 2765/2781/1
f 2715/2789/1 2766/2788/1 2716/2787/1
f 3064/2790/1 3019/2780/1 3065/2771/1
f 2714/2791/1 2766/2788/1 2715/2789/1
f 2713/2792/1 2766/2788/1 2714/2791/1
f 2712/2793/1 2766/2788/1 2713/2792/1
f 2712/2793/1 2767/2794/1 2766/2788/1
f 2711/2795/1 2767/2794/1 2712/2793/1
f 2711/2795/1 2768/2796/1 2767/2794/1
f 2710/2797/1 2768/2796/1 2711/2795/1
f 3064/2790/1 3020/2798/1 3019/2780/1
f 2709/2799/1 2768/2796/1 2710/2797/1
f 2709/2799/1 2769/2800/1 2768/2796/1
f 3063/2801/1 3020/2798/1 3064/2790/1
f 2708/2802/1 2769/2800/1 2709/2799/1
f 2708/2802/1 2770/2803/1 2769/2800/1
f 2707/2804/1 2770/2803/1 2708/2802/1
f 2706/631/1 2770/2803/1 2707/2804/1
f 2706/631/1 2771/2805/1 2770/2803/1
f 2921/2806/1 2771/2805/1 2706/631/1
f 2921/2806/1 2772/2807/1 2771/2805/1
f 2920/2808/1 2772/2807/1 2921/2806/1
f 3062/2809/1 3020/2798/1 3063/2801/1
f 2920/2808/1 2773/2810/1 2772/2807/1
f 3062/2809/1 3021/2811/1 3020/2798/1
f 2920/2808/1 2774/2812/1 2773/2810/1
f 2919/2813/1 2774/2812/1 2920/2808/1
f 2919/2813/1 2775/2814/1 2774/2812/1
f 2918/2815/1 2775/2814/1 2919/2813/1
f 2918/2815/1 2776/2816/1 2775/2814/1
f 2917/2817/1 2776/2816/1 2918/2815/1
f 3061/2818/1 3021/2811/1 3062/2809/1
f 2917/2817/1 2777/2819/1 2776/2816/1
f 3005/2820/1 2923/2821/1 2922/2822/1
f 3004/2823/1 2923/2821/1 3005/2820/1
f 3061/2818/1 3022/2824/1 3021/2811/1
f 3004/2823/1 2924/2825/1 2923/2821/1
f 3003/2826/1 2924/2825/1 3004/2823/1
f 2916/2827/1 2777/2819/1 2917/2817/1
f 3002/2828/1 2924/2825/1 3003/2826/1
f 3002/2828/1 2925/2829/1 2924/2825/1
f 3001/2830/1 2925/2829/1 3002/2828/1
f 3001/2830/1 2926/2831/1 2925/2829/1
f 3000/2832/1 2926/2831/1 3001/2830/1
f 2999/2833/1 2926/2831/1 3000/2832/1
f 2916/2827/1 2778/2834/1 2777/2819/1
f 2999/2833/1 2927/2835/1 2926/2831/1
f 2998/2836/1 2927/2835/1 2999/2833/1
f 2998/2836/1 2928/2837/1 2927/2835/1
f 2997/2838/1 2928/2837/1 2998/2836/1
f 2915/2839/1 2778/2834/1 2916/2827/1
f 2996/2840/1 2928/2837/1 2997/2838/1
f 2996/2840/1 2929/2841/1 2928/2837/1
f 2995/2842/1 2929/2841/1 2996/2840/1
f 2915/2839/1 2779/2843/1 2778/2834/1
f 2994/2844/1 2929/2841/1 2995/2842/1
f 2994/2844/1 2930/2845/1 2929/2841/1
f 2993/2846/1 2930/2845/1 2994/2844/1
f 2914/2847/1 2779/2843/1 2915/2839/1
f 2914/2847/1 2780/2848/1 2779/2843/1
f 2992/2849/1 2930/2845/1 2993/2846/1
f 2992/2849/1 2931/2850/1 2930/2845/1
f 2991/2851/1 2931/2850/1 2992/2849/1
f 2990/2852/1 2931/2850/1 2991/2851/1
f 3060/2853/1 3022/2824/1 3061/2818/1
f 2990/2852/1 2932/2854/1 2931/2850/1
f 2914/2847/1 2781/2855/1 2780/2848/1
f 2989/2856/1 2932/2854/1 2990/2852/1
f 2913/2857/1 2781/2855/1 2914/2847/1
f 2988/2858/1 2932/2854/1 2989/2856/1
f 2988/2858/1 2933/2859/1 2932/2854/1
f 2913/2857/1 2782/2860/1 2781/2855/1
f 2987/2861/1 2933/2859/1 2988/2858/1
f 3060/2853/1 3023/2862/1 3022/2824/1
f 2986/2863/1 2933/2859/1 2987/2861/1
f 2912/2864/1 2782/2860/1 2913/2857/1
f 2986/2863/1 2934/2865/1 2933/2859/1
f 2985/2866/1 2934/2865/1 2986/2863/1
f 2912/2864/1 2783/2867/1 2782/2860/1
f 2984/2868/1 2934/2865/1 2985/2866/1
f 2983/2869/1 2934/2865/1 2984/2868/1
f 2983/2869/1 2935/2870/1 2934/2865/1
f 2912/2864/1 2784/2871/1 2783/2867/1
f 2911/2872/1 2784/2871/1 2912/2864/1
f 2982/2873/1 2935/2870/1 2983/2869/1
f 2911/2872/1 2785/2874/1 2784/2871/1
f 2981/2875/1 2935/2870/1 2982/2873/1
f 2910/2876/1 2785/2874/1 2911/2872/1
f 3059/2877/1 3023/2862/1 3060/2853/1
f 2910/2876/1 2786/2878/1 2785/2874/1
f 2909/2879/1 2786/2878/1 2910/2876/1
f 2909/2879/1 2787/2880/1 2786/2878/1
f 3059/2877/1 3024/2881/1 3023/2862/1
f 2908/2882/1 2787/2880/1 2909/2879/1
f 2908/2882/1 2788/2883/1 2787/2880/1
f 2980/2884/1 2935/2870/1 2981/2875/1
f 2980/2884/1 2936/2885/1 2935/2870/1
f 2908/2882/1 2789/2886/1 2788/2883/1
f 2907/2887/1 2789/2886/1 2908/2882/1
f 2907/2887/1 2790/2888/1 2789/2886/1
f 2906/2889/1 2790/2888/1 2907/2887/1
f 3058/2890/1 3024/2881/1 3059/2877/1
f 2906/2889/1 2791/2891/1 2790/2888/1
f 3058/2890/1 3025/2892/1 3024/2881/1
f 2906/2889/1 2792/2893/1 2791/2891/1
f 2905/2894/1 2792/2893/1 2906/2889/1
f 2979/2895/1 2936/2885/1 2980/2884/1
f 2905/2894/1 2793/2896/1 2792/2893/1
f 2904/2897/1 2793/2896/1 2905/2894/1
f 2979/2895/1 2937/2898/1 2936/2885/1
f 2904/2897/1 2794/2899/1 2793/2896/1
f 2904/2897/1 2795/2900/1 2794/2899/1
f 2903/2901/1 2795/2900/1 2904/2897/1
f 2903/2901/1 2796/2902/1 2795/2900/1
f 3057/2903/1 3025/2892/1 3058/2890/1
f 2903/2901/1 2797/2904/1 2796/2902/1
f 3057/2903/1 3026/2905/1 3025/2892/1
f 2978/2906/1 2937/2898/1 2979/2895/1
f 2903/2901/1 2798/2907/1 2797/2904/1
f 2902/2908/1 2798/2907/1 2903/2901/1
f 2902/2908/1 2799/2909/1 2798/2907/1
f 2978/2906/1 2938/2910/1 2937/2898/1
f 2902/2908/1 2800/2911/1 2799/2909/1
f 2901/2912/1 2800/2911/1 2902/2908/1
f 2901/2912/1 2801/2913/1 2800/2911/1
f 2901/2912/1 2802/2914/1 2801/2913/1
f 2901/2912/1 2803/2915/1 2802/2914/1
f 2977/2916/1 2938/2910/1 2978/2906/1
f 2900/2917/1 2803/2915/1 2901/2912/1
f 3057/2903/1 3027/2918/1 3026/2905/1
f 3056/2919/1 3027/2918/1 3057/2903/1
f 2900/2917/1 2804/2920/1 2803/2915/1
f 2900/2917/1 2805/2921/1 2804/2920/1
f 2977/2916/1 2939/2922/1 2938/2910/1
f 2900/2917/1 2806/2923/1 2805/2921/1
f 2899/2924/1 2806/2923/1 2900/2917/1
f 2899/2924/1 2807/2925/1 2806/2923/1
f 2976/2926/1 2939/2922/1 2977/2916/1
f 2899/2924/1 2808/2927/1 2807/2925/1
f 2898/2928/1 2808/2927/1 2899/2924/1
f 3056/2919/1 3028/2929/1 3027/2918/1
f 2898/2928/1 2809/2930/1 2808/2927/1
f 3055/2931/1 3028/2929/1 3056/2919/1
f 2976/2926/1 2940/2932/1 2939/2922/1
f 2897/2933/1 2809/2930/1 2898/2928/1
f 2897/2933/1 2810/2934/1 2809/2930/1
f 2975/2935/1 2940/2932/1 2976/2926/1
f 2897/2933/1 2811/2936/1 2810/2934/1
f 3055/2931/1 3029/2937/1 3028/2929/1
f 2897/2933/1 2812/2938/1 2811/2936/1
f 2975/2935/1 2941/2939/1 2940/2932/1
f 3054/2940/1 3029/2937/1 3055/2931/1
f 2974/2941/1 2941/2939/1 2975/2935/1
f 2897/2933/1 2813/2942/1 2812/2938/1
f 3054/2940/1 3030/2943/1 3029/2937/1
f 2897/2933/1 2814/2944/1 2813/2942/1
f 2974/2941/1 2942/2945/1 2941/2939/1
f 2896/2946/1 2814/2944/1 2897/2933/1
f 2973/2947/1 2942/2945/1 2974/2941/1
f 2896/2946/1 2815/2948/1 2814/2944/1
f 3053/2949/1 3030/2943/1 3054/2940/1
f 3053/2949/1 3031/2950/1 3030/2943/1
f 2973/2947/1 2943/2951/1 2942/2945/1
f 3052/2952/1 3031/2950/1 3053/2949/1
f 3052/2952/1 3032/2953/1 3031/2950/1
f 2972/2954/1 2943/2951/1 2973/2947/1
f 3051/2955/1 3032/2953/1 3052/2952/1
f 2972/2954/1 2944/2956/1 2943/2951/1
f 3051/2955/1 3033/2957/1 3032/2953/1
f 3050/2958/1 3033/2957/1 3051/2955/1
f 2971/2959/1 2944/2956/1 2972/2954/1
f 3050/2958/1 3034/2960/1 3033/2957/1
f 2895/2961/1 2815/2948/1 2896/2946/1
f 2971/2959/1 2945/2962/1 2944/2956/1
f 2895/2961/1 2816/2963/1 2815/2948/1
f 3049/2964/1 3034/2960/1 3050/2958/1
f 3049/2964/1 3035/2965/1 3034/2960/1
f 3048/2966/1 3035/2965/1 3049/2964/1
f 3048/2966/1 3036/2967/1 3035/2965/1
f 2970/2968/1 2945/2962/1 2971/2959/1
f 2970/2968/1 2946/2969/1 2945/2962/1
f 3047/2970/1 3036/2967/1 3048/2966/1
f 3047/2970/1 3037/2971/1 3036/2967/1
f 3046/2972/1 3037/2971/1 3047/2970/1
f 3046/2972/1 3038/2973/1 3037/2971/1
f 3045/2974/1 3038/2973/1 3046/2972/1
f 3045/2974/1 3039/2975/1 3038/2973/1
f 2969/2976/1 2946/2969/1 2970/2968/1
f 3044/2977/1 3039/2975/1 3045/2974/1
f 3044/2977/1 3040/2978/1 3039/2975/1
f 2969/2976/1 2947/2979/1 2946/2969/1
f 2894/2980/1 2816/2963/1 2895/2961/1
f 3043/2981/1 3040/2978/1 3044/2977/1
f 3043/2981/1 3041/2982/1 3040/2978/1
f 3042/2983/1 3041/2982/1 3043/2981/1
f 2968/2984/1 2947/2979/1 2969/2976/1
f 2894/2980/1 2817/2985/1 2816/2963/1
f 2968/2984/1 2948/2986/1 2947/2979/1
f 2967/2987/1 2948/2986/1 2968/2984/1
f 2967/2987/1 2949/2988/1 2948/2986/1
f 2966/2989/1 2949/2988/1 2967/2987/1
f 2966/2989/1 2950/2990/1 2949/2988/1
f 2965/2991/1 2950/2990/1 2966/2989/1
f 2965/2991/1 2951/2992/1 2950/2990/1
f 2964/2993/1 2951/2992/1 2965/2991/1
f 2964/2993/1 2952/2994/1 2951/2992/1
f 2893/2995/1 2817/2985/1 2894/2980/1
f 2963/2996/1 2952/2994/1 2964/2993/1
f 2963/2996/1 2953/2997/1 2952/2994/1
f 2962/2998/1 2953/2997/1 2963/2996/1
f 2962/2998/1 2954/2999/1 2953/2997/1
f 2893/2995/1 2818/3000/1 2817/2985/1
f 2961/3001/1 2954/2999/1 2962/2998/1
f 2961/3001/1 2955/3002/1 2954/2999/1
f 2960/3003/1 2955/3002/1 2961/3001/1
f 2960/3003/1 2956/3004/1 2955/3002/1
f 2959/3005/1 2956/3004/1 2960/3003/1
f 2959/3005/1 2957/3006/1 2956/3004/1
f 2958/3007/1 2957/3006/1 2959/3005/1
f 2892/3008/1 2818/3000/1 2893/2995/1
f 2892/3008/1 2819/3009/1 2818/3000/1
f 2891/3010/1 2819/3009/1 2892/3008/1
f 2891/3010/1 2820/3011/1 2819/3009/1
f 2890/3012/1 2820/3011/1 2891/3010/1
f 2890/3012/1 2821/3013/1 2820/3011/1
f 2889/3014/1 2821/3013/1 2890/3012/1
f 2889/3014/1 2822/3015/1 2821/3013/1
f 2888/3016/1 2822/3015/1 2889/3014/1
f 2888/3016/1 2823/3017/1 2822/3015/1
f 2887/3018/1 2823/3017/1 2888/3016/1
f 2887/3018/1 2824/3019/1 2823/3017/1
f 2886/3020/1 2824/3019/1 2887/3018/1
f 2886/3020/1 2825/3021/1 2824/3019/1
f 2885/3022/1 2825/3021/1 2886/3020/1
f 2885/3022/1 2826/3023/1 2825/3021/1
f 2884/3024/1 2826/3023/1 2885/3022/1
f 2884/3024/1 2827/3025/1 2826/3023/1
f 2883/3026/1 2827/3025/1 2884/3024/1
f 2883/3026/1 2828/3027/1 2827/3025/1
f 2882/3028/1 2828/3027/1 2883/3026/1
f 2882/3028/1 2829/3029/1 2828/3027/1
f 2881/3030/1 2829/3029/1 2882/3028/1
f 2881/3030/1 2830/3031/1 2829/3029/1
f 2880/3032/1 2830/3031/1 2881/3030/1
f 2880/3032/1 2831/3033/1 2830/3031/1
f 2879/3034/1 2831/3033/1 2880/3032/1
f 2879/3034/1 2832/3035/1 2831/3033/1
f 2878/3036/1 2832/3035/1 2879/3034/1
f 2878/3036/1 2833/3037/1 2832/3035/1
f 2877/3038/1 2833/3037/1 2878/3036/1
f 2877/3038/1 2834/3039/1 2833/3037/1
f 2876/3040/1 2834/3039/1 2877/3038/1
f 2876/3040/1 2835/3041/1 2834/3039/1
f 2875/3042/1 2835/3041/1 2876/3040/1
f 2875/3042/1 2836/3043/1 2835/3041/1
f 2874/3044/1 2836/3043/1 2875/3042/1
f 2874/3044/1 2837/3045/1 2836/3043/1
f 2873/3046/1 2837/3045/1 2874/3044/1
f 2872/3047/1 2837/3045/1 2873/3046/1
f 2871/3048/1 2837/3045/1 2872/3047/1
f 2870/3049/1 2837/3045/1 2871/3048/1
f 2869/3050/1 2837/3045/1 2870/3049/1
f 2869/3050/1 2838/3051/1 2837/3045/1
f 2868/3052/1 2838/3051/1 2869/3050/1
f 2867/3053/1 2838/3051/1 2868/3052/1
f 2866/3054/1 2838/3051/1 2867/3053/1
f 2865/3055/1 2838/3051/1 2866/3054/1
f 2864/3056/1 2838/3051/1 2865/3055/1
f 2863/3057/1 2838/3051/1 2864/3056/1
f 2862/3058/1 2838/3051/1 2863/3057/1
f 2861/3059/1 2838/3051/1 2862/3058/1
f 2860/3060/1 2838/3051/1 2861/3059/1
f 2860/3060/1 2839/3061/1 2838/3051/1
f 2859/3062/1 2839/3061/1 2860/3060/1
f 2859/3062/1 2840/3063/1 2839/3061/1
f 2858/3064/1 2840/3063/1 2859/3062/1
f 2858/3064/1 2841/3065/1 2840/3063/1
f 2857/3066/1 2841/3065/1 2858/3064/1
f 2857/3066/1 2842/3067/1 2841/3065/1
f 2856/3068/1 2842/3067/1 2857/3066/1
f 2856/3068/1 2843/3069/1 2842/3067/1
f 2855/3070/1 2843/3069/1 2856/3068/1
f 2855/3070/1 2844/3071/1 2843/3069/1
f 2855/3070/1 2845/3072/1 2844/3071/1
f 2854/3073/1 2845/3072/1 2855/3070/1
f 2854/3073/1 2846/3074/1 2845/3072/1
f 2853/3075/1 2846/3074/1 2854/3073/1
f 2853/3075/1 2847/3076/1 2846/3074/1
f 2852/3077/1 2847/3076/1 2853/3075/1
f 2852/3077/1 2848/3078/1 2847/3076/1
f 2851/3079/1 2848/3078/1 2852/3077/1
f 2851/3079/1 2849/3080/1 2848/3078/1
f 2850/3081/1 2849/3080/1 2851/3079/1
f 3329/3082/1 3331/3083/1 3330/3084/1
f 3328/3085/1 3331/3083/1 3329/3082/1
f 3327/3086/1 3331/3083/1 3328/3085/1
f 3327/3086/1 3332/3087/1 3331/3083/1
f 3326/3088/1 3332/3087/1 3327/3086/1
f 3325/3089/1 3332/3087/1 3326/3088/1
f 3325/3089/1 3333/3090/1 3332/3087/1
f 3324/3091/1 3333/3090/1 3325/3089/1
f 3323/3092/1 3333/3090/1 3324/3091/1
f 3323/3092/1 3334/3093/1 3333/3090/1
f 3322/3094/1 3334/3093/1 3323/3092/1
f 3321/3095/1 3334/3093/1 3322/3094/1
f 3321/3095/1 3335/3096/1 3334/3093/1
f 3320/3097/1 3335/3096/1 3321/3095/1
f 3319/3098/1 3335/3096/1 3320/3097/1
f 3319/3098/1 3336/3099/1 3335/3096/1
f 3318/3100/1 3336/3099/1 3319/3098/1
f 3317/3101/1 3336/3099/1 3318/3100/1
f 3316/3102/1 3336/3099/1 3317/3101/1
f 3315/3103/1 3336/3099/1 3316/3102/1
f 3315/3103/1 3337/3104/1 3336/3099/1
f 3314/3105/1 3337/3104/1 3315/3103/1
f 3313/3106/1 3337/3104/1 3314/3105/1
f 3312/3107/1 3337/3104/1 3313/3106/1
f 3311/3108/1 3337/3104/1 3312/3107/1
f 3310/3109/1 3337/3104/1 3311/3108/1
f 3309/3110/1 3337/3104/1 3310/3109/1
f 3308/3111/1 3337/3104/1 3309/3110/1
f 3308/3111/1 3338/3112/1 3337/3104/1
f 3307/3113/1 3338/3112/1 3308/3111/1
f 3306/3114/1 3338/3112/1 3307/3113/1
f 3305/3115/1 3338/3112/1 3306/3114/1
f 3304/3116/1 3338/3112/1 3305/3115/1
f 3303/3117/1 3338/3112/1 3304/3116/1
f 3303/3117/1 3339/3118/1 3338/3112/1
f 3302/3119/1 3339/3118/1 3303/3117/1
f 3301/3120/1 3339/3118/1 3302/3119/1
f 3300/3121/1 3339/3118/1 3301/3120/1
f 3299/3122/1 3339/3118/1 3300/3121/1
f 3298/3123/1 3339/3118/1 3299/3122/1
f 3297/3124/1 3339/3118/1 3298/3123/1
f 3296/3125/1 3339/3118/1 3297/3124/1
f 3295/3126/1 3339/3118/1 3296/3125/1
f 3294/3127/1 3339/3118/1 3295/3126/1
f 3521/503/1 3339/3118/1 3294/3127/1
f 3521/503/1 3340/3128/1 3339/3118/1
f 3520/3129/1 3340/3128/1 3521/503/1
f 3519/3130/1 3340/3128/1 3520/3129/1
f 3519/3130/1 3341/3131/1 3340/3128/1
f 3518/3132/1 3341/3131/1 3519/3130/1
f 3517/3133/1 3341/3131/1 3518/3132/1
f 3516/3134/1 3341/3131/1 3517/3133/1
f 3516/3134/1 3342/3135/1 3341/3131/1
f 3515/3136/1 3342/3135/1 3516/3134/1
f 3514/3137/1 3342/3135/1 3515/3136/1
f 3514/3137/1 3343/3138/1 3342/3135/1
f 3513/3139/1 3343/3138/1 3514/3137/1
f 3513/3139/1 3344/3140/1 3343/3138/1
f 3512/3141/1 3344/3140/1 3513/3139/1
f 3512/3141/1 3345/3142/1 3344/3140/1
f 3511/3143/1 3345/3142/1 3512/3141/1
f 3511/3143/1 3346/3144/1 3345/3142/1
f 3510/3145/1 3346/3144/1 3511/3143/1
f 3510/3145/1 3347/3146/1 3346/3144/1
f 3510/3145/1 3348/3147/1 3347/3146/1
f 3509/3148/1 3348/3147/1 3510/3145/1
f 3509/3148/1 3349/3149/1 3348/3147/1
f 3508/3150/1 3349/3149/1 3509/3148/1
f 3508/3150/1 3350/3151/1 3349/3149/1
f 3507/3152/1 3350/3151/1 3508/3150/1
f 3507/3152/1 3351/3153/1 3350/3151/1
f 3507/3152/1 3352/3154/1 3351/3153/1
f 3506/3155/1 3352/3154/1 3507/3152/1
f 3506/3155/1 3353/3156/1 3352/3154/1
f 3506/3155/1 3354/3157/1 3353/3156/1
f 3505/3158/1 3354/3157/1 3506/3155/1
f 3125/3159/1 3127/3160/1 3126/3161/1
f 3124/3162/1 3127/3160/1 3125/3159/1
f 3124/3162/1 3128/3163/1 3127/3160/1
f 3123/3164/1 3128/3163/1 3124/3162/1
f 3123/3164/1 3129/3165/1 3128/3163/1
f 3122/3166/1 3129/3165/1 3123/3164/1
f 3122/3166/1 3130/3167/1 3129/3165/1
f 3121/3168/1 3130/3167/1 3122/3166/1
f 3120/3169/1 3130/3167/1 3121/3168/1
f 3120/3169/1 3131/3170/1 3130/3167/1
f 3505/3158/1 3355/3171/1 3354/3157/1
f 3119/3172/1 3131/3170/1 3120/3169/1
f 3119/3172/1 3132/3173/1 3131/3170/1
f 3118/3174/1 3132/3173/1 3119/3172/1
f 3118/3174/1 3133/3175/1 3132/3173/1
f 3117/3176/1 3133/3175/1 3118/3174/1
f 3116/3177/1 3133/3175/1 3117/3176/1
f 3116/3177/1 3134/3178/1 3133/3175/1
f 3505/3158/1 3356/3179/1 3355/3171/1
f 3115/3180/1 3134/3178/1 3116/3177/1
f 3504/3181/1 3356/3179/1 3505/3158/1
f 3115/3180/1 3135/3182/1 3134/3178/1
f 3114/3183/1 3135/3182/1 3115/3180/1
f 3114/3183/1 3136/3184/1 3135/3182/1
f 3113/3185/1 3136/3184/1 3114/3183/1
f 3504/3181/1 3357/3186/1 3356/3179/1
f 3112/3187/1 3136/3184/1 3113/3185/1
f 3111/3188/1 3136/3184/1 3112/3187/1
f 3111/3188/1 3137/3189/1 3136/3184/1
f 3110/3190/1 3137/3189/1 3111/3188/1
f 3504/3181/1 3358/3191/1 3357/3186/1
f 3109/3192/1 3137/3189/1 3110/3190/1
f 3109/3192/1 3138/3193/1 3137/3189/1
f 3108/3194/1 3138/3193/1 3109/3192/1
f 3107/3195/1 3138/3193/1 3108/3194/1
f 3107/3195/1 3139/3196/1 3138/3193/1
f 3504/3181/1 3359/3197/1 3358/3191/1
f 3106/3198/1 3139/3196/1 3107/3195/1
f 3503/3199/1 3359/3197/1 3504/3181/1
f 3105/3200/1 3139/3196/1 3106/3198/1
f 3104/3201/1 3139/3196/1 3105/3200/1
f 3503/3199/1 3360/3202/1 3359/3197/1
f 3103/3203/1 3139/3196/1 3104/3201/1
f 3102/3204/1 3139/3196/1 3103/3203/1
f 3102/3204/1 3140/3205/1 3139/3196/1
f 3101/3206/1 3140/3205/1 3102/3204/1
f 3503/3199/1 3361/3207/1 3360/3202/1
f 3100/3208/1 3140/3205/1 3101/3206/1
f 3099/3209/1 3140/3205/1 3100/3208/1
f 3098/3210/1 3140/3205/1 3099/3209/1
f 3503/3199/1 3362/3211/1 3361/3207/1
f 3502/3212/1 3362/3211/1 3503/3199/1
f 3097/3213/1 3140/3205/1 3098/3210/1
f 3097/3213/1 3141/3214/1 3140/3205/1
f 3096/3215/1 3141/3214/1 3097/3213/1
f 3095/3216/1 3141/3214/1 3096/3215/1
f 3094/3217/1 3141/3214/1 3095/3216/1
f 3502/3212/1 3363/3218/1 3362/3211/1
f 3093/3219/1 3141/3214/1 3094/3217/1
f 3092/3220/1 3141/3214/1 3093/3219/1
f 3091/3221/1 3141/3214/1 3092/3220/1
f 3090/631/1 3141/3214/1 3091/3221/1
f 3293/3222/1 3141/3214/1 3090/631/1
f 3502/3212/1 3364/3223/1 3363/3218/1
f 3293/3222/1 3142/3224/1 3141/3214/1
f 3292/3225/1 3142/3224/1 3293/3222/1
f 3502/3212/1 3365/3226/1 3364/3223/1
f 3501/3227/1 3365/3226/1 3502/3212/1
f 3292/3225/1 3143/3228/1 3142/3224/1
f 3291/3229/1 3143/3228/1 3292/3225/1
f 3501/3227/1 3366/3230/1 3365/3226/1
f 3290/3231/1 3143/3228/1 3291/3229/1
f 3501/3227/1 3367/3232/1 3366/3230/1
f 3290/3231/1 3144/3233/1 3143/3228/1
f 3289/3234/1 3144/3233/1 3290/3231/1
f 3500/3235/1 3367/3232/1 3501/3227/1
f 3500/3235/1 3368/3236/1 3367/3232/1
f 3288/3237/1 3144/3233/1 3289/3234/1
f 3288/3237/1 3145/3238/1 3144/3233/1
f 3287/3239/1 3145/3238/1 3288/3237/1
f 3500/3235/1 3369/3240/1 3368/3236/1
f 3286/3241/1 3145/3238/1 3287/3239/1
f 3286/3241/1 3146/3242/1 3145/3238/1
f 3499/3243/1 3369/3240/1 3500/3235/1
f 3285/3244/1 3146/3242/1 3286/3241/1
f 3499/3243/1 3370/3245/1 3369/3240/1
f 3285/3244/1 3147/3246/1 3146/3242/1
f 3284/3247/1 3147/3246/1 3285/3244/1
f 3499/3243/1 3371/3248/1 3370/3245/1
f 3283/3249/1 3147/3246/1 3284/3247/1
f 3283/3249/1 3148/3250/1 3147/3246/1
f 3498/3251/1 3371/3248/1 3499/3243/1
f 3282/3252/1 3148/3250/1 3283/3249/1
f 3498/3251/1 3372/3253/1 3371/3248/1
f 3282/3252/1 3149/3254/1 3148/3250/1
f 3281/3255/1 3149/3254/1 3282/3252/1
f 3280/3256/1 3149/3254/1 3281/3255/1
f 3497/3257/1 3372/3253/1 3498/3251/1
f 3497/3257/1 3373/3258/1 3372/3253/1
f 3280/3256/1 3150/3259/1 3149/3254/1
f 3279/3260/1 3150/3259/1 3280/3256/1
f 3497/3257/1 3374/3261/1 3373/3258/1
f 3279/3260/1 3151/3262/1 3150/3259/1
f 3278/3263/1 3151/3262/1 3279/3260/1
f 3278/3263/1 3152/3264/1 3151/3262/1
f 3278/3263/1 3153/3265/1 3152/3264/1
f 3278/3263/1 3154/3266/1 3153/3265/1
f 3497/3257/1 3375/3267/1 3374/3261/1
f 3277/3268/1 3154/3266/1 3278/3263/1
f 3277/3268/1 3155/3269/1 3154/3266/1
f 3496/3270/1 3375/3267/1 3497/3257/1
f 3277/3268/1 3156/3271/1 3155/3269/1
f 3277/3268/1 3157/3272/1 3156/3271/1
f 3276/3273/1 3157/3272/1 3277/3268/1
f 3496/3270/1 3376/3274/1 3375/3267/1
f 3276/3273/1 3158/3275/1 3157/3272/1
f 3276/3273/1 3159/3276/1 3158/3275/1
f 3276/3273/1 3160/3277/1 3159/3276/1
f 3275/3278/1 3160/3277/1 3276/3273/1
f 3496/3270/1 3377/3279/1 3376/3274/1
f 3275/3278/1 3161/3280/1 3160/3277/1
f 3275/3278/1 3162/3281/1 3161/3280/1
f 3495/3282/1 3377/3279/1 3496/3270/1
f 3275/3278/1 3163/3283/1 3162/3281/1
f 3274/3284/1 3163/3283/1 3275/3278/1
f 3274/3284/1 3164/3285/1 3163/3283/1
f 3495/3282/1 3378/3286/1 3377/3279/1
f 3274/3284/1 3165/3287/1 3164/3285/1
f 3274/3284/1 3166/3288/1 3165/3287/1
f 3274/3284/1 3167/3289/1 3166/3288/1
f 3273/3290/1 3167/3289/1 3274/3284/1
f 3273/3290/1 3168/3291/1 3167/3289/1
f 3495/3282/1 3379/3292/1 3378/3286/1
f 3273/3290/1 3169/3293/1 3168/3291/1
f 3494/3294/1 3379/3292/1 3495/3282/1
f 3273/3290/1 3170/3295/1 3169/3293/1
f 3273/3290/1 3171/3296/1 3170/3295/1
f 3272/3297/1 3171/3296/1 3273/3290/1
f 3272/3297/1 3172/3298/1 3171/3296/1
f 3272/3297/1 3173/3299/1 3172/3298/1
f 3272/3297/1 3174/3300/1 3173/3299/1
f 3271/3301/1 3174/3300/1 3272/3297/1
f 3271/3301/1 3175/3302/1 3174/3300/1
f 3493/3303/1 3379/3292/1 3494/3294/1
f 3271/3301/1 3176/3304/1 3175/3302/1
f 3271/3301/1 3177/3305/1 3176/3304/1
f 3270/3306/1 3177/3305/1 3271/3301/1
f 3270/3306/1 3178/3307/1 3177/3305/1
f 3492/3308/1 3379/3292/1 3493/3303/1
f 3270/3306/1 3179/3309/1 3178/3307/1
f 3269/3310/1 3179/3309/1 3270/3306/1
f 3269/3310/1 3180/3311/1 3179/3309/1
f 3491/3312/1 3379/3292/1 3492/3308/1
f 3269/3310/1 3181/3313/1 3180/3311/1
f 3269/3310/1 3182/3314/1 3181/3313/1
f 3490/3315/1 3379/3292/1 3491/3312/1
f 3490/3315/1 3380/3316/1 3379/3292/1
f 3269/3310/1 3183/3317/1 3182/3314/1
f 3489/3318/1 3380/3316/1 3490/3315/1
f 3269/3310/1 3184/3319/1 3183/3317/1
f 3268/3320/1 3184/3319/1 3269/3310/1
f 3488/3321/1 3380/3316/1 3489/3318/1
f 3268/3320/1 3185/3322/1 3184/3319/1
f 3487/3323/1 3380/3316/1 3488/3321/1
f 3486/3324/1 3380/3316/1 3487/3323/1
f 3268/3320/1 3186/3325/1 3185/3322/1
f 3485/3326/1 3380/3316/1 3486/3324/1
f 3268/3320/1 3187/3327/1 3186/3325/1
f 3267/3328/1 3187/3327/1 3268/3320/1
f 3485/3326/1 3381/3329/1 3380/3316/1
f 3267/3328/1 3188/3330/1 3187/3327/1
f 3266/3331/1 3188/3330/1 3267/3328/1
f 3484/3332/1 3381/3329/1 3485/3326/1
f 3266/3331/1 3189/3333/1 3188/3330/1
f 3484/3332/1 3382/3334/1 3381/3329/1
f 3265/3335/1 3189/3333/1 3266/3331/1
f 3265/3335/1 3190/3336/1 3189/3333/1
f 3264/3337/1 3190/3336/1 3265/3335/1
f 3484/3332/1 3383/3338/1 3382/3334/1
f 3483/3339/1 3383/3338/1 3484/3332/1
f 3264/3337/1 3191/3340/1 3190/3336/1
f 3263/3341/1 3191/3340/1 3264/3337/1
f 3483/3339/1 3384/3342/1 3383/3338/1
f 3263/3341/1 3192/3343/1 3191/3340/1
f 3262/3344/1 3192/3343/1 3263/3341/1
f 3482/3345/1 3384/3342/1 3483/3339/1
f 3261/3346/1 3192/3343/1 3262/3344/1
f 3482/3345/1 3385/3347/1 3384/3342/1
f 3261/3346/1 3193/3348/1 3192/3343/1
f 3481/3349/1 3385/3347/1 3482/3345/1
f 3260/3350/1 3193/3348/1 3261/3346/1
f 3481/3349/1 3386/3351/1 3385/3347/1
f 3260/3350/1 3194/3352/1 3193/3348/1
f 3259/3353/1 3194/3352/1 3260/3350/1
f 3481/3349/1 3387/3354/1 3386/3351/1
f 3480/3355/1 3387/3354/1 3481/3349/1
f 3259/3353/1 3195/3356/1 3194/3352/1
f 3258/3357/1 3195/3356/1 3259/3353/1
f 3480/3355/1 3388/3358/1 3387/3354/1
f 3257/3359/1 3195/3356/1 3258/3357/1
f 3256/3360/1 3195/3356/1 3257/3359/1
f 3479/3361/1 3388/3358/1 3480/3355/1
f 3255/3362/1 3195/3356/1 3256/3360/1
f 3254/3363/1 3195/3356/1 3255/3362/1
f 3254/3363/1 3196/3364/1 3195/3356/1
f 3479/3361/1 3389/3365/1 3388/3358/1
f 3253/3366/1 3196/3364/1 3254/3363/1
f 3252/3367/1 3196/3364/1 3253/3366/1
f 3251/3368/1 3196/3364/1 3252/3367/1
f 3250/3369/1 3196/3364/1 3251/3368/1
f 3249/3370/1 3196/3364/1 3250/3369/1
f 3479/3361/1 3390/3371/1 3389/3365/1
f 3248/3372/1 3196/3364/1 3249/3370/1
f 3247/3373/1 3196/3364/1 3248/3372/1
f 3246/3374/1 3196/3364/1 3247/3373/1
f 3478/3375/1 3390/3371/1 3479/3361/1
f 3245/3376/1 3196/3364/1 3246/3374/1
f 3244/3377/1 3196/3364/1 3245/3376/1
f 3243/3378/1 3196/3364/1 3244/3377/1
f 3243/3378/1 3197/3379/1 3196/3364/1
f 3478/3375/1 3391/3380/1 3390/3371/1
f 3242/3381/1 3197/3379/1 3243/3378/1
f 3241/3382/1 3197/3379/1 3242/3381/1
f 3240/3383/1 3197/3379/1 3241/3382/1
f 3239/3384/1 3197/3379/1 3240/3383/1
f 3238/3385/1 3197/3379/1 3239/3384/1
f 3237/3386/1 3197/3379/1 3238/3385/1
f 3236/3387/1 3197/3379/1 3237/3386/1
f 3235/3388/1 3197/3379/1 3236/3387/1
f 3478/3375/1 3392/3389/1 3391/3380/1
f 3234/3390/1 3197/3379/1 3235/3388/1
f 3233/3391/1 3197/3379/1 3234/3390/1
f 3477/3392/1 3392/3389/1 3478/3375/1
f 3232/3393/1 3197/3379/1 3233/3391/1
f 3232/3393/1 3198/3394/1 3197/3379/1
f 3231/3395/1 3198/3394/1 3232/3393/1
f 3477/3392/1 3393/3396/1 3392/3389/1
f 3230/3397/1 3198/3394/1 3231/3395/1
f 3229/3398/1 3198/3394/1 3230/3397/1
f 3476/3399/1 3393/3396/1 3477/3392/1
f 3228/3400/1 3198/3394/1 3229/3398/1
f 3476/3399/1 3394/3401/1 3393/3396/1
f 3227/3402/1 3198/3394/1 3228/3400/1
f 3226/3403/1 3198/3394/1 3227/3402/1
f 3225/3404/1 3198/3394/1 3226/3403/1
f 3225/3404/1 3199/3405/1 3198/3394/1
f 3224/3406/1 3199/3405/1 3225/3404/1
f 3223/3407/1 3199/3405/1 3224/3406/1
f 3223/3407/1 3200/3408/1 3199/3405/1
f 3475/3409/1 3394/3401/1 3476/3399/1
f 3475/3409/1 3395/3410/1 3394/3401/1
f 3222/3411/1 3200/3408/1 3223/3407/1
f 3222/3411/1 3201/3412/1 3200/3408/1
f 3221/3413/1 3201/3412/1 3222/3411/1
f 3220/3414/1 3201/3412/1 3221/3413/1
f 3220/3414/1 3202/3415/1 3201/3412/1
f 3219/3416/1 3202/3415/1 3220/3414/1
f 3219/3416/1 3203/3417/1 3202/3415/1
f 3218/3418/1 3203/3417/1 3219/3416/1
f 3218/3418/1 3204/3419/1 3203/3417/1
f 3217/3420/1 3204/3419/1 3218/3418/1
f 3475/3409/1 3396/3421/1 3395/3410/1
f 3217/3420/1 3205/3422/1 3204/3419/1
f 3216/3423/1 3205/3422/1 3217/3420/1
f 3474/3424/1 3396/3421/1 3475/3409/1
f 3216/3423/1 3206/3425/1 3205/3422/1
f 3215/3426/1 3206/3425/1 3216/3423/1
f 3214/3427/1 3206/3425/1 3215/3426/1
f 3214/3427/1 3207/3428/1 3206/3425/1
f 3213/3429/1 3207/3428/1 3214/3427/1
f 3213/3429/1 3208/3430/1 3207/3428/1
f 3212/3431/1 3208/3430/1 3213/3429/1
f 3212/3431/1 3209/3432/1 3208/3430/1
f 3211/3433/1 3209/3432/1 3212/3431/1
f 3211/3433/1 3210/3434/1 3209/3432/1
f 3474/3424/1 3397/3435/1 3396/3421/1
f 3473/3436/1 3397/3435/1 3474/3424/1
f 3473/3436/1 3398/3437/1 3397/3435/1
f 3472/3438/1 3398/3437/1 3473/3436/1
f 3472/3438/1 3399/3439/1 3398/3437/1
f 3471/3440/1 3399/3439/1 3472/3438/1
f 3471/3440/1 3400/3441/1 3399/3439/1
f 3470/3442/1 3400/3441/1 3471/3440/1
f 3470/3442/1 3401/3443/1 3400/3441/1
f 3470/3442/1 3402/3444/1 3401/3443/1
f 3469/3445/1 3402/3444/1 3470/3442/1
f 3469/3445/1 3403/3446/1 3402/3444/1
f 3468/3447/1 3403/3446/1 3469/3445/1
f 3467/3448/1 3403/3446/1 3468/3447/1
f 3467/3448/1 3404/3449/1 3403/3446/1
f 3466/3450/1 3404/3449/1 3467/3448/1
f 3465/3451/1 3404/3449/1 3466/3450/1
f 3465/3451/1 3405/3452/1 3404/3449/1
f 3464/3453/1 3405/3452/1 3465/3451/1
f 3463/3454/1 3405/3452/1 3464/3453/1
f 3463/3454/1 3406/3455/1 3405/3452/1
f 3462/3456/1 3406/3455/1 3463/3454/1
f 3461/3457/1 3406/3455/1 3462/3456/1
f 3461/3457/1 3407/3458/1 3406/3455/1
f 3460/3459/1 3407/3458/1 3461/3457/1
f 3459/3460/1 3407/3458/1 3460/3459/1
f 3459/3460/1 3408/3461/1 3407/3458/1
f 3458/3462/1 3408/3461/1 3459/3460/1
f 3457/3463/1 3408/3461/1 3458/3462/1
f 3457/3463/1 3409/3464/1 3408/3461/1
f 3456/3465/1 3409/3464/1 3457/3463/1
f 3455/3466/1 3409/3464/1 3456/3465/1
f 3455/3466/1 3410/3467/1 3409/3464/1
f 3454/3468/1 3410/3467/1 3455/3466/1
f 3454/3468/1 3411/3469/1 3410/3467/1
f 3453/3470/1 3411/3469/1 3454/3468/1
f 3452/3471/1 3411/3469/1 3453/3470/1
f 3452/3471/1 3412/3472/1 3411/3469/1
f 3451/3473/1 3412/3472/1 3452/3471/1
f 3450/3474/1 3412/3472/1 3451/3473/1
f 3450/3474/1 3413/3475/1 3412/3472/1
f 3449/3476/1 3413/3475/1 3450/3474/1
f 3448/3477/1 3413/3475/1 3449/3476/1
f 3447/3478/1 3413/3475/1 3448/3477/1
f 3446/3479/1 3413/3475/1 3447/3478/1
f 3445/3480/1 3413/3475/1 3446/3479/1
f 3444/3481/1 3413/3475/1 3445/3480/1
f 3443/3482/1 3413/3475/1 3444/3481/1
f 3442/3483/1 3413/3475/1 3443/3482/1
f 3441/3484/1 3413/3475/1 3442/3483/1
f 3441/3484/1 3414/3485/1 3413/3475/1
f 3440/3486/1 3414/3485/1 3441/3484/1
f 3439/3487/1 3414/3485/1 3440/3486/1
f 3438/3488/1 3414/3485/1 3439/3487/1
f 3437/3489/1 3414/3485/1 3438/3488/1
f 3436/3490/1 3414/3485/1 3437/3489/1
f 3435/3491/1 3414/3485/1 3436/3490/1
f 3434/3492/1 3414/3485/1 3435/3491/1
f 3433/3493/1 3414/3485/1 3434/3492/1
f 3432/3494/1 3414/3485/1 3433/3493/1
f 3431/3495/1 3414/3485/1 3432/3494/1
f 3430/3496/1 3414/3485/1 3431/3495/1
f 3429/3497/1 3414/3485/1 3430/3496/1
f 3428/3498/1 3414/3485/1 3429/3497/1
f 3428/3498/1 3415/3499/1 3414/3485/1
f 3428/3498/1 3416/3500/1 3415/3499/1
f 3428/3498/1 3417/3501/1 3416/3500/1
f 3428/3498/1 3418/3502/1 3417/3501/1
f 3428/3498/1 3419/3503/1 3418/3502/1
f 3427/3504/1 3419/3503/1 3428/3498/1
f 3427/3504/1 3420/3505/1 3419/3503/1
f 3427/3504/1 3421/3506/1 3420/3505/1
f 3427/3504/1 3422/3507/1 3421/3506/1
f 3427/3504/1 3423/3508/1 3422/3507/1
f 3426/3509/1 3423/3508/1 3427/3504/1
f 3426/3509/1 3424/3510/1 3423/3508/1
f 3426/3509/1 3425/3511/1 3424/3510/1
f 3665/2246/1 3667/2247/1 3666/2248/1
f 3664/2249/1 3667/2247/1 3665/2246/1
f 3664/2249/1 3668/2250/1 3667/2247/1
f 3663/2251/1 3668/2250/1 3664/2249/1
f 3662/2252/1 3668/2250/1 3663/2251/1
f 3662/2252/1 3669/2253/1 3668/2250/1
f 3661/2254/1 3669/2253/1 3662/2252/1
f 3661/2254/1 3670/2255/1 3669/2253/1
f 3660/2256/1 3670/2255/1 3661/2254/1
f 3659/2257/1 3670/2255/1 3660/2256/1
f 3659/2257/1 3671/2258/1 3670/2255/1
f 3658/2259/1 3671/2258/1 3659/2257/1
f 3658/2259/1 3672/2260/1 3671/2258/1
f 3657/2261/1 3672/2260/1 3658/2259/1
f 3656/2262/1 3672/2260/1 3657/2261/1
f 3656/2262/1 3673/2263/1 3672/2260/1
f 3655/2264/1 3673/2263/1 3656/2262/1
f 3654/2265/1 3673/2263/1 3655/2264/1
f 3654/2265/1 3674/2266/1 3673/2263/1
f 3653/2267/1 3674/2266/1 3654/2265/1
f 3652/2268/1 3674/2266/1 3653/2267/1
f 3652/2268/1 3675/2269/1 3674/2266/1
f 3651/2270/1 3675/2269/1 3652/2268/1
f 3650/2271/1 3675/2269/1 3651/2270/1
f 3649/2272/1 3675/2269/1 3650/2271/1
f 3648/2273/1 3675/2269/1 3649/2272/1
f 3647/2274/1 3675/2269/1 3648/2273/1
f 3647/2274/1 3676/2275/1 3675/2269/1
f 3646/2276/1 3676/2275/1 3647/2274/1
f 3645/2277/1 3676/2275/1 3646/2276/1
f 3644/2278/1 3676/2275/1 3645/2277/1
f 3643/2279/1 3676/2275/1 3644/2278/1
f 3642/2280/1 3676/2275/1 3643/2279/1
f 3641/2281/1 3676/2275/1 3642/2280/1
f 3641/2281/1 3677/2282/1 3676/2275/1
f 3640/2283/1 3677/2282/1 3641/2281/1
f 3639/2284/1 3677/2282/1 3640/2283/1
f 3638/2285/1 3677/2282/1 3639/2284/1
f 3638/2285/1 3678/2286/1 3677/2282/1
f 3637/2287/1 3678/2286/1 3638/2285/1
f 3636/2288/1 3678/2286/1 3637/2287/1
f 3636/2288/1 3679/2289/1 3678/2286/1
f 3635/2290/1 3679/2289/1 3636/2288/1
f 3634/2291/1 3679/2289/1 3635/2290/1
f 3633/2292/1 3679/2289/1 3634/2291/1
f 3632/2293/1 3679/2289/1 3633/2292/1
f 3632/2293/1 3680/2294/1 3679/2289/1
f 3631/2295/1 3680/2294/1 3632/2293/1
f 3630/2296/1 3680/2294/1 3631/2295/1
f 3629/2297/1 3680/2294/1 3630/2296/1
f 3629/2297/1 3681/2298/1 3680/2294/1
f 3628/2299/1 3681/2298/1 3629/2297/1
f 3627/2300/1 3681/2298/1 3628/2299/1
f 3627/2300/1 3682/2301/1 3681/2298/1
f 3626/2302/1 3682/2301/1 3627/2300/1
f 3625/2303/1 3682/2301/1 3626/2302/1
f 3625/2303/1 3683/2304/1 3682/2301/1
f 3624/2305/1 3683/2304/1 3625/2303/1
f 3623/2306/1 3683/2304/1 3624/2305/1
f 3623/2306/1 3684/2307/1 3683/2304/1
f 3622/2308/1 3684/2307/1 3623/2306/1
f 3621/2309/1 3684/2307/1 3622/2308/1
f 3620/2310/1 3684/2307/1 3621/2309/1
f 3620/2310/1 3685/2311/1 3684/2307/1
f 3619/2312/1 3685/2311/1 3620/2310/1
f 3618/2313/1 3685/2311/1 3619/2312/1
f 3618/2313/1 3686/2314/1 3685/2311/1
f 3617/2315/1 3686/2314/1 3618/2313/1
f 3617/2315/1 3687/2316/1 3686/2314/1
f 3616/2317/1 3687/2316/1 3617/2315/1
f 3615/2318/1 3687/2316/1 3616/2317/1
f 3615/2318/1 3688/2319/1 3687/2316/1
f 3614/2320/1 3688/2319/1 3615/2318/1
f 3614/2320/1 3689/2321/1 3688/2319/1
f 3614/2320/1 3690/2322/1 3689/2321/1
f 3613/2323/1 3690/2322/1 3614/2320/1
f 3613/2323/1 3691/2324/1 3690/2322/1
f 3612/2325/1 3691/2324/1 3613/2323/1
f 3612/2325/1 3692/2326/1 3691/2324/1
f 3612/2325/1 3693/2327/1 3692/2326/1
f 3612/2325/1 3694/2328/1 3693/2327/1
f 3611/2329/1 3694/2328/1 3612/2325/1
f 3611/2329/1 3695/2330/1 3694/2328/1
f 3611/2329/1 3696/2331/1 3695/2330/1
f 3611/2329/1 3697/2332/1 3696/2331/1
f 3610/2333/1 3697/2332/1 3611/2329/1
f 3610/2333/1 3698/2334/1 3697/2332/1
f 3610/2333/1 3699/2335/1 3698/2334/1
f 3610/2333/1 3700/2336/1 3699/2335/1
f 3609/2337/1 3700/2336/1 3610/2333/1
f 3609/2337/1 3701/2338/1 3700/2336/1
f 3609/2337/1 3702/2339/1 3701/2338/1
f 3609/2337/1 3703/2340/1 3702/2339/1
f 3609/2337/1 3704/2341/1 3703/2340/1
f 3609/2337/1 3705/2342/1 3704/2341/1
f 3608/2343/1 3705/2342/1 3609/2337/1
f 3608/2343/1 3706/2344/1 3705/2342/1
f 3608/2343/1 3707/2345/1 3706/2344/1
f 3608/2343/1 3708/2346/1 3707/2345/1
f 3608/2343/1 3709/2347/1 3708/2346/1
f 3608/2343/1 3710/2348/1 3709/2347/1
f 3607/2349/1 3710/2348/1 3608/2343/1
f 3607/2349/1 3711/2350/1 3710/2348/1
f 3607/2349/1 3712/2351/1 3711/2350/1
f 3607/2349/1 3713/2352/1 3712/2351/1
f 3607/2349/1 3714/2353/1 3713/2352/1
f 3606/2354/1 3714/2353/1 3607/2349/1
f 3606/2354/1 3715/2355/1 3714/2353/1
f 3606/2354/1 3716/2356/1 3715/2355/1
f 3606/2354/1 3717/2357/1 3716/2356/1
f 3785/2358/1 3787/2359/1 3786/2360/1
f 3785/2358/1 3788/2361/1 3787/2359/1
f 3784/2362/1 3788/2361/1 3785/2358/1
f 3784/2362/1 3789/2363/1 3788/2361/1
f 3783/2364/1 3789/2363/1 3784/2362/1
f 3783/2364/1 3790/2365/1 3789/2363/1
f 3782/2366/1 3790/2365/1 3783/2364/1
f 3782/2366/1 3791/2367/1 3790/2365/1
f 3781/2368/1 3791/2367/1 3782/2366/1
f 3781/2368/1 3792/2369/1 3791/2367/1
f 3780/2370/1 3792/2369/1 3781/2368/1
f 3606/2354/1 3718/2371/1 3717/2357/1
f 3780/2370/1 3793/2372/1 3792/2369/1
f 3779/2373/1 3793/2372/1 3780/2370/1
f 3779/2373/1 3794/2374/1 3793/2372/1
f 3778/2375/1 3794/2374/1 3779/2373/1
f 3778/2375/1 3795/2376/1 3794/2374/1
f 3777/2377/1 3795/2376/1 3778/2375/1
f 3606/2354/1 3719/2378/1 3718/2371/1
f 3777/2377/1 3796/2379/1 3795/2376/1
f 3776/2380/1 3796/2379/1 3777/2377/1
f 3776/2380/1 3797/2381/1 3796/2379/1
f 3775/2382/1 3797/2381/1 3776/2380/1
f 3775/2382/1 3798/2383/1 3797/2381/1
f 3605/2384/1 3719/2378/1 3606/2354/1
f 3605/2384/1 3720/2385/1 3719/2378/1
f 3774/2386/1 3798/2383/1 3775/2382/1
f 3774/2386/1 3799/2387/1 3798/2383/1
f 3773/2388/1 3799/2387/1 3774/2386/1
f 3773/2388/1 3800/2389/1 3799/2387/1
f 3772/2390/1 3800/2389/1 3773/2388/1
f 3605/2384/1 3721/2391/1 3720/2385/1
f 3771/2392/1 3800/2389/1 3772/2390/1
f 3771/2392/1 3801/2393/1 3800/2389/1
f 3770/2394/1 3801/2393/1 3771/2392/1
f 3605/2384/1 3722/2395/1 3721/2391/1
f 3769/2396/1 3801/2393/1 3770/2394/1
f 3769/2396/1 3802/2397/1 3801/2393/1
f 3768/2398/1 3802/2397/1 3769/2396/1
f 3767/2399/1 3802/2397/1 3768/2398/1
f 3767/2399/1 3803/2400/1 3802/2397/1
f 3766/2401/1 3803/2400/1 3767/2399/1
f 3605/2384/1 3723/2402/1 3722/2395/1
f 3765/2403/1 3803/2400/1 3766/2401/1
f 3765/2403/1 3804/2404/1 3803/2400/1
f 3764/2405/1 3804/2404/1 3765/2403/1
f 3763/2406/1 3804/2404/1 3764/2405/1
f 3762/2407/1 3804/2404/1 3763/2406/1
f 3761/2408/1 3804/2404/1 3762/2407/1
f 3761/2408/1 3805/2409/1 3804/2404/1
f 3760/2410/1 3805/2409/1 3761/2408/1
f 3760/2410/1 3806/2411/1 3805/2409/1
f 3605/2384/1 3724/2412/1 3723/2402/1
f 3759/2413/1 3806/2411/1 3760/2410/1
f 3759/2413/1 3807/2414/1 3806/2411/1
f 3758/2415/1 3807/2414/1 3759/2413/1
f 3758/2415/1 3808/2416/1 3807/2414/1
f 3757/2417/1 3808/2416/1 3758/2415/1
f 3605/2384/1 3725/2418/1 3724/2412/1
f 3757/2417/1 3809/2419/1 3808/2416/1
f 3756/2420/1 3809/2419/1 3757/2417/1
f 3756/2420/1 3810/2421/1 3809/2419/1
f 3755/2422/1 3810/2421/1 3756/2420/1
f 3754/2423/1 3810/2421/1 3755/2422/1
f 3754/2423/1 3811/2424/1 3810/2421/1
f 3604/2425/1 3725/2418/1 3605/2384/1
f 3753/2426/1 3811/2424/1 3754/2423/1
f 3753/2426/1 3812/2427/1 3811/2424/1
f 3604/2425/1 3726/2428/1 3725/2418/1
f 3752/2429/1 3812/2427/1 3753/2426/1
f 3752/2429/1 3813/2430/1 3812/2427/1
f 3751/2431/1 3813/2430/1 3752/2429/1
f 3750/2432/1 3813/2430/1 3751/2431/1
f 3750/2432/1 3814/2433/1 3813/2430/1
f 3749/2434/1 3814/2433/1 3750/2432/1
f 3748/2435/1 3814/2433/1 3749/2434/1
f 3748/2435/1 3815/2436/1 3814/2433/1
f 3747/2437/1 3815/2436/1 3748/2435/1
f 3746/2438/1 3815/2436/1 3747/2437/1
f 3745/2439/1 3815/2436/1 3746/2438/1
f 3604/2425/1 3727/2440/1 3726/2428/1
f 3744/2441/1 3815/2436/1 3745/2439/1
f 3744/2441/1 3816/2442/1 3815/2436/1
f 3604/2425/1 3728/2443/1 3727/2440/1
f 3604/2425/1 3729/2444/1 3728/2443/1
f 3743/2445/1 3816/2442/1 3744/2441/1
f 3604/2425/1 3730/2446/1 3729/2444/1
f 3742/2447/1 3816/2442/1 3743/2445/1
f 3604/2425/1 3731/2448/1 3730/2446/1
f 3604/2425/1 3732/2449/1 3731/2448/1
f 3741/2450/1 3816/2442/1 3742/2447/1
f 3604/2425/1 3733/2451/1 3732/2449/1
f 3604/2425/1 3734/2452/1 3733/2451/1
f 3740/2453/1 3816/2442/1 3741/2450/1
f 3604/2425/1 3735/2454/1 3734/2452/1
f 3739/2455/1 3816/2442/1 3740/2453/1
f 3604/2425/1 3736/2456/1 3735/2454/1
f 3604/2425/1 3737/2457/1 3736/2456/1
f 3738/2458/1 3816/2442/1 3739/2455/1
f 3604/2425/1 3738/2458/1 3737/2457/1
f 3604/2425/1 3816/2442/1 3738/2458/1
f 3604/2425/1 3817/2459/1 3816/2442/1
f 3604/2425/1 3818/2460/1 3817/2459/1
f 3604/2425/1 3819/2461/1 3818/2460/1
f 3604/2425/1 3942/2462/1 3819/2461/1
f 3942/2462/1 3820/2463/1 3819/2461/1
f 3942/2462/1 3821/2464/1 3820/2463/1
f 3604/2425/1 3943/2465/1 3942/2462/1
f 3941/2466/1 3821/2464/1 3942/2462/1
f 3940/2467/1 3821/2464/1 3941/2466/1
f 3939/2468/1 3821/2464/1 3940/2467/1
f 3604/2425/1 3944/2469/1 3943/2465/1
f 3938/2470/1 3821/2464/1 3939/2468/1
f 3937/2471/1 3821/2464/1 3938/2470/1
f 3604/2425/1 3945/2472/1 3944/2469/1
f 3936/2473/1 3821/2464/1 3937/2471/1
f 3936/2473/1 3822/2474/1 3821/2464/1
f 3935/2475/1 3822/2474/1 3936/2473/1
f 3604/2425/1 3946/2476/1 3945/2472/1
f 3934/2477/1 3822/2474/1 3935/2475/1
f 3933/2478/1 3822/2474/1 3934/2477/1
f 3604/2425/1 3947/2479/1 3946/2476/1
f 3932/2480/1 3822/2474/1 3933/2478/1
f 3932/2480/1 3823/2481/1 3822/2474/1
f 3931/2482/1 3823/2481/1 3932/2480/1
f 3604/2425/1 3948/2483/1 3947/2479/1
f 3930/2484/1 3823/2481/1 3931/2482/1
f 3929/2485/1 3823/2481/1 3930/2484/1
f 3929/2485/1 3824/2486/1 3823/2481/1
f 3604/2425/1 3949/2487/1 3948/2483/1
f 3928/2488/1 3824/2486/1 3929/2485/1
f 3928/2488/1 3825/2489/1 3824/2486/1
f 3604/2425/1 3950/2490/1 3949/2487/1
f 3927/2491/1 3825/2489/1 3928/2488/1
f 3603/2492/1 3534/2493/1 3604/2425/1
f 3534/2493/1 3950/2490/1 3604/2425/1
f 3927/2491/1 3826/2494/1 3825/2489/1
f 3534/2493/1 3951/2495/1 3950/2490/1
f 3926/2496/1 3826/2494/1 3927/2491/1
f 3926/2496/1 3827/2497/1 3826/2494/1
f 3534/2493/1 3952/2498/1 3951/2495/1
f 3926/2496/1 3828/2499/1 3827/2497/1
f 3925/2500/1 3828/2499/1 3926/2496/1
f 3603/2492/1 3535/2501/1 3534/2493/1
f 3533/2502/1 3952/2498/1 3534/2493/1
f 3533/2502/1 3953/2503/1 3952/2498/1
f 3925/2500/1 3829/2504/1 3828/2499/1
f 3924/2505/1 3829/2504/1 3925/2500/1
f 3924/2505/1 3830/2506/1 3829/2504/1
f 3532/2507/1 3953/2503/1 3533/2502/1
f 3532/2507/1 3954/2508/1 3953/2503/1
f 3924/2505/1 3831/2509/1 3830/2506/1
f 3923/2510/1 3831/2509/1 3924/2505/1
f 3531/2511/1 3954/2508/1 3532/2507/1
f 3923/2510/1 3832/2512/1 3831/2509/1
f 3531/2511/1 3955/2513/1 3954/2508/1
f 3531/2511/1 3956/2514/1 3955/2513/1
f 3531/2511/1 3957/2515/1 3956/2514/1
f 3530/2516/1 3957/2515/1 3531/2511/1
f 3923/2510/1 3833/2517/1 3832/2512/1
f 3530/2516/1 3958/2518/1 3957/2515/1
f 3922/2519/1 3833/2517/1 3923/2510/1
f 3530/2516/1 3959/2520/1 3958/2518/1
f 3530/2516/1 3960/2521/1 3959/2520/1
f 3922/2519/1 3834/2522/1 3833/2517/1
f 3529/2523/1 3960/2521/1 3530/2516/1
f 3529/2523/1 3961/2524/1 3960/2521/1
f 3529/2523/1 3962/2525/1 3961/2524/1
f 3529/2523/1 3963/2526/1 3962/2525/1
f 3529/2523/1 3964/2527/1 3963/2526/1
f 3922/2519/1 3835/2528/1 3834/2522/1
f 3528/2529/1 3964/2527/1 3529/2523/1
f 3921/2530/1 3835/2528/1 3922/2519/1
f 3528/2529/1 3965/2531/1 3964/2527/1
f 3528/2529/1 3966/2532/1 3965/2531/1
f 3921/2530/1 3836/2533/1 3835/2528/1
f 3603/2492/1 3536/2534/1 3535/2501/1
f 3528/2529/1 3967/2535/1 3966/2532/1
f 3527/2536/1 3967/2535/1 3528/2529/1
f 3527/2536/1 3968/2537/1 3967/2535/1
f 3527/2536/1 3969/2538/1 3968/2537/1
f 3921/2530/1 3837/2539/1 3836/2533/1
f 3526/2540/1 3969/2538/1 3527/2536/1
f 3526/2540/1 3970/2541/1 3969/2538/1
f 3526/2540/1 3971/2542/1 3970/2541/1
f 3525/2543/1 3971/2542/1 3526/2540/1
f 3920/2544/1 3837/2539/1 3921/2530/1
f 3920/2544/1 3838/2545/1 3837/2539/1
f 3525/2543/1 3972/2546/1 3971/2542/1
f 3524/2547/1 3972/2546/1 3525/2543/1
f 3524/2547/1 3973/2548/1 3972/2546/1
f 3524/2547/1 3974/2549/1 3973/2548/1
f 3523/2550/1 3974/2549/1 3524/2547/1
f 3523/2550/1 3975/2551/1 3974/2549/1
f 3523/2550/1 3976/2552/1 3975/2551/1
f 3522/631/1 3976/2552/1 3523/2550/1
f 3522/631/1 3977/503/1 3976/2552/1
f 3920/2544/1 3839/2553/1 3838/2545/1
f 3920/2544/1 3840/2554/1 3839/2553/1
f 3919/2555/1 3840/2554/1 3920/2544/1
f 3919/2555/1 3841/2556/1 3840/2554/1
f 3919/2555/1 3842/2557/1 3841/2556/1
f 3602/2558/1 3536/2534/1 3603/2492/1
f 3919/2555/1 3843/2559/1 3842/2557/1
f 3918/2560/1 3843/2559/1 3919/2555/1
f 3918/2560/1 3844/2561/1 3843/2559/1
f 3602/2558/1 3537/2562/1 3536/2534/1
f 3918/2560/1 3845/2563/1 3844/2561/1
f 3917/2564/1 3845/2563/1 3918/2560/1
f 3917/2564/1 3846/2565/1 3845/2563/1
f 3917/2564/1 3847/2566/1 3846/2565/1
f 3602/2558/1 3538/2567/1 3537/2562/1
f 3602/2558/1 3539/2568/1 3538/2567/1
f 3601/2569/1 3539/2568/1 3602/2558/1
f 3601/2569/1 3540/2570/1 3539/2568/1
f 3917/2564/1 3848/2571/1 3847/2566/1
f 3601/2569/1 3541/2572/1 3540/2570/1
f 3600/2573/1 3541/2572/1 3601/2569/1
f 3600/2573/1 3542/2574/1 3541/2572/1
f 3916/2575/1 3848/2571/1 3917/2564/1
f 3600/2573/1 3543/2576/1 3542/2574/1
f 3599/2577/1 3543/2576/1 3600/2573/1
f 3916/2575/1 3849/2578/1 3848/2571/1
f 3599/2577/1 3544/2579/1 3543/2576/1
f 3599/2577/1 3545/2580/1 3544/2579/1
f 3598/2581/1 3545/2580/1 3599/2577/1
f 3598/2581/1 3546/2582/1 3545/2580/1
f 3916/2575/1 3850/2583/1 3849/2578/1
f 3598/2581/1 3547/2584/1 3546/2582/1
f 3915/2585/1 3850/2583/1 3916/2575/1
f 3597/2586/1 3547/2584/1 3598/2581/1
f 3597/2586/1 3548/2587/1 3547/2584/1
f 3597/2586/1 3549/2588/1 3548/2587/1
f 3596/2589/1 3549/2588/1 3597/2586/1
f 3915/2585/1 3851/2590/1 3850/2583/1
f 3596/2589/1 3550/2591/1 3549/2588/1
f 3596/2589/1 3551/2592/1 3550/2591/1
f 3595/2593/1 3551/2592/1 3596/2589/1
f 3595/2593/1 3552/2594/1 3551/2592/1
f 3914/2595/1 3851/2590/1 3915/2585/1
f 3595/2593/1 3553/2596/1 3552/2594/1
f 3914/2595/1 3852/2597/1 3851/2590/1
f 3594/2598/1 3553/2596/1 3595/2593/1
f 3594/2598/1 3554/2599/1 3553/2596/1
f 3594/2598/1 3555/2600/1 3554/2599/1
f 3594/2598/1 3556/2601/1 3555/2600/1
f 3593/2602/1 3556/2601/1 3594/2598/1
f 3592/2603/1 3556/2601/1 3593/2602/1
f 3591/2604/1 3556/2601/1 3592/2603/1
f 3590/2605/1 3556/2601/1 3591/2604/1
f 3590/2605/1 3557/2606/1 3556/2601/1
f 3589/2607/1 3557/2606/1 3590/2605/1
f 3914/2595/1 3853/2608/1 3852/2597/1
f 3588/2609/1 3557/2606/1 3589/2607/1
f 3587/2610/1 3557/2606/1 3588/2609/1
f 3586/2611/1 3557/2606/1 3587/2610/1
f 3586/2611/1 3558/2612/1 3557/2606/1
f 3585/2613/1 3558/2612/1 3586/2611/1
f 3584/2614/1 3558/2612/1 3585/2613/1
f 3583/2615/1 3558/2612/1 3584/2614/1
f 3582/2616/1 3558/2612/1 3583/2615/1
f 3581/2617/1 3558/2612/1 3582/2616/1
f 3913/2618/1 3853/2608/1 3914/2595/1
f 3581/2617/1 3559/2619/1 3558/2612/1
f 3580/2620/1 3559/2619/1 3581/2617/1
f 3580/2620/1 3560/2621/1 3559/2619/1
f 3579/2622/1 3560/2621/1 3580/2620/1
f 3579/2622/1 3561/2623/1 3560/2621/1
f 3578/2624/1 3561/2623/1 3579/2622/1
f 3578/2624/1 3562/2625/1 3561/2623/1
f 3577/2626/1 3562/2625/1 3578/2624/1
f 3577/2626/1 3563/2627/1 3562/2625/1
f 3576/2628/1 3563/2627/1 3577/2626/1
f 3576/2628/1 3564/2629/1 3563/2627/1
f 3575/2630/1 3564/2629/1 3576/2628/1
f 3575/2630/1 3565/2631/1 3564/2629/1
f 3574/2632/1 3565/2631/1 3575/2630/1
f 3574/2632/1 3566/2633/1 3565/2631/1
f 3573/2634/1 3566/2633/1 3574/2632/1
f 3573/2634/1 3567/2635/1 3566/2633/1
f 3572/2636/1 3567/2635/1 3573/2634/1
f 3572/2636/1 3568/2637/1 3567/2635/1
f 3571/2638/1 3568/2637/1 3572/2636/1
f 3571/2638/1 3569/2639/1 3568/2637/1
f 3570/2640/1 3569/2639/1 3571/2638/1
f 3913/2618/1 3854/2641/1 3853/2608/1
f 3912/2642/1 3854/2641/1 3913/2618/1
f 3912/2642/1 3855/2643/1 3854/2641/1
f 3912/2642/1 3856/2644/1 3855/2643/1
f 3911/2645/1 3856/2644/1 3912/2642/1
f 3911/2645/1 3857/2646/1 3856/2644/1
f 3911/2645/1 3858/2647/1 3857/2646/1
f 3910/2648/1 3858/2647/1 3911/2645/1
f 3910/2648/1 3859/2649/1 3858/2647/1
f 3910/2648/1 3860/2650/1 3859/2649/1
f 3909/2651/1 3860/2650/1 3910/2648/1
f 3909/2651/1 3861/2652/1 3860/2650/1
f 3909/2651/1 3862/2653/1 3861/2652/1
f 3908/2654/1 3862/2653/1 3909/2651/1
f 3908/2654/1 3863/2655/1 3862/2653/1
f 3908/2654/1 3864/2656/1 3863/2655/1
f 3908/2654/1 3865/2657/1 3864/2656/1
f 3907/2658/1 3865/2657/1 3908/2654/1
f 3907/2658/1 3866/2659/1 3865/2657/1
f 3907/2658/1 3867/2660/1 3866/2659/1
f 3906/2661/1 3867/2660/1 3907/2658/1
f 3906/2661/1 3868/2662/1 3867/2660/1
f 3906/2661/1 3869/2663/1 3868/2662/1
f 3906/2661/1 3870/2664/1 3869/2663/1
f 3905/2665/1 3870/2664/1 3906/2661/1
f 3904/2666/1 3870/2664/1 3905/2665/1
f 3903/2667/1 3870/2664/1 3904/2666/1
f 3902/2668/1 3870/2664/1 3903/2667/1
f 3901/2669/1 3870/2664/1 3902/2668/1
f 3900/2670/1 3870/2664/1 3901/2669/1
f 3899/2671/1 3870/2664/1 3900/2670/1
f 3898/2672/1 3870/2664/1 3899/2671/1
f 3898/2672/1 3871/2673/1 3870/2664/1
f 3897/2674/1 3871/2673/1 3898/2672/1
f 3896/2675/1 3871/2673/1 3897/2674/1
f 3896/2675/1 3872/2676/1 3871/2673/1
f 3895/2677/1 3872/2676/1 3896/2675/1
f 3895/2677/1 3873/2678/1 3872/2676/1
f 3894/2679/1 3873/2678/1 3895/2677/1
f 3894/2679/1 3874/2680/1 3873/2678/1
f 3893/2681/1 3874/2680/1 3894/2679/1
f 3892/2682/1 3874/2680/1 3893/2681/1
f 3892/2682/1 3875/2683/1 3874/2680/1
f 3891/2684/1 3875/2683/1 3892/2682/1
f 3891/2684/1 3876/2685/1 3875/2683/1
f 3890/2686/1 3876/2685/1 3891/2684/1
f 3890/2686/1 3877/2687/1 3876/2685/1
f 3889/2688/1 3877/2687/1 3890/2686/1
f 3888/2689/1 3877/2687/1 3889/2688/1
f 3888/2689/1 3878/2690/1 3877/2687/1
f 3887/2691/1 3878/2690/1 3888/2689/1
f 3887/2691/1 3879/2692/1 3878/2690/1
f 3886/2693/1 3879/2692/1 3887/2691/1
f 3886/2693/1 3880/2694/1 3879/2692/1
f 3885/2695/1 3880/2694/1 3886/2693/1
f 3884/2696/1 3880/2694/1 3885/2695/1
f 3884/2696/1 3881/2697/1 3880/2694/1
f 3883/2698/1 3881/2697/1 3884/2696/1
f 3883/2698/1 3882/2699/1 3881/2697/1
f 4253/2566/1 4255/3512/1 4254/3513/1
f 4252/3514/1 4255/3512/1 4253/2566/1
f 4252/3514/1 4256/3515/1 4255/3512/1
f 4251/3516/1 4256/3515/1 4252/3514/1
f 4251/3516/1 4257/3517/1 4256/3515/1
f 4250/3518/1 4257/3517/1 4251/3516/1
f 4250/3518/1 4258/3519/1 4257/3517/1
f 4249/3520/1 4258/3519/1 4250/3518/1
f 4249/3520/1 4259/3521/1 4258/3519/1
f 4248/3522/1 4259/3521/1 4249/3520/1
f 4248/3522/1 4260/3523/1 4259/3521/1
f 4247/3524/1 4260/3523/1 4248/3522/1
f 4247/3524/1 4261/3525/1 4260/3523/1
f 4246/3526/1 4261/3525/1 4247/3524/1
f 4246/3526/1 4262/3527/1 4261/3525/1
f 4245/3528/1 4262/3527/1 4246/3526/1
f 4245/3528/1 4263/3529/1 4262/3527/1
f 4244/3530/1 4263/3529/1 4245/3528/1
f 4244/3530/1 4264/2650/1 4263/3529/1
f 4243/3531/1 4264/2650/1 4244/3530/1
f 4243/3531/1 4265/3532/1 4264/2650/1
f 4243/3531/1 4266/3533/1 4265/3532/1
f 4242/2522/1 4266/3533/1 4243/3531/1
f 4242/2522/1 4267/3534/1 4266/3533/1
f 4242/2522/1 4268/3535/1 4267/3534/1
f 4241/3536/1 4268/3535/1 4242/2522/1
f 4241/3536/1 4269/3537/1 4268/3535/1
f 4241/3536/1 4270/3538/1 4269/3537/1
f 4241/3536/1 4271/3539/1 4270/3538/1
f 4240/3540/1 4271/3539/1 4241/3536/1
f 4240/3540/1 4272/3541/1 4271/3539/1
f 4240/3540/1 4273/3542/1 4272/3541/1
f 4240/3540/1 4274/3543/1 4273/3542/1
f 4239/3544/1 4274/3543/1 4240/3540/1
f 4239/3544/1 4275/2678/1 4274/3543/1
f 4239/3544/1 4276/3545/1 4275/2678/1
f 4238/3546/1 4276/3545/1 4239/3544/1
f 4238/3546/1 4277/3547/1 4276/3545/1
f 4238/3546/1 4278/3548/1 4277/3547/1
f 4237/3549/1 4278/3548/1 4238/3546/1
f 4237/3549/1 4279/3550/1 4278/3548/1
f 4237/3549/1 4280/3551/1 4279/3550/1
f 4236/3552/1 4280/3551/1 4237/3549/1
f 4236/3552/1 4281/3553/1 4280/3551/1
f 4235/3554/1 4281/3553/1 4236/3552/1
f 4235/3554/1 4282/3555/1 4281/3553/1
f 4234/3556/1 4282/3555/1 4235/3554/1
f 4234/3556/1 4283/3557/1 4282/3555/1
f 4233/3558/1 4283/3557/1 4234/3556/1
f 4233/3558/1 4284/3559/1 4283/3557/1
f 4232/3560/1 4284/3559/1 4233/3558/1
f 4232/3560/1 4285/3561/1 4284/3559/1
f 4231/2464/1 4285/3561/1 4232/3560/1
f 4231/2464/1 4286/2693/1 4285/3561/1
f 4231/2464/1 4287/3562/1 4286/2693/1
f 4230/3563/1 4287/3562/1 4231/2464/1
f 4230/3563/1 4288/3564/1 4287/3562/1
f 4229/3565/1 4288/3564/1 4230/3563/1
f 4229/3565/1 4289/3566/1 4288/3564/1
f 4229/3565/1 4290/3567/1 4289/3566/1
f 4229/3565/1 4291/3568/1 4290/3567/1
f 4228/3569/1 4291/3568/1 4229/3565/1
f 4228/3569/1 4292/3570/1 4291/3568/1
f 4227/3571/1 4292/3570/1 4228/3569/1
f 4227/3571/1 4293/3572/1 4292/3570/1
f 4226/3573/1 4293/3572/1 4227/3571/1
f 4226/3573/1 4294/3574/1 4293/3572/1
f 4225/3575/1 4294/3574/1 4226/3573/1
f 4225/3575/1 4295/3576/1 4294/3574/1
f 4224/3577/1 4295/3576/1 4225/3575/1
f 4224/3577/1 4296/3578/1 4295/3576/1
f 4223/3579/1 4296/3578/1 4224/3577/1
f 4223/3579/1 4297/2671/1 4296/3578/1
f 4222/3580/1 4297/2671/1 4223/3579/1
f 4222/3580/1 4298/3581/1 4297/2671/1
f 4314/3582/1 4316/3583/1 4315/3584/1
f 4314/3582/1 4317/3585/1 4316/3583/1
f 4313/3586/1 4317/3585/1 4314/3582/1
f 4313/3586/1 4318/3587/1 4317/3585/1
f 4312/3588/1 4318/3587/1 4313/3586/1
f 4312/3588/1 4319/2500/1 4318/3587/1
f 4311/3589/1 4319/2500/1 4312/3588/1
f 4221/3590/1 4298/3581/1 4222/3580/1
f 4311/3589/1 4320/3591/1 4319/2500/1
f 4221/3590/1 4299/3592/1 4298/3581/1
f 4310/3593/1 4320/3591/1 4311/3589/1
f 4310/3593/1 4321/3594/1 4320/3591/1
f 4309/3595/1 4321/3594/1 4310/3593/1
f 4309/3595/1 4322/3596/1 4321/3594/1
f 4308/2642/1 4322/3596/1 4309/3595/1
f 4308/2642/1 4323/3597/1 4322/3596/1
f 4220/2416/1 4299/3592/1 4221/3590/1
f 4220/2416/1 4300/3598/1 4299/3592/1
f 4308/2642/1 4324/3599/1 4323/3597/1
f 4307/3600/1 4324/3599/1 4308/2642/1
f 4307/3600/1 4325/3601/1 4324/3599/1
f 4306/3602/1 4325/3601/1 4307/3600/1
f 4306/3602/1 4326/3603/1 4325/3601/1
f 4219/3604/1 4300/3598/1 4220/2416/1
f 4219/3604/1 4301/3605/1 4300/3598/1
f 4305/3606/1 4326/3603/1 4306/3602/1
f 4305/3606/1 4327/3607/1 4326/3603/1
f 4304/3608/1 4327/3607/1 4305/3606/1
f 4304/3608/1 4328/3609/1 4327/3607/1
f 4218/3610/1 4301/3605/1 4219/3604/1
f 4218/3610/1 4302/3611/1 4301/3605/1
f 4304/3608/1 4329/3612/1 4328/3609/1
f 4303/3613/1 4329/3612/1 4304/3608/1
f 4303/3613/1 4330/2470/1 4329/3612/1
f 4204/3614/1 4206/3615/1 4205/3616/1
f 4204/3614/1 4207/3617/1 4206/3615/1
f 4204/3614/1 4208/3618/1 4207/3617/1
f 4204/3614/1 4209/2376/1 4208/3618/1
f 4303/3613/1 4331/3619/1 4330/2470/1
f 4204/3614/1 4210/3620/1 4209/2376/1
f 4204/3614/1 4211/3621/1 4210/3620/1
f 4204/3614/1 4212/3622/1 4211/3621/1
f 4204/3614/1 4213/3623/1 4212/3622/1
f 4204/3614/1 4214/3624/1 4213/3623/1
f 4303/3613/1 4332/3625/1 4331/3619/1
f 4204/3614/1 4215/3626/1 4214/3624/1
f 4204/3614/1 4216/3627/1 4215/3626/1
f 4204/3614/1 4217/3628/1 4216/3627/1
f 4204/3614/1 4203/3629/1 4217/3628/1
f 4203/3629/1 4202/3630/1 4217/3628/1
f 4202/3630/1 4201/3631/1 4217/3628/1
f 4201/3631/1 4200/3632/1 4217/3628/1
f 4200/3632/1 4218/3610/1 4217/3628/1
f 4200/3632/1 4199/3633/1 4218/3610/1
f 4199/3633/1 4302/3611/1 4218/3610/1
f 4199/3633/1 4198/2366/1 4302/3611/1
f 4198/2366/1 4197/3634/1 4302/3611/1
f 4197/3634/1 4196/3635/1 4302/3611/1
f 4196/3635/1 4195/3636/1 4302/3611/1
f 4195/3636/1 4303/3613/1 4302/3611/1
f 4195/3636/1 4194/3637/1 4303/3613/1
f 4194/3637/1 4332/3625/1 4303/3613/1
f 4194/3637/1 4333/3638/1 4332/3625/1
f 4194/3637/1 4334/3639/1 4333/3638/1
f 4194/3637/1 4335/3640/1 4334/3639/1
f 4194/3637/1 4193/3641/1 4335/3640/1
f 4193/3641/1 4336/3642/1 4335/3640/1
f 4193/3641/1 4337/3643/1 4336/3642/1
f 4193/3641/1 4338/3644/1 4337/3643/1
f 4193/3641/1 4339/3645/1 4338/3644/1
f 4193/3641/1 4340/3646/1 4339/3645/1
f 4193/3641/1 4341/2495/1 4340/3646/1
f 4193/3641/1 4342/3647/1 4341/2495/1
f 4193/3641/1 4192/3648/1 4342/3647/1
f 4192/3648/1 4343/3649/1 4342/3647/1
f 4192/3648/1 4344/3650/1 4343/3649/1
f 4192/3648/1 4345/3651/1 4344/3650/1
f 4192/3648/1 4346/3652/1 4345/3651/1
f 4192/3648/1 4347/3653/1 4346/3652/1
f 4192/3648/1 4348/3654/1 4347/3653/1
f 4192/3648/1 4349/3655/1 4348/3654/1
f 4192/3648/1 4350/3656/1 4349/3655/1
f 4192/3648/1 4351/3657/1 4350/3656/1
f 4191/3658/1 4351/3657/1 4192/3648/1
f 4190/3659/1 4352/2527/1 4191/3658/1
f 4352/2527/1 4351/3657/1 4191/3658/1
f 4190/3659/1 4353/3660/1 4352/2527/1
f 4190/3659/1 4354/3661/1 4353/3660/1
f 4189/3662/1 4354/3661/1 4190/3659/1
f 4189/3662/1 4355/3663/1 4354/3661/1
f 4188/3664/1 4355/3663/1 4189/3662/1
f 4188/3664/1 4356/3665/1 4355/3663/1
f 4188/3664/1 4357/3666/1 4356/3665/1
f 4187/2396/1 4357/3666/1 4188/3664/1
f 4187/2396/1 4358/3667/1 4357/3666/1
f 4186/3668/1 4358/3667/1 4187/2396/1
f 4186/3668/1 4359/3669/1 4358/3667/1
f 4185/3670/1 4359/3669/1 4186/3668/1
f 4185/3670/1 4360/3671/1 4359/3669/1
f 4185/3670/1 4361/3672/1 4360/3671/1
f 4184/3673/1 4361/3672/1 4185/3670/1
f 4184/3673/1 4362/3674/1 4361/3672/1
f 4183/3675/1 4362/3674/1 4184/3673/1
f 3990/3676/1 3992/3677/1 3991/3678/1
f 3990/3676/1 3993/3679/1 3992/3677/1
f 3989/2501/1 3993/3679/1 3990/3676/1
f 3989/2501/1 3994/3680/1 3993/3679/1
f 3988/3681/1 3994/3680/1 3989/2501/1
f 3988/3681/1 3995/3682/1 3994/3680/1
f 3987/3683/1 3995/3682/1 3988/3681/1
f 3987/3683/1 3996/3684/1 3995/3682/1
f 3986/3685/1 3996/3684/1 3987/3683/1
f 3986/3685/1 3997/3686/1 3996/3684/1
f 3985/3687/1 3997/3686/1 3986/3685/1
f 4183/3675/1 4363/503/1 4362/3674/1
f 3985/3687/1 3998/3688/1 3997/3686/1
f 3984/3689/1 3998/3688/1 3985/3687/1
f 3984/3689/1 3999/3690/1 3998/3688/1
f 3984/3689/1 4000/2587/1 3999/3690/1
f 3983/3691/1 4000/2587/1 3984/3689/1
f 3983/3691/1 4001/3692/1 4000/2587/1
f 3982/3693/1 4001/3692/1 3983/3691/1
f 4182/3694/1 4363/503/1 4183/3675/1
f 3982/3693/1 4002/3695/1 4001/3692/1
f 3981/3696/1 4002/3695/1 3982/3693/1
f 4182/3694/1 3978/631/1 4363/503/1
f 3981/3696/1 4003/3697/1 4002/3695/1
f 3980/3698/1 4003/3697/1 3981/3696/1
f 3980/3698/1 4004/3699/1 4003/3697/1
f 3980/3698/1 4005/3700/1 4004/3699/1
f 3979/3701/1 4005/3700/1 3980/3698/1
f 3979/3701/1 4006/3702/1 4005/3700/1
f 3979/3701/1 4007/3703/1 4006/3702/1
f 4182/3694/1 3979/3701/1 3978/631/1
f 4182/3694/1 4007/3703/1 3979/3701/1
f 4182/3694/1 4008/3704/1 4007/3703/1
f 4181/3705/1 4008/3704/1 4182/3694/1
f 4181/3705/1 4009/3706/1 4008/3704/1
f 4181/3705/1 4010/3707/1 4009/3706/1
f 4181/3705/1 4011/2623/1 4010/3707/1
f 4181/3705/1 4012/3708/1 4011/2623/1
f 4181/3705/1 4013/3709/1 4012/3708/1
f 4181/3705/1 4014/3710/1 4013/3709/1
f 4181/3705/1 4015/3711/1 4014/3710/1
f 4181/3705/1 4016/3712/1 4015/3711/1
f 4181/3705/1 4017/3713/1 4016/3712/1
f 4181/3705/1 4018/3714/1 4017/3713/1
f 4181/3705/1 4019/3715/1 4018/3714/1
f 4181/3705/1 4020/3716/1 4019/3715/1
f 4181/3705/1 4021/3717/1 4020/3716/1
f 4181/3705/1 4022/2632/1 4021/3717/1
f 4181/3705/1 4023/3718/1 4022/2632/1
f 4181/3705/1 4024/3719/1 4023/3718/1
f 4181/3705/1 4025/3720/1 4024/3719/1
f 4180/3721/1 4107/3722/1 4181/3705/1
f 4107/3722/1 4025/3720/1 4181/3705/1
f 4107/3722/1 4026/3723/1 4025/3720/1
f 4107/3722/1 4027/3724/1 4026/3723/1
f 4180/3721/1 4108/3725/1 4107/3722/1
f 4106/3726/1 4027/3724/1 4107/3722/1
f 4105/3727/1 4028/3728/1 4106/3726/1
f 4028/3728/1 4027/3724/1 4106/3726/1
f 4105/3727/1 4029/3729/1 4028/3728/1
f 4179/3730/1 4108/3725/1 4180/3721/1
f 4179/3730/1 4109/3731/1 4108/3725/1
f 4178/3732/1 4109/3731/1 4179/3730/1
f 4178/3732/1 4110/2286/1 4109/3731/1
f 4177/3733/1 4110/2286/1 4178/3732/1
f 4176/2420/1 4110/2286/1 4177/3733/1
f 4176/2420/1 4111/3734/1 4110/2286/1
f 4175/3735/1 4111/3734/1 4176/2420/1
f 4175/3735/1 4112/3736/1 4111/3734/1
f 4174/3737/1 4112/3736/1 4175/3735/1
f 4174/3737/1 4113/3738/1 4112/3736/1
f 4173/3739/1 4113/3738/1 4174/3737/1
f 4173/3739/1 4114/3740/1 4113/3738/1
f 4172/3741/1 4114/3740/1 4173/3739/1
f 4172/3741/1 4115/3742/1 4114/3740/1
f 4171/3743/1 4115/3742/1 4172/3741/1
f 4170/3744/1 4115/3742/1 4171/3743/1
f 4170/3744/1 4116/3745/1 4115/3742/1
f 4169/3746/1 4116/3745/1 4170/3744/1
f 4169/3746/1 4117/3747/1 4116/3745/1
f 4041/3748/1 4043/3749/1 4042/3750/1
f 4041/3748/1 4044/2573/1 4043/3749/1
f 4040/3751/1 4044/2573/1 4041/3748/1
f 4168/3752/1 4117/3747/1 4169/3746/1
f 4040/3751/1 4045/3753/1 4044/2573/1
f 4039/3754/1 4045/3753/1 4040/3751/1
f 4039/3754/1 4046/3755/1 4045/3753/1
f 4038/3756/1 4046/3755/1 4039/3754/1
f 4038/3756/1 4047/3757/1 4046/3755/1
f 4037/3758/1 4047/3757/1 4038/3756/1
f 4037/3758/1 4048/3759/1 4047/3757/1
f 4168/3752/1 4118/3760/1 4117/3747/1
f 4036/3761/1 4048/3759/1 4037/3758/1
f 4036/3761/1 4049/3762/1 4048/3759/1
f 4035/3763/1 4049/3762/1 4036/3761/1
f 4035/3763/1 4050/3764/1 4049/3762/1
f 4035/3763/1 4051/3765/1 4050/3764/1
f 4034/3766/1 4051/3765/1 4035/3763/1
f 4034/3766/1 4052/3767/1 4051/3765/1
f 4033/2610/1 4052/3767/1 4034/3766/1
f 4167/3768/1 4118/3760/1 4168/3752/1
f 4033/2610/1 4053/3769/1 4052/3767/1
f 4032/3770/1 4053/3769/1 4033/2610/1
f 4167/3768/1 4119/3771/1 4118/3760/1
f 4032/3770/1 4054/3772/1 4053/3769/1
f 4031/3773/1 4054/3772/1 4032/3770/1
f 4031/3773/1 4055/2323/1 4054/3772/1
f 4031/3773/1 4056/3774/1 4055/2323/1
f 4030/3775/1 4056/3774/1 4031/3773/1
f 4166/3776/1 4119/3771/1 4167/3768/1
f 4165/2445/1 4119/3771/1 4166/3776/1
f 4164/3777/1 4119/3771/1 4165/2445/1
f 4163/3778/1 4119/3771/1 4164/3777/1
f 4030/3775/1 4057/3779/1 4056/3774/1
f 4162/3780/1 4119/3771/1 4163/3778/1
f 4161/3781/1 4119/3771/1 4162/3780/1
f 4091/3782/1 4093/3783/1 4092/3784/1
f 4160/3785/1 4119/3771/1 4161/3781/1
f 4159/3786/1 4119/3771/1 4160/3785/1
f 4158/3787/1 4119/3771/1 4159/3786/1
f 4157/3788/1 4119/3771/1 4158/3787/1
f 4091/3782/1 4094/3789/1 4093/3783/1
f 4156/3790/1 4119/3771/1 4157/3788/1
f 4155/3791/1 4119/3771/1 4156/3790/1
f 4154/2446/1 4119/3771/1 4155/3791/1
f 4091/3782/1 4095/3792/1 4094/3789/1
f 4153/3793/1 4119/3771/1 4154/2446/1
f 4091/3782/1 4096/3794/1 4095/3792/1
f 4152/3795/1 4119/3771/1 4153/3793/1
f 4030/3775/1 4058/3796/1 4057/3779/1
f 4151/3797/1 4119/3771/1 4152/3795/1
f 4091/3782/1 4097/3798/1 4096/3794/1
f 4150/3799/1 4119/3771/1 4151/3797/1
f 4091/3782/1 4098/3800/1 4097/3798/1
f 4149/3801/1 4119/3771/1 4150/3799/1
f 4091/3782/1 4099/2246/1 4098/3800/1
f 4148/3802/1 4119/3771/1 4149/3801/1
f 4091/3782/1 4100/3803/1 4099/2246/1
f 4091/3782/1 4101/3804/1 4100/3803/1
f 4147/3805/1 4119/3771/1 4148/3802/1
f 4030/3775/1 4059/3806/1 4058/3796/1
f 4091/3782/1 4102/3807/1 4101/3804/1
f 4091/3782/1 4103/3808/1 4102/3807/1
f 4146/3809/1 4119/3771/1 4147/3805/1
f 4091/3782/1 4104/3810/1 4103/3808/1
f 4091/3782/1 4090/3811/1 4104/3810/1
f 4090/3811/1 4089/3812/1 4104/3810/1
f 4089/3812/1 4088/2268/1 4104/3810/1
f 4088/2268/1 4087/3813/1 4104/3810/1
f 4087/3813/1 4086/3814/1 4104/3810/1
f 4086/3814/1 4105/3727/1 4104/3810/1
f 4086/3814/1 4085/3815/1 4105/3727/1
f 4085/3815/1 4029/3729/1 4105/3727/1
f 4085/3815/1 4084/3816/1 4029/3729/1
f 4084/3816/1 4083/3817/1 4029/3729/1
f 4083/3817/1 4030/3775/1 4029/3729/1
f 4083/3817/1 4082/3818/1 4030/3775/1
f 4082/3818/1 4059/3806/1 4030/3775/1
f 4145/3819/1 4119/3771/1 4146/3809/1
f 4144/3820/1 4119/3771/1 4145/3819/1
f 4143/2357/1 4119/3771/1 4144/3820/1
f 4142/3821/1 4119/3771/1 4143/2357/1
f 4141/3822/1 4119/3771/1 4142/3821/1
f 4082/3818/1 4060/3823/1 4059/3806/1
f 4140/3824/1 4119/3771/1 4141/3822/1
f 4139/3825/1 4119/3771/1 4140/3824/1
f 4139/3825/1 4120/3826/1 4119/3771/1
f 4138/3827/1 4120/3826/1 4139/3825/1
f 4138/3827/1 4121/2324/1 4120/3826/1
f 4138/3827/1 4122/3828/1 4121/2324/1
f 4137/3829/1 4122/3828/1 4138/3827/1
f 4137/3829/1 4123/3830/1 4122/3828/1
f 4136/3831/1 4123/3830/1 4137/3829/1
f 4136/3831/1 4124/3832/1 4123/3830/1
f 4135/3833/1 4124/3832/1 4136/3831/1
f 4135/3833/1 4125/3834/1 4124/3832/1
f 4135/3833/1 4126/3835/1 4125/3834/1
f 4134/3836/1 4126/3835/1 4135/3833/1
f 4134/3836/1 4127/3837/1 4126/3835/1
f 4133/3838/1 4127/3837/1 4134/3836/1
f 4133/3838/1 4128/3839/1 4127/3837/1
f 4133/3838/1 4129/3840/1 4128/3839/1
f 4132/2341/1 4129/3840/1 4133/3838/1
f 4132/2341/1 4130/3841/1 4129/3840/1
f 4131/3842/1 4130/3841/1 4132/2341/1
f 4082/3818/1 4081/3843/1 4060/3823/1
f 4081/3843/1 4061/3844/1 4060/3823/1
f 4081/3843/1 4062/3845/1 4061/3844/1
f 4081/3843/1 4063/3846/1 4062/3845/1
f 4081/3843/1 4064/3847/1 4063/3846/1
f 4081/3843/1 4080/3848/1 4064/3847/1
f 4080/3848/1 4065/3849/1 4064/3847/1
f 4080/3848/1 4066/2302/1 4065/3849/1
f 4080/3848/1 4067/3850/1 4066/2302/1
f 4080/3848/1 4068/3851/1 4067/3850/1
f 4080/3848/1 4069/3852/1 4068/3851/1
f 4080/3848/1 4070/3853/1 4069/3852/1
f 4080/3848/1 4079/3854/1 4070/3853/1
f 4079/3854/1 4071/3855/1 4070/3853/1
f 4079/3854/1 4072/3856/1 4071/3855/1
f 4079/3854/1 4073/3857/1 4072/3856/1
f 4079/3854/1 4074/3858/1 4073/3857/1
f 4079/3854/1 4075/3859/1 4074/3858/1
f 4079/3854/1 4076/3860/1 4075/3859/1
f 4079/3854/1 4077/2284/1 4076/3860/1
f 4079/3854/1 4078/3861/1 4077/2284/1
f 5071/3862/1 5073/3863/1 5072/3864/1
f 5070/3865/1 5073/3863/1 5071/3862/1
f 5069/3866/1 5073/3863/1 5070/3865/1
f 5069/3866/1 5074/3867/1 5073/3863/1
f 5068/3868/1 5074/3867/1 5069/3866/1
f 4498/3869/1 4500/3870/1 4499/3871/1
f 5067/3872/1 5074/3867/1 5068/3868/1
f 5067/3872/1 5075/3873/1 5074/3867/1
f 4498/3869/1 4501/3874/1 4500/3870/1
f 4498/3869/1 4502/3875/1 4501/3874/1
f 5066/3876/1 5075/3873/1 5067/3872/1
f 4498/3869/1 4503/3877/1 4502/3875/1
f 4497/3878/1 4503/3877/1 4498/3869/1
f 4497/3878/1 4504/3879/1 4503/3877/1
f 5066/3876/1 5076/3880/1 5075/3873/1
f 5065/3881/1 5076/3880/1 5066/3876/1
f 4497/3878/1 4505/3882/1 4504/3879/1
f 5064/3883/1 5076/3880/1 5065/3881/1
f 4497/3878/1 4506/3884/1 4505/3882/1
f 4496/3885/1 4506/3884/1 4497/3878/1
f 5064/3883/1 5077/3886/1 5076/3880/1
f 4496/3885/1 4507/3887/1 4506/3884/1
f 5063/3888/1 5077/3886/1 5064/3883/1
f 4496/3885/1 4508/3889/1 4507/3887/1
f 5062/3890/1 5077/3886/1 5063/3888/1
f 4495/3891/1 4508/3889/1 4496/3885/1
f 4495/3891/1 4509/3892/1 4508/3889/1
f 5062/3890/1 5078/3893/1 5077/3886/1
f 5061/3894/1 5078/3893/1 5062/3890/1
f 4495/3891/1 4510/3895/1 4509/3892/1
f 4495/3891/1 4511/3896/1 4510/3895/1
f 5061/3894/1 5079/3897/1 5078/3893/1
f 5060/3898/1 5079/3897/1 5061/3894/1
f 4494/3899/1 4511/3896/1 4495/3891/1
f 4494/3899/1 4512/3900/1 4511/3896/1
f 5059/3901/1 5079/3897/1 5060/3898/1
f 4494/3899/1 4513/3902/1 4512/3900/1
f 5059/3901/1 5080/3903/1 5079/3897/1
f 4494/3899/1 4514/3904/1 4513/3902/1
f 4493/3905/1 4514/3904/1 4494/3899/1
f 4493/3905/1 4515/3906/1 4514/3904/1
f 5059/3901/1 5081/3907/1 5080/3903/1
f 4493/3905/1 4516/3908/1 4515/3906/1
f 5058/3909/1 5081/3907/1 5059/3901/1
f 4493/3905/1 4517/3910/1 4516/3908/1
f 5058/3909/1 5082/3911/1 5081/3907/1
f 4493/3905/1 4518/3912/1 4517/3910/1
f 4492/3913/1 4518/3912/1 4493/3905/1
f 4492/3913/1 4519/3914/1 4518/3912/1
f 5058/3909/1 5083/3915/1 5082/3911/1
f 4492/3913/1 4520/3916/1 4519/3914/1
f 5058/3909/1 5108/3917/1 5083/3915/1
f 5108/3917/1 5084/3918/1 5083/3915/1
f 5057/3919/1 5108/3917/1 5058/3909/1
f 4492/3913/1 4521/3920/1 4520/3916/1
f 5057/3919/1 5109/3921/1 5108/3917/1
f 5107/3922/1 5084/3918/1 5108/3917/1
f 4491/3923/1 4521/3920/1 4492/3913/1
f 5107/3922/1 5085/3924/1 5084/3918/1
f 4491/3923/1 4522/3925/1 4521/3920/1
f 5106/3926/1 5085/3924/1 5107/3922/1
f 5106/3926/1 5086/3927/1 5085/3924/1
f 5105/3928/1 5086/3927/1 5106/3926/1
f 4491/3923/1 4523/3929/1 4522/3925/1
f 5105/3928/1 5087/3930/1 5086/3927/1
f 5104/3931/1 5087/3930/1 5105/3928/1
f 5104/3931/1 5088/3932/1 5087/3930/1
f 5057/3919/1 5110/3933/1 5109/3921/1
f 5103/3934/1 5088/3932/1 5104/3931/1
f 5103/3934/1 5089/3935/1 5088/3932/1
f 4491/3923/1 4524/3936/1 4523/3929/1
f 5102/3937/1 5089/3935/1 5103/3934/1
f 5102/3937/1 5090/3938/1 5089/3935/1
f 5101/3939/1 5090/3938/1 5102/3937/1
f 5101/3939/1 5091/3940/1 5090/3938/1
f 5056/3941/1 5110/3933/1 5057/3919/1
f 5100/3942/1 5091/3940/1 5101/3939/1
f 5100/3942/1 5092/3943/1 5091/3940/1
f 5099/3944/1 5092/3943/1 5100/3942/1
f 5099/3944/1 5093/3945/1 5092/3943/1
f 4490/3946/1 4524/3936/1 4491/3923/1
f 5098/3947/1 5093/3945/1 5099/3944/1
f 5098/3947/1 5094/3948/1 5093/3945/1
f 5097/3949/1 5094/3948/1 5098/3947/1
f 5097/3949/1 5095/3950/1 5094/3948/1
f 5096/3951/1 5095/3950/1 5097/3949/1
f 5056/3941/1 5111/3952/1 5110/3933/1
f 5056/3941/1 5112/3953/1 5111/3952/1
f 5055/3954/1 5112/3953/1 5056/3941/1
f 4489/3955/1 4524/3936/1 4490/3946/1
f 5055/3954/1 5113/3956/1 5112/3953/1
f 5054/3957/1 5113/3956/1 5055/3954/1
f 5054/3957/1 5114/3958/1 5113/3956/1
f 4488/3959/1 4524/3936/1 4489/3955/1
f 4488/3959/1 4525/3960/1 4524/3936/1
f 5054/3957/1 5115/3961/1 5114/3958/1
f 5053/3962/1 5115/3961/1 5054/3957/1
f 5053/3962/1 5116/3963/1 5115/3961/1
f 4487/3964/1 4525/3960/1 4488/3959/1
f 5053/3962/1 5117/3965/1 5116/3963/1
f 5052/3966/1 5117/3965/1 5053/3962/1
f 5052/3966/1 5118/3967/1 5117/3965/1
f 5051/3968/1 5118/3967/1 5052/3966/1
f 5051/3968/1 5119/3969/1 5118/3967/1
f 4486/3970/1 4525/3960/1 4487/3964/1
f 5051/3968/1 5120/3971/1 5119/3969/1
f 5050/3972/1 5120/3971/1 5051/3968/1
f 4486/3970/1 4526/3973/1 4525/3960/1
f 5050/3972/1 5012/3974/1 5120/3971/1
f 5012/3974/1 5121/3975/1 5120/3971/1
f 5049/3976/1 5012/3974/1 5050/3972/1
f 5048/3977/1 5012/3974/1 5049/3976/1
f 5047/3978/1 5012/3974/1 5048/3977/1
f 5047/3978/1 5013/3979/1 5012/3974/1
f 5011/3980/1 5121/3975/1 5012/3974/1
f 5046/3981/1 5013/3979/1 5047/3978/1
f 5045/3982/1 5013/3979/1 5046/3981/1
f 5044/3983/1 5013/3979/1 5045/3982/1
f 5043/3984/1 5013/3979/1 5044/3983/1
f 5042/3985/1 5013/3979/1 5043/3984/1
f 5041/3986/1 5013/3979/1 5042/3985/1
f 5041/3986/1 5014/3987/1 5013/3979/1
f 4485/3988/1 4526/3973/1 4486/3970/1
f 5040/3989/1 5014/3987/1 5041/3986/1
f 5039/3990/1 5014/3987/1 5040/3989/1
f 5038/3991/1 5014/3987/1 5039/3990/1
f 5038/3991/1 5015/3992/1 5014/3987/1
f 5037/3993/1 5015/3992/1 5038/3991/1
f 5036/3994/1 5015/3992/1 5037/3993/1
f 5036/3994/1 5016/3995/1 5015/3992/1
f 5035/3996/1 5016/3995/1 5036/3994/1
f 4485/3988/1 4527/3997/1 4526/3973/1
f 5035/3996/1 5017/3998/1 5016/3995/1
f 5034/3999/1 5017/3998/1 5035/3996/1
f 5033/4000/1 5017/3998/1 5034/3999/1
f 5033/4000/1 5018/4001/1 5017/3998/1
f 5032/4002/1 5018/4001/1 5033/4000/1
f 5032/4002/1 5019/4003/1 5018/4001/1
f 5031/4004/1 5019/4003/1 5032/4002/1
f 5030/4005/1 5019/4003/1 5031/4004/1
f 5030/4005/1 5020/4006/1 5019/4003/1
f 5029/4007/1 5020/4006/1 5030/4005/1
f 5029/4007/1 5021/4008/1 5020/4006/1
f 5028/4009/1 5021/4008/1 5029/4007/1
f 5028/4009/1 5022/4010/1 5021/4008/1
f 5027/4011/1 5022/4010/1 5028/4009/1
f 5026/4012/1 5022/4010/1 5027/4011/1
f 5026/4012/1 5023/4013/1 5022/4010/1
f 5025/4014/1 5023/4013/1 5026/4012/1
f 5025/4014/1 5024/4015/1 5023/4013/1
f 4484/4016/1 4527/3997/1 4485/3988/1
f 4484/4016/1 4528/4017/1 4527/3997/1
f 4483/4018/1 4528/4017/1 4484/4016/1
f 4483/4018/1 4529/4019/1 4528/4017/1
f 5133/4020/1 5135/4021/1 5134/4022/1
f 5133/4020/1 5136/4023/1 5135/4021/1
f 5132/4024/1 5136/4023/1 5133/4020/1
f 5132/4024/1 5137/4025/1 5136/4023/1
f 5131/4026/1 5137/4025/1 5132/4024/1
f 5131/4026/1 5138/4027/1 5137/4025/1
f 5130/4028/1 5138/4027/1 5131/4026/1
f 5130/4028/1 5139/4029/1 5138/4027/1
f 5129/4030/1 5139/4029/1 5130/4028/1
f 4482/4031/1 4529/4019/1 4483/4018/1
f 5129/4030/1 5140/4032/1 5139/4029/1
f 5128/4033/1 5140/4032/1 5129/4030/1
f 5128/4033/1 5141/4034/1 5140/4032/1
f 5127/4035/1 5141/4034/1 5128/4033/1
f 5127/4035/1 5142/4036/1 5141/4034/1
f 5126/4037/1 5142/4036/1 5127/4035/1
f 4482/4031/1 4530/4038/1 4529/4019/1
f 5126/4037/1 5143/4039/1 5142/4036/1
f 5125/4040/1 5143/4039/1 5126/4037/1
f 5125/4040/1 5144/4041/1 5143/4039/1
f 4481/4042/1 4530/4038/1 4482/4031/1
f 5125/4040/1 5145/4043/1 5144/4041/1
f 5124/4044/1 5145/4043/1 5125/4040/1
f 5124/4044/1 5146/4045/1 5145/4043/1
f 5123/4046/1 5146/4045/1 5124/4044/1
f 4481/4042/1 4531/4047/1 4530/4038/1
f 4480/4048/1 4531/4047/1 4481/4042/1
f 5123/4046/1 5147/4049/1 5146/4045/1
f 5122/4050/1 5147/4049/1 5123/4046/1
f 5122/4050/1 5148/4051/1 5147/4049/1
f 4997/4052/1 4999/4053/1 4998/4054/1
f 4997/4052/1 5000/4055/1 4999/4053/1
f 4997/4052/1 5001/4056/1 5000/4055/1
f 5122/4050/1 5149/4057/1 5148/4051/1
f 4997/4052/1 5002/4058/1 5001/4056/1
f 4997/4052/1 5003/4059/1 5002/4058/1
f 4997/4052/1 5004/4060/1 5003/4059/1
f 4997/4052/1 5005/4061/1 5004/4060/1
f 4997/4052/1 5006/4062/1 5005/4061/1
f 5122/4050/1 5150/4063/1 5149/4057/1
f 4997/4052/1 5007/4064/1 5006/4062/1
f 4997/4052/1 5008/4065/1 5007/4064/1
f 4997/4052/1 5009/4066/1 5008/4065/1
f 4997/4052/1 5010/4067/1 5009/4066/1
f 4997/4052/1 4996/4068/1 5010/4067/1
f 4996/4068/1 4995/4069/1 5010/4067/1
f 4995/4069/1 4994/4070/1 5010/4067/1
f 4994/4070/1 5011/3980/1 5010/4067/1
f 4994/4070/1 4993/4071/1 5011/3980/1
f 4993/4071/1 5121/3975/1 5011/3980/1
f 4993/4071/1 4992/4072/1 5121/3975/1
f 4992/4072/1 4991/4073/1 5121/3975/1
f 4991/4073/1 4990/4074/1 5121/3975/1
f 4990/4074/1 5122/4050/1 5121/3975/1
f 4990/4074/1 4989/4075/1 5122/4050/1
f 4989/4075/1 5150/4063/1 5122/4050/1
f 4989/4075/1 4988/4076/1 5150/4063/1
f 4988/4076/1 5151/4077/1 5150/4063/1
f 4988/4076/1 5152/4078/1 5151/4077/1
f 4479/4079/1 4531/4047/1 4480/4048/1
f 4479/4079/1 4532/4080/1 4531/4047/1
f 4988/4076/1 5153/4081/1 5152/4078/1
f 4988/4076/1 4987/4082/1 5153/4081/1
f 4987/4082/1 5154/4083/1 5153/4081/1
f 4987/4082/1 5155/4084/1 5154/4083/1
f 4987/4082/1 5156/4085/1 5155/4084/1
f 4987/4082/1 5157/4086/1 5156/4085/1
f 4987/4082/1 4986/4087/1 5157/4086/1
f 4986/4087/1 5158/4088/1 5157/4086/1
f 4986/4087/1 5159/4089/1 5158/4088/1
f 4986/4087/1 5160/4090/1 5159/4089/1
f 4478/4091/1 4532/4080/1 4479/4079/1
f 4986/4087/1 5161/4092/1 5160/4090/1
f 4986/4087/1 5162/4093/1 5161/4092/1
f 4986/4087/1 4985/4094/1 5162/4093/1
f 4985/4094/1 5163/4095/1 5162/4093/1
f 4985/4094/1 5164/4096/1 5163/4095/1
f 4478/4091/1 4533/4097/1 4532/4080/1
f 4985/4094/1 5165/4098/1 5164/4096/1
f 4985/4094/1 5166/4099/1 5165/4098/1
f 4985/4094/1 5167/4100/1 5166/4099/1
f 4985/4094/1 5168/4101/1 5167/4100/1
f 4985/4094/1 5169/4102/1 5168/4101/1
f 4985/4094/1 5170/4103/1 5169/4102/1
f 4984/4104/1 5170/4103/1 4985/4094/1
f 4983/4105/1 5171/4106/1 4984/4104/1
f 5171/4106/1 5170/4103/1 4984/4104/1
f 4983/4105/1 5172/4107/1 5171/4106/1
f 4477/4108/1 4533/4097/1 4478/4091/1
f 4477/4108/1 4534/4109/1 4533/4097/1
f 4547/4110/1 4549/4111/1 4548/4112/1
f 4547/4110/1 4550/4113/1 4549/4111/1
f 4546/4114/1 4550/4113/1 4547/4110/1
f 4476/4115/1 4534/4109/1 4477/4108/1
f 4546/4114/1 4551/4116/1 4550/4113/1
f 4545/4117/1 4551/4116/1 4546/4114/1
f 4545/4117/1 4552/4118/1 4551/4116/1
f 4544/4119/1 4552/4118/1 4545/4117/1
f 4544/4119/1 4553/4120/1 4552/4118/1
f 4543/4121/1 4553/4120/1 4544/4119/1
f 4543/4121/1 4554/4122/1 4553/4120/1
f 4542/4123/1 4554/4122/1 4543/4121/1
f 4542/4123/1 4555/4124/1 4554/4122/1
f 4541/4125/1 4555/4124/1 4542/4123/1
f 4541/4125/1 4556/4126/1 4555/4124/1
f 4540/4127/1 4556/4126/1 4541/4125/1
f 4476/4115/1 4535/4128/1 4534/4109/1
f 4540/4127/1 4557/4129/1 4556/4126/1
f 4539/4130/1 4557/4129/1 4540/4127/1
f 4475/4131/1 4535/4128/1 4476/4115/1
f 4539/4130/1 4558/4132/1 4557/4129/1
f 4538/4133/1 4558/4132/1 4539/4130/1
f 4538/4133/1 4559/4134/1 4558/4132/1
f 4537/4135/1 4559/4134/1 4538/4133/1
f 4461/4136/1 4463/4137/1 4462/4138/1
f 4461/4136/1 4464/4139/1 4463/4137/1
f 4537/4135/1 4560/4140/1 4559/4134/1
f 4536/4141/1 4560/4140/1 4537/4135/1
f 4461/4136/1 4465/4142/1 4464/4139/1
f 4461/4136/1 4466/4143/1 4465/4142/1
f 4461/4136/1 4467/4144/1 4466/4143/1
f 4461/4136/1 4468/4145/1 4467/4144/1
f 4461/4136/1 4469/4146/1 4468/4145/1
f 4461/4136/1 4470/4147/1 4469/4146/1
f 4461/4136/1 4471/4148/1 4470/4147/1
f 4461/4136/1 4472/4149/1 4471/4148/1
f 4461/4136/1 4473/4150/1 4472/4149/1
f 4461/4136/1 4474/4151/1 4473/4150/1
f 4461/4136/1 4475/4131/1 4474/4151/1
f 4461/4136/1 4535/4128/1 4475/4131/1
f 4461/4136/1 4460/4152/1 4535/4128/1
f 4460/4152/1 4459/4153/1 4535/4128/1
f 4459/4153/1 4458/4154/1 4535/4128/1
f 4458/4154/1 4457/4155/1 4535/4128/1
f 4457/4155/1 4536/4141/1 4535/4128/1
f 4457/4155/1 4456/4156/1 4536/4141/1
f 4456/4156/1 4560/4140/1 4536/4141/1
f 4456/4156/1 4455/4157/1 4560/4140/1
f 4455/4157/1 4561/4158/1 4560/4140/1
f 4455/4157/1 4562/4159/1 4561/4158/1
f 4969/4160/1 4971/4161/1 4970/4162/1
f 4455/4157/1 4454/4163/1 4562/4159/1
f 4454/4163/1 4563/4164/1 4562/4159/1
f 4969/4160/1 4972/4165/1 4971/4161/1
f 4969/4160/1 4973/4166/1 4972/4165/1
f 4454/4163/1 4564/4167/1 4563/4164/1
f 5184/4168/1 5186/4169/1 5185/4170/1
f 5184/4168/1 5187/4171/1 5186/4169/1
f 5183/4172/1 5187/4171/1 5184/4168/1
f 5183/4172/1 5188/4173/1 5187/4171/1
f 5182/4174/1 5188/4173/1 5183/4172/1
f 5182/4174/1 5189/4175/1 5188/4173/1
f 4969/4160/1 4974/4176/1 4973/4166/1
f 5181/4177/1 5189/4175/1 5182/4174/1
f 4454/4163/1 4453/4178/1 4564/4167/1
f 4453/4178/1 4565/4179/1 4564/4167/1
f 5181/4177/1 5190/4180/1 5189/4175/1
f 5180/4181/1 5190/4180/1 5181/4177/1
f 4969/4160/1 4975/4182/1 4974/4176/1
f 5180/4181/1 5191/4183/1 5190/4180/1
f 4453/4178/1 4566/4184/1 4565/4179/1
f 4968/4185/1 4975/4182/1 4969/4160/1
f 5179/4186/1 5191/4183/1 5180/4181/1
f 5179/4186/1 5192/4187/1 5191/4183/1
f 4968/4185/1 4976/4188/1 4975/4182/1
f 4453/4178/1 4452/4189/1 4566/4184/1
f 4452/4189/1 4567/4190/1 4566/4184/1
f 5178/4191/1 5192/4187/1 5179/4186/1
f 5178/4191/1 5193/4192/1 5192/4187/1
f 4452/4189/1 4568/4193/1 4567/4190/1
f 4968/4185/1 4977/4194/1 4976/4188/1
f 5177/4195/1 5193/4192/1 5178/4191/1
f 4452/4189/1 4451/4196/1 4568/4193/1
f 4451/4196/1 4569/4197/1 4568/4193/1
f 5177/4195/1 5194/4198/1 5193/4192/1
f 4968/4185/1 4978/4199/1 4977/4194/1
f 4451/4196/1 4570/4200/1 4569/4197/1
f 5176/4201/1 5194/4198/1 5177/4195/1
f 5176/4201/1 5195/4202/1 5194/4198/1
f 4451/4196/1 4571/4203/1 4570/4200/1
f 4967/4204/1 4978/4199/1 4968/4185/1
f 4967/4204/1 4979/4205/1 4978/4199/1
f 4451/4196/1 4450/4206/1 4571/4203/1
f 4450/4206/1 4572/4207/1 4571/4203/1
f 5175/4208/1 5195/4202/1 5176/4201/1
f 5175/4208/1 5196/4209/1 5195/4202/1
f 4450/4206/1 4573/4210/1 4572/4207/1
f 4967/4204/1 4980/4211/1 4979/4205/1
f 4450/4206/1 4449/4212/1 4573/4210/1
f 4449/4212/1 4574/4213/1 4573/4210/1
f 5174/4214/1 5196/4209/1 5175/4208/1
f 5174/4214/1 5197/4215/1 5196/4209/1
f 4449/4212/1 4364/631/1 4574/4213/1
f 4364/631/1 4728/4216/1 4574/4213/1
f 4728/4216/1 4575/4217/1 4574/4213/1
f 4967/4204/1 4981/4218/1 4980/4211/1
f 4448/4219/1 4364/631/1 4449/4212/1
f 4447/4220/1 4364/631/1 4448/4219/1
f 4447/4220/1 4365/4221/1 4364/631/1
f 4727/4222/1 4575/4217/1 4728/4216/1
f 4727/4222/1 4576/4223/1 4575/4217/1
f 5174/4214/1 5198/4224/1 5197/4215/1
f 5173/4225/1 5198/4224/1 5174/4214/1
f 4727/4222/1 4577/4226/1 4576/4223/1
f 4967/4204/1 4982/4227/1 4981/4218/1
f 4727/4222/1 4578/4228/1 4577/4226/1
f 4966/4229/1 4982/4227/1 4967/4204/1
f 5173/4225/1 5199/4230/1 5198/4224/1
f 4727/4222/1 4579/4231/1 4578/4228/1
f 5173/4225/1 5200/4232/1 5199/4230/1
f 4966/4229/1 4983/4105/1 4982/4227/1
f 4966/4229/1 5172/4107/1 4983/4105/1
f 4966/4229/1 5173/4225/1 5172/4107/1
f 4966/4229/1 5200/4232/1 5173/4225/1
f 4727/4222/1 4584/4233/1 4579/4231/1
f 4584/4233/1 4580/4234/1 4579/4231/1
f 4966/4229/1 5201/4235/1 5200/4232/1
f 4584/4233/1 4581/4236/1 4580/4234/1
f 4966/4229/1 5202/4237/1 5201/4235/1
f 4966/4229/1 5203/4238/1 5202/4237/1
f 4584/4233/1 4582/4239/1 4581/4236/1
f 4966/4229/1 5204/4240/1 5203/4238/1
f 4584/4233/1 4583/4241/1 4582/4239/1
f 4966/4229/1 5205/4242/1 5204/4240/1
f 4965/4243/1 5205/4242/1 4966/4229/1
f 4965/4243/1 5206/4244/1 5205/4242/1
f 4965/4243/1 5207/4245/1 5206/4244/1
f 4727/4222/1 4585/4246/1 4584/4233/1
f 4965/4243/1 5208/4247/1 5207/4245/1
f 4965/4243/1 5209/4248/1 5208/4247/1
f 4965/4243/1 5210/4249/1 5209/4248/1
f 4965/4243/1 5211/4250/1 5210/4249/1
f 4965/4243/1 5212/4251/1 5211/4250/1
f 4964/4252/1 5280/4253/1 4965/4243/1
f 5280/4253/1 5212/4251/1 4965/4243/1
f 5280/4253/1 5213/4254/1 5212/4251/1
f 5280/4253/1 5214/4255/1 5213/4254/1
f 5280/4253/1 5279/4256/1 5214/4255/1
f 5279/4256/1 5277/4257/1 5214/4255/1
f 5277/4257/1 5276/4258/1 5214/4255/1
f 5276/4258/1 5215/4259/1 5214/4255/1
f 4964/4252/1 5281/4260/1 5280/4253/1
f 5282/4261/1 5277/4257/1 5279/4256/1
f 5282/4261/1 5278/4262/1 5277/4257/1
f 5275/4263/1 5221/4264/1 5276/4258/1
f 5221/4264/1 5215/4259/1 5276/4258/1
f 5221/4264/1 5216/4265/1 5215/4259/1
f 5221/4264/1 5217/4266/1 5216/4265/1
f 5221/4264/1 5218/4267/1 5217/4266/1
f 4446/4268/1 4365/4221/1 4447/4220/1
f 5221/4264/1 5219/4269/1 5218/4267/1
f 4963/4270/1 5281/4260/1 4964/4252/1
f 5221/4264/1 5220/4271/1 5219/4269/1
f 4446/4268/1 4366/4272/1 4365/4221/1
f 5275/4263/1 5222/4273/1 5221/4264/1
f 4726/4274/1 4585/4246/1 4727/4222/1
f 4962/4275/1 5281/4260/1 4963/4270/1
f 4726/4274/1 4586/4276/1 4585/4246/1
f 4961/4277/1 5281/4260/1 4962/4275/1
f 4445/4278/1 4366/4272/1 4446/4268/1
f 4960/4279/1 5281/4260/1 4961/4277/1
f 4445/4278/1 4367/4280/1 4366/4272/1
f 4725/4281/1 4586/4276/1 4726/4274/1
f 4959/4282/1 5281/4260/1 4960/4279/1
f 4444/4283/1 4367/4280/1 4445/4278/1
f 4725/4281/1 4587/4284/1 4586/4276/1
f 4958/4285/1 5281/4260/1 4959/4282/1
f 5275/4263/1 5223/4286/1 5222/4273/1
f 4958/4285/1 5282/4261/1 5281/4260/1
f 4958/4285/1 5278/4262/1 5282/4261/1
f 4958/4285/1 5275/4263/1 5278/4262/1
f 4958/4285/1 5223/4286/1 5275/4263/1
f 4444/4283/1 4368/4287/1 4367/4280/1
f 4957/4288/1 5283/4289/1 4958/4285/1
f 5283/4289/1 5223/4286/1 4958/4285/1
f 5283/4289/1 5224/4290/1 5223/4286/1
f 4724/4291/1 4587/4284/1 4725/4281/1
f 4443/4292/1 4368/4287/1 4444/4283/1
f 5283/4289/1 5286/503/1 5224/4290/1
f 5286/503/1 5273/4293/1 5224/4290/1
f 5273/4293/1 5272/4294/1 5224/4290/1
f 5272/4294/1 5225/4295/1 5224/4290/1
f 4957/4288/1 5284/4296/1 5283/4289/1
f 5285/4297/1 5273/4293/1 5286/503/1
f 5285/4297/1 5274/4298/1 5273/4293/1
f 5271/4299/1 5225/4295/1 5272/4294/1
f 4724/4291/1 4588/4300/1 4587/4284/1
f 5271/4299/1 5226/4301/1 5225/4295/1
f 4443/4292/1 4369/4302/1 4368/4287/1
f 4442/4303/1 4369/4302/1 4443/4292/1
f 5271/4299/1 5227/4304/1 5226/4301/1
f 4723/4305/1 4588/4300/1 4724/4291/1
f 5271/4299/1 5228/4306/1 5227/4304/1
f 5271/4299/1 5229/4307/1 5228/4306/1
f 4723/4305/1 4589/4308/1 4588/4300/1
f 4441/4309/1 4369/4302/1 4442/4303/1
f 4441/4309/1 4370/4310/1 4369/4302/1
f 5271/4299/1 5230/4311/1 5229/4307/1
f 5271/4299/1 5231/4312/1 5230/4311/1
f 4722/4313/1 4589/4308/1 4723/4305/1
f 5271/4299/1 5232/4314/1 5231/4312/1
f 4440/4315/1 4370/4310/1 4441/4309/1
f 4722/4313/1 4590/4316/1 4589/4308/1
f 5271/4299/1 5233/4317/1 5232/4314/1
f 4440/4315/1 4371/4318/1 4370/4310/1
f 5271/4299/1 5234/4319/1 5233/4317/1
f 4957/4288/1 4932/4320/1 5284/4296/1
f 4932/4320/1 5285/4297/1 5284/4296/1
f 4932/4320/1 5274/4298/1 5285/4297/1
f 4932/4320/1 5271/4299/1 5274/4298/1
f 4932/4320/1 5234/4319/1 5271/4299/1
f 4721/4321/1 4590/4316/1 4722/4313/1
f 4439/4322/1 4371/4318/1 4440/4315/1
f 4932/4320/1 5235/4323/1 5234/4319/1
f 4932/4320/1 5236/4324/1 5235/4323/1
f 4932/4320/1 5237/4325/1 5236/4324/1
f 4932/4320/1 5238/4326/1 5237/4325/1
f 4932/4320/1 5239/4327/1 5238/4326/1
f 4721/4321/1 4591/4328/1 4590/4316/1
f 4932/4320/1 5240/4329/1 5239/4327/1
f 4439/4322/1 4372/4330/1 4371/4318/1
f 4932/4320/1 4931/4331/1 5240/4329/1
f 4931/4331/1 4730/4332/1 5240/4329/1
f 4730/4332/1 4729/4333/1 5240/4329/1
f 4729/4333/1 5241/4334/1 5240/4329/1
f 4957/4288/1 4933/4335/1 4932/4320/1
f 4930/4336/1 4730/4332/1 4931/4331/1
f 4930/4336/1 4731/4337/1 4730/4332/1
f 5270/4338/1 5241/4334/1 4729/4333/1
f 5270/4338/1 5242/4339/1 5241/4334/1
f 5270/4338/1 5243/4340/1 5242/4339/1
f 5270/4338/1 5244/4341/1 5243/4340/1
f 5270/4338/1 5245/4342/1 5244/4341/1
f 5270/4338/1 5246/4343/1 5245/4342/1
f 5270/4338/1 5247/4344/1 5246/4343/1
f 4438/4345/1 4372/4330/1 4439/4322/1
f 5270/4338/1 5248/4346/1 5247/4344/1
f 5269/4347/1 5248/4346/1 5270/4338/1
f 4957/4288/1 4934/4348/1 4933/4335/1
f 5268/4349/1 5248/4346/1 5269/4347/1
f 5268/4349/1 5249/4350/1 5248/4346/1
f 4720/4351/1 4591/4328/1 4721/4321/1
f 5267/4352/1 5249/4350/1 5268/4349/1
f 4957/4288/1 4935/4353/1 4934/4348/1
f 5267/4352/1 5250/4354/1 5249/4350/1
f 4956/4355/1 4935/4353/1 4957/4288/1
f 5266/4356/1 5250/4354/1 5267/4352/1
f 5266/4356/1 5251/4357/1 5250/4354/1
f 4955/4358/1 4935/4353/1 4956/4355/1
f 4955/4358/1 4936/4359/1 4935/4353/1
f 5265/4360/1 5251/4357/1 5266/4356/1
f 5265/4360/1 5252/4361/1 5251/4357/1
f 4954/4362/1 4936/4359/1 4955/4358/1
f 4954/4362/1 4937/4363/1 4936/4359/1
f 5264/4364/1 5252/4361/1 5265/4360/1
f 5264/4364/1 5253/4365/1 5252/4361/1
f 5263/4366/1 5253/4365/1 5264/4364/1
f 4953/4367/1 4937/4363/1 4954/4362/1
f 5263/4366/1 5254/4368/1 5253/4365/1
f 4953/4367/1 4938/4369/1 4937/4363/1
f 5262/4370/1 5254/4368/1 5263/4366/1
f 5262/4370/1 5255/4371/1 5254/4368/1
f 4952/4372/1 4938/4369/1 4953/4367/1
f 5261/4373/1 5255/4371/1 5262/4370/1
f 4952/4372/1 4939/4374/1 4938/4369/1
f 5261/4373/1 5256/4375/1 5255/4371/1
f 5260/4376/1 5256/4375/1 5261/4373/1
f 5260/4376/1 5257/4377/1 5256/4375/1
f 5259/4378/1 5257/4377/1 5260/4376/1
f 5259/4378/1 5258/4379/1 5257/4377/1
f 4951/4380/1 4939/4374/1 4952/4372/1
f 4438/4345/1 4373/4381/1 4372/4330/1
f 4951/4380/1 4940/4382/1 4939/4374/1
f 4950/4383/1 4940/4382/1 4951/4380/1
f 4437/4384/1 4373/4381/1 4438/4345/1
f 4720/4351/1 4592/4385/1 4591/4328/1
f 4950/4383/1 4941/4386/1 4940/4382/1
f 4949/4387/1 4941/4386/1 4950/4383/1
f 4949/4387/1 4942/4388/1 4941/4386/1
f 4948/4389/1 4942/4388/1 4949/4387/1
f 4948/4389/1 4943/4390/1 4942/4388/1
f 4947/4391/1 4943/4390/1 4948/4389/1
f 4947/4391/1 4944/4392/1 4943/4390/1
f 4946/4393/1 4944/4392/1 4947/4391/1
f 4946/4393/1 4945/4394/1 4944/4392/1
f 4719/4395/1 4592/4385/1 4720/4351/1
f 4743/4396/1 4745/4397/1 4744/4398/1
f 4743/4396/1 4746/4399/1 4745/4397/1
f 4742/4400/1 4746/4399/1 4743/4396/1
f 4742/4400/1 4747/4401/1 4746/4399/1
f 4741/4402/1 4747/4401/1 4742/4400/1
f 4741/4402/1 4748/4403/1 4747/4401/1
f 4740/4404/1 4748/4403/1 4741/4402/1
f 4436/4405/1 4373/4381/1 4437/4384/1
f 4740/4404/1 4749/4406/1 4748/4403/1
f 4739/4407/1 4749/4406/1 4740/4404/1
f 4739/4407/1 4750/4408/1 4749/4406/1
f 4738/4409/1 4750/4408/1 4739/4407/1
f 4436/4405/1 4374/4410/1 4373/4381/1
f 4738/4409/1 4751/4411/1 4750/4408/1
f 4737/4412/1 4751/4411/1 4738/4409/1
f 4737/4412/1 4752/4413/1 4751/4411/1
f 4719/4395/1 4593/4414/1 4592/4385/1
f 4736/4415/1 4752/4413/1 4737/4412/1
f 4736/4415/1 4753/4416/1 4752/4413/1
f 4735/4417/1 4753/4416/1 4736/4415/1
f 4735/4417/1 4754/4418/1 4753/4416/1
f 4734/4419/1 4754/4418/1 4735/4417/1
f 4734/4419/1 4755/4420/1 4754/4418/1
f 4718/4421/1 4593/4414/1 4719/4395/1
f 4435/4422/1 4374/4410/1 4436/4405/1
f 4733/4423/1 4755/4420/1 4734/4419/1
f 4733/4423/1 4756/4424/1 4755/4420/1
f 4732/4425/1 4756/4424/1 4733/4423/1
f 4916/4426/1 4918/4427/1 4917/4428/1
f 4732/4425/1 4757/4429/1 4756/4424/1
f 4916/4426/1 4919/4430/1 4918/4427/1
f 4916/4426/1 4920/4431/1 4919/4430/1
f 4732/4425/1 4758/4432/1 4757/4429/1
f 4916/4426/1 4921/4433/1 4920/4431/1
f 4916/4426/1 4922/4434/1 4921/4433/1
f 4435/4422/1 4375/4435/1 4374/4410/1
f 4916/4426/1 4923/4436/1 4922/4434/1
f 4916/4426/1 4924/4437/1 4923/4436/1
f 4732/4425/1 4759/4438/1 4758/4432/1
f 4916/4426/1 4925/4439/1 4924/4437/1
f 4916/4426/1 4926/4440/1 4925/4439/1
f 4916/4426/1 4927/4441/1 4926/4440/1
f 4916/4426/1 4928/4442/1 4927/4441/1
f 4916/4426/1 4929/4443/1 4928/4442/1
f 4916/4426/1 4915/4444/1 4929/4443/1
f 4915/4444/1 4914/4445/1 4929/4443/1
f 4914/4445/1 4930/4336/1 4929/4443/1
f 4914/4445/1 4913/4446/1 4930/4336/1
f 4913/4446/1 4912/4447/1 4930/4336/1
f 4912/4447/1 4731/4337/1 4930/4336/1
f 4912/4447/1 4911/4448/1 4731/4337/1
f 4911/4448/1 4910/4449/1 4731/4337/1
f 4910/4449/1 4909/4450/1 4731/4337/1
f 4909/4450/1 4732/4425/1 4731/4337/1
f 4909/4450/1 4908/4451/1 4732/4425/1
f 4908/4451/1 4759/4438/1 4732/4425/1
f 4908/4451/1 4760/4452/1 4759/4438/1
f 4908/4451/1 4907/4453/1 4760/4452/1
f 4907/4453/1 4761/4454/1 4760/4452/1
f 4907/4453/1 4762/4455/1 4761/4454/1
f 4718/4421/1 4594/4456/1 4593/4414/1
f 4907/4453/1 4763/4457/1 4762/4455/1
f 4907/4453/1 4906/4458/1 4763/4457/1
f 4906/4458/1 4764/4459/1 4763/4457/1
f 4434/4460/1 4375/4435/1 4435/4422/1
f 4906/4458/1 4765/4461/1 4764/4459/1
f 4717/4462/1 4594/4456/1 4718/4421/1
f 4906/4458/1 4766/4463/1 4765/4461/1
f 4906/4458/1 4767/4464/1 4766/4463/1
f 4906/4458/1 4905/4465/1 4767/4464/1
f 4905/4465/1 4768/4466/1 4767/4464/1
f 4905/4465/1 4769/4467/1 4768/4466/1
f 4905/4465/1 4770/4468/1 4769/4467/1
f 4905/4465/1 4771/4469/1 4770/4468/1
f 4905/4465/1 4772/4470/1 4771/4469/1
f 4905/4465/1 4904/4471/1 4772/4470/1
f 4904/4471/1 4773/4472/1 4772/4470/1
f 4904/4471/1 4774/4473/1 4773/4472/1
f 4904/4471/1 4775/4474/1 4774/4473/1
f 4434/4460/1 4376/4475/1 4375/4435/1
f 4904/4471/1 4776/4476/1 4775/4474/1
f 4904/4471/1 4777/4477/1 4776/4476/1
f 4904/4471/1 4778/4478/1 4777/4477/1
f 4904/4471/1 4779/4479/1 4778/4478/1
f 4904/4471/1 4780/4480/1 4779/4479/1
f 4903/4481/1 4780/4480/1 4904/4471/1
f 4902/4482/1 4781/4483/1 4903/4481/1
f 4781/4483/1 4780/4480/1 4903/4481/1
f 4902/4482/1 4782/4484/1 4781/4483/1
f 4433/4485/1 4376/4475/1 4434/4460/1
f 4717/4462/1 4595/4486/1 4594/4456/1
f 4716/4487/1 4595/4486/1 4717/4462/1
f 4433/4485/1 4377/4488/1 4376/4475/1
f 4432/4489/1 4377/4488/1 4433/4485/1
f 4715/4490/1 4595/4486/1 4716/4487/1
f 4715/4490/1 4596/4491/1 4595/4486/1
f 4714/4492/1 4596/4491/1 4715/4490/1
f 4432/4489/1 4378/4493/1 4377/4488/1
f 4713/4494/1 4596/4491/1 4714/4492/1
f 4431/4495/1 4378/4493/1 4432/4489/1
f 4793/4496/1 4795/4497/1 4794/4498/1
f 4793/4496/1 4796/4499/1 4795/4497/1
f 4793/4496/1 4797/4500/1 4796/4499/1
f 4793/4496/1 4798/4501/1 4797/4500/1
f 4793/4496/1 4799/4502/1 4798/4501/1
f 4793/4496/1 4800/4503/1 4799/4502/1
f 4793/4496/1 4801/4504/1 4800/4503/1
f 4793/4496/1 4802/4505/1 4801/4504/1
f 4793/4496/1 4803/4506/1 4802/4505/1
f 4793/4496/1 4804/4507/1 4803/4506/1
f 4793/4496/1 4805/4508/1 4804/4507/1
f 4793/4496/1 4806/4509/1 4805/4508/1
f 4793/4496/1 4807/4510/1 4806/4509/1
f 4793/4496/1 4808/4511/1 4807/4510/1
f 4793/4496/1 4809/4512/1 4808/4511/1
f 4793/4496/1 4810/4513/1 4809/4512/1
f 4793/4496/1 4811/4514/1 4810/4513/1
f 4793/4496/1 4812/4515/1 4811/4514/1
f 4793/4496/1 4813/4516/1 4812/4515/1
f 4793/4496/1 4814/4517/1 4813/4516/1
f 4792/4518/1 4814/4517/1 4793/4496/1
f 4792/4518/1 4815/4519/1 4814/4517/1
f 4713/4494/1 4597/4520/1 4596/4491/1
f 4792/4518/1 4816/4521/1 4815/4519/1
f 4712/4522/1 4597/4520/1 4713/4494/1
f 4792/4518/1 4817/4523/1 4816/4521/1
f 4792/4518/1 4818/4524/1 4817/4523/1
f 4431/4495/1 4379/4525/1 4378/4493/1
f 4791/4526/1 4818/4524/1 4792/4518/1
f 4791/4526/1 4819/4527/1 4818/4524/1
f 4791/4526/1 4820/4528/1 4819/4527/1
f 4791/4526/1 4821/4529/1 4820/4528/1
f 4791/4526/1 4822/4530/1 4821/4529/1
f 4790/4531/1 4822/4530/1 4791/4526/1
f 4790/4531/1 4823/4532/1 4822/4530/1
f 4790/4531/1 4824/4533/1 4823/4532/1
f 4790/4531/1 4825/1469/1 4824/4533/1
f 4790/4531/1 4826/4534/1 4825/1469/1
f 4790/4531/1 4827/4535/1 4826/4534/1
f 4790/4531/1 4828/4536/1 4827/4535/1
f 4789/4537/1 4828/4536/1 4790/4531/1
f 4789/4537/1 4829/4538/1 4828/4536/1
f 4789/4537/1 4830/4539/1 4829/4538/1
f 4711/4540/1 4597/4520/1 4712/4522/1
f 4789/4537/1 4831/4541/1 4830/4539/1
f 4788/4542/1 4831/4541/1 4789/4537/1
f 4787/4543/1 4831/4541/1 4788/4542/1
f 4430/4544/1 4379/4525/1 4431/4495/1
f 4711/4540/1 4598/4545/1 4597/4520/1
f 4710/4546/1 4598/4545/1 4711/4540/1
f 4787/4543/1 4832/4547/1 4831/4541/1
f 4786/4548/1 4832/4547/1 4787/4543/1
f 4430/4544/1 4380/4549/1 4379/4525/1
f 4785/4550/1 4832/4547/1 4786/4548/1
f 4784/4551/1 4832/4547/1 4785/4550/1
f 4709/4552/1 4598/4545/1 4710/4546/1
f 4784/4551/1 4833/4553/1 4832/4547/1
f 4783/4554/1 4833/4553/1 4784/4551/1
f 4782/4484/1 4833/4553/1 4783/4554/1
f 4708/4555/1 4598/4545/1 4709/4552/1
f 4902/4482/1 4833/4553/1 4782/4484/1
f 4708/4555/1 4599/4556/1 4598/4545/1
f 4902/4482/1 4834/4557/1 4833/4553/1
f 4429/4558/1 4380/4549/1 4430/4544/1
f 4707/4559/1 4599/4556/1 4708/4555/1
f 4901/4560/1 4834/4557/1 4902/4482/1
f 4429/4558/1 4381/4561/1 4380/4549/1
f 4900/4562/1 4834/4557/1 4901/4560/1
f 4899/4563/1 4834/4557/1 4900/4562/1
f 4899/4563/1 4835/4564/1 4834/4557/1
f 4706/4565/1 4599/4556/1 4707/4559/1
f 4898/4566/1 4835/4564/1 4899/4563/1
f 4897/4567/1 4835/4564/1 4898/4566/1
f 4896/4568/1 4835/4564/1 4897/4567/1
f 4706/4565/1 4600/4569/1 4599/4556/1
f 4705/4570/1 4600/4569/1 4706/4565/1
f 4895/4571/1 4835/4564/1 4896/4568/1
f 4894/4572/1 4835/4564/1 4895/4571/1
f 4894/4572/1 4836/4573/1 4835/4564/1
f 4893/4574/1 4836/4573/1 4894/4572/1
f 4892/4575/1 4836/4573/1 4893/4574/1
f 4891/4576/1 4836/4573/1 4892/4575/1
f 4704/4577/1 4600/4569/1 4705/4570/1
f 4865/4578/1 4867/4579/1 4866/4580/1
f 4865/4578/1 4868/4581/1 4867/4579/1
f 4865/4578/1 4869/4582/1 4868/4581/1
f 4890/4583/1 4836/4573/1 4891/4576/1
f 4865/4578/1 4870/4584/1 4869/4582/1
f 4865/4578/1 4871/4585/1 4870/4584/1
f 4865/4578/1 4872/4586/1 4871/4585/1
f 4865/4578/1 4873/4587/1 4872/4586/1
f 4889/4588/1 4836/4573/1 4890/4583/1
f 4888/4589/1 4836/4573/1 4889/4588/1
f 4887/4590/1 4836/4573/1 4888/4589/1
f 4865/4578/1 4874/4591/1 4873/4587/1
f 4886/4592/1 4836/4573/1 4887/4590/1
f 4865/4578/1 4875/4593/1 4874/4591/1
f 4885/4594/1 4836/4573/1 4886/4592/1
f 4884/4595/1 4836/4573/1 4885/4594/1
f 4865/4578/1 4876/4596/1 4875/4593/1
f 4883/4597/1 4836/4573/1 4884/4595/1
f 4882/4598/1 4836/4573/1 4883/4597/1
f 4881/4599/1 4836/4573/1 4882/4598/1
f 4865/4578/1 4877/4600/1 4876/4596/1
f 4880/4601/1 4836/4573/1 4881/4599/1
f 4879/4602/1 4836/4573/1 4880/4601/1
f 4865/4578/1 4878/4603/1 4877/4600/1
f 4878/4603/1 4836/4573/1 4879/4602/1
f 4865/4578/1 4836/4573/1 4878/4603/1
f 4429/4558/1 4382/4604/1 4381/4561/1
f 4428/4605/1 4382/4604/1 4429/4558/1
f 4703/4606/1 4600/4569/1 4704/4577/1
f 4865/4578/1 4837/4607/1 4836/4573/1
f 4703/4606/1 4601/4608/1 4600/4569/1
f 4702/4609/1 4601/4608/1 4703/4606/1
f 4865/4578/1 4838/4610/1 4837/4607/1
f 4864/4611/1 4838/4610/1 4865/4578/1
f 4701/4612/1 4601/4608/1 4702/4609/1
f 4428/4605/1 4383/4613/1 4382/4604/1
f 4700/4614/1 4601/4608/1 4701/4612/1
f 4700/4614/1 4602/4615/1 4601/4608/1
f 4864/4611/1 4839/4616/1 4838/4610/1
f 4699/4617/1 4602/4615/1 4700/4614/1
f 4863/4618/1 4839/4616/1 4864/4611/1
f 4427/4619/1 4383/4613/1 4428/4605/1
f 4678/4620/1 4680/4621/1 4679/4622/1
f 4678/4620/1 4681/4623/1 4680/4621/1
f 4677/4624/1 4681/4623/1 4678/4620/1
f 4676/4625/1 4681/4623/1 4677/4624/1
f 4698/4626/1 4602/4615/1 4699/4617/1
f 4675/4627/1 4681/4623/1 4676/4625/1
f 4863/4618/1 4840/4628/1 4839/4616/1
f 4674/4629/1 4681/4623/1 4675/4627/1
f 4673/4630/1 4681/4623/1 4674/4629/1
f 4672/4631/1 4681/4623/1 4673/4630/1
f 4672/4631/1 4682/4632/1 4681/4623/1
f 4671/4633/1 4682/4632/1 4672/4631/1
f 4670/4634/1 4682/4632/1 4671/4633/1
f 4697/4635/1 4602/4615/1 4698/4626/1
f 4670/4634/1 4683/4636/1 4682/4632/1
f 4669/4637/1 4683/4636/1 4670/4634/1
f 4697/4635/1 4603/4638/1 4602/4615/1
f 4668/4639/1 4683/4636/1 4669/4637/1
f 4668/4639/1 4684/4640/1 4683/4636/1
f 4667/4641/1 4684/4640/1 4668/4639/1
f 4696/4642/1 4603/4638/1 4697/4635/1
f 4667/4641/1 4685/4643/1 4684/4640/1
f 4666/4644/1 4685/4643/1 4667/4641/1
f 4665/4645/1 4685/4643/1 4666/4644/1
f 4665/4645/1 4686/4646/1 4685/4643/1
f 4863/4618/1 4841/4647/1 4840/4628/1
f 4862/4648/1 4841/4647/1 4863/4618/1
f 4695/4649/1 4603/4638/1 4696/4642/1
f 4664/4650/1 4686/4646/1 4665/4645/1
f 4664/4650/1 4687/4651/1 4686/4646/1
f 4663/4652/1 4687/4651/1 4664/4650/1
f 4427/4619/1 4384/4653/1 4383/4613/1
f 4694/4654/1 4603/4638/1 4695/4649/1
f 4663/4652/1 4688/4655/1 4687/4651/1
f 4662/4656/1 4688/4655/1 4663/4652/1
f 4662/4656/1 4689/4657/1 4688/4655/1
f 4661/4658/1 4689/4657/1 4662/4656/1
f 4693/4659/1 4603/4638/1 4694/4654/1
f 4660/4660/1 4689/4657/1 4661/4658/1
f 4660/4660/1 4690/4661/1 4689/4657/1
f 4660/4660/1 4691/4662/1 4690/4661/1
f 4659/4663/1 4691/4662/1 4660/4660/1
f 4692/4664/1 4603/4638/1 4693/4659/1
f 4659/4663/1 4692/4664/1 4691/4662/1
f 4659/4663/1 4603/4638/1 4692/4664/1
f 4658/4665/1 4603/4638/1 4659/4663/1
f 4657/4666/1 4603/4638/1 4658/4665/1
f 4656/4667/1 4603/4638/1 4657/4666/1
f 4655/4668/1 4603/4638/1 4656/4667/1
f 4655/4668/1 4604/4669/1 4603/4638/1
f 4654/4670/1 4604/4669/1 4655/4668/1
f 4862/4648/1 4842/4671/1 4841/4647/1
f 4653/4672/1 4604/4669/1 4654/4670/1
f 4861/4673/1 4842/4671/1 4862/4648/1
f 4426/4674/1 4384/4653/1 4427/4619/1
f 4652/4675/1 4604/4669/1 4653/4672/1
f 4651/4676/1 4604/4669/1 4652/4675/1
f 4861/4673/1 4843/4677/1 4842/4671/1
f 4650/4678/1 4604/4669/1 4651/4676/1
f 4650/4678/1 4605/4679/1 4604/4669/1
f 4649/4680/1 4605/4679/1 4650/4678/1
f 4860/4681/1 4843/4677/1 4861/4673/1
f 4426/4674/1 4385/4682/1 4384/4653/1
f 4648/4683/1 4605/4679/1 4649/4680/1
f 4860/4681/1 4844/4684/1 4843/4677/1
f 4647/4685/1 4605/4679/1 4648/4683/1
f 4646/4686/1 4605/4679/1 4647/4685/1
f 4860/4681/1 4845/4687/1 4844/4684/1
f 4645/4688/1 4605/4679/1 4646/4686/1
f 4859/4689/1 4845/4687/1 4860/4681/1
f 4645/4688/1 4606/4690/1 4605/4679/1
f 4644/4691/1 4606/4690/1 4645/4688/1
f 4643/4692/1 4606/4690/1 4644/4691/1
f 4859/4689/1 4846/4693/1 4845/4687/1
f 4642/4694/1 4606/4690/1 4643/4692/1
f 4425/4695/1 4385/4682/1 4426/4674/1
f 4641/4696/1 4606/4690/1 4642/4694/1
f 4858/4697/1 4846/4693/1 4859/4689/1
f 4858/4697/1 4847/4698/1 4846/4693/1
f 4641/4696/1 4607/4699/1 4606/4690/1
f 4640/4700/1 4607/4699/1 4641/4696/1
f 4425/4695/1 4386/4701/1 4385/4682/1
f 4858/4697/1 4848/4702/1 4847/4698/1
f 4639/4703/1 4607/4699/1 4640/4700/1
f 4857/4704/1 4848/4702/1 4858/4697/1
f 4638/4705/1 4607/4699/1 4639/4703/1
f 4857/4704/1 4849/4706/1 4848/4702/1
f 4638/4705/1 4608/4707/1 4607/4699/1
f 4637/4708/1 4608/4707/1 4638/4705/1
f 4857/4704/1 4850/4709/1 4849/4706/1
f 4856/4710/1 4850/4709/1 4857/4704/1
f 4856/4710/1 4851/4711/1 4850/4709/1
f 4636/4712/1 4608/4707/1 4637/4708/1
f 4855/4713/1 4851/4711/1 4856/4710/1
f 4855/4713/1 4852/4714/1 4851/4711/1
f 4635/4715/1 4608/4707/1 4636/4712/1
f 4855/4713/1 4853/4716/1 4852/4714/1
f 4854/4717/1 4853/4716/1 4855/4713/1
f 4635/4715/1 4609/4718/1 4608/4707/1
f 4634/4719/1 4609/4718/1 4635/4715/1
f 4634/4719/1 4610/4720/1 4609/4718/1
f 4633/4721/1 4610/4720/1 4634/4719/1
f 4424/4722/1 4386/4701/1 4425/4695/1
f 4424/4722/1 4387/4723/1 4386/4701/1
f 4633/4721/1 4611/4724/1 4610/4720/1
f 4632/4725/1 4611/4724/1 4633/4721/1
f 4632/4725/1 4612/4726/1 4611/4724/1
f 4631/4727/1 4612/4726/1 4632/4725/1
f 4631/4727/1 4613/4728/1 4612/4726/1
f 4630/4729/1 4613/4728/1 4631/4727/1
f 4629/4730/1 4613/4728/1 4630/4729/1
f 4629/4730/1 4614/4731/1 4613/4728/1
f 4628/4732/1 4614/4731/1 4629/4730/1
f 4628/4732/1 4615/4733/1 4614/4731/1
f 4627/4734/1 4615/4733/1 4628/4732/1
f 4626/4735/1 4615/4733/1 4627/4734/1
f 4626/4735/1 4616/4736/1 4615/4733/1
f 4625/4737/1 4616/4736/1 4626/4735/1
f 4625/4737/1 4617/4738/1 4616/4736/1
f 4624/4739/1 4617/4738/1 4625/4737/1
f 4624/4739/1 4618/4740/1 4617/4738/1
f 4623/4741/1 4618/4740/1 4624/4739/1
f 4424/4722/1 4388/4742/1 4387/4723/1
f 4622/4743/1 4618/4740/1 4623/4741/1
f 4622/4743/1 4619/4744/1 4618/4740/1
f 4621/4745/1 4619/4744/1 4622/4743/1
f 4621/4745/1 4620/4746/1 4619/4744/1
f 4423/4747/1 4388/4742/1 4424/4722/1
f 4422/4748/1 4388/4742/1 4423/4747/1
f 4421/4749/1 4388/4742/1 4422/4748/1
f 4420/4750/1 4388/4742/1 4421/4749/1
f 4419/4751/1 4388/4742/1 4420/4750/1
f 4418/4752/1 4388/4742/1 4419/4751/1
f 4417/4753/1 4388/4742/1 4418/4752/1
f 4416/4754/1 4388/4742/1 4417/4753/1
f 4415/4755/1 4388/4742/1 4416/4754/1
f 4414/4756/1 4388/4742/1 4415/4755/1
f 4413/4757/1 4388/4742/1 4414/4756/1
f 4412/4758/1 4388/4742/1 4413/4757/1
f 4411/4759/1 4388/4742/1 4412/4758/1
f 4410/4760/1 4388/4742/1 4411/4759/1
f 4409/4761/1 4388/4742/1 4410/4760/1
f 4408/4762/1 4388/4742/1 4409/4761/1
f 4407/4763/1 4388/4742/1 4408/4762/1
f 4406/4764/1 4388/4742/1 4407/4763/1
f 4405/4765/1 4388/4742/1 4406/4764/1
f 4404/4766/1 4388/4742/1 4405/4765/1
f 4403/4767/1 4388/4742/1 4404/4766/1
f 4403/4767/1 4389/4768/1 4388/4742/1
f 4402/4769/1 4389/4768/1 4403/4767/1
f 4402/4769/1 4390/4770/1 4389/4768/1
f 4402/4769/1 4391/4771/1 4390/4770/1
f 4402/4769/1 4392/4772/1 4391/4771/1
f 4401/4773/1 4392/4772/1 4402/4769/1
f 4401/4773/1 4393/4774/1 4392/4772/1
f 4401/4773/1 4394/4775/1 4393/4774/1
f 4401/4773/1 4395/4776/1 4394/4775/1
f 4401/4773/1 4396/4777/1 4395/4776/1
f 4400/4778/1 4396/4777/1 4401/4773/1
f 4400/4778/1 4397/4779/1 4396/4777/1
f 4400/4778/1 4398/4780/1 4397/4779/1
f 4400/4778/1 4399/4781/1 4398/4780/1
f 5588/4782/1 5590/4783/1 5589/4784/1
f 5588/4782/1 5591/4785/1 5590/4783/1
f 5587/4786/1 5591/4785/1 5588/4782/1
f 5587/4786/1 5592/4787/1 5591/4785/1
f 5724/4788/1 5726/4789/1 5725/4790/1
f 5587/4786/1 5593/4791/1 5592/4787/1
f 5586/4792/1 5593/4791/1 5587/4786/1
f 5723/4793/1 5726/4789/1 5724/4788/1
f 5723/4793/1 5727/4794/1 5726/4789/1
f 5586/4792/1 5594/4795/1 5593/4791/1
f 5586/4792/1 5595/4796/1 5594/4795/1
f 5722/4797/1 5727/4794/1 5723/4793/1
f 5722/4797/1 5728/4798/1 5727/4794/1
f 5585/4799/1 5595/4796/1 5586/4792/1
f 5585/4799/1 5596/4800/1 5595/4796/1
f 5585/4799/1 5597/4801/1 5596/4800/1
f 5722/4797/1 5729/4802/1 5728/4798/1
f 5721/4803/1 5729/4802/1 5722/4797/1
f 5585/4799/1 5598/4804/1 5597/4801/1
f 5584/4805/1 5598/4804/1 5585/4799/1
f 5584/4805/1 5599/4806/1 5598/4804/1
f 5721/4803/1 5730/4807/1 5729/4802/1
f 5720/4808/1 5730/4807/1 5721/4803/1
f 5584/4805/1 5600/4809/1 5599/4806/1
f 5584/4805/1 5601/4810/1 5600/4809/1
f 5583/4811/1 5601/4810/1 5584/4805/1
f 5583/4811/1 5602/4812/1 5601/4810/1
f 5720/4808/1 5731/4813/1 5730/4807/1
f 5583/4811/1 5603/4814/1 5602/4812/1
f 5719/4815/1 5731/4813/1 5720/4808/1
f 5583/4811/1 5604/4816/1 5603/4814/1
f 5583/4811/1 5605/4817/1 5604/4816/1
f 5583/4811/1 5606/4818/1 5605/4817/1
f 5719/4815/1 5732/4819/1 5731/4813/1
f 5583/4811/1 5607/4820/1 5606/4818/1
f 5583/4811/1 5608/4821/1 5607/4820/1
f 5582/4822/1 5608/4821/1 5583/4811/1
f 5718/4823/1 5732/4819/1 5719/4815/1
f 5582/4822/1 5609/4824/1 5608/4821/1
f 5718/4823/1 5733/4825/1 5732/4819/1
f 5582/4822/1 5610/4826/1 5609/4824/1
f 5582/4822/1 5611/4827/1 5610/4826/1
f 5582/4822/1 5612/4828/1 5611/4827/1
f 5718/4823/1 5734/4829/1 5733/4825/1
f 5717/4830/1 5734/4829/1 5718/4823/1
f 5582/4822/1 5613/4831/1 5612/4828/1
f 5581/4832/1 5613/4831/1 5582/4822/1
f 5581/4832/1 5614/4833/1 5613/4831/1
f 5717/4830/1 5735/4834/1 5734/4829/1
f 5716/4835/1 5735/4834/1 5717/4830/1
f 5581/4832/1 5615/4836/1 5614/4833/1
f 5716/4835/1 5736/4837/1 5735/4834/1
f 5581/4832/1 5616/4838/1 5615/4836/1
f 5716/4835/1 5737/4839/1 5736/4837/1
f 5580/4840/1 5616/4838/1 5581/4832/1
f 5580/4840/1 5617/4841/1 5616/4838/1
f 5715/4842/1 5737/4839/1 5716/4835/1
f 5715/4842/1 5738/4843/1 5737/4839/1
f 5580/4840/1 5618/4844/1 5617/4841/1
f 5715/4842/1 5739/4845/1 5738/4843/1
f 5580/4840/1 5619/4846/1 5618/4844/1
f 5715/4842/1 5740/4847/1 5739/4845/1
f 5714/4848/1 5740/4847/1 5715/4842/1
f 5714/4848/1 5741/4849/1 5740/4847/1
f 5580/4840/1 5620/4850/1 5619/4846/1
f 5579/4851/1 5620/4850/1 5580/4840/1
f 5714/4848/1 5742/4852/1 5741/4849/1
f 5579/4851/1 5621/4853/1 5620/4850/1
f 5714/4848/1 5743/4854/1 5742/4852/1
f 5713/4855/1 5743/4854/1 5714/4848/1
f 5579/4851/1 5622/4856/1 5621/4853/1
f 5713/4855/1 5744/4857/1 5743/4854/1
f 5579/4851/1 5623/4858/1 5622/4856/1
f 5713/4855/1 5745/4859/1 5744/4857/1
f 5579/4851/1 5624/4860/1 5623/4858/1
f 5713/4855/1 5746/4861/1 5745/4859/1
f 5712/4862/1 5746/4861/1 5713/4855/1
f 5579/4851/1 5625/4863/1 5624/4860/1
f 5578/4864/1 5625/4863/1 5579/4851/1
f 5712/4862/1 5747/4865/1 5746/4861/1
f 5578/4864/1 5626/4866/1 5625/4863/1
f 5712/4862/1 5748/4867/1 5747/4865/1
f 5712/4862/1 5749/4868/1 5748/4867/1
f 5712/4862/1 5750/4869/1 5749/4868/1
f 5712/4862/1 5751/4870/1 5750/4869/1
f 5578/4864/1 5627/4871/1 5626/4866/1
f 5577/4872/1 5627/4871/1 5578/4864/1
f 5712/4862/1 5752/4873/1 5751/4870/1
f 5711/4874/1 5773/4875/1 5712/4862/1
f 5773/4875/1 5752/4873/1 5712/4862/1
f 5773/4875/1 5753/4876/1 5752/4873/1
f 5773/4875/1 5754/4877/1 5753/4876/1
f 5711/4874/1 5774/4878/1 5773/4875/1
f 5772/4879/1 5754/4877/1 5773/4875/1
f 5772/4879/1 5755/4880/1 5754/4877/1
f 5771/4881/1 5755/4880/1 5772/4879/1
f 5577/4872/1 5628/4882/1 5627/4871/1
f 5770/4883/1 5755/4880/1 5771/4881/1
f 5770/4883/1 5756/4884/1 5755/4880/1
f 5769/4885/1 5756/4884/1 5770/4883/1
f 5576/4886/1 5628/4882/1 5577/4872/1
f 5768/4887/1 5756/4884/1 5769/4885/1
f 5768/4887/1 5757/4888/1 5756/4884/1
f 5767/4889/1 5757/4888/1 5768/4887/1
f 5767/4889/1 5758/4890/1 5757/4888/1
f 5766/4891/1 5758/4890/1 5767/4889/1
f 5765/4892/1 5758/4890/1 5766/4891/1
f 5765/4892/1 5759/4893/1 5758/4890/1
f 5764/4894/1 5759/4893/1 5765/4892/1
f 5764/4894/1 5760/4895/1 5759/4893/1
f 5763/4896/1 5760/4895/1 5764/4894/1
f 5711/4874/1 5775/4897/1 5774/4878/1
f 5762/4898/1 5760/4895/1 5763/4896/1
f 5762/4898/1 5761/4899/1 5760/4895/1
f 5710/4900/1 5775/4897/1 5711/4874/1
f 5576/4886/1 5629/4901/1 5628/4882/1
f 5710/4900/1 5776/4902/1 5775/4897/1
f 5576/4886/1 5630/4903/1 5629/4901/1
f 5710/4900/1 5777/4904/1 5776/4902/1
f 5709/4905/1 5777/4904/1 5710/4900/1
f 5709/4905/1 5778/4906/1 5777/4904/1
f 5576/4886/1 5631/4907/1 5630/4903/1
f 5709/4905/1 5779/4908/1 5778/4906/1
f 5576/4886/1 5632/4909/1 5631/4907/1
f 5708/4910/1 5779/4908/1 5709/4905/1
f 5708/4910/1 5780/4911/1 5779/4908/1
f 5299/4912/1 5301/4913/1 5300/4914/1
f 5575/4915/1 5632/4909/1 5576/4886/1
f 5298/4916/1 5301/4913/1 5299/4912/1
f 5298/4916/1 5302/4917/1 5301/4913/1
f 5297/4918/1 5302/4917/1 5298/4916/1
f 5297/4918/1 5303/4919/1 5302/4917/1
f 5296/4920/1 5303/4919/1 5297/4918/1
f 5296/4920/1 5304/4921/1 5303/4919/1
f 5295/4922/1 5304/4921/1 5296/4920/1
f 5575/4915/1 5633/4923/1 5632/4909/1
f 5295/4922/1 5305/4924/1 5304/4921/1
f 5708/4910/1 5781/4925/1 5780/4911/1
f 5294/4926/1 5305/4924/1 5295/4922/1
f 5294/4926/1 5306/4927/1 5305/4924/1
f 5707/4928/1 5781/4925/1 5708/4910/1
f 5293/4929/1 5306/4927/1 5294/4926/1
f 5707/4928/1 5782/4930/1 5781/4925/1
f 5293/4929/1 5307/4931/1 5306/4927/1
f 5575/4915/1 5634/4932/1 5633/4923/1
f 5292/4933/1 5307/4931/1 5293/4929/1
f 5292/4933/1 5308/4934/1 5307/4931/1
f 5707/4928/1 5783/4935/1 5782/4930/1
f 5291/4936/1 5308/4934/1 5292/4933/1
f 5706/4937/1 5783/4935/1 5707/4928/1
f 5575/4915/1 5635/4938/1 5634/4932/1
f 5291/4936/1 5309/4939/1 5308/4934/1
f 5706/4937/1 5784/4940/1 5783/4935/1
f 5290/4941/1 5309/4939/1 5291/4936/1
f 5290/4941/1 5310/4942/1 5309/4939/1
f 5575/4915/1 5636/4943/1 5635/4938/1
f 5706/4937/1 5785/4944/1 5784/4940/1
f 5289/4945/1 5310/4942/1 5290/4941/1
f 5705/4946/1 5785/4944/1 5706/4937/1
f 5574/4947/1 5636/4943/1 5575/4915/1
f 5289/4945/1 5311/4948/1 5310/4942/1
f 5705/4946/1 5665/4949/1 5785/4944/1
f 5665/4949/1 5786/4950/1 5785/4944/1
f 5574/4947/1 5287/631/1 5636/4943/1
f 5288/4951/1 5311/4948/1 5289/4945/1
f 5288/4951/1 5312/4952/1 5311/4948/1
f 5704/4953/1 5665/4949/1 5705/4946/1
f 5574/4947/1 5288/4951/1 5287/631/1
f 5574/4947/1 5312/4952/1 5288/4951/1
f 5574/4947/1 5313/4954/1 5312/4952/1
f 5703/4955/1 5665/4949/1 5704/4953/1
f 5574/4947/1 5314/4956/1 5313/4954/1
f 5574/4947/1 5315/4957/1 5314/4956/1
f 5703/4955/1 5666/4958/1 5665/4949/1
f 5664/4959/1 5786/4950/1 5665/4949/1
f 5574/4947/1 5316/4960/1 5315/4957/1
f 5702/4961/1 5666/4958/1 5703/4955/1
f 5574/4947/1 5317/4962/1 5316/4960/1
f 5702/4961/1 5667/4963/1 5666/4958/1
f 5573/4964/1 5421/4965/1 5574/4947/1
f 5421/4965/1 5317/4962/1 5574/4947/1
f 5421/4965/1 5318/4966/1 5317/4962/1
f 5702/4961/1 5668/4967/1 5667/4963/1
f 5421/4965/1 5319/4968/1 5318/4966/1
f 5421/4965/1 5320/4969/1 5319/4968/1
f 5702/4961/1 5669/4970/1 5668/4967/1
f 5701/4971/1 5669/4970/1 5702/4961/1
f 5421/4965/1 5321/4972/1 5320/4969/1
f 5701/4971/1 5670/4973/1 5669/4970/1
f 5421/4965/1 5322/4974/1 5321/4972/1
f 5421/4965/1 5323/4975/1 5322/4974/1
f 5701/4971/1 5671/4976/1 5670/4973/1
f 5421/4965/1 5324/4977/1 5323/4975/1
f 5700/4978/1 5671/4976/1 5701/4971/1
f 5699/4979/1 5671/4976/1 5700/4978/1
f 5698/4980/1 5671/4976/1 5699/4979/1
f 5697/4981/1 5671/4976/1 5698/4980/1
f 5696/4982/1 5671/4976/1 5697/4981/1
f 5421/4965/1 5420/4983/1 5324/4977/1
f 5420/4983/1 5325/4984/1 5324/4977/1
f 5695/4985/1 5671/4976/1 5696/4982/1
f 5695/4985/1 5672/4986/1 5671/4976/1
f 5694/4987/1 5672/4986/1 5695/4985/1
f 5573/4964/1 5422/4988/1 5421/4965/1
f 5419/4989/1 5325/4984/1 5420/4983/1
f 5693/4990/1 5672/4986/1 5694/4987/1
f 5419/4989/1 5326/4991/1 5325/4984/1
f 5692/4992/1 5672/4986/1 5693/4990/1
f 5691/4993/1 5672/4986/1 5692/4992/1
f 5419/4989/1 5327/4994/1 5326/4991/1
f 5690/4995/1 5672/4986/1 5691/4993/1
f 5690/4995/1 5673/4996/1 5672/4986/1
f 5689/4997/1 5673/4996/1 5690/4995/1
f 5419/4989/1 5328/4998/1 5327/4994/1
f 5688/4999/1 5673/4996/1 5689/4997/1
f 5688/4999/1 5674/5000/1 5673/4996/1
f 5419/4989/1 5329/5001/1 5328/4998/1
f 5687/5002/1 5674/5000/1 5688/4999/1
f 5419/4989/1 5330/5003/1 5329/5001/1
f 5572/5004/1 5422/4988/1 5573/4964/1
f 5687/5002/1 5675/5005/1 5674/5000/1
f 5686/5006/1 5675/5005/1 5687/5002/1
f 5572/5004/1 5423/5007/1 5422/4988/1
f 5419/4989/1 5331/5008/1 5330/5003/1
f 5685/5009/1 5675/5005/1 5686/5006/1
f 5685/5009/1 5676/5010/1 5675/5005/1
f 5684/5011/1 5676/5010/1 5685/5009/1
f 5419/4989/1 5332/5012/1 5331/5008/1
f 5683/5013/1 5676/5010/1 5684/5011/1
f 5683/5013/1 5677/5014/1 5676/5010/1
f 5682/5015/1 5677/5014/1 5683/5013/1
f 5419/4989/1 5333/5016/1 5332/5012/1
f 5681/5017/1 5677/5014/1 5682/5015/1
f 5680/5018/1 5677/5014/1 5681/5017/1
f 5679/5019/1 5677/5014/1 5680/5018/1
f 5419/4989/1 5334/5020/1 5333/5016/1
f 5679/5019/1 5678/5021/1 5677/5014/1
f 5572/5004/1 5424/5022/1 5423/5007/1
f 5419/4989/1 5335/5023/1 5334/5020/1
f 5419/4989/1 5336/5024/1 5335/5023/1
f 5419/4989/1 5337/5025/1 5336/5024/1
f 5572/5004/1 5425/5026/1 5424/5022/1
f 5418/5027/1 5337/5025/1 5419/4989/1
f 5571/5028/1 5425/5026/1 5572/5004/1
f 5571/5028/1 5426/5029/1 5425/5026/1
f 5571/5028/1 5427/5030/1 5426/5029/1
f 5571/5028/1 5428/5031/1 5427/5030/1
f 5417/5032/1 5337/5025/1 5418/5027/1
f 5417/5032/1 5338/5033/1 5337/5025/1
f 5570/5034/1 5428/5031/1 5571/5028/1
f 5570/5034/1 5429/5035/1 5428/5031/1
f 5570/5034/1 5430/5036/1 5429/5035/1
f 5569/5037/1 5430/5036/1 5570/5034/1
f 5569/5037/1 5431/5038/1 5430/5036/1
f 5416/5039/1 5338/5033/1 5417/5032/1
f 5416/5039/1 5339/5040/1 5338/5033/1
f 5569/5037/1 5432/5041/1 5431/5038/1
f 5569/5037/1 5433/5042/1 5432/5041/1
f 5568/5043/1 5433/5042/1 5569/5037/1
f 5568/5043/1 5434/5044/1 5433/5042/1
f 5415/5045/1 5339/5040/1 5416/5039/1
f 5568/5043/1 5435/5046/1 5434/5044/1
f 5568/5043/1 5517/5047/1 5435/5046/1
f 5517/5047/1 5436/5048/1 5435/5046/1
f 5517/5047/1 5437/5049/1 5436/5048/1
f 5415/5045/1 5340/5050/1 5339/5040/1
f 5568/5043/1 5518/5051/1 5517/5047/1
f 5516/5052/1 5437/5049/1 5517/5047/1
f 5515/5053/1 5437/5049/1 5516/5052/1
f 5515/5053/1 5438/5054/1 5437/5049/1
f 5568/5043/1 5519/5055/1 5518/5051/1
f 5514/5056/1 5438/5054/1 5515/5053/1
f 5567/5057/1 5519/5055/1 5568/5043/1
f 5514/5056/1 5439/5058/1 5438/5054/1
f 5513/5059/1 5439/5058/1 5514/5056/1
f 5513/5059/1 5440/5060/1 5439/5058/1
f 5567/5057/1 5520/5061/1 5519/5055/1
f 5512/5062/1 5440/5060/1 5513/5059/1
f 5414/5063/1 5340/5050/1 5415/5045/1
f 5512/5062/1 5441/5064/1 5440/5060/1
f 5511/5065/1 5441/5064/1 5512/5062/1
f 5567/5057/1 5521/5066/1 5520/5061/1
f 5510/5067/1 5441/5064/1 5511/5065/1
f 5510/5067/1 5442/5068/1 5441/5064/1
f 5567/5057/1 5522/5069/1 5521/5066/1
f 5509/5070/1 5442/5068/1 5510/5067/1
f 5509/5070/1 5443/5071/1 5442/5068/1
f 5566/5072/1 5522/5069/1 5567/5057/1
f 5414/5063/1 5341/5073/1 5340/5050/1
f 5508/5074/1 5443/5071/1 5509/5070/1
f 5566/5072/1 5523/5075/1 5522/5069/1
f 5508/5074/1 5444/5076/1 5443/5071/1
f 5507/5077/1 5444/5076/1 5508/5074/1
f 5507/5077/1 5445/5078/1 5444/5076/1
f 5566/5072/1 5524/5079/1 5523/5075/1
f 5413/5080/1 5341/5073/1 5414/5063/1
f 5506/5081/1 5445/5078/1 5507/5077/1
f 5506/5081/1 5446/5082/1 5445/5078/1
f 5798/5083/1 5800/5084/1 5799/5085/1
f 5505/5086/1 5446/5082/1 5506/5081/1
f 5566/5072/1 5525/5087/1 5524/5079/1
f 5798/5083/1 5801/5088/1 5800/5084/1
f 5797/5089/1 5801/5088/1 5798/5083/1
f 5797/5089/1 5802/5090/1 5801/5088/1
f 5796/5091/1 5802/5090/1 5797/5089/1
f 5796/5091/1 5803/5092/1 5802/5090/1
f 5565/5093/1 5525/5087/1 5566/5072/1
f 5795/5094/1 5803/5092/1 5796/5091/1
f 5505/5086/1 5447/5095/1 5446/5082/1
f 5795/5094/1 5804/5096/1 5803/5092/1
f 5504/5097/1 5447/5095/1 5505/5086/1
f 5794/5098/1 5804/5096/1 5795/5094/1
f 5565/5093/1 5526/5099/1 5525/5087/1
f 5794/5098/1 5805/5100/1 5804/5096/1
f 5504/5097/1 5448/5101/1 5447/5095/1
f 5793/5102/1 5805/5100/1 5794/5098/1
f 5503/5103/1 5448/5101/1 5504/5097/1
f 5793/5102/1 5806/5104/1 5805/5100/1
f 5413/5080/1 5342/5105/1 5341/5073/1
f 5792/5106/1 5806/5104/1 5793/5102/1
f 5503/5103/1 5449/5107/1 5448/5101/1
f 5565/5093/1 5527/5108/1 5526/5099/1
f 5792/5106/1 5807/5109/1 5806/5104/1
f 5412/5110/1 5342/5105/1 5413/5080/1
f 5502/5111/1 5449/5107/1 5503/5103/1
f 5791/5112/1 5807/5109/1 5792/5106/1
f 5502/5111/1 5450/5113/1 5449/5107/1
f 5791/5112/1 5808/5114/1 5807/5109/1
f 5564/5115/1 5527/5108/1 5565/5093/1
f 5564/5115/1 5528/5116/1 5527/5108/1
f 5563/5117/1 5528/5116/1 5564/5115/1
f 5501/5118/1 5450/5113/1 5502/5111/1
f 5562/5119/1 5528/5116/1 5563/5117/1
f 5561/5120/1 5528/5116/1 5562/5119/1
f 5560/5121/1 5528/5116/1 5561/5120/1
f 5501/5118/1 5451/5122/1 5450/5113/1
f 5559/5123/1 5528/5116/1 5560/5121/1
f 5790/5124/1 5808/5114/1 5791/5112/1
f 5558/5125/1 5528/5116/1 5559/5123/1
f 5557/5126/1 5528/5116/1 5558/5125/1
f 5556/5127/1 5528/5116/1 5557/5126/1
f 5555/5128/1 5528/5116/1 5556/5127/1
f 5790/5124/1 5809/5129/1 5808/5114/1
f 5554/5130/1 5528/5116/1 5555/5128/1
f 5553/5131/1 5528/5116/1 5554/5130/1
f 5552/5132/1 5528/5116/1 5553/5131/1
f 5500/5133/1 5451/5122/1 5501/5118/1
f 5500/5133/1 5452/5134/1 5451/5122/1
f 5551/5135/1 5528/5116/1 5552/5132/1
f 5551/5135/1 5529/5136/1 5528/5116/1
f 5789/5137/1 5809/5129/1 5790/5124/1
f 5550/5138/1 5529/5136/1 5551/5135/1
f 5789/5137/1 5810/5139/1 5809/5129/1
f 5549/5140/1 5529/5136/1 5550/5138/1
f 5500/5133/1 5453/5141/1 5452/5134/1
f 5499/5142/1 5453/5141/1 5500/5133/1
f 5548/5143/1 5529/5136/1 5549/5140/1
f 5547/5144/1 5529/5136/1 5548/5143/1
f 5546/5145/1 5529/5136/1 5547/5144/1
f 5545/5146/1 5529/5136/1 5546/5145/1
f 5544/5147/1 5529/5136/1 5545/5146/1
f 5788/5148/1 5810/5139/1 5789/5137/1
f 5543/5149/1 5529/5136/1 5544/5147/1
f 5543/5149/1 5530/5150/1 5529/5136/1
f 5543/5149/1 5531/5151/1 5530/5150/1
f 5543/5149/1 5532/5152/1 5531/5151/1
f 5499/5142/1 5454/5153/1 5453/5141/1
f 5543/5149/1 5533/5154/1 5532/5152/1
f 5788/5148/1 5811/5155/1 5810/5139/1
f 5542/5156/1 5533/5154/1 5543/5149/1
f 5542/5156/1 5534/5157/1 5533/5154/1
f 5542/5156/1 5535/5158/1 5534/5157/1
f 5542/5156/1 5536/5159/1 5535/5158/1
f 5542/5156/1 5537/5160/1 5536/5159/1
f 5541/5161/1 5537/5160/1 5542/5156/1
f 5541/5161/1 5538/5162/1 5537/5160/1
f 5541/5161/1 5539/5163/1 5538/5162/1
f 5541/5161/1 5540/5164/1 5539/5163/1
f 5498/5165/1 5454/5153/1 5499/5142/1
f 5411/5166/1 5342/5105/1 5412/5110/1
f 5411/5166/1 5343/5167/1 5342/5105/1
f 5498/5165/1 5455/5168/1 5454/5153/1
f 5497/5169/1 5455/5168/1 5498/5165/1
f 5787/5170/1 5811/5155/1 5788/5148/1
f 5650/5171/1 5652/5172/1 5651/5173/1
f 5787/5170/1 5812/5174/1 5811/5155/1
f 5650/5171/1 5653/5175/1 5652/5172/1
f 5650/5171/1 5654/5176/1 5653/5175/1
f 5497/5169/1 5456/5177/1 5455/5168/1
f 5787/5170/1 5813/5178/1 5812/5174/1
f 5496/5179/1 5456/5177/1 5497/5169/1
f 5650/5171/1 5655/5180/1 5654/5176/1
f 5650/5171/1 5656/5181/1 5655/5180/1
f 5650/5171/1 5657/5182/1 5656/5181/1
f 5650/5171/1 5658/5183/1 5657/5182/1
f 5787/5170/1 5814/5184/1 5813/5178/1
f 5650/5171/1 5659/5185/1 5658/5183/1
f 5650/5171/1 5660/5186/1 5659/5185/1
f 5496/5179/1 5457/5187/1 5456/5177/1
f 5650/5171/1 5661/5188/1 5660/5186/1
f 5650/5171/1 5662/5189/1 5661/5188/1
f 5650/5171/1 5663/5190/1 5662/5189/1
f 5650/5171/1 5664/4959/1 5663/5190/1
f 5650/5171/1 5786/4950/1 5664/4959/1
f 5650/5171/1 5649/5191/1 5786/4950/1
f 5649/5191/1 5648/5192/1 5786/4950/1
f 5648/5192/1 5787/5170/1 5786/4950/1
f 5648/5192/1 5647/5193/1 5787/5170/1
f 5647/5193/1 5646/5194/1 5787/5170/1
f 5646/5194/1 5645/5195/1 5787/5170/1
f 5645/5195/1 5644/5196/1 5787/5170/1
f 5644/5196/1 5814/5184/1 5787/5170/1
f 5495/5197/1 5457/5187/1 5496/5179/1
f 5644/5196/1 5815/5198/1 5814/5184/1
f 5644/5196/1 5643/5199/1 5815/5198/1
f 5643/5199/1 5816/5200/1 5815/5198/1
f 5495/5197/1 5458/5201/1 5457/5187/1
f 5494/5202/1 5458/5201/1 5495/5197/1
f 5410/5203/1 5343/5167/1 5411/5166/1
f 5643/5199/1 5817/5204/1 5816/5200/1
f 5494/5202/1 5459/5205/1 5458/5201/1
f 5643/5199/1 5642/5206/1 5817/5204/1
f 5642/5206/1 5818/5207/1 5817/5204/1
f 5494/5202/1 5460/5208/1 5459/5205/1
f 5493/5209/1 5460/5208/1 5494/5202/1
f 5642/5206/1 5819/5210/1 5818/5207/1
f 5493/5209/1 5461/5211/1 5460/5208/1
f 5410/5203/1 5344/5212/1 5343/5167/1
f 5642/5206/1 5641/5213/1 5819/5210/1
f 5641/5213/1 5820/5214/1 5819/5210/1
f 5493/5209/1 5462/5215/1 5461/5211/1
f 5492/5216/1 5462/5215/1 5493/5209/1
f 5641/5213/1 5821/5217/1 5820/5214/1
f 5492/5216/1 5463/5218/1 5462/5215/1
f 5641/5213/1 5822/5219/1 5821/5217/1
f 5492/5216/1 5464/5220/1 5463/5218/1
f 5491/5221/1 5464/5220/1 5492/5216/1
f 5641/5213/1 5640/5222/1 5822/5219/1
f 5640/5222/1 5823/5223/1 5822/5219/1
f 5491/5221/1 5465/5224/1 5464/5220/1
f 5640/5222/1 5824/5225/1 5823/5223/1
f 5490/5226/1 5465/5224/1 5491/5221/1
f 5490/5226/1 5466/5227/1 5465/5224/1
f 5640/5222/1 5825/5228/1 5824/5225/1
f 5490/5226/1 5467/5229/1 5466/5227/1
f 5409/5230/1 5344/5212/1 5410/5203/1
f 5640/5222/1 5639/5231/1 5825/5228/1
f 5639/5231/1 5826/5232/1 5825/5228/1
f 5489/5233/1 5467/5229/1 5490/5226/1
f 5489/5233/1 5468/5234/1 5467/5229/1
f 5639/5231/1 5827/5235/1 5826/5232/1
f 5639/5231/1 5828/5236/1 5827/5235/1
f 5489/5233/1 5469/5237/1 5468/5234/1
f 5488/5238/1 5469/5237/1 5489/5233/1
f 5639/5231/1 5829/5239/1 5828/5236/1
f 5488/5238/1 5470/5240/1 5469/5237/1
f 5639/5231/1 5638/5241/1 5829/5239/1
f 5638/5241/1 5830/5242/1 5829/5239/1
f 5487/5243/1 5470/5240/1 5488/5238/1
f 5638/5241/1 5831/5244/1 5830/5242/1
f 5487/5243/1 5471/5245/1 5470/5240/1
f 5638/5241/1 5832/5246/1 5831/5244/1
f 5638/5241/1 5833/5247/1 5832/5246/1
f 5638/5241/1 5834/5248/1 5833/5247/1
f 5487/5243/1 5472/5249/1 5471/5245/1
f 5638/5241/1 5835/5250/1 5834/5248/1
f 5637/5251/1 5835/5250/1 5638/5241/1
f 6006/5252/1 5836/5253/1 5637/5251/1
f 5836/5253/1 5835/5250/1 5637/5251/1
f 6006/5252/1 5837/5254/1 5836/5253/1
f 5486/5255/1 5472/5249/1 5487/5243/1
f 5486/5255/1 5473/5256/1 5472/5249/1
f 5409/5230/1 5345/5257/1 5344/5212/1
f 5485/5258/1 5473/5256/1 5486/5255/1
f 5485/5258/1 5474/5259/1 5473/5256/1
f 5485/5258/1 5475/5260/1 5474/5259/1
f 5484/5261/1 5475/5260/1 5485/5258/1
f 5484/5261/1 5476/5262/1 5475/5260/1
f 5484/5261/1 5477/5263/1 5476/5262/1
f 5483/5264/1 5477/5263/1 5484/5261/1
f 5483/5264/1 5478/5265/1 5477/5263/1
f 5482/5266/1 5478/5265/1 5483/5264/1
f 5482/5266/1 5479/5267/1 5478/5265/1
f 5482/5266/1 5480/5268/1 5479/5267/1
f 5481/5269/1 5480/5268/1 5482/5266/1
f 5408/5270/1 5345/5257/1 5409/5230/1
f 5408/5270/1 5346/5271/1 5345/5257/1
f 5407/5272/1 5346/5271/1 5408/5270/1
f 5406/5273/1 5346/5271/1 5407/5272/1
f 5406/5273/1 5347/5274/1 5346/5271/1
f 6005/5275/1 5837/5254/1 6006/5252/1
f 6078/5276/1 6080/5277/1 6079/5278/1
f 6078/5276/1 6081/5279/1 6080/5277/1
f 6077/5280/1 6081/5279/1 6078/5276/1
f 6077/5280/1 6082/5281/1 6081/5279/1
f 5405/5282/1 5347/5274/1 5406/5273/1
f 5405/5282/1 5348/5283/1 5347/5274/1
f 6077/5280/1 6083/5284/1 6082/5281/1
f 6076/5285/1 6083/5284/1 6077/5280/1
f 6076/5285/1 6084/5286/1 6083/5284/1
f 6076/5285/1 6085/5287/1 6084/5286/1
f 6076/5285/1 6086/5288/1 6085/5287/1
f 5404/5289/1 5348/5283/1 5405/5282/1
f 6075/5290/1 6086/5288/1 6076/5285/1
f 6075/5290/1 6087/5291/1 6086/5288/1
f 5404/5289/1 5349/5292/1 5348/5283/1
f 6075/5290/1 6088/5293/1 6087/5291/1
f 6075/5290/1 6089/5294/1 6088/5293/1
f 6004/5295/1 5837/5254/1 6005/5275/1
f 6074/5296/1 6089/5294/1 6075/5290/1
f 6074/5296/1 6090/5297/1 6089/5294/1
f 6004/5295/1 5838/5298/1 5837/5254/1
f 6074/5296/1 6091/5299/1 6090/5297/1
f 5403/5300/1 5349/5292/1 5404/5289/1
f 6074/5296/1 6092/5301/1 6091/5299/1
f 6004/5295/1 5839/5302/1 5838/5298/1
f 6074/5296/1 6093/5303/1 6092/5301/1
f 5403/5300/1 5350/5304/1 5349/5292/1
f 6073/5305/1 6093/5303/1 6074/5296/1
f 6073/5305/1 6094/5306/1 6093/5303/1
f 6004/5295/1 5897/5307/1 5839/5302/1
f 5897/5307/1 5840/5308/1 5839/5302/1
f 6073/5305/1 6095/5309/1 6094/5306/1
f 6073/5305/1 6096/5310/1 6095/5309/1
f 5897/5307/1 5841/5311/1 5840/5308/1
f 6073/5305/1 6097/5312/1 6096/5310/1
f 6072/5313/1 6097/5312/1 6073/5305/1
f 6072/5313/1 6098/5314/1 6097/5312/1
f 5402/5315/1 5350/5304/1 5403/5300/1
f 5897/5307/1 5842/5316/1 5841/5311/1
f 6072/5313/1 6099/5317/1 6098/5314/1
f 6004/5295/1 5947/5318/1 5897/5307/1
f 5947/5318/1 5898/5319/1 5897/5307/1
f 5896/5320/1 5842/5316/1 5897/5307/1
f 5402/5315/1 5351/5321/1 5350/5304/1
f 6072/5313/1 6100/5322/1 6099/5317/1
f 6072/5313/1 6101/5323/1 6100/5322/1
f 6072/5313/1 6102/5324/1 6101/5323/1
f 5896/5320/1 5843/5325/1 5842/5316/1
f 6072/5313/1 6103/5326/1 6102/5324/1
f 6071/5327/1 6103/5326/1 6072/5313/1
f 5895/5328/1 5843/5325/1 5896/5320/1
f 6071/5327/1 6104/5329/1 6103/5326/1
f 6071/5327/1 6105/5330/1 6104/5329/1
f 6071/5327/1 6106/5331/1 6105/5330/1
f 5895/5328/1 5844/5332/1 5843/5325/1
f 6071/5327/1 6107/5333/1 6106/5331/1
f 6071/5327/1 6108/5334/1 6107/5333/1
f 5401/5335/1 5351/5321/1 5402/5315/1
f 5894/5336/1 5844/5332/1 5895/5328/1
f 5401/5335/1 5352/5337/1 5351/5321/1
f 6071/5327/1 6109/5338/1 6108/5334/1
f 5894/5336/1 5845/5339/1 5844/5332/1
f 6070/5340/1 6109/5338/1 6071/5327/1
f 6003/5341/1 5947/5318/1 6004/5295/1
f 6070/5340/1 6110/5342/1 6109/5338/1
f 6070/5340/1 6111/5343/1 6110/5342/1
f 5894/5336/1 5846/5344/1 5845/5339/1
f 5893/5345/1 5846/5344/1 5894/5336/1
f 6070/5340/1 6112/5346/1 6111/5343/1
f 6069/5347/1 6112/5346/1 6070/5340/1
f 5401/5335/1 5353/5348/1 5352/5337/1
f 6069/5347/1 6113/5349/1 6112/5346/1
f 5893/5345/1 5847/5350/1 5846/5344/1
f 5400/5351/1 5353/5348/1 5401/5335/1
f 5892/5352/1 5847/5350/1 5893/5345/1
f 6069/5347/1 6114/5353/1 6113/5349/1
f 6003/5341/1 5948/5354/1 5947/5318/1
f 5946/5355/1 5898/5319/1 5947/5318/1
f 5892/5352/1 5848/5356/1 5847/5350/1
f 6068/5357/1 6114/5353/1 6069/5347/1
f 6068/5357/1 6115/5358/1 6114/5353/1
f 6139/5359/1 6141/5360/1 6140/5361/1
f 6138/5362/1 6141/5360/1 6139/5359/1
f 6138/5362/1 6142/5363/1 6141/5360/1
f 6137/5364/1 6142/5363/1 6138/5362/1
f 6137/5364/1 6143/5365/1 6142/5363/1
f 6136/5366/1 6143/5365/1 6137/5364/1
f 6136/5366/1 6144/5367/1 6143/5365/1
f 5400/5351/1 5354/5368/1 5353/5348/1
f 5891/5369/1 5848/5356/1 5892/5352/1
f 6135/5370/1 6144/5367/1 6136/5366/1
f 5891/5369/1 5849/5371/1 5848/5356/1
f 6068/5357/1 6116/5372/1 6115/5358/1
f 6135/5370/1 6145/5373/1 6144/5367/1
f 6134/5374/1 6145/5373/1 6135/5370/1
f 5399/5375/1 5354/5368/1 5400/5351/1
f 6134/5374/1 6146/5376/1 6145/5373/1
f 6068/5357/1 6117/5377/1 6116/5372/1
f 6133/5378/1 6146/5376/1 6134/5374/1
f 6067/5379/1 6117/5377/1 6068/5357/1
f 6133/5378/1 6147/5380/1 6146/5376/1
f 6067/5379/1 6118/5381/1 6117/5377/1
f 5891/5369/1 5850/5382/1 5849/5371/1
f 6132/5383/1 6147/5380/1 6133/5378/1
f 6067/5379/1 6119/5384/1 6118/5381/1
f 5890/5385/1 5850/5382/1 5891/5369/1
f 6132/5383/1 6148/5386/1 6147/5380/1
f 6131/5387/1 6148/5386/1 6132/5383/1
f 5399/5375/1 5355/5388/1 5354/5368/1
f 6067/5379/1 6120/5389/1 6119/5384/1
f 5890/5385/1 5851/5390/1 5850/5382/1
f 6131/5387/1 6149/5391/1 6148/5386/1
f 6067/5379/1 6121/5392/1 6120/5389/1
f 6002/5393/1 5948/5354/1 6003/5341/1
f 6130/5394/1 6149/5391/1 6131/5387/1
f 6066/5395/1 6121/5392/1 6067/5379/1
f 6066/5395/1 6122/5396/1 6121/5392/1
f 5398/5397/1 5355/5388/1 5399/5375/1
f 6130/5394/1 6150/5398/1 6149/5391/1
f 5890/5385/1 5852/5399/1 5851/5390/1
f 6066/5395/1 6123/5400/1 6122/5396/1
f 6129/5401/1 6150/5398/1 6130/5394/1
f 5889/5402/1 5852/5399/1 5890/5385/1
f 6066/5395/1 6124/5403/1 6123/5400/1
f 6002/5393/1 5949/5404/1 5948/5354/1
f 5398/5397/1 5356/5405/1 5355/5388/1
f 6129/5401/1 6151/5406/1 6150/5398/1
f 6066/5395/1 6125/5407/1 6124/5403/1
f 6128/5408/1 6151/5406/1 6129/5401/1
f 5889/5402/1 5853/5409/1 5852/5399/1
f 6066/5395/1 6126/5410/1 6125/5407/1
f 6066/5395/1 6127/5411/1 6126/5410/1
f 6128/5408/1 6152/5412/1 6151/5406/1
f 6066/5395/1 6128/5408/1 6127/5411/1
f 6066/5395/1 6152/5412/1 6128/5408/1
f 5889/5402/1 5854/5413/1 5853/5409/1
f 5888/5414/1 5854/5413/1 5889/5402/1
f 5397/5415/1 5356/5405/1 5398/5397/1
f 5397/5415/1 5357/5416/1 5356/5405/1
f 6066/5395/1 6153/5417/1 6152/5412/1
f 5888/5414/1 5855/5418/1 5854/5413/1
f 6066/5395/1 6154/5419/1 6153/5417/1
f 6066/5395/1 6155/5420/1 6154/5419/1
f 5888/5414/1 5856/5421/1 5855/5418/1
f 6066/5395/1 6156/5422/1 6155/5420/1
f 5887/5423/1 5856/5421/1 5888/5414/1
f 6066/5395/1 6157/5424/1 6156/5422/1
f 6065/5425/1 6237/5426/1 6066/5395/1
f 6237/5426/1 6157/5424/1 6066/5395/1
f 5397/5415/1 5358/5427/1 5357/5416/1
f 5396/5428/1 5358/5427/1 5397/5415/1
f 6237/5426/1 6158/5429/1 6157/5424/1
f 5887/5423/1 5857/5430/1 5856/5421/1
f 6237/5426/1 6159/5431/1 6158/5429/1
f 5945/5432/1 5898/5319/1 5946/5355/1
f 6237/5426/1 6160/5433/1 6159/5431/1
f 6237/5426/1 6161/5434/1 6160/5433/1
f 6002/5393/1 5950/5435/1 5949/5404/1
f 5887/5423/1 5858/5436/1 5857/5430/1
f 6001/5437/1 5950/5435/1 6002/5393/1
f 6237/5426/1 6162/5438/1 6161/5434/1
f 6237/5426/1 6163/5439/1 6162/5438/1
f 5886/5440/1 5858/5436/1 5887/5423/1
f 5396/5428/1 5359/5441/1 5358/5427/1
f 6237/5426/1 6164/5442/1 6163/5439/1
f 5886/5440/1 5859/5443/1 5858/5436/1
f 6237/5426/1 6165/5444/1 6164/5442/1
f 6237/5426/1 6236/5445/1 6165/5444/1
f 6236/5445/1 6166/5446/1 6165/5444/1
f 5395/5447/1 5359/5441/1 5396/5428/1
f 6065/5425/1 6238/5448/1 6237/5426/1
f 6235/5449/1 6166/5446/1 6236/5445/1
f 5394/5450/1 5359/5441/1 5395/5447/1
f 5393/5451/1 5359/5441/1 5394/5450/1
f 5392/5452/1 5359/5441/1 5393/5451/1
f 5391/5453/1 5359/5441/1 5392/5452/1
f 5390/5454/1 5359/5441/1 5391/5453/1
f 6235/5449/1 6167/5455/1 6166/5446/1
f 5389/5456/1 5359/5441/1 5390/5454/1
f 5388/5457/1 5359/5441/1 5389/5456/1
f 5886/5440/1 5860/5458/1 5859/5443/1
f 5387/5459/1 5359/5441/1 5388/5457/1
f 5386/5460/1 5359/5441/1 5387/5459/1
f 6235/5449/1 6168/5461/1 6167/5455/1
f 5385/5462/1 5359/5441/1 5386/5460/1
f 5384/5463/1 5359/5441/1 5385/5462/1
f 5383/5464/1 5359/5441/1 5384/5463/1
f 5383/5464/1 5360/5465/1 5359/5441/1
f 6235/5449/1 6176/5466/1 6168/5461/1
f 6176/5466/1 6169/5467/1 6168/5461/1
f 5382/5468/1 5360/5465/1 5383/5464/1
f 6065/5425/1 6239/5469/1 6238/5448/1
f 5886/5440/1 5861/5470/1 5860/5458/1
f 5885/5471/1 5861/5470/1 5886/5440/1
f 6176/5466/1 6170/5472/1 6169/5467/1
f 5381/5473/1 5360/5465/1 5382/5468/1
f 5380/5474/1 5360/5465/1 5381/5473/1
f 6176/5466/1 6171/5475/1 6170/5472/1
f 5379/5476/1 5360/5465/1 5380/5474/1
f 5378/5477/1 5360/5465/1 5379/5476/1
f 6176/5466/1 6172/5478/1 6171/5475/1
f 6064/5479/1 6239/5469/1 6065/5425/1
f 5377/5480/1 5360/5465/1 5378/5477/1
f 5885/5471/1 5862/5481/1 5861/5470/1
f 5376/5482/1 5360/5465/1 5377/5480/1
f 6064/5479/1 6240/5483/1 6239/5469/1
f 5375/5484/1 5360/5465/1 5376/5482/1
f 6176/5466/1 6173/5485/1 6172/5478/1
f 5374/5486/1 5360/5465/1 5375/5484/1
f 5373/5487/1 5360/5465/1 5374/5486/1
f 5372/5488/1 5360/5465/1 5373/5487/1
f 5371/5489/1 5360/5465/1 5372/5488/1
f 5370/5490/1 5360/5465/1 5371/5489/1
f 5369/5491/1 5360/5465/1 5370/5490/1
f 5368/5492/1 5360/5465/1 5369/5491/1
f 5367/5493/1 5360/5465/1 5368/5492/1
f 5366/5494/2 5360/5465/2 5367/5493/2
f 5365/5495/1 5360/5465/1 5366/5494/1
f 5364/5496/2 5360/5465/2 5365/5495/2
f 5363/5497/1 5360/5465/1 5364/5496/1
f 5362/5498/1 5360/5465/1 5363/5497/1
f 5361/5499/1 5360/5465/1 5362/5498/1
f 6176/5466/1 6174/5500/1 6173/5485/1
f 6176/5466/1 6175/5501/1 6174/5500/1
f 5885/5471/1 5863/5502/1 5862/5481/1
f 6001/5437/1 5951/5503/1 5950/5435/1
f 6064/5479/1 6241/5504/1 6240/5483/1
f 5884/5505/1 5863/5502/1 5885/5471/1
f 6235/5449/1 6177/5506/1 6176/5466/1
f 5884/5505/1 5864/5507/1 5863/5502/1
f 5883/5508/1 5864/5507/1 5884/5505/1
f 6064/5479/1 6242/5509/1 6241/5504/1
f 5883/5508/1 5865/5510/1 5864/5507/1
f 5882/5511/1 5865/5510/1 5883/5508/1
f 6000/5512/1 5951/5503/1 6001/5437/1
f 5882/5511/1 5866/5513/1 5865/5510/1
f 5881/5514/1 5866/5513/1 5882/5511/1
f 6064/5479/1 6243/5515/1 6242/5509/1
f 5881/5514/1 5867/5516/1 5866/5513/1
f 5880/5517/1 5867/5516/1 5881/5514/1
f 6063/5518/1 6243/5515/1 6064/5479/1
f 5879/5519/1 5867/5516/1 5880/5517/1
f 5879/5519/1 5868/5520/1 5867/5516/1
f 5878/5521/1 5868/5520/1 5879/5519/1
f 5878/5521/1 5869/5522/1 5868/5520/1
f 5944/5523/1 5898/5319/1 5945/5432/1
f 5877/5524/1 5869/5522/1 5878/5521/1
f 6063/5518/1 6244/5525/1 6243/5515/1
f 5877/5524/1 5870/5526/1 5869/5522/1
f 5876/5527/1 5870/5526/1 5877/5524/1
f 5876/5527/1 5871/5528/1 5870/5526/1
f 5875/5529/1 5871/5528/1 5876/5527/1
f 5875/5529/1 5872/5530/1 5871/5528/1
f 5874/5531/1 5872/5530/1 5875/5529/1
f 5874/5531/1 5873/5532/1 5872/5530/1
f 6000/5512/1 5952/5533/1 5951/5503/1
f 6063/5518/1 6245/5534/1 6244/5525/1
f 6235/5449/1 6178/5535/1 6177/5506/1
f 6234/5536/1 6178/5535/1 6235/5449/1
f 6063/5518/1 6246/5537/1 6245/5534/1
f 6062/5538/1 6246/5537/1 6063/5518/1
f 5999/5539/1 5952/5533/1 6000/5512/1
f 6062/5538/1 6247/5540/1 6246/5537/1
f 5999/5539/1 5953/5541/1 5952/5533/1
f 6062/5538/1 6248/5542/1 6247/5540/1
f 6062/5538/1 6249/5543/1 6248/5542/1
f 6234/5536/1 6179/5544/1 6178/5535/1
f 6061/5545/1 6249/5543/1 6062/5538/1
f 5943/5546/1 5898/5319/1 5944/5523/1
f 6061/5545/1 6250/5547/1 6249/5543/1
f 6061/5545/1 6251/5548/1 6250/5547/1
f 6061/5545/1 6007/5549/1 6251/5548/1
f 6007/5549/1 6252/5550/1 6251/5548/1
f 5999/5539/1 5954/5551/1 5953/5541/1
f 5998/5552/1 5954/5551/1 5999/5539/1
f 6007/5549/1 6253/5553/1 6252/5550/1
f 6061/5545/1 6008/5554/1 6007/5549/1
f 6308/503/1 6253/5553/1 6007/5549/1
f 6308/503/1 6254/5555/1 6253/5553/1
f 6060/5556/1 6008/5554/1 6061/5545/1
f 6307/5557/1 6254/5555/1 6308/503/1
f 6307/5557/1 6255/5558/1 6254/5555/1
f 6233/5559/1 6179/5544/1 6234/5536/1
f 6307/5557/1 6256/5560/1 6255/5558/1
f 6233/5559/1 6180/5561/1 6179/5544/1
f 6306/5562/1 6256/5560/1 6307/5557/1
f 6060/5556/1 6009/5563/1 6008/5554/1
f 6306/5562/1 6257/5564/1 6256/5560/1
f 6305/5565/1 6257/5564/1 6306/5562/1
f 6305/5565/1 6258/5566/1 6257/5564/1
f 5998/5552/1 5955/5567/1 5954/5551/1
f 6305/5565/1 6259/5568/1 6258/5566/1
f 5943/5546/1 5899/5569/1 5898/5319/1
f 6304/5570/1 6259/5568/1 6305/5565/1
f 6059/5571/1 6009/5563/1 6060/5556/1
f 6059/5571/1 6010/5572/1 6009/5563/1
f 6304/5570/1 6260/5573/1 6259/5568/1
f 5997/5574/1 5955/5567/1 5998/5552/1
f 5942/5575/1 5899/5569/1 5943/5546/1
f 6304/5570/1 6261/5576/1 6260/5573/1
f 6303/5577/1 6261/5576/1 6304/5570/1
f 6303/5577/1 6262/5578/1 6261/5576/1
f 6233/5559/1 6181/5579/1 6180/5561/1
f 6059/5571/1 6011/5580/1 6010/5572/1
f 6303/5577/1 6263/5581/1 6262/5578/1
f 6302/5582/1 6263/5581/1 6303/5577/1
f 5997/5574/1 5956/5583/1 5955/5567/1
f 6302/5582/1 6264/5584/1 6263/5581/1
f 6058/5585/1 6011/5580/1 6059/5571/1
f 6302/5582/1 6265/5586/1 6264/5584/1
f 6301/5587/1 6265/5586/1 6302/5582/1
f 6058/5585/1 6012/5588/1 6011/5580/1
f 6301/5587/1 6266/5589/1 6265/5586/1
f 6232/5590/1 6181/5579/1 6233/5559/1
f 6301/5587/1 6267/5591/1 6266/5589/1
f 6300/5592/1 6267/5591/1 6301/5587/1
f 5996/5593/1 5956/5583/1 5997/5574/1
f 6300/5592/1 6268/5594/1 6267/5591/1
f 6058/5585/1 6013/5595/1 6012/5588/1
f 6232/5590/1 6182/5596/1 6181/5579/1
f 6057/5597/1 6013/5595/1 6058/5585/1
f 5996/5593/1 5957/5598/1 5956/5583/1
f 6300/5592/1 6269/5599/1 6268/5594/1
f 6299/5600/1 6269/5599/1 6300/5592/1
f 6299/5600/1 6270/5601/1 6269/5599/1
f 5941/5602/1 5899/5569/1 5942/5575/1
f 6057/5597/1 6014/5603/1 6013/5595/1
f 6299/5600/1 6271/5604/1 6270/5601/1
f 6298/5605/1 6271/5604/1 6299/5600/1
f 6298/5605/1 6272/5606/1 6271/5604/1
f 6298/5605/1 6273/5607/1 6272/5606/1
f 6056/5608/1 6014/5603/1 6057/5597/1
f 6056/5608/1 6015/5609/1 6014/5603/1
f 6298/5605/1 6274/5610/1 6273/5607/1
f 5996/5593/1 5958/5611/1 5957/5598/1
f 6232/5590/1 6183/5612/1 6182/5596/1
f 6297/5613/1 6274/5610/1 6298/5605/1
f 5995/5614/1 5958/5611/1 5996/5593/1
f 6297/5613/1 6275/5615/1 6274/5610/1
f 6056/5608/1 6016/5616/1 6015/5609/1
f 6297/5613/1 6276/5617/1 6275/5615/1
f 6231/5618/1 6183/5612/1 6232/5590/1
f 6296/5619/1 6276/5617/1 6297/5613/1
f 6296/5619/1 6277/5620/1 6276/5617/1
f 6055/5621/1 6016/5616/1 6056/5608/1
f 6295/5622/1 6277/5620/1 6296/5619/1
f 6055/5621/1 6017/5623/1 6016/5616/1
f 6295/5622/1 6278/5624/1 6277/5620/1
f 6294/5625/1 6278/5624/1 6295/5622/1
f 6293/5626/1 6278/5624/1 6294/5625/1
f 6293/5626/1 6279/5627/1 6278/5624/1
f 5995/5614/1 5959/5628/1 5958/5611/1
f 5940/5629/1 5899/5569/1 5941/5602/1
f 6292/5630/1 6279/5627/1 6293/5626/1
f 6292/5630/1 6280/5631/1 6279/5627/1
f 6231/5618/1 6184/5632/1 6183/5612/1
f 6291/5633/1 6280/5631/1 6292/5630/1
f 6055/5621/1 6018/5634/1 6017/5623/1
f 6291/5633/1 6281/5635/1 6280/5631/1
f 6290/5636/1 6281/5635/1 6291/5633/1
f 6290/5636/1 6282/5637/1 6281/5635/1
f 6289/5638/1 6282/5637/1 6290/5636/1
f 6288/5639/1 6282/5637/1 6289/5638/1
f 6288/5639/1 6283/5640/1 6282/5637/1
f 6287/5641/1 6283/5640/1 6288/5639/1
f 6054/5642/1 6018/5634/1 6055/5621/1
f 6287/5641/1 6284/5643/1 6283/5640/1
f 6053/5644/1 6018/5634/1 6054/5642/1
f 6052/5645/1 6018/5634/1 6053/5644/1
f 6286/5646/1 6284/5643/1 6287/5641/1
f 6051/5647/1 6018/5634/1 6052/5645/1
f 6286/5646/1 6285/5648/1 6284/5643/1
f 6050/5649/1 6018/5634/1 6051/5647/1
f 6049/5650/1 6018/5634/1 6050/5649/1
f 6048/5651/1 6018/5634/1 6049/5650/1
f 6047/5652/1 6018/5634/1 6048/5651/1
f 5994/5653/1 5959/5628/1 5995/5614/1
f 6046/5654/1 6018/5634/1 6047/5652/1
f 5993/5655/1 5959/5628/1 5994/5653/1
f 6045/5656/1 6018/5634/1 6046/5654/1
f 5992/5657/1 5959/5628/1 5993/5655/1
f 6044/5658/1 6018/5634/1 6045/5656/1
f 5991/5659/1 5959/5628/1 5992/5657/1
f 5990/5660/1 5959/5628/1 5991/5659/1
f 6043/5661/1 6018/5634/1 6044/5658/1
f 5989/5662/1 5959/5628/1 5990/5660/1
f 6043/5661/1 6019/5663/1 6018/5634/1
f 5988/5664/1 5959/5628/1 5989/5662/1
f 6042/5665/1 6019/5663/1 6043/5661/1
f 5987/5666/1 5959/5628/1 5988/5664/1
f 5986/5667/1 5959/5628/1 5987/5666/1
f 5985/5668/1 5959/5628/1 5986/5667/1
f 5984/5669/1 5959/5628/1 5985/5668/1
f 5983/5670/1 5959/5628/1 5984/5669/1
f 5982/5671/1 5959/5628/1 5983/5670/1
f 6041/5672/1 6019/5663/1 6042/5665/1
f 5981/5673/1 5959/5628/1 5982/5671/1
f 6040/5674/1 6019/5663/1 6041/5672/1
f 5980/5675/1 5959/5628/1 5981/5673/1
f 6039/5676/1 6019/5663/1 6040/5674/1
f 5979/5677/1 5959/5628/1 5980/5675/1
f 6038/5678/1 6019/5663/1 6039/5676/1
f 5978/5679/1 5959/5628/1 5979/5677/1
f 6037/5680/1 6019/5663/1 6038/5678/1
f 5977/5681/1 5959/5628/1 5978/5679/1
f 6036/5682/1 6019/5663/1 6037/5680/1
f 5976/5683/1 5959/5628/1 5977/5681/1
f 6035/5684/1 6019/5663/1 6036/5682/1
f 5975/5685/1 5959/5628/1 5976/5683/1
f 5975/5685/1 5960/5686/1 5959/5628/1
f 6034/5687/1 6019/5663/1 6035/5684/1
f 5975/5685/1 5961/5688/1 5960/5686/1
f 5974/5689/1 5961/5688/1 5975/5685/1
f 5974/5689/1 5962/5690/1 5961/5688/1
f 5974/5689/1 5963/5691/1 5962/5690/1
f 6033/5692/1 6019/5663/1 6034/5687/1
f 6033/5692/1 6020/5693/1 6019/5663/1
f 5974/5689/1 5964/5694/1 5963/5691/1
f 5973/5695/1 5964/5694/1 5974/5689/1
f 6033/5692/1 6021/5696/1 6020/5693/1
f 6033/5692/1 6022/5697/1 6021/5696/1
f 5973/5695/1 5965/5698/1 5964/5694/1
f 6033/5692/1 6023/5699/1 6022/5697/1
f 5973/5695/1 5966/5700/1 5965/5698/1
f 6032/5701/1 6023/5699/1 6033/5692/1
f 6032/5701/1 6024/5702/1 6023/5699/1
f 5972/5703/1 5966/5700/1 5973/5695/1
f 5972/5703/1 5967/5704/1 5966/5700/1
f 6032/5701/1 6025/5705/1 6024/5702/1
f 6032/5701/1 6026/5706/1 6025/5705/1
f 5972/5703/1 5968/5707/1 5967/5704/1
f 6032/5701/1 6027/5708/1 6026/5706/1
f 5972/5703/1 5969/5709/1 5968/5707/1
f 6031/5710/1 6027/5708/1 6032/5701/1
f 6031/5710/1 6028/5711/1 6027/5708/1
f 5971/5712/1 5969/5709/1 5972/5703/1
f 6031/5710/1 6029/5713/1 6028/5711/1
f 5971/5712/1 5970/5714/1 5969/5709/1
f 6031/5710/1 6030/5715/1 6029/5713/1
f 6231/5618/1 6185/5716/1 6184/5632/1
f 6230/5717/1 6185/5716/1 6231/5618/1
f 5939/5718/1 5899/5569/1 5940/5629/1
f 6230/5717/1 6186/5719/1 6185/5716/1
f 6230/5717/1 6187/5720/1 6186/5719/1
f 6229/5721/1 6187/5720/1 6230/5717/1
f 5938/5722/1 5899/5569/1 5939/5718/1
f 6229/5721/1 6188/5723/1 6187/5720/1
f 6228/5724/1 6188/5723/1 6229/5721/1
f 6228/5724/1 6189/5725/1 6188/5723/1
f 5937/5726/1 5899/5569/1 5938/5722/1
f 6228/5724/1 6190/5727/1 6189/5725/1
f 6227/5728/1 6190/5727/1 6228/5724/1
f 6227/5728/1 6191/5729/1 6190/5727/1
f 5936/5730/1 5899/5569/1 5937/5726/1
f 6227/5728/1 6192/5731/1 6191/5729/1
f 6227/5728/1 6193/5732/1 6192/5731/1
f 6226/5733/1 6193/5732/1 6227/5728/1
f 5935/5734/1 5899/5569/1 5936/5730/1
f 6226/5733/1 6194/5735/1 6193/5732/1
f 6226/5733/1 6195/5736/1 6194/5735/1
f 6225/5737/1 6195/5736/1 6226/5733/1
f 5934/5738/1 5899/5569/1 5935/5734/1
f 5933/5739/1 5899/5569/1 5934/5738/1
f 6225/5737/1 6196/5740/1 6195/5736/1
f 5932/5741/1 5899/5569/1 5933/5739/1
f 5931/5742/1 5899/5569/1 5932/5741/1
f 6225/5737/1 6197/5743/1 6196/5740/1
f 6224/5744/1 6197/5743/1 6225/5737/1
f 5930/5745/1 5899/5569/1 5931/5742/1
f 5929/5746/1 5899/5569/1 5930/5745/1
f 6224/5744/1 6198/5747/1 6197/5743/1
f 5928/5748/1 5899/5569/1 5929/5746/1
f 5927/5749/1 5899/5569/1 5928/5748/1
f 5926/5750/1 5899/5569/1 5927/5749/1
f 5926/5750/1 5900/5751/1 5899/5569/1
f 6224/5744/1 6199/5752/1 6198/5747/1
f 6223/5753/1 6199/5752/1 6224/5744/1
f 6222/5754/1 6199/5752/1 6223/5753/1
f 5925/5755/1 5900/5751/1 5926/5750/1
f 6221/5756/1 6199/5752/1 6222/5754/1
f 6220/5757/1 6199/5752/1 6221/5756/1
f 6219/5758/1 6199/5752/1 6220/5757/1
f 6218/5759/1 6199/5752/1 6219/5758/1
f 5924/5760/1 5900/5751/1 5925/5755/1
f 6217/5761/1 6199/5752/1 6218/5759/1
f 5924/5760/1 5901/5762/1 5900/5751/1
f 6216/5763/1 6199/5752/1 6217/5761/1
f 6215/5764/1 6199/5752/1 6216/5763/1
f 5923/5765/1 5901/5762/1 5924/5760/1
f 6214/5766/1 6199/5752/1 6215/5764/1
f 5922/5767/1 5901/5762/1 5923/5765/1
f 6213/5768/1 6199/5752/1 6214/5766/1
f 6212/5769/1 6199/5752/1 6213/5768/1
f 6211/5770/1 6199/5752/1 6212/5769/1
f 5922/5767/1 5902/5771/1 5901/5762/1
f 6211/5770/1 6200/5772/1 6199/5752/1
f 6210/5773/1 6200/5772/1 6211/5770/1
f 5921/5774/1 5902/5771/1 5922/5767/1
f 6209/5775/1 6200/5772/1 6210/5773/1
f 6208/5776/1 6200/5772/1 6209/5775/1
f 5921/5774/1 5903/5777/1 5902/5771/1
f 5920/5778/1 5903/5777/1 5921/5774/1
f 6207/5779/1 6200/5772/1 6208/5776/1
f 6206/5780/1 6200/5772/1 6207/5779/1
f 6205/5781/1 6200/5772/1 6206/5780/1
f 5919/5782/1 5903/5777/1 5920/5778/1
f 5919/5782/1 5904/5783/1 5903/5777/1
f 6204/5784/1 6200/5772/1 6205/5781/1
f 6203/5785/1 6200/5772/1 6204/5784/1
f 6202/5786/1 6200/5772/1 6203/5785/1
f 6202/5786/1 6201/5787/1 6200/5772/1
f 5918/5788/1 5904/5783/1 5919/5782/1
f 5918/5788/1 5905/5789/1 5904/5783/1
f 5917/5790/1 5905/5789/1 5918/5788/1
f 5917/5790/1 5906/5791/1 5905/5789/1
f 5916/5792/1 5906/5791/1 5917/5790/1
f 5916/5792/1 5907/5793/1 5906/5791/1
f 5915/5794/1 5907/5793/1 5916/5792/1
f 5915/5794/1 5908/5795/1 5907/5793/1
f 5914/5796/1 5908/5795/1 5915/5794/1
f 5914/5796/1 5909/5797/1 5908/5795/1
f 5913/5798/1 5909/5797/1 5914/5796/1
f 5913/5798/1 5910/5799/1 5909/5797/1
f 5912/5800/1 5910/5799/1 5913/5798/1
f 5912/5800/1 5911/5801/1 5910/5799/1
f 6500/503/1 6406/2056/1 6405/2057/1
f 6499/2058/1 6406/2056/1 6500/503/1
f 6499/2058/1 6407/2059/1 6406/2056/1
f 6498/2060/1 6407/2059/1 6499/2058/1
f 6498/2060/1 6408/2061/1 6407/2059/1
f 6497/2062/1 6408/2061/1 6498/2060/1
f 6497/2062/1 6409/2063/1 6408/2061/1
f 6496/2064/1 6409/2063/1 6497/2062/1
f 6496/2064/1 6410/2065/1 6409/2063/1
f 6495/2066/1 6410/2065/1 6496/2064/1
f 6495/2066/1 6411/2067/1 6410/2065/1
f 6494/2068/1 6411/2067/1 6495/2066/1
f 6494/2068/1 6412/2069/1 6411/2067/1
f 6493/2070/1 6412/2069/1 6494/2068/1
f 6493/2070/1 6413/2071/1 6412/2069/1
f 6492/2072/1 6413/2071/1 6493/2070/1
f 6492/2072/1 6414/2073/1 6413/2071/1
f 6491/2074/1 6414/2073/1 6492/2072/1
f 6490/2075/1 6414/2073/1 6491/2074/1
f 6490/2075/1 6415/2076/1 6414/2073/1
f 6489/2077/1 6415/2076/1 6490/2075/1
f 6489/2077/1 6416/2078/1 6415/2076/1
f 6488/2079/1 6416/2078/1 6489/2077/1
f 6488/2079/1 6417/2080/1 6416/2078/1
f 6487/2081/1 6417/2080/1 6488/2079/1
f 6487/2081/1 6418/2082/1 6417/2080/1
f 6486/2083/1 6418/2082/1 6487/2081/1
f 6486/2083/1 6419/2084/1 6418/2082/1
f 6485/2085/1 6419/2084/1 6486/2083/1
f 6485/2085/1 6420/2086/1 6419/2084/1
f 6484/2087/1 6420/2086/1 6485/2085/1
f 6484/2087/1 6421/2088/1 6420/2086/1
f 6484/2087/1 6422/2089/1 6421/2088/1
f 6483/2090/1 6422/2089/1 6484/2087/1
f 6483/2090/1 6423/2091/1 6422/2089/1
f 6482/2092/1 6423/2091/1 6483/2090/1
f 6482/2092/1 6424/2093/1 6423/2091/1
f 6481/2094/1 6424/2093/1 6482/2092/1
f 6481/2094/1 6425/2095/1 6424/2093/1
f 6480/2096/1 6425/2095/1 6481/2094/1
f 6480/2096/1 6426/2097/1 6425/2095/1
f 6479/2098/1 6426/2097/1 6480/2096/1
f 6479/2098/1 6427/2099/1 6426/2097/1
f 6478/2100/1 6427/2099/1 6479/2098/1
f 6478/2100/1 6428/2101/1 6427/2099/1
f 6477/2102/1 6428/2101/1 6478/2100/1
f 6477/2102/1 6429/2103/1 6428/2101/1
f 6476/2104/1 6429/2103/1 6477/2102/1
f 6476/2104/1 6430/2105/1 6429/2103/1
f 6475/2106/1 6430/2105/1 6476/2104/1
f 6475/2106/1 6431/2107/1 6430/2105/1
f 6474/2108/1 6431/2107/1 6475/2106/1
f 6474/2108/1 6432/2109/1 6431/2107/1
f 6473/2110/1 6432/2109/1 6474/2108/1
f 6473/2110/1 6433/2111/1 6432/2109/1
f 6472/2112/1 6433/2111/1 6473/2110/1
f 6472/2112/1 6434/2113/1 6433/2111/1
f 6471/2114/1 6434/2113/1 6472/2112/1
f 6471/2114/1 6435/2115/1 6434/2113/1
f 6470/2116/1 6435/2115/1 6471/2114/1
f 6470/2116/1 6436/2117/1 6435/2115/1
f 6469/2118/1 6436/2117/1 6470/2116/1
f 6468/2119/1 6436/2117/1 6469/2118/1
f 6468/2119/1 6437/2120/1 6436/2117/1
f 6467/2121/1 6437/2120/1 6468/2119/1
f 6467/2121/1 6438/2122/1 6437/2120/1
f 6466/2123/1 6438/2122/1 6467/2121/1
f 6466/2123/1 6439/2124/1 6438/2122/1
f 6465/2125/1 6439/2124/1 6466/2123/1
f 6465/2125/1 6440/2126/1 6439/2124/1
f 6464/2127/1 6440/2126/1 6465/2125/1
f 6464/2127/1 6441/2128/1 6440/2126/1
f 6463/2129/1 6441/2128/1 6464/2127/1
f 6463/2129/1 6442/2130/1 6441/2128/1
f 6462/2131/1 6442/2130/1 6463/2129/1
f 6462/2131/1 6443/2132/1 6442/2130/1
f 6461/2133/1 6443/2132/1 6462/2131/1
f 6461/2133/1 6444/2134/1 6443/2132/1
f 6460/2135/1 6444/2134/1 6461/2133/1
f 6460/2135/1 6445/2136/1 6444/2134/1
f 6460/2135/1 6446/2137/1 6445/2136/1
f 6459/2138/1 6446/2137/1 6460/2135/1
f 6459/2138/1 6447/2139/1 6446/2137/1
f 6458/2140/1 6447/2139/1 6459/2138/1
f 6458/2140/1 6448/2141/1 6447/2139/1
f 6457/2142/1 6448/2141/1 6458/2140/1
f 6457/2142/1 6449/2143/1 6448/2141/1
f 6456/2144/1 6449/2143/1 6457/2142/1
f 6456/2144/1 6450/2145/1 6449/2143/1
f 6455/2146/1 6450/2145/1 6456/2144/1
f 6455/2146/1 6451/2147/1 6450/2145/1
f 6454/2148/1 6451/2147/1 6455/2146/1
f 6454/2148/1 6452/2149/1 6451/2147/1
f 6453/2150/1 6452/2149/1 6454/2148/1
f 6404/2151/1 6310/2152/1 6309/631/1
f 6403/2153/1 6310/2152/1 6404/2151/1
f 6403/2153/1 6311/2154/1 6310/2152/1
f 6402/2155/1 6311/2154/1 6403/2153/1
f 6402/2155/1 6312/2156/1 6311/2154/1
f 6401/2157/1 6312/2156/1 6402/2155/1
f 6401/2157/1 6313/2158/1 6312/2156/1
f 6400/2159/1 6313/2158/1 6401/2157/1
f 6400/2159/1 6314/2160/1 6313/2158/1
f 6399/2161/1 6314/2160/1 6400/2159/1
f 6399/2161/1 6315/2162/1 6314/2160/1
f 6398/2163/1 6315/2162/1 6399/2161/1
f 6398/2163/1 6316/2164/1 6315/2162/1
f 6397/2165/1 6316/2164/1 6398/2163/1
f 6397/2165/1 6317/2166/1 6316/2164/1
f 6396/2167/1 6317/2166/1 6397/2165/1
f 6395/2168/1 6317/2166/1 6396/2167/1
f 6395/2168/1 6318/2169/1 6317/2166/1
f 6394/2170/1 6318/2169/1 6395/2168/1
f 6394/2170/1 6319/2171/1 6318/2169/1
f 6393/2172/1 6319/2171/1 6394/2170/1
f 6393/2172/1 6320/2173/1 6319/2171/1
f 6392/2174/1 6320/2173/1 6393/2172/1
f 6392/2174/1 6321/2175/1 6320/2173/1
f 6391/2176/1 6321/2175/1 6392/2174/1
f 6391/2176/1 6322/2177/1 6321/2175/1
f 6390/2178/1 6322/2177/1 6391/2176/1
f 6390/2178/1 6323/2179/1 6322/2177/1
f 6389/2180/1 6323/2179/1 6390/2178/1
f 6389/2180/1 6324/2181/1 6323/2179/1
f 6388/2182/1 6324/2181/1 6389/2180/1
f 6388/2182/1 6325/2183/1 6324/2181/1
f 6387/2184/1 6325/2183/1 6388/2182/1
f 6387/2184/1 6326/2185/1 6325/2183/1
f 6387/2184/1 6327/2186/1 6326/2185/1
f 6386/2187/1 6327/2186/1 6387/2184/1
f 6386/2187/1 6328/2188/1 6327/2186/1
f 6385/2189/1 6328/2188/1 6386/2187/1
f 6385/2189/1 6329/2190/1 6328/2188/1
f 6384/2191/1 6329/2190/1 6385/2189/1
f 6384/2191/1 6330/2192/1 6329/2190/1
f 6383/2193/1 6330/2192/1 6384/2191/1
f 6383/2193/1 6331/2194/1 6330/2192/1
f 6382/2195/1 6331/2194/1 6383/2193/1
f 6382/2195/1 6332/2196/1 6331/2194/1
f 6381/2197/1 6332/2196/1 6382/2195/1
f 6381/2197/1 6333/2198/1 6332/2196/1
f 6380/2199/1 6333/2198/1 6381/2197/1
f 6380/2199/1 6334/2200/1 6333/2198/1
f 6379/2201/1 6334/2200/1 6380/2199/1
f 6379/2201/1 6335/2202/1 6334/2200/1
f 6378/2203/1 6335/2202/1 6379/2201/1
f 6378/2203/1 6336/2204/1 6335/2202/1
f 6377/2205/1 6336/2204/1 6378/2203/1
f 6377/2205/1 6337/2206/1 6336/2204/1
f 6376/2207/1 6337/2206/1 6377/2205/1
f 6376/2207/1 6338/2208/1 6337/2206/1
f 6375/2209/1 6338/2208/1 6376/2207/1
f 6375/2209/1 6339/2210/1 6338/2208/1
f 6374/2211/1 6339/2210/1 6375/2209/1
f 6374/2211/1 6340/2212/1 6339/2210/1
f 6373/2213/1 6340/2212/1 6374/2211/1
f 6373/2213/1 6341/2214/1 6340/2212/1
f 6372/2215/1 6341/2214/1 6373/2213/1
f 6371/2216/1 6341/2214/1 6372/2215/1
f 6371/2216/1 6342/2217/1 6341/2214/1
f 6370/2218/1 6342/2217/1 6371/2216/1
f 6370/2218/1 6343/2219/1 6342/2217/1
f 6369/2220/1 6343/2219/1 6370/2218/1
f 6369/2220/1 6344/2221/1 6343/2219/1
f 6368/2222/1 6344/2221/1 6369/2220/1
f 6368/2222/1 6345/2223/1 6344/2221/1
f 6367/2224/1 6345/2223/1 6368/2222/1
f 6367/2224/1 6346/2225/1 6345/2223/1
f 6366/2226/1 6346/2225/1 6367/2224/1
f 6366/2226/1 6347/2227/1 6346/2225/1
f 6365/2228/1 6347/2227/1 6366/2226/1
f 6365/2228/1 6348/2229/1 6347/2227/1
f 6364/2230/1 6348/2229/1 6365/2228/1
f 6364/2230/1 6349/2231/1 6348/2229/1
f 6364/2230/1 6350/2232/1 6349/2231/1
f 6363/2233/1 6350/2232/1 6364/2230/1
f 6363/2233/1 6351/2234/1 6350/2232/1
f 6362/2235/1 6351/2234/1 6363/2233/1
f 6362/2235/1 6352/2236/1 6351/2234/1
f 6361/2237/1 6352/2236/1 6362/2235/1
f 6361/2237/1 6353/2238/1 6352/2236/1
f 6360/2239/1 6353/2238/1 6361/2237/1
f 6360/2239/1 6354/2240/1 6353/2238/1
f 6359/2241/1 6354/2240/1 6360/2239/1
f 6359/2241/1 6355/2242/1 6354/2240/1
f 6358/2243/1 6355/2242/1 6359/2241/1
f 6358/2243/1 6356/2244/1 6355/2242/1
f 6357/2245/1 6356/2244/1 6358/2243/1
f 6741/3610/1 6502/3701/1 6501/631/1
f 6740/3628/1 6502/3701/1 6741/3610/1
f 6739/3627/1 6502/3701/1 6740/3628/1
f 6738/3626/1 6502/3701/1 6739/3627/1
f 6737/3624/1 6502/3701/1 6738/3626/1
f 6736/3623/1 6502/3701/1 6737/3624/1
f 6735/3622/1 6502/3701/1 6736/3623/1
f 6735/3622/1 6503/3698/1 6502/3701/1
f 6734/3621/1 6503/3698/1 6735/3622/1
f 6733/3620/1 6503/3698/1 6734/3621/1
f 6732/2376/1 6503/3698/1 6733/3620/1
f 6705/3694/1 6707/3673/1 6706/3675/1
f 6704/3705/1 6707/3673/1 6705/3694/1
f 6731/3618/1 6503/3698/1 6732/2376/1
f 6703/3721/1 6707/3673/1 6704/3705/1
f 6730/3617/1 6503/3698/1 6731/3618/1
f 6703/3721/1 6708/3670/1 6707/3673/1
f 6702/3730/1 6708/3670/1 6703/3721/1
f 6729/3615/1 6503/3698/1 6730/3617/1
f 6701/3732/1 6708/3670/1 6702/3730/1
f 6701/3732/1 6709/3668/1 6708/3670/1
f 6729/3615/1 6504/3696/1 6503/3698/1
f 6728/3616/1 6504/3696/1 6729/3615/1
f 6701/3732/1 6710/2396/1 6709/3668/1
f 6700/3733/1 6710/2396/1 6701/3732/1
f 6727/3614/1 6504/3696/1 6728/3616/1
f 6700/3733/1 6711/3664/1 6710/2396/1
f 6726/3629/1 6504/3696/1 6727/3614/1
f 6700/3733/1 6712/3662/1 6711/3664/1
f 6725/3630/1 6504/3696/1 6726/3629/1
f 6699/2420/1 6712/3662/1 6700/3733/1
f 6724/3631/1 6504/3696/1 6725/3630/1
f 6699/2420/1 6713/3659/1 6712/3662/1
f 6723/3632/1 6504/3696/1 6724/3631/1
f 6699/2420/1 6714/3658/1 6713/3659/1
f 6722/3633/1 6504/3696/1 6723/3632/1
f 6699/2420/1 6715/3648/1 6714/3658/1
f 6721/2366/1 6504/3696/1 6722/3633/1
f 6698/3735/1 6715/3648/1 6699/2420/1
f 6698/3735/1 6716/3641/1 6715/3648/1
f 6720/3634/1 6504/3696/1 6721/2366/1
f 6698/3735/1 6717/3637/1 6716/3641/1
f 6719/3635/1 6504/3696/1 6720/3634/1
f 6698/3735/1 6718/3636/1 6717/3637/1
f 6718/3636/1 6504/3696/1 6719/3635/1
f 6698/3735/1 6504/3696/1 6718/3636/1
f 6697/3737/1 6504/3696/1 6698/3735/1
f 6697/3737/1 6505/3693/1 6504/3696/1
f 6696/3739/1 6505/3693/1 6697/3737/1
f 6695/3741/1 6505/3693/1 6696/3739/1
f 6694/3743/1 6505/3693/1 6695/3741/1
f 6693/3744/1 6505/3693/1 6694/3743/1
f 6693/3744/1 6506/3691/1 6505/3693/1
f 6692/3746/1 6506/3691/1 6693/3744/1
f 6691/3752/1 6506/3691/1 6692/3746/1
f 6690/3768/1 6506/3691/1 6691/3752/1
f 6689/3776/1 6506/3691/1 6690/3768/1
f 6688/2445/1 6506/3691/1 6689/3776/1
f 6687/3777/1 6506/3691/1 6688/2445/1
f 6687/3777/1 6507/3689/1 6506/3691/1
f 6686/3778/1 6507/3689/1 6687/3777/1
f 6685/3780/1 6507/3689/1 6686/3778/1
f 6684/3781/1 6507/3689/1 6685/3780/1
f 6683/3785/1 6507/3689/1 6684/3781/1
f 6682/3786/1 6507/3689/1 6683/3785/1
f 6681/3787/1 6507/3689/1 6682/3786/1
f 6680/3788/1 6507/3689/1 6681/3787/1
f 6679/3790/1 6507/3689/1 6680/3788/1
f 6678/3791/1 6507/3689/1 6679/3790/1
f 6677/2446/1 6507/3689/1 6678/3791/1
f 6677/2446/1 6839/3583/1 6507/3689/1
f 6839/3583/1 6838/3584/1 6507/3689/1
f 6838/3584/1 6508/3687/1 6507/3689/1
f 6676/3793/1 6840/3585/1 6677/2446/1
f 6840/3585/1 6839/3583/1 6677/2446/1
f 6676/3793/1 6841/3587/1 6840/3585/1
f 6676/3793/1 6842/2500/1 6841/3587/1
f 6676/3793/1 6843/3591/1 6842/2500/1
f 6676/3793/1 6844/3594/1 6843/3591/1
f 6837/3582/1 6508/3687/1 6838/3584/1
f 6676/3793/1 6845/3596/1 6844/3594/1
f 6676/3793/1 6846/3597/1 6845/3596/1
f 6675/3795/1 6846/3597/1 6676/3793/1
f 6675/3795/1 6847/3599/1 6846/3597/1
f 6675/3795/1 6848/3601/1 6847/3599/1
f 6836/3586/1 6508/3687/1 6837/3582/1
f 6675/3795/1 6849/3603/1 6848/3601/1
f 6675/3795/1 6850/3607/1 6849/3603/1
f 6674/3797/1 6850/3607/1 6675/3795/1
f 6674/3797/1 6851/3609/1 6850/3607/1
f 6674/3797/1 6852/3612/1 6851/3609/1
f 6835/3588/1 6508/3687/1 6836/3586/1
f 6674/3797/1 6853/2470/1 6852/3612/1
f 6673/3799/1 6853/2470/1 6674/3797/1
f 6673/3799/1 6854/3619/1 6853/2470/1
f 6673/3799/1 6855/3625/1 6854/3619/1
f 6835/3588/1 6509/3685/1 6508/3687/1
f 6834/3589/1 6509/3685/1 6835/3588/1
f 6672/3801/1 6855/3625/1 6673/3799/1
f 6672/3801/1 6856/3638/1 6855/3625/1
f 6672/3801/1 6857/3639/1 6856/3638/1
f 6671/3802/1 6857/3639/1 6672/3801/1
f 6671/3802/1 6858/3640/1 6857/3639/1
f 6671/3802/1 6859/3642/1 6858/3640/1
f 6833/3593/1 6509/3685/1 6834/3589/1
f 6670/3805/1 6859/3642/1 6671/3802/1
f 6670/3805/1 6860/3643/1 6859/3642/1
f 6670/3805/1 6861/3644/1 6860/3643/1
f 6669/3809/1 6861/3644/1 6670/3805/1
f 6669/3809/1 6862/3645/1 6861/3644/1
f 6832/3595/1 6509/3685/1 6833/3593/1
f 6668/3819/1 6862/3645/1 6669/3809/1
f 6832/3595/1 6510/3683/1 6509/3685/1
f 6668/3819/1 6863/3646/1 6862/3645/1
f 6667/3820/1 6863/3646/1 6668/3819/1
f 6667/3820/1 6864/2495/1 6863/3646/1
f 6666/2357/1 6864/2495/1 6667/3820/1
f 6666/2357/1 6865/3647/1 6864/2495/1
f 6831/2642/1 6510/3683/1 6832/3595/1
f 6665/3821/1 6865/3647/1 6666/2357/1
f 6665/3821/1 6866/3649/1 6865/3647/1
f 6664/3822/1 6866/3649/1 6665/3821/1
f 6664/3822/1 6867/3650/1 6866/3649/1
f 6663/3824/1 6867/3650/1 6664/3822/1
f 6831/2642/1 6511/3681/1 6510/3683/1
f 6662/3825/1 6867/3650/1 6663/3824/1
f 6662/3825/1 6868/3651/1 6867/3650/1
f 6830/3600/1 6511/3681/1 6831/2642/1
f 6661/3827/1 6868/3651/1 6662/3825/1
f 6661/3827/1 6869/3652/1 6868/3651/1
f 6660/3829/1 6869/3652/1 6661/3827/1
f 6660/3829/1 6870/3653/1 6869/3652/1
f 6659/3831/1 6870/3653/1 6660/3829/1
f 6829/3602/1 6511/3681/1 6830/3600/1
f 6658/3833/1 6870/3653/1 6659/3831/1
f 6658/3833/1 6871/3654/1 6870/3653/1
f 6829/3602/1 6512/2501/1 6511/3681/1
f 6657/3836/1 6871/3654/1 6658/3833/1
f 6657/3836/1 6872/3655/1 6871/3654/1
f 6656/3838/1 6872/3655/1 6657/3836/1
f 6828/3606/1 6512/2501/1 6829/3602/1
f 6655/2341/1 6872/3655/1 6656/3838/1
f 6655/2341/1 6873/3656/1 6872/3655/1
f 6654/3842/1 6873/3656/1 6655/2341/1
f 6654/3842/1 6874/3657/1 6873/3656/1
f 6653/3841/1 6874/3657/1 6654/3842/1
f 6828/3606/1 6513/3676/1 6512/2501/1
f 6827/3608/1 6513/3676/1 6828/3606/1
f 6653/3841/1 6875/2527/1 6874/3657/1
f 6652/3840/1 6875/2527/1 6653/3841/1
f 6652/3840/1 6876/3660/1 6875/2527/1
f 6652/3840/1 6877/3661/1 6876/3660/1
f 6651/3839/1 6877/3661/1 6652/3840/1
f 6826/3613/1 6513/3676/1 6827/3608/1
f 6651/3839/1 6878/3663/1 6877/3661/1
f 6651/3839/1 6879/3665/1 6878/3663/1
f 6826/3613/1 6514/3678/1 6513/3676/1
f 6650/3837/1 6879/3665/1 6651/3839/1
f 6650/3837/1 6880/3666/1 6879/3665/1
f 6650/3837/1 6881/3667/1 6880/3666/1
f 6825/3611/1 6514/3678/1 6826/3613/1
f 6649/3835/1 6881/3667/1 6650/3837/1
f 6825/3611/1 6515/3677/1 6514/3678/1
f 6649/3835/1 6882/3669/1 6881/3667/1
f 6649/3835/1 6883/3671/1 6882/3669/1
f 6648/3834/1 6883/3671/1 6649/3835/1
f 6824/3605/1 6515/3677/1 6825/3611/1
f 6648/3834/1 6884/3672/1 6883/3671/1
f 6824/3605/1 6516/3679/1 6515/3677/1
f 6647/3832/1 6884/3672/1 6648/3834/1
f 6647/3832/1 6885/3674/1 6884/3672/1
f 6823/3598/1 6516/3679/1 6824/3605/1
f 6647/3832/1 6886/503/1 6885/3674/1
f 6646/3830/1 6886/503/1 6647/3832/1
f 6823/3598/1 6517/3680/1 6516/3679/1
f 6646/3830/1 6742/3604/1 6886/503/1
f 6645/3828/1 6742/3604/1 6646/3830/1
f 6645/3828/1 6743/2416/1 6742/3604/1
f 6822/3592/1 6517/3680/1 6823/3598/1
f 6822/3592/1 6518/3682/1 6517/3680/1
f 6821/3581/1 6518/3682/1 6822/3592/1
f 6821/3581/1 6519/3684/1 6518/3682/1
f 6820/2671/1 6519/3684/1 6821/3581/1
f 6820/2671/1 6520/3686/1 6519/3684/1
f 6819/3578/1 6520/3686/1 6820/2671/1
f 6819/3578/1 6521/3688/1 6520/3686/1
f 6818/3576/1 6521/3688/1 6819/3578/1
f 6818/3576/1 6522/3690/1 6521/3688/1
f 6817/3574/1 6522/3690/1 6818/3576/1
f 6817/3574/1 6523/2587/1 6522/3690/1
f 6816/3572/1 6523/2587/1 6817/3574/1
f 6816/3572/1 6524/3692/1 6523/2587/1
f 6816/3572/1 6525/3695/1 6524/3692/1
f 6815/3570/1 6525/3695/1 6816/3572/1
f 6815/3570/1 6526/3697/1 6525/3695/1
f 6814/3568/1 6526/3697/1 6815/3570/1
f 6813/3567/1 6526/3697/1 6814/3568/1
f 6813/3567/1 6527/3699/1 6526/3697/1
f 6812/3566/1 6527/3699/1 6813/3567/1
f 6812/3566/1 6528/3700/1 6527/3699/1
f 6811/3564/1 6528/3700/1 6812/3566/1
f 6811/3564/1 6529/3702/1 6528/3700/1
f 6810/3562/1 6529/3702/1 6811/3564/1
f 6809/2693/1 6529/3702/1 6810/3562/1
f 6809/2693/1 6530/3703/1 6529/3702/1
f 6808/3561/1 6530/3703/1 6809/2693/1
f 6808/3561/1 6531/3704/1 6530/3703/1
f 6807/3559/1 6531/3704/1 6808/3561/1
f 6807/3559/1 6532/3706/1 6531/3704/1
f 6806/3557/1 6532/3706/1 6807/3559/1
f 6806/3557/1 6533/3707/1 6532/3706/1
f 6805/3555/1 6533/3707/1 6806/3557/1
f 6644/2324/1 6743/2416/1 6645/3828/1
f 6644/2324/1 6744/3590/1 6743/2416/1
f 6804/3553/1 6533/3707/1 6805/3555/1
f 6644/2324/1 6745/3580/1 6744/3590/1
f 6804/3553/1 6534/2623/1 6533/3707/1
f 6643/3826/1 6745/3580/1 6644/2324/1
f 6643/3826/1 6746/3579/1 6745/3580/1
f 6803/3551/1 6534/2623/1 6804/3553/1
f 6643/3826/1 6747/3577/1 6746/3579/1
f 6803/3551/1 6535/3708/1 6534/2623/1
f 6642/3771/1 6747/3577/1 6643/3826/1
f 6642/3771/1 6748/3575/1 6747/3577/1
f 6802/3550/1 6535/3708/1 6803/3551/1
f 6642/3771/1 6749/3573/1 6748/3575/1
f 6641/3760/1 6749/3573/1 6642/3771/1
f 6802/3550/1 6536/3709/1 6535/3708/1
f 6641/3760/1 6750/3571/1 6749/3573/1
f 6801/3548/1 6536/3709/1 6802/3550/1
f 6641/3760/1 6751/3569/1 6750/3571/1
f 6640/3747/1 6751/3569/1 6641/3760/1
f 6640/3747/1 6752/3565/1 6751/3569/1
f 6801/3548/1 6537/3710/1 6536/3709/1
f 6640/3747/1 6753/3563/1 6752/3565/1
f 6640/3747/1 6754/2464/1 6753/3563/1
f 6800/3547/1 6537/3710/1 6801/3548/1
f 6639/3745/1 6754/2464/1 6640/3747/1
f 6639/3745/1 6755/3560/1 6754/2464/1
f 6639/3745/1 6756/3558/1 6755/3560/1
f 6639/3745/1 6757/3556/1 6756/3558/1
f 6800/3547/1 6538/3711/1 6537/3710/1
f 6638/3742/1 6757/3556/1 6639/3745/1
f 6799/3545/1 6538/3711/1 6800/3547/1
f 6638/3742/1 6758/3554/1 6757/3556/1
f 6638/3742/1 6759/3552/1 6758/3554/1
f 6638/3742/1 6760/3549/1 6759/3552/1
f 6637/3740/1 6760/3549/1 6638/3742/1
f 6799/3545/1 6539/3712/1 6538/3711/1
f 6637/3740/1 6761/3546/1 6760/3549/1
f 6798/2678/1 6539/3712/1 6799/3545/1
f 6637/3740/1 6762/3544/1 6761/3546/1
f 6636/3738/1 6762/3544/1 6637/3740/1
f 6636/3738/1 6763/3540/1 6762/3544/1
f 6636/3738/1 6764/3536/1 6763/3540/1
f 6797/3543/1 6539/3712/1 6798/2678/1
f 6797/3543/1 6540/3713/1 6539/3712/1
f 6635/3736/1 6764/3536/1 6636/3738/1
f 6635/3736/1 6765/2522/1 6764/3536/1
f 6635/3736/1 6766/3531/1 6765/2522/1
f 6635/3736/1 6767/3530/1 6766/3531/1
f 6634/3734/1 6767/3530/1 6635/3736/1
f 6796/3542/1 6540/3713/1 6797/3543/1
f 6634/3734/1 6768/3528/1 6767/3530/1
f 6634/3734/1 6769/3526/1 6768/3528/1
f 6633/2286/1 6769/3526/1 6634/3734/1
f 6796/3542/1 6541/3714/1 6540/3713/1
f 6633/2286/1 6770/3524/1 6769/3526/1
f 6795/3541/1 6541/3714/1 6796/3542/1
f 6632/3731/1 6770/3524/1 6633/2286/1
f 6632/3731/1 6771/3522/1 6770/3524/1
f 6632/3731/1 6772/3520/1 6771/3522/1
f 6631/3725/1 6772/3520/1 6632/3731/1
f 6631/3725/1 6773/3518/1 6772/3520/1
f 6794/3539/1 6541/3714/1 6795/3541/1
f 6794/3539/1 6542/3715/1 6541/3714/1
f 6630/3722/1 6773/3518/1 6631/3725/1
f 6630/3722/1 6774/3516/1 6773/3518/1
f 6630/3722/1 6775/3514/1 6774/3516/1
f 6629/3726/1 6775/3514/1 6630/3722/1
f 6629/3726/1 6776/2566/1 6775/3514/1
f 6793/3538/1 6542/3715/1 6794/3539/1
f 6629/3726/1 6777/3513/1 6776/2566/1
f 6628/3727/1 6777/3513/1 6629/3726/1
f 6628/3727/1 6778/3512/1 6777/3513/1
f 6628/3727/1 6779/3515/1 6778/3512/1
f 6792/3537/1 6542/3715/1 6793/3538/1
f 6628/3727/1 6780/3517/1 6779/3515/1
f 6627/3810/1 6780/3517/1 6628/3727/1
f 6627/3810/1 6781/3519/1 6780/3517/1
f 6792/3537/1 6543/3716/1 6542/3715/1
f 6627/3810/1 6782/3521/1 6781/3519/1
f 6627/3810/1 6783/3523/1 6782/3521/1
f 6627/3810/1 6784/3525/1 6783/3523/1
f 6627/3810/1 6785/3527/1 6784/3525/1
f 6791/3535/1 6543/3716/1 6792/3537/1
f 6627/3810/1 6786/3529/1 6785/3527/1
f 6627/3810/1 6787/2650/1 6786/3529/1
f 6627/3810/1 6788/3532/1 6787/2650/1
f 6627/3810/1 6789/3533/1 6788/3532/1
f 6627/3810/1 6790/3534/1 6789/3533/1
f 6627/3810/1 6791/3535/1 6790/3534/1
f 6627/3810/1 6543/3716/1 6791/3535/1
f 6626/3808/1 6543/3716/1 6627/3810/1
f 6625/3807/1 6543/3716/1 6626/3808/1
f 6624/3804/1 6543/3716/1 6625/3807/1
f 6623/3803/1 6543/3716/1 6624/3804/1
f 6623/3803/1 6544/3717/1 6543/3716/1
f 6622/2246/1 6544/3717/1 6623/3803/1
f 6621/3800/1 6544/3717/1 6622/2246/1
f 6620/3798/1 6544/3717/1 6621/3800/1
f 6619/3794/1 6544/3717/1 6620/3798/1
f 6618/3792/1 6544/3717/1 6619/3794/1
f 6617/3789/1 6544/3717/1 6618/3792/1
f 6616/3783/1 6544/3717/1 6617/3789/1
f 6615/3784/1 6544/3717/1 6616/3783/1
f 6614/3782/1 6544/3717/1 6615/3784/1
f 6613/3811/1 6544/3717/1 6614/3782/1
f 6613/3811/1 6545/2632/1 6544/3717/1
f 6612/3812/1 6545/2632/1 6613/3811/1
f 6611/2268/1 6545/2632/1 6612/3812/1
f 6610/3813/1 6545/2632/1 6611/2268/1
f 6609/3814/1 6545/2632/1 6610/3813/1
f 6608/3815/1 6545/2632/1 6609/3814/1
f 6608/3815/1 6546/3718/1 6545/2632/1
f 6607/3816/1 6546/3718/1 6608/3815/1
f 6606/3817/1 6546/3718/1 6607/3816/1
f 6605/3818/1 6546/3718/1 6606/3817/1
f 6604/3843/1 6586/3846/1 6605/3818/1
f 6586/3846/1 6585/3845/1 6605/3818/1
f 6585/3845/1 6546/3718/1 6605/3818/1
f 6585/3845/1 6584/3844/1 6546/3718/1
f 6584/3844/1 6583/3823/1 6546/3718/1
f 6583/3823/1 6582/3806/1 6546/3718/1
f 6582/3806/1 6547/3719/1 6546/3718/1
f 6604/3843/1 6587/3847/1 6586/3846/1
f 6581/3796/1 6547/3719/1 6582/3806/1
f 6604/3843/1 6588/3849/1 6587/3847/1
f 6580/3779/1 6547/3719/1 6581/3796/1
f 6579/3774/1 6547/3719/1 6580/3779/1
f 6604/3843/1 6589/2302/1 6588/3849/1
f 6578/2323/1 6547/3719/1 6579/3774/1
f 6577/3772/1 6547/3719/1 6578/2323/1
f 6604/3843/1 6590/3850/1 6589/2302/1
f 6576/3769/1 6547/3719/1 6577/3772/1
f 6575/3767/1 6547/3719/1 6576/3769/1
f 6603/3848/1 6590/3850/1 6604/3843/1
f 6603/3848/1 6591/3851/1 6590/3850/1
f 6574/3765/1 6547/3719/1 6575/3767/1
f 6573/3764/1 6547/3719/1 6574/3765/1
f 6603/3848/1 6592/3852/1 6591/3851/1
f 6572/3762/1 6547/3719/1 6573/3764/1
f 6571/3759/1 6547/3719/1 6572/3762/1
f 6603/3848/1 6593/3853/1 6592/3852/1
f 6602/3854/1 6593/3853/1 6603/3848/1
f 6570/3757/1 6547/3719/1 6571/3759/1
f 6602/3854/1 6594/3855/1 6593/3853/1
f 6569/3755/1 6547/3719/1 6570/3757/1
f 6568/3753/1 6547/3719/1 6569/3755/1
f 6602/3854/1 6595/3856/1 6594/3855/1
f 6601/3861/1 6595/3856/1 6602/3854/1
f 6567/2573/1 6547/3719/1 6568/3753/1
f 6566/3749/1 6547/3719/1 6567/2573/1
f 6565/3750/1 6547/3719/1 6566/3749/1
f 6601/3861/1 6596/3857/1 6595/3856/1
f 6564/3748/1 6547/3719/1 6565/3750/1
f 6563/3751/1 6547/3719/1 6564/3748/1
f 6600/2284/1 6596/3857/1 6601/3861/1
f 6562/3754/1 6547/3719/1 6563/3751/1
f 6561/3756/1 6547/3719/1 6562/3754/1
f 6560/3758/1 6547/3719/1 6561/3756/1
f 6560/3758/1 6548/3720/1 6547/3719/1
f 6600/2284/1 6597/3858/1 6596/3857/1
f 6599/3860/1 6597/3858/1 6600/2284/1
f 6559/3761/1 6548/3720/1 6560/3758/1
f 6598/3859/1 6597/3858/1 6599/3860/1
f 6558/3763/1 6548/3720/1 6559/3761/1
f 6557/3766/1 6548/3720/1 6558/3763/1
f 6556/2610/1 6548/3720/1 6557/3766/1
f 6555/3770/1 6548/3720/1 6556/2610/1
f 6554/3773/1 6548/3720/1 6555/3770/1
f 6554/3773/1 6549/3723/1 6548/3720/1
f 6553/3775/1 6549/3723/1 6554/3773/1
f 6552/3729/1 6549/3723/1 6553/3775/1
f 6551/3728/1 6549/3723/1 6552/3729/1
f 6550/3724/1 6549/3723/1 6551/3728/1
f 7260/5802/1 7262/5803/1 7261/5804/1
f 7260/5802/1 7263/5805/1 7262/5803/1
f 7260/5802/1 7264/5806/1 7263/5805/1
f 7259/5807/1 7264/5806/1 7260/5802/1
f 7259/5807/1 7265/5808/1 7264/5806/1
f 7259/5807/1 7266/5809/1 7265/5808/1
f 7258/5810/1 7266/5809/1 7259/5807/1
f 7258/5810/1 7267/5811/1 7266/5809/1
f 7258/5810/1 7268/5812/1 7267/5811/1
f 7257/5813/1 7268/5812/1 7258/5810/1
f 7257/5813/1 7269/5814/1 7268/5812/1
f 7257/5813/1 7270/5815/1 7269/5814/1
f 7256/5816/1 7270/5815/1 7257/5813/1
f 7256/5816/1 7271/5817/1 7270/5815/1
f 7256/5816/1 7272/5818/1 7271/5817/1
f 7255/5819/1 7272/5818/1 7256/5816/1
f 7255/5819/1 7273/5820/1 7272/5818/1
f 7255/5819/1 7274/5821/1 7273/5820/1
f 7255/5819/1 7275/5822/1 7274/5821/1
f 7254/5823/1 7275/5822/1 7255/5819/1
f 7254/5823/1 7276/5824/1 7275/5822/1
f 7254/5823/1 7277/5825/1 7276/5824/1
f 7254/5823/1 7278/5826/1 7277/5825/1
f 7253/5827/1 7278/5826/1 7254/5823/1
f 7253/5827/1 7279/5828/1 7278/5826/1
f 7296/503/1 6888/5829/1 6887/631/1
f 7253/5827/1 7280/5830/1 7279/5828/1
f 7295/5831/1 6888/5829/1 7296/503/1
f 7294/5832/1 6888/5829/1 7295/5831/1
f 7253/5827/1 7281/5833/1 7280/5830/1
f 7293/5834/1 6888/5829/1 7294/5832/1
f 7292/5835/1 6888/5829/1 7293/5834/1
f 7253/5827/1 7282/5836/1 7281/5833/1
f 7291/5837/1 6888/5829/1 7292/5835/1
f 7290/5838/1 6888/5829/1 7291/5837/1
f 7253/5827/1 7283/5839/1 7282/5836/1
f 7289/5840/1 6888/5829/1 7290/5838/1
f 7288/5841/1 6888/5829/1 7289/5840/1
f 7253/5827/1 7284/5842/1 7283/5839/1
f 7287/5843/1 6888/5829/1 7288/5841/1
f 7286/5844/1 6888/5829/1 7287/5843/1
f 7253/5827/1 7285/5845/1 7284/5842/1
f 7285/5845/1 6888/5829/1 7286/5844/1
f 7253/5827/1 6888/5829/1 7285/5845/1
f 7252/5846/1 6888/5829/1 7253/5827/1
f 7251/5847/1 6972/5848/1 7252/5846/1
f 6972/5848/1 6971/5849/1 7252/5846/1
f 6971/5849/1 6888/5829/1 7252/5846/1
f 6970/5850/1 6888/5829/1 6971/5849/1
f 6970/5850/1 6969/5851/1 6888/5829/1
f 6969/5851/1 6889/5852/1 6888/5829/1
f 7251/5847/1 6973/5853/1 6972/5848/1
f 6968/5854/1 6889/5852/1 6969/5851/1
f 7251/5847/1 6974/5855/1 6973/5853/1
f 6967/5856/1 6889/5852/1 6968/5854/1
f 7251/5847/1 6975/5857/1 6974/5855/1
f 6966/5858/1 6889/5852/1 6967/5856/1
f 7250/5859/1 6975/5857/1 7251/5847/1
f 7250/5859/1 6976/5860/1 6975/5857/1
f 6965/5861/1 6889/5852/1 6966/5858/1
f 7250/5859/1 6977/5862/1 6976/5860/1
f 6964/5863/1 6889/5852/1 6965/5861/1
f 7249/5864/1 6977/5862/1 7250/5859/1
f 6963/5865/1 6889/5852/1 6964/5863/1
f 7249/5864/1 6978/5866/1 6977/5862/1
f 6963/5865/1 6890/5867/1 6889/5852/1
f 6962/5868/1 6890/5867/1 6963/5865/1
f 7249/5864/1 6979/5869/1 6978/5866/1
f 6961/5870/1 6890/5867/1 6962/5868/1
f 7248/5871/1 6979/5869/1 7249/5864/1
f 7248/5871/1 6980/5872/1 6979/5869/1
f 6960/5873/1 6890/5867/1 6961/5870/1
f 7248/5871/1 6981/5874/1 6980/5872/1
f 6960/5873/1 6891/5875/1 6890/5867/1
f 6959/5876/1 6891/5875/1 6960/5873/1
f 7247/5877/1 6981/5874/1 7248/5871/1
f 7247/5877/1 6982/5878/1 6981/5874/1
f 6958/5879/1 6891/5875/1 6959/5876/1
f 7246/5880/1 6982/5878/1 7247/5877/1
f 7246/5880/1 6983/5881/1 6982/5878/1
f 6957/5882/1 6891/5875/1 6958/5879/1
f 6957/5882/1 6892/5883/1 6891/5875/1
f 7246/5880/1 6984/5884/1 6983/5881/1
f 6956/5885/1 6892/5883/1 6957/5882/1
f 7245/5886/1 6984/5884/1 7246/5880/1
f 7245/5886/1 6985/5887/1 6984/5884/1
f 6956/5885/1 6893/5888/1 6892/5883/1
f 6955/5889/1 6893/5888/1 6956/5885/1
f 7244/5890/1 6985/5887/1 7245/5886/1
f 7244/5890/1 6986/5891/1 6985/5887/1
f 6954/5892/1 6893/5888/1 6955/5889/1
f 7244/5890/1 6987/5893/1 6986/5891/1
f 6954/5892/1 6894/5894/1 6893/5888/1
f 7243/5895/1 6987/5893/1 7244/5890/1
f 7243/5895/1 6988/5896/1 6987/5893/1
f 6953/5897/1 6894/5894/1 6954/5892/1
f 7243/5895/1 6989/5898/1 6988/5896/1
f 7242/5899/1 6989/5898/1 7243/5895/1
f 6953/5897/1 6895/5900/1 6894/5894/1
f 6952/5901/1 6895/5900/1 6953/5897/1
f 7242/5899/1 6990/5902/1 6989/5898/1
f 7241/5903/1 6990/5902/1 7242/5899/1
f 7241/5903/1 6991/5904/1 6990/5902/1
f 6951/5905/1 6895/5900/1 6952/5901/1
f 6951/5905/1 6896/5906/1 6895/5900/1
f 7241/5903/1 6992/5907/1 6991/5904/1
f 7240/5908/1 6992/5907/1 7241/5903/1
f 6950/5909/1 6896/5906/1 6951/5905/1
f 7240/5908/1 6993/5910/1 6992/5907/1
f 6950/5909/1 6897/5911/1 6896/5906/1
f 7239/5912/1 6993/5910/1 7240/5908/1
f 7239/5912/1 6994/5913/1 6993/5910/1
f 6949/5914/1 6897/5911/1 6950/5909/1
f 6949/5914/1 6898/5915/1 6897/5911/1
f 7239/5912/1 6995/5916/1 6994/5913/1
f 6948/5917/1 6898/5915/1 6949/5914/1
f 7238/5918/1 6995/5916/1 7239/5912/1
f 7238/5918/1 6996/5919/1 6995/5916/1
f 6948/5917/1 6899/5920/1 6898/5915/1
f 6947/5921/1 6899/5920/1 6948/5917/1
f 7238/5918/1 6997/5922/1 6996/5919/1
f 7237/5923/1 6997/5922/1 7238/5918/1
f 7237/5923/1 6998/5924/1 6997/5922/1
f 6947/5921/1 6900/5925/1 6899/5920/1
f 6947/5921/1 6901/5926/1 6900/5925/1
f 6947/5921/1 6902/5927/1 6901/5926/1
f 6947/5921/1 6903/5928/1 6902/5927/1
f 6947/5921/1 6904/5929/1 6903/5928/1
f 6947/5921/1 6905/5930/1 6904/5929/1
f 6947/5921/1 6906/5931/1 6905/5930/1
f 6947/5921/1 6907/5932/1 6906/5931/1
f 6947/5921/1 6908/5933/1 6907/5932/1
f 6947/5921/1 6909/5934/1 6908/5933/1
f 6947/5921/1 6910/5935/1 6909/5934/1
f 6947/5921/1 6911/5936/1 6910/5935/1
f 6947/5921/1 6912/5937/1 6911/5936/1
f 6946/5938/1 6912/5937/1 6947/5921/1
f 6946/5938/1 6913/5939/1 6912/5937/1
f 6945/5940/1 6913/5939/1 6946/5938/1
f 6945/5940/1 6914/5941/1 6913/5939/1
f 7236/5942/1 6998/5924/1 7237/5923/1
f 6944/5943/1 6914/5941/1 6945/5940/1
f 6944/5943/1 6915/5944/1 6914/5941/1
f 7236/5942/1 6999/5945/1 6998/5924/1
f 6944/5943/1 6916/5946/1 6915/5944/1
f 6943/5947/1 6916/5946/1 6944/5943/1
f 6943/5947/1 6917/5948/1 6916/5946/1
f 6942/5949/1 6917/5948/1 6943/5947/1
f 6942/5949/1 6918/5950/1 6917/5948/1
f 6941/5951/1 6918/5950/1 6942/5949/1
f 6941/5951/1 6919/5952/1 6918/5950/1
f 6940/5953/1 6919/5952/1 6941/5951/1
f 6940/5953/1 6920/5954/1 6919/5952/1
f 6939/5955/1 6920/5954/1 6940/5953/1
f 6939/5955/1 6921/5956/1 6920/5954/1
f 6938/5957/1 6921/5956/1 6939/5955/1
f 6938/5957/1 6922/5958/1 6921/5956/1
f 6937/5959/1 6922/5958/1 6938/5957/1
f 6937/5959/1 6923/5960/1 6922/5958/1
f 6936/5961/1 6923/5960/1 6937/5959/1
f 6935/5962/1 6923/5960/1 6936/5961/1
f 6934/5963/1 6923/5960/1 6935/5962/1
f 6933/5964/1 6923/5960/1 6934/5963/1
f 6932/5965/2 6923/5960/2 6933/5964/2
f 6931/5966/1 6923/5960/1 6932/5965/1
f 6930/5967/1 6923/5960/1 6931/5966/1
f 6929/5968/2 6923/5960/2 6930/5967/2
f 6928/5969/1 6923/5960/1 6929/5968/1
f 6927/5970/1 6923/5960/1 6928/5969/1
f 6926/5971/1 6923/5960/1 6927/5970/1
f 6925/5972/1 6923/5960/1 6926/5971/1
f 6924/5973/1 6923/5960/1 6925/5972/1
f 7236/5942/1 7000/5974/1 6999/5945/1
f 7235/5975/1 7000/5974/1 7236/5942/1
f 7235/5975/1 7001/5976/1 7000/5974/1
f 7234/5977/1 7001/5976/1 7235/5975/1
f 7234/5977/1 7002/5978/1 7001/5976/1
f 7234/5977/1 7003/5979/1 7002/5978/1
f 7233/5980/1 7003/5979/1 7234/5977/1
f 7233/5980/1 7004/5981/1 7003/5979/1
f 7232/5982/1 7004/5981/1 7233/5980/1
f 7232/5982/1 7005/5983/1 7004/5981/1
f 7232/5982/1 7006/5984/1 7005/5983/1
f 7231/5985/1 7006/5984/1 7232/5982/1
f 7231/5985/1 7007/5986/1 7006/5984/1
f 7231/5985/1 7008/5987/1 7007/5986/1
f 7230/5988/1 7008/5987/1 7231/5985/1
f 7230/5988/1 7009/5989/1 7008/5987/1
f 7229/5990/1 7009/5989/1 7230/5988/1
f 7229/5990/1 7010/5991/1 7009/5989/1
f 7229/5990/1 7011/5992/1 7010/5991/1
f 7228/5993/1 7011/5992/1 7229/5990/1
f 7228/5993/1 7012/5994/1 7011/5992/1
f 7228/5993/1 7013/5995/1 7012/5994/1
f 7227/5996/1 7013/5995/1 7228/5993/1
f 7227/5996/1 7014/5997/1 7013/5995/1
f 7226/5998/1 7014/5997/1 7227/5996/1
f 7226/5998/1 7015/5999/1 7014/5997/1
f 7226/5998/1 7016/6000/1 7015/5999/1
f 7225/6001/1 7016/6000/1 7226/5998/1
f 7225/6001/1 7017/6002/1 7016/6000/1
f 7224/6003/1 7017/6002/1 7225/6001/1
f 7224/6003/1 7018/6004/1 7017/6002/1
f 7223/6005/1 7018/6004/1 7224/6003/1
f 7223/6005/1 7019/6006/1 7018/6004/1
f 7222/6007/1 7019/6006/1 7223/6005/1
f 7222/6007/1 7020/6008/1 7019/6006/1
f 7221/6009/1 7020/6008/1 7222/6007/1
f 7220/6010/1 7020/6008/1 7221/6009/1
f 7219/6011/1 7020/6008/1 7220/6010/1
f 7218/6012/1 7020/6008/1 7219/6011/1
f 7218/6012/1 7021/6013/1 7020/6008/1
f 7217/6014/1 7021/6013/1 7218/6012/1
f 7217/6014/1 7022/6015/1 7021/6013/1
f 7216/6016/1 7022/6015/1 7217/6014/1
f 7216/6016/1 7023/6017/1 7022/6015/1
f 7215/6018/1 7023/6017/1 7216/6016/1
f 7215/6018/1 7024/6019/1 7023/6017/1
f 7214/6020/1 7024/6019/1 7215/6018/1
f 7214/6020/1 7025/6021/1 7024/6019/1
f 7213/6022/1 7025/6021/1 7214/6020/1
f 7213/6022/1 7026/6023/1 7025/6021/1
f 7212/6024/1 7026/6023/1 7213/6022/1
f 7212/6024/1 7027/6025/1 7026/6023/1
f 7212/6024/1 7028/6026/1 7027/6025/1
f 7212/6024/1 7029/6027/1 7028/6026/1
f 7211/6028/1 7029/6027/1 7212/6024/1
f 7211/6028/1 7030/6029/1 7029/6027/1
f 7210/6030/1 7030/6029/1 7211/6028/1
f 7210/6030/1 7031/6031/1 7030/6029/1
f 7209/6032/1 7031/6031/1 7210/6030/1
f 7209/6032/1 7032/6033/1 7031/6031/1
f 7208/6034/1 7032/6033/1 7209/6032/1
f 7208/6034/1 7033/6035/1 7032/6033/1
f 7207/6036/1 7033/6035/1 7208/6034/1
f 7206/6037/1 7033/6035/1 7207/6036/1
f 7206/6037/1 7034/6038/1 7033/6035/1
f 7205/6039/1 7034/6038/1 7206/6037/1
f 7205/6039/1 7035/6040/1 7034/6038/1
f 7204/6041/1 7035/6040/1 7205/6039/1
f 7203/6042/1 7035/6040/1 7204/6041/1
f 7203/6042/1 7036/6043/1 7035/6040/1
f 7202/6044/1 7036/6043/1 7203/6042/1
f 7201/6045/1 7036/6043/1 7202/6044/1
f 7201/6045/1 7037/6046/1 7036/6043/1
f 7200/6047/1 7037/6046/1 7201/6045/1
f 7200/6047/1 7038/6048/1 7037/6046/1
f 7199/6049/1 7038/6048/1 7200/6047/1
f 7198/6050/1 7038/6048/1 7199/6049/1
f 7198/6050/1 7039/6051/1 7038/6048/1
f 7197/6052/1 7039/6051/1 7198/6050/1
f 7197/6052/1 7040/6053/1 7039/6051/1
f 7196/6054/1 7040/6053/1 7197/6052/1
f 7196/6054/1 7041/6055/1 7040/6053/1
f 7195/6056/1 7041/6055/1 7196/6054/1
f 7194/6057/1 7041/6055/1 7195/6056/1
f 7194/6057/1 7042/6058/1 7041/6055/1
f 7193/6059/1 7042/6058/1 7194/6057/1
f 7193/6059/1 7043/6060/1 7042/6058/1
f 7192/6061/1 7043/6060/1 7193/6059/1
f 7192/6061/1 7044/6062/1 7043/6060/1
f 7191/6063/1 7044/6062/1 7192/6061/1
f 7191/6063/1 7045/6064/1 7044/6062/1
f 7190/6065/1 7045/6064/1 7191/6063/1
f 7127/6066/1 7129/6067/1 7128/6068/1
f 7126/6069/1 7129/6067/1 7127/6066/1
f 7125/6070/1 7129/6067/1 7126/6069/1
f 7124/6071/1 7129/6067/1 7125/6070/1
f 7124/6071/1 7130/6072/1 7129/6067/1
f 7123/6073/1 7130/6072/1 7124/6071/1
f 7122/6074/1 7130/6072/1 7123/6073/1
f 7121/6075/1 7130/6072/1 7122/6074/1
f 7120/6076/1 7130/6072/1 7121/6075/1
f 7120/6076/1 7131/6077/1 7130/6072/1
f 7119/6078/1 7131/6077/1 7120/6076/1
f 7118/6079/1 7131/6077/1 7119/6078/1
f 7117/6080/1 7131/6077/1 7118/6079/1
f 7116/6081/1 7131/6077/1 7117/6080/1
f 7116/6081/1 7132/6082/1 7131/6077/1
f 7115/6083/1 7132/6082/1 7116/6081/1
f 7115/6083/1 7133/6084/1 7132/6082/1
f 7114/6085/1 7133/6084/1 7115/6083/1
f 7114/6085/1 7134/6086/1 7133/6084/1
f 7113/6087/1 7134/6086/1 7114/6085/1
f 7112/6088/1 7134/6086/1 7113/6087/1
f 7112/6088/1 7135/6089/1 7134/6086/1
f 7111/6090/1 7135/6089/1 7112/6088/1
f 7111/6090/1 7136/6091/1 7135/6089/1
f 7110/6092/1 7136/6091/1 7111/6090/1
f 7110/6092/1 7137/6093/1 7136/6091/1
f 7109/6094/1 7137/6093/1 7110/6092/1
f 7109/6094/1 7138/6095/1 7137/6093/1
f 7108/6096/1 7138/6095/1 7109/6094/1
f 7107/6097/1 7138/6095/1 7108/6096/1
f 7107/6097/1 7139/6098/1 7138/6095/1
f 7106/6099/1 7139/6098/1 7107/6097/1
f 7106/6099/1 7140/6100/1 7139/6098/1
f 7105/6101/1 7140/6100/1 7106/6099/1
f 7105/6101/1 7141/6102/1 7140/6100/1
f 7104/6103/1 7141/6102/1 7105/6101/1
f 7103/6104/1 7141/6102/1 7104/6103/1
f 7102/6105/1 7141/6102/1 7103/6104/1
f 7101/6106/1 7141/6102/1 7102/6105/1
f 7100/6107/1 7141/6102/1 7101/6106/1
f 7099/6108/1 7141/6102/1 7100/6107/1
f 7098/6109/1 7141/6102/1 7099/6108/1
f 7189/6110/1 7045/6064/1 7190/6065/1
f 7097/6111/1 7141/6102/1 7098/6109/1
f 7096/6112/1 7141/6102/1 7097/6111/1
f 7095/6113/1 7141/6102/1 7096/6112/1
f 7094/6114/1 7141/6102/1 7095/6113/1
f 7093/6115/1 7141/6102/1 7094/6114/1
f 7092/6116/1 7141/6102/1 7093/6115/1
f 7091/6117/1 7141/6102/1 7092/6116/1
f 7189/6110/1 7046/6118/1 7045/6064/1
f 7188/6119/1 7046/6118/1 7189/6110/1
f 7091/6117/1 7142/6120/1 7141/6102/1
f 7188/6119/1 7047/6121/1 7046/6118/1
f 7090/6122/1 7142/6120/1 7091/6117/1
f 7187/6123/1 7047/6121/1 7188/6119/1
f 7090/6122/1 7143/6124/1 7142/6120/1
f 7187/6123/1 7048/6125/1 7047/6121/1
f 7186/6126/1 7048/6125/1 7187/6123/1
f 7089/6127/1 7143/6124/1 7090/6122/1
f 7089/6127/1 7144/6128/1 7143/6124/1
f 7185/6129/1 7048/6125/1 7186/6126/1
f 7185/6129/1 7049/6130/1 7048/6125/1
f 7088/6131/1 7144/6128/1 7089/6127/1
f 7184/6132/1 7049/6130/1 7185/6129/1
f 7088/6131/1 7145/6133/1 7144/6128/1
f 7184/6132/1 7050/6134/1 7049/6130/1
f 7183/6135/1 7050/6134/1 7184/6132/1
f 7087/6136/1 7145/6133/1 7088/6131/1
f 7087/6136/1 7146/6137/1 7145/6133/1
f 7182/6138/1 7050/6134/1 7183/6135/1
f 7182/6138/1 7051/6139/1 7050/6134/1
f 7181/6140/1 7051/6139/1 7182/6138/1
f 7087/6136/1 7147/6141/1 7146/6137/1
f 7086/6142/1 7147/6141/1 7087/6136/1
f 7180/6143/1 7051/6139/1 7181/6140/1
f 7180/6143/1 7052/6144/1 7051/6139/1
f 7086/6142/1 7148/6145/1 7147/6141/1
f 7179/6146/1 7052/6144/1 7180/6143/1
f 7085/6147/1 7148/6145/1 7086/6142/1
f 7179/6146/1 7053/6148/1 7052/6144/1
f 7085/6147/1 7149/6149/1 7148/6145/1
f 7178/6150/1 7053/6148/1 7179/6146/1
f 7177/6151/1 7053/6148/1 7178/6150/1
f 7177/6151/1 7054/6152/1 7053/6148/1
f 7084/6153/1 7149/6149/1 7085/6147/1
f 7084/6153/1 7150/6154/1 7149/6149/1
f 7176/6155/1 7054/6152/1 7177/6151/1
f 7176/6155/1 7055/6156/1 7054/6152/1
f 7084/6153/1 7151/6157/1 7150/6154/1
f 7175/6158/1 7055/6156/1 7176/6155/1
f 7083/6159/1 7151/6157/1 7084/6153/1
f 7083/6159/1 7152/6160/1 7151/6157/1
f 7175/6158/1 7056/6161/1 7055/6156/1
f 7174/6162/1 7056/6161/1 7175/6158/1
f 7082/6163/1 7152/6160/1 7083/6159/1
f 7082/6163/1 7153/6164/1 7152/6160/1
f 7173/6165/1 7056/6161/1 7174/6162/1
f 7173/6165/1 7057/6166/1 7056/6161/1
f 7082/6163/1 7154/6167/1 7153/6164/1
f 7172/6168/1 7057/6166/1 7173/6165/1
f 7081/6169/1 7154/6167/1 7082/6163/1
f 7081/6169/1 7155/6170/1 7154/6167/1
f 7172/6168/1 7058/6171/1 7057/6166/1
f 7171/6172/1 7058/6171/1 7172/6168/1
f 7081/6169/1 7156/6173/1 7155/6170/1
f 7170/6174/1 7058/6171/1 7171/6172/1
f 7081/6169/1 7157/6175/1 7156/6173/1
f 7170/6174/1 7059/6176/1 7058/6171/1
f 7080/6177/1 7157/6175/1 7081/6169/1
f 7080/6177/1 7158/6178/1 7157/6175/1
f 7169/6179/1 7059/6176/1 7170/6174/1
f 7080/6177/1 7159/6180/1 7158/6178/1
f 7168/6181/1 7059/6176/1 7169/6179/1
f 7168/6181/1 7060/6182/1 7059/6176/1
f 7080/6177/1 7160/6183/1 7159/6180/1
f 7167/6184/1 7060/6182/1 7168/6181/1
f 7079/6185/1 7160/6183/1 7080/6177/1
f 7079/6185/1 7161/6186/1 7160/6183/1
f 7166/6187/1 7060/6182/1 7167/6184/1
f 7079/6185/1 7162/6188/1 7161/6186/1
f 7165/6189/1 7060/6182/1 7166/6187/1
f 7079/6185/1 7163/6190/1 7162/6188/1
f 7164/6191/1 7060/6182/1 7165/6189/1
f 7079/6185/1 7164/6191/1 7163/6190/1
f 7079/6185/1 7060/6182/1 7164/6191/1
f 7079/6185/1 7061/6192/1 7060/6182/1
f 7078/6193/1 7061/6192/1 7079/6185/1
f 7077/6194/1 7061/6192/1 7078/6193/1
f 7077/6194/1 7062/6195/1 7061/6192/1
f 7076/6196/1 7062/6195/1 7077/6194/1
f 7076/6196/1 7063/6197/1 7062/6195/1
f 7075/6198/1 7063/6197/1 7076/6196/1
f 7074/6199/1 7063/6197/1 7075/6198/1
f 7074/6199/1 7064/6200/1 7063/6197/1
f 7073/6201/1 7064/6200/1 7074/6199/1
f 7073/6201/1 7065/6202/1 7064/6200/1
f 7072/6203/1 7065/6202/1 7073/6201/1
f 7072/6203/1 7066/6204/1 7065/6202/1
f 7071/6205/1 7066/6204/1 7072/6203/1
f 7070/6206/1 7066/6204/1 7071/6205/1
f 7070/6206/1 7067/6207/1 7066/6204/1
f 7069/6208/1 7067/6207/1 7070/6206/1
f 7069/6208/1 7068/6209/1 7067/6207/1
f 7479/6210/1 7481/6211/1 7480/6212/1
f 7479/6210/1 7482/6213/1 7481/6211/1
f 7479/6210/1 7483/6214/1 7482/6213/1
f 7479/6210/1 7484/6215/1 7483/6214/1
f 7479/6210/1 7485/6216/1 7484/6215/1
f 7479/6210/1 7486/6217/1 7485/6216/1
f 7479/6210/1 7487/6218/1 7486/6217/1
f 7479/6210/1 7488/6219/1 7487/6218/1
f 7479/6210/1 7489/6220/1 7488/6219/1
f 7479/6210/1 7490/6221/1 7489/6220/1
f 7479/6210/1 7491/6222/1 7490/6221/1
f 7479/6210/1 7492/6223/1 7491/6222/1
f 7479/6210/1 7493/6224/1 7492/6223/1
f 7478/6225/1 7493/6224/1 7479/6210/1
f 7477/6226/1 7493/6224/1 7478/6225/1
f 7476/6227/1 7493/6224/1 7477/6226/1
f 7476/6227/1 7494/6228/1 7493/6224/1
f 7475/6229/1 7494/6228/1 7476/6227/1
f 7474/6230/1 7494/6228/1 7475/6229/1
f 7474/6230/1 7650/6231/1 7494/6228/1
f 7650/6231/1 7495/6232/1 7494/6228/1
f 7473/6233/1 7650/6231/1 7474/6230/1
f 7473/6233/1 7651/6234/1 7650/6231/1
f 7723/503/1 7495/6232/1 7650/6231/1
f 7722/6235/1 7495/6232/1 7723/503/1
f 7473/6233/1 7652/6236/1 7651/6234/1
f 7721/6237/1 7495/6232/1 7722/6235/1
f 7473/6233/1 7653/6238/1 7652/6236/1
f 7720/6239/1 7495/6232/1 7721/6237/1
f 7473/6233/1 7654/6240/1 7653/6238/1
f 7719/6241/1 7495/6232/1 7720/6239/1
f 7473/6233/1 7655/6242/1 7654/6240/1
f 7472/6243/1 7655/6242/1 7473/6233/1
f 7719/6241/1 7496/6244/1 7495/6232/1
f 7718/6245/1 7496/6244/1 7719/6241/1
f 7472/6243/1 7656/6246/1 7655/6242/1
f 7717/6247/1 7496/6244/1 7718/6245/1
f 7472/6243/1 7657/6248/1 7656/6246/1
f 7716/6249/1 7496/6244/1 7717/6247/1
f 7472/6243/1 7658/6250/1 7657/6248/1
f 7471/6251/1 7658/6250/1 7472/6243/1
f 7715/6252/1 7496/6244/1 7716/6249/1
f 7471/6251/1 7659/6253/1 7658/6250/1
f 7714/6254/1 7496/6244/1 7715/6252/1
f 7714/6254/1 7497/6255/1 7496/6244/1
f 7471/6251/1 7660/6256/1 7659/6253/1
f 7713/6257/1 7497/6255/1 7714/6254/1
f 7470/6258/1 7660/6256/1 7471/6251/1
f 7470/6258/1 7661/6259/1 7660/6256/1
f 7712/6260/1 7497/6255/1 7713/6257/1
f 7711/6261/1 7497/6255/1 7712/6260/1
f 7470/6258/1 7662/6262/1 7661/6259/1
f 7711/6261/1 7498/6263/1 7497/6255/1
f 7470/6258/1 7663/6264/1 7662/6262/1
f 7710/6265/1 7498/6263/1 7711/6261/1
f 7469/6266/1 7663/6264/1 7470/6258/1
f 7469/6266/1 7664/6267/1 7663/6264/1
f 7709/6268/1 7498/6263/1 7710/6265/1
f 7709/6268/1 7499/6269/1 7498/6263/1
f 7469/6266/1 7665/6270/1 7664/6267/1
f 7708/6271/1 7499/6269/1 7709/6268/1
f 7469/6266/1 7666/6272/1 7665/6270/1
f 7468/6273/1 7666/6272/1 7469/6266/1
f 7707/6274/1 7499/6269/1 7708/6271/1
f 7707/6274/1 7500/6275/1 7499/6269/1
f 7468/6273/1 7667/6276/1 7666/6272/1
f 7706/6277/1 7500/6275/1 7707/6274/1
f 7468/6273/1 7668/6278/1 7667/6276/1
f 7705/6279/1 7500/6275/1 7706/6277/1
f 7705/6279/1 7501/6280/1 7500/6275/1
f 7468/6273/1 7669/6281/1 7668/6278/1
f 7704/6282/1 7501/6280/1 7705/6279/1
f 7467/6283/1 7669/6281/1 7468/6273/1
f 7467/6283/1 7670/6284/1 7669/6281/1
f 7704/6282/1 7502/6285/1 7501/6280/1
f 7703/6286/1 7502/6285/1 7704/6282/1
f 7467/6283/1 7671/6287/1 7670/6284/1
f 7702/6288/1 7502/6285/1 7703/6286/1
f 7467/6283/1 7672/6289/1 7671/6287/1
f 7702/6288/1 7503/6290/1 7502/6285/1
f 7701/6291/1 7503/6290/1 7702/6288/1
f 7467/6283/1 7673/6292/1 7672/6289/1
f 7701/6291/1 7504/6293/1 7503/6290/1
f 7467/6283/1 7674/6294/1 7673/6292/1
f 7700/6295/1 7504/6293/1 7701/6291/1
f 7466/6296/1 7674/6294/1 7467/6283/1
f 7466/6296/1 7675/6297/1 7674/6294/1
f 7699/6298/1 7504/6293/1 7700/6295/1
f 7699/6298/1 7505/6299/1 7504/6293/1
f 7466/6296/1 7676/6300/1 7675/6297/1
f 7698/6301/1 7505/6299/1 7699/6298/1
f 7466/6296/1 7321/6302/1 7676/6300/1
f 7321/6302/1 7677/6303/1 7676/6300/1
f 7697/6304/1 7505/6299/1 7698/6301/1
f 7321/6302/1 7678/6305/1 7677/6303/1
f 7696/6306/1 7297/631/1 7697/6304/1
f 7297/631/1 7505/6299/1 7697/6304/1
f 7321/6302/1 7679/6307/1 7678/6305/1
f 7695/6308/1 7297/631/1 7696/6306/1
f 7321/6302/1 7680/6309/1 7679/6307/1
f 7694/6310/1 7297/631/1 7695/6308/1
f 7321/6302/1 7681/6311/1 7680/6309/1
f 7693/6312/1 7297/631/1 7694/6310/1
f 7321/6302/1 7682/6313/1 7681/6311/1
f 7692/6314/1 7297/631/1 7693/6312/1
f 7321/6302/1 7683/6315/1 7682/6313/1
f 7691/6316/1 7297/631/1 7692/6314/1
f 7321/6302/1 7684/6317/1 7683/6315/1
f 7690/6318/1 7297/631/1 7691/6316/1
f 7321/6302/1 7685/6319/1 7684/6317/1
f 7689/6320/1 7297/631/1 7690/6318/1
f 7321/6302/1 7686/6321/1 7685/6319/1
f 7688/6322/1 7297/631/1 7689/6320/1
f 7321/6302/1 7687/6323/1 7686/6321/1
f 7687/6323/1 7297/631/1 7688/6322/1
f 7321/6302/1 7320/6324/1 7687/6323/1
f 7320/6324/1 7319/6325/1 7687/6323/1
f 7319/6325/1 7318/6326/1 7687/6323/1
f 7318/6326/1 7317/6327/1 7687/6323/1
f 7317/6327/1 7316/6328/1 7687/6323/1
f 7316/6328/1 7315/6329/1 7687/6323/1
f 7315/6329/1 7314/6330/1 7687/6323/1
f 7314/6330/1 7313/6331/1 7687/6323/1
f 7313/6331/1 7312/6332/1 7687/6323/1
f 7312/6332/1 7311/6333/1 7687/6323/1
f 7311/6333/1 7310/6334/1 7687/6323/1
f 7310/6334/1 7309/6335/1 7687/6323/1
f 7309/6335/1 7308/6336/1 7687/6323/1
f 7308/6336/1 7307/6337/1 7687/6323/1
f 7307/6337/1 7306/6338/1 7687/6323/1
f 7306/6338/1 7305/6339/1 7687/6323/1
f 7305/6339/1 7304/6340/1 7687/6323/1
f 7304/6340/1 7303/6341/1 7687/6323/1
f 7303/6341/1 7302/6342/1 7687/6323/1
f 7302/6342/1 7301/6343/1 7687/6323/1
f 7301/6343/1 7300/6344/1 7687/6323/1
f 7300/6344/1 7299/6345/1 7687/6323/1
f 7299/6345/1 7298/6346/1 7687/6323/1
f 7298/6346/1 7297/631/1 7687/6323/1
f 7466/6296/1 7322/6347/1 7321/6302/1
f 7649/6348/1 7505/6299/1 7297/631/1
f 7465/6349/1 7322/6347/1 7466/6296/1
f 7465/6349/1 7323/6350/1 7322/6347/1
f 7649/6348/1 7506/6351/1 7505/6299/1
f 7465/6349/1 7324/6352/1 7323/6350/1
f 7648/6353/1 7506/6351/1 7649/6348/1
f 7464/6354/1 7324/6352/1 7465/6349/1
f 7648/6353/1 7507/6355/1 7506/6351/1
f 7464/6354/1 7325/6356/1 7324/6352/1
f 7647/6357/1 7507/6355/1 7648/6353/1
f 7463/6358/1 7325/6356/1 7464/6354/1
f 7463/6358/1 7326/6359/1 7325/6356/1
f 7646/6360/1 7507/6355/1 7647/6357/1
f 7646/6360/1 7508/6361/1 7507/6355/1
f 7645/6362/1 7508/6361/1 7646/6360/1
f 7463/6358/1 7327/6363/1 7326/6359/1
f 7462/6364/1 7327/6363/1 7463/6358/1
f 7645/6362/1 7509/6365/1 7508/6361/1
f 7644/6366/1 7509/6365/1 7645/6362/1
f 7462/6364/1 7328/6367/1 7327/6363/1
f 7461/6368/1 7328/6367/1 7462/6364/1
f 7644/6366/1 7510/1469/1 7509/6365/1
f 7643/6369/1 7510/1469/1 7644/6366/1
f 7461/6368/1 7329/6370/1 7328/6367/1
f 7642/6371/1 7510/1469/1 7643/6369/1
f 7460/6372/1 7329/6370/1 7461/6368/1
f 7460/6372/1 7330/6373/1 7329/6370/1
f 7642/6371/1 7511/6374/1 7510/1469/1
f 7641/6375/1 7511/6374/1 7642/6371/1
f 7460/6372/1 7331/6376/1 7330/6373/1
f 7459/6377/1 7331/6376/1 7460/6372/1
f 7641/6375/1 7512/6378/1 7511/6374/1
f 7640/6379/1 7512/6378/1 7641/6375/1
f 7459/6377/1 7332/6380/1 7331/6376/1
f 7639/6381/1 7512/6378/1 7640/6379/1
f 7458/6382/1 7332/6380/1 7459/6377/1
f 7639/6381/1 7513/6383/1 7512/6378/1
f 7458/6382/1 7333/6384/1 7332/6380/1
f 7638/6385/1 7513/6383/1 7639/6381/1
f 7458/6382/1 7334/6386/1 7333/6384/1
f 7637/6387/1 7513/6383/1 7638/6385/1
f 7637/6387/1 7514/6388/1 7513/6383/1
f 7457/6389/1 7334/6386/1 7458/6382/1
f 7636/6390/1 7514/6388/1 7637/6387/1
f 7457/6389/1 7335/6391/1 7334/6386/1
f 7635/6392/1 7514/6388/1 7636/6390/1
f 7457/6389/1 7336/6393/1 7335/6391/1
f 7635/6392/1 7515/6394/1 7514/6388/1
f 7456/6395/1 7336/6393/1 7457/6389/1
f 7634/6396/1 7515/6394/1 7635/6392/1
f 7456/6395/1 7337/6397/1 7336/6393/1
f 7633/6398/1 7515/6394/1 7634/6396/1
f 7456/6395/1 7338/6399/1 7337/6397/1
f 7632/6400/1 7515/6394/1 7633/6398/1
f 7456/6395/1 7339/6401/1 7338/6399/1
f 7631/6402/1 7515/6394/1 7632/6400/1
f 7456/6395/1 7340/6403/1 7339/6401/1
f 7455/6404/1 7340/6403/1 7456/6395/1
f 7631/6402/1 7516/6405/1 7515/6394/1
f 7630/6406/1 7516/6405/1 7631/6402/1
f 7455/6404/1 7341/6407/1 7340/6403/1
f 7629/6408/1 7516/6405/1 7630/6406/1
f 7455/6404/1 7342/6409/1 7341/6407/1
f 7455/6404/1 7343/6410/1 7342/6409/1
f 7628/6411/1 7516/6405/1 7629/6408/1
f 7454/6412/1 7343/6410/1 7455/6404/1
f 7628/6411/1 7517/6413/1 7516/6405/1
f 7454/6412/1 7344/6414/1 7343/6410/1
f 7627/6415/1 7517/6413/1 7628/6411/1
f 7454/6412/1 7345/6416/1 7344/6414/1
f 7626/6417/1 7517/6413/1 7627/6415/1
f 7454/6412/1 7346/6418/1 7345/6416/1
f 7453/6419/1 7346/6418/1 7454/6412/1
f 7625/6420/1 7517/6413/1 7626/6417/1
f 7453/6419/1 7347/6421/1 7346/6418/1
f 7625/6420/1 7518/6422/1 7517/6413/1
f 7624/6423/1 7518/6422/1 7625/6420/1
f 7453/6419/1 7348/6424/1 7347/6421/1
f 7624/6423/1 7519/6425/1 7518/6422/1
f 7452/6426/1 7348/6424/1 7453/6419/1
f 7623/6427/1 7519/6425/1 7624/6423/1
f 7452/6426/1 7349/6428/1 7348/6424/1
f 7623/6427/1 7520/6429/1 7519/6425/1
f 7451/6430/1 7349/6428/1 7452/6426/1
f 7451/6430/1 7350/6431/1 7349/6428/1
f 7623/6427/1 7521/6432/1 7520/6429/1
f 7622/6433/1 7521/6432/1 7623/6427/1
f 7450/6434/1 7350/6431/1 7451/6430/1
f 7450/6434/1 7351/6435/1 7350/6431/1
f 7622/6433/1 7522/6436/1 7521/6432/1
f 7621/6437/1 7522/6436/1 7622/6433/1
f 7450/6434/1 7352/6438/1 7351/6435/1
f 7621/6437/1 7523/6439/1 7522/6436/1
f 7449/6440/1 7352/6438/1 7450/6434/1
f 7449/6440/1 7353/6441/1 7352/6438/1
f 7620/6442/1 7523/6439/1 7621/6437/1
f 7620/6442/1 7524/6443/1 7523/6439/1
f 7448/6444/1 7353/6441/1 7449/6440/1
f 7448/6444/1 7354/6445/1 7353/6441/1
f 7620/6442/1 7525/6446/1 7524/6443/1
f 7619/6447/1 7525/6446/1 7620/6442/1
f 7448/6444/1 7355/6448/1 7354/6445/1
f 7619/6447/1 7526/6449/1 7525/6446/1
f 7447/6450/1 7355/6448/1 7448/6444/1
f 7447/6450/1 7356/6451/1 7355/6448/1
f 7618/6452/1 7526/6449/1 7619/6447/1
f 7618/6452/1 7527/6453/1 7526/6449/1
f 7447/6450/1 7357/6454/1 7356/6451/1
f 7618/6452/1 7528/6455/1 7527/6453/1
f 7446/6456/1 7357/6454/1 7447/6450/1
f 7617/6457/1 7528/6455/1 7618/6452/1
f 7446/6456/1 7358/6458/1 7357/6454/1
f 7617/6457/1 7529/6459/1 7528/6455/1
f 7446/6456/1 7359/6460/1 7358/6458/1
f 7445/6461/1 7359/6460/1 7446/6456/1
f 7445/6461/1 7360/6462/1 7359/6460/1
f 7617/6457/1 7530/6463/1 7529/6459/1
f 7616/6464/1 7530/6463/1 7617/6457/1
f 7445/6461/1 7361/6465/1 7360/6462/1
f 7616/6464/1 7531/6466/1 7530/6463/1
f 7445/6461/1 7362/6467/1 7361/6465/1
f 7616/6464/1 7532/6468/1 7531/6466/1
f 7445/6461/1 7363/6469/1 7362/6467/1
f 7616/6464/1 7533/6470/1 7532/6468/1
f 7444/6471/1 7363/6469/1 7445/6461/1
f 7444/6471/1 7364/6472/1 7363/6469/1
f 7615/6473/1 7533/6470/1 7616/6464/1
f 7615/6473/1 7534/6474/1 7533/6470/1
f 7444/6471/1 7365/6475/1 7364/6472/1
f 7615/6473/1 7535/6476/1 7534/6474/1
f 7444/6471/1 7366/6477/1 7365/6475/1
f 7615/6473/1 7536/6478/1 7535/6476/1
f 7443/6479/1 7366/6477/1 7444/6471/1
f 7614/6480/1 7536/6478/1 7615/6473/1
f 7443/6479/1 7367/6481/1 7366/6477/1
f 7614/6480/1 7537/6482/1 7536/6478/1
f 7614/6480/1 7538/6483/1 7537/6482/1
f 7443/6479/1 7368/6484/1 7367/6481/1
f 7614/6480/1 7539/6485/1 7538/6483/1
f 7443/6479/1 7369/6486/1 7368/6484/1
f 7442/6487/1 7369/6486/1 7443/6479/1
f 7613/6488/1 7539/6485/1 7614/6480/1
f 7613/6488/1 7540/6489/1 7539/6485/1
f 7442/6487/1 7370/6490/1 7369/6486/1
f 7613/6488/1 7541/6491/1 7540/6489/1
f 7441/6492/1 7370/6490/1 7442/6487/1
f 7441/6492/1 7371/6493/1 7370/6490/1
f 7612/6494/1 7541/6491/1 7613/6488/1
f 7612/6494/1 7542/6495/1 7541/6491/1
f 7611/6496/1 7542/6495/1 7612/6494/1
f 7441/6492/1 7372/6497/1 7371/6493/1
f 7611/6496/1 7543/6498/1 7542/6495/1
f 7440/6499/1 7372/6497/1 7441/6492/1
f 7440/6499/1 7373/6500/1 7372/6497/1
f 7610/6501/1 7543/6498/1 7611/6496/1
f 7610/6501/1 7544/6502/1 7543/6498/1
f 7439/6503/1 7373/6500/1 7440/6499/1
f 7439/6503/1 7374/6504/1 7373/6500/1
f 7609/6505/1 7544/6502/1 7610/6501/1
f 7609/6505/1 7545/6506/1 7544/6502/1
f 7438/6507/1 7374/6504/1 7439/6503/1
f 7438/6507/1 7375/6508/1 7374/6504/1
f 7608/6509/1 7545/6506/1 7609/6505/1
f 7608/6509/1 7546/6510/1 7545/6506/1
f 7437/6511/1 7375/6508/1 7438/6507/1
f 7437/6511/1 7376/6512/1 7375/6508/1
f 7607/6513/1 7546/6510/1 7608/6509/1
f 7607/6513/1 7547/6514/1 7546/6510/1
f 7436/6515/1 7376/6512/1 7437/6511/1
f 7436/6515/1 7377/6516/1 7376/6512/1
f 7606/6517/1 7547/6514/1 7607/6513/1
f 7606/6517/1 7548/6518/1 7547/6514/1
f 7435/6519/1 7377/6516/1 7436/6515/1
f 7435/6519/1 7378/6520/1 7377/6516/1
f 7605/6521/1 7548/6518/1 7606/6517/1
f 7605/6521/1 7549/6522/1 7548/6518/1
f 7434/6523/1 7378/6520/1 7435/6519/1
f 7434/6523/1 7379/6524/1 7378/6520/1
f 7604/6525/1 7549/6522/1 7605/6521/1
f 7604/6525/1 7550/6526/1 7549/6522/1
f 7433/6527/1 7379/6524/1 7434/6523/1
f 7433/6527/1 7380/6528/1 7379/6524/1
f 7604/6525/1 7551/6529/1 7550/6526/1
f 7603/6530/1 7551/6529/1 7604/6525/1
f 7432/6531/1 7380/6528/1 7433/6527/1
f 7432/6531/1 7381/6532/1 7380/6528/1
f 7603/6530/1 7552/6533/1 7551/6529/1
f 7602/6534/1 7552/6533/1 7603/6530/1
f 7431/6535/1 7381/6532/1 7432/6531/1
f 7431/6535/1 7382/6536/1 7381/6532/1
f 7602/6534/1 7553/6537/1 7552/6533/1
f 7601/6538/1 7553/6537/1 7602/6534/1
f 7430/6539/1 7382/6536/1 7431/6535/1
f 7429/6540/1 7382/6536/1 7430/6539/1
f 7429/6540/1 7383/6541/1 7382/6536/1
f 7600/6542/1 7553/6537/1 7601/6538/1
f 7600/6542/1 7554/6543/1 7553/6537/1
f 7428/6544/1 7383/6541/1 7429/6540/1
f 7599/6545/1 7554/6543/1 7600/6542/1
f 7428/6544/1 7384/6546/1 7383/6541/1
f 7599/6545/1 7555/6547/1 7554/6543/1
f 7427/6548/1 7384/6546/1 7428/6544/1
f 7598/6549/1 7555/6547/1 7599/6545/1
f 7427/6548/1 7385/6550/1 7384/6546/1
f 7598/6549/1 7556/6551/1 7555/6547/1
f 7426/6552/1 7385/6550/1 7427/6548/1
f 7597/6553/1 7556/6551/1 7598/6549/1
f 7426/6552/1 7386/6554/1 7385/6550/1
f 7597/6553/1 7557/6555/1 7556/6551/1
f 7425/6556/1 7386/6554/1 7426/6552/1
f 7596/6557/1 7578/6558/1 7597/6553/1
f 7578/6558/1 7577/6559/1 7597/6553/1
f 7577/6559/1 7557/6555/1 7597/6553/1
f 7425/6556/1 7387/6560/1 7386/6554/1
f 7577/6559/1 7576/6561/1 7557/6555/1
f 7576/6561/1 7558/6562/1 7557/6555/1
f 7596/6557/1 7579/6563/1 7578/6558/1
f 7575/6564/1 7558/6562/1 7576/6561/1
f 7596/6557/1 7580/6565/1 7579/6563/1
f 7574/6566/1 7558/6562/1 7575/6564/1
f 7596/6557/1 7581/6567/1 7580/6565/1
f 7573/6568/1 7558/6562/1 7574/6566/1
f 7596/6557/1 7582/6569/1 7581/6567/1
f 7572/6570/1 7558/6562/1 7573/6568/1
f 7424/6571/1 7407/6572/1 7425/6556/1
f 7407/6572/1 7387/6560/1 7425/6556/1
f 7595/6573/1 7582/6569/1 7596/6557/1
f 7407/6572/1 7406/6574/1 7387/6560/1
f 7406/6574/1 7405/6575/1 7387/6560/1
f 7405/6575/1 7388/6576/1 7387/6560/1
f 7572/6570/1 7559/6577/1 7558/6562/1
f 7595/6573/1 7583/6578/1 7582/6569/1
f 7571/6579/1 7559/6577/1 7572/6570/1
f 7595/6573/1 7584/6580/1 7583/6578/1
f 7570/6581/1 7559/6577/1 7571/6579/1
f 7404/6582/1 7388/6576/1 7405/6575/1
f 7424/6571/1 7408/6583/1 7407/6572/1
f 7403/6584/1 7388/6576/1 7404/6582/1
f 7424/6571/1 7409/6585/1 7408/6583/1
f 7402/6586/1 7388/6576/1 7403/6584/1
f 7424/6571/1 7410/6587/1 7409/6585/1
f 7401/6588/1 7388/6576/1 7402/6586/1
f 7424/6571/1 7411/6589/1 7410/6587/1
f 7595/6573/1 7585/6590/1 7584/6580/1
f 7569/6591/1 7559/6577/1 7570/6581/1
f 7423/6592/1 7411/6589/1 7424/6571/1
f 7594/6593/1 7585/6590/1 7595/6573/1
f 7401/6588/1 7389/6594/1 7388/6576/1
f 7569/6591/1 7560/6595/1 7559/6577/1
f 7400/6596/1 7389/6594/1 7401/6588/1
f 7423/6592/1 7412/6597/1 7411/6589/1
f 7399/6598/1 7389/6594/1 7400/6596/1
f 7423/6592/1 7413/6599/1 7412/6597/1
f 7594/6593/1 7586/6600/1 7585/6590/1
f 7568/6601/1 7560/6595/1 7569/6591/1
f 7398/6602/1 7389/6594/1 7399/6598/1
f 7423/6592/1 7414/6603/1 7413/6599/1
f 7594/6593/1 7587/6604/1 7586/6600/1
f 7567/6605/1 7560/6595/1 7568/6601/1
f 7422/6606/1 7414/6603/1 7423/6592/1
f 7593/6607/1 7587/6604/1 7594/6593/1
f 7398/6602/1 7390/6608/1 7389/6594/1
f 7567/6605/1 7561/6609/1 7560/6595/1
f 7397/6610/1 7390/6608/1 7398/6602/1
f 7422/6606/1 7415/6611/1 7414/6603/1
f 7396/6612/1 7390/6608/1 7397/6610/1
f 7422/6606/1 7416/6613/1 7415/6611/1
f 7593/6607/1 7588/6614/1 7587/6604/1
f 7566/6615/1 7561/6609/1 7567/6605/1
f 7421/6616/1 7416/6613/1 7422/6606/1
f 7592/6617/1 7588/6614/1 7593/6607/1
f 7396/6612/1 7391/6618/1 7390/6608/1
f 7566/6615/1 7562/6619/1 7561/6609/1
f 7395/6620/1 7391/6618/1 7396/6612/1
f 7421/6616/1 7417/6621/1 7416/6613/1
f 7592/6617/1 7589/6622/1 7588/6614/1
f 7565/6623/1 7562/6619/1 7566/6615/1
f 7420/6624/1 7417/6621/1 7421/6616/1
f 7591/6625/1 7589/6622/1 7592/6617/1
f 7395/6620/1 7392/6626/1 7391/6618/1
f 7565/6623/1 7563/6627/1 7562/6619/1
f 7394/6628/1 7392/6626/1 7395/6620/1
f 7420/6624/1 7418/6629/1 7417/6621/1
f 7419/6630/1 7418/6629/1 7420/6624/1
f 7590/6631/1 7589/6622/1 7591/6625/1
f 7394/6628/1 7393/6632/1 7392/6626/1
f 7565/6623/1 7564/6633/1 7563/6627/1
f 8076/6634/1 8078/6635/1 8077/6636/1
f 8100/6637/1 8102/6638/1 8101/6639/1
f 8259/6640/1 8261/6641/1 8260/6642/1
f 8283/6643/1 8285/6644/1 8284/6645/1
f 7808/6646/1 7810/6647/1 7809/6648/1
f 7832/6649/1 7834/6650/1 7833/6651/1
f 8075/6652/1 8078/6635/1 8076/6634/1
f 8258/6653/1 8261/6641/1 8259/6640/1
f 7807/6654/1 7810/6647/1 7808/6646/1
f 8100/6637/1 8103/6655/1 8102/6638/1
f 8283/6643/1 8286/6656/1 8285/6644/1
f 7832/6649/1 7835/6657/1 7834/6650/1
f 8074/6658/1 8078/6635/1 8075/6652/1
f 8257/6659/1 8261/6641/1 8258/6653/1
f 7806/6660/1 7810/6647/1 7807/6654/1
f 8100/6637/1 8104/6661/1 8103/6655/1
f 8283/6643/1 8287/6662/1 8286/6656/1
f 7832/6649/1 7836/6663/1 7835/6657/1
f 8074/6658/1 8079/6664/1 8078/6635/1
f 8099/6665/1 8104/6661/1 8100/6637/1
f 8257/6659/1 8262/6666/1 8261/6641/1
f 8282/6667/1 8287/6662/1 8283/6643/1
f 7806/6660/1 7811/6668/1 7810/6647/1
f 7831/6669/1 7836/6663/1 7832/6649/1
f 8073/6670/1 8079/6664/1 8074/6658/1
f 8256/6671/1 8262/6666/1 8257/6659/1
f 7805/6672/1 7811/6668/1 7806/6660/1
f 8099/6665/1 8105/6673/1 8104/6661/1
f 8282/6667/1 8288/6674/1 8287/6662/1
f 7831/6669/1 7837/6675/1 7836/6663/1
f 8072/6676/1 8079/6664/1 8073/6670/1
f 8255/6677/1 8262/6666/1 8256/6671/1
f 7804/6678/1 7811/6668/1 7805/6672/1
f 8072/6676/1 8080/6679/1 8079/6664/1
f 8098/6680/1 8105/6673/1 8099/6665/1
f 8255/6677/1 8263/6681/1 8262/6666/1
f 8281/6682/1 8288/6674/1 8282/6667/1
f 7804/6678/1 7812/6683/1 7811/6668/1
f 7830/6684/1 7837/6675/1 7831/6669/1
f 8098/6680/1 8106/6685/1 8105/6673/1
f 8281/6682/1 8289/6686/1 8288/6674/1
f 7830/6684/1 7838/6687/1 7837/6675/1
f 8072/6676/1 8081/6688/1 8080/6679/1
f 8097/6689/1 8106/6685/1 8098/6680/1
f 8255/6677/1 8264/6690/1 8263/6681/1
f 8280/6691/1 8289/6686/1 8281/6682/1
f 7804/6678/1 7813/6692/1 7812/6683/1
f 7829/6693/1 7838/6687/1 7830/6684/1
f 8071/6694/1 8081/6688/1 8072/6676/1
f 8254/6695/1 8264/6690/1 8255/6677/1
f 7803/6696/1 7813/6692/1 7804/6678/1
f 8097/6689/1 8107/6697/1 8106/6685/1
f 8280/6691/1 8290/6698/1 8289/6686/1
f 7829/6693/1 7839/6699/1 7838/6687/1
f 8071/6694/1 8082/6700/1 8081/6688/1
f 8096/6701/1 8107/6697/1 8097/6689/1
f 8254/6695/1 8265/6702/1 8264/6690/1
f 8279/6703/1 8290/6698/1 8280/6691/1
f 7803/6696/1 7814/6704/1 7813/6692/1
f 7828/6705/1 7839/6699/1 7829/6693/1
f 8071/6694/1 8083/6706/1 8082/6700/1
f 8095/6707/1 8107/6697/1 8096/6701/1
f 8254/6695/1 8266/6708/1 8265/6702/1
f 8278/6709/1 8290/6698/1 8279/6703/1
f 7803/6696/1 7815/6710/1 7814/6704/1
f 7827/6711/1 7839/6699/1 7828/6705/1
f 8070/6712/1 8083/6706/1 8071/6694/1
f 8253/6713/1 8266/6708/1 8254/6695/1
f 7802/6714/1 7815/6710/1 7803/6696/1
f 8095/6707/1 8108/6715/1 8107/6697/1
f 8278/6709/1 8291/6716/1 8290/6698/1
f 7827/6711/1 7840/6717/1 7839/6699/1
f 8070/6712/1 8084/6718/1 8083/6706/1
f 8094/6719/1 8108/6715/1 8095/6707/1
f 8253/6713/1 8267/6720/1 8266/6708/1
f 8277/6721/1 8291/6716/1 8278/6709/1
f 7802/6714/1 7816/2610/1 7815/6710/1
f 7826/6722/1 7840/6717/1 7827/6711/1
f 8070/6712/1 8085/6723/1 8084/6718/1
f 8093/6724/1 8108/6715/1 8094/6719/1
f 8253/6713/1 8268/6725/1 8267/6720/1
f 8276/2642/1 8291/6716/1 8277/6721/1
f 7802/6714/1 7817/6726/1 7816/2610/1
f 7825/6727/1 7840/6717/1 7826/6722/1
f 8070/6712/1 8086/6728/1 8085/6723/1
f 8092/2366/1 8108/6715/1 8093/6724/1
f 8253/6713/1 8269/6729/1 8268/6725/1
f 8275/6730/1 8291/6716/1 8276/2642/1
f 7802/6714/1 7818/6731/1 7817/6726/1
f 7824/6732/1 7840/6717/1 7825/6727/1
f 8069/6733/1 8086/6728/1 8070/6712/1
f 8252/6734/1 8269/6729/1 8253/6713/1
f 7801/6735/1 7818/6731/1 7802/6714/1
f 8092/2366/1 8109/6736/1 8108/6715/1
f 8275/6730/1 8292/6737/1 8291/6716/1
f 7824/6732/1 7841/6738/1 7840/6717/1
f 8069/6733/1 8087/6739/1 8086/6728/1
f 8091/6740/1 8109/6736/1 8092/2366/1
f 8252/6734/1 8270/6741/1 8269/6729/1
f 8274/6742/1 8292/6737/1 8275/6730/1
f 7801/6735/1 7819/6743/1 7818/6731/1
f 7823/6744/1 7841/6738/1 7824/6732/1
f 8069/6733/1 8088/6745/1 8087/6739/1
f 8090/6746/1 8109/6736/1 8091/6740/1
f 8252/6734/1 8271/6747/1 8270/6741/1
f 8273/6748/1 8292/6737/1 8274/6742/1
f 7801/6735/1 7820/6749/1 7819/6743/1
f 7822/6750/1 7841/6738/1 7823/6744/1
f 8069/6733/1 8089/6751/1 8088/6745/1
f 8089/6751/1 8109/6736/1 8090/6746/1
f 8252/6734/1 8272/6752/1 8271/6747/1
f 8272/6752/1 8292/6737/1 8273/6748/1
f 7801/6735/1 7821/6753/1 7820/6749/1
f 7821/6753/1 7841/6738/1 7822/6750/1
f 8069/6733/1 8109/6736/1 8089/6751/1
f 8252/6734/1 8292/6737/1 8272/6752/1
f 7801/6735/1 7841/6738/1 7821/6753/1
f 8068/6754/1 8109/6736/1 8069/6733/1
f 8251/6755/1 8292/6737/1 8252/6734/1
f 7800/6756/1 7841/6738/1 7801/6735/1
f 8068/6754/1 8110/6757/1 8109/6736/1
f 8251/6755/1 8293/6758/1 8292/6737/1
f 7800/6756/1 7842/6759/1 7841/6738/1
f 8067/6760/1 8110/6757/1 8068/6754/1
f 8250/6761/1 8293/6758/1 8251/6755/1
f 7799/6762/1 7842/6759/1 7800/6756/1
f 8067/6760/1 8111/6763/1 8110/6757/1
f 8250/6761/1 8294/6764/1 8293/6758/1
f 7799/6762/1 7843/6765/1 7842/6759/1
f 8066/6766/1 8111/6763/1 8067/6760/1
f 8249/6767/1 8294/6764/1 8250/6761/1
f 7798/6768/1 7843/6765/1 7799/6762/1
f 8066/6766/1 8112/6769/1 8111/6763/1
f 8249/6767/1 8295/6770/1 8294/6764/1
f 7798/6768/1 7844/6771/1 7843/6765/1
f 8065/6772/1 8112/6769/1 8066/6766/1
f 8248/6773/1 8295/6770/1 8249/6767/1
f 7797/6774/1 7844/6771/1 7798/6768/1
f 8065/6772/1 8113/6775/1 8112/6769/1
f 8248/6773/1 8296/6776/1 8295/6770/1
f 7797/6774/1 7845/6777/1 7844/6771/1
f 8064/6778/1 8113/6775/1 8065/6772/1
f 8064/6778/1 8114/6779/1 8113/6775/1
f 8247/6780/1 8296/6776/1 8248/6773/1
f 8247/6780/1 8297/6781/1 8296/6776/1
f 7796/6782/1 7845/6777/1 7797/6774/1
f 7796/6782/1 7846/6783/1 7845/6777/1
f 8063/6784/1 8114/6779/1 8064/6778/1
f 8063/6784/1 8115/6785/1 8114/6779/1
f 8246/6786/1 8297/6781/1 8247/6780/1
f 7795/6787/1 7846/6783/1 7796/6782/1
f 7795/6787/1 7847/6788/1 7846/6783/1
f 8246/6786/1 8298/6789/1 8297/6781/1
f 8062/6790/1 8115/6785/1 8063/6784/1
f 8062/6790/1 8116/6791/1 8115/6785/1
f 8245/6792/1 8298/6789/1 8246/6786/1
f 7794/6793/1 7847/6788/1 7795/6787/1
f 7794/6793/1 7848/6794/1 7847/6788/1
f 8245/6792/1 8299/6795/1 8298/6789/1
f 8061/6796/1 8116/6791/1 8062/6790/1
f 8061/6796/1 8117/6797/1 8116/6791/1
f 8244/6798/1 8299/6795/1 8245/6792/1
f 7793/6799/1 7848/6794/1 7794/6793/1
f 7793/6799/1 7849/6800/1 7848/6794/1
f 8244/6798/1 8300/6801/1 8299/6795/1
f 8060/6802/1 8117/6797/1 8061/6796/1
f 8060/6802/1 8118/6803/1 8117/6797/1
f 8243/6804/1 8300/6801/1 8244/6798/1
f 7792/6805/1 7849/6800/1 7793/6799/1
f 7792/6805/1 7850/6806/1 7849/6800/1
f 8243/6804/1 8301/6807/1 8300/6801/1
f 8059/6808/1 8118/6803/1 8060/6802/1
f 8059/6808/1 8119/6809/1 8118/6803/1
f 8242/6810/1 8301/6807/1 8243/6804/1
f 7791/6811/1 7850/6806/1 7792/6805/1
f 7791/6811/1 7851/6812/1 7850/6806/1
f 8242/6810/1 8302/6813/1 8301/6807/1
f 8058/6814/1 8119/6809/1 8059/6808/1
f 8058/6814/1 8120/6815/1 8119/6809/1
f 8241/6816/1 8302/6813/1 8242/6810/1
f 7790/6817/1 7851/6812/1 7791/6811/1
f 7790/6817/1 7852/6818/1 7851/6812/1
f 8241/6816/1 8303/6819/1 8302/6813/1
f 8057/6820/1 8120/6815/1 8058/6814/1
f 8057/6820/1 8121/6821/1 8120/6815/1
f 8240/6822/1 8303/6819/1 8241/6816/1
f 7789/6823/1 7852/6818/1 7790/6817/1
f 7789/6823/1 7853/6824/1 7852/6818/1
f 8240/6822/1 8304/6825/1 8303/6819/1
f 8056/6826/1 8121/6821/1 8057/6820/1
f 8056/6826/1 8122/6827/1 8121/6821/1
f 8239/6828/1 8304/6825/1 8240/6822/1
f 7788/6829/1 7853/6824/1 7789/6823/1
f 7788/6829/1 7854/6830/1 7853/6824/1
f 8239/6828/1 8305/6831/1 8304/6825/1
f 8055/6832/1 8122/6827/1 8056/6826/1
f 8055/6832/1 8123/6833/1 8122/6827/1
f 8238/6834/1 8305/6831/1 8239/6828/1
f 7787/6835/1 7854/6830/1 7788/6829/1
f 7787/6835/1 7855/6836/1 7854/6830/1
f 8238/6834/1 8306/6837/1 8305/6831/1
f 8054/6838/1 8123/6833/1 8055/6832/1
f 8054/6838/1 8124/6839/1 8123/6833/1
f 8237/6840/1 8306/6837/1 8238/6834/1
f 7786/6841/1 7855/6836/1 7787/6835/1
f 7786/6841/1 7856/6842/1 7855/6836/1
f 8237/6840/1 8307/6843/1 8306/6837/1
f 8053/6844/1 8124/6839/1 8054/6838/1
f 8053/6844/1 8125/6845/1 8124/6839/1
f 8236/6846/1 8307/6843/1 8237/6840/1
f 7785/6847/1 7856/6842/1 7786/6841/1
f 7785/6847/1 7857/6848/1 7856/6842/1
f 8236/6846/1 8308/6849/1 8307/6843/1
f 8052/6850/1 8125/6845/1 8053/6844/1
f 8052/6850/1 8126/6851/1 8125/6845/1
f 8235/6852/1 8308/6849/1 8236/6846/1
f 8235/6852/1 8309/6853/1 8308/6849/1
f 7784/6854/1 7857/6848/1 7785/6847/1
f 7784/6854/1 7858/6855/1 7857/6848/1
f 7783/6856/1 7858/6855/1 7784/6854/1
f 8234/6857/1 8309/6853/1 8235/6852/1
f 7783/6856/1 7859/6858/1 7858/6855/1
f 8051/6859/1 8126/6851/1 8052/6850/1
f 7782/6860/1 7859/6858/1 7783/6856/1
f 8233/6861/1 8309/6853/1 8234/6857/1
f 8233/6861/1 8310/6862/1 8309/6853/1
f 8051/6859/1 8127/6863/1 8126/6851/1
f 7782/6860/1 7860/6864/1 7859/6858/1
f 8050/6865/1 8127/6863/1 8051/6859/1
f 7781/6866/1 7860/6864/1 7782/6860/1
f 8232/6867/1 8310/6862/1 8233/6861/1
f 7780/6868/1 7860/6864/1 7781/6866/1
f 8231/6869/1 8310/6862/1 8232/6867/1
f 8231/6869/1 8311/6870/1 8310/6862/1
f 8049/6871/1 8127/6863/1 8050/6865/1
f 7780/6868/1 7861/6872/1 7860/6864/1
f 7779/6873/1 7861/6872/1 7780/6868/1
f 8230/6874/1 8311/6870/1 8231/6869/1
f 8048/6875/1 8127/6863/1 8049/6871/1
f 7779/6873/1 7862/6876/1 7861/6872/1
f 8048/6875/1 8128/6877/1 8127/6863/1
f 7778/6878/1 7862/6876/1 7779/6873/1
f 8230/6874/1 8312/6879/1 8311/6870/1
f 8229/6880/1 8312/6879/1 8230/6874/1
f 8047/6881/1 8128/6877/1 8048/6875/1
f 7777/6882/1 7862/6876/1 7778/6878/1
f 7777/6882/1 7863/6883/1 7862/6876/1
f 8228/6884/1 8312/6879/1 8229/6880/1
f 8046/1469/1 8128/6877/1 8047/6881/1
f 8228/6884/1 8313/6885/1 8312/6879/1
f 7776/6886/1 7863/6883/1 7777/6882/1
f 8227/6887/1 8313/6885/1 8228/6884/1
f 8045/6888/1 8128/6877/1 8046/1469/1
f 7776/6886/1 7864/6889/1 7863/6883/1
f 7775/6890/1 7864/6889/1 7776/6886/1
f 8045/6888/1 8129/6891/1 8128/6877/1
f 8044/6892/1 8129/6891/1 8045/6888/1
f 8227/6887/1 8314/6893/1 8313/6885/1
f 8226/6894/1 8314/6893/1 8227/6887/1
f 7774/6895/1 7864/6889/1 7775/6890/1
f 8043/6896/1 8129/6891/1 8044/6892/1
f 7774/6895/1 7865/6897/1 7864/6889/1
f 8225/6898/1 8314/6893/1 8226/6894/1
f 8042/6899/1 8129/6891/1 8043/6896/1
f 7773/6900/1 7865/6897/1 7774/6895/1
f 8225/6898/1 8315/6901/1 8314/6893/1
f 8041/6902/1 8129/6891/1 8042/6899/1
f 7773/6900/1 7866/6903/1 7865/6897/1
f 8224/6904/1 8315/6901/1 8225/6898/1
f 8040/6905/1 8129/6891/1 8041/6902/1
f 7772/6906/1 7866/6903/1 7773/6900/1
f 8224/6904/1 8316/6907/1 8315/6901/1
f 8040/6905/1 8130/6908/1 8129/6891/1
f 8223/6909/1 8316/6907/1 8224/6904/1
f 7772/6906/1 7867/6910/1 7866/6903/1
f 8039/6911/1 8130/6908/1 8040/6905/1
f 7771/6912/1 7867/6910/1 7772/6906/1
f 8223/6909/1 8317/6913/1 8316/6907/1
f 7771/6912/1 7868/6914/1 7867/6910/1
f 8222/6915/1 8317/6913/1 8223/6909/1
f 8038/6916/1 8130/6908/1 8039/6911/1
f 8222/6915/1 8318/6917/1 8317/6913/1
f 7770/6918/1 7868/6914/1 7771/6912/1
f 7770/6918/1 7869/6919/1 7868/6914/1
f 8221/6920/1 8318/6917/1 8222/6915/1
f 8038/6916/1 8131/6921/1 8130/6908/1
f 8221/6920/1 8319/6922/1 8318/6917/1
f 8037/6923/1 8131/6921/1 8038/6916/1
f 7770/6918/1 7870/6924/1 7869/6919/1
f 8221/6920/1 8320/6925/1 8319/6922/1
f 7769/6926/1 7870/6924/1 7770/6918/1
f 8220/6927/1 8320/6925/1 8221/6920/1
f 8036/6928/1 8131/6921/1 8037/6923/1
f 8220/6927/1 8321/6929/1 8320/6925/1
f 7769/6926/1 7871/6930/1 7870/6924/1
f 8220/6927/1 8322/6931/1 8321/6929/1
f 8036/6928/1 8132/6932/1 8131/6921/1
f 7768/6933/1 7871/6930/1 7769/6926/1
f 8219/6934/1 8322/6931/1 8220/6927/1
f 7768/6933/1 7872/6935/1 7871/6930/1
f 8035/6936/1 8132/6932/1 8036/6928/1
f 8219/6934/1 8323/6937/1 8322/6931/1
f 7768/6933/1 7873/6938/1 7872/6935/1
f 7767/6939/1 7873/6938/1 7768/6933/1
f 8219/6934/1 8324/6940/1 8323/6937/1
f 8034/6941/1 8132/6932/1 8035/6936/1
f 8218/6942/1 8324/6940/1 8219/6934/1
f 8034/6941/1 8133/6943/1 8132/6932/1
f 8218/6942/1 8325/6944/1 8324/6940/1
f 7767/6939/1 7874/6945/1 7873/6938/1
f 8033/6946/1 8133/6943/1 8034/6941/1
f 7766/6947/1 7874/6945/1 7767/6939/1
f 8217/6948/1 8325/6944/1 8218/6942/1
f 8217/6948/1 8326/6949/1 8325/6944/1
f 7766/6947/1 7875/6950/1 7874/6945/1
f 8032/6951/1 8133/6943/1 8033/6946/1
f 7765/6952/1 7875/6950/1 7766/6947/1
f 8216/6953/1 8326/6949/1 8217/6948/1
f 8032/6951/1 8134/6954/1 8133/6943/1
f 8216/6953/1 8327/6955/1 8326/6949/1
f 7765/6952/1 7876/6956/1 7875/6950/1
f 8031/6957/1 8134/6954/1 8032/6951/1
f 8216/6953/1 8328/6958/1 8327/6955/1
f 7764/6959/1 7876/6956/1 7765/6952/1
f 8215/6960/1 8328/6958/1 8216/6953/1
f 7764/6959/1 7877/6961/1 7876/6956/1
f 8031/6957/1 8135/6962/1 8134/6954/1
f 8215/6960/1 8329/6963/1 8328/6958/1
f 8030/6964/1 8135/6962/1 8031/6957/1
f 7764/6959/1 7878/6965/1 7877/6961/1
f 7763/6966/1 7878/6965/1 7764/6959/1
f 8214/6967/1 8329/6963/1 8215/6960/1
f 8214/6967/1 8330/6968/1 8329/6963/1
f 8029/6969/1 8135/6962/1 8030/6964/1
f 7763/6966/1 7879/6970/1 7878/6965/1
f 8029/6969/1 8136/6971/1 8135/6962/1
f 7762/6972/1 7879/6970/1 7763/6966/1
f 8213/6973/1 8330/6968/1 8214/6967/1
f 8213/6973/1 8331/6974/1 8330/6968/1
f 7762/6972/1 7880/6975/1 7879/6970/1
f 8028/6976/1 8136/6971/1 8029/6969/1
f 7761/6977/1 7880/6975/1 7762/6972/1
f 8212/6978/1 8331/6974/1 8213/6973/1
f 8212/6978/1 8332/6979/1 8331/6974/1
f 8028/6976/1 8137/6980/1 8136/6971/1
f 7761/6977/1 7881/6981/1 7880/6975/1
f 8211/6982/1 8332/6979/1 8212/6978/1
f 8211/6982/1 8333/6983/1 8332/6979/1
f 7760/6984/1 7881/6981/1 7761/6977/1
f 7760/6984/1 7882/6985/1 7881/6981/1
f 8027/6986/1 8137/6980/1 8028/6976/1
f 8211/6982/1 8334/6987/1 8333/6983/1
f 7759/6988/1 7882/6985/1 7760/6984/1
f 8027/6986/1 8138/6989/1 8137/6980/1
f 8211/6982/1 8335/6990/1 8334/6987/1
f 8210/6991/1 8335/6990/1 8211/6982/1
f 7758/6992/1 7882/6985/1 7759/6988/1
f 8027/6986/1 8139/6993/1 8138/6989/1
f 8210/6991/1 8336/6994/1 8335/6990/1
f 8027/6986/1 8140/6995/1 8139/6993/1
f 7757/6996/1 7882/6985/1 7758/6992/1
f 7757/6996/1 7883/6997/1 7882/6985/1
f 8210/6991/1 8337/6998/1 8336/6994/1
f 8027/6986/1 8141/6999/1 8140/6995/1
f 8209/7000/1 8337/6998/1 8210/6991/1
f 7756/7001/1 7883/6997/1 7757/6996/1
f 8026/7002/1 8141/6999/1 8027/6986/1
f 8209/7000/1 8338/7003/1 8337/6998/1
f 8026/7002/1 8142/7004/1 8141/6999/1
f 7755/7005/1 7883/6997/1 7756/7001/1
f 8209/7000/1 8339/7006/1 8338/7003/1
f 8026/7002/1 8143/7007/1 8142/7004/1
f 8208/7008/1 8339/7006/1 8209/7000/1
f 8208/7008/1 8340/7009/1 8339/7006/1
f 7754/7010/1 7883/6997/1 7755/7005/1
f 8026/7002/1 8144/7011/1 8143/7007/1
f 7754/7010/1 7884/7012/1 7883/6997/1
f 8208/7008/1 8341/7013/1 8340/7009/1
f 8026/7002/1 8145/7014/1 8144/7011/1
f 7753/7015/1 7884/7012/1 7754/7010/1
f 8208/7008/1 8342/7016/1 8341/7013/1
f 8025/7017/1 8145/7014/1 8026/7002/1
f 8025/7017/1 8146/7018/1 8145/7014/1
f 8207/7019/1 8342/7016/1 8208/7008/1
f 7752/7020/1 7884/7012/1 7753/7015/1
f 8207/7019/1 8343/7021/1 8342/7016/1
f 8025/7017/1 8147/7022/1 8146/7018/1
f 8207/7019/1 8344/7023/1 8343/7021/1
f 8025/7017/1 8148/7024/1 8147/7022/1
f 7751/7025/1 7884/7012/1 7752/7020/1
f 7751/7025/1 7885/7026/1 7884/7012/1
f 8207/7019/1 8345/7027/1 8344/7023/1
f 8206/7028/1 8345/7027/1 8207/7019/1
f 8025/7017/1 8149/7029/1 8148/7024/1
f 7750/7030/1 7885/7026/1 7751/7025/1
f 8025/7017/1 8150/7031/1 8149/7029/1
f 8024/7032/1 8150/7031/1 8025/7017/1
f 8206/7028/1 8346/7033/1 8345/7027/1
f 7749/7034/1 7885/7026/1 7750/7030/1
f 8205/7035/1 8346/7033/1 8206/7028/1
f 7748/7036/1 7885/7026/1 7749/7034/1
f 8024/7032/1 8151/7037/1 8150/7031/1
f 7748/7036/1 7886/7038/1 7885/7026/1
f 8205/7035/1 8347/7039/1 8346/7033/1
f 8204/7040/1 8347/7039/1 8205/7035/1
f 8024/7032/1 8152/7041/1 8151/7037/1
f 8023/7042/1 8152/7041/1 8024/7032/1
f 7747/7043/1 7886/7038/1 7748/7036/1
f 8204/7040/1 8348/7044/1 8347/7039/1
f 8203/7045/1 8348/7044/1 8204/7040/1
f 7747/7043/1 7887/7046/1 7886/7038/1
f 8023/7042/1 8153/7047/1 8152/7041/1
f 7746/7048/1 7887/7046/1 7747/7043/1
f 8203/7045/1 8349/7049/1 8348/7044/1
f 8202/7050/1 8349/7049/1 8203/7045/1
f 8022/7051/1 8153/7047/1 8023/7042/1
f 8022/7051/1 8154/7052/1 8153/7047/1
f 7745/7053/1 7887/7046/1 7746/7048/1
f 7745/7053/1 7888/7054/1 7887/7046/1
f 8201/7055/1 8349/7049/1 8202/7050/1
f 8201/7055/1 8350/7056/1 8349/7049/1
f 8022/7051/1 8155/7057/1 8154/7052/1
f 7744/7058/1 7888/7054/1 7745/7053/1
f 8021/7059/1 8155/7057/1 8022/7051/1
f 8200/7060/1 8350/7056/1 8201/7055/1
f 8200/7060/1 8351/7061/1 8350/7056/1
f 7744/7058/1 7889/7062/1 7888/7054/1
f 7743/7063/1 7889/7062/1 7744/7058/1
f 8021/7059/1 8156/7064/1 8155/7057/1
f 8199/7065/1 8351/7061/1 8200/7060/1
f 8198/7066/1 8351/7061/1 8199/7065/1
f 8020/7067/1 8156/7064/1 8021/7059/1
f 8198/7066/1 8352/7068/1 8351/7061/1
f 7742/7069/1 7889/7062/1 7743/7063/1
f 8197/7070/1 8352/7068/1 8198/7066/1
f 7742/7069/1 7890/7071/1 7889/7062/1
f 8020/7067/1 8157/7072/1 8156/7064/1
f 8196/7073/1 8352/7068/1 8197/7070/1
f 8196/7073/1 8353/7074/1 8352/7068/1
f 7741/7075/1 7890/7071/1 7742/7069/1
f 8195/7076/1 8353/7074/1 8196/7073/1
f 8019/7077/1 8157/7072/1 8020/7067/1
f 8019/7077/1 8158/7078/1 8157/7072/1
f 8194/7079/1 8353/7074/1 8195/7076/1
f 7741/7075/1 7891/7080/1 7890/7071/1
f 7740/7081/1 7891/7080/1 7741/7075/1
f 8193/7082/1 8353/7074/1 8194/7079/1
f 8193/7082/1 8354/7083/1 8353/7074/1
f 8019/7077/1 8159/7084/1 8158/7078/1
f 8192/7085/1 8354/7083/1 8193/7082/1
f 8018/7086/1 8159/7084/1 8019/7077/1
f 7739/7087/1 7891/7080/1 7740/7081/1
f 7739/7087/1 7892/7088/1 7891/7080/1
f 8191/7089/1 8354/7083/1 8192/7085/1
f 8191/7089/1 8355/7090/1 8354/7083/1
f 8190/7091/1 8355/7090/1 8191/7089/1
f 8018/7086/1 8160/7092/1 8159/7084/1
f 7738/7093/1 7892/7088/1 7739/7087/1
f 8189/7094/1 8355/7090/1 8190/7091/1
f 8017/7095/1 8160/7092/1 8018/7086/1
f 7738/7093/1 7893/7096/1 7892/7088/1
f 8188/7097/1 8355/7090/1 8189/7094/1
f 8188/7097/1 7955/7098/1 8355/7090/1
f 7955/7098/1 8356/7099/1 8355/7090/1
f 8017/7095/1 8161/7100/1 8160/7092/1
f 8188/7097/1 7956/7101/1 7955/7098/1
f 7954/7102/1 8356/7099/1 7955/7098/1
f 7737/7103/1 7893/7096/1 7738/7093/1
f 8187/7104/1 7956/7101/1 8188/7097/1
f 8187/7104/1 7957/7105/1 7956/7101/1
f 7953/7106/1 8356/7099/1 7954/7102/1
f 8187/7104/1 7958/7107/1 7957/7105/1
f 7952/7108/1 8356/7099/1 7953/7106/1
f 7952/7108/1 8357/7109/1 8356/7099/1
f 8187/7104/1 7959/7110/1 7958/7107/1
f 7951/7111/1 8357/7109/1 7952/7108/1
f 8016/7112/1 8161/7100/1 8017/7095/1
f 8016/7112/1 8162/7113/1 8161/7100/1
f 7736/7114/1 7893/7096/1 7737/7103/1
f 7736/7114/1 7894/7115/1 7893/7096/1
f 8186/7116/1 7959/7110/1 8187/7104/1
f 8186/7116/1 7960/7117/1 7959/7110/1
f 7950/7118/1 8357/7109/1 7951/7111/1
f 8185/7119/1 7960/7117/1 8186/7116/1
f 7949/7120/1 8357/7109/1 7950/7118/1
f 8185/7119/1 7961/7121/1 7960/7117/1
f 7948/7122/1 8357/7109/1 7949/7120/1
f 8184/2566/1 7961/7121/1 8185/7119/1
f 8184/2566/1 7962/7123/1 7961/7121/1
f 7947/7124/1 8357/7109/1 7948/7122/1
f 8183/7125/1 7962/7123/1 8184/2566/1
f 8183/7125/1 7963/7126/1 7962/7123/1
f 7946/7127/1 8357/7109/1 7947/7124/1
f 8182/7128/1 7963/7126/1 8183/7125/1
f 8182/7128/1 7964/7129/1 7963/7126/1
f 8181/7130/1 7964/7129/1 8182/7128/1
f 7945/7131/1 8357/7109/1 7946/7127/1
f 8180/7132/1 7964/7129/1 8181/7130/1
f 8180/7132/1 7965/7133/1 7964/7129/1
f 8179/7134/1 7965/7133/1 8180/7132/1
f 7944/7135/1 8357/7109/1 7945/7131/1
f 8178/7136/1 7965/7133/1 8179/7134/1
f 8178/7136/1 7966/7137/1 7965/7133/1
f 8177/7138/1 7966/7137/1 8178/7136/1
f 7943/7139/1 8357/7109/1 7944/7135/1
f 8176/7140/1 7966/7137/1 8177/7138/1
f 8175/7141/1 7966/7137/1 8176/7140/1
f 8175/7141/1 7967/7142/1 7966/7137/1
f 7942/7143/1 8357/7109/1 7943/7139/1
f 8175/7141/1 7968/7144/1 7967/7142/1
f 8016/7112/1 8163/7145/1 8162/7113/1
f 7942/7143/1 8358/7146/1 8357/7109/1
f 7735/7147/1 7894/7115/1 7736/7114/1
f 8174/7148/1 7968/7144/1 8175/7141/1
f 7734/7149/1 7894/7115/1 7735/7147/1
f 7942/7143/1 8359/7150/1 8358/7146/1
f 8016/7112/1 8164/7151/1 8163/7145/1
f 7733/7152/1 7894/7115/1 7734/7149/1
f 7942/7143/1 8360/7153/1 8359/7150/1
f 7732/7154/1 7894/7115/1 7733/7152/1
f 8016/7112/1 8165/7155/1 8164/7151/1
f 8015/7156/1 8165/7155/1 8016/7112/1
f 7941/7157/1 8360/7153/1 7942/7143/1
f 7731/7158/1 7894/7115/1 7732/7154/1
f 7941/7157/1 8361/7159/1 8360/7153/1
f 7731/7158/1 7895/7160/1 7894/7115/1
f 8174/7148/1 7969/7161/1 7968/7144/1
f 8015/7156/1 8166/7162/1 8165/7155/1
f 7730/7163/1 7895/7160/1 7731/7158/1
f 8014/7164/1 8166/7162/1 8015/7156/1
f 7940/7165/1 8361/7159/1 7941/7157/1
f 7940/7165/1 8362/7166/1 8361/7159/1
f 8174/7148/1 7970/7167/1 7969/7161/1
f 7729/7168/1 7895/7160/1 7730/7163/1
f 8014/7164/1 8167/7169/1 8166/7162/1
f 7729/7168/1 7896/7170/1 7895/7160/1
f 8013/7171/1 8167/7169/1 8014/7164/1
f 7940/7165/1 8363/7172/1 8362/7166/1
f 7939/7173/1 8363/7172/1 7940/7165/1
f 8174/7148/1 7971/7174/1 7970/7167/1
f 7728/7175/1 7896/7170/1 7729/7168/1
f 8013/7171/1 8168/7176/1 8167/7169/1
f 7939/7173/1 8364/7177/1 8363/7172/1
f 8012/7178/1 8168/7176/1 8013/7171/1
f 7727/7179/1 7896/7170/1 7728/7175/1
f 7938/7180/1 8364/7177/1 7939/7173/1
f 8174/7148/1 7972/7181/1 7971/7174/1
f 7727/7179/1 7897/7182/1 7896/7170/1
f 7938/7180/1 8365/7183/1 8364/7177/1
f 8012/7178/1 8169/7184/1 8168/7176/1
f 7726/7185/1 7897/7182/1 7727/7179/1
f 8011/7186/1 8169/7184/1 8012/7178/1
f 8174/7148/1 7973/7187/1 7972/7181/1
f 7937/7188/1 8365/7183/1 7938/7180/1
f 7937/7188/1 8366/7189/1 8365/7183/1
f 8011/7186/1 8170/7190/1 8169/7184/1
f 7726/7185/1 7898/7191/1 7897/7182/1
f 7725/7192/1 7898/7191/1 7726/7185/1
f 7937/7188/1 8367/7193/1 8366/7189/1
f 8011/7186/1 8171/7194/1 8170/7190/1
f 8174/7148/1 7974/7195/1 7973/7187/1
f 8010/7196/1 8171/7194/1 8011/7186/1
f 7936/7197/1 8367/7193/1 7937/7188/1
f 7936/7197/1 8368/503/1 8367/7193/1
f 8010/7196/1 8172/7198/1 8171/7194/1
f 7724/631/1 7898/7191/1 7725/7192/1
f 7724/631/1 7899/7199/1 7898/7191/1
f 8010/7196/1 8173/7200/1 8172/7198/1
f 7936/7197/1 7724/631/1 8368/503/1
f 8174/7148/1 7975/7201/1 7974/7195/1
f 8010/7196/1 8174/7148/1 8173/7200/1
f 8009/7202/1 8174/7148/1 8010/7196/1
f 8009/7202/1 7975/7201/1 8174/7148/1
f 7935/7203/1 7724/631/1 7936/7197/1
f 7935/7203/1 7899/7199/1 7724/631/1
f 7935/7203/1 7900/7204/1 7899/7199/1
f 8009/7202/1 7976/7205/1 7975/7201/1
f 8008/7206/1 7976/7205/1 8009/7202/1
f 7934/7207/1 7900/7204/1 7935/7203/1
f 8008/7206/1 7977/7208/1 7976/7205/1
f 7934/7207/1 7901/7209/1 7900/7204/1
f 8007/7210/1 7977/7208/1 8008/7206/1
f 7933/7211/1 7901/7209/1 7934/7207/1
f 7933/7211/1 7902/7212/1 7901/7209/1
f 8007/7210/1 7978/7213/1 7977/7208/1
f 8006/7214/1 7978/7213/1 8007/7210/1
f 7932/7215/1 7902/7212/1 7933/7211/1
f 7932/7215/1 7903/7216/1 7902/7212/1
f 8006/7214/1 7979/7217/1 7978/7213/1
f 7932/7215/1 7904/7218/1 7903/7216/1
f 8005/7219/1 7979/7217/1 8006/7214/1
f 7931/7220/1 7904/7218/1 7932/7215/1
f 8005/7219/1 7980/7221/1 7979/7217/1
f 7931/7220/1 7905/7222/1 7904/7218/1
f 8004/7223/1 7980/7221/1 8005/7219/1
f 7930/7224/1 7905/7222/1 7931/7220/1
f 7930/7224/1 7906/7225/1 7905/7222/1
f 8004/7223/1 7981/7226/1 7980/7221/1
f 7930/7224/1 7907/7227/1 7906/7225/1
f 8004/7223/1 7982/7228/1 7981/7226/1
f 7930/7224/1 7908/2268/1 7907/7227/1
f 8004/7223/1 7983/7229/1 7982/7228/1
f 7930/7224/1 7909/7230/1 7908/2268/1
f 8004/7223/1 7984/7231/1 7983/7229/1
f 7930/7224/1 7910/7232/1 7909/7230/1
f 7929/7233/1 7910/7232/1 7930/7224/1
f 8004/7223/1 7985/7234/1 7984/7231/1
f 7929/7233/1 7911/7235/1 7910/7232/1
f 8003/7236/1 7985/7234/1 8004/7223/1
f 7928/7237/1 7911/7235/1 7929/7233/1
f 8003/7236/1 7986/7238/1 7985/7234/1
f 7928/7237/1 7912/7239/1 7911/7235/1
f 8002/7240/1 7986/7238/1 8003/7236/1
f 7927/7241/1 7912/7239/1 7928/7237/1
f 8001/7242/1 7986/7238/1 8002/7240/1
f 7926/7243/1 7912/7239/1 7927/7241/1
f 8001/7242/1 7987/7244/1 7986/7238/1
f 7926/7243/1 7913/7245/1 7912/7239/1
f 8000/2357/1 7987/7244/1 8001/7242/1
f 7925/7246/1 7913/7245/1 7926/7243/1
f 8000/2357/1 7988/7247/1 7987/7244/1
f 7925/7246/1 7914/7248/1 7913/7245/1
f 7999/7249/1 7988/7247/1 8000/2357/1
f 7924/7250/1 7914/7248/1 7925/7246/1
f 7998/7251/1 7988/7247/1 7999/7249/1
f 7923/7252/1 7914/7248/1 7924/7250/1
f 7998/7251/1 7989/7253/1 7988/7247/1
f 7923/7252/1 7915/7254/1 7914/7248/1
f 7997/7255/1 7989/7253/1 7998/7251/1
f 7922/7256/1 7915/7254/1 7923/7252/1
f 7996/7257/1 7989/7253/1 7997/7255/1
f 7996/7257/1 7990/7258/1 7989/7253/1
f 7922/7256/1 7916/7259/1 7915/7254/1
f 7921/7260/1 7916/7259/1 7922/7256/1
f 7995/7261/1 7990/7258/1 7996/7257/1
f 7920/7262/1 7916/7259/1 7921/7260/1
f 7995/7261/1 7991/7263/1 7990/7258/1
f 7920/7262/1 7917/7264/1 7916/7259/1
f 7994/7265/1 7991/7263/1 7995/7261/1
f 7919/7266/1 7917/7264/1 7920/7262/1
f 7993/7267/1 7991/7263/1 7994/7265/1
f 7993/7267/1 7992/7268/1 7991/7263/1
f 7919/7266/1 7918/7269/1 7917/7264/1
